,Factor 1,Factor 2,Factor 3,Factor 4,Factor 5,Factor 6,Factor 7,Factor 8
Actr2^Adrb2,0.07980242314189528,0.014684923129144729,0.019592099607060678,9.161928547640838e-11,0.0019813583131374937,0.00037082570875768706,0.021909888515314425,0.001384247890154711
Actr2^Ldlr,0.02454454734982152,0.006249451896016404,0.002827362171740925,0.01326656882759471,0.025977913691034454,0.006977385004661033,0.019619429144338337,0.020947750836367136
Ada^Dpp4,0.00047251089830262357,0.0019103538499384769,0.00042113840766198283,1.9912006699250953e-12,3.85854553559043e-05,0.00011425612866420476,0.0038591769473623992,3.668261845702513e-05
Adam10^Axl,0.035237552450184915,0.012174167236347129,8.493431627029498e-10,0.02501503812286859,0.1149711397680747,0.007232137280725887,0.033821934752361144,0.07082436672794262
Adam10^Cadm1,0.04628952702553567,0.009149921472333677,0.00514495465959979,5.265521493341132e-05,0.003600799547736611,4.005880134777982e-05,0.006075277047922455,1.5212934134076586e-06
Adam10^Cd44,0.07552665322930847,0.023254926442003724,0.01658026632329954,0.015423311671157009,0.023914976009900793,0.003508780497163673,0.01845425501581076,0.006890712950233093
Adam10^Gpnmb,1.4568813028925814e-36,1.7101721448832977e-14,1.0195275098465985e-23,7.89941400679692e-19,0.04449334988747443,1.2883199180241077e-10,0.0022607644317105876,0.03169900647632781
Adam10^Il6ra,0.0640910814752751,1.44743500032895e-07,6.211858844568026e-24,2.779917298289651e-20,0.0300401127226828,2.797502042448745e-05,0.0047764129757036375,0.011330526944424381
Adam10^Notch1,0.016060837407797506,0.0935941957314474,0.058561230312350984,0.005278516046664812,0.03455259122066281,0.02490617574168372,0.06458425897360007,0.010406929465937204
Adam10^Notch2,0.04128508071753826,0.02325178254377552,6.190689939409481e-06,0.017729912495689386,0.07387078703311528,0.01561883632007114,0.029624890005217033,0.029791496090881327
Adam10^Trem2,0.09784569308219761,0.004306995013109753,8.665853227041885e-06,1.9288432449929116e-18,0.0024774282610632156,1.1195686661742072e-08,0.004893065184195996,8.456861667761659e-15
Adam10^Tspan12,2.361342360981906e-37,0.07230332475674967,0.059692088222513436,0.056204328096585085,0.02361999951892416,0.00025301121933495594,0.04835058933365066,0.022228969092220604
Adam10^Tspan14,0.03810543697166162,0.058335525452624,0.03598518085074707,0.005354074080685618,0.012934241897789852,0.008651336167385846,0.03802396284818608,0.006301796260411932
Adam10^Tspan15,9.351560534167392e-25,0.037662344606951455,0.03316089995039473,0.018714172545518777,5.666772003943974e-17,3.9207001627209554e-09,0.022774679428238073,4.545369206041987e-12
Adam10^Tspan17,0.03389286208253048,0.05035683266783266,0.029897041699596647,0.03361083494229409,0.04026386561062177,0.010632363421377642,0.040941611508641756,0.01775045121049502
Adam10^Tspan5,0.002140835621174352,0.03501522555307028,0.018967351222160502,5.794290394781812e-11,0.03433267300602892,0.011761802246493728,0.027208264517177602,0.014747771007586874
Adam11^Itga4,0.004229156014856482,6.400223832357639e-34,0.000828094581513613,0.0009966137033064054,1.8377429587856716e-05,1.2327887741162395e-35,4.638160541355522e-17,0.001251436481749406
Adam15^Itga5,0.01795607008196221,0.05760941875723451,0.023250862908328476,0.013919405684532645,0.05702544738336497,0.021942809475130935,0.048109213067288374,0.008382671173618449
Adam15^Itga9,0.03695735905754153,0.040911922353698546,0.012778417067842421,0.00011670416084794556,0.05480594714456891,0.018272463262675138,0.03730862455437078,0.008128659114577535
Adam15^Itgav,0.0270000567001325,0.021204338526746223,9.407862222298928e-06,0.03761858163845879,0.07188721510688177,0.016385593847816585,0.03167511409232573,0.008995790034233701
Adam15^Itgb1,0.045120953435238614,0.12312492825922111,0.05478642186019811,0.0728834563146129,0.10387475303020012,0.04772347365377066,0.10552718796756098,0.016455260602392593
Adam15^Itgb3,1.0959851202817953e-17,0.0036354424916684477,6.972180854253241e-05,0.010200550876033306,0.00654731805679179,0.0027066684673941878,0.0049545684865751815,0.0017508077665833754
Adam17^Il6ra,0.04522112476819793,5.923105766714085e-09,1.7481991856132034e-27,3.5805786177510137e-22,0.012618016696246124,0.0007004440817194788,0.004786917474350406,0.013334302328666114
Adam17^Itga5,0.013204653414584011,0.026292393201153175,0.02073213787888897,0.01049076319361457,0.02398489462625544,0.019747922179214138,0.03407101109364954,0.01613929020119937
Adam17^Itgb1,0.030837980111248435,0.05925457933901342,0.04428416075054097,0.04599517227930651,0.04718732542318285,0.04813078194383799,0.07934664983039187,0.02853599397241097
Adam17^Notch1,0.009900947626610828,0.049643437375011916,0.04288203899502422,0.002332997871081146,0.01801829669534234,0.031384407020420585,0.05343935483499378,0.007141800315224595
Adam17^Rhbdf2,0.011055531416167193,0.016566597937702734,0.01645595404201681,0.005146327510986657,0.003176807739830047,0.008317026178800382,0.018090840581077343,0.003239921786258045
Adam23^Itga4,0.002277093373147741,1.654590135213307e-07,7.361944642659713e-06,3.0985087922644104e-21,9.016015517925958e-05,4.982173183983707e-37,0.0005575912597897802,0.00015740807669834138
Adam23^Itga5,0.000792309294263614,0.0010546497600912436,0.002325320938578706,0.0016057758155005124,0.0016187329614954027,4.041030702359503e-14,0.0027193940134819035,0.0010838724732040563
Adam23^Itgb3,2.5945444991203194e-22,7.342546591428755e-05,3.877883446550998e-19,1.1972706609508932e-13,3.5447419526167674e-07,2.347626017843608e-06,0.0001246979513255817,0.0007939727306031104
Adam9^Itga3,9.9696266200896e-13,0.003801600617975802,0.0059112174729931384,0.012438335130714533,3.57545150892371e-06,0.004709168798274624,0.0067132146494563874,5.5440577141733766e-08
Adam9^Itga6,0.003877610812621746,0.01838106799997748,0.06783996016860049,0.006145980516720655,4.596195420772719e-10,0.001610740304440496,0.027029343622249118,2.062448443133839e-09
Adam9^Itgav,0.023545949027956672,0.004502887392101789,0.00942525648915581,0.03143363455354269,0.01909879539771889,0.010188574359751039,0.02101062591476066,0.04130858351144279
Adam9^Itgb1,0.043604102093745996,0.026048238923617437,0.09472305350617848,0.06935946642911914,0.02528343736197523,0.024480764408157864,0.07056320948658452,0.07029454457393804
Adam9^Itgb5,0.04383858638269801,0.003772703383578869,0.01935327125169364,0.046550559716380134,0.03157786172414756,0.008627419716297236,0.03019720575273768,0.08822506613517167
Adamts3^Ccbe1,4.424677871026277e-05,3.478419081470354e-35,8.701123759514884e-33,1.4504873892337844e-23,1.0273670431861294e-08,0.00029747598921490325,8.161881761826993e-46,0.004966443765460846
Adm^Adcyap1r1,1.0002780096034371e-50,8.360021467044069e-16,6.601162250232222e-31,2.967648018992187e-11,0.010308926941365445,1.916645441996484e-09,9.247558396260752e-22,0.025474092520011798
Adm^Adrb2,0.02609317672100623,0.003308251686037812,0.0068991658127466665,2.9839111056321813e-13,0.0003091951927445237,0.011695761707199673,9.439030725615299e-20,4.3155160275461023e-14
Adm^Calcrl,0.0016036512798727398,0.014339731621933909,0.033937381062776814,0.0014967876060396907,0.011775428418648032,0.022783266526043254,3.3841573149265754e-14,0.012329645438671778
Adm^Gpr182,3.7561255007045863e-54,0.016546700030629434,0.042188886642803104,0.00015197618663769687,0.00019551991775537244,0.014001665851689589,2.581697224063642e-16,2.4759569143247455e-06
Adm^Pth1r,2.4388240335899586e-45,0.001243275132730316,0.005893843421597925,0.014292574814619275,0.008653406763495377,0.0026723548969769147,1.2160291490656456e-15,0.0237447402099936
Adm^Ramp1,0.01236337912209565,2.593841909829424e-11,4.99065005712245e-20,0.04431141430303412,0.004979838497955974,0.009459231759332165,8.271698254223343e-18,0.006290066795235014
Adm^Ramp2,5.9711972917236164e-12,0.02170244563371603,0.07668931844474822,0.00017556873320345175,0.02301969379186034,0.02734184633791848,4.0858583964859113e-17,0.03974302351458772
Adm^Ramp3,0.0005933582287075974,0.006307450681819576,0.02445388446279043,0.0023589259092450907,1.0391443662125592e-15,0.001211638386270874,3.3273053516794935e-23,1.6359539923151384e-09
Ado^Adora2a,0.000414152241757639,0.012518877248775442,0.03377181648873711,0.016863197651468338,9.107976283355667e-12,6.35693251535568e-05,0.010587992098120579,0.0009864160480047791
Ado^Adora2b,0.006523207314191232,1.6132206697870586e-11,2.3234008293071123e-23,0.015236680545141042,1.8965118056133178e-06,0.0018455644645434222,0.001713769458102679,0.0010647133398277802
Agrn^Dag1,7.945069821167583e-14,0.026475924370759296,0.009265777693381164,0.027875530997688427,0.028595651126344046,0.0038793645747988736,9.316103306028458e-12,0.006937238801937589
Agrn^Itgb1,0.02530963115278522,0.08338659360328873,0.02851618146511576,0.04141029346253892,0.05976248006815981,0.006668060255090735,1.4055725378682052e-14,0.008531355508114494
Agrn^Lrp1,0.0223567718253644,0.0015775893610998812,5.6186238087877155e-14,0.008308777575915818,0.08887161397065346,0.002412516877912761,1.3301016096425187e-17,0.014914676755362215
Agrn^Lrp4,7.594809489822708e-21,0.008994523409168084,0.0013002278491217117,2.0853916629854313e-15,0.022926611999438948,0.004332260133112738,4.871446807805914e-10,0.004148816342225365
Ahsg^Insr,0.0031993245520646673,0.022356739229818776,1.1579916290627662e-06,0.04282477415755604,0.008168277398849615,0.03717568656679064,3.888712806646856e-07,2.708804826512098e-07
Alcam^Nrp1,0.00025625977909627187,4.843966468957144e-19,0.005634914443075876,1.281569330624243e-11,1.3493740119299607e-12,0.05455681568895578,0.07779416036271085,0.001020824499708467
Ang^Egfr,0.002756574618832803,1.405838143432204e-20,5.028309232887419e-37,7.628783804082422e-19,0.00020110007273949795,0.0006895930531034965,0.005574305066513712,0.03331473545030938
Ang^Plxnb2,0.02575357847515304,5.572498801398774e-08,4.670045943554479e-15,0.018638487785627145,2.907380288711958e-05,0.026712582262230642,0.032752517053764106,0.019755724613004066
Angpt1^Itga5,0.01031870533587107,1.0761133113315599e-23,0.042439375232652274,0.016143549024112285,0.0003342752750018876,0.0016891723455258842,1.2609264477537445e-25,0.030392739248378094
Angpt1^Itgb1,0.023696996078606095,1.8315281957526825e-22,0.09138439337868962,0.04821408246404162,0.0005257376804846365,0.004627149432573676,4.21502374042546e-24,0.06402799249854048
Angpt1^Tek,3.0340337072092357e-22,6.317142124913389e-23,0.08529363955059442,2.88872363474949e-07,0.0006189097207538216,5.769783223799509e-06,1.4103853658725523e-27,0.03231810083770458
Angpt1^Tie1,1.4929607768392365e-07,1.334287043551368e-23,0.09529072404293704,0.002798511494692352,1.662821316461387e-05,1.9832355163883647e-05,2.7013018066853945e-28,0.0003849542280514547
Angpt2^Itga5_Itgb1,0.01217628732469305,0.022259046021044487,0.025611615908783282,0.014693516182520468,0.01965001137089257,0.00021045947308354567,3.1220357137921573e-25,0.015039509577900331
Angpt2^Tek,5.716707457988785e-30,0.04398040680981135,0.05381358653383458,4.977729769466632e-10,0.013070838958837904,2.983869926697017e-08,6.616668789651654e-26,0.017345850484716742
Angpt2^Tie1,8.573030284281478e-15,0.050163386815136816,0.061441471776477706,1.079037817492782e-06,4.909354176857354e-11,2.4266500443442193e-09,2.519145198819884e-27,2.568928830947139e-05
Angptl1^Itga1_Itgb1,1.1348392888634508e-39,0.0064422797036012,0.006237558681399728,0.003223672855907908,1.2708431975528407e-09,0.02445656916023279,2.1017132546376916e-26,9.343686488382321e-06
Angptl1^Tek,1.334872079453396e-44,0.012818406298440357,0.007684570504460692,2.4257943156075548e-12,0.0001381266401982933,0.03315384828482662,6.400167999417055e-25,0.0023224188219382164
Angptl2^Itga5_Itgb1,0.018928932900591937,3.583300357078299e-05,0.054226130542629966,0.02139207202431125,0.0032506872201224757,0.022243563554411858,2.084770216293083e-29,0.04662118783846793
Angptl2^Tie1,6.352084751477521e-05,3.770801759884879e-07,0.1456185026082738,0.0034278079938024845,2.2369202749293644e-05,0.00967216377663284,4.3039848793285675e-34,0.0005949147632322937
Angptl2^Tlr4,0.026580273472476035,9.077463275923762e-05,0.014357192691165048,0.004043254438224108,0.0015170494578756858,0.015874183585646826,4.761528337572042e-31,0.025167767353995632
Angptl4^Cdh11,1.5736736558372056e-45,0.010352176518353927,0.013536015262751342,3.413086837712529e-22,0.0028400407868530344,0.007880762394590806,4.865215267687507e-25,0.0013579210936173194
Angptl4^Cdh5,0.0009728951003236716,0.023691684042473658,0.04220401512006982,4.7792928006254746e-05,3.056981831971994e-05,0.015268898149078775,2.635261171228558e-28,9.013728709052911e-07
Angptl4^Itga5_Itgb1,0.00560830841090638,0.011145069067717445,0.011439877325921732,0.004458789831190753,0.012999550838754346,0.018344927357675483,6.284107588121784e-23,0.006876289052129995
Angptl4^Itgav_Itgb3,2.810909321504119e-23,0.001122205299777535,2.0944286113354883e-07,0.003899411717607822,0.001571020081597216,0.002257019151452594,5.760701057910889e-28,0.00329058114810789
Angptl4^Sdc1,7.973145655884113e-25,0.0033644172191480606,6.007819018761688e-05,0.00619590806634073,0.009436598834521866,0.00849518322996413,4.169895286512177e-21,0.008451785343244323
Angptl4^Sdc2,1.1705285398738522e-36,0.0024014704127232975,1.560487198239548e-06,0.015010570502730655,0.024587652412412144,0.011260377612178449,1.7655256777796459e-25,0.030868042839308107
Angptl4^Sdc3,0.020801182740563574,0.014221946609485439,0.017848705737951786,2.129502770336595e-07,0.01042680563317081,0.018397050166699836,4.0562106416785896e-27,0.004198802054312025
Angptl4^Sdc4,0.010417644219017563,0.006717756225789348,0.00022990770734036936,0.00036679919068322904,0.018865359290063045,0.020347740467308105,2.709595793852479e-23,0.015782805628854858
Angptl4^Tie1,9.401603598037294e-23,0.02208593299423208,0.04076566836729116,9.550223881074963e-06,2.591044860633391e-10,0.010995632815556945,4.0154987061569026e-29,6.57779972327188e-09
Anxa1^Dysf,4.1502771743641516e-21,0.008663085010158026,0.042859969507645895,0.03674406329489738,1.6503305359711239e-12,0.019374443151473433,0.016509830122620296,2.3969704322387675e-08
Anxa1^Egfr,0.004864429294350853,5.580165282181811e-12,1.7675471774227835e-25,2.4456468227454052e-18,0.013447028495863426,0.004242266951200138,0.0005411206596864577,0.05579530875255646
Anxa1^Fpr1,0.012505220104267583,7.274458848602229e-17,3.585097589571484e-27,0.0028704196562150354,3.7691373181848894e-08,0.0015181007116511634,1.902098823730013e-09,7.019186785678156e-18
Anxa2^Robo4,1.2671880652755096e-37,0.08975438993037604,0.09952346189493567,8.521437424430326e-05,2.1652403894736166e-18,0.005641271142063953,0.02991413325641792,1.497173890631322e-08
Anxa2^Tlr2,0.09656342587209085,0.01222909783718341,0.001320822068687484,3.45580795227289e-25,0.020904614752474366,0.01680139341441114,0.006451467592941829,2.3093728722806335e-05
Apln^Aplnr,1.3684030312481208e-40,0.014406072710240787,0.0018301978751857379,2.4968450362388038e-12,6.423768005561066e-33,3.8436129148305076e-38,9.448948309045018e-29,9.278316725104976e-29
Apoa2^Ldlr,6.820532449675831e-30,3.082848008001122e-07,0.0007755474404816872,0.001245886369484721,9.252254138047205e-05,1.9075401318716312e-21,0.0008765953273050561,0.000620359727898962
Apoa2^Lrp1,0.0008646559427332841,1.0710796259607057e-08,6.714913626232286e-06,2.2132809995796266e-14,0.0029689734193930205,7.027465601158575e-10,0.0019234518044481507,0.00459017563581696
Apod^Lepr,1.9134972960558845e-13,3.5081501677000254e-31,1.4427616390556617e-10,1.683610285344131e-24,4.919097226072929e-13,0.0017234186343017535,1.2710838418276643e-22,0.006627559620084817
Apoe^Abca1,0.09739713019395074,0.0325544456942712,0.03514192650337846,1.375217065245e-14,0.03459313985107352,0.028918562108394854,0.05931131673129642,0.04984514326727403
Apoe^Ldlr,0.02961570072381874,0.007076206733147417,0.0005423312425991004,0.02151512215439904,0.02388130076569812,0.014564245831716534,0.021187148509507276,0.030568832408517932
Apoe^Lrp1,0.08796862474058892,3.8842285017654495e-08,1.0126643243710818e-19,0.035822756562309446,0.11719912818963925,0.009593705020277673,0.05678778935301598,0.1946380212625314
Apoe^Lrp4,1.922573471877232e-21,0.014127395127508593,0.007936297418574458,1.0752287352363219e-16,0.03460802067143443,0.02343117098518308,0.022015498108365405,0.04502074677787452
Apoe^Lrp5,0.004891699243466944,0.05273582844657265,0.06049075015231432,0.004014787946054925,0.032144719328315495,0.042431070321767815,0.08108087287876126,0.03463352552436851
Apoe^Lrp6,0.059106314771403635,0.03883644338159852,0.03169134877576271,0.04417052072824898,0.043828812360367425,0.0477370090097739,0.07337440638373603,0.05294222390118342
Apoe^Lsr,0.02769742723361212,0.03208093332032017,0.023929936431216325,1.0914722330341483e-25,5.938278237534527e-06,0.025623935044313782,0.032910720676949334,1.7718502965306482e-16
Apoe^Scarb1,0.04122861770826536,0.06600134370270262,0.08836601225135277,0.01972264203696224,4.1463517584230114e-09,0.03770534795710347,0.07513887483348616,1.7321701181028908e-10
Apoe^Sdc2,8.535794344289248e-44,0.009419143114497036,1.4038676443885528e-06,0.08846988188947083,0.10318020068229186,0.010570246181194884,0.06006568325078574,0.17942348503001346
Apoe^Sorl1,0.01960832945289341,4.516281874523239e-10,2.7214144325320287e-28,0.015044141054135212,0.0018916390220648739,0.0036208262782376583,0.0026748145264071997,0.006158366102314984
Apoe^Trem2,0.15753758813275826,3.2744997311996445e-05,1.490748955872503e-12,3.2341806930618795e-16,4.75543041258554e-05,0.00340166025005829,0.013105098282514768,9.198148972567441e-12
Apoe^Vldlr,1.0271355418728025e-41,7.253688816642527e-13,6.409280732938447e-13,0.1640426523192198,0.030059774990269555,0.0059981037711515865,0.01868176908222604,0.041274023414169664
App^Aplp1,0.005465114109141878,0.008688197142761193,0.0049709259286841246,0.034996038822695766,0.006124417819871678,0.012015570763059214,0.009302509820941244,1.937364262936941e-05
App^Aplp2,0.04210835878756736,0.18100305109685577,0.12623592482797885,0.06778540353008065,0.12280147276867046,0.10283011946212692,0.14791451854897775,0.04364555512408772
App^Cd74,0.15237576898309763,0.041548904177110726,0.029543165883049817,0.05108942236979281,0.038357689524707306,0.020600107747407954,0.04208620973850096,0.008924146665406205
App^Fpr2,0.02782691883958146,1.4921640456163151e-06,2.0674811844249548e-19,0.0013831756182530485,0.0002503198855313234,1.2751222754574583e-07,9.971054507006447e-05,6.234077338042978e-15
App^Gpc1,4.821139446188764e-16,2.7702414758577844e-12,1.8154567222303562e-08,0.21005398750090012,0.0004044572043891933,0.001028145857187289,0.004793945224775577,2.753335681772794e-11
App^Lrp1,0.08229012120659356,5.698235275030745e-06,8.924758337798491e-18,0.02463857732233675,0.17680588364285965,0.009915098998878994,0.03332612120418011,0.1452294116490599
App^Lrp10,0.05368302246707211,0.08493786953327986,0.0499561108015302,0.062391011079137186,0.08824804197039868,0.05664447399651362,0.07606225139162996,0.03941163574393168
App^Lrp6,0.05943577215365965,0.05055879236374392,0.033077757072096294,0.04063283401898598,0.07206268060669976,0.035720332309233695,0.052954490773982815,0.036588929561865234
App^Ncstn,0.05259083468610196,0.07771427050653068,0.041899632339303945,0.04202031670358648,0.08632829527639706,0.058182886120085056,0.07118211639096088,0.03330756288904806
App^Notch2,0.06838789839014452,0.028977244812213244,1.0647884507186153e-06,0.025529670137635095,0.10982879255749779,0.039881308720414274,0.04188868759253852,0.0594919981665539
App^Rpsa,0.1177311560316472,0.18818602935466153,0.10797957352058314,0.11508612306796578,0.23173674825038834,0.13642855547067304,0.1688719976462177,0.09694199715947126
App^Tnfrsf21,0.05750515120905221,0.03157523509999346,0.03299427135528814,0.0401508692321759,0.0036583840493233885,0.003696871223973671,0.02564014883987251,0.008236439345209859
App^Tspan12,5.916746235221325e-37,0.10085001328843113,0.10533958711931678,0.09042590115178478,0.03169293203994927,0.011637588584308732,0.07015510521792487,0.04315187002655202
App^Tspan15,1.5548185659373557e-24,0.05464684524175696,0.06202978006906552,0.03182510080467588,1.2954921072852218e-17,7.000489297470519e-07,0.034422212907842975,2.0901858494753178e-10
App^Vldlr,3.951392464567055e-40,1.2463726293473018e-10,8.570282960497593e-11,0.14932729838023226,0.052036415598813175,0.0033055648823461475,0.00986903374302114,0.031587466859193856
Arf1^Insr,0.02919153487787144,0.0396846267952382,0.0373486251843165,0.1568253904035399,0.03302436943179381,0.026836237790567687,0.04511045742286564,0.0038087024505372813
Arf1^Pld2,0.07799662355678379,0.03905843009491686,0.05587031186059913,0.01926857008991363,0.013398669680860115,0.007476262755651781,0.031145002966733424,0.017045930335400052
Arf6^Pld1,0.00796862750442677,0.015506112100306599,0.010345446129248306,5.5742771541280345e-11,0.03216366734360488,0.014604693545598471,0.026421490714132377,0.021202048117982198
Arf6^Smap1,0.030599616219826316,0.03771116041924314,0.04177414536100236,0.007166381358401874,0.04447502911144318,0.01698838874164497,0.05723476823374395,0.04076278029679227
Arpc5^Adrb2,0.0818302202680297,0.015566445992698675,0.017007286263846684,3.0425346801222186e-11,0.001841854745590802,0.0020332043584827372,0.023492076216501633,0.00016431283985850534
Arpc5^Ldlr,0.025123190579963744,0.006682870904677606,0.0011853308679301796,0.013963972805690202,0.02701308650003212,0.008735034743894235,0.02125121639800716,0.01978510138067916
B2m^Cd247,0.0030479551843106754,0.008889857282119426,0.007986437014530766,1.1035645485802389e-16,8.59706366148238e-18,0.00016481357305642142,0.0019071257275233998,1.3647257183549553e-20
B2m^Hfe,0.154860500282082,0.08669793079419462,0.07176370300204352,5.2879213734197744e-06,0.07967217686755332,0.043461817569902327,0.0922092330001001,0.05595434883747897
B2m^Tfrc,0.02273612111097362,1.1156729701159781e-07,4.5029331588524313e-07,0.0988979807922755,8.914140571658016e-05,0.0023450341756296885,0.0020972083278671116,6.160418472951825e-17
Bdnf^Erbb2,7.208336688900699e-57,2.876551306805314e-37,0.000518134199592514,0.00015381760190445764,2.9341365444912744e-05,0.0005556601009382206,1.3104301646551752e-36,0.00018071577071382565
Bdnf^Sort1,6.569641854521023e-61,3.259233794706976e-36,1.0743918081214768e-13,0.00268011670950428,5.431036529727599e-16,0.002160987176073947,1.9872052965657112e-33,1.7492579886090515e-08
Bgn^Ly96,0.07304319910449528,0.025189434692751048,0.0368169883734294,0.0037856122859544154,0.01319700821326512,0.042069050977267215,0.000334934283993172,0.029867090195173453
Bgn^Tlr2,0.08480789104642607,0.00641247601750925,2.21900724676612e-08,4.264470028950661e-26,0.006472112149165613,0.03272676857993992,3.0780182509242733e-10,1.5539959370033917e-05
Bgn^Tlr4,0.04936750981553454,0.013422013032405847,0.007357963916386077,0.003289459821906779,0.015251449259477806,0.035319531595012596,0.0005389747614772281,0.029579453064281957
Bmp1^Bmpr1a,4.658586828376082e-32,0.006192554065513175,0.0003957139358745274,0.02674733161625251,0.010841604133351659,0.03648176886499354,5.1031417604430104e-21,0.02811393991219957
Bmp1^Bmpr2,1.1201139694884416e-19,0.0074768050688841245,0.009643577486240954,0.00021730737652058316,0.003805039211547807,0.027480779515873705,1.942809917323307e-16,0.0005565824810206284
Bmp2^Actr2,0.014180914618896092,9.844325318105926e-15,0.011440493019332788,0.006309649081294429,3.6140055057842925e-05,2.0488556814188423e-16,0.03208437689984572,0.011603579815957495
Bmp2^Acvr1,7.228484655550854e-14,5.941889594055612e-16,0.009383013315949878,0.0012558263994024157,0.0006537291706846748,3.8556253688564475e-17,0.018503263971175268,0.007407147052345838
Bmp2^Acvr2a_Bmpr1a,3.903288834702955e-17,2.608473603472571e-26,6.734672166306585e-16,0.0011338575705076034,0.0005884485892344435,3.8870938798915616e-09,0.0015400597942744271,0.0017176316336564397
Bmp2^Acvr2b_Bmpr1a,0.0005509966569963621,5.486033093727609e-08,0.0010061319826700828,0.002135510355290086,1.0812317852386988e-08,1.8350507231637921e-13,0.0022078386501514858,0.00029794868177552403
Bmp2^Bmpr1a_Bmpr2,6.339149593551121e-70,8.763540388814718e-13,0.005064133297004141,0.0016294433599771897,0.0007648213449018594,1.5571828182504924e-12,0.010787966916165584,0.006147460294544133
Bmp2^Eng,0.0024786977628384085,6.241310547403627e-13,0.025599467995494944,0.0028867996151066403,0.00011956326754907343,2.7398351462299405e-19,0.046435619307029254,0.010597950608517244
Bmp2^Gpc1,2.9970724749172077e-35,1.7857867371884975e-23,4.3650609344338186e-08,0.017831186928754187,1.7530789780294528e-06,5.845983477765055e-14,0.005216804544189165,1.1957461995751918e-05
Bmp2^Rgmb,0.0015968550932644269,5.285060788107226e-15,0.006918833746838546,0.00016404393702905217,0.0009864371332709465,8.750753544705246e-16,0.017441510297605527,0.010661809467239379
Bmp2^Smo,2.906686839490408e-15,1.0767421676997158e-10,0.0035567765384777756,6.071880597302788e-08,0.0017646293538321712,3.1353819272756686e-13,0.011921766920875519,0.010890797360763215
Bmp4^Acvr2a_Bmpr1a,6.914573671502037e-06,0.000346580109526181,3.3801243066326355e-11,0.0023413930190331533,0.0036730360829423997,0.0064875914190907985,7.504359833521514e-30,0.0023585392371732634
Bmp4^Acvr2b_Bmpr1a,1.3365544776498363e-12,0.0018537705080706533,1.740154862446763e-05,0.00493995251178547,5.4442902713151166e-08,0.0042859150220152,6.869744959666078e-23,2.4520673148939104e-11
Bmp4^Bmpr1a_Bmpr2,2.063332509288201e-43,0.009176783054346074,0.0001932056731646531,0.004540932675994322,0.00802585825999713,0.01842628643667542,1.3057093128823248e-22,0.0026273902664347712
Bmp4^Lrp6,0.008725674169352285,0.014470700731956132,0.00014218790188492335,0.003606139929052175,0.015946797396305782,0.03744091193166075,8.652621593622377e-25,0.003082282544461607
Bmp4^Rgmb,2.5103885975193602e-08,0.013327005926073113,0.0023333550043182633,0.00023516031581047485,0.015443317735943452,0.030525456693829844,6.527356778215681e-25,0.007633501582623565
Bmp6^Acvr1_Acvr2a,3.223258773816955e-34,0.010809742866248955,0.0010942186467937886,4.655945699843454e-15,0.010915913174349675,0.003224681687200652,3.4628304892827056e-15,1.9791021615322258e-05
Bmp6^Acvr1_Acvr2b,0.00026875090778701277,0.00466814879506204,0.00025988334313821053,0.0012366533618494086,6.664083037387872e-06,0.0018782832385936736,5.271169365403198e-18,4.792588239090907e-25
Bmp6^Acvr1_Bmpr2,3.8131491019486287e-16,0.015595788065762235,0.000995142046196801,1.910452735732494e-16,0.007590060013985036,0.004621473671256067,2.173448750478009e-14,5.612110342856921e-06
Bmp6^Acvr2a_Bmpr1a,0.0009310322763562768,0.00354864228641208,2.6951353882487543e-05,1.582806184217266e-09,0.012330042427392168,0.0022257621830515145,2.356429929358271e-20,2.6662694037527845e-08
Bmp6^Acvr2b_Bmpr1a,0.0022072285414419415,0.0019085865978858052,0.0003526406937783926,0.004962269167409415,1.9614798751784345e-05,6.485321086686661e-05,1.0076308588058338e-19,1.2332241456354928e-22
Bmp6^Bmpr1a_Bmpr2,1.860883765944458e-34,0.008548023982569423,9.069242614240017e-06,0.009430752601218695,0.012519449296482067,0.0024994484931640548,6.733116065394003e-19,0.00011081833757283115
Bsg^Slc16a1,0.0022481451903351318,5.460950284860412e-16,2.119692357625538e-08,0.15067641378473687,2.050636165046612e-05,0.0006067822600333989,1.5487833543003516e-05,4.137087863753451e-12
Bsg^Slc16a7,0.05115932461670969,0.0007433751777468277,2.568504611852009e-07,0.06218004173378622,0.0008492897249548126,0.002199698912420105,0.0020585322676174253,1.389106405491361e-12
Bst1^Cav1,7.550305487925494e-21,3.142348042868204e-09,0.002053138071653044,9.670641155884577e-06,6.210313389372359e-20,5.446689872264113e-24,0.09395254475620236,1.4134516877802912e-19
Btc^Egfr_Erbb2,4.5968832097184106e-48,2.3066709554518437e-36,0.0004513677826702495,0.0002503638132291534,5.034243326810329e-05,1.4765235254543625e-21,3.315432439599388e-47,0.000147382868589159
C1qa^Cd93,0.014910053899828602,0.017155415836636236,0.05758594655827268,0.00495808761890204,3.2010415032207717e-15,5.5342741066042306e-11,0.2061909165132949,4.2628258186775803e-19
C1qb^C1qbp,0.02150362506150531,0.005933847075641745,0.017495981151981883,0.0402211430661258,0.008657982590462483,2.3877939427917966e-05,0.1402146235532766,0.023684506947910373
C1qb^Lrp1,0.03813075589601028,9.110674108554625e-17,2.5199396689260557e-27,0.010572749735674526,0.025159650693302546,1.0561905853416854e-13,0.1081786107933098,0.07876628279079678
C3^C3ar1,0.05738153921153876,1.1342961833956638e-30,9.387114083007953e-39,1.9898311611995666e-28,1.3763682271415018e-15,0.024082076749489614,4.0635382543549445e-13,4.7417811676670434e-29
C3^Cd81,0.015362089691863567,1.0307743452703493e-08,0.02655417186043433,0.017527023419015183,0.0020951739151357698,0.21759950332133984,0.04744808138580273,0.058624010792758835
C3^Itgam,0.04131831284661879,4.491778173112197e-29,2.1979024322476467e-38,8.07660643642016e-18,4.072538194104887e-15,0.017811070113734142,2.320479499594392e-11,6.827403935271385e-29
C3^Lrp1,0.028918208841638017,2.9905021217808386e-14,5.116825670712621e-24,0.0033229605222556934,2.566112491160114e-05,0.04239116899457833,0.003751783737073536,0.11653819420745637
C3^Nrp1,0.005282069354440067,2.522318231996818e-10,0.04987216879143675,0.0005383185553184478,0.0024115993332277314,0.14596847673889804,0.03893165314392283,0.022061818863818916
C4a^C3ar1,0.0018472788868868625,3.523999858294671e-47,1.0078992652567544e-40,4.293228409525884e-24,3.3543505472731013e-23,0.00037645314288544567,0.0008080454836515155,5.940305055323604e-26
C4a^Nrp1,0.0005026390963207155,5.10613919758813e-32,0.0033802971898456444,6.579631382459255e-14,9.322168758363274e-11,1.1940293744599161e-05,0.004708253283549725,0.0025737260229016846
C4b^C3ar1,0.05584391179506832,1.9005143068847762e-33,1.107592125007906e-36,2.2967426076981207e-27,6.186765755176747e-19,0.009987387173224527,0.015526498675973839,4.693785899627021e-23
C4b^Nrp1,0.0011498769503586824,2.6529096475416862e-08,0.021769937840759788,3.2590868038279386e-06,1.1592937581673613e-06,0.10145581408071834,0.13373094133954996,0.007442430845948209
Cadm3^Cadm1,0.0024568664313564196,1.0132564370291816e-17,0.00028939587459979213,0.000604037750677257,6.143055602695484e-07,0.0003544841555339169,4.1685002741481176e-26,2.8081001306365166e-14
Calr^Itga2b,5.38489825370217e-55,0.0014074601291998354,2.6260598477715516e-06,0.003968741230143227,0.002685500173921056,0.0023758462016244966,0.002084395586573565,0.002924003905119335
Calr^Itga3,7.849778879245213e-16,0.014462204500810979,0.007809476842134878,0.03214269050958687,1.1431814074337828e-05,0.010753579292424145,0.012552036435549054,2.2489159138154813e-10
Calr^Itgav,0.04698821949536579,0.023699008072393238,0.0008023427347793993,0.06521887357264508,0.07247793167157067,0.03628937947798602,0.04888177965595502,0.06442279745511464
Calr^Lrp1,0.09159750008773651,2.4605668200102406e-07,9.994710968254262e-18,0.02879111671870058,0.1485168886433902,0.008140779766686914,0.04292344788043742,0.19390889879672496
Calr^Scarf1,1.399682693104713e-13,0.08331425586251225,0.11432355011101045,0.008358342808727754,2.7100369391780856e-10,0.018715063779801092,0.06860967817416788,9.850766487540945e-08
Ccl11^Ccr5,0.005821956969312088,9.008529776314291e-44,3.8854067863787854e-42,3.4934673079307326e-26,7.846525787869218e-20,0.004551673005348048,5.136000461330834e-61,1.4993080299897164e-35
Ccl11^Dpp4,6.369927717287677e-16,3.497024065103017e-20,0.0006888564611137726,5.34165644373029e-15,5.372398033634013e-10,0.005469470326587879,2.5801277374833163e-22,0.00041404092102091466
Ccl12^Ccr5,0.015123893110479548,1.8131336735058723e-46,1.329126108226255e-47,2.6926431210374732e-39,4.2048187589720255e-30,3.659843291561506e-55,0.013722678070798914,6.082356967691094e-41
Ccl2^Ccr5,0.021084228453434283,1.4923209251707532e-37,1.1557039433471382e-40,3.593696893471715e-34,4.916834679505432e-22,2.0068607983711465e-15,0.010606499809067605,3.4912728619772825e-23
Ccl4^Ccr5,0.016092957707012013,3.709611801892418e-43,1.0738112499350705e-47,7.83031736658208e-39,1.595244664545353e-29,9.259282922738181e-51,0.013795571587279117,2.983003465780956e-40
Ccl5^Ccr5,0.003771089382687977,1.84150228672193e-33,4.685925071002887e-39,2.8540404116633992e-37,8.659189676142176e-18,1.0442547236461137e-42,0.0018147231145097373,1.1092165980396111e-23
Ccl5^Ccrl2,0.0017447902456572877,6.956072912045684e-11,0.0010378837043961324,0.0006875243288711954,5.337906822297915e-06,2.8348061301082296e-25,0.007963847337370034,0.0013238456751760552
Ccl5^Dpp4,0.0007857832548636949,9.167049167171519e-13,0.0004935717465689806,7.098293742011178e-36,4.50256549989249e-13,2.7414983555392313e-34,0.003694978281774905,6.308251397336726e-05
Ccl5^Sdc1,8.568028857620257e-28,3.2521294453533782e-21,8.470991700282197e-13,0.000746053076512622,0.0001240980442264744,1.174525050683848e-22,0.003428337131265713,0.0023697324750163863
Ccl5^Sdc4,0.0017724149911228838,2.4089690895816377e-16,9.83539468831071e-11,6.826697176571355e-06,1.0183369977287461e-05,2.109165260134438e-18,0.008079531577415347,0.004798014601381354
Cd14^Itga4,0.024891617566589162,5.628778246033002e-31,1.944807400713771e-34,7.012067689456644e-26,8.630250752287546e-23,1.673305706888942e-38,0.02149167247962406,1.0830021615511594e-29
Cd14^Itgb1,0.010174371171356025,4.192392475938511e-17,0.0009253318468897183,0.00027447672700561967,1.9382163782041638e-12,0.0022605096612712153,0.25044830729533213,4.88840436992235e-05
Cd14^Itgb2,0.038550499249218065,2.124597946188056e-34,3.623052390247716e-41,3.943179715849743e-37,9.393651730557924e-24,2.862799206183394e-39,0.02913068523492214,9.371095587634788e-34
Cd14^Ripk1,0.012679755732995953,3.1530476412300846e-12,0.0015450188947131978,3.236799600234079e-10,1.8866692638932055e-10,2.028220135722947e-12,0.08041586475165868,0.0016327538234859856
Cd14^Tlr4,0.016947704036260062,3.5865299426702194e-22,2.3998779815203107e-19,1.637751904554845e-18,3.035779367485726e-10,1.0078634688443029e-23,0.04958170425311325,0.005883028537022179
Cd200^Cd200r1,0.04834835481644286,0.004000430303734683,6.37608390805939e-17,6.582973928029117e-24,0.00331485775601169,1.0677241087942035e-13,7.716486074370405e-35,1.8963259280144656e-26
Cd200r1^Cd200,3.0005317834673684e-41,4.948280677898401e-16,0.0008191432185786463,2.9502908720580524e-10,2.051670105762991e-26,4.458686627561583e-31,0.06448160178678897,2.1158955334289254e-19
Cd274^Cd80,0.005031759273467966,0.001393770958743536,1.4219702073263718e-05,2.2859459922825397e-27,0.0010283109842919263,1.706109365604957e-49,7.66743625145445e-09,1.1300676658412564e-31
Cd38^Pecam1,3.72586594389799e-17,0.1390590886652162,0.011982872918841193,5.894860770773515e-10,8.418901149146257e-06,3.641576802142012e-19,0.07409920419833844,1.0271272516437689e-09
Cd47^Sirpa,0.11861009213344002,0.018534865322318912,0.006701911606995475,1.7070639649954824e-14,0.048371578681570146,0.02571552633004693,0.02637881516708203,0.03751517384784395
Cd59b^Stab1,0.00179062292851578,0.003994733134743046,0.002728575298328381,5.090840270870858e-09,1.8474016978514433e-05,1.4486209036910539e-18,6.486582407278861e-27,9.996255067149741e-13
Ceacam1^Egfr,1.3563622704079621e-18,5.1783671154625906e-11,1.0293340357629946e-28,3.524185451345713e-20,0.043315481774748026,6.859741088515324e-28,0.00021676018322962373,7.702394408023994e-16
Cfh^Itgam,0.12234963547381228,7.152095491314463e-13,1.7984655011537794e-30,7.977612186169732e-12,5.860223911164359e-08,0.015381081553948201,0.0019662243465288637,2.3744918250244924e-20
Cklf^Lrp6,0.010281093150155931,0.010941326334879759,0.00035880171589571425,0.0006015810347666608,0.013879594538458386,0.005116738466398019,0.03793760524543594,0.0016305332074000854
Clec11a^Itga11,1.5372484112648322e-54,6.34934699613593e-37,1.11750648229939e-23,1.460305820157368e-16,4.490600551445612e-16,0.0006898689680870295,5.870031815085671e-37,0.010940509072813688
Clec11a^Itgb1,1.6920101655869354e-09,3.6594971836268684e-35,0.00460431046371261,0.0013400289978375295,3.643827181285626e-11,0.07171858007699007,4.0447969022122958e-22,0.008430118397094758
Col14a1^Cd44,0.025482477704398456,2.517286265174948e-27,2.045997341398604e-08,6.904769783775043e-11,4.2828388471940986e-11,0.04866734450478927,0.015122720163830048,0.000600359012782773
Col14a1^Itga11_Itgb1,2.845232323418437e-57,4.837949306623904e-26,7.809453831536955e-22,6.766558354206294e-13,2.7125604160459057e-12,0.0014383084875761929,2.6999867056992858e-05,0.02608487367257809
Col14a1^Itga1_Itgb1,1.2552502982461767e-38,4.8374352487814084e-27,0.023467471331865053,0.006022820397748521,4.7917054088824367e-17,0.046926915959473965,0.01852931914751555,0.0001300427836342076
Col15a1^Itga11_Itgb1,7.443960437659656e-53,5.025963559659353e-06,1.1557226703160375e-18,1.5577554110958404e-09,0.004472708767489875,0.0033581591168371284,3.1727753357199555e-27,0.025200252434681315
Col15a1^Itga1_Itgb1,6.85969017616794e-36,0.005252871014096518,0.03818950357548166,0.016746102430533007,2.3053070554100094e-09,0.055272459551641395,1.453624799739032e-25,0.0001105396064721524
Col16a1^Itga11_Itgb1,1.4503732625122003e-54,9.205985990884899e-33,9.03010765608893e-26,2.0061823491971197e-19,2.1912709995633576e-15,0.0012941231130733334,2.0091740524624824e-33,0.012537199973101579
Col16a1^Itga1_Itgb1,3.65225194664226e-35,2.0274281501656974e-32,0.013716209359056332,0.0025637622582379447,4.822033337653726e-17,0.026969655919373673,1.4808193317961503e-28,0.00011453329120899161
Col18a1^Gpc1,5.783772098096942e-18,1.7371453943292752e-10,3.3910364338554146e-08,0.05566469926090724,0.0002226659901835317,0.0012853571277497739,4.30875078754995e-24,5.878603383851519e-10
Col18a1^Gpc4,2.0808271620239017e-46,0.007005495000103155,0.003054758901004612,0.018414996991756548,0.01010325721416011,0.004700098983753417,1.6594184494373458e-25,0.008687562556475776
Col18a1^Itga11_Itgb1,2.4614173531313514e-50,1.2316714872883611e-12,2.2084165224779533e-29,2.195652121559538e-13,0.01159034532452955,5.650202515658299e-10,2.642861222698025e-32,0.010078486204567146
Col18a1^Itga1_Itgb1,6.908977574912043e-19,0.02429186990006624,0.02740509031812552,0.017481952096384888,0.0001841912259999616,0.003081839937930145,4.043443640010012e-28,0.007930906483598402
Col18a1^Itga3,1.5763708968402213e-14,0.005376775983288335,0.001864099044052989,0.0072440213877093896,2.221853140733762e-05,0.004013696994319412,2.1668632850485542e-23,1.9171189470516883e-07
Col18a1^Itga5,0.009531850688747156,0.023319406553656906,0.016964705247988182,0.008898294845373179,0.01603479882572244,0.013789118689716337,2.467344365533582e-27,0.014839274894855606
Col18a1^Itgb3,2.2932744684717363e-17,0.0018641739200056576,0.00015201150932384554,0.005978789043017741,0.0012723253246306303,0.0011477743414662746,1.5639300146992977e-26,0.0038778712349522826
Col18a1^Itgb5,0.023624285927211445,0.012401476449973628,0.004967420808986967,0.0242883749476539,0.03509817051133708,0.014858020061021179,1.4656554302362768e-28,0.035177432228597635
Col18a1^Kdr,1.0913341031569682e-05,0.03994492429769454,0.0498301228832769,0.00024681153345475313,2.245555809542593e-12,0.0024129966426983027,2.355476001075786e-31,5.0262118868734965e-05
Col18a1^Ptprs,0.004286587343404824,0.0030056594146938573,1.5149526136863802e-07,0.0234557888407299,0.019302248029690768,0.006844015429471673,3.2144287668373587e-25,0.016362862151727574
Col1a1^Cd36,0.011730608502465135,1.0403438819714635e-29,0.050525033724672326,0.02989328196767444,5.6587383844828126e-11,0.12361146786676926,1.8103823306849297e-23,4.504167311080514e-08
Col1a1^Cd44,0.029568159962399858,8.255140987349208e-24,2.4292097499739347e-06,6.253707237425395e-09,9.621674256035843e-08,0.06462656500411039,2.526974333734739e-13,0.0015134377749681173
Col1a1^Cd93,0.004373932451872838,4.4339107362264755e-30,0.07766833212938944,0.00021052046059440212,5.480234698109679e-15,0.10494981850368328,5.377940543060843e-27,2.8059163297418966e-16
Col1a1^Ddr1,1.5901366010828212e-28,2.8176528599097322e-24,6.606637842317185e-07,0.02303553173627669,4.796261860326146e-10,0.03201607563012203,2.558051911753552e-16,0.03261447732505219
Col1a1^Ddr2,5.433628877877988e-35,6.955749123608456e-23,2.997659021544526e-15,0.004946444395115388,4.775951631367004e-12,0.025408964879665957,2.0811802614232733e-29,0.09099951051394567
Col1a1^Flt4,4.838585088752238e-45,2.2157575957999227e-32,0.04463667287693612,0.0002604214158085092,1.961946764163308e-20,0.037258279422706195,6.212189633151574e-27,1.0830975993736945e-14
Col1a1^Itga11_Itgb1,1.6511411121208264e-53,3.577288831207234e-23,5.228674564056636e-17,1.97286562573613e-14,7.765140402711583e-13,0.004358394443492332,3.035303654159763e-29,0.03326407304674412
Col1a1^Itga1_Itgb1,8.355675497633425e-40,1.4518954894830457e-30,0.040755414446425456,0.013443746856631784,1.6390586507568232e-14,0.054891986437680666,1.7016286838849987e-24,0.001342417024532505
Col1a1^Itga3_Itgb1,9.160870669609242e-22,2.8143034869895943e-25,0.002178877228394493,0.008323213062270188,4.404492243525183e-14,0.015082553187289315,4.621142263889197e-16,1.3035620585197308e-12
Col1a1^Itga5,0.0020792435601277534,2.2748386303816448e-26,0.017518784331634195,0.00036923949168803896,1.4456749265257857e-07,0.08312208574193324,1.7488852545604486e-15,0.025293353347213388
Col1a1^Itga9_Itgb1,0.013300749640041694,4.917389898205948e-22,0.00480169058254609,4.634726989279695e-08,3.2670756093004163e-07,0.07075634268778053,2.390969779581531e-15,0.024816662773978707
Col1a1^Sdc1,3.530999658589683e-34,9.048268938238948e-22,1.5947386774070893e-06,0.009745222626979392,1.0446691439167147e-11,0.028042912220226333,1.5054501535836226e-20,0.03274608085255912
Col1a2^Cd36,0.028713116639662865,1.0619782585411516e-09,0.07667607376140831,0.057107992337256136,0.0001187990831259959,0.12139057574824404,2.1696947409793988e-17,9.69427069387397e-06
Col1a2^Cd44,0.046173767239155096,0.004515708508077427,0.000529427130034044,1.7824760378211737e-05,0.004019895578102836,0.06747500742194108,1.8315119267605694e-07,0.0023116950819950712
Col1a2^Cd93,0.017367626724004073,1.0608750699496169e-06,0.11021898278071256,0.008610302663679053,6.79149118434518e-08,0.1004792566802257,4.582450398302757e-19,3.135739582563277e-13
Col1a2^Flt4,1.867071341866313e-40,1.271322337869419e-06,0.0598210034872151,0.002070228023630483,3.431582075193138e-13,0.03781109589847069,1.5630381057978138e-19,1.1714551130093681e-12
Col1a2^Itga11_Itgb1,8.621936017813043e-52,2.4424357240066112e-12,8.160145510715832e-17,9.64049206011973e-13,0.000161705867249944,0.000846612749346161,4.568972509959883e-19,0.042739081020671484
Col1a2^Itga1_Itgb1,2.8484154372820187e-30,3.9061853519972257e-08,0.05682546428224605,0.025541027360228723,5.093669860965813e-08,0.0523124415975966,1.3737543580082247e-15,0.005487809433034264
Col1a2^Itga2b,6.850169620947818e-59,0.0003141526688629576,4.962446372792585e-07,1.3357737857777825e-05,4.575307374465099e-05,0.002732292526954478,6.107389101629111e-05,0.0028168837939677098
Col1a2^Itga3_Itgb1,2.910064824907922e-18,0.0019259400621423643,0.00367732508188641,0.012200327363207527,4.329767872919664e-09,0.015733276309550667,4.524866673550526e-06,9.307516288917619e-11
Col1a2^Itga9_Itgb1,0.023802631291932018,0.007414016581867572,0.011175391740138046,7.904987558791617e-06,0.00325130389515212,0.07087419517845771,1.404676639232658e-08,0.03460577079352422
Col1a2^Itgb3,4.764486034011001e-24,9.630802278653837e-09,0.0005071276985961949,0.007221537844430157,1.2671411829841727e-08,0.009075576222375144,1.591109674265023e-08,0.005445148012988729
Col1a2^Sdc1,1.3588498873001528e-30,0.0036172347295904835,6.709625824612377e-05,0.017910051354641437,0.00037330514583891884,0.027742367155907704,3.833952561465094e-11,0.043175872430365296
Col20a1^Itga11_Itgb1,8.165238483232336e-52,2.5394437328811445e-19,4.021350517493585e-24,4.886909972144245e-18,0.0005610272564835505,1.2813503424974685e-22,7.464646548355356e-05,0.0009764604227555545
Col20a1^Itga1_Itgb1,6.524745410392076e-05,9.295698221770583e-05,0.0017483299931256853,0.0006720977234218157,7.588776414169113e-11,6.510184140618703e-21,0.0009395319376366806,6.754456896256661e-05
Col27a1^Itga11_Itgb1,2.017549638556336e-55,2.325052023478864e-24,1.2382386755600667e-24,2.460727715170458e-12,6.650097263072318e-12,8.508672032893374e-05,4.504148687225441e-08,0.013029000427198931
Col27a1^Itga1_Itgb1,4.236033084146833e-28,3.661403735494795e-29,0.020590486822684502,0.006803576365212689,7.04622381632382e-16,0.019226023896532538,2.2144814892481514e-09,0.0015475838543329943
Col3a1^Ddr1,1.849390960896172e-26,0.00119230586086854,7.645061078891176e-05,0.03708186753689024,0.001296597764717505,0.031088137293535625,3.20084894690072e-05,0.04166018532994617
Col3a1^Ddr2,5.41310764773976e-32,2.5598527139141117e-06,1.3188502699503167e-13,0.014853938383007262,0.00010506782141775145,0.022054858912878877,1.134043068271554e-12,0.11647155338414412
Col3a1^Itga11_Itgb1,2.1599658590195973e-52,2.341479442629297e-10,1.9364710210888316e-17,1.4428611180028285e-11,3.3161706187789116e-05,0.001262476805750796,8.582439761680145e-17,0.04192482899159348
Col3a1^Itga1_Itgb1,2.191648438920849e-32,9.801863694658465e-09,0.0556178387152781,0.025605435961064585,1.8103192567575653e-08,0.053266597177195764,9.65100227065032e-09,0.005040870324716795
Col4a1^Cd44,0.08524627873642866,0.025686212073011465,0.016646350913223515,0.017325411815385484,0.03428707851080659,0.021560649039818205,1.351073203649381e-15,0.0016977839058344964
Col4a1^Cd47,0.056394361228178015,0.09797532713312562,0.07091818332710931,0.0343568713713049,0.1201941621085885,0.05959961530009211,4.4756422374256676e-14,0.04651717930389679
Col4a1^Cd93,0.0406812631404566,0.14447746416809862,0.13888357976687526,0.022992727250607026,5.141111087911179e-06,0.02821563544462152,3.557661357688346e-17,7.047790134636643e-06
Col4a1^Itga11_Itgb1,1.1964513674000164e-50,5.55773338811162e-12,9.364661897254471e-20,1.2239802573314908e-10,0.03440496859514434,2.4774043512775587e-07,3.973560214794907e-19,0.022855260318647135
Col4a1^Itga1_Itgb1,4.549789778626165e-22,0.06844347152107759,0.07514755665176842,0.049377903902059955,0.00012929867304763227,0.0018769034006709201,7.923662118209416e-15,0.018725363751553138
Col4a1^Itga3_Itgb1,4.026650364940648e-12,0.013771814260495455,0.006342382531056069,0.02304562645408359,0.0004631259531361254,0.00805127822211812,8.237678978668776e-10,1.5830393675687775e-09
Col4a1^Itga9_Itgb1,0.04413540781084844,0.04460537208857904,0.027068102169795116,0.0015202151967035266,0.060482780670766983,0.029615136984186097,7.315556216218699e-12,0.0230956564593705
Col4a1^Sdc1,3.768639710897315e-36,0.013508594533463427,0.006093376281496187,0.03192162652662214,0.04536233132701189,0.011219155997778417,1.9286673572635803e-11,0.02752598495870191
Col4a2^Cd44,0.07998635066748504,0.02360261659666858,0.02127421378059719,0.018557749192336586,0.03230316201173353,0.006970741348477972,2.17903738493091e-13,0.006707186725163639
Col4a2^Cd93,0.04133673392514023,0.13163479849389642,0.14074746915112796,0.026334179881443567,1.1540548459895787e-05,0.0011509246462620346,1.4127353672019507e-12,0.00010870894929974674
Col4a2^Itga11_Itgb1,3.1143515280462215e-51,2.8378470995061195e-12,8.813495719748669e-20,2.2880196436748423e-11,0.03484725414788892,6.0344583378415685e-09,4.719119674065942e-17,0.016591721984585514
Col4a2^Itga1_Itgb1,2.871619053301314e-22,0.06442607253781997,0.06851571073236318,0.04655732461098708,0.0005625364977673309,2.8530446326148516e-06,2.7108190867733297e-10,0.016369544797711414
Col4a2^Itga3_Itgb1,3.981476305567328e-06,0.012022316565269106,0.006664131279859601,0.021813660029837634,0.0010090635826393208,0.004331124008118154,1.8107203989312016e-05,8.398674522723707e-09
Col4a2^Itga9_Itgb1,0.04242286393261657,0.03990738308212438,0.031512175764374595,0.0032033639801112576,0.058660872944783476,0.012068852384453637,1.1359359746232652e-07,0.021242920797207077
Col4a2^Itgb3,1.0555265204960796e-14,0.004216818158997598,0.0015365782124023852,0.012585615119978036,0.007094670868911476,0.002303152333026824,2.482452131143788e-07,0.0031328849662008856
Col4a2^Itgb5,0.05703558932645452,0.024351764129647853,0.02352743252074854,0.06813294582927965,0.1246138172070581,0.009676308589107752,1.0748526324708358e-09,0.05617333887445104
Col4a2^Sdc1,3.351936884790436e-33,0.01138566630647764,0.009382033605902998,0.029642476565645504,0.04479798371679165,0.0036250699872875025,6.820352124287226e-08,0.02455056850111637
Col4a3^Cd44,0.013308361366668983,0.0026046423166004437,1.3627112252841273e-07,5.416192121284602e-09,0.001453694774244796,0.02887113234789242,6.78525662311542e-29,1.9465773210257108e-06
Col4a3^Cd47,0.002369122927643062,0.009826070901343275,0.0012888724679832252,1.5712027279064508e-06,0.00927511234382891,0.0705750451710791,1.602646293886726e-19,0.012651168616935594
Col4a3^Cd93,0.0001799240050740359,0.010472931151793211,0.02050592825061181,3.02923858854268e-05,8.505056452734513e-12,0.05023593724618426,1.48611026138397e-27,1.468576411209021e-20
Col4a3^Itga11_Itgb1,2.052327352388503e-53,4.863319966298271e-05,1.1407138004728176e-17,2.1084298779468002e-08,0.0010829209620811613,0.0022436768299517076,1.2409768034889786e-32,0.011959910500476999
Col4a3^Itga1_Itgb1,1.2107492495783309e-35,0.00500666863943859,0.011277297954666657,0.004721621741448915,1.0681891971500054e-09,0.026515464011945024,2.886617500940388e-27,1.6480724119781492e-05
Col4a3^Itga3_Itgb1,1.2774136358006376e-24,0.0014321104852212452,0.00022203609314815792,0.0036644709867087494,5.760376200992214e-11,0.006938332268779984,7.286122243931705e-24,2.3551745668804554e-18
Col4a3^Itga9_Itgb1,0.004802441293201468,0.004725875158060902,7.695967361956871e-05,1.2878281972593847e-09,0.003432050796753862,0.030452823526923797,7.198538884571891e-23,0.005180748259393708
Col4a3^Itgb3,1.0134784695276384e-47,0.0007300369980956653,0.00024627842157386886,0.0013122389657150698,5.477426147628756e-11,0.0031943840791992455,6.691876949354076e-29,0.0012419491688573103
Col4a3^Sdc1,1.1815605393951133e-38,0.0019047676935523947,1.920559849173683e-09,0.004200745199590815,0.0001096131710097297,0.012937831298665358,8.433209948839536e-28,0.011981408940532741
Col4a4^Cd44,0.018261738043348286,0.00361761659774644,4.906443282535063e-06,1.4732962257484123e-07,0.0013683501558875554,0.032400555947327214,1.2732029854414846e-21,5.2073102166290125e-05
Col4a4^Cd47,0.007582727475888341,0.014341379066577115,0.00425319299365781,1.5214446351340785e-05,0.008355969374739392,0.07846224366978187,1.1335699193894522e-17,0.02169884153933077
Col4a4^Cd93,0.0014235568450190175,0.014966121003529204,0.030553821479605666,0.0001925281731042884,7.357203418431587e-11,0.05602251697357917,4.491515397783172e-25,3.101124030383376e-18
Col4a4^Itga11_Itgb1,3.037850573828178e-50,1.9665357706342627e-09,1.3889957570610775e-16,5.728502043222271e-13,0.0015275401091999063,0.0008526106614363724,1.0322665359957475e-25,0.016093469141242166
Col4a4^Itga1_Itgb1,2.1741329630097747e-35,0.006544730350272754,0.015910535074967577,0.006036117747167995,2.6456992244029984e-08,0.029021850804814234,3.3270807568821002e-21,0.0001730783102241957
Col4a4^Itga3_Itgb1,1.9982365951750918e-20,0.0022984767502890273,0.0003126105456100997,0.003617596946476591,8.030136948493995e-12,0.007855310430990815,6.658604340462715e-17,5.439983838441966e-17
Col4a4^Itga9_Itgb1,0.0075232201645625985,0.006801206619439283,0.0008576671423290755,8.404440088236312e-11,0.00308080351165918,0.0334165111327203,1.508696366393192e-17,0.008738518157163406
Col4a4^Itgb3,1.1498888989296503e-43,0.0012923118540150442,0.00022007376739101943,0.0022128456669471214,1.8109031618484197e-11,0.003633619523533602,1.5009900534936174e-15,0.0013842112119584267
Col4a4^Sdc1,5.6218635252209824e-36,0.002056163346930525,1.5243264122166402e-07,0.005448579612596423,0.0008491174490658336,0.014243065390451864,7.374552036402462e-23,0.014848527794142499
Col4a5^Cd44,0.027520496841981244,9.357579519572705e-07,0.007090430817189935,0.005729694301762707,0.0011580149340542512,0.026723365884819977,1.3377757873029257e-25,0.006678092327489549
Col4a5^Cd47,0.020291582048462136,4.020796667834982e-06,0.03897203042420932,0.01509422299765395,0.002977140491239978,0.05176919777372592,1.759306789789572e-26,0.04946801895462347
Col4a5^Cd93,0.012383385425109196,4.934478489018269e-08,0.07822551297397944,0.009413369412317482,1.2153711027689893e-06,0.03795787603434867,2.9849526058774645e-29,9.552657293280607e-10
Col4a5^Itga11_Itgb1,5.5526255756234955e-52,4.286039266396914e-19,6.636247540498352e-23,4.407394609703046e-11,5.2432846940595044e-05,3.941271223054105e-07,1.3089811320181676e-29,0.021489561272199788
Col4a5^Itga1_Itgb1,3.0196040790801036e-25,7.983628603231914e-11,0.04067247244031431,0.016744282680744748,8.854585369964674e-11,0.01692661213246906,1.0387177215016981e-27,0.007384287192364838
Col4a5^Itga3_Itgb1,6.834724628878167e-18,0.0010286205869549083,0.003319388401883158,0.007011793665758623,7.563020237195344e-08,0.0068866068416407415,6.013703666011951e-18,3.843417298452544e-09
Col4a5^Itga9_Itgb1,0.01504067885543983,0.0008812586755659692,0.014526827420110258,0.002774973433783368,0.002076611524011481,0.02465839417995441,1.3506039259308969e-22,0.02305549001404739
Col4a5^Sdc1,5.38141021204892e-35,0.0006595203087490367,0.004191791873882305,0.012629026384976908,0.0003161013120214096,0.009038676946187998,1.4190891776960219e-24,0.02658207027037728
Col4a6^Cd44,0.009567319642053904,3.6038823459502297e-29,2.928253265152283e-09,5.492384964236516e-11,2.1819558059667987e-10,0.029858592159862085,4.224610921429955e-47,1.315232277487967e-06
Col4a6^Cd47,1.7412131825692535e-06,3.054337806401476e-25,0.0016750352284349186,6.549461280436668e-08,4.399452021790487e-09,0.07184321628990255,1.2456462416277926e-41,0.015059346532058114
Col4a6^Cd93,1.879793803025332e-09,1.834647790011901e-33,0.02454548514542996,4.568675927233401e-07,2.9167194273615206e-21,0.051863434132383514,1.5176849692670428e-45,3.2417551057411304e-20
Col4a6^Itga11_Itgb1,1.3648394528906762e-53,3.7946831313193494e-25,7.779289431385768e-21,2.251363228383517e-16,5.5572473611469204e-14,0.001721834665735287,3.381840520771684e-50,0.011795106666530362
Col4a6^Itga1_Itgb1,4.774363801875214e-41,1.1265257795514915e-32,0.012202967156623369,0.0023173790248407367,2.741089159236177e-18,0.028159352612981282,7.015329307063599e-43,1.8632396263220178e-05
Col4a6^Itga3_Itgb1,1.4104699253395596e-23,2.9660527901283693e-35,0.00010152094437081687,0.002397015664594493,1.8203985535594448e-17,0.006692460004387596,2.1351561243105624e-34,3.5068038510269255e-15
Col4a6^Itga9_Itgb1,0.00322243915636492,6.512047240106459e-28,4.7452987773250515e-05,2.709386927111997e-09,7.109879644180983e-10,0.03091130847225732,6.072746638784482e-40,0.00643798140039637
Col4a6^Sdc1,3.0017123240979806e-39,1.2844078097648898e-31,1.3100458497914548e-10,0.002107278468711572,8.395503175124214e-16,0.013319152296933123,6.521304501865829e-43,0.011147092749141121
Col5a1^Itga11_Itgb1,1.393565231609334e-52,1.4383953699764968e-25,4.382760491830724e-20,1.7321525959051537e-13,3.840672269028126e-13,0.002396103589230651,8.324044064070533e-32,0.02259906946828583
Col5a1^Itga1_Itgb1,1.9077643021724926e-37,5.597441719133251e-23,0.023521536192606666,0.007261557390308678,9.785136648954385e-15,0.044328787537142325,3.1097997677665497e-28,0.00040033436797689247
Col5a1^Sdc3,0.015989408328819493,1.7912339930346245e-18,0.009838433870569818,2.875680906858815e-10,9.704917060959195e-07,0.07725954604445137,9.156742161731823e-24,0.0048595889740006845
Col5a2^Ddr1,2.0202516826543864e-29,0.004710767052646077,7.276161024319853e-06,0.026478105220142295,0.004830988672160318,0.02263572797232182,5.63787561724581e-21,0.026864215264228407
Col5a2^Itga11_Itgb1,5.1806787734549733e-51,1.36487710217205e-07,6.10903987485473e-19,1.3884679745705706e-12,0.0022663622008745263,0.001005207162044608,2.6015218946038766e-28,0.02673874112499534
Col5a2^Itga1_Itgb1,6.123880493904845e-32,0.017062068706236732,0.029874741082830315,0.017865152289182902,5.823647699242528e-08,0.04269474098725044,5.254652164278006e-24,0.0019960891685740926
Col5a3^Itga11_Itgb1,5.711348103515803e-52,1.7362787681138524e-28,3.0287969784761667e-20,9.612694701082074e-13,2.312376568566494e-14,0.00157714542024455,5.129222610235843e-34,0.015606182171726863
Col5a3^Itga1_Itgb1,8.387456127432002e-32,2.681671647087836e-31,0.02705358720387729,0.007380091116159449,3.2157175777595927e-16,0.02509728156638836,2.6313739988270702e-33,0.002550120548496153
Col5a3^Sdc3,0.016935076694929597,1.5492973900516258e-30,0.018794208235042353,1.628930429222987e-07,8.916624424633623e-09,0.04389412274187125,8.970092712918723e-36,0.01008258849213433
Col6a1^Cd44,0.03383919295966049,1.0664549160172915e-12,3.268530576788199e-05,1.386347983025828e-06,0.00020926858778562316,0.06180374517823338,4.278955092563628e-15,0.005117252887853966
Col6a1^Itga11_Itgb1,1.810851435390104e-52,2.413770848111171e-17,1.9552157810400016e-16,8.055191560041249e-13,6.250537997094687e-11,0.0025820753170258024,2.7653755737293654e-24,0.03529758378515032
Col6a1^Itga1_Itgb1,3.4709326796475734e-34,4.840513484182305e-22,0.04574437642813179,0.01654077668088389,7.164442242653942e-13,0.04967580782854425,1.4058684518083402e-23,0.0034354992871298375
Col6a1^Itga3_Itgb1,3.3344649620859493e-22,5.1775889585565305e-17,0.003136989909815829,0.009899555239274264,2.25295284254988e-13,0.014353681062638431,2.0192426359799253e-14,3.2340043290324175e-11
Col6a1^Itga6,3.763824703666492e-06,2.2362853761496822e-20,0.05716423425123364,6.654205556005294e-05,4.750676918213459e-15,0.04785404117315138,9.635214192149883e-23,2.6721220805002785e-18
Col6a1^Itga9_Itgb1,0.017039861990199127,6.244386654775221e-12,0.00906871658553487,1.7266964269696036e-07,2.0691709514322073e-05,0.06541445090920246,2.0910203211752644e-15,0.02924461945199389
Col6a1^Sdc1,1.068407790374427e-30,7.068503241809194e-11,0.00019109400624955808,0.01213455646180154,2.1326625816035078e-08,0.026504876424880627,5.8473910760282084e-18,0.03614764505980048
Col6a2^Cd44,0.03492861586334738,1.4919029927397813e-15,0.00024576202397231644,2.2629449704210836e-06,1.0992808028606423e-05,0.06067563485289593,2.952530908301318e-06,0.005319240334468975
Col6a2^Itga11_Itgb1,8.399795417864695e-53,1.150953466560593e-18,1.638791583714164e-17,8.947660973991832e-13,1.2193317571908534e-09,0.0013688733469552393,1.1712882700573972e-20,0.03602276288698374
Col6a2^Itga1_Itgb1,1.0603676992078997e-32,2.160440464006095e-23,0.049511956253845524,0.01788622039185841,2.5731672874721566e-12,0.0468119546600697,1.7584349044148908e-17,0.00455105729053119
Col6a2^Itga3_Itgb1,1.2904665417164988e-21,8.86588108776125e-18,0.0034365867810473003,0.00992549610190891,2.7763692123183375e-12,0.014237965696955165,2.3066530467674174e-13,5.714612662829267e-11
Col6a2^Itga9_Itgb1,0.0180938959301463,1.2044677886980567e-15,0.01107419340318334,2.0523721697403485e-06,8.02738977068113e-06,0.0633139233124551,2.9925432454428614e-08,0.030902937053352102
Col6a2^Sdc1,6.439257664560055e-36,9.248563392315446e-13,0.000124315040902521,0.012930736783022919,2.126443795069436e-09,0.02574358383709654,6.145044594000026e-12,0.03683053714674228
Col6a3^Cd44,0.0212811476789522,1.3560468161341146e-08,1.9489647269583295e-05,0.00010994120961427225,0.00021014028443099874,0.04317974850972783,2.2663219752802702e-26,0.003948339171973114
Col6a3^Itga11_Itgb1,6.726399488722097e-53,2.1028410756436294e-22,3.209654038834759e-19,1.9367666719468692e-13,2.3563204374650834e-10,0.0023885395790384433,2.54258359498173e-35,0.021312591426684745
Col6a3^Itga1_Itgb1,8.003460681369484e-34,7.922783918098862e-18,0.027354392273433562,0.010687503531991563,1.3519561063104966e-13,0.035450921238167614,2.376881240589745e-30,0.001377691171324603
Col6a3^Itga3_Itgb1,3.9132848842517095e-22,5.690172772413974e-14,0.0018457655534639397,0.007146655781190041,5.279321040586112e-12,0.010510019391023244,2.1806957515452767e-24,2.2307479869764698e-11
Col6a3^Itga9_Itgb1,0.01000835615386097,1.0741164860250223e-09,0.004825748368395824,6.269646023438036e-05,0.00012768610093365391,0.04432982524376238,1.6200600007325952e-26,0.017659540928595258
Col6a3^Sdc1,1.0666886855955552e-36,1.5707408010991176e-08,4.841144703303265e-06,0.008134074859379005,2.4730859381599044e-09,0.01881400035944619,4.814805068456704e-30,0.023095420261027524
Col8a1^Itga11_Itgb1,1.3029512074803497e-53,8.466780312154195e-14,6.49157680264431e-17,7.842643048393311e-13,2.5518708287565065e-05,0.0028105054222980867,1.541449731566378e-28,0.019879775164709058
Col8a1^Itga1_Itgb1,1.1529330688502293e-33,1.420184883402201e-12,0.030200334119792362,0.011582744211347775,2.935317719769301e-10,0.032877147791652746,7.941394440429543e-30,0.0013523921204652415
Col8a2^Itga11_Itgb1,2.9161330137260315e-22,1.1712807026959935e-24,1.2021649103008784e-19,1.2628780455087242e-20,1.0930494345281063e-19,5.171703620113552e-24,8.306924986949517e-25,1.0854108210849933e-19
Col8a2^Itga1_Itgb1,7.315724478434024e-22,6.114793883896747e-24,1.1534751384490252e-19,1.6169079414650776e-20,1.0389784338170879e-19,1.1298068597772992e-23,4.447816298266819e-24,1.2136804694958148e-19
Comp^Cd36,0.014673328344559708,0.06422601518064827,2.5943596045304986e-05,0.03245267689457013,0.0018995794180514398,0.019901784769422084,2.4519102080043185e-14,1.8200115082290493e-08
Comp^Cd47,0.012081787334503304,0.05896207391841025,1.610563629024151e-07,0.009095177170933425,0.0405511212950883,0.02338911650388615,1.000217813117452e-11,1.2437013248658077e-05
Comp^Itga3_Itgb1,4.678974405471251e-54,0.008225204221988993,1.933085031101075e-10,0.007132203235472271,1.8930051154660296e-08,0.0018891864237022917,1.6686570106799718e-14,1.194507464889951e-13
Comp^Itga5,0.0035843450379207517,0.037259518453358134,1.2994292580460134e-07,0.005269474175061447,0.019259901939666143,0.014943618504719963,5.3255770037438044e-12,9.277173494834728e-08
Comp^Itgav_Itgb3,7.171350285468889e-45,0.002452474238335229,1.960373165077254e-10,0.00560639519913912,0.0024354011542565613,0.0010721274645870212,1.547000577035599e-17,7.3897757942146085e-06
Comp^Sdc1,1.3757363213743642e-42,0.009200412803453975,4.920671546590466e-12,0.009295987811255787,0.017606357602873227,0.005157932295275175,5.865462520443369e-15,2.752525307876575e-05
Copa^Cd74,0.10185824885132971,0.016683180148652284,0.035135984445346755,0.04022916458309151,0.01696442803852008,0.00633985451613878,0.01940401693697478,0.023434687299451765
Copa^P2ry6,0.12685989859600466,7.11522095682552e-05,8.534273036054864e-10,0.010186905694896744,0.011195750110012784,0.0029982207978519813,0.005041141264318707,0.020267443716151662
Csf1^Csf2ra,0.058106171624336254,6.860328660842157e-07,1.162790555535155e-34,7.138418383593979e-12,0.010865048668703605,0.016450796088207105,1.8108899544812065e-33,8.512205206285434e-09
Csf1^Csf3r,0.02556840712439842,0.00046870102049793036,1.4921203713794366e-29,1.6523622173277241e-31,5.883565125516953e-05,0.005358951345741106,2.307643258223818e-36,2.132270767306665e-24
Csf1^Sirpa,0.05667437244986616,0.013531962540686605,9.689149883418923e-10,1.7286534179358437e-16,0.02486645236624519,0.03472198006528545,2.0267852672947354e-24,0.012108783374485916
Csf1_Il34^Csf1r,0.013433876986918432,3.4630698766905115e-34,8.215251821154305e-14,9.146532022500055e-05,2.0513680911797458e-07,0.0009280221550218916,5.688654538668787e-60,0.001954218578938056
Cspg4^Itga3_Itgb1,5.912999182123923e-45,1.4031516069117637e-23,0.004782630100913446,0.005564847048723715,3.987060732841468e-07,2.6407117189883504e-35,8.18954249069938e-35,0.0011016060954982788
Ctf1^Il6st_Lifr,4.678348063251938e-39,0.001123753386612116,0.0038296517429537826,0.0016778171168213539,0.002036134269755814,6.380894486455558e-26,1.561537965882868e-23,0.002523658900018526
Cx3cl1^Cx3cr1,0.030726987386583457,0.004478341844232176,2.092514526351992e-11,2.065157787636941e-24,0.004408329810532481,0.004948752907251419,3.1327295253638104e-29,6.140899965213147e-14
Cx3cl1^Itgav,0.01016218470522431,0.012759134529912902,1.5399113723197386e-07,0.014555709012697569,0.03207491736326301,0.01849939125634603,1.8709256378406307e-15,0.004168292339464012
Cx3cl1^Itgb3,1.6891013606211058e-33,0.0019670646316949205,0.0001784797675201505,0.0025276289526790963,0.0034100256964295595,0.0019808955845895433,8.807722753200676e-13,0.00012699730547593164
Cxcl10^Dpp4,6.21608525953582e-15,0.00035570318938238626,1.0458382069868248e-06,0.0008362632152103609,6.197562240447379e-09,5.599128348732375e-34,0.00022505597059304934,9.617094362516513e-26
Cxcl10^Sdc4,1.9573786440197082e-11,0.00024768294230905093,3.790485705169134e-14,1.0842909337555596e-09,0.002498816343689262,6.817307432057869e-28,0.0008610039924359454,6.996616737557568e-19
Cxcl10^Tlr4,0.00011895202387861687,0.00027635986202159175,1.6135454288446774e-08,0.0004964486054187334,6.63556321362491e-12,1.437322244470661e-07,0.0005611800052326381,0.00017797593637720066
Cxcl12^Cxcr4,0.04835067787171549,0.0054644377919721345,0.003480793161486927,0.0035931057981470303,0.002020937075653185,3.395674675679548e-05,7.670653566191097e-15,2.95296298860816e-14
Cxcl12^Dpp4,0.004460632151648136,0.023060999833104057,0.01783076607703595,8.114266049353939e-23,0.00816065451573633,0.00668581398001568,0.002244173598900016,1.007467563981611e-05
Cxcl12^Itga4,0.0570429120339719,0.003176549587514918,6.780017513256499e-10,0.00314859528581708,0.007217840759788361,0.0014239202772543219,1.635512092253243e-21,1.6050305014008813e-10
Cxcl12^Itga5,0.02262343059183113,0.049707265354978825,0.04488107248487032,0.023433055720778643,0.056350118576566764,0.012921099434619904,0.001195613902627586,0.01948786455453421
Cxcl12^Itgav,0.027313489648948724,0.016632288485768025,0.0067791228554591925,0.043062313377425714,0.07233303979150249,0.017473566886957587,0.0006210274473750726,0.01555974154577189
Cxcl12^Itgb1,0.05440850636683461,0.10528402083281294,0.09981508470798967,0.09266165053153055,0.10538526640836314,0.0259792381188667,0.00022880317006986056,0.03828640040728639
Cxcl12^Itgb3,4.069872605264719e-12,0.0019849539614030273,0.0005507062599587065,0.010974137394949715,0.007383148394608019,0.003329377659287709,1.851599248696645e-05,0.001094027626619792
Cxcl12^Sdc4,0.035473310481396444,0.023161802499890766,0.010543819453001193,0.009660172338382457,0.09278635159495723,0.022947295314761973,0.00031505442107239906,0.026984660658875826
Cxcl14^Cxcr4,0.005844235523717024,6.255601754624723e-42,5.004864318153593e-19,9.649265230914854e-23,3.0156397896637635e-27,0.0013398855699753285,0.004803798261058232,1.9066053881574994e-30
Cxcl1^Dpp4,0.0016570965557151738,0.003508478975449543,0.006627348618711287,3.7983947892379727e-25,0.00019070091678293234,0.008790989987569381,0.005894704294076741,9.883333913989296e-10
Dcn^Egfr,0.0007847318820769749,7.672631922655176e-13,3.672254393049189e-26,5.659685335861409e-18,0.015784877852601124,0.007522481889413869,2.6565697483078342e-08,0.07090317947498412
Dcn^Tlr2,0.07403469968127978,0.004197356407980297,3.250695294260685e-11,6.549435630259891e-27,0.004293028258098286,0.03366474848869622,0.0008072529676612033,3.424287536415599e-07
Dcn^Tlr4,0.03986747010331232,0.011415107849748009,0.00010892263251932272,0.0003235904315548922,0.013357897163551348,0.04297988491263609,0.00755414520058468,0.0211596887921579
Dhh^Boc,1.582647104211456e-48,0.002314772871661128,6.247427455907408e-14,0.0002952747679256074,0.002426169423841183,0.0002512266934638258,1.9338932862620473e-17,1.0626124419214948e-14
Dhh^Cdon,1.894780813440074e-49,0.0011024716553886082,4.2769115258457055e-15,2.525273534510728e-16,0.004365968954670581,1.161377383605031e-07,2.180449624926291e-20,5.013480780226046e-16
Dkk3^Kremen1,1.6106844904309336e-25,9.064409244665104e-23,0.013242557585819834,0.02199240701496296,3.9649594945128345e-05,0.005403998509780351,9.50276393798419e-15,0.03914603893603506
Dll1^Notch1,0.0020727108929554355,0.03676143616220184,3.690187087848458e-08,0.000386876112443597,0.010350502284043946,1.3382993449137939e-08,3.0751974303436544e-17,7.483978792410857e-16
Dll1^Notch2,0.006124414309256386,0.011028319084320812,1.0350685015461367e-17,0.002191707696646345,0.02305404979380449,2.454437303723753e-18,5.851778081512457e-22,5.631861828455282e-21
Dll1^Notch3,1.2717142251008386e-49,0.0037512967857477476,6.706666484417645e-32,0.020197303234439853,0.011385052465786086,4.205775443940007e-25,2.543267554557081e-19,1.8939456019412497e-23
Dll1^Notch4,5.942401782105955e-46,0.02160467811989787,1.5031205994043739e-06,2.691954859554832e-05,9.912759413421078e-22,1.3591175752420224e-11,4.970006252345313e-20,3.858832029982444e-22
Dll4^Notch1,0.00495231775583212,0.08750191538019554,0.0005734769058851729,0.0010446996819485875,0.029657551087164235,5.411496800716776e-16,6.154909418105448e-17,6.754667109934948e-15
Dll4^Notch2,0.013525293636073335,0.021485608687384836,5.816065474537058e-14,0.003750219596510353,0.06113253216509237,3.2334899761114275e-25,5.0635486707568744e-21,7.063402366888685e-21
Dll4^Notch3,1.6478220109110586e-48,0.008251915853112255,4.838997377161951e-30,0.04803041412743615,0.02747522687322104,1.7082271649073883e-26,3.1948654747001207e-19,3.0433422487730552e-21
Dll4^Notch4,2.225262039855458e-40,0.05133579972895362,0.00235651948668103,0.0017110015516571915,4.018561742014835e-19,3.105339333851913e-21,2.0488925251954394e-20,2.3242521248393424e-16
Ecm1^Itgb4,2.2936486724344593e-30,0.007346302869891466,0.008189501307562694,1.8450095020257704e-29,1.6066664396510557e-11,0.008019684388214019,0.005045238739926721,4.0462884006420947e-16
Edn1^Ednra,7.455909955284276e-45,0.003170653290511874,9.774685056070858e-19,0.03174314638390201,0.005650780347699421,4.95025592754322e-10,1.626526851837215e-20,1.0594735202517167e-12
Edn1^Ednrb,0.0025095670691220747,0.04238901550507732,0.0014431979134815383,0.000637586765224949,1.1465389238652992e-06,0.010664644003354502,4.1768932715071435e-19,1.0686656550309453e-16
Efemp1^Egfr,0.0020830527598869183,2.0442866519533636e-12,2.984424279899608e-28,2.643556956034555e-19,0.00046354684733455225,0.008125793170913402,8.560916927854556e-18,0.03721805048369239
Efemp2^Aqp1,0.010493009572791803,0.02916600360190796,0.07007730807273715,0.022409097545084092,0.0013831607143530427,0.03297573612275723,0.008821302648982588,0.006049446924148101
Efemp2^Plscr4,0.0017621731739496573,0.02486275364908294,0.04998415922515123,0.0005828925642182482,0.016086861887473422,0.02762720429441825,0.008530147898819108,0.04602101171365782
Efna1^Epha2,2.318712872413231e-19,0.03702071727192429,0.008895769838786358,0.008850132013469209,2.6019866812673123e-11,5.791142180336565e-05,5.837079178642049e-17,1.591128502411015e-10
Efna1^Epha4,5.9114446486053166e-43,0.053410923250191894,0.008451519464370711,0.06080928335200052,0.0007409189617650235,4.188295034616818e-06,1.0905917049952474e-16,5.979874779093283e-11
Efna1^Ephb6,0.0011119914214478186,1.2707046983716914e-10,1.3468567905812312e-32,9.008736276891267e-29,0.002547595268965559,0.00027565348239290047,5.947817823367133e-37,6.382270469678445e-06
Efna2^Epha2,0.00020424141733442716,5.982067763383383e-34,0.0026656378671481916,0.0012822931549774262,6.09098143659388e-15,0.00233355852561695,2.7550788227570265e-38,6.833615421827752e-11
Efna2^Epha4,4.669972189239132e-53,3.4138113842659096e-34,0.003585807423585922,0.008328580687127166,3.1132333458898045e-12,0.005047194668627722,2.1093741910289453e-37,2.077727245582233e-09
Efna5^Epha2,2.082344053821588e-25,0.0052545347119493085,0.009630129781716594,0.002924698751584686,5.1064717721550284e-14,0.01697843244158566,7.024873482218521e-24,2.067266604228201e-14
Efna5^Epha4,7.206394050138536e-51,0.005302612157323214,0.008503676081959418,0.02670163647875753,5.892535629640152e-08,0.03006969194218401,3.342287982943464e-23,8.055939441987052e-11
Efna5^Ephb6,0.0013218569221430012,7.391806921097036e-28,8.191398823158744e-42,9.835909309155728e-31,6.023944434029576e-12,0.0008687506531456032,2.841576994283742e-27,0.0013975446115195276
Efnb1^Epha4,6.446091179951823e-41,0.03418647863826868,0.027363948358086303,0.061566490599782614,0.0015549064947244027,1.1720088363272445e-05,6.049751255589971e-11,2.4820177238980454e-07
Efnb1^Ephb3,3.732722096540356e-28,1.6378232309824812e-10,7.682281268137333e-26,5.157048417293053e-14,0.0024862311252709136,0.0004907767253712927,5.7563734631668944e-36,1.0998141632039287e-08
Efnb1^Ephb4,1.4124449725754654e-36,0.06137387213285784,0.05444565682530182,0.013174256641670528,0.018733514827782703,5.2720472774232725e-06,7.727018583422504e-09,0.00877255859921984
Efnb1^Ephb6,0.0015342936050666287,7.925373835505196e-13,1.204926088075486e-34,7.747531397021611e-29,0.00259209850103817,0.00045325839185638046,1.7571662333035977e-10,3.235981425900932e-05
Efnb1^Erbb2,1.064979467018421e-47,0.009920474365883504,0.00651549581961153,0.024832730763042973,0.010608201569721736,0.0008002127275624536,2.728608597482742e-05,0.0004658149199865586
Efnb2^Epha4,1.696125600847218e-43,0.05270980660532062,0.004929944423205002,0.05120328831450036,0.0013973545144412662,4.4808611628193505e-20,2.2672979143952475e-18,1.2482887456881312e-16
Efnb2^Ephb3,2.0094928071122776e-31,1.255533032849884e-07,5.670529458595043e-20,4.3595495068016695e-12,0.0020141552600387957,1.8657712428694943e-35,2.221073425442767e-34,3.155573130788426e-30
Efnb2^Ephb4,1.2070339331763805e-42,0.09497266123877732,0.014676451961616458,0.005924851144868061,0.018965762309118155,1.6333271981345833e-18,2.7316066595841036e-17,0.0005121582383363723
Efnb2^Ephb6,0.000843731178787713,4.724813947545293e-09,1.9828233747410226e-31,6.473718179108895e-30,0.0028850835509022913,1.4669692613906325e-38,3.154998408452324e-35,3.837114715397826e-30
Efnb2^Pecam1,6.734612784397984e-14,0.13596258190861538,0.018465653106437937,3.9397463832247224e-08,0.007442076187333895,3.095636805330463e-17,3.467557954333743e-17,0.004337152749844756
Enho^Gpr19,4.88099620746961e-40,3.9241115507884205e-07,0.000377247413726608,0.0041090080460495036,1.8462617226346213e-06,1.9180378961456367e-28,1.0832434440100163e-18,2.6706651299720017e-12
Entpd1^Adora2a,1.233922616010156e-12,0.028260946400405274,0.01036891866716355,0.01110184689188865,1.9814759009043452e-14,6.173679361287393e-20,0.024621992837070963,1.7580790890365888e-15
Entpd1^Adora2b,0.007334469994841316,0.001377114209759789,3.595803566215212e-29,0.01295018900974287,0.0019083750746712537,7.501457803663996e-22,0.004521035396398084,6.183184556687286e-14
Etv5^Erbb2,1.7533572757195214e-72,1.0509261866256806e-14,0.0020538000511437548,0.005172464854834304,7.227047631862008e-09,0.00038708161908529887,0.013939624538559346,0.004308422482983041
F11r^Itgal_Itgb2,0.05055266329886427,0.003077932620273369,3.0430107276032363e-29,1.9194606060215854e-20,0.006419682244314468,4.43120365545783e-31,1.0936764057898256e-13,1.495713213715173e-30
F13a1^Itga4,0.015805712062762923,9.988955952363392e-44,1.1766814286560647e-39,2.901678191712475e-26,8.811919570197782e-30,1.5893727792272636e-54,0.017968758617205476,9.002077549355062e-37
F13a1^Itga9,0.007638840379970048,1.4707026217606524e-31,2.53334020701206e-13,7.352240691325455e-19,5.093409864456529e-21,1.1819417216617522e-44,0.07599849286181763,1.2559848898326959e-11
F13a1^Itgb1,0.002976371877319072,2.837885436906399e-29,2.1381215395706927e-08,9.87156816702856e-10,3.4598766448524686e-21,6.10648658583311e-38,0.2036354167836629,1.3563762390457475e-13
Fabp5^Rxra,0.03710336586244876,0.05709294385452149,0.021906216445586442,0.034164404714226694,0.06492418508940247,0.00018932613431266185,0.007775127710794451,0.002882147344304772
Fadd^Abca1,0.0253433700083937,0.009190397173462128,0.012338639004841336,1.1357901784346967e-13,0.009292369059665972,0.0010176131199404086,0.007915939899586421,0.015088250718143351
Fadd^Fas,0.002983581900499569,0.014484276251440548,0.02116243476133929,0.008016602317244144,0.01019363335125998,0.0012657126533016946,0.01167171196531567,0.015952856657745096
Fadd^Tradd,0.011843769341339069,0.00896242677819991,0.012969121839071727,1.2069416309028774e-09,0.009707450764574289,0.0007147068032765727,0.006002180068429735,0.016442272407315255
Fadd^Traf2,0.009626356812838797,0.008961664784977078,0.010257072330436092,0.006987018579029296,0.007097911424968477,0.0023322151620659643,0.006604902390463044,0.009436860552936955
Fam3c^Lamp1,0.07374539437226971,0.09859305321867859,0.0491610659944332,0.06529778850296314,0.10246361755098828,0.06619126037696361,0.08133225327057356,0.04683074897195901
Fam3c^Lifr,0.030054830124102663,0.05686321259902513,0.030585121916182578,0.022333223026286677,0.029186084398621765,0.03137338255438204,0.04303714008965705,0.005420287991493118
Farp2^Plxna1,0.0004245077275676401,7.973627604035068e-15,0.0014435095433942247,0.0023146032806364483,5.752207868929054e-08,8.967362232799725e-33,6.034038213926014e-31,3.36373389129881e-13
Farp2^Plxna2,2.1573386571316255e-42,7.692114239567067e-13,0.005766336695609911,0.002151941305187795,0.00030446645718226956,6.0959471913573455e-40,8.308823167351194e-32,0.0012110157460306788
Farp2^Plxna3,4.396334163988109e-22,4.925823883463589e-26,1.1322106229755883e-19,5.482231175294634e-20,9.469121061665769e-20,6.4527401128598644e-24,3.0969284913094654e-24,1.144789196746976e-19
Farp2^Plxna4,0.000483539916308934,9.291887911417475e-25,0.0030935346175394807,0.005686131731807921,6.238362435156078e-07,1.987154831951189e-32,2.7969876850521753e-31,1.7843205921994433e-14
Fat4^Dchs1,9.72728479091093e-36,0.0212213937149419,0.002309940352564123,5.457280419274975e-16,0.014946998440281084,3.736458281697564e-07,1.3496174971982557e-15,2.721686350370011e-07
Fbln1^Itgb1,0.01310292673456476,1.0903035196684107e-08,0.040685953139823185,0.03846816307871429,0.0033345720065118575,0.22127959356203164,5.8030713087421475e-06,0.045481871711796185
Fbln2^Itgb3,2.092910661947757e-19,0.0016991171870840524,7.949737091366652e-05,0.006804081547215894,0.00201810696843664,0.008109330906045726,5.738949512772337e-15,0.003547759067025564
Fbn1^Itga5,0.010606572747092083,0.022780210277465386,0.022837858341760154,0.009814055501077558,0.017145055658057476,0.06545063282043298,1.1104884303254347e-13,0.026997739486754366
Fbn1^Itgb1,0.026123444012654536,0.04688639171945296,0.04879352899189752,0.04841747717240066,0.033051012675003204,0.14073311871324728,3.8003000586283045e-16,0.04346596305551037
Fbn1^Itgb3,1.750898928456272e-21,0.0012838574603387387,0.0001605363787163172,0.007423394665775976,7.004214814407243e-06,0.008120795817907039,8.156028506138059e-16,0.005269690507394019
Fgf10^Fgfr1,6.47441579690677e-13,3.3943427861128515e-38,7.981286539629048e-13,4.62850422964834e-21,6.401564897948987e-18,0.008386783193474114,1.3379853874647147e-48,0.006980110815960564
Fgf10^Fgfrl1,3.550192364534261e-38,4.0845821675982625e-39,8.189489019243104e-16,2.0584463069409235e-09,2.6915863006042112e-17,0.0028755837703528624,7.066497633609187e-49,0.0020211746420322795
Fgf12^Fgfr1,6.135665411387999e-05,3.844507780353912e-29,0.022185214187959816,0.014851470297811437,0.005615908736680217,1.0523144411366138e-31,1.0859706917280254e-17,0.039298260219337494
Fgf13^Egfr,3.7399110369168593e-26,7.3064142914883885e-34,6.886720173420357e-11,2.1945566023512548e-19,0.0013447750385644295,6.681251743173754e-32,1.7174638653043633e-30,0.011305889445590307
Fgf13^Fgfr1,0.00046992106607316977,4.326332247818701e-29,0.01274278501852663,0.00934493707931177,0.002587805912464361,2.0651418794113387e-24,9.457552392660258e-24,0.023290346447123522
Fgf13^Fgfr3,0.00024694952955891657,1.0393617303945524e-28,0.00703982739930063,0.001583679631914022,1.138645273076189e-09,7.248443800176376e-33,1.433488333452678e-27,5.3378948527810364e-08
Fgf16^Fgfr1,4.1237652743102494e-07,1.323089325182745e-32,0.0021055452673080463,4.027233332654413e-11,0.0002813297490720612,3.1573979280237494e-08,9.770402884471922e-36,0.007659122800156718
Fgf16^Fgfr3,0.0005176977637735303,3.65272308915466e-38,0.0009063827821979253,9.681799424261808e-21,3.39739315193578e-10,0.0004236437714435907,9.778097939817053e-43,0.00031571194174543737
Fgf18^Fgfr1,7.362943230604212e-10,2.3213701866685417e-33,4.187664256202199e-06,2.7053924429985077e-12,2.3313220709894873e-11,0.015228155747713456,8.388930810544955e-40,0.014020987067800736
Fgf18^Fgfr3,4.2661094565551525e-09,7.841508041074799e-41,0.0018855387660041793,2.3437688611345034e-13,9.373109731776679e-19,0.0053308385454112015,2.6272075675742148e-42,5.031566072644353e-11
Fgf1^Cd44,0.015783600350759246,6.761068093941257e-26,0.013931023067842059,0.009173895730442343,0.001037835371726157,3.956036088147433e-33,5.03665073503961e-33,0.007437274320104703
Fgf1^Cspg4,5.664536667144533e-38,6.648938548161963e-30,4.507417267370497e-18,0.029106261659855498,2.0648748011432017e-09,2.9248036870489902e-27,9.468936041709051e-26,0.005931424633960747
Fgf1^Egfr,5.065688906070766e-19,6.2952576145613755e-28,1.6927996674156688e-16,5.165921247214801e-16,0.00346629772872873,9.322743321642481e-40,2.1309186087963114e-31,0.01606086571270553
Fgf1^Fgfr1,0.0064113299986887475,6.019651108218942e-22,0.02157348092266992,0.014736529483239676,0.00573113824966194,1.2226178608093623e-33,2.364328345572133e-27,0.035226402997544135
Fgf1^Fgfr3,9.930219173681733e-05,2.726987793181842e-18,0.012672887079712513,0.0029603087585709418,2.1001259095543897e-06,2.570955613722504e-37,6.7019593648067005e-31,2.11493602477072e-06
Fgf1^Fgfrl1,3.208048520226001e-34,9.758999413741561e-20,0.007669758835349852,0.00997042316531688,0.0012727810402178906,1.3514602974080794e-33,2.813805560043487e-25,0.006218952170501536
Fgf1^Itgb3,3.812738462665331e-15,7.050325597610824e-06,0.001452839802257546,0.005079316275001121,7.144764264222557e-06,2.574914038770895e-30,3.853219414949299e-25,0.002109112210996786
Fgf1^Nrp1,0.013078228284710457,3.436689814349804e-20,0.07816142558323107,0.014713302894761623,0.0044622591103472015,7.249749044466118e-35,4.490754834115341e-29,0.027528620948171004
Fgf1^Tgfbr3,1.4542668035122646e-37,4.372706958393674e-21,0.026838120690824578,0.01622482857990155,0.00393687021852831,4.778296938457766e-35,2.0764122543253814e-27,0.025286995604041254
Fgf7^Fgfr1,2.6895614991702992e-05,3.2766250381020414e-28,0.0015123827616502473,9.99187422743921e-05,6.477063632954348e-08,0.02720413823810288,1.3276858280188927e-28,0.030058971518144777
Fgf7^Fgfr3,2.79453800584166e-20,2.640022959230991e-40,0.0068240164875107276,3.006597426173875e-05,6.676564657504996e-22,0.006541618738064588,9.303484246742627e-39,1.5540384283290218e-10
Fgf7^Nrp1,0.0002369582765683188,5.440894532278629e-33,0.02940076378882735,2.3701692246315187e-05,1.3776306022750104e-06,0.052843125515659055,8.889262542989725e-27,0.013322898287037234
Fgfr3^Epha4,2.0499328568016418e-46,0.015931866280990952,0.0036730574344526795,0.013136304785831394,0.001779259074899153,1.3619640095903218e-24,9.710978828219516e-09,9.196921200914675e-12
Fn1^C5ar1,0.06701735866458534,9.428375923445424e-05,4.026671984661674e-25,1.529979413039172e-22,0.0005998779817773228,0.0038978034442457335,1.3842848760314312e-20,3.69638468077006e-21
Fn1^Cd44,0.03873551770157657,0.014424793733597993,0.004082159048182466,0.005992173729404307,0.012195038125881448,0.0186706012645371,0.0011133858253040607,0.005358256897137559
Fn1^Dpp4,0.002101189557115148,0.013359133951036873,0.004568436551585006,2.8587829354740396e-25,0.0018017246274651877,0.009615139117732536,0.0026744779760457926,0.0018294894330092145
Fn1^Flt4,3.4968914506197896e-36,0.030845279246179858,0.025366546193028097,0.0017222283985709192,2.418706701038818e-13,0.011156222565845602,0.003452945370595977,5.086992786815284e-09
Fn1^Il17rc,2.695175878732951e-47,0.018628226934670627,0.01502250053267065,0.008133325216765176,0.01695622444526329,0.005400174428770566,0.0009790981099957177,0.025201008395491064
Fn1^Itga2b_Itgb3,8.187598421473445e-61,0.0007089504193435939,8.066679689299936e-05,3.6440246673503587e-29,1.8160618405409349e-06,0.0006016665515676972,0.0003503319909906606,0.001520857403912374
Fn1^Itga3_Itgb1,5.12909423066623e-11,0.006634533306736965,0.0008772133154726671,0.008304363212876056,3.5544573587887394e-06,0.006271526039117754,0.002217760671000842,1.4515145759628991e-10
Fn1^Itga4_Itgb1,0.031025802536362716,0.0013455418796587523,7.539424765309907e-20,0.0012190238869213671,0.0015828676012900381,0.004043892091026984,1.056530095645974e-18,2.1966575628662603e-14
Fn1^Itga5_Itgb1,0.010590286830075192,0.028611797789322522,0.01456434062048321,0.009287709526841532,0.02036276291288935,0.02240268965136087,0.005272283460908326,0.016920978277365547
Fn1^Itga6,0.0016544869175282371,0.034761657799839224,0.030336462595493094,0.0012215559894103634,5.307273438601102e-11,0.017200806686866073,0.0026466073268141496,3.710308826781637e-13
Fn1^Itga8_Itgb1,2.5280727165133053e-16,2.0430903543629307e-06,7.610108516684561e-21,0.02831773712783435,0.006131257958635579,0.0016443587752964146,0.00048075920891992334,0.010683808804941075
Fn1^Itga9,0.019369652619502162,0.02093132182897049,0.006260276223973441,0.0008567536510494979,0.020580193820659124,0.021142216410710808,0.003819642742070325,0.013666702132131545
Fn1^Itgav_Itgb1,0.015282379069856258,0.01238194967030175,3.796265054485289e-05,0.01937604213457094,0.025253735143578038,0.01529127105668769,0.0012526943270435304,0.02165803777117364
Fn1^Itgav_Itgb3,5.531065585182802e-12,0.002286842054050866,2.5127826504090267e-05,0.008118116287838005,0.0011400078538798114,0.0025154547760554845,0.0007288345302151281,0.0071003910419615394
Fn1^Plaur,0.017345122807973033,0.016712363876975066,0.011770614782965679,7.270603547035944e-12,0.0038070921272545365,0.011598508991868874,0.004393860953238929,0.003465218979041658
Fn1^Robo4,1.032845813077511e-34,0.03484788407967453,0.04149900754639614,0.00016032362071342156,3.710723386157235e-16,0.0022139410060035645,0.0010917372879441828,2.7981886104408046e-06
Fn1^Sdc1,1.457167528555782e-29,0.00826703487732177,6.495591339821243e-05,0.012618954601793405,0.017397819104718146,0.008615625827602934,0.001029698670392579,0.016989563901554566
Fn1^Sdc2,1.8294503070914544e-34,0.008376496826983616,4.001782461116427e-05,0.0274836424087754,0.0456214426740705,0.005042917247581662,3.867758538695307e-05,0.05905295165718987
Fndc5^Itgav,0.0071109293458097396,4.705132145363878e-25,0.012028848645334198,0.021795558444172157,0.003215383854245143,3.387414430879031e-24,2.1910102346883452e-17,0.01984989595351764
Fndc5^Itgb5,0.013982509446611276,9.623656938545146e-29,0.016787838391190548,0.03188273075225755,0.006872788548011563,6.323676146174011e-25,2.4648615140044126e-17,0.0398022050618234
Frs3^Fgfr1,0.0005526680005892992,0.001758011611827604,0.0010295556840132722,0.0006658008778391834,0.0030278780638689708,2.898835618400301e-17,1.2505843044961861e-20,0.0024491155139358036
Fst^Bmpr2,3.9788355075504425e-26,1.2190114807102541e-33,0.0021908335720719364,4.902365478568849e-10,1.0452088103021157e-16,0.016011691275214155,1.3352976998502892e-40,0.00010105950299911713
Fstl1^Dip2a,3.943559549833277e-07,0.01775842343609775,0.009104649300580255,0.02872827694584533,0.014761499810818068,0.044481177648763484,8.20158180341154e-11,0.01762933700478982
Gas6^Axl,0.05484753196932895,0.01572812525629788,2.448690219149255e-10,0.04245039144865717,0.1308737627594895,0.026280198140781398,0.03796700373078453,0.12545340107269376
Gas6^Mertk,0.02895586014532934,0.017000879022777533,0.010369072655963577,0.01075857059831536,2.637107425306959e-06,0.01373036881261743,0.010228466673320202,1.679200596271612e-14
Gas6^Tyro3,1.0513036107960054e-29,0.0007818391718453519,0.003490348583232105,3.9154946202395406e-14,0.012049003522905027,0.00026855209008186794,0.0018399873856830538,0.015161576121342885
Gdf10^Bmpr2,0.0002503064135886032,4.491381933225012e-27,0.005122564929244596,0.0014468413192058435,3.001923110740573e-08,6.935660530203389e-09,3.676363443372705e-13,0.0032030690029975738
Gdf15^Ret,3.106229576402518e-76,2.377631057042993e-34,2.1925044707406656e-14,0.0001114215431341042,9.430479284404995e-10,1.1603663595092593e-39,0.00045098302413969135,0.0005954423855818885
Gdf15^Tgfbr2,0.001863052751904784,8.308972425951455e-29,2.708307117166093e-06,1.1087983849479347e-14,1.3187845934176632e-13,5.7448519462073686e-37,0.02045790317074742,0.0018244249437184663
Gdf9^Acvr2a,2.1954407820257873e-22,1.682259362465531e-25,1.201263359599971e-19,1.0784343376397248e-20,1.1175870332705436e-19,5.8810062083595214e-24,8.60901084598344e-26,1.039405639451432e-19
Gdf9^Bmpr1a,6.259452453902795e-22,1.693185738816866e-23,1.1929956481265028e-19,1.0258831419455596e-20,1.1023369604822099e-19,5.933235683561834e-23,3.470893851209618e-25,1.0615295296828783e-19
Gdf9^Bmpr2_Tgfbr1,7.810411734828407e-22,4.5776284822939844e-24,1.1838344760221316e-19,8.455816263927074e-21,1.024467620474823e-19,1.809965011090684e-24,2.3780816019841976e-24,1.324420223629418e-19
Gdf9^Fxyd6,5.104547056904628e-22,5.595937768318876e-23,1.1778956146619998e-19,1.2379837454690631e-20,9.328374344956439e-20,1.3027173924871534e-23,2.1444038985182352e-24,1.552656563461348e-19
Gdf9^Orai2,5.455318121150605e-23,3.6590096136380946e-25,1.173578990249564e-19,3.2635924433415877e-20,9.786755404361516e-20,3.1908839804632018e-24,5.325467223849599e-25,1.2528214175319394e-19
Gnai2^Adcy7,0.08277794369402688,2.5608875716607653e-10,7.178875603320072e-22,1.0852034384411093e-16,0.08100458083112234,1.916444806494882e-05,0.016185929972919434,0.06490379258652873
Gnai2^Adcy9,0.017652375937463553,0.006516327332321689,0.003659002474340296,0.072083825828587,0.007213561324048496,0.003228508496040517,0.012848353956544465,2.4911206703019683e-05
Gnai2^C5ar1,0.22506253601448453,0.0003576140729668478,1.654967112582915e-18,0.0003028299801934421,0.004191622633854225,3.139526322693633e-08,0.010648195080927516,2.5950334899452705e-13
Gnai2^Cav1,0.00015937234805715804,0.2066422038899127,0.17996553580532257,0.12021971425109361,0.03750162347387545,0.03436787194130272,0.1739809895890142,0.03361133627900969
Gnai2^Ccr5,0.16487209074544149,5.963783241051819e-05,1.7773599634651653e-19,0.003654833320395989,0.002337476906406735,1.1865244601096864e-08,0.007315700924842304,1.9029929346612796e-13
Gnai2^Ednra,2.181578307799841e-53,1.1809072826960639e-08,7.040550007562623e-14,0.2232188034798532,0.02191050920271054,0.00014113763459071852,0.02356617561491059,0.0017099560816624406
Gnai2^Ednrb,0.02522913639129573,0.14834972405336375,0.1163273284171401,0.004810121964354249,3.7764701786949486e-07,0.03424845510527088,0.11133701177949303,3.541069636532661e-09
Gnai2^Egfr,2.3989294863551074e-13,6.048912637346039e-14,1.819602081674113e-25,1.606171078079638e-19,0.07805846945100982,1.06199831268074e-05,0.009000900546462947,0.067270021257034
Gnai2^F2r,4.094880520598497e-43,0.1345573588399225,0.12565434953170426,0.0064259222446725675,0.10625869685929773,0.013761045484233327,0.12157318563895009,0.09510253229870821
Gnai2^Fpr1,0.0259856459461974,1.6338799500105617e-08,5.89977154590658e-14,0.006214200439085278,6.672589671155002e-05,2.291089517805656e-09,5.746186913807569e-05,8.708129585096782e-13
Gnai2^Igf1r,0.013022979155528941,0.07009742653318743,0.049625272777483014,0.06833393342545328,0.07376082621615804,0.030741830830105663,0.07839595501444342,0.041187219162155994
Gnai2^Ptpru,1.783925280312727e-55,0.03204035728342817,0.01792085354095436,0.017520699320767972,0.006608184358862615,0.015083287913435267,0.022821511543408408,0.0005944723119888497
Gnai2^S1pr1,0.043770587096153,0.1804131519395737,0.17187391385850215,0.02021550616414063,9.005161041390998e-06,0.019325307768151907,0.13159661053929206,1.8939374358317003e-05
Gnai2^S1pr3,8.686745203638369e-56,4.3760851048645886e-07,1.3471814928630875e-25,0.10066999523196332,0.10628054192462887,1.1564496512359871e-08,0.03118975351084561,0.0964526708269121
Gnai2^S1pr4,0.012213657594479793,0.0037541460712296484,0.006583546563286544,3.717233921219227e-16,1.950956535673192e-05,9.851699793924065e-05,4.8591100740222425e-09,0.0009385456981824823
Gnai2^Tbxa2r,1.254310620867332e-41,0.030502820061585192,0.033820247540471214,0.025981533280090577,2.8947858081884793e-07,1.254768065338139e-06,0.026600103177376388,0.008876214230451315
Gnai2^Unc5b,5.899968812759428e-34,0.051017321541238086,0.05926814859543481,0.04827148635404972,0.08028068735834627,3.0139868593818375e-05,0.05889480854187288,0.08217846052362257
Gnas^Adcy7,0.10552559061367756,4.7038228470241804e-11,7.164093193649168e-19,9.248985867593809e-16,0.08751301483790346,0.00014296891909622682,0.00440225561962456,0.0986449494733169
Gnas^Adcy9,0.021740703781032062,0.004971880245728213,0.00841688760182842,0.0927767281793553,0.008335065831682528,0.004193499928292476,0.008172288392038419,0.0013765354396754381
Gnas^Adrb2,0.15150097420815709,0.0233852408246156,0.03658657018543498,7.817820390312351e-11,0.006851168215057051,0.0020965106971382705,0.011413992889534224,1.1270103773823765e-05
Gp49a^Lair1,0.021736705862055,2.9841798674046224e-46,6.31272420120461e-46,2.5654723289579483e-34,6.418828217630769e-30,8.879865821569576e-55,0.02080542111756738,2.0476860927589993e-40
Gpi1^Amfr,0.05523244089609722,0.03305010472463747,0.07729454660766802,0.10350615194794845,0.04795674031575479,0.00017560407768937977,0.05822828597021697,0.055497676776130635
Grn^Egfr,1.075168987289231e-07,2.0933460240250735e-15,1.26032822249062e-28,2.3961116423502462e-19,0.042032154198353065,0.00023584634746769004,0.011668880115493661,0.06214185059056638
Grn^Sort1,2.0172959193450083e-13,0.014193320790167307,0.0013002949106327346,0.12167848212053829,0.0015489277623285302,0.020300380169120405,0.039641588047018596,7.688051705561085e-07
Grn^Tnfrsf1a,0.05874205202331099,0.07437126357624618,0.06869414442123221,0.019057936082803692,0.0622205779005671,0.056606847922843116,0.15654258828060008,0.06505706497932215
Grn^Tnfrsf1b,0.0733967333326788,0.01307360933928212,0.01377103715712104,3.698383095757823e-17,0.02451342047321111,0.009407339110367301,0.03478917620277033,0.02836486273260707
Gstp1^Egfr,3.0009863259209014e-06,2.4142279234588074e-13,1.3120042770681884e-21,1.1840125703417633e-17,0.038448387741871114,0.000531103929780477,4.86081790589653e-06,0.07422072717689088
Gstp1^Traf2,0.029622714172865595,0.02122909593544926,0.04160490009202375,0.030741185447741685,0.019729169579106386,0.01336914250569585,0.008216324586691743,0.03465407405363056
Gstp2^Egfr,0.0009123781809826223,1.3850580722257999e-24,1.1393082309913e-26,1.4129615040687778e-18,3.823076087292746e-06,0.0017160677422450486,6.538333764537823e-20,0.024941556485245372
Gstp2^Traf2,0.004865308209504818,9.809539207164139e-15,0.010789159121400998,0.006005405670408035,1.7517740473027433e-05,0.01265517892753853,4.937626411129784e-05,0.009251358395434502
H2-Aa^Lag3,0.0020703742304432836,3.3772520444713283e-18,3.61333143033392e-38,5.610064765861514e-12,0.006648419811463757,1.1584005893368398e-07,0.004711024995546013,0.007888293334821554
H2-Ab1^Lag3,0.0020305272724446474,4.441462891017463e-19,1.2563901126475423e-38,9.711554883042043e-15,0.006646823732308299,1.8998750158008606e-08,0.004844761011845214,0.008201027066531561
H2-Eb1^Lag3,0.0019862703417836045,3.2549306475187624e-19,3.015459564777901e-38,1.0625043121172952e-11,0.005841555164743426,2.5628229032071903e-08,0.004751994962625175,0.008108850226151987
H2-K1^Aplp2,0.03814462280920754,0.21815703230281894,0.12171094476652265,0.06796229350189528,0.13742014754274132,0.11187352087657747,0.19594363175182267,0.036781780676697434
H2-K1^Erbb2,1.3554550290364293e-51,0.018757497297963922,0.013790012793916031,0.0661983135818243,0.017020467254487387,0.010307067320464375,0.021756994932056954,0.006941682592063082
Has2^Cd44,0.0014963054647394343,6.312765254833034e-40,4.4415006460083406e-12,9.363470813593858e-22,6.3076665400114e-13,0.009754130015097538,4.784474690383595e-41,4.988084323256734e-05
Hbegf^Cd44,0.01935509703249617,0.011792937294233133,0.0059018377844972875,0.0032745530445786545,0.012582848480170243,2.5885800854375737e-33,1.0489321565911104e-25,1.4097649185024659e-12
Hbegf^Cd82,0.008454352962647141,0.01837004010224225,0.010847065622755782,0.010315122450294867,0.01856597016331128,4.76941488045699e-28,6.279288111287646e-20,1.0720017507641004e-06
Hbegf^Cd9,2.200196256764417e-05,0.03527565328022403,0.024379113896561534,0.0014698436996752574,0.04453507927218214,1.8813111340427476e-28,1.6109244859394944e-19,0.00033825086657097807
Hbegf^Egfr_Erbb2,1.795400404974366e-49,1.8841322814276754e-15,4.8774494602470974e-21,9.753433919414725e-21,0.010312944545961896,2.997173028558748e-30,1.0713990721575153e-22,1.2743755182637826e-09
Hdc^Hrh1,0.0032514643599333725,0.00031594510028084405,2.078229835752635e-34,1.873626758003691e-32,0.00046769333325585237,2.9802788800790523e-36,1.9421883133028144e-24,7.428305510817438e-38
Hsp90aa1^Egfr,1.445043928475629e-09,5.517532392122422e-14,4.2600194694002156e-24,7.187137719993057e-18,0.04583857189352035,2.6373489596925254e-05,0.004993653468666351,0.06306472078852553
Hsp90aa1^Erbb2,4.3161256276753027e-51,0.010660333564209439,0.018070364996281573,0.0532874088924695,0.010381088190726832,0.0032833013760290445,0.01329340211923779,0.014154451841442687
Hsp90aa1^Itgb3,8.962732631516616e-17,0.002879328005525763,0.0032499331683971365,0.012965810651900573,0.004253169988145454,0.0028884060588853316,0.006003246236040905,0.006157303532885343
Hsp90b1^Erbb2,7.992707643987863e-52,0.014427298484858886,0.018078483683037962,0.06743046231987213,0.014259339561044162,0.009759766550226626,0.018630719308771592,0.012683600581217133
Hsp90b1^Lrp1,0.08999666429487434,7.188261256851321e-07,2.5044059342812662e-17,0.027030386361834618,0.14465886100050415,0.008914517473985766,0.03547113206528254,0.1957199292603814
Hsp90b1^Tlr2,0.11512980381299599,0.009392623942113688,0.004195336909628989,3.974885950587926e-25,0.018047002236906633,0.014576390151790526,0.015149426675898577,0.0038230320455843775
Hsp90b1^Tlr4,0.06921653305402461,0.016389613012553053,0.016321033679743784,0.008022645887907137,0.03360433785285055,0.016415549507166605,0.0246437975296597,0.030004784360689703
Hspa1a^Tlr4,0.025876362060407426,0.004439126284219216,0.009229477966018956,0.0027808549385361196,0.01417860696846033,0.0006352877408918061,0.011912519318705973,0.014923438027459794
Hspa4^Tlr4,0.03504756959276453,0.007655731695272033,0.01414933457890181,0.00763967935286872,0.017368550317636726,0.0013136886989520704,0.011669996451948165,0.020020540665318325
Hspa8^Adrb2,0.15333044429042225,0.02306357650377681,0.035769903474966336,7.830738303218196e-13,0.006364519902256637,0.0007489951192199436,0.020745974817862868,0.0001897730475518146
Hspa8^Ldlr,0.04242159633648956,0.008899922016138552,0.012043142969083808,0.030599157199062584,0.043078989361149345,0.004857701168099149,0.018678048503719662,0.040701091718773216
Hspg2^Dag1,1.9377971802336466e-21,0.042728099419488706,0.024808809954477578,0.06995393339540612,0.05467733466575463,0.03013725284567195,5.241361164561543e-05,0.02271206632273982
Hspg2^Fgfr1,0.016170794711510793,0.04240603676642248,0.013278644486289582,0.02722032522381012,0.11931683260320947,0.045279384524180774,0.0003875391692761186,0.05877494346282102
Hspg2^Itgb1,0.05539612989916321,0.13296532390127788,0.08337466177574239,0.10412015281890116,0.11222153697284912,0.08129040752723009,6.427513327730888e-05,0.03771918556728887
Hspg2^Lrp1,0.05886659949186977,0.0004410797732287062,3.1254645126843417e-16,0.02609996104712826,0.15716696571189753,0.022485761110721064,9.631913549922319e-09,0.09498155657512126
Hspg2^Ptprs,2.394403779831835e-07,0.005850103703600301,9.198079849619689e-10,0.07028515060673364,0.06995062547090844,0.0204221567072464,1.070425111471665e-05,0.026670575478804144
Hspg2^Sdc1,9.22088397158227e-37,0.014672087776060301,0.00023424421137491748,0.03417761486897135,0.0438183527223429,0.015548880489409998,0.00010980299518169854,0.025507186968963515
Icam1^Cav1,1.1462858434991162e-10,0.11439366729222637,0.018831217675968383,0.03099802960235082,0.01740154439200796,0.07321619774130209,0.060362001482474406,1.4215127138964994e-05
Icam1^Egfr,2.4948376002077397e-10,5.043794581224e-13,5.450577454055755e-28,4.393050689341293e-18,0.03430816730623875,0.002659393245606986,0.0018699436488997048,0.02307318610679215
Icam1^Il2rg,0.03038448873487528,0.035504019388902824,0.01189340975112157,2.657581653508508e-05,1.118116458366471e-07,0.01721660018889166,0.014039508788654304,1.5531188352596694e-11
Icam1^Itgal_Itgb2,0.04396021241132403,0.000901275252240337,8.351423867355752e-27,1.57364272382731e-09,0.001371007846296968,0.0010721044331055316,1.0315038558585218e-06,3.985666748202203e-12
Icam1^Itgam_Itgb2,0.061741028425209614,0.002145334083455945,5.194702292188438e-21,1.8963162850389252e-12,0.0011639282356192937,0.0005313788735591298,1.2195755982362635e-06,5.9575694281246936e-18
Icam1^Spn,0.021973960578772243,0.0003775794896957879,8.890850066070408e-29,2.2282241815229263e-30,0.0006942896531121535,0.0003311202696237264,8.01571783704328e-07,2.8066821693259693e-14
Icam2^Itgal_Itgb2,0.05029647436898924,0.004452623779044069,5.726169626649524e-31,6.558029859824491e-22,0.007873626401007864,8.131609686384353e-38,1.8499241090800886e-23,8.299203097523215e-34
Icam2^Itgam_Itgb2,0.07082935429990579,0.006796366041869552,4.791327573507122e-30,5.364902929318928e-25,0.009704427132366154,1.1502035137091827e-37,8.107498157615348e-23,2.9095613514508485e-35
Igf1^Igf1r,2.5466205186568966e-08,5.620056852801383e-16,0.004669903999041738,0.014040159363174837,6.19617194091475e-11,0.07855886610090382,0.0723305750614281,0.020526806483205044
Igf1^Igf2r,3.895552601694544e-39,3.520652450071985e-18,0.018581603581393793,0.019628048464370627,2.794753917224765e-10,0.09057824666250944,0.08576127844877586,0.0189818979908679
Igf1^Insr,1.1854063232303236e-06,1.4552086257559218e-19,3.317039178429936e-05,0.039600415539650075,1.7977635472163742e-09,0.06684361206453589,0.05645842542002607,0.00023196353592344003
Igf1^Itga6_Itgb4,6.989362282097222e-28,2.2823659309220382e-12,0.011943391193246607,3.300279971133514e-26,2.159805107582972e-18,0.010151095759108704,0.010186526044308586,2.9310346562719757e-19
Igf1^Itgav_Itgb3,3.152241802667541e-30,5.423587187132343e-28,8.231806060519746e-13,0.008662829790983848,1.127670764371854e-15,0.00935375421631697,0.007744718279844118,0.005265931054550008
Igf2^Igf1r,0.0035109350693989364,0.031223926843693087,0.006065081786757911,0.020112719967414303,0.02495479862118371,7.317661742965713e-14,7.466740565808703e-19,1.2551836379212877e-07
Igf2^Igf2r,3.868009609165217e-30,0.04972481665279482,0.01084864067475395,0.022976256609929874,0.025046500993539247,1.9045690066680626e-13,2.4666064433920093e-18,2.9799484435269785e-05
Igf2^Insr,0.006241074198556491,0.022220321712091776,0.0023567691814383234,0.03740089295365815,0.011643229163479374,6.55168578623753e-16,2.4661634474254944e-19,1.4134300874366321e-11
Igf2^Itga6_Itgb4,1.1656991908433577e-33,0.010179945077487929,0.003374341997443553,1.7502638927296675e-29,1.178714306493827e-11,7.761309391011525e-16,1.0364600674487763e-16,1.3636396821126209e-05
Igf2^Itgav_Itgb3,9.103629693520506e-44,0.002180495690264238,3.593004912957546e-14,0.007648700399997721,0.0039243646474156945,5.765931744885648e-20,3.010901122399766e-20,8.432202692905565e-12
Igfbp4^Fzd8,5.425222883479633e-13,0.007599719769825624,0.011775244743875672,0.00905387826009423,1.0626513264443089e-08,0.01106962986549425,0.006148117462105531,9.17923375358993e-12
Igfbp4^Lrp6,0.045323411882170345,0.03296718474367058,0.013954509436931434,0.03271550575225721,0.02828407872362476,0.08008839016822555,0.04637513094052913,0.04674469207136822
Igsf10^Slamf9,0.01297338747853442,5.062637564175552e-37,3.636149062740948e-44,3.4597735917666936e-28,2.119010123861529e-20,0.010600616621511549,1.3473163688151321e-47,8.60219157541159e-37
Il11ra1^Cd40,0.036027119918507884,0.0057718421316840865,0.012140314544789846,1.1380892404924553e-06,5.620068552926743e-08,0.013915305377475817,0.0006687195846779036,8.447036809399018e-16
Il15ra^Axl,0.017045560370539965,0.005652281888516244,4.3727313758916475e-06,0.013565372498290174,0.026810290372558013,0.009656347671344009,1.6310015454951723e-15,0.05004683903296836
Il16^Ccr5,0.028930644640423865,1.6609590080513405e-15,1.4185884035418004e-36,1.8596748230383853e-24,2.1993017840894582e-11,2.1928606171745797e-15,0.009595825301553364,6.709801525723496e-26
Il16^Cd9,0.00044107422160392603,0.017268627155984227,0.005322257871037672,2.8297236175206407e-09,0.02538081170514263,0.019070177342190516,0.07882292388926397,0.004470718546659009
Il16^Kcnj15,3.522749665444442e-46,0.0008485298788381114,0.001109961342934917,1.0841996299908541e-17,4.6922766648657795e-07,1.0282514316767771e-05,0.001308676943627683,2.5145765343368188e-11
Il18^Il18bp,0.002200439144840844,1.4540799849209683e-28,0.001220402610613005,1.9693836283980035e-18,4.731363713295061e-31,5.942781410269211e-09,0.016514844577922776,8.273867109810218e-31
Il1b^Adrb2,0.012043094827180781,5.0342096459394205e-28,2.8835721174428272e-08,1.1084206124191933e-29,3.24635092608189e-25,2.554785977830851e-43,0.022682165718953498,2.5981410215147397e-28
Il1b^Il1r1_Il1rap,1.3843650174270393e-49,2.7410325031881375e-27,2.3858330103025093e-34,8.769533977590682e-14,2.891337223795383e-10,3.0288560939164617e-27,0.011406524995898188,0.006767685774001711
Il1b^Sigirr,2.6664181835144996e-12,7.562123792728014e-17,0.003293855111479204,3.2160024181078797e-24,1.6069033407446333e-37,1.9975688625783268e-29,0.030651073730137392,8.112202847351487e-40
Inhba^Actr2,0.008886254260880749,1.4852272933131073e-31,0.004326892162167201,0.0012118475370812573,4.031097714067766e-10,0.04620456263010269,1.4270671731553095e-41,0.009660974260125788
Inhba^Bambi,1.9534690911404407e-17,2.2240941922153021e-32,0.005730721605496451,0.0010322360751098497,2.1294581211043943e-11,0.02120451682533998,1.3222035172616377e-42,0.012025004480518882
Inhba^Eng,1.390633130436313e-07,2.2243974883862072e-33,0.026940832807159684,8.337699998480724e-05,6.945805776856384e-10,0.0459029859452818,1.1223144824205292e-41,0.009406869542299882
Inhba^Tgfbr3,2.365465177011239e-47,9.550490601780547e-32,0.007214290196930739,0.002217227078893435,3.246825493586691e-12,0.01973371756364923,1.5014338599570798e-42,0.019897727844602395
Inhba_Inhbb^Acvr1_Acvr2a,2.0669347728520954e-47,2.1206280171537286e-36,0.0002153253209771605,0.00024580759708781003,1.3802137799832517e-19,0.001694060111381934,1.9324113191309072e-44,0.0009771179189776709
Inhba_Inhbb^Acvr1_Acvr2b,1.132536068335557e-24,1.4598467374914643e-35,1.4749887489320728e-14,0.0009091333965825721,5.22473769970293e-21,0.0020639298256686658,1.0405661828196838e-33,5.32404338776429e-07
Irak4^Tlr4,0.016982203349081116,0.005748834013228468,8.55625994293863e-06,2.7558526092629067e-07,0.012297098479694875,0.0025394967449579925,0.01741492244117349,0.0029880025751556666
Itgav^Thy1,0.001521377626370883,2.9377542976761784e-18,1.326456356144585e-25,0.02226967869550454,1.786455991990312e-07,0.0007489479332481477,0.004169936399092676,0.017728400433769144
Itgb2^Thy1,6.96578210788699e-18,1.0129887851530959e-38,4.502914777738627e-46,0.004216858270358096,1.51150945956912e-12,4.068305486432699e-27,0.016923056824599735,0.0032292204855332934
Itgb3bp^Itgb3,2.6772444659101463e-33,8.420244045282841e-11,2.2702441055815785e-05,0.004736360591288606,7.610203183901097e-12,0.0017432924383050758,4.1399184041087305e-17,0.0018889977554090726
Itgb3bp^Itgb5,0.020183557957663325,2.968325268667077e-05,0.009158353315879046,0.028194554537829455,0.008267468206278088,0.014413338306932953,1.1782043208716474e-21,0.045020275363719595
Jag1^Notch1,0.015579940616378771,0.05361622841067151,0.060148828333618516,0.00894704328654293,0.016939123393023822,0.011204363372373209,2.3211781196556047e-17,0.02118808271292282
Jag1^Notch2,0.027646670491665044,0.013732150978145868,0.006747338151644609,0.014959878051973404,0.03877452402455332,0.012004251033822801,1.6098610279421669e-12,0.03185738663988483
Jag1^Notch3,6.345025682885821e-42,6.544986160658624e-09,3.511820884922488e-19,0.07620285048625051,0.009135406941177694,1.1180595531753888e-09,1.3099239750886323e-21,0.022078868661921765
Jag1^Notch4,1.0331213724285064e-22,0.02932794764290119,0.04362286809030089,0.007380033143354193,1.915092930134832e-12,9.703805008400656e-08,2.821087534197996e-18,5.958962610593412e-06
Jag2^Notch1,0.00021875888256664395,0.03995790276200615,0.006766704572931858,0.00015360634992220548,0.01833771259352025,3.919230034199851e-33,7.465547504783779e-16,1.400715002551111e-14
Jag2^Notch2,0.005683258978506338,0.009848642617663082,1.8732872316716213e-09,0.0002537320417307687,0.036055442087928366,7.904512846170145e-35,3.486656486752082e-16,2.620799084974829e-19
Jag2^Notch3,3.122796736733144e-51,0.003239681165077676,7.510208687903068e-24,0.016930446060609672,0.012878771697522483,2.057686225390462e-32,9.026747794636796e-22,5.83789319396448e-22
Jag2^Notch4,2.6631637837247995e-37,0.023135024363121356,0.0038688563154835793,0.002603184395379104,8.789199108535469e-18,3.4342727391998536e-33,4.52161116091447e-19,1.7412532376749212e-13
Jam2^Itga3_Itgb1,9.814759017854589e-13,0.013838009597644411,0.00348569349981066,0.01904502620423864,0.0007860707522936039,0.0041311715442903804,2.802540135024088e-12,2.048268856012408e-11
Jam2^Itga4_Itgb1,0.054846249987083685,0.005123940772345287,5.380218692850229e-09,0.00023050027227078612,0.010524118337166202,9.464361632564564e-05,1.0006433636429758e-34,1.1945640252902374e-12
Jam2^Itgav_Itgb1,0.02299696294116692,0.024280166134671332,0.00023172648083762202,0.040801606315723854,0.0846027909471176,0.019001435781523107,1.3995594449449974e-15,0.00010994985623314663
Jam3^Itgam_Itgb2,0.06150204278073094,1.3290850428933183e-07,3.48505510538471e-18,8.148638133461037e-19,0.0010870928257253388,0.002258680574474013,1.0284232189761916e-50,2.6265836343650638e-20
Jam3^Itgb1,0.04808146801981377,0.04499880494771483,0.12451409080567728,0.08418148759326022,0.04779976798644724,0.003644719856062497,3.7190049647171373e-28,0.0683417587714736
Kitl^Epor,0.012058646355050193,0.0005174647181096011,7.098154241590069e-20,0.003182377827312603,0.0007418387638359038,1.4305263764632203e-19,3.0251750466022453e-21,4.787963108865447e-29
Kitl^Kit,0.0035679068991955297,0.02002429659605104,0.009266825946145786,2.0107542556745442e-22,6.897753293266191e-15,1.2881420882660087e-15,5.984338732949511e-05,3.818334624994959e-19
L1cam^Cd9,0.0008596911663987106,0.0011289050826073736,0.0032283465668403837,3.5385867739301172e-09,0.002609056307297021,7.90287411298859e-38,0.0030873359005702135,0.0008544159338783334
L1cam^Egfr,0.0001627394884737897,3.0279747772007526e-20,3.2652910302364e-39,5.086300985615305e-26,0.0010142148724345732,8.492585959137688e-39,0.0003365235766693746,0.0004486809321808472
L1cam^Erbb2,7.810452182976718e-52,0.00019389944520965726,0.0002869275971219224,0.0014799019371107423,4.698148618844545e-07,4.3079687830144785e-32,0.0001655427441610901,1.439758229969906e-12
L1cam^Itga5_Itgb1,0.0003900002617309443,0.0007514804497987771,0.0013205025503819179,0.001496124853338898,0.0009460823351838542,8.237629636578749e-35,0.001910600177906931,7.990313261791204e-05
L1cam^Itgav_Itgb3,9.994836849506758e-13,7.082307299952943e-21,1.707257341538748e-31,0.00014049164592203872,0.000783128818356115,2.8732468596312894e-33,0.0002936480308928238,5.525535073576492e-09
Lama2^Cd44,0.02755282432420325,9.129615094675767e-28,0.0006138156728645184,9.251159830133036e-08,5.704120243550921e-07,0.05287104888607132,3.620536023618669e-25,0.0031231413297494685
Lama2^Dag1,1.5781987519859757e-20,1.9559533034330885e-28,0.016433635434550755,0.02574567881322861,3.3922749628226257e-09,0.047650960675671,2.5697701877637836e-27,0.031076885079173503
Lama2^Itga1,3.631285125364719e-33,4.983227349492037e-33,0.04707349416422917,0.014867771875480837,4.141478682062778e-15,0.03749196969115598,3.7365457761830435e-31,0.0043822061540177894
Lama2^Itga3_Itgb1,4.920735593143292e-22,1.822612114496475e-32,0.002726131403867583,0.007931357568997143,2.664674603491465e-14,0.01243059266941056,4.971285380127274e-28,2.28727277993975e-12
Lama2^Itga6_Itgb1,1.6537368195076554e-07,8.048568130704486e-32,0.05632325961072337,0.00011378786935395231,3.342151533881672e-17,0.036203180157064425,1.867367527691304e-33,8.42792126160822e-17
Lama2^Itga6_Itgb4,5.139209928664299e-25,1.7832826108723823e-24,0.013851774157120139,1.6325753775251392e-24,6.272651694611158e-16,0.007141784398816181,1.3372915908987155e-35,1.890617865549736e-14
Lama2^Itga7_Itgb1,7.566502793387988e-57,2.059720512260118e-33,5.556603222888558e-18,0.08191368316062676,8.446428185765411e-15,0.024196079847622873,1.748323071645576e-31,0.0017786439069120137
Lama2^Itga9_Itgb1,0.013660048534042589,2.7683948141712387e-27,0.011115838553459278,3.200225160237686e-08,8.355195544690962e-08,0.051921787221101426,3.099142037761513e-27,0.02658933802376605
Lama2^Rpsa,0.023615612423620137,7.228889120926923e-27,0.04822592746039952,0.030102432499497917,2.37426229256783e-06,0.18016058768303544,1.318579031235877e-28,0.08386924072188966
Lama4^Cd44,0.05779306236425406,0.02195870707655851,0.006131356117095603,0.0017498730855517815,0.0241307791333538,0.033238819843437156,3.1444431684703573e-28,2.1549907070860097e-05
Lama4^Dag1,1.110951048906675e-18,0.032161572674530466,0.015366405853624362,0.049819549146313244,0.03656109616365185,0.0354443285099844,1.3184211452068106e-19,0.017325770204821414
Lama4^Itga3_Itgb1,3.209704687200412e-17,0.010541085797324145,0.002268813458523259,0.016029903098298538,4.318906867114001e-05,0.009331500515331504,1.7267313170669125e-19,1.346297029241626e-11
Lama4^Itga6_Itgb1,0.0009392669954865362,0.057152668814690596,0.05389659682653979,0.0023826044090818595,7.444999656353156e-11,0.026681146918066678,5.416608888302588e-25,1.0404382076564746e-15
Lama4^Itga6_Itgb4,9.023564531553153e-26,0.011239317245557677,0.012602846762734543,4.381240797580957e-27,1.2919047509461712e-10,0.00541153663411878,7.310387199254257e-25,7.063293856722437e-13
Lama4^Itga7_Itgb1,2.541188749915779e-41,5.249099044733523e-07,2.0169733048885127e-13,0.15991367477464624,0.0008036720320471703,0.006175109653779069,1.628405934112017e-21,6.708924649422992e-07
Lama4^Itga9_Itgb1,0.027145888403213386,0.03373124069999911,0.010534655078890284,8.574799873199435e-05,0.03955031978158141,0.03983071554713156,2.1910021980237612e-21,0.01323519696170477
Lama5^Bcam,2.8651596776939033e-23,0.040182581207753705,0.03295245438959043,0.05247216671543743,0.011510595346993932,8.560420984730469e-29,3.1502709032185678e-21,2.489526767598228e-05
Lama5^Cd44,0.024007469269910237,0.010577738966448962,0.008153313411419671,0.008114905750432956,0.014749189913059058,1.1646594338778004e-31,1.6114749926196017e-26,1.7798381238218476e-11
Lama5^Dag1,2.1268528819985338e-20,0.014880440345086664,0.011911872154710883,0.027505853714380874,0.02421557228119115,8.341245469974522e-28,1.295367339863436e-19,3.786534347301379e-05
Lama5^Itga3_Itgb1,1.0166423957174157e-09,0.005308561924710552,0.0025749534060839486,0.007877164430979229,0.0006194447818469949,1.102514106430065e-25,1.175301178927958e-19,3.388522888150075e-10
Lama5^Itga6_Itgb1,0.0009001298681097975,0.0302703297608638,0.024067168430502852,0.0033815504592948787,9.426404558760424e-10,1.639999848368964e-33,1.1284935873339425e-22,1.6484623711967103e-10
Lama5^Itga6_Itgb4,4.408561166992679e-20,0.007651341163113539,0.004659357055872145,2.624458714352498e-26,1.0318435805309275e-10,2.9896160773958026e-28,1.7415164079966694e-22,3.679839815447058e-08
Lama5^Itga7_Itgb1,6.63632445499205e-39,5.6907229435942505e-08,2.9895100304410296e-15,0.0729933168398699,0.0033238436115941425,4.6463478914092914e-26,4.381989649491287e-23,1.3471600746611754e-10
Lama5^Itga9_Itgb1,0.01235349777113874,0.015291894900699748,0.011644427014002276,0.003816185397990905,0.024871314708580766,8.002470660573691e-28,3.3649192161103976e-21,4.894184732741059e-05
Lama5^Sdc1,1.857440806654976e-39,0.005516091888231128,0.0034237674776287736,0.012448304352939636,0.019972588931115736,3.4609245856117964e-26,4.574025728951355e-19,0.0017186271634342487
Lamb1^Cd44,0.04826626189299121,0.017408226363575443,0.004578902484973861,0.0007644661069481542,0.019125242217307256,0.034976614070422435,1.2649787023562414e-25,8.159032040611513e-05
Lamb1^Dag1,6.595516657628534e-19,0.023800642240685736,0.014093603458412776,0.042226594004968074,0.026987103269822153,0.03562661444553427,7.206992707672606e-19,0.017501092765315897
Lamb1^Itga1,4.605146725275923e-24,0.038032229978607605,0.041439435409699965,0.027551505329922746,3.3854394892234424e-06,0.024126227418919514,7.121220287995851e-22,0.0060700399335376866
Lamb1^Itga3_Itgb1,1.6083352992484393e-15,0.008102707210886705,0.0023556671730006916,0.01346282421149272,2.3306904406919046e-05,0.00909001689585866,2.4320087717573425e-18,3.1488325112659865e-12
Lamb1^Itga6_Itgb1,0.0007805986803946752,0.042604416638814646,0.050022149457172094,0.002118968098838394,7.947681660833762e-11,0.026525048412666036,8.998191337562633e-24,5.501885306306406e-15
Lamb1^Itga6_Itgb4,2.80587290898607e-22,0.008094346024887924,0.012653697027255415,3.0876862537473663e-26,9.847700941159096e-10,0.005262104281357538,8.178516533632874e-27,1.2737760521066402e-12
Lamb1^Itga7_Itgb1,7.891432777441101e-45,6.20826182936475e-08,9.848354911998314e-14,0.13300763915419317,0.00021558849761012233,0.008405664218063878,2.733657109638389e-21,1.1009473967383334e-05
Lamb1^Itga9_Itgb1,0.02297552040198237,0.02520148156630136,0.010607588649703735,3.469712219999219e-05,0.029647833183615024,0.038151656339626965,1.731205552860801e-20,0.014836974730717873
Lamb2^Cd44,0.07356259577089913,0.010783456466824602,0.027274871822432743,0.021830265576985832,0.01517408575535228,0.013442754409635495,1.379593229650089e-16,0.017664413898117175
Lamb2^Dag1,1.0573043397148894e-10,0.017335244962885018,0.04901119953167333,0.07274713543171593,0.02632752010988349,0.007373469043639707,3.862992033524553e-12,0.05021909649879298
Lamb2^Itga3_Itgb1,1.2698726211120883e-08,0.006169341153039371,0.009403421212263178,0.02236364496930998,0.00019927786849602391,0.005549011958235629,1.7841747788789975e-14,1.0567281816648148e-06
Lamb2^Itga6_Itgb1,0.007112590492213393,0.03476769936040275,0.10308187991504542,0.014360909330144214,9.622121468946058e-08,0.0005083427913333635,2.146814329666113e-17,5.185722329090835e-06
Lamb2^Itga6_Itgb4,1.8997367051455464e-13,0.007687666341999467,0.022942343049731945,1.4239253903873863e-22,1.0154425145398737e-05,0.0006701694362708923,3.624166243323093e-17,7.738560800438508e-05
Lamb2^Itga7_Itgb1,3.0338033868409768e-27,1.196569757439961e-12,5.043250854096012e-11,0.20164523466733675,0.00010182493225109954,7.086271573506095e-05,1.332151638035758e-15,0.00241441723346597
Lamb2^Itga9_Itgb1,0.04197350012648233,0.01862863053161676,0.045104094008444395,0.012187251881511351,0.027347442354266,0.010467655746858857,2.6593354869338147e-13,0.04780070879148633
Lamb2^Rpsa,0.10023545885788387,0.06822109805137715,0.16714572943547384,0.1344549929615973,0.088901603297635,0.033975670318130806,1.934017024198454e-16,0.14922459279787675
Lamc1^Cd44,0.06599806079829909,0.014010152404535233,0.004995255557864891,0.011091481523859359,0.014376366054662727,0.0507270086578618,0.0011548776298556285,0.003851651882660924
Lamc1^Dag1,2.2446119729061632e-17,0.019991289294952825,0.023418786714343654,0.05707401235660411,0.020943678284768057,0.04933299085445826,0.00345858675134747,0.03797121950448331
Lamc1^Itga1,6.704387793778961e-26,0.03129742425210185,0.06260706092260063,0.038192384516097286,4.637753724377263e-07,0.040026576643867925,0.00010823206571672106,0.008127883188423776
Lamc1^Itga3_Itgb1,3.780219936386138e-18,0.006863870009173617,0.003815215490173049,0.01800556277016352,1.6450418286042329e-06,0.013519989362076079,0.0014904426041478318,3.5035451789154915e-10
Lamc1^Itga6_Itgb1,0.0009701841053806157,0.03643082386941191,0.0760639252079312,0.005019633475567083,6.094211474088759e-10,0.03885302620147941,5.873074218154674e-05,1.1745798164145965e-13
Lamc1^Itga6_Itgb4,8.023980210845842e-24,0.007478528243447021,0.016935856613857464,3.593729133151466e-25,4.279167463857362e-09,0.008784499800847211,3.525580569794918e-06,3.2512768841958945e-13
Lamc1^Itga7_Itgb1,3.2236420207325426e-50,7.532635644035412e-13,1.251208689970046e-15,0.17730125005870628,8.034167957974566e-07,0.02182966776450639,6.797402203001898e-10,0.0002950893836051277
Lamc1^Itga9_Itgb1,0.03365679281335446,0.022280458243793776,0.01641228759954298,0.00042405310154698965,0.02487518048714396,0.059184838444691225,0.003498998549233108,0.03218630023034304
Lamc2^Cd151,3.375109840713988e-08,2.8011868543424444e-11,0.005330221628177185,0.00024310938300987472,0.0011137841936864118,0.010976793036080932,0.0032211153679027006,0.006246260120924486
Lamc2^Cd44,0.0028136441899428597,4.2657337127527655e-11,2.908511392594051e-06,4.0775161015605807e-10,0.00023449538305719988,0.006867444067816947,0.0009230798988486534,0.0007949089465987634
Lamc2^Dag1,3.024781817612574e-14,9.608257560069697e-09,0.0014433282617942233,0.005999824238718425,0.0003782801023151955,0.0058632400262421825,0.0009745886798350526,0.004151955866335187
Lamc2^Itga3_Itgb1,2.0068137597904298e-19,0.00023908239960838162,0.0002644109625328428,0.001332921112636607,7.905558019198353e-14,0.0014870286591613586,0.00025778253916357936,1.1229436994060184e-14
Lamc2^Itga6_Itgb1,0.0006602630262019047,2.0278045874793006e-15,0.006627772897322355,5.163681297571724e-06,7.438693406653439e-14,0.004518698811793014,0.0019005618827751195,3.3645117719107936e-18
Lamc2^Itga6_Itgb4,2.663452510759601e-13,1.284485187136036e-07,0.002902871271302268,7.17659153991075e-22,7.1594556058977705e-12,0.0014332500664471421,0.0011065127267385277,8.534607556687846e-12
Lamc2^Itga7_Itgb1,1.972941799853817e-55,3.245915126236454e-26,1.0507358080742694e-10,0.009310575983560306,1.8625603508624147e-08,0.0011658440713504107,3.672410531771419e-07,6.23399870982906e-07
Lamc2^Itga9_Itgb1,0.0010335793964038559,0.00020510584954479228,0.0006622074925232988,1.3914562998461727e-13,0.0003852955935539602,0.007095506450172214,0.0013096133420481659,0.0027596348408525677
Lcn2^Fcgr3,0.012452073013023543,0.0019147037309749895,1.1057484872802504e-11,2.305024882051933e-15,0.002407172494160728,0.0023218208127971838,0.0025991019652459586,0.0015833394465107258
Lefty1^Acvr2a,3.986749506126444e-06,1.456917806330905e-11,0.003297158010967312,7.157364245604269e-10,2.884699059451742e-05,0.013364473328846058,0.0014331877336555981,0.00047756758577080516
Lefty1^Acvr2b,4.622133449982641e-26,9.990980249773008e-14,0.0017985078074251935,0.002788205641686852,7.380380587168292e-17,0.006057917333954465,1.2856925245557445e-20,1.365116223049816e-13
Lgals1^Itgb1,0.07517257428794988,0.030024056353750442,0.16373737571003333,0.11943941120654035,0.0258025493759989,0.07191965354607768,0.11070713398993105,0.1348157868089407
Lgals1^Ptprc,0.12325085720132464,7.989299410123319e-17,1.5881103847374958e-23,5.085135347853026e-22,2.076756630973385e-07,0.016702713003415304,0.006469663049269605,1.6026124536618165e-17
Lgals3^Eng,0.003055770916888439,8.697550616540545e-16,0.07157520141463505,0.0012657266474354854,0.0037928185767296765,4.254047749401347e-14,0.13823163876973504,0.025980997616913342
Lgals3^Lag3,0.0019877317212393057,6.698629704739596e-24,4.0205173817468565e-40,1.2161993968482996e-16,0.002597582395058303,7.733479354769041e-11,0.004223957366584732,0.00830110993479664
Lgals3^Mcam,3.9813792138531225e-50,6.658888079409286e-17,0.042637538603322,0.03820495150089909,1.1948189473853942e-15,8.764785100088578e-17,0.07500076447425542,2.597793871359646e-09
Lgals3bp^Itgb1,0.0328363264273452,0.06919986457369665,0.04846372715301085,0.05142480621486778,0.06446024148289967,0.0787881891693785,0.12806151762141324,0.025347972798704006
Lgals8^Itga3,2.2557182298686941e-13,0.007325824710684704,0.0031065556215464905,0.01187698271713963,1.1162570487751019e-05,0.00453339689588793,0.005354996238095807,1.7910626578573832e-10
Lgi2^Adam22,0.0004092630946490595,4.992753895872528e-33,0.0010249081331261687,0.0036493185752454137,5.018569084781563e-06,2.8353604018067504e-08,0.00018310356517831452,1.4562106447626759e-05
Lgi2^Adam23,1.1497924971830552e-45,2.588344112790917e-34,0.0008189192733460617,3.1208565862236806e-06,1.2380602819048585e-05,5.392082947582641e-28,4.670329506781251e-10,0.00038141284550260714
Lgi4^Adam22,0.0013940295749191567,3.71355601288146e-31,8.97113323121049e-21,0.002986653415603126,3.0451610523211566e-14,0.005213893065531414,1.0907343221992224e-43,3.0553585175095838e-15
Lgi4^Adam23,0.0003855395823457205,3.323708651594616e-23,2.038133220567701e-08,8.01807231937623e-19,3.645205437752117e-14,0.0021100564550185948,5.55851349074714e-46,1.4597347420532082e-05
Lilrb4^Lair1,0.02639643774216999,3.614282399370435e-46,4.801583391107904e-46,1.35858276778607e-34,3.320343459434442e-30,7.903176186964159e-55,0.02516568098242768,3.61379387114076e-40
Lin7c^Abca1,0.04277081905344135,0.01698897515463843,0.02169107503267568,4.582093470729193e-13,0.02068281228037575,0.0013340941934522129,0.012564633456413366,0.020987451400261346
Lman1^Mcfd2,0.02663134376263471,0.04930318464062488,0.04171088817350704,0.03356645744939963,0.058200794314737216,0.033880344648451494,0.033427984463302744,0.05113976616308236
Lpl^Cd44,0.09459538026522629,0.015602833448271122,0.0341934001479465,0.02682687954419233,0.027720151491937538,0.0022166648312166464,0.0008850770215959403,0.016212024016962423
Lpl^Lrp1,0.06541317661875845,1.04019124132437e-06,9.022392392352027e-12,0.03152774973542097,0.1412064049019404,0.001280603114666626,0.001361209611055812,0.12951702530668036
Lpl^Sdc1,1.7961745833411227e-32,0.007583201817857955,0.015829499467830643,0.03879012564093202,0.04089038847663623,0.0006487742155594177,0.0030457443551531677,0.04053284123411106
Lpl^Vldlr,6.784660543015973e-38,8.711766649883054e-12,2.8514635696840393e-06,0.13865402697005805,0.04012535838681431,0.0005315254033878886,0.00010297030675347443,0.02275383178772605
Lrig1^Egfr,0.0023001651471408657,6.160550582843739e-16,1.2629629886269109e-22,7.02670591727665e-18,0.0077838107185842316,0.0006601983007489739,1.1907009642747065e-13,0.027446920498471455
Lrig2^Egfr,0.002391008845154273,6.490782872881552e-12,1.5206364889618699e-31,1.408428715611956e-19,0.012330130495613854,0.0014262875022006362,0.0009897919564371502,0.011726943736660748
Lrpap1^Ldlr,0.021012818226846863,0.006145527777611042,0.0021233098853510285,0.013861089410290142,0.020858059865039337,0.009834742449042285,0.00932758033528726,0.02070751513080826
Lrpap1^Lrp1,0.054982918906503205,4.717903878063959e-06,1.0780211697534524e-16,0.02041081773605526,0.09545697268990604,0.007409224872844002,0.01763026218131439,0.12764129932139753
Lrpap1^Sorl1,0.014370258102124884,7.890974075036186e-09,3.560928291396479e-27,0.01257193993040761,0.002457611701137857,0.0022206717293181306,0.0005977352986670796,0.004870051995226712
Lrpap1^Sort1,1.20669805761235e-10,0.013100367480218887,0.002786618236464582,0.10633021628961287,0.0027231941707278797,0.01833923678674968,0.016700592664903865,1.259942034717392e-06
Lrpap1^Vldlr,2.788229175216895e-38,1.8458792638406456e-11,1.7566583639396485e-10,0.11149613258524212,0.024974021280051533,0.0034059714550594626,0.005087516316013265,0.028192185164244866
Ltbp1^Itgb5,0.035531028810967105,0.015468714812298518,0.00011986419530154471,0.041111393591662444,0.03894570512048076,0.06650791398770992,1.940769398347157e-24,0.07886117450181505
Ltbp3^Itgb5,0.02734617653863388,0.00637491817445856,2.383063704148247e-05,0.028741009493781892,0.010781927875000048,0.058800899865006126,3.74561468376677e-11,0.07497341585223531
Lum^Itgb1,0.014014907122512264,0.0413987017037358,0.015580112894673795,0.04435574859069339,0.018951135050804497,0.2458258855341518,0.025904498354312397,0.03236567214802135
Lyz1^Itgal,0.017628743182609687,9.28735948396162e-43,4.1331827782822747e-44,6.66842790838576e-27,2.2761247648186215e-26,1.047767125716919e-43,0.01563689083698258,2.2468655923772995e-30
Lyz2^Itgal,0.03755947364592306,9.050418593252674e-28,7.08963915711357e-38,1.135447350538538e-23,3.3899792902932366e-15,4.492296234318124e-21,0.0168274544022239,4.977197946643401e-20
Mdk^Itga4_Itgb1,0.02279354943991384,1.3487059600271425e-08,2.9952675133857884e-28,2.8908825229734366e-06,3.758200342876667e-06,0.010377338796777609,2.3285788778835146e-41,3.0292168885579063e-16
Mdk^Itga6_Itgb1,2.2889765186411397e-06,0.013096091619568258,0.0345416520274146,0.0009608858589855857,1.3704577868268145e-10,0.028328688762295173,2.8245831275687994e-24,2.894121899987639e-17
Mdk^Lrp1,0.022750209536576187,2.3301260962436e-06,3.926408817301116e-23,0.009232798249927041,0.010927077847906337,0.02370958626195604,5.788427807806635e-27,0.07862046761592084
Mdk^Ncl,0.017512307232929958,0.021311889759793992,0.014024584521230314,0.022332502603881872,0.01078717453920739,0.08464997312268975,5.236032093687275e-17,0.02704810377899648
Mdk^Notch2,0.01657243819456275,0.005508209372117802,1.6186083172511074e-09,0.008763463925366472,0.006962361794058267,0.03410993235519238,1.768376592930526e-19,0.03349304542954203
Mdk^Sdc1,1.783074996975228e-36,0.003924052226392762,3.029305897350608e-05,0.012845252772022258,0.0025183058739743852,0.014875259110539975,2.0023636749888508e-19,0.021722040144011044
Mdk^Sdc2,7.068932200583912e-40,0.003890551560702216,5.4134827329188315e-09,0.025170361826304857,0.008931808611492311,0.022202621101542763,7.090562690059955e-23,0.07410409291311741
Mdk^Sdc3,0.02620931083440453,0.014865341153461852,0.016650371640647744,8.37078121872574e-06,0.005148742508310955,0.0503540300511461,1.715304242312232e-22,0.009145428813386241
Mdk^Sdc4,0.014330589000634594,0.0072515737558067886,2.0988687477346715e-07,0.0020440947465926312,0.008239811683219498,0.0360992733209629,5.765648783206976e-20,0.03647208322422517
Mdk^Sorl1,0.0046694380640952,2.4848055746191738e-17,2.0207785290719756e-33,0.004866632988385467,7.446683373759927e-08,0.004110773831287942,2.9815830462150756e-30,0.0017372026317020546
Megf10^Abca1,0.0018189947734018551,9.899117153020137e-40,5.086774971931856e-08,1.856308297947136e-26,6.684155371921001e-15,0.009927895515265165,1.6817085647289522e-45,0.0013121468318700903
Mfap2^Notch1,0.0007565501090301374,0.020059231936633254,0.02640431783085357,0.00032762377221332256,0.007010972473557374,0.08739587560944512,4.650875350344583e-16,0.0018897862067586077
Mfap5^Notch1,0.0029285931050273884,0.014296953519500487,0.04253408253937308,0.0012610960550565448,0.008109170086668558,0.12640243541883772,0.015452116430316465,0.003856449008327913
Mfge8^Itgav,0.04280629496520503,0.024830869020618634,0.018188301930235136,0.06376474603080108,0.07340460365220484,0.007268401029594717,2.7815783781365765e-05,0.05222464975260349
Mfge8^Itgb3,3.9477332704579885e-12,0.005421121239628981,0.002599772835490082,0.015043421180808468,0.005563205297698885,0.0013453630832256137,2.32802206242421e-05,0.006865640123337702
Mfge8^Itgb5,0.07965728727005777,0.028854694970828862,0.03520561001768092,0.09488076850620525,0.12156761998434004,0.00017348867220913053,2.524144355119523e-06,0.10947738538116913
Mfge8^Pdgfrb,7.141569071444946e-44,0.018570164478148538,4.418361101114761e-05,0.13488248526433874,0.09716449587100816,5.224111145286483e-07,4.687796023874584e-06,0.10259989498159226
Mfng^Notch1,0.004058092778752459,0.067461289997899,0.001681569679986934,0.00022905569991101116,0.022968120910464934,1.3820722711539175e-21,0.04101170520484761,6.220749694756949e-14
Mfng^Notch2,0.014635634820568165,0.015382259622907188,3.211357437168519e-14,0.0030824524687185556,0.05241157558990568,2.3519869657670164e-27,0.02000983463120138,5.561276096415908e-16
Mif^Cd44_Cd74,0.08839362533071345,0.014440092289591146,0.028604546258443733,0.025901341961643256,0.013254507222977323,0.0032431083601068946,0.014094953480983038,0.01589870224980048
Mif^Cd74_Cxcr4,0.11871218811039111,0.0006041313835089541,0.0047188936037766815,0.0057953904782413156,0.00047452931711604166,2.131855546672658e-05,0.00168535683024393,5.956534560298105e-11
Mif^Egfr,5.714414148544256e-07,1.935220783821306e-14,2.5810076539482813e-24,1.5545698080570915e-17,0.03856481641479536,2.473970911492077e-06,0.0032887977734880193,0.05323935274067626
Mmp12^Plaur,0.0013744060600265047,9.982605123255637e-29,0.00047381927206778177,3.9099655955962657e-29,2.090614058876876e-29,1.4076306196484643e-34,0.00897142211733273,8.419802835104116e-21
Mmp2^Fgfr1,0.0030280565789394297,0.006204897059845491,4.40954341822396e-05,0.0009727646918657176,0.0017081550252166606,0.0876811716335969,0.0009648830948099621,0.07667623718689948
Mmp2^Pecam1,8.96675636865235e-18,9.30782008525765e-08,0.0807359215925253,2.214148245038922e-08,0.0006242968031706343,0.11381592385651161,1.984576665516255e-06,2.6209983921731826e-05
Mmrn2^Cd248,8.978571525082873e-47,8.185569227401616e-06,1.5233230847978022e-23,0.005530084764815899,0.10183518913644041,1.9140730897760527e-26,3.0644134189527193e-19,2.376128344144249e-16
Mmrn2^Cd93,0.021876047754959743,0.23104687143014294,0.001336362557400693,0.0076412489511304355,1.0945832550969536e-08,2.325182783893615e-11,5.673633549212937e-15,1.6216955999874996e-15
Mmrn2^Clec14a,7.116583190624791e-44,0.16490323672521565,0.0018653620208605485,1.2448796349307673e-09,7.536888522196382e-08,3.503348973694714e-10,9.554334437734154e-13,3.581619563003094e-07
Mrc1^Ptprc,0.03876555557456036,3.651588590631661e-38,1.2059997298258982e-42,2.1547648973079866e-38,3.583220351912789e-26,1.7147018689171585e-52,0.03228502448672336,8.61356400014717e-39
Myoc^Fzd1,3.0835069592750856e-57,6.896834415623318e-25,1.421302496358652e-07,1.3722226143584887e-13,6.548568073454461e-16,0.010072578815353271,3.2070213916417505e-38,0.014998383396754682
Myoc^Fzd3,9.603905193828664e-60,3.8721018812967772e-31,2.907454867361781e-05,0.004657887705000436,9.217688930354597e-17,0.004667235923377981,2.6834070764216108e-33,3.0314273141652994e-11
Myoc^Fzd4,6.762369945864129e-53,4.6674866331183117e-26,0.007150570550957353,0.0004362567560928071,1.4925468015837034e-14,0.02440368804620425,7.679122906411951e-21,0.0037806636955182433
Myoc^Fzd7,1.9748669784082994e-47,3.09158013856839e-31,2.1162678124305611e-16,0.002575467001551857,4.386941315617153e-15,0.01012445220952179,5.1648183093553325e-36,0.013713739264562402
Nampt^Adora2a,1.3513163642342185e-06,0.014435562829296623,0.033385436321294364,0.017641825259934813,3.889420401473863e-10,3.4950256972845165e-10,0.01612666678662127,1.3816019690945832e-06
Nampt^Insr,0.014006325544830655,0.011365815672349708,0.022858511687249054,0.06699388574458166,0.010731878185484154,0.0030909045680867506,0.023008064664650215,0.011352701804299887
Nampt^Itga5_Itgb1,0.020123095142064163,0.019699169646218873,0.04351137498164636,0.02148203229402542,0.021163307897136725,0.0007354296574165663,0.030235316011490647,0.031733158759445095
Ncam1^Cacna1c,2.6835717855403755e-38,5.521828839972221e-10,1.0330317915087266e-08,0.026586772448980826,0.00015536343687853985,2.524300735026717e-11,3.2132063921241576e-16,4.794829123684929e-10
Ncam1^Fgfr1,0.005839505953413942,0.010202053753380812,0.006067365237284576,0.006914040304236382,0.018473062095112437,0.001043307560621909,7.270823823973985e-10,0.025160073615300635
Ncam1^Ptpra,0.013099692739549192,0.01800872198037335,0.013464057984498502,0.009256041890047785,0.011638900331180967,0.0015497532639102956,1.908589968867707e-10,0.01797918902114893
Ngf^Erbb2,2.107123826274749e-51,1.0715543144015909e-26,0.010092796089785288,0.023964312695353266,1.4615344823275333e-10,0.012282017749345923,1.9863499734928568e-36,0.007312827492677253
Ngf^Kidins220,0.009854459722709605,1.2763942500383312e-23,0.0301919727998234,0.019595626985813578,6.622669309299811e-07,0.03205080895059902,9.973897437014706e-40,0.030615008502448724
Ngf^Maged1,0.004391977317908946,3.921363369677713e-23,0.03854312086730812,0.057325707733903906,6.088938401506167e-06,0.05263289901654452,9.509949764473835e-37,0.05853651150352932
Ngf^Sort1,3.519307997403839e-27,2.0942064298008283e-26,0.0024331868827092654,0.0605309093567849,5.207497011230259e-11,0.027975049796346962,5.8062950397191375e-31,0.00025849070300022954
Nid1^Itga3,3.339620426386934e-20,0.009173486974453951,0.0011817731487067309,0.01488336647767034,9.39108834396873e-07,0.015017471474509924,1.0750038977331966e-20,7.472674562018894e-13
Nid1^Itgav,0.01952945994630685,0.015660211790339246,1.6625694820908021e-09,0.02783713763555274,0.03583339782146466,0.05509824280236539,2.2125897229676406e-20,0.030607910680172705
Nid1^Itgb1,0.023355138416084317,0.09100275807030818,0.028627615152004075,0.04864766864909458,0.06526829454553623,0.17328256964456967,3.9224428751285467e-19,0.019956824830927165
Nid1^Itgb3,2.3417296980059832e-23,0.0030809000718113426,2.2011584859271212e-05,0.00820307746660912,0.0019166276909438746,0.008767897993312393,6.753875326261506e-20,0.003907296789167236
Nid1^Ptprf,2.4674121061482008e-39,0.004479420945413061,8.178535353782827e-11,0.0034020059022414643,0.023999038359761193,0.016938624099445857,1.5331975878634753e-23,0.03175184523971075
Nlgn2^Nrxn2,4.916063010095645e-47,0.0051030494441208826,0.0021394013828048035,3.6446440310953076e-13,0.00553455319076467,0.01053982297408721,3.3966745581595814e-18,0.01519584640966579
Nrtn^Gfra2_Ret,0.00045396820410196077,1.1773831196836231e-40,9.559983851240566e-23,5.2143287603362795e-30,4.6921653879577566e-05,4.583281427724774e-19,5.852095668627128e-43,0.0004728435063960407
Nrxn2^Nlgn2,4.208296397849855e-35,0.005460081196167808,0.001088582243971829,1.2129388096581565e-05,0.0042424759351953585,0.012031071396151697,1.8043048598412946e-20,0.01643664899663383
Ntn1^Adora2b,0.00368697724926983,2.0411514022253675e-09,1.287914938902006e-29,0.014512260622015036,4.403219671109118e-05,0.005072147757762213,4.6010185191772016e-26,0.00017482712050128
Ntn1^Mcam,2.7438833283870007e-39,0.03250344495829391,0.04249296729502997,0.07381542035476002,3.281144232757237e-08,0.045548806507817,1.3171085196620814e-19,1.6979687579478078e-06
Ntn1^Neo1,4.815138186573578e-43,0.006347603639482061,0.0028332822337020706,0.051552834279002674,0.005989638154101204,0.019685737519428086,3.425953999203446e-17,0.02272544670072805
Ntn1^Unc5a,3.1016105144783325e-58,0.0011777390855832496,0.00011181145810076792,0.003269012653333152,5.3920389553970054e-05,0.002604768938433464,2.5639794764903286e-19,3.804870203350408e-06
Ntn1^Unc5b,1.1365300793542735e-26,0.012584836900133406,0.023238519771444144,0.019967987809367767,0.012077455023187007,0.01923318388942186,2.2921135074288168e-21,0.04645088229413748
Nucb2^Erap1,0.0010315671251246708,0.020332227381573073,0.008306246841451505,2.528845064174052e-12,0.009548475707901205,0.031533729949991665,0.024706042862257818,0.0037651624758406285
Osm^Il6st_Lifr,2.788044730272653e-19,1.1839141737407704e-28,1.2760825668564447e-08,4.669813739743939e-16,2.6907517492922776e-19,2.4381995887051905e-24,0.04146468499698231,6.4674185664829645e-09
Osm^Il6st_Osmr,8.489640031236238e-63,8.346846054794672e-29,6.772855810568146e-07,9.493091236304991e-19,1.0075325758159542e-19,9.169201916114548e-25,0.03727201877624003,2.2131633407573883e-06
P4hb^Mttp,3.074999030066972e-06,0.00023879425713053138,2.7107929670463775e-10,0.024349174794715343,2.5888720909121167e-05,0.0036136905819826206,0.0007001195881143736,8.264594595075447e-16
Pam^Dpp4,0.004164500689534658,0.01440406588245912,0.032727063387350416,5.933973003640132e-22,0.0044530201707047605,0.009271828738130612,0.0015913997738701518,0.0025081830371893716
Pam^Fap,5.771533382605811e-50,1.7926847216283224e-09,8.672581004186783e-24,0.013175832106532928,0.00674233868963718,2.1986150072898088e-07,4.139712766850944e-09,0.021537399264771943
Pdap1^Pdgfrb,1.7380905963636756e-48,0.008289333562748889,5.586538783084151e-06,0.09641218937351541,0.05204625513279586,0.00021985930535882957,0.02132760311817642,0.08435960625257809
Pdgfa^Pdgfra,4.0316835279499537e-44,6.439547904447466e-28,8.962586981177435e-32,2.3891192729908316e-18,0.006891711168615906,7.470141429366085e-24,0.0034020206373131523,0.06701128820088481
Pdgfa^Pdgfrb,6.854590469864835e-52,1.2991291859443382e-17,0.009243090801498943,0.04213341717153286,0.0006568612446156944,7.412613609007554e-14,0.012545274494371718,0.06091892315170619
Pdgfb^Itgav,0.01244916672276989,0.019362305197098816,2.8254807300382095e-11,0.01817977775644772,0.06099733261628972,9.572023399888089e-29,0.01533794000746427,1.2734848922329822e-16
Pdgfb^Lrp1,0.02018103395984789,0.0017272570913487342,8.721228495377052e-23,0.0018895274635572082,0.13396326815617116,5.887064673797839e-31,0.017974876968551653,9.113863769342923e-15
Pdgfb^Pdgfra_Pdgfrb,6.531444228969061e-48,3.802284569288653e-15,2.945277657286445e-33,5.2249184560536306e-18,0.10050337748669208,2.4648356528506667e-35,0.0043170207353229045,6.036579483197036e-11
Pdgfb^S1pr1,0.009852271799594317,0.11291102536450753,0.01297462629469769,0.0003512729052637867,4.977891758198149e-07,4.10515971887166e-28,0.04475455132567855,4.7689406586934936e-17
Pdgfc^Flt1,1.2262395517305278e-43,2.1067823373707324e-06,0.014583531735898929,1.3525959638584933e-13,9.155679729346452e-29,1.1527899899645001e-32,0.0475724228683311,1.498791019775644e-30
Pdgfc^Flt4,2.690904642867686e-59,0.0006725705456216804,0.007163888167654568,1.1225715980011972e-08,1.341622670079841e-26,1.5558997906691685e-30,0.02815072894969136,3.8132591817251374e-28
Pdgfc^Kdr,9.63477003032576e-27,1.943303781280725e-07,0.014641093446210268,6.477567539286408e-14,1.1152016469569953e-28,5.065252924001512e-33,0.048470482657475736,3.5137124650171275e-30
Pdgfc^Pdgfra,6.350734036022066e-61,9.218893743225062e-36,2.5850137217774064e-47,2.8343036297754776e-23,0.004671575705984096,1.4351576981446862e-36,0.01714263367778181,0.02140624960630574
Pdgfc^Pdgfrb,7.053794434070604e-71,7.526431848613587e-25,8.100478369082653e-25,0.0113538562718422,4.31461004543455e-06,3.966739283089859e-25,0.03553360699690612,0.01597388724705285
Pdgfd^Pdgfra_Pdgfrb,5.577791638301058e-43,6.832670586212708e-14,6.726373218198325e-25,9.764429520962399e-16,0.0456902193453438,1.4286642886071985e-14,6.865177982742342e-32,0.006226074739079925
Penk^Ogfr,7.564073685476246e-06,1.274832656723085e-31,0.002383265395286647,5.90306587697278e-08,2.724158353939344e-12,0.061826085091102614,1.128829243034493e-24,0.003389364230383422
Pf4^Ldlr,0.012765532888880625,3.502868445691214e-07,8.523559606748483e-10,0.007786920189942619,0.002959955472017945,3.232226441081471e-13,0.032987328216851956,0.011972525518811809
Pf4^Lrp1,0.03585609351705897,5.228395208525738e-16,3.15665072940457e-29,0.010142077704930804,0.029173826080970626,4.169118379348958e-14,0.10768238409359394,0.07160209614201643
Pf4^Procr,4.818260394231789e-46,0.004900788744491611,0.006641748147490059,0.008849994742477295,2.6248668948946533e-13,2.966333362343516e-07,0.038772934309505576,1.2018696028884683e-11
Pf4^Sdc2,6.830489774072549e-61,8.644490842601601e-12,5.826069205057767e-19,0.03447230773082251,0.02626975434354568,8.297188756464642e-13,0.10346604486991313,0.06697400576157443
Pf4^Thbd,0.004820481533064951,0.01583566905395748,0.03098817386644927,0.0013674419134386564,0.005648850833571957,2.5368813460969587e-06,0.16043336012857445,0.011781183489404266
Pgf^Flt1_Kdr,5.884120556829647e-23,5.645389653031668e-19,0.07163810778036778,0.0003916931482949152,2.0608545583920453e-11,0.002158868982905318,1.2108891148524887e-43,0.0006372173558915152
Pgf^Nrp1,0.018752940652066365,2.5034093559263672e-17,0.08263439406110269,0.012342811321210692,7.82760287255554e-05,0.019903652891599278,1.4263481196744296e-41,0.04133833207119416
Pgf^Nrp2,0.013283733384263762,3.97342253803502e-19,0.04314272548572027,0.0011847320513973928,9.088300948434832e-10,0.010236329052113632,3.710858561238179e-46,5.213078328302321e-06
Pi16^Tnfrsf21,0.025092808721853984,0.009722516308475456,0.00977167719370478,0.01753077135968953,0.00022327713452026358,0.030548104549411943,0.002162029868705911,6.583619781129828e-05
Pigf^Flt1,2.211767068117339e-20,0.023082304197429352,0.028305992193523453,0.00019485293732231845,5.045891254835557e-14,0.002069945805860302,0.015647603016839734,5.928668759647521e-11
Plat^Itgam,0.0592310024071348,0.0008958966257374786,2.112198820633257e-28,1.4029174590713803e-11,0.001107527347636016,0.008029598916079414,3.917915039742037e-45,1.902756523125488e-23
Plat^Lrp1,0.03246050198179475,0.00042203508771883005,4.798369595150791e-18,0.008171760421804614,0.08022963909460581,0.028857301338923478,1.002685161511928e-25,0.07946023683733046
Plau^Igf2r,6.537064013977178e-22,1.430814057649554e-23,0.0024429067515880087,0.0015553848551171246,2.6241037581689326e-09,1.6373897621990487e-28,0.012672169487520025,0.002241317563989638
Plau^Itga3,0.00041456883615352444,1.4012248574456865e-23,0.0005746223948748295,0.0006862756298942489,3.701813951374209e-12,9.593277794353004e-24,0.0006685568486026977,2.6150852966404527e-05
Plau^Itga5,0.0012441455504346125,2.0843511507904144e-24,0.001853632535769249,6.277259190115085e-08,6.23113131367526e-10,3.3806882023895995e-31,0.010814719194065766,0.002358805383771433
Plau^Itgam,0.005071129916128528,4.014076545678741e-42,2.1562624027642492e-38,1.1387510867150954e-08,1.31701781426973e-21,1.2906843852868386e-39,0.002898525366507588,3.005793509123615e-22
Plau^Itgb1,0.0028851845518380105,2.8578230893408338e-25,0.003646473148579466,0.0018783607764345882,3.896873989627688e-10,2.6432961734159992e-24,0.022910803033166508,0.004048428120612226
Plau^Itgb5,0.003098378524532307,2.3532569625467273e-30,1.705363869976981e-09,0.001673232521421554,3.816969336720417e-08,2.8730421549217506e-25,0.012996365704523203,0.006218284255230007
Plau^Lrp1,0.0032880188990052285,5.526232806619157e-35,3.817688792582044e-27,0.00014123283833727393,2.340819698810971e-07,6.425319624118843e-28,0.008831077413685563,0.008338384080157139
Plau^Plaur,0.0019603284892825644,2.8074285183048855e-27,0.001257399455070318,4.225961803116869e-27,1.0231547012490956e-17,1.2777602945068548e-31,0.005511214110482213,1.843003129697775e-08
Plau^Vldlr,1.0840905012620086e-29,6.490972015577992e-36,1.9619330603476416e-24,0.00325675267490773,2.1702012902876423e-05,2.0060162181012672e-22,0.002810647180386753,0.0027888685883684754
Pltp^Abca1,0.04240978695745625,0.0161620602755373,0.01100447415245055,2.9270972643739926e-14,0.022767895836184774,0.013251554913895375,0.05517198438702873,0.01485681999163285
Postn^Itgav_Itgb3,1.0087368923693778e-09,0.000852063846765504,0.0005716425020560077,0.007843927732568767,4.0748305172688474e-05,0.0019025131078875726,5.964270188989302e-22,0.00614869460358037
Postn^Itgav_Itgb5,0.015371670178329766,0.0038454956241670084,3.680565579254716e-07,0.02395802809526207,0.008305550438740832,0.013045827321287716,5.126212178390703e-23,0.03299832692398246
Postn^Ptk7,2.8526633889255097e-51,0.005563005213944363,0.008158690880667379,2.18657600146594e-06,0.004164951421819532,0.0034009168208918787,2.3764104722539295e-23,0.01752856693069479
Pros1^Axl,0.030567277651404656,0.011462333921064032,3.3275950379712414e-12,0.018418020820763607,0.09292575689885584,0.019347275345402606,0.0272084209403223,0.07739841864481449
Pros1^Mertk,0.019732325424715765,0.013823575543730697,0.005094306527797703,0.004200402736804644,6.523008271086823e-07,0.010559711167164679,0.008059766510928067,1.216622428545679e-16
Pros1^Tyro3,1.1841267873823228e-27,0.0006504312169457513,0.000617082780115754,5.081067297058165e-15,0.00912466880768072,0.002042713452703321,0.0015946432571797037,0.007147393628018369
Psap^Ar,1.8354685964398815e-45,7.504997429241807e-12,1.6420726297299595e-18,3.638219245570622e-18,0.06689580023159943,1.396314985569355e-11,0.007579971155215211,0.07824869246149041
Psap^Celsr1,4.5314187843215477e-13,0.0220880586671014,0.011181628498030038,2.0532981302899654e-17,4.282931615514536e-06,0.013252710244255119,0.01778285520985159,5.942469653805571e-18
Psap^Lrp1,0.09943277219296194,1.701581856827041e-07,8.98852514563233e-19,0.018654793231485108,0.20328598590705688,0.004353449141237636,0.06083398404387664,0.21740301468518464
Psap^Sort1,8.159603190876846e-09,0.020860685251460856,0.00870554448530099,0.19697226356255673,0.006126152699071297,0.018608402510846445,0.037307942397206924,2.559770923200258e-06
Psen1^Cd44,0.04950084643670571,0.011565407528268684,0.01013663576765228,0.006971066026813347,0.012825424330444824,0.013593436300773733,0.015216625841353432,0.006181708336088316
Psen1^Ncstn,0.02176583549378696,0.024980443906730702,0.02065021920719361,0.019306744988231154,0.02752926339730056,0.02427592896851977,0.031234230506053933,0.018485099455910363
Psen1^Notch1,0.009890874038154779,0.04468013201656591,0.04643385279277491,0.003603611716533858,0.017874169120232666,0.03167150309718184,0.04548684774000578,0.008297551795216839
Psen1^Notch2,0.028085588948713814,0.011019477593949915,2.1816395466758017e-05,0.011044017961918937,0.03635517440760896,0.019461874075154113,0.021354925851480938,0.0302220197197202
Psen1^Notch3,2.013631231728636e-61,2.447219610405744e-08,4.679831433694337e-22,0.06893840408680267,0.0020651102682040074,3.8419162235331376e-05,0.011229754222199257,0.02337620443584381
Psen1^Notch4,1.1594571699284204e-28,0.025412766345183857,0.04039710976391498,0.0053075237239030475,1.5103968368079185e-15,0.0008415178773014265,0.019877814380662488,6.106619238793666e-10
Ptdss1^Jmjd6,0.015219660147912071,0.02191920854930454,0.02298295603062507,0.02037445685789976,0.01895947393193928,0.011704148972989544,0.023210973367878453,0.015965917574151008
Ptdss1^Scarb1,0.02028141187732648,0.033644237630618926,0.04482382571952008,0.009871534387260093,1.375812689262692e-08,0.005804528772923578,0.02461886331722881,1.3603926059865491e-08
Ptgs2^Alox5,0.014831127155535428,9.11535712421831e-24,3.429701017804795e-42,3.234274840264483e-23,3.576758485688875e-14,0.007467270411836742,2.6753503170110232e-31,6.828210566905845e-32
Ptgs2^Cav1,1.8084254006115444e-15,0.012829046812690066,0.009331972177607194,0.005997870593368976,0.00018844704512646973,0.058396872609020156,0.005413099941252627,9.931964826195702e-06
Ptpn6^Clec12a,0.025981621175700163,2.1753550925576245e-39,5.098106260452064e-45,1.4054603410388221e-33,4.085398045418378e-25,3.779881496281809e-41,0.020047527626649908,4.584218729461067e-37
Ptpn6^Egfr,0.0019540517994179264,1.881839350674466e-30,2.0220087289941837e-43,1.0201722039473681e-26,0.004188696021472958,1.101947637248097e-18,0.018014866490854823,0.013802451581806352
Qdpr^Dysf,1.5759326172099505e-25,0.025678551958333497,0.03652493737755133,0.041280352669929216,8.769876681556366e-12,1.5689825546201454e-08,0.01781603935848535,1.044163410632228e-09
Rarres1^Nrp2,0.0035129572511904297,0.015180910922965273,0.0040151249127178,0.0010887991722655593,1.745783211013302e-08,5.447690641109891e-24,1.0951720489450676e-28,1.1095947477260506e-10
Rarres2^Ccrl2,0.03420329592993164,1.4401278381261416e-08,0.03237714865705786,0.023426848161895237,8.5036649881027e-06,0.054218308680787884,1.6408603267935863e-19,0.02283285840482966
Rarres2^Cmklr1,0.043632257154992075,1.5434117202638587e-24,1.0191203131496861e-33,8.734478799023699e-23,3.459298724966677e-05,0.009624388355723846,1.209078762403175e-35,0.0720128688585044
Rgma^Bmpr2,3.578366367447217e-17,1.52200609871989e-21,0.0159116752773031,0.0020170432916148317,5.54760663097617e-07,0.009629336830875855,3.331876854910014e-36,0.00528637832890642
Rgma^Hfe,0.027015914823339298,2.1428478215868676e-22,0.02696235463255275,5.767639287277165e-07,1.2303107801339011e-05,0.020461295559902632,6.9917184698839695e-40,0.024236211583956016
Rgma^Neo1,1.210246130322523e-38,1.0538608605863567e-21,0.007308677277689572,0.030582735769103187,1.324725549434588e-06,0.006889416452322333,2.463410084709711e-30,0.019306722983051482
Rgmb^Bmpr2,4.642746650717721e-10,0.016136561332156626,0.01308965943473067,0.003854777506147978,0.006680151851101244,0.016510638071242045,0.006530142284049431,0.0019140186671222348
Rgmb^Neo1,1.485548657637829e-37,0.006468861796930607,0.003976213353190752,0.04040263424754241,0.014532420926448915,0.01032212801872422,0.0014379530960590932,0.014427886598206131
Rps19^C5ar1,0.29151051485559376,3.889539842193557e-06,3.3448014215895758e-18,0.005240709439208263,0.0023829106812876502,6.555943049299058e-05,0.0010895221186556208,1.0666843470169196e-11
Rspo1^Fzd8,1.5794448000758354e-33,8.163739173592887e-43,0.0023389042277451467,0.0002887420513110486,1.5441310677360404e-23,0.006751454992933979,3.243557290691692e-46,1.8198500942587654e-16
Rspo1^Lgr4,1.1505454382779772e-33,6.364511348098093e-34,1.810395806479585e-06,0.006678702921095256,3.3839444234318454e-15,0.01637611491042621,3.520398049173973e-38,0.0031660924068816427
Rspo1^Lrp6,0.003372282414683869,2.2165483118864175e-32,0.000492082874913262,0.0002913417864828428,3.636374375882297e-12,0.04032006905824183,1.4955020303648864e-40,0.009673542708258976
Rspo1^Znrf3,3.5160506224703223e-12,1.0040351057346236e-32,1.6235178147205674e-08,1.3181864387945513e-10,4.4765348704385754e-14,0.012626847147329935,9.521471220890146e-45,0.00586286356199542
Rspo3^Fzd8,1.0920885881975634e-55,7.556387381042372e-37,0.00010981126646696616,0.0007212734087076554,7.061893208274875e-21,0.0005375807909157658,1.427222821193564e-35,2.2286033154518044e-12
Rspo3^Lgr4,4.461781953075353e-52,8.040475850033665e-38,1.207744662751404e-05,0.0014884227824247575,3.1654683931776887e-13,0.001736544778955618,1.1889276254470982e-34,0.0002935213588033268
Rspo3^Lrp6,0.00014490490710043796,5.60997540620475e-37,0.00024363191900122078,0.001048466475506819,6.200851404099289e-13,0.0035859926805885535,2.8540128666395506e-39,0.00107008237585925
Rspo3^Sdc4,0.00016913134810100775,6.681953046962589e-35,4.668090835328495e-06,1.0799736887957458e-06,2.1265729410783842e-10,0.003312777931775922,3.305831460730581e-42,0.003172121824563583
Rspo3^Znrf3,1.429798320099495e-54,2.005665057012654e-34,4.195144870666871e-05,0.0006813633383055822,2.9346871458562824e-09,0.0010333285942851753,9.207110030575657e-37,0.0006491246262532757
Rtn4^Rtn4rl1,1.6907017094669958e-15,2.5040646263491666e-11,1.91899676006462e-25,0.07076094692404011,0.03302329023092558,4.559062600689305e-05,0.018998434123110152,0.05525321736942757
Rtn4^S1pr2,0.03701901727926733,2.4338995469886963e-10,1.2412349266103926e-19,6.519338630914715e-20,0.041147819605905085,2.76482075272998e-05,0.013150064357124527,0.06559631900734103
S100a1^Tlr4,0.047145139393882936,0.010764196264273253,0.021271138607535926,0.008852745460941893,0.03007559589008655,2.860220776334693e-06,0.01210123235003165,0.020821890546866704
S100a1^Trpm3,1.3980725056318328e-39,0.001396362590851805,0.004922698494946304,0.010309834460979559,1.0936160203174662e-08,1.2115121852099753e-13,0.0006899382506532361,1.0880625642415381e-10
S100a4^Ccr5,0.031234354371337546,4.851299401702188e-43,7.712095566392385e-38,4.051842346532385e-30,3.3871087353544267e-20,0.0033323454312752525,0.009024208450143182,3.226029544663273e-24
S100a4^Egfr,0.0018937466508670707,7.6580207048010955e-34,2.921392304819657e-37,6.117358491821698e-21,2.072634399125224e-08,6.711715055497482e-07,0.007636007038920873,0.028814508841694567
S100a4^Erbb2,1.6212066906669488e-64,9.612487907742086e-22,0.002853899598534215,0.009174758831952488,1.0352071693924932e-13,0.006130626020598562,0.013880761605270372,0.00502212326577286
Sdc2^Ptprj,0.05263114108087343,1.4342656109020582e-24,3.983457884201406e-34,5.313025196683505e-08,1.2195699281953724e-05,0.026819416943718196,2.6920869678654396e-35,0.01954515251936236
Selplg^Esam,4.756329020670437e-27,4.434350220011227e-09,0.010984733233957189,3.7288707003743723e-07,9.665989621012286e-25,2.5329726515037568e-12,0.12624736036554568,1.9320350750753836e-20
Selplg^Itgam,0.025823332366924367,3.8854470561804806e-30,6.090126877252123e-36,2.131236531474801e-31,5.275588060810294e-23,3.078259240784009e-32,0.018350603898419398,9.899196854370515e-35
Selplg^Itgb2,0.029652544188091892,9.62139071298519e-27,3.3881408756388295e-30,4.7519301753258e-35,5.582187821656457e-22,2.2807086156996566e-28,0.020882871596639214,2.7069685253073206e-24
Sema3b^Nrp1_Plxna1,0.00206340909742089,1.7327897496438956e-14,0.002154370091725792,0.002283745384111074,1.348416270854168e-10,0.017133709355197015,1.7538465978927968e-21,0.00489305769987185
Sema3b^Nrp1_Plxna2,4.97693698265742e-31,1.5142065998972382e-30,0.020026229743745634,1.837306733855537e-11,3.8962017753141775e-13,0.028432050126366418,9.57353012993105e-32,0.004755182834450972
Sema3b^Nrp1_Plxna3,1.2667015081643142e-22,8.970813458467476e-24,1.178340631903939e-19,1.3770657834276715e-20,1.0097732901285414e-19,6.228176609367241e-24,3.071197378930837e-24,1.3262294371970057e-19
Sema3b^Nrp1_Plxna4,7.297385436359846e-08,1.826061559756921e-37,0.012851131672035863,2.4791747617751187e-16,7.110694383519525e-14,0.023852281703411467,2.8183643948562255e-26,3.729966573439327e-15
Sema3b^Nrp2_Plxna1,0.002257387662899842,1.1333531767047927e-15,0.0019799876992911444,0.0003079214390793636,2.7923864750090328e-18,0.006513198649244822,3.7774639870231793e-28,7.241392083080142e-22
Sema3b^Nrp2_Plxna2,9.059960794913364e-24,1.127861810612743e-33,0.013566734933607813,1.8333112717156766e-11,1.8366137611976627e-23,0.011932609589348666,3.6948542415928624e-33,1.7956905041793556e-21
Sema3b^Nrp2_Plxna3,5.347364357383333e-22,1.1607496279875357e-22,1.1420987655939893e-19,4.8814211548231106e-20,5.606732540471501e-20,2.2652925804477221e-23,3.126945675014036e-23,2.300116781818859e-19
Sema3b^Nrp2_Plxna4,1.9403482626359352e-06,1.0067740420316079e-39,0.008250808571969753,2.2593899432586282e-20,1.024519062198761e-21,0.011682803031748144,2.0064720948333073e-27,3.339648367134824e-27
Sema3c^Nrp1_Nrp2_Plxnd1,0.00013334303777333097,3.7834661553159136e-32,0.020491486069310505,1.4937463802559593e-13,8.119239255247856e-22,0.043099791863403784,5.2039603628326014e-27,3.567220751348669e-22
Sema3c^Nrp1_Plxna1,0.00016528521414872595,8.484657429590884e-15,2.617366588752012e-05,2.4855979902330883e-05,3.2336628765856946e-12,0.028368222986849934,4.080964208120048e-09,0.007771810066354591
Sema3c^Nrp1_Plxna2,1.8720687919838244e-36,1.0721277368353351e-32,0.020125575345718894,7.865498695606893e-11,3.9360029388199536e-17,0.04312189424525926,1.3952689685392134e-26,0.003963299860007547
Sema3c^Nrp1_Plxna3,1.5970993580975276e-21,3.01115974348432e-25,1.1799143809084655e-19,2.796524946059202e-20,1.1658640759331128e-19,2.3461213246090414e-24,1.1517065780729565e-24,7.24042712559372e-20
Sema3c^Nrp1_Plxna4,2.5446284293310246e-06,1.8325959252035926e-38,0.010712941987549393,5.950936702166851e-20,3.2782445269091647e-16,0.03272590479229968,3.306080314583776e-18,2.8051910624714324e-17
Sema3c^Nrp2_Plxna1,0.002844090966271066,1.9285316362949276e-16,0.0005173002449311822,1.9264717467704674e-06,1.551702461540032e-17,0.011078318852253861,1.967235409917401e-12,1.1323184299452123e-22
Sema3c^Nrp2_Plxna2,1.812297005043736e-27,1.8360093160115454e-34,0.01435773568787412,1.5855942200530088e-11,3.81060449019488e-24,0.016950411489229315,1.4589407642078096e-27,3.27501222022324e-21
Sema3c^Nrp2_Plxna3,1.8566509470717897e-22,6.74749305992785e-24,1.1338793927062555e-19,4.4032940147048804e-20,9.864843362657542e-20,1.3399149623435508e-23,2.5032601691547022e-24,1.129115908844117e-19
Sema3c^Nrp2_Plxna4,0.000873696857538551,7.635210689635569e-40,0.007362899656777573,1.3639869655548094e-22,1.1475622521028905e-21,0.015484818187446823,3.527888850952428e-23,1.1301527603903562e-28
Sema3d^Nrp1_Plxna1,0.0025261870990178235,1.7978437632731585e-20,4.1226286203165047e-13,5.967679329527062e-07,2.541592593351225e-11,0.024955533402399168,5.300883784523347e-39,0.010411174947610074
Sema3d^Nrp1_Plxna2,1.5144734351512316e-35,2.9237273121886363e-31,0.015928417995485403,4.477648565982626e-13,1.4139381651618612e-15,0.048979160255117386,5.189915708342047e-42,0.003165318995632912
Sema3d^Nrp1_Plxna3,2.6257098075135127e-22,2.4985526315161838e-22,1.0522018868655418e-19,1.4863398800294725e-19,1.6619559591974402e-20,4.545316799705522e-23,1.0469165505680987e-22,2.5633909382509684e-19
Sema3d^Nrp1_Plxna4,3.892773934009983e-08,8.828738727532708e-28,0.009055511939796838,1.8066391138746432e-22,1.4810747653400183e-17,0.03724545306103543,4.285583455729308e-39,5.332086697473769e-17
Sema3d^Nrp2_Plxna1,0.003035697413933712,1.1760946871896962e-21,2.929140950904899e-08,5.865992925697389e-10,1.687914078638962e-19,0.00994298216764571,6.705585188279129e-44,3.5516569725458435e-23
Sema3d^Nrp2_Plxna2,9.392786592636718e-30,2.045173913639888e-31,0.01190113027059374,1.0463581100468193e-12,1.817432861556243e-25,0.018827300083541578,8.475700549435622e-46,8.276343712118271e-22
Sema3d^Nrp2_Plxna3,1.9233281855696623e-21,3.2956841755148294e-24,1.1099871339054957e-19,6.25469676302809e-20,8.722912007517467e-20,7.745884030205579e-24,5.470303828937383e-24,1.2774925424313994e-19
Sema3d^Nrp2_Plxna4,0.0008430192642795036,3.7262705094700124e-26,0.0056643404485477505,1.760668575265088e-26,2.769875976574318e-23,0.01686333321426417,2.9858772990661874e-42,6.835213915210011e-31
Sema3d^Plxnd1,2.1719169533650354e-15,1.2609192813863442e-30,0.008709420297481953,1.50558548843888e-07,4.9545710465740165e-16,0.04103296798463657,7.075106322268443e-39,1.239671915831961e-07
Sema3f^Nrp1,0.010531734984364011,0.09251733133742587,0.005862804679579059,0.0024223468938209787,0.04438892669043844,7.238385879549452e-17,5.3221222683506455e-14,5.1716782361112004e-11
Sema3f^Nrp2_Plxna1,0.009053000109540202,0.012821716328560244,5.4673295359180354e-05,0.00443759859685269,0.0024839238438028443,1.254681882012708e-22,5.916643967558394e-18,1.2993542982881444e-17
Sema3f^Nrp2_Plxna2,3.2575305089462363e-23,0.047044531877412754,0.004330996259750223,2.682369655921976e-05,4.7586755625230094e-17,9.181946814002641e-18,1.2591931923600584e-17,6.23593933779871e-15
Sema3f^Nrp2_Plxna3,1.0194927388971611e-21,6.6096071696799696e-24,1.1423393894843351e-19,7.320422613983447e-21,1.1080720558160243e-19,1.9666939665620114e-24,2.6197702089405285e-25,1.109265614570409e-19
Sema3f^Nrp2_Plxna4,0.0052152590329815045,0.03291038222350613,0.00023465999042958087,2.1655432637072516e-23,1.7684594712715424e-10,6.472953943648627e-17,1.2643666900050258e-17,1.1023357327979708e-21
Sema4a^Nrp1_Plxna1,0.005403465257058324,4.925318275139551e-31,1.4250019221668e-14,1.1019282315676298e-05,3.031923076568286e-13,3.7430434245176283e-34,0.046590964249317086,0.007720970736639627
Sema4a^Nrp1_Plxna2,6.754327278198874e-45,3.729686169775335e-24,0.009148295288530105,9.730561908529264e-17,4.92936805678557e-21,8.905364411797733e-36,0.11470496534388197,1.761089315991525e-10
Sema4a^Nrp1_Plxna3,9.47437427027562e-22,4.454279366604976e-24,1.1895126601830928e-19,1.1558300240946616e-20,1.0806122979456914e-19,2.5422309673695432e-24,9.488510048837638e-26,1.1331721635923124e-19
Sema4a^Nrp1_Plxna4,0.0013213706339188823,1.9022420080009264e-23,0.005582670391058246,9.689495783382884e-27,1.8584251835354012e-25,3.385465399673731e-38,0.07552728913649555,3.47028252330539e-26
Sema4a^Plxnb1,1.3379894211003539e-14,2.3351121150164992e-36,2.4725665700895842e-36,0.006491139726364168,8.054536070011413e-22,7.331550711155406e-27,0.00888047586816348,3.999826716605034e-14
Sema4a^Plxnb2,0.011780287234041122,6.662575526826491e-35,5.16979422334994e-21,0.006135898593899023,9.904038889979787e-15,1.8271285190190451e-37,0.045058840261136685,0.005653179567536702
Sema4a^Plxnd1,6.475842964789711e-06,5.821156192912738e-25,0.006667908799901023,4.524968188060814e-09,5.079388850161994e-22,2.375741800044278e-35,0.0845116413595348,5.832092818114847e-16
Sema4b^Dcbld2,2.9443926657472676e-32,2.632744776423428e-14,0.0013452559952477213,0.0034663958898207446,0.0002565287824592384,5.228327151805395e-14,0.0017393877749382427,0.006491059557568302
Sema4c^Plxnb2,0.03044516242310367,0.010284057383582065,2.019839335997267e-07,0.02994006001675151,0.03074702511357397,0.01219260519755917,0.0004914938488339872,0.004398243764960285
Sema4d^Cd72,0.014461304742885319,4.838941097280416e-06,6.132600987764161e-33,0.0010407821976938566,0.0004407009076148295,6.140176986331795e-31,0.0035642124063930904,1.4346552637664882e-14
Sema4d^Erbb2,9.884408577659261e-59,0.0035437230726183414,0.0004354765597723708,0.007995630872732503,0.002143596559988799,2.96799958408751e-12,0.008018591365885256,6.24156223232197e-08
Sema4d^Plxnb1,0.0003000141527403483,2.499226849454189e-06,2.1767525893135838e-26,0.011200245746544994,1.2906657900422812e-05,1.639836975217405e-18,0.003056771578337012,5.96460568705597e-18
Sema4d^Plxnb2,0.012167183650659575,0.004329913927120156,6.422961719207895e-10,0.012127590604364632,0.01013514443269751,2.8379720855923634e-15,0.015090614420025709,3.6702280255636195e-06
Sema5a^Plxna1,0.00517503763955148,5.582589240857236e-25,1.6791135139845204e-08,0.0064241725346099125,6.132563291163919e-09,0.00913264238557034,1.3408656633537565e-32,0.011955707118201157
Sema5a^Plxna3,2.8927468340886312e-22,9.226544699553021e-24,1.195014823831671e-19,1.5299351148022429e-21,1.0360755872979989e-19,4.621616558811481e-24,1.887020340486231e-24,1.353323632501413e-19
Sema6a^Plxna2,9.78553340769228e-33,0.050989624043188554,0.005151429878873637,0.00020796913629233155,0.021264304712187168,0.0024270136180058184,5.528210218742892e-15,0.00021172274857765184
Sema6a^Plxna4,0.0079807338761995,0.033969571982720166,0.0013969497966472095,1.1170903190974296e-09,0.004699315537500766,0.002842419145585584,3.8612604819734766e-16,8.752764301607455e-16
Sema6b^Plxna2,6.790921520094605e-33,0.03522091262452561,1.9047703395202943e-05,6.10029271923086e-05,0.013323474711477807,1.3757542851160767e-13,0.00025404136120528957,1.2732639699575575e-11
Sema6b^Plxna4,0.004414529867554853,0.02248959250717998,5.852849010132594e-06,9.665623140062082e-08,0.003077923271145011,1.2680028753390096e-15,3.2567272997031433e-06,5.385650792022977e-23
Sema6d^Kdr_Plxna1,0.00043122782695840915,0.016901229073351426,0.01991161504696715,0.013040869343929297,3.7882078905940784e-06,0.0002301628047100989,0.003934237262980675,3.796251137242219e-05
Sema6d^Plxna1_Trem2_Tyrobp,0.01626578293460729,0.0007551568347948512,9.458222484163673e-11,3.3846482488592226e-10,0.0014286654630364874,0.00035577311585960304,1.592722077306649e-05,7.638752866286549e-08
Sema7a^Itga1_Itgb1,8.950514284971598e-33,0.03324161151394222,0.003411242493947505,0.007699353299607419,0.0032649336654104006,5.342649638540706e-33,1.140789926800266e-22,3.0592593568731515e-14
Sema7a^Plxnc1,0.004087663491744977,0.011011606242330718,7.629601568221551e-06,1.5840538455529277e-26,0.015499179151475124,3.4229438597354217e-37,1.0525095358140753e-25,1.5523247446823152e-24
Serpine1^Itgb5,0.006529134005454807,8.865705407625443e-08,0.003476290309604646,0.006260683939432993,0.002466021506304145,0.006044778412667848,4.093785256779007e-16,0.01720922246593145
Serpine1^Lrp1,0.00725551818409484,2.505846888917289e-14,1.010736525651174e-16,0.0019606080949379676,0.003626928157004786,0.0031090511111549193,7.515366570319713e-19,0.022066980944574134
Serpine1^Plaur,0.003913718977249838,0.00011580703423592286,0.007457618153675344,9.150024966879976e-07,1.3150962925453993e-05,0.0030603197909462227,6.288168754592154e-18,0.0033390289806540887
Serpine2^Lrp1,0.04607565965532372,1.5621314141536928e-10,2.1982865502707614e-15,0.020906893392374865,0.013752444440485132,0.021883995279304253,1.679182805320469e-24,0.15906044919778975
Serpinf1^Plxdc1,1.0078580493019847e-22,1.8048634294386557e-16,1.3668538572489136e-07,0.005769197264467424,7.614485712917421e-10,0.018140541804791396,0.005995132649632159,0.017960364663361678
Serpinf1^Plxdc2,0.005635490975896829,6.848286760039174e-13,2.0294251664269085e-17,1.4111713727226699e-11,1.063829831086587e-09,0.025189471354956944,0.005654430415421697,0.06188622057089504
Serping1^Lrp1,0.05373044653028534,1.247403050388477e-09,5.774062759963357e-20,0.019405748090782222,0.005541723278480584,0.04352043894798476,1.6498068542304822e-10,0.18122956404521967
Sertad1^Ar,5.679426946170308e-46,9.356107917189926e-10,8.512256611019581e-20,2.0489016349230156e-18,0.024570064074651832,3.852431611369384e-11,0.0016981133779728841,0.020192511694629413
Sfrp1^Fzd2,1.851200401337135e-52,1.8473058795975013e-30,2.3885701050942493e-23,0.010965485258356639,5.661649452370346e-14,0.013821451049625639,3.337022401950497e-31,0.036263164625358064
Sfrp1^Fzd6,2.9996342016302927e-51,2.0317368092151467e-34,0.03698628949241634,1.8599059513094117e-06,2.43651421096819e-19,0.02942542133817069,4.182574727738973e-32,5.818516152519808e-18
Sfrp2^Fzd5,1.6048853394763172e-57,1.3208408434937834e-27,4.473647139812096e-20,0.005987874040772406,1.476105161043854e-14,0.0015307551201886721,1.8272611193351e-31,4.5793323002196435e-08
Sirpa^Cd47,0.019748309116170457,0.01700344591455721,0.004573467106228777,0.00022169876026365598,0.006708158849771138,0.061490584620387874,0.15222851850637004,0.036248081829277114
Slc6a8^Lifr,0.016727294506953736,1.7737782976114106e-10,0.040516323503318234,0.016664321323924515,0.0019102591396387963,0.011494954472856,8.712396035169467e-31,0.018861767766858353
Slit3^Robo4,3.7290954820278186e-32,4.237503743818427e-07,0.05337018103341409,0.0009143153298775629,5.2394173078923846e-11,0.012362669042019084,7.477412254418022e-30,1.547059615311761e-07
Socs2^Epor,0.011405159201765158,1.7018627020654396e-09,2.177243739998624e-27,0.004912386407806714,2.637323931697369e-05,0.0013539896026829967,3.7369819164369528e-34,7.607484568669465e-26
Sorbs1^Itga1,1.5402816119024024e-22,0.04682284287707383,0.07330464006843872,0.045154924160606076,0.003828348157095533,2.7428847320996428e-14,2.025504087715754e-16,0.012545348485836173
Sorbs1^Itgb5,0.050359606814450786,0.014680981071784458,0.03066192116505187,0.07159901173857315,0.10026227200514361,2.928717539334108e-09,6.270113289598267e-17,0.05830230041289149
Sost^Lrp4,7.212059181555529e-35,0.006887571573096156,4.008130261818316e-08,1.5859435770258613e-17,0.011276300581149786,1.1577667458036184e-05,2.3200811123245997e-19,2.5411693330958223e-08
Sost^Lrp5,3.9791879813205985e-05,0.023905185298939667,7.610610283109e-06,0.001423028205496776,0.01011385268510558,0.0029394682973228167,1.0139736831085253e-14,1.1864283785435688e-10
Sost^Lrp6,0.007615151029529736,0.018699091425062913,1.887633719197545e-07,0.008031097869458178,0.015101181077953406,7.753849332689342e-06,9.509485452836706e-19,1.042267873010189e-12
Sparc^Eng,0.016836520408191932,0.19675225465183102,0.2047221364172547,0.0181232500902714,0.08741712084747859,0.07810344351431368,1.2501989934699051e-05,0.06647556225131057
Sparc^Fgfr1,0.021331456421975918,0.045049809360208234,0.02724873499412243,0.03609359415741768,0.13773643516909917,0.052951480584540106,8.742368615593445e-05,0.09710006557487681
Spn^Siglec1,0.002544365567110933,4.797462844492557e-46,1.3826888396791346e-47,5.3641057364129e-40,1.196921501900479e-26,2.514297032900846e-43,0.0021215748085552473,3.0859098999875957e-15
Spon1^App,0.020557035890583348,0.06074745906511617,0.01130887665645888,0.004036423927611501,0.028686399069816605,0.15300150629505957,1.1553811903592244e-20,0.030837234502701122
Spon2^Itga4,0.012635212245612176,2.6840172204045013e-37,7.992142569938562e-32,1.2211944275506004e-23,5.643052865001022e-19,0.014720508969198295,1.0260493976812042e-49,3.300118589609775e-19
Spon2^Itga5,3.340362582253028e-10,8.940464817105277e-20,0.0011961596722343617,6.79000921532141e-07,3.6312737174330267e-10,0.060341301590328016,7.27869740787114e-16,0.0060741893271392755
Spon2^Itgam,0.018703750929246404,3.818168468889785e-42,2.770799000042275e-42,2.4964935346581007e-27,8.191479167721684e-23,0.01587829833315582,5.750612814525869e-56,3.078824422994217e-36
Spon2^Itgb1,2.0879707657713245e-10,2.5424630079357936e-23,0.002110152148292727,0.000709417475704434,7.729877839030451e-10,0.13909614715780605,2.0900122097849264e-20,0.00757849553512168
Spon2^Itgb2,0.021094579115128888,1.169231533692666e-41,2.814705200126532e-40,1.2023472191826326e-31,1.7844695685910403e-21,0.019102765425244122,2.653779459467217e-55,2.304527835613151e-32
St6gal1^Egfr,1.2579594241356592e-14,3.90027472535617e-19,6.610553580043357e-34,8.287627505410445e-20,0.017806635999891986,3.953714861889109e-26,0.007486985307786153,0.011219798996585715
Tctn1^Tmem67,3.420063787684995e-46,5.4791525884123665e-18,0.00036530124609836587,0.0004861998395498199,6.712088382198541e-06,3.359209043762862e-17,8.112284259948654e-39,0.0007794240460239053
Tfpi^F3,2.4186384994515427e-31,3.320470949039623e-13,3.806400792276305e-13,0.0037121212949324926,0.031237261251793588,4.474196705629993e-05,4.145501128066257e-06,0.03654457892100755
Tfpi^Lrp1,0.0525265601487119,2.9487664363175677e-05,2.6196139042738373e-12,0.027868399946865515,0.08448528694618404,0.0006652844835995029,0.00016120757962532025,0.11055268442347777
Tfpi^Sdc4,0.03814693380145705,0.019697561789100076,0.016154241972622368,0.01463506484509797,0.051667654252332385,0.007919326145237264,0.002527438024056386,0.0555802454178045
Tfpi^Vldlr,1.134312395535019e-39,4.677998855615146e-12,3.219801118317564e-08,0.10362277849804281,0.022214059895711104,0.0005031090366006184,2.4041457343743882e-05,0.020759531994000373
Tgfa^Egfr_Erbb2,3.6854286751775794e-50,1.1309029470693695e-20,1.927944465361822e-33,1.2643094801975374e-27,0.0009078525113226513,5.111277515998209e-19,3.4668186288882854e-28,5.0849451660634906e-08
Tgfb1^Acvr1_Tgfbr1_Tgfbr2,6.720526334238817e-25,0.028664523506291676,0.022965616913870952,6.96642968484988e-06,0.024705413270258863,2.2357503861723567e-05,0.04110473635884087,0.013991196329520745
Tgfb1^Acvr1_Tgfbr2,2.2464493433068136e-22,0.031832977793195286,0.0250443027286643,0.00614935886100806,0.025254567720831574,1.756035351487076e-05,0.04693463227756475,0.013114944817927892
Tgfb1^Acvrl1,0.02221495670650582,0.041914429748935174,0.033724092021896294,0.0037186410318932974,0.03718807839950241,3.966904796202524e-07,0.06892645677142765,0.019866115113928457
Tgfb1^Cav1,0.0014938648136512917,0.08800836312381548,0.06388833456720801,0.06266842021648916,0.0206015759048191,2.727860137708022e-06,0.11659647387941675,0.00345222310674926
Tgfb1^Cxcr4,0.037528685616240065,0.003012552891463606,0.00025407085360184525,0.003599397885265278,9.663635935033897e-05,7.30625559653998e-16,0.008271796926311773,9.496786497471394e-16
Tgfb1^Egfr,2.523225325613707e-24,1.5557084681174046e-16,6.023631956676194e-36,9.961820241532669e-17,0.03127363454835481,2.865535737331495e-18,0.008110705858034018,0.017469009628276105
Tgfb1^Eng,0.0067499668218050455,0.09795286216920418,0.07055625029745438,0.013361530222187296,0.03562724069667112,4.398319670997294e-05,0.12951525718956858,0.016405248362135517
Tgfb1^Itgb1,0.035165242387482275,0.07104580334053735,0.04892043453815524,0.07246058319826507,0.0588731618870325,1.4580744806061656e-05,0.11858555269414549,0.018716491951791297
Tgfb1^Itgb3,2.749772623282139e-08,0.0019854295455033343,9.374909489356799e-12,0.011323332492877541,0.0037866119283075607,4.579946105674403e-07,0.005270110736196093,3.96855243993858e-06
Tgfb1^Itgb5,0.040114189092035825,0.01409921502182983,0.002901759217313329,0.05003826566680088,0.07262274101485888,1.9366103110878963e-05,0.05903210018774009,0.03491297438179683
Tgfb1^Lpp,0.007542117009700114,0.031701848724108125,0.01851592184061341,0.06969078461247083,0.05119030894701987,0.0001724075170319254,0.06925841493084924,0.0171091206262607
Tgfb1^Sdc2,8.632340502780391e-48,0.004372174460382055,1.5612191992880898e-09,0.0464888647274205,0.08231981183319323,1.003641706666623e-09,0.04532783189355403,0.048388120090481594
Tgfb1^Tgfbr1_Tgfbr2,0.03215028887894619,0.01901849284961992,0.014390394424363547,1.822980444287022e-06,0.03398729762336044,2.31659510032578e-07,0.03827198074201142,0.01898674521183207
Tgfb1^Tgfbr3,3.25456048687346e-49,0.027303772109606397,0.020069025809855284,0.029520371408741045,0.045223680106066415,1.9547116862101117e-07,0.05247515401747719,0.025916921294832293
Tgfb1^Vasn,1.7106581541718066e-51,2.0537170160836543e-08,1.3064601803539012e-23,0.039488295232026537,0.03451196552695705,1.7006160288448133e-11,0.019542012684148447,0.020228116304634287
Tgfb2^Acvr1_Tgfbr1_Tgfbr2,3.1050110423395473e-21,0.009385562787848634,0.018587502765512038,6.668076391046109e-08,0.004261670162203917,0.01913400445616532,8.201670984073138e-30,0.01790346466085055
Tgfb2^Acvr1_Tgfbr2,9.187187122708142e-21,0.009999868887173599,0.01951309843329131,0.00211741505141007,0.004823221945590004,0.022481172843087274,1.5600238445081946e-28,0.017094351941628352
Tgfb2^Eng,0.0008002516970723668,0.025215335934658013,0.06301262056930727,0.004534023777142596,0.010081618074555354,0.0676688455772002,7.424535668661095e-29,0.019432936465129575
Tgfb2^Tgfbr1_Tgfbr2,0.014687605561400249,0.00833673849820191,0.007910240588777418,5.37967950860562e-07,0.0050765636859611924,0.025208457127747018,1.500333761104007e-31,0.022584051819092094
Tgfb2^Tgfbr3,4.570162111743491e-37,0.010108503904973764,0.017258812506643222,0.015620252205312308,0.0065241670992564685,0.024567639126637977,5.822651118814311e-29,0.03764096072183576
Tgfb3^Acvr1_Tgfbr1_Tgfbr2,3.618574328066829e-09,4.3520124618855917e-07,0.04415053539341904,8.007458770929427e-06,0.002907772454607613,0.008765146535439642,7.902462009638448e-14,0.036422119678598375
Tgfb3^Acvr1_Tgfbr2,1.0438795570982455e-09,8.796631643638856e-07,0.048477687037028,0.006389259876450866,0.002709177800008023,0.010827784917075953,6.580532899890351e-13,0.03645022326098694
Tgfb3^Acvrl1,0.02321679977285112,4.3096257302996615e-10,0.06569778297080689,0.005988403572827432,0.0019185442085443527,0.018684990699619194,1.2788178223288368e-15,0.05673612238457021
Tgfb3^Eng,0.015731592653729472,9.347795865598009e-12,0.1418846669488911,0.017445104113206558,0.002993518954418147,0.03550994247317084,5.206579579962089e-16,0.05650781314982242
Tgfb3^Itgb1,0.03399341655978861,1.284274158393246e-10,0.09553184503114494,0.059765032831520654,0.0016947772739433194,0.05593689565859903,1.9728908563410923e-14,0.0750866425860533
Tgfb3^Itgb3,9.367560519638748e-14,2.3754667440289407e-13,0.001226159520596348,0.007698733015472349,2.4283916584306462e-08,0.003089239548833553,1.3074126275543354e-15,0.005084328308643712
Tgfb3^Itgb5,0.034617297417283824,3.795865666452308e-09,0.01674240325234871,0.040890173348649646,0.001172022106162598,0.027258757654295567,4.089220601895992e-16,0.09300506035388413
Tgfb3^Tgfbr1_Tgfbr2,0.02661167390563107,8.286733080411053e-08,0.02635972019620124,8.849722488865006e-06,0.0015127608050474013,0.015014920485029207,1.4874089742246383e-15,0.04513133184552085
Tgfb3^Tgfbr3,3.4185477719841063e-31,2.406642921201663e-07,0.04446790530481043,0.027386327154271674,0.0021480741549787527,0.010897261200934061,6.697523526994931e-15,0.0675489768263691
Tgm2^Itga4,0.06322512746597114,0.004491109919516377,1.3328651668420813e-08,0.0029615925420998566,0.008005128573596636,2.5600257856338974e-10,1.67214359138208e-10,4.589072461884107e-13
Tgm2^Itga9,0.043426729470492115,0.04466646005879597,0.02953768133229074,0.0030116986799804107,0.05781590492645127,0.0008572605328492875,0.009573531526348048,0.02222842431315979
Tgm2^Itgb1,0.0616839553135935,0.1263709403364315,0.10165662513710558,0.09919837931057744,0.10699624471835004,0.000298194528012226,0.03267634870518262,0.047559834665119274
Tgm2^Itgb3,1.1575545402732584e-16,0.0051832445741326425,0.0015073409001480145,0.011932067663078085,0.0062383846645088946,2.8232437904762256e-05,0.0007314345935506767,0.0035859730836299095
Tgm2^Sdc4,0.04332189748958741,0.028478743385206166,0.017255756165782333,0.012039322974229511,0.09650632167141683,0.002290609472288004,0.0074760826228699746,0.03681875097410557
Tgm2^Tbxa2r,5.115156828063199e-37,0.025122652417512832,0.019952869739726424,0.01736903583152106,6.41723837512826e-06,2.5907485781899696e-11,0.006195950083930401,0.005932242858720221
Tgs1^Rxra,0.01928442394136136,0.020450786228604755,0.013507232589388733,0.014367448175116605,0.021324934106989494,0.00676526749117456,0.024059432386313927,0.01194943564625424
Thbs1^Cd36,0.013046186917404378,5.725190473969656e-16,0.0339505778162847,0.021316386441907285,4.771764942330708e-07,0.022378045687529734,0.005498306037469824,0.004625527797649991
Thbs1^Cd47,0.013266657316835408,3.069729701468255e-09,0.021891544797053568,0.0068940731066707535,0.0009882965459092443,0.03328615436724844,0.004530207690620217,0.030291087521277345
Thbs1^Itga2b_Itgb3,9.881256600393677e-65,0.00021420022251493465,9.574898707818564e-06,3.495155341778332e-27,7.407527220736645e-11,0.0006570141535350314,5.0878686936236257e-05,0.000139737618378805
Thbs1^Itga3_Itgb1,2.724894027546652e-18,0.0010187872583843482,0.0019948195120620973,0.0034020649412714204,4.696762671134868e-10,0.005308258197061652,0.0010518080810226764,2.0260854594212606e-09
Thbs1^Itga4,0.013408504171844823,1.1476881562629389e-18,1.9684712797145466e-22,2.476075360304418e-15,1.411409591283078e-10,0.005085467968756477,1.730072110364691e-14,2.6578112569367153e-14
Thbs1^Itga6,0.0006984754268045374,6.2854007729030046e-12,0.0262575076132568,0.0007722664002553771,2.16013222520382e-11,0.012169666303264052,0.0015900004636681916,5.959760949217496e-11
Thbs1^Itgav_Itgb3,3.010914950856186e-28,6.710438669646382e-09,4.75773201895115e-05,0.00260770201817195,1.3858853038028205e-15,0.0029939063272785547,3.8485770093438605e-05,0.003152447220253372
Thbs1^Lrp1,0.015843208246078353,1.374220278663154e-12,1.1302653054746966e-13,0.005342270676939004,0.0001426991836078534,0.007295590871929181,2.82172366482897e-06,0.05502956005876683
Thbs1^Lrp5,0.0028346713722441426,4.570346965798907e-12,0.02072978116283001,0.0016594940743315772,0.00010228339070916407,0.0064188303215141195,0.0018020180728207493,0.014884595456373982
Thbs1^Ptprj,0.017913330402419794,2.8081314535610515e-23,4.023029878934053e-34,0.0001021042486110649,6.547971649251333e-06,0.007288536341276204,4.924730507175506e-08,0.008900953711057341
Thbs1^Scarb1,0.007249925223852761,2.980372688397111e-12,0.023684806344460744,0.003665665926461276,2.1150882897486626e-10,0.013750408359813001,0.0031189374853545027,3.9876296568477766e-11
Thbs1^Sdc1,8.181950603381328e-22,0.0005501034665273626,0.002055436490986735,0.006398209517615302,4.1806456183391415e-05,0.005802362403028508,0.001151016583783562,0.016056583006359405
Thbs1^Sdc4,0.009926913855687766,0.0007461071288416578,0.001596514847234281,0.0019807719109322013,0.0012346149748137367,0.01733788076343421,0.0022618154644951454,0.026439291432825338
Thbs2^Cd36,0.004979411768232502,5.210623626093807e-28,0.027702210624555735,0.012895464125188879,1.4556865718690368e-11,0.07525977465873351,5.370972043062209e-36,1.1593221591359863e-09
Thbs2^Cd47,0.006402000840422144,4.342874965344585e-20,0.010958308360361995,4.00038601405503e-07,1.9294353472800733e-06,0.0932165241305497,5.746137504800452e-33,0.029446311567297663
Thbs2^Itga3_Itgb1,1.8961233186497364e-21,1.724608500000714e-18,0.001566233430130242,0.004574767600519292,5.899484000735308e-14,0.009611783761690779,1.1283443413985069e-24,4.714681142033777e-14
Thbs2^Itga4,0.014275613582675838,6.720102828945385e-31,9.660465769007246e-30,4.109867686107154e-21,3.662177918510271e-15,0.01320103771647041,1.9050546990502735e-49,1.3331060455455377e-18
Thbs2^Itga6,2.61526112423606e-08,2.113291523499718e-26,0.02928458079209747,2.9671044570742548e-08,5.238027395841773e-18,0.03277147788218495,8.675582764614533e-38,1.2780724250490009e-20
Thbs2^Itgav_Itgb3,1.312056414533376e-30,5.1950145109500755e-12,3.258684115747809e-08,0.0022320000570935326,1.1316248441099172e-11,0.005488539081498222,6.434982535193626e-24,0.004751427285347069
Thbs2^Notch3,2.2245593193897886e-59,2.8854712788380124e-34,4.614535312008645e-27,0.02541770661844218,2.9379459427999664e-18,0.016711573891594403,5.98479965637008e-37,0.015482005827837625
Thbs2^Notch4,3.4507440543525726e-34,2.957557827142433e-30,0.02552721975843203,0.0004459077196848049,2.2854922413848136e-21,0.022109739245135165,1.1989392203171514e-38,2.5270267318840402e-15
Thbs2^Sdc1,1.98921415619065e-38,4.826730667765494e-20,1.3543164634372174e-06,0.004310183512073697,4.700250077273156e-12,0.018239017344239772,8.284778084946586e-35,0.018443247970339336
Thbs3^Itga3_Itgb1,5.116088181516282e-23,0.0007863150335634822,0.00047345629897498765,0.005369903023822673,2.716383726492503e-12,0.009755756797880254,2.681116282785642e-18,1.1203096597938503e-14
Thbs3^Itgav_Itgb3,8.686036211349857e-32,1.0611560858936397e-09,6.897132176842542e-11,0.004036342895828169,1.3407308911672704e-14,0.005956199030783865,2.2170991854334276e-21,0.003696677011774956
Thy1^Itgam_Itgb2,0.014992055085328231,7.971688514858671e-39,1.987882650623197e-19,5.100934581722042e-30,6.787152014110115e-10,0.0015775788444026186,1.2584358387176063e-30,2.3791499234870754e-11
Thy1^Itgav_Itgb3,1.7131067359569196e-08,1.4469875751777585e-31,4.2552204708450426e-14,0.003399458029458544,1.5883265504498224e-14,0.0015143707312905443,1.673048347194675e-20,0.003945509244917943
Timp1^Cd63,3.4492810621775763e-07,1.539398781482465e-07,4.577141778755316e-09,0.004182033531318016,8.563432945532559e-08,0.09639894933516702,9.834662958572777e-29,0.05000379799068149
Timp2^Cd44,0.08242921870914946,0.007788318184185826,0.008906616678902048,0.01271995265464576,0.0057397639996537506,0.05025997578652417,0.03559365984847607,0.01280556624968762
Timp2^Itga3,6.512836407194013e-21,0.004708565614691318,0.00487456306469303,0.01979349656353942,1.7463225236822737e-08,0.014485203315191675,0.01195674817878428,2.0958893893461282e-11
Timp2^Itgb1,0.04739264033963903,0.03678742900639405,0.08794292165104728,0.08368138514079372,0.022914276064125577,0.14430242533466162,0.15135569037214602,0.08365167361991835
Timp3^Cd44,0.09885364041623639,0.02698074132775587,0.019687757373382374,0.021187215020127156,0.03262670705886472,0.03158557314756667,1.5987987562950318e-12,0.005073760968243846
Timp3^Ddr1,1.6447120434461772e-28,0.010590815753267415,0.007693462743750677,0.07542443275991888,0.0473152152353487,0.014723710401245852,9.945473815377824e-08,0.03862248832528644
Timp3^Kdr,3.8208716766777737e-07,0.11731493603169356,0.16958570596700936,0.0022804546760533655,1.6171327405075673e-12,0.0005523665607009106,1.0286016989884244e-12,8.809959972792157e-06
Tln1^Itgb3,2.0825301952345426e-16,0.0032082212306018395,0.0023607789180542012,0.01231914036154618,0.004129306274359778,0.00043848515584180356,0.00712318963235448,0.005528400985609365
Tln1^Itgb5,0.06407519183895169,0.015474544015093485,0.02397058993285759,0.06789196464403886,0.08992349625726491,0.0005131901747483812,0.060835695382168244,0.0933333203650871
Tnf^Celsr2,1.1368522648188965e-75,6.25217353062176e-33,4.2176864753912693e-13,0.0006189209980551786,1.0360233150315662e-25,8.46002353743615e-31,0.0008451959986299916,6.4325297491767e-27
Tnf^Fas,5.135345707576156e-17,8.207792174927574e-29,7.59272941087311e-07,3.817940287451934e-14,1.4063214211010698e-22,1.524276030312919e-35,0.04302507517618236,9.33747985829279e-14
Tnf^Flt4,6.460281354767446e-59,6.052463087506784e-24,0.0012534457176134786,2.946957569782602e-19,1.6178411714549364e-42,1.936837454878584e-40,0.0316584614509847,1.172968649404837e-38
Tnf^Notch1,5.7404091981948085e-08,3.9108920904173535e-26,5.239662586148811e-05,1.3000944781103256e-18,2.9390261407264203e-27,2.501083951835623e-36,0.06733187978041683,1.3320197640506023e-20
Tnf^Ptprs,2.9991501177031026e-05,1.2207865629917766e-39,3.487051826775867e-33,0.0004609835350077643,5.069610046990883e-12,1.677607498134612e-29,0.02362382679999237,0.005051111674299235
Tnf^Sema4c,1.0230903000379598e-15,2.008039282828739e-29,1.575326592704818e-06,4.2779731932247076e-17,3.07712956520499e-23,4.40643177268845e-39,0.035113242818293804,5.925697058782586e-13
Tnf^Tnfrsf1a,0.003078179325649643,1.0131902296550523e-29,1.1587033256825348e-08,4.881023128946188e-16,2.4811497419889717e-21,1.5330595389236755e-27,0.08045252650765444,3.7863119514748533e-11
Tnf^Tnfrsf1b,0.007104645140435689,1.722025585839183e-36,1.0836958501883236e-20,4.0207621522347364e-30,7.663760516058317e-23,5.512901127297941e-46,0.02366894874211568,1.9218368565784604e-10
Tnf^Tnfrsf21,0.0037283495969004945,6.336717240840051e-33,1.188114624511306e-10,3.4881653495180134e-07,2.9562250100354153e-28,3.197481430700572e-46,0.022447254560864625,2.0646273019049478e-22
Tnf^Tradd,0.002505781171541089,7.134990887671627e-32,6.785125713772207e-13,1.4300644993927323e-22,1.9184623616236607e-18,8.09753928969884e-34,0.030437629367954494,1.6713929985648386e-06
Tnf^Traf2,0.0017570444891053594,6.030875736421349e-31,1.0336019536837533e-09,3.304834147284351e-15,4.011159418653348e-22,7.96765777715933e-36,0.02789217330605629,5.471536983079403e-14
Tnf^Trpm2,0.0016749219132902162,9.036512746303832e-46,2.140139553400261e-42,2.4266560966674912e-17,3.586603118267905e-28,4.118271535723343e-55,0.0016226012165962405,1.959810684400545e-37
Tnfsf10^Ripk1,0.01301656169466741,0.04173442752646234,1.0825298527862684e-08,2.392457600154108e-06,0.03159889031731236,1.4649203047334635e-15,1.1187227989727858e-14,1.2614047732198423e-19
Tnfsf10^Tnfrsf10b,5.544578784930215e-24,0.03588043004367005,0.0005266342415031802,3.096935391090793e-20,2.0499200969420864e-29,4.628133316207092e-16,2.3689080266963085e-18,1.8087506459511773e-28
Tnfsf12^Cd163,0.1204880646380762,1.3893378011181952e-06,1.8428451607860562e-24,0.006917502738393101,0.00016867343515505778,0.003431634923336406,0.0002579959071642208,8.234272585837372e-13
Tnfsf12^Tnfrsf12a,5.106781468218754e-09,0.021412221330967866,0.014686023014726666,0.03752964878030519,0.031084232746484496,0.026048931658541066,0.02346552995642848,0.03294765335875673
Tnfsf12^Tnfrsf25,4.223039140444762e-22,1.4628566797348024e-23,1.1916403228643036e-19,4.401452381847952e-21,1.0328662487525747e-19,8.478007939301011e-24,1.3253701944685042e-24,1.3370318872219083e-19
Tnfsf13b^Cd40,0.008480295894096553,3.898332931549543e-38,0.0011525339805656654,3.792785236850271e-19,2.074078983898234e-25,0.008737933235270947,0.0069354467755852415,1.061147173200375e-28
Tnfsf13b^Tfrc,0.0026238186644712194,3.537571491888471e-35,3.175126837552478e-19,0.010519281546671245,8.127930633908572e-14,0.0043239839238155,0.001822112163239836,3.0538631927982816e-18
Tnxb^Itga2b_Itgb3,5.5213029317278374e-61,9.939894287869516e-05,9.00071150543161e-06,1.300872068749238e-16,6.380605972640201e-09,0.0021013707040858014,1.397036541360288e-38,0.0008751295374031951
Tnxb^Itga8_Itgb1,2.8059436196270054e-40,3.590042798281462e-26,1.5773999770683307e-28,0.02530127610671905,9.922772601490152e-15,0.01407416275159087,7.058383668212324e-31,0.014161540045801885
Tnxb^Itga9_Itgb1,0.015172391295560113,3.643562379127706e-07,0.003428941280203004,4.5856867360622105e-06,0.0001490497997478878,0.07283093378436226,9.68489610352384e-21,0.024614520513023378
Tnxb^Itgav_Itgb3,6.695101221599124e-23,2.1009311251158933e-15,4.140425645082395e-11,0.008279461278972807,5.074027633535211e-13,0.010761894486627475,5.858796783593237e-26,0.007813842797141679
Tnxb^Sdc1,1.8807538980198651e-38,6.965013727506321e-12,2.5813043565135387e-07,0.012580333598741562,9.161406211405755e-10,0.028533843057788083,5.865860048227299e-28,0.032539561921325594
Trf^Adrb2,0.04945755889898226,0.004143728104759543,0.005295431216490125,4.420329065341023e-19,1.0935929127049028e-09,0.011428067555012364,0.03330875052604881,1.75271535233176e-08
Trf^Hfe,0.0523254183251789,0.018254459850098874,0.004257632613433478,5.380733839667056e-10,0.0005764788022562671,0.043684066839170935,0.11497491709555628,0.01959080273398246
Trf^Ldlr,0.015171817082220526,0.0020752173064705467,3.9685740296222985e-08,0.006913450667305234,0.007616416712293385,0.009884655881669724,0.027572248766467498,0.017899224421066603
Trf^Tfrc,0.009129388068668804,1.6802331259361169e-15,6.762088303793954e-13,0.03473671465504171,2.4073778676043086e-07,0.0035260605065148744,0.006929881783184706,7.930251151656032e-17
Txlna^Stx1a,1.550946305454968e-62,0.004092312343435602,0.003000730151879177,0.0011710512552576449,3.9753184021952906e-06,0.0015682912210042595,0.0026153685833940105,0.00012154136574932631
Txlna^Stx3,0.006891143075052542,0.02907232156012743,0.024409269032780293,5.5449909513165155e-08,0.010261736045507163,0.012617045238809091,0.020912073621837366,0.006178368277205289
Txlna^Stx4a,0.02700803860810751,0.03353098791983514,0.020313292157998195,0.03812465867428878,0.035774820106253324,0.022969774090174654,0.03308468214662879,0.020981491535781032
Vcam1^Itga4_Itgb1,0.0445751578852668,0.002073071676457084,1.2235237270930253e-20,2.3773679651951213e-06,0.0014348608586297962,0.010724733635996244,0.00011494726327819042,1.5113389058506843e-06
Vcam1^Itga9_Itgb1,0.0223995250847736,0.030402349686055614,5.80291580021846e-05,4.250405934607701e-08,0.02455978188901056,0.05155348182667324,0.022120685773631247,0.011877652331004379
Vcan^Cd44,0.016310285391687822,1.0107817513904164e-16,7.5330512291573e-12,1.092838645093699e-12,5.834527712850092e-09,0.04786920955185522,4.897253783680226e-19,1.009688691941382e-05
Vcan^Egfr,0.0009247618261981636,4.92087381234318e-27,1.3260563512110555e-32,1.0521615947400162e-22,1.943258816862208e-12,0.008741013252490685,1.3478260381243569e-30,0.030065457665424525
Vcan^Itga4,0.014648997655041643,1.5223699317741997e-34,8.278946296207684e-33,6.900050824027089e-23,4.617308865246115e-19,0.016524549239401592,7.38259056922599e-48,9.859360228455858e-22
Vcan^Itgb1,5.603104286892639e-09,4.1114848347086716e-17,0.0018407718556279632,0.0026265523963086607,3.6468183639488436e-08,0.15053795734939548,2.6325590719368126e-10,0.012233775704268647
Vcan^Tlr2,0.01737055475989216,8.900035641440781e-28,5.001494225836612e-23,1.040398300149892e-30,8.929698963501568e-16,0.026046808902874422,2.671813847811854e-40,7.944882878226554e-13
Vcl^Itgb5,0.04861008644011663,0.011986474119548675,0.02758391808947951,0.06109935492280167,0.06985207516227841,8.448450765384282e-06,4.474406452859474e-06,0.07455577244291198
Vegfa^Cd44,0.016625604620736822,4.800606877512658e-25,0.011507031183850451,0.006182056831320951,8.410085813368356e-05,0.009538470022260253,2.8504599664082925e-33,0.007326511662203816
Vegfa^Egfr,0.0012191697796011978,2.1348394385085772e-26,2.373453166428888e-20,3.325439777852862e-17,0.00021694100731352105,1.820499557772559e-05,3.396256289533173e-37,0.024060740255215495
Vegfa^Flt1_Kdr,1.5348505017249824e-22,1.500777314091212e-27,0.060503385107487276,0.0010560367430609077,1.5178429505831337e-08,6.139352341848331e-06,8.225863712215961e-35,0.00023770735894419642
Vegfa^Gpc1,7.852749149556606e-23,1.3944187640178598e-30,5.38966536501615e-06,0.050551688245497654,7.10771284325332e-08,0.0008650260429996288,2.0583132104121034e-25,4.20757328505937e-08
Vegfa^Itga9,0.010217357210086932,7.918255903252235e-24,0.018746634084390115,0.002530561311545732,0.00019882583194583839,0.004536583788190107,2.1781399748321184e-30,0.021492440079065995
Vegfa^Itgav,0.00877226241610453,8.292600048784847e-24,0.00903305329115206,0.016893050315070317,0.00010714935263456677,0.004445623913718028,2.6256735118113834e-26,0.024534114822745055
Vegfa^Itgb1,0.01654156796824498,1.7090711238028674e-26,0.06205120588628444,0.03407316498314972,0.00014506308926351107,0.005968941697088579,2.4820245874258744e-29,0.04363837226965281
Vegfa^Itgb3,4.208152581744736e-29,9.423180465652302e-27,0.0014495360842090186,0.004151730017279657,6.582231122282528e-10,0.0005504537277136901,3.6291225024994125e-29,0.002791913771586928
Vegfa^Nrp1,0.015133247203516604,5.251300374756919e-26,0.07406030683244166,0.013342856414350072,0.00015050044438323558,0.002633335251101457,3.236313369009893e-31,0.038056436092646674
Vegfa^Nrp2,0.009985277024160608,9.341552324930298e-28,0.04136408936317937,0.002051318610673271,2.0604112023377715e-09,0.0026092037044771425,6.623471661300087e-35,5.077741870268351e-07
Vegfa^Ret,0.0001509231452974163,1.636085085715667e-14,0.0006285507391240655,1.9528996684987918e-11,7.114974667710705e-05,1.0429025847009997e-09,8.855479087643315e-39,0.007957040751242532
Vegfa^Sirpa,0.022123611420402894,1.43796804542169e-26,0.008589373621255052,2.82472703577452e-13,0.00020257244318351025,0.007234119182600986,7.988783970650793e-33,0.01942391955631906
Vegfa^Tyro3,4.699515864446469e-16,2.3341452998723367e-22,0.001555093431922651,3.4664064786130525e-15,0.00011308776906467065,5.3973893787547266e-09,4.4750955179135297e-36,0.006850427922873762
Vegfb^Adrb2,0.04601965515941937,0.0010900430027477076,0.019289016914094705,1.3904313898923977e-05,0.000796520477005771,8.441385952648043e-05,0.003925844563465397,0.002383665430074353
Vegfb^Flt1_Kdr,2.6606432861113534e-26,0.018282541624611123,0.11707825670509653,0.0023994604839704965,3.684718305855014e-08,4.2045349770162553e-10,0.0188800552167181,1.6599100047372832e-06
Vegfb^Nrp1,0.041043002648033115,0.017660018689437885,0.1476929502160121,0.0334356486298263,0.018298390105009874,4.7343193225848705e-06,0.02582352532633862,0.0726842790185601
Vegfb^Ret,6.783139133353766e-13,9.285683530577834e-15,0.00014421478458315806,5.578551584830917e-11,0.005712807756507584,2.136131320852183e-09,0.00035623515739045987,0.014070450124634695
Vegfc^Ccbe1,1.8730121288834044e-38,9.547987228877264e-14,1.742327199525103e-30,1.0182612723481715e-14,0.014967579509908149,0.00014907130812355997,3.422302695365997e-30,0.010784153919784623
Vegfc^Flt1,1.9637120240008335e-27,0.05398966541182024,0.027820841953673618,2.089480836700598e-06,3.5655901392340445e-16,0.02336197253504248,3.941775114749542e-28,6.519658476749914e-16
Vegfc^Flt4_Kdr,1.2133334066256352e-42,0.03040228880470618,0.01460665798430577,0.00016339740038075182,2.010281073375367e-15,0.013909495627154862,7.454020594840908e-26,9.308673437965794e-15
Vegfc^Itga9,0.011930861584470166,0.020603709821730015,0.0006575584542345291,4.041941444883353e-07,0.02164549333980989,0.024775066616703565,5.1781108231036226e-23,0.0012136659546537897
Vegfc^Itgb1,0.011259153358499991,0.06679060139845067,0.005417640268557603,0.02751529373211789,0.04302250562242808,0.06801551892117366,2.8886618444522095e-20,0.0012127976671476933
Vegfc^Lyve1,0.03521885641161084,0.019981288028768925,0.0014698041558473883,8.909633002198149e-24,0.0005701525983577946,0.014250884816036776,8.451105298282684e-35,2.648013379034704e-22
Vegfc^Nrp2,0.012575806347887988,0.03657227182310583,0.016062843121865053,2.7377810847718022e-05,4.952416982473578e-09,0.02042937484045101,7.394973744887142e-29,4.923660371786743e-16
Vim^Cd44,0.12840850357843692,0.03019166580609442,0.017048245523349756,0.023610694747387508,0.027793327081110833,0.0363214323524582,0.024823052402386005,0.013504707487858186
Vtn^Cd47,0.011649309594529719,4.87501199194595e-19,0.029677941034464413,0.014850646685725695,0.0030345322968622947,2.248176331847626e-36,1.842479215187294e-30,0.023762933341207142
Vtn^Itga2b_Itgb3,4.9844877581991474e-49,7.174774342132686e-38,3.836581455092623e-24,1.2799425546992053e-15,1.0742634578641338e-05,8.640846836221676e-27,3.1445608880816305e-48,0.00013401541639926622
Vtn^Itga3,2.0650404697382042e-44,2.756619677968231e-22,0.003245826512738415,0.003458458427927667,1.4712715752174671e-06,2.862435001174825e-34,3.281474778212707e-34,0.00043212153626816734
Vtn^Itga5,0.005635846220526844,5.245432717832503e-21,0.019790721728834126,0.006204570024586069,0.0012452219943715932,4.76329775719343e-38,3.9731645207210685e-34,0.012825589191831618
Vtn^Itga8_Itgb1,8.385984645524054e-47,7.591243634768332e-29,2.989894540550538e-20,0.012549142393283017,1.4746001580511692e-08,6.940091645964695e-32,3.19660551964056e-33,0.005693209910115734
Vtn^Itgav_Itgb1,0.006512653652504263,2.6068271771679532e-23,0.006324633753458278,0.013104934683210091,0.00111797251324162,3.044831962222767e-35,1.278279777854399e-32,0.01556409643515374
Vtn^Itgav_Itgb3,3.122902580751199e-06,1.8396214901301843e-22,3.7036271843651027e-10,0.0035325089984314553,1.6487947876325788e-10,9.67461805228172e-30,2.20952984335848e-28,0.0012344196894037809
Vtn^Itgav_Itgb5,0.006636950191390832,8.429467450201395e-24,0.0030993397589820907,0.013602029145406395,0.0009902690027910398,8.990454752516296e-35,7.848376275558118e-34,0.015462419459926265
Vtn^Kdr,9.291826617399164e-05,6.024149708589389e-19,0.040775490871678526,0.0012257389293148842,3.8758978697823195e-07,6.319649979509805e-41,5.561695652699984e-36,0.00010876794617077087
Vtn^Plaur,0.005319084946521594,6.647495200142938e-17,0.011346823082637798,1.441428194891855e-07,0.0001006301681270587,1.908307903562709e-39,8.598186276409848e-36,0.0022432259965211184
Vwf^Itga2b_Itgb3,2.48342828654403e-64,0.0009574894732625938,5.118363093910608e-12,1.340051459411479e-34,1.480235824834375e-08,0.00016354205452090957,0.0004167131150818793,2.273923351093199e-06
Vwf^Itga4,0.035200498806459424,0.005628354440073629,4.0333975816230014e-20,1.9364263067033187e-08,0.007012772280397259,8.880003387088926e-27,1.371814739765843e-14,4.673116589466361e-24
Vwf^Itga9,0.021574353388597322,0.048917294444848804,1.688864605166237e-05,1.4752429472490742e-06,0.04135801135018385,6.692165170116089e-08,0.006124263745418635,3.320058416490099e-12
Vwf^Itgav_Itgb3,1.1419783257750912e-36,0.003732570948343339,6.039823171958894e-12,0.008567101523903123,0.005437372003547922,5.762805709617256e-14,0.0009507359691659011,2.8397118887460237e-12
Vwf^Itgb1,0.02620959684252733,0.151424745629441,4.830460837698099e-05,0.05556761012482015,0.0839854293020635,5.286840600791184e-07,0.012976593994637653,8.656216751045882e-11
Vwf^Lrp1,0.027209753808499448,0.005294980466214897,3.1227566265811995e-20,0.011816847941980917,0.13347778861314785,8.864007719753951e-14,0.0005825808898066018,6.170440391607596e-13
Vwf^Scara5,9.679974202161029e-50,9.276838437788303e-11,5.60951028107599e-23,5.912734617063709e-18,0.054275489606257686,1.6840701885982964e-20,1.2448465453209638e-06,2.1094450826720096e-08
Vwf^Sirpa,0.05917577523853812,0.029327909236497092,3.100793121741937e-11,5.423822722431906e-16,0.04389666050146703,1.5398319400953011e-18,0.00011832123197614869,3.3379805741424054e-15
Wnt11^Fzd2,1.080728645691274e-52,3.372386517296626e-05,8.782096829624716e-24,0.005082942910890829,0.00023134587901248434,0.004832605798646858,1.7647164418299995e-30,0.010817375570813371
Wnt11^Fzd3,6.496564286345534e-59,0.0003668376641889306,5.777548405417592e-06,0.0051266790784557075,1.5346657975132024e-11,0.0037028909377528544,2.9303268373498037e-25,5.053108836090734e-10
Wnt11^Fzd4,4.51825824360334e-50,0.003543401279458178,0.005149171083258194,0.001004598512656837,9.946164408986114e-06,0.017716702852341334,1.4682213877777564e-29,0.0029462581558268278
Wnt11^Fzd5,1.7313133118042803e-54,1.4080974762662072e-21,1.8845451079570573e-17,0.0034702160130468725,3.952471005434168e-11,0.00040260429852589805,3.437256310240479e-29,3.49610562721966e-13
Wnt11^Fzd6,2.2527413855553874e-50,0.003965633056554114,0.007615148469838702,0.0001562949105454173,9.266487687115659e-15,0.013189383753877685,5.152543917579048e-31,2.894224080927195e-22
Wnt11^Fzd7,2.8223064682094312e-36,0.0004210499231585512,5.082220672975718e-15,0.003783543652706273,0.0004257669969056687,0.005903429167391393,9.162812371914185e-30,0.010877254141964728
Wnt11^Fzd8,1.623685867736872e-11,0.0007125493839210471,0.0014781406947293268,0.0016810858337031884,6.025222507614938e-08,0.0034414164957555374,1.9937897670770148e-31,3.29916604383635e-13
Wnt2^Fzd1_Lrp5,4.1589035715586596e-51,0.002677332232816818,1.8310140384318523e-16,1.7355834922567815e-05,0.006376368812261328,0.0007898366367473836,3.6454762472817255e-18,2.5160716770224054e-09
Wnt2^Fzd1_Lrp6,1.0428645936608849e-51,0.0025506710584830405,1.1951366359317216e-16,3.675158359692596e-06,0.007457429336813457,0.0007676090109694231,8.958428686264755e-19,3.7611490527833e-10
Wnt2^Fzd2_Lrp5,6.456774961428599e-49,0.00019649776593368598,7.101117466536827e-25,0.0016386068359110454,0.005875572151117712,5.829954342580957e-05,1.9150078256202475e-20,2.328954939165881e-10
Wnt2^Fzd2_Lrp6,3.5544151853368403e-48,0.00014348981357353277,1.6039064712725185e-23,0.002093813455750177,0.006837335289478845,1.0297551278346948e-05,1.0491936746651292e-20,2.5929793203046424e-11
Wnt2^Fzd3_Lrp5,7.347037237091564e-56,0.001846257075444399,6.97561926737556e-14,0.000885553874713492,6.650372358372194e-08,9.594674957915903e-05,5.693629027431203e-16,1.6708397415329942e-20
Wnt2^Fzd3_Lrp6,2.9456569604570393e-52,0.001872304643245477,1.46374602224836e-13,0.0016172838924511537,2.3491268508090404e-06,3.303059948832949e-05,1.8714227104390213e-16,2.950195436068873e-22
Wnt2^Fzd4_Lrp5,1.1375725156970192e-46,0.009757570925302585,1.403672634187776e-10,0.0009185693843419366,0.002366315265817897,0.0012968935952256358,2.1777532259090878e-14,1.8588211724703836e-09
Wnt2^Fzd4_Lrp6,7.882882232706381e-46,0.010665535073585948,2.010072445608134e-10,0.0008949579078279548,0.0031182536555034836,0.0014007903575887761,3.5711517526491244e-15,5.718203687099436e-11
Wnt2^Fzd5_Lrp5,1.93812210907945e-41,0.00011983566490934486,3.1806532509391685e-21,0.0017868367095774805,2.599340618204154e-05,7.569540237889294e-09,1.4753779412603226e-20,1.6007269409094922e-15
Wnt2^Fzd5_Lrp6,3.692255770044147e-42,0.0001335333106588289,4.496690504004959e-20,0.002029195486310068,2.6525659673390594e-05,7.429690816555757e-09,1.7357486807806624e-20,1.2498798152112861e-16
Wnt2^Fzd6_Lrp5,5.875692469946933e-49,0.010857111816133466,2.285118499534633e-09,2.0427403607417592e-13,7.260421050300522e-19,0.001495337603827704,1.196111885611523e-17,2.3462999591987635e-23
Wnt2^Fzd6_Lrp6,1.061848933393119e-47,0.011893714020291418,2.9593978750341395e-09,9.995249428455874e-13,3.7553903648363913e-19,0.0015843315546112723,8.682239275817634e-18,1.4200901455080137e-23
Wnt2^Fzd7_Lrp5,1.662967721817784e-36,0.002358713930212964,2.6410643625519768e-18,0.0019279410411144294,0.006093311617816252,0.0002628011525381265,3.4045286761756098e-18,1.6656485031955083e-11
Wnt2^Fzd7_Lrp6,9.966875750397608e-38,0.002292985272829504,1.1147367576415759e-18,0.002410808001437745,0.007127038201934127,0.00010782789034911503,1.3204158062694986e-18,1.8379717192615297e-12
Wnt2^Fzd8_Lrp5,2.5630300322616785e-05,0.0023983479277641787,1.367209253565228e-10,4.788150178215282e-09,4.26476689670555e-12,0.0002774883986981082,4.156473403998746e-18,4.214676505394249e-27
Wnt2^Fzd8_Lrp6,4.8727975865010297e-05,0.0022065025112686307,5.7045437717773926e-11,3.98482191829723e-07,9.063137654202294e-11,0.0002549946340753413,8.29218000011691e-18,6.228613898441155e-27
Wnt5a^Adrb2,0.005734888931007392,1.117622208881531e-36,0.0008950050794741929,1.9731635160209804e-23,5.502736101686512e-14,0.009479960397572892,1.4137147428907532e-37,3.7533742520445155e-17
Wnt5a^Antxr1,6.457355127570211e-48,5.7726048732866176e-33,4.83655231024996e-21,2.748494288771995e-07,6.65316755947626e-10,0.00029695374535408415,2.3071345474432615e-38,0.01624181671534959
Wnt5a^Fzd1,6.389838861858178e-38,7.026809265021106e-30,0.002350507727810512,5.092934021720679e-10,4.099710153661103e-09,0.0015731866022296024,1.8681440266379574e-31,0.011632365309367806
Wnt5a^Fzd2,3.795324393985381e-40,6.06188222451768e-29,1.7783264688980807e-08,0.0028244605988500685,8.464413375034889e-10,0.001575020082635327,1.574464011467181e-31,0.009857650057220361
Wnt5a^Fzd3,3.277776557362502e-58,2.366962154572116e-36,0.0008134579695999835,0.004225888902547328,1.678218396028838e-09,0.001283696335621784,5.822415454868688e-25,4.1380454752376006e-08
Wnt5a^Fzd4,4.67911805315517e-47,2.3911867580088864e-36,0.01110642717091463,0.0021175617642686688,7.895284311553732e-10,0.006466178781037083,1.4992687665618321e-34,0.006123318057200683
Wnt5a^Fzd5,1.423954676047538e-55,3.3735508584430346e-34,1.1020738162469986e-10,0.0037774393447168805,9.11434589330798e-12,0.00014548111504089512,9.268534504108175e-26,1.1784080643920886e-08
Wnt5a^Fzd6,1.8835372155470872e-47,2.5535830626365495e-37,0.011858350680501685,0.0043210254722701276,5.148722295765925e-13,0.0025123507876082113,1.4027295180486325e-32,2.5615873771866276e-12
Wnt5a^Fzd7,3.1751835325098117e-34,3.0713522109096142e-30,2.6836550940392773e-05,0.0038150467878213527,4.263395739434332e-09,0.0027355996674693532,9.70670251992417e-31,0.009504038187675768
Wnt5a^Fzd8,9.150730095061937e-12,1.1885592942580253e-38,0.004585304353007094,0.001530295509761107,4.340547150463286e-08,0.0014665255358883565,5.406150648900315e-37,1.4563384643418582e-07
Wnt5a^Ldlr,0.0011821177394541317,3.260388294629264e-32,0.0012175621441302663,0.0005995242154366823,5.840131421696517e-06,0.0049327131050708435,2.1008558155826936e-28,0.004933649708293835
Wnt5a^Lrp5,0.0007304725825057557,1.4208100371552354e-34,0.008933922085187593,4.004379101521088e-06,1.4242611122587506e-08,0.0069130373748988085,2.756131754980219e-29,0.004436449630777772
Wnt5a^Lrp6,0.002652719659648238,1.605311446503407e-32,0.0037737837493103583,0.0007331650462319263,3.735239597847984e-05,0.012134977359943778,9.328651131945235e-25,0.007537906426191566
Wnt5a^Mcam,4.304393546115932e-38,6.329014891433463e-37,0.015508041963542956,0.007099403028257972,2.7203483826088614e-16,0.008011398342554647,1.0216539522571152e-31,6.996499117392665e-10
Wnt5a^Ptk7,3.0209528057793154e-57,5.3472961207215535e-33,0.0025680577683686785,1.3338351964610414e-08,4.4687918401306755e-10,0.002134020432627249,2.4340586513856054e-35,0.007003844064031286
Wnt5a^Ptprk,1.0815707704753331e-30,1.1193779792013752e-34,0.00780421926489876,0.007045568617867181,2.247049725131541e-11,0.006750181077519697,6.677720860669051e-30,0.000742246430339928
Wnt5a^Ror2,2.177493864487219e-51,6.378498049960415e-32,3.0778731521708054e-11,0.0026562663955803944,9.661249096876149e-11,0.0001295270617362518,2.7154019525679255e-35,0.0008397572212225131
Wnt5a^Ryk,8.44427251215348e-17,7.932298846866963e-34,0.006753206435756233,0.0008356842924238226,2.0187141153811831e-07,0.009495963296963186,4.489567171666342e-30,0.01127837041100608
Wnt5b^Fzd1_Lrp5,3.3591109960934904e-49,2.6404480394240125e-22,0.00408404146532027,0.00034278994359371437,0.0006205463410719066,1.5175417653160105e-35,2.174446700705923e-39,0.01164795847999972
Wnt5b^Fzd1_Lrp6,8.871232370342444e-49,4.5320901577107455e-22,0.004032608733253022,0.00017596194047879709,0.0008213202163881177,8.420249387689506e-38,7.900619403658468e-39,0.012767867824890946
Wnt5b^Fzd2_Lrp5,1.0905136942865265e-49,2.292737056831894e-28,4.243919092110649e-22,0.0031964816321473524,0.000312443645756217,6.537087252338119e-34,1.2387954754773383e-37,0.010050778135169875
Wnt5b^Fzd2_Lrp6,6.75139783471945e-48,9.849382765682392e-28,5.385968557520662e-18,0.004982798054252827,0.00037945173374838046,7.26133900270163e-34,1.4465216290733706e-36,0.010872459393150295
Wnt5b^Fzd3_Lrp5,1.814274467282641e-44,5.981397053519272e-24,0.0013549321677025282,0.0020089150480257683,6.228443029244515e-07,1.9659387117296285e-30,4.0234563719588423e-35,4.291774357272472e-05
Wnt5b^Fzd3_Lrp6,3.739929913937055e-42,2.2998888745333655e-25,0.0013483988109341323,0.0038564364138048285,1.4611498813561997e-07,2.774695443265092e-29,1.413853831192717e-32,1.080454103627179e-05
Wnt5b^Fzd4,9.905761375436465e-38,2.8980798113665904e-24,0.01585788328351992,0.0053865718602658045,5.486753991434842e-05,3.1547426213986184e-32,2.3824297398936304e-38,0.007600580872496292
Wnt5b^Fzd5_Lrp5,4.5294401259304994e-33,3.9094346846899115e-30,7.789415584245203e-12,0.002069089609897431,3.070094087702313e-10,5.604879196449014e-23,1.9778470616510486e-30,7.508904196263023e-05
Wnt5b^Fzd5_Lrp6,4.5538858089709366e-32,5.1400683511323106e-30,3.3881869886034678e-09,0.002377447690829075,1.5249891642794085e-09,3.0374455993713836e-23,1.6388539225050608e-30,3.25094884764438e-05
Wnt5b^Fzd6_Lrp5,1.5433172202980848e-37,2.868659839371745e-23,0.017651785617379102,0.000669176208330959,1.5373682236639412e-05,6.860008175423816e-36,8.118372943635918e-41,2.2888023296204546e-05
Wnt5b^Fzd6_Lrp6,4.366702465029225e-36,3.470295205869642e-23,0.018244799856765616,0.0016958328274742647,5.324521249130879e-06,8.800143897562221e-36,2.741503552302929e-40,1.4739967928108916e-05
Wnt5b^Fzd7_Lrp5,5.2999147834964496e-42,3.429011064813884e-26,0.0028278602128767177,0.003946394131512593,0.00034781562609625434,3.76480069648932e-34,3.436121702155797e-36,0.010706726187283336
Wnt5b^Fzd7_Lrp6,2.9377787801024024e-42,1.6735415094223295e-26,0.002747017360371235,0.005397618521488803,0.0004396243927958911,6.559358228311294e-34,1.4699747475529338e-35,0.011470697153797922
Wnt5b^Fzd8_Lrp5,1.9325000031237114e-05,7.191532192034581e-27,0.0025200355615143492,5.271470655430842e-08,2.4391483350474243e-08,6.932170384195817e-17,8.76623720386513e-39,0.00046739095915209134
Wnt5b^Fzd8_Lrp6,2.6116058955227536e-05,4.995509721958417e-27,0.002185358702839603,0.0008301301359129692,7.725791763249871e-09,5.586479126725184e-17,3.050151915416228e-39,0.0004887144869146125
Wnt9a^Fzd1_Lrp5,1.3866403940339147e-63,1.5880696474800424e-23,2.4594686276466683e-07,6.88086816043447e-14,9.368712026997342e-20,0.004908361045472044,2.067983278396383e-46,0.006403135630380672
Wnt9a^Fzd1_Lrp6,3.259362632899785e-58,8.2466280034386e-20,9.679402463361701e-08,7.959517516367529e-15,6.195989290352635e-14,0.004876589228577158,1.797170065271265e-45,0.008017527148876344
Wnt9a^Fzd2_Lrp5,8.309025696819876e-58,7.945491431948596e-29,8.439324434188222e-29,0.0006823988590803231,2.1423767462257436e-18,0.002175809634402135,1.706195064095648e-46,0.006588397133180131
Wnt9a^Fzd2_Lrp6,1.9115950853551386e-54,1.4361959696622472e-25,3.25623327570444e-29,0.0007003755076355481,1.1099091226214907e-14,0.002462231026370491,7.920675790468615e-46,0.007749814539123077
Wnt9a^Fzd3_Lrp5,9.038986254417134e-59,9.40643382527173e-28,0.0005482865649476913,0.0018343282034999487,1.1722295330082966e-07,0.0015894231928523174,3.211078899899456e-35,1.1275937152873332e-07
Wnt9a^Fzd3_Lrp6,6.585511001096923e-59,1.0234495303709267e-27,0.0005491855149388275,0.0018345719186823317,6.389568606740458e-08,0.0015886197406025852,5.342964890652942e-35,9.9033690469141e-08
Wnt9a^Fzd4_Lrp5,1.7006008818138627e-53,6.899829730409512e-32,0.004784285001028762,5.502931667715098e-08,1.4456061704826847e-18,0.01134024008821175,3.752507895393566e-43,0.0010559582532568572
Wnt9a^Fzd4_Lrp6,5.722181382027533e-54,3.8139119947851885e-33,0.0049292023910408106,2.7649803086056985e-08,6.95636208829107e-15,0.013195992880272856,1.4872490109526053e-44,0.0015038601803745
Wnt9a^Fzd5_Lrp5,6.411662183506157e-36,1.1646390317129073e-24,1.1645794645114195e-09,0.001245981357763787,3.596430603444204e-10,1.1584107981359008e-08,1.5731015465848782e-30,3.072073352811107e-16
Wnt9a^Fzd5_Lrp6,3.083255789380936e-36,8.922514332570222e-25,1.178056318857844e-09,0.001245981473245323,3.5227509961441683e-10,1.1375993177837075e-08,1.0652874902927845e-30,2.832869697423646e-16
Wnt9a^Fzd6_Lrp5,1.895321422557464e-53,3.6599634792769885e-30,0.00647087212983015,1.3466795667202657e-07,1.0509742135314438e-20,0.007445621264536602,7.597955645991456e-44,2.352611400683847e-22
Wnt9a^Fzd6_Lrp6,3.0038974513710884e-53,3.0420099621648993e-32,0.007010606630369037,4.180562394524181e-08,2.0687116949081823e-21,0.007985594166380032,3.392833566319761e-45,1.7383557584096333e-23
Wnt9a^Fzd7_Lrp5,1.4853158831983665e-54,3.033665511285408e-32,3.97648874797729e-16,0.0008612776604120225,5.824471629815684e-18,0.004247743670412913,7.645647343948898e-46,0.006270257214616278
Wnt9a^Fzd7_Lrp6,3.994324325751482e-55,1.6225440658922828e-30,2.7411570602662795e-17,0.000818785000263791,2.2437369748422716e-14,0.004541575912113811,4.519014035530308e-45,0.007549800873036749
Wnt9a^Fzd8_Lrp5,2.545060656457798e-28,2.558467439476133e-29,0.0016357899681350855,2.296477562008727e-06,6.123674838777227e-09,0.0010949404585371,4.726940444976782e-40,3.8020354926786304e-05
Wnt9a^Fzd8_Lrp6,1.7147318139872496e-29,1.8285732810366444e-30,0.001569734127064019,2.041277683903143e-06,4.128072563075759e-10,0.0014345389672494099,1.298263664893757e-41,1.6869770851856062e-06
Ybx1^Notch1,0.05108596224977601,0.14443438522681756,0.19995557645437412,0.03423615468480595,0.0516352900273985,0.012603278819850369,0.11026639685660905,0.06073121596866517
