source,target,ligand_complex,receptor_complex,lr_means,cellphone_pvals,expr_prod,scaled_weight,lr_logfc,spec_weight,lrscore,specificity_rank,magnitude_rank,clean_label,module_ligand,kME_ligand,module_receptor,kME_receptor,age_module_ligand,age_module_receptor,age_relevant
Myocytes,EndocardialCells,Nppa,Npr3,2.2262194,0.0,4.9512124,2.1383842969476827,2.4701780087058043,0.29149494,0.9223772,1.88177053388915e-05,4.905996978817347e-08, ,brown,0.916636044825977,brown,0.935438617735889,True,True,True
EndothelialCells,EndothelialCells,Gnai2,Cav1,1.7746767,0.0,3.1358173,0.8027984943134301,1.108649594926425,0.070932224,0.9043673,0.028541536280802495,4.4149620075526435e-07, ,black,0.730197986867085,brown,0.884758647437185,False,True,True
SmoothMuscleCells,SmoothMuscleCells,Mfge8,Pdgfrb,1.7657559,0.0,3.116308,1.4502353661103076,1.4122312269395771,0.17648776,0.9040971,0.003954835775629722,7.848435983905509e-07, ,lightcyan,0.510462651252352,brown,0.766275459333072,True,True,True
Leukocytes,EndothelialCells,Gnai2,Cav1,1.7602721,0.0,3.0813236,0.7733710097215447,1.0247307180245275,0.06969957,0.90360653,0.028541536280802495,1.2262576517502916e-06, ,turquoise,0.515281533766225,brown,0.884758647437185,False,True,True
EndothelialCells,EndocardialCells,Sparc,Eng,1.7159512,0.0,2.9007075,0.7543164096997605,0.643402108736271,0.07791597,0.90094364,0.028541536280802495,1.765723987076956e-06, ,black,0.731223351438005,brown,0.973204830554305,False,True,True
EndocardialCells,EndothelialCells,Mmrn2,Cd93,1.7008685,0.0,2.875457,1.1757447916325163,1.5051376528595988,0.17011802,0.9005528,0.004897670001117698,3.138756163054337e-06, ,brown,0.943558775036418,turquoise,0.705808522625346,True,False,True
EndocardialCells,Fibroblasts,Vwf,Lrp1,1.7082644,0.0,2.858587,1.7448444939424048,2.0502869847035283,0.34210467,0.900289,5.565423569870955e-05,3.138756163054337e-06, ,brown,0.691096517422782,,,True,False,True
EndocardialCells,SmoothMuscleCells,Vwf,Itgb1,1.6992688,0.0,2.8234618,1.4938135342358734,1.4042203646881788,0.1539544,0.8997327,0.0063642455046049665,3.972292135048922e-06, ,brown,0.691096517422782,,,True,False,True
Fibroblasts,EndocardialCells,Sparc,Eng,1.6909887,0.0,2.8045926,0.7068419997340203,0.6080446158200389,0.07533422,0.89942986,0.028541536280802495,4.9038231256832815e-06, ,black,0.649519023068726,brown,0.973204830554305,False,True,True
EndocardialCells,EndocardialCells,Mmrn2,Cd93,1.6620799,0.0,2.733247,1.130243162046831,1.0778116935383264,0.16170458,0.8982584,0.006865483286669262,8.286236595879427e-06, ,brown,0.943558775036418,lightcyan,0.582187985085655,True,True,True
EndothelialCells,EndocardialCells,Gnai2,F2r,1.6597552,0.0,2.7547839,0.8344255991002549,0.8100423882011992,0.0913908,0.8986165,0.028541536280802495,9.609600212011532e-06, ,black,0.730197986867085,brown,0.784344492026737,False,True,True
EndocardialCells,EndothelialCells,Gnai2,Cav1,1.6653953,0.0,2.7223945,0.5795820235638776,0.8763844634887761,0.0615806,0.8980765,0.036046719724897563,9.609600212011532e-06, ,black,0.68121307835009,brown,0.884758647437185,False,True,True
Leukocytes,EndocardialCells,Gnai2,F2r,1.6453507,0.0,2.7069116,0.8049981145083696,0.7261235112993017,0.08980262,0.8978151,0.028541536280802495,1.960563265219004e-05, ,turquoise,0.515281533766225,brown,0.784344492026737,False,True,True
EndocardialCells,Leukocytes,Rps19,C5ar1,1.6387975,0.0,2.654081,1.1353403166378178,1.2376586573389738,0.16877851,0.89690745,0.005150293274487492,2.5924616459196913e-05, ,yellow,0.271007395088597,turquoise,0.712817995193886,True,False,True
Fibroblasts,EndothelialCells,Col1a2,Cd36,1.6540534,0.0,2.650529,1.1342977920446338,1.8704646024694558,0.21022505,0.8968455,0.0014609553395371646,2.8226545462597555e-05, ,,,brown,0.868570071306074,False,True,True
EndocardialCells,EndothelialCells,Vwf,Itgb1,1.6491559,0.0,2.6277852,1.406643056895352,1.424932590073994,0.14328478,0.89644617,0.005181775012259715,3.5718944247241025e-05, ,brown,0.691096517422782,,,True,False,True
SmoothMuscleCells,EndocardialCells,Sparc,Eng,1.6377006,0.0,2.5994134,0.605503109890275,0.47000842056457104,0.06982289,0.89594126,0.028541536280802495,4.707699980942394e-05, ,black,0.837859698632221,brown,0.973204830554305,False,True,True
EndothelialCells,EndothelialCells,Gnai2,S1pr1,1.621701,0.0,2.6286108,0.786803376560222,1.0950850666814942,0.086498365,0.8964608,0.028541536280802495,5.016074848011425e-05, ,black,0.730197986867085,brown,0.500963498873593,False,True,True
EndocardialCells,EndocardialCells,Vwf,Itgb1,1.6246604,0.0,2.5321376,1.3640318840927805,1.302089905431447,0.13806942,0.8947125,0.014203005539698745,5.999787370863161e-05, ,brown,0.691096517422782,pink,0.572507776572743,True,False,True
Leukocytes,EndothelialCells,Gnai2,S1pr1,1.6072965,0.0,2.582931,0.7573758919683367,1.0111661897795967,0.0849952,0.89564437,0.028541536280802495,6.347216979489388e-05, ,turquoise,0.515281533766225,brown,0.500963498873593,False,True,True
EndothelialCells,EndocardialCells,Ybx1,Notch1,1.6131535,0.0,2.4995706,0.8358152674541142,0.6947459855890007,0.0691247,0.89410126,0.028541536280802495,7.071356826948065e-05, ,yellow,0.31566495597398,darkred,0.343740710918236,True,False,True
Leukocytes,EndocardialCells,C1qa,Cd93,1.593183,0.0,2.5277941,1.4515790247657474,1.6701131474629671,0.23800297,0.8946316,0.000768826530592341,7.448063026053607e-05, ,turquoise,0.847224602986981,lightcyan,0.582187985085655,False,True,True
EndocardialCells,EndocardialCells,Nppa,Npr3,1.6740999,0.0,2.416108,1.5979942087869963,1.6525207589959332,0.14224459,0.8924827,0.0007898891313871393,0.00010358093443643853, ,brown,0.695639542145225,brown,0.935438617735889,True,True,True
Fibroblasts,EndothelialCells,Col1a1,Cd36,1.5926237,0.0,2.4114172,1.1292689611893607,1.889915292121858,0.28996062,0.8923894,0.0002231208018384429,0.00010812806744434253, ,,,brown,0.868570071306074,False,True,True
EndocardialCells,EndothelialCells,Comp,Cd36,1.5905252,0.0,2.4032483,1.652814825693445,1.9941787842404195,0.30678517,0.89222634,0.00012348611179854974,0.00011751466498202008, ,lightgreen,0.125031208796262,brown,0.868570071306074,False,True,True
Myocytes,EndothelialCells,Vegfb,Nrp1,1.562542,0.0,2.4062507,1.2171119563002377,1.3082177817692178,0.12515993,0.89228636,0.013625170025022604,0.00012729090664770283, ,blue,0.734190683037478,brown,0.648185002416343,False,True,True
EndothelialCells,Myocytes,Pdgfb,Art1,1.5695541,0.0,2.3686767,2.269476742460803,2.5875465217238007,0.51719946,0.8915277,3.7992001098743873e-06,0.00014801191911925055, ,cyan,0.464137268387394,brown,0.769648469668736,False,True,True
EndocardialCells,EndocardialCells,Gnai2,F2r,1.5504739,0.0,2.391596,0.6112091283507024,0.5777772567635503,0.07934194,0.89199245,0.028541536280802495,0.00015343552382275486, ,black,0.68121307835009,brown,0.784344492026737,False,True,True
EndocardialCells,SmoothMuscleCells,Mfge8,Pdgfrb,1.5544775,0.0,2.353348,1.1425450802384305,1.1302362932868473,0.1332786,0.8912134,0.02020109700411706,0.00015895644175316505, ,green,0.295522794899105,brown,0.766275459333072,False,True,True
Leukocytes,Fibroblasts,Pf4,Sdc2,1.5458612,0.0,2.3610592,1.395996094664085,2.1918488580839535,0.32621342,0.8913719,7.536428580136924e-05,0.00017029015933569595, ,turquoise,0.841618051106534,brown,0.848057536799011,False,True,True
Fibroblasts,EndothelialCells,Gnai2,Cav1,1.5649828,0.0,2.3425233,0.37448560372970413,0.6896341679827906,0.052987903,0.8909897,0.06501557078775835,0.00017610293000831296, ,black,0.78566112490779,brown,0.884758647437185,False,True,True
EndothelialCells,Myocytes,App,Gpc1,1.5443248,0.0,2.3824923,1.8629575136903722,1.5029737763018516,0.19377713,0.89180857,0.002472780721149362,0.000188020222667491, ,black,0.617473609490099,brown,0.486264962491867,False,True,True
EndothelialCells,Fibroblasts,Lpl,Lrp1,1.5348389,0.0,2.3507369,0.8253860341988659,1.298463120678841,0.12994584,0.89115953,0.02271298285183067,0.0002003264599004296, ,brown,0.487721034349969,,,True,False,True
SmoothMuscleCells,EndothelialCells,Gnai2,Cav1,1.5548273,0.0,2.3041043,0.35373979810956996,0.7397498242778738,0.05211886,0.89018404,0.06925629708195481,0.00020662536262799143, ,black,0.83203351296545,brown,0.884758647437185,False,True,True
Fibroblasts,SmoothMuscleCells,Lum,Itgb1,1.5258254,0.0,2.3218,0.7677970746092846,1.130262954016443,0.12030646,0.8905574,0.028541536280802495,0.00023279265683120114, ,brown,0.949650798111063,,,True,False,True
EndocardialCells,Leukocytes,Vwf,Sirpa,1.5578582,0.0,2.2712944,1.9829515619956475,2.038314430950941,0.42611292,0.88948107,1.5039164331992319e-05,0.00026051394879506365, ,brown,0.691096517422782,turquoise,0.761733552093104,True,False,True
EndocardialCells,EndocardialCells,Sparc,Eng,1.5501735,0.0,2.2624006,0.4390488609625247,0.35131173574612873,0.06077039,0.88928807,0.03787730439213275,0.000274957100300031, ,black,0.677069596089091,brown,0.973204830554305,False,True,True
Fibroblasts,EndocardialCells,Mmp2,Pecam1,1.5206811,0.0,2.2867746,1.0693517554475949,1.3902150602610566,0.29052162,0.88981444,0.0004000319272719707,0.0002823242177127361, ,,,brown,0.774210329710027,False,True,True
Leukocytes,EndocardialCells,Nppa,Npr3,1.6379591,0.0,2.2501643,1.5626213229485895,1.7331894981249567,0.13247493,0.8890208,0.0008939610656592955,0.0002897883585571279, ,turquoise,0.639972798269552,brown,0.935438617735889,False,True,True
EndocardialCells,EndothelialCells,Mmrn2,Clec14a,1.5239694,0.0,2.2268946,1.086001893122012,1.4689844487292745,0.20140964,0.88850695,0.0019317413570951647,0.00032856390711307214, ,brown,0.943558775036418,turquoise,0.909426799361271,True,False,True
EndocardialCells,EndothelialCells,Gnai2,S1pr1,1.5124196,0.0,2.2820575,0.5635869058106694,0.8628199352438451,0.07509451,0.8897132,0.028541536280802495,0.00034475278341594234, ,black,0.68121307835009,brown,0.500963498873593,False,True,True
EndothelialCells,SmoothMuscleCells,Mfge8,Pdgfrb,1.515169,0.0,2.211399,1.0852984911256707,1.1978482052758417,0.1252395,0.88816065,0.02803054920895201,0.0003613293426579179, ,,,brown,0.766275459333072,False,True,True
Fibroblasts,Fibroblasts,Serping1,Lrp1,1.494946,0.0,2.2339165,1.0203254479899393,1.6854215667098131,0.21486789,0.8886628,0.0012988012953699289,0.00041338348654296116, ,brown,0.637205541603263,,,True,False,True
Myocytes,Fibroblasts,Fndc5,Itgb5,1.5159018,0.0,2.1953554,1.9133272988367596,1.95348806325875,0.30257466,0.8877985,0.00010229056600209762,0.00043150935515985655, ,brown,0.866327263435725,turquoise,0.646285311150696,True,False,True
EndothelialCells,Myocytes,App,Rpsa,1.4893986,0.004,2.2182784,-0.06385863533756092,0.07161361561328083,0.03492821,0.8883148,0.8009123705315223,0.0004689221880782847, ,black,0.617473609490099,tan,0.206618269537133,False,True,True
EndothelialCells,SmoothMuscleCells,Gnai2,Cav1,1.4887664,0.0,2.1878526,0.4684138598295135,0.3342041038783029,0.04948925,0.88762784,0.08407381147608013,0.0004882088615535192, ,black,0.730197986867085,midnightblue,0.401042124167732,False,True,True
EndothelialCells,EndothelialCells,Timp3,Kdr,1.4872515,0.0,2.190171,0.7161819997256983,1.3131978759730933,0.12945606,0.88768065,0.02322120692698806,0.0005078822377385937, ,yellow,0.308157376549655,turquoise,0.856715396468162,True,False,True
Myocytes,EndocardialCells,Vegfb,Nrp1,1.4869215,0.0,2.198341,1.1064673165363035,1.0256901992215557,0.11434561,0.88786614,0.028541536280802495,0.0005178639031229414, ,blue,0.734190683037478,brown,0.550721740569223,False,True,True
EndothelialCells,EndothelialCells,Col4a2,Cd93,1.4846075,0.0,2.1970055,0.8370693939176852,1.3543459052210425,0.11969707,0.88783586,0.028541536280802495,0.0005904405187392308, ,yellow,0.155737396507289,turquoise,0.705808522625346,True,False,True
EndocardialCells,Fibroblasts,Vwf,Itgb1,1.5253584,0.0,2.1443923,1.1912963619518586,1.1524435458357707,0.1169269,0.8866233,0.028541536280802495,0.0005904405187392308, ,brown,0.691096517422782,black,0.76802340300577,True,False,True
EndocardialCells,EndocardialCells,Mmrn2,Clec14a,1.4959073,0.0,2.1240108,1.0517510940176242,1.038853088483124,0.1921044,0.88614243,0.0029574238273888756,0.0006451771264711948, ,brown,0.943558775036418,,,True,False,True
Fibroblasts,Myocytes,Selplg,Esam,0.06461431,1.0,0.0025290241,-0.5239138326094236,-0.976688639105191,0.00054105365,0.211704,1.0,0.0006644518513577347, ,,,tan,0.656541068331931,False,True,True
Leukocytes,Fibroblasts,Apoe,Sdc2,1.477112,0.0,2.1717703,0.8566068277708089,1.244728227606831,0.11577112,0.88725936,0.028541536280802495,0.000667747079309882, ,turquoise,0.846073130030222,brown,0.848057536799011,False,True,True
Fibroblasts,EndothelialCells,Lum,Itgb1,1.4757125,0.0,2.1608908,0.6806265972687631,1.1509751794022582,0.11196877,0.88700795,0.028541536280802495,0.0007023251924804402, ,brown,0.949650798111063,,,True,False,True
Leukocytes,SmoothMuscleCells,Gnai2,Cav1,1.4743619,0.0,2.1498325,0.4389863752376281,0.25028522697640543,0.04862923,0.8867506,0.09051109398531494,0.000714044021288293, ,turquoise,0.515281533766225,midnightblue,0.401042124167732,False,True,True
SmoothMuscleCells,Fibroblasts,Mfge8,Itgb5,1.4607587,0.0,2.063499,0.8600015763202438,0.9425029490465827,0.09785093,0.88467616,0.028541536280802495,0.0009279972795153784, ,lightcyan,0.510462651252352,turquoise,0.646285311150696,True,False,True
Fibroblasts,EndocardialCells,Lum,Itgb1,1.4512169,0.0,2.0822372,0.6380154244661917,1.0281324947597112,0.10789326,0.88513654,0.028541536280802495,0.0009549959864016107, ,brown,0.949650798111063,pink,0.572507776572743,True,False,True
EndothelialCells,EndocardialCells,Col4a1,Cd93,1.4466635,0.0,2.090868,0.7362074766929753,0.7826495464642457,0.10134531,0.88534665,0.028541536280802495,0.0009962147311599256, ,blue,0.533828563580012,lightcyan,0.582187985085655,False,True,True
Fibroblasts,EndocardialCells,Gnai2,F2r,1.4500613,0.0,2.057883,0.406112708516529,0.39102696125756486,0.06827091,0.8845371,0.028541536280802495,0.0010101464373014144, ,black,0.78566112490779,brown,0.784344492026737,False,True,True
EndothelialCells,EndocardialCells,Mmrn2,Cd93,1.4461932,0.0,2.0894659,0.8827299420020907,1.1651280269440505,0.12361715,0.88531256,0.028541536280802495,0.0010101464373014144, ,turquoise,0.746193022863879,lightcyan,0.582187985085655,False,True,True
EndothelialCells,EndocardialCells,Col4a2,Cd93,1.4458189,0.0,2.0883493,0.7915677643319998,0.92701994589977,0.11377727,0.88528544,0.028541536280802495,0.001038297949478957, ,yellow,0.155737396507289,lightcyan,0.582187985085655,True,True,True
EndothelialCells,Fibroblasts,Hspg2,Lrp1,1.4450234,0.0,2.0877259,0.7412265248380921,1.1758408926301371,0.13653047,0.8852703,0.01695451122057481,0.0010525177265355069, ,brown,0.70755077011452,,,True,False,True
EndothelialCells,Myocytes,Lpl,Vldlr,1.4446766,0.0,2.061225,1.3210084186847948,1.4476412306148987,0.19552715,0.88461995,0.002374854604714433,0.001066833498250907, ,brown,0.487721034349969,blue,0.567065344401306,True,False,True
EndocardialCells,Fibroblasts,Apoe,Sdc2,1.441813,0.0,2.0745804,0.7934546668451781,1.0783399282339121,0.110590205,0.8849491,0.028541536280802495,0.0011250564279294529, ,,,brown,0.848057536799011,False,True,True
SmoothMuscleCells,EndocardialCells,Gnai2,F2r,1.4399059,0.0,2.0241323,0.3853669028963948,0.44114261755264805,0.06715121,0.88368994,0.028541536280802495,0.0011547433933960672, ,black,0.83203351296545,brown,0.784344492026737,False,True,True
EndothelialCells,SmoothMuscleCells,Hspg2,Itgb1,1.4360278,0.0,2.0620725,0.49019556513156093,0.5297742726147875,0.061441623,0.88464093,0.03621979212897901,0.0012152679271761353, ,brown,0.70755077011452,,,True,False,True
EndocardialCells,Leukocytes,Vwf,Itgb1,1.4864855,0.0,1.9926046,1.1236772587698045,1.1551664915803164,0.1086504,0.88288075,0.028541536280802495,0.0012306386850240247, ,brown,0.691096517422782,,,True,False,True
EndocardialCells,Myocytes,App,Gpc1,1.4331342,0.0,2.0280643,1.6490923435487714,1.2817318296353086,0.16495013,0.88378966,0.00592363896983367,0.0012773258252985586, ,,,brown,0.486264962491867,False,True,True
Fibroblasts,Leukocytes,Selplg,Esam,0.06955148,1.0,0.0027664383,-0.5181576614867535,-0.9923956989268798,0.0005918454,0.2192879,1.0,0.0013288055851908562, ,,,brown,0.458895229393426,False,True,True
EndocardialCells,Fibroblasts,Gas6,Axl,1.427008,0.0,2.031726,0.7696156778988199,0.9715775141675884,0.10257107,0.8838822,0.028541536280802495,0.001357053078807222, ,royalblue,0.42190106635111,brown,0.528957135069456,False,True,True
Fibroblasts,EndocardialCells,Col1a2,Cd93,1.4264495,0.0,2.0305896,1.0039651954831748,1.2613785976814382,0.18781577,0.88385355,0.0028580995813314363,0.0013732857020588543, ,,,lightcyan,0.582187985085655,False,True,True
EndothelialCells,EndothelialCells,Pdgfb,S1pr1,1.4236106,0.0,2.000426,0.9579579995838392,1.8796544693654464,0.21849145,0.88308316,0.001197577809452273,0.0014391731640925453, ,cyan,0.464137268387394,brown,0.500963498873593,False,True,True
Fibroblasts,Myocytes,App,Gpc1,1.4160463,0.0,1.9735951,1.6162236250445514,1.2388752070527052,0.16051996,0.88238424,0.007159948932233349,0.0015408727317498204, ,black,0.764270466936223,brown,0.486264962491867,False,True,True
Fibroblasts,EndothelialCells,Gnai2,S1pr1,1.4120071,0.0,1.963629,0.35849048597649597,0.6760696397378597,0.06461614,0.88212126,0.029856639289083754,0.00159301257511851, ,black,0.78566112490779,brown,0.500963498873593,False,True,True
Leukocytes,Myocytes,App,Gpc1,1.4020658,0.0,1.9290313,1.589334107080979,1.261771336594487,0.15689541,0.88119394,0.007985127821987657,0.001810163216983293, ,turquoise,0.410874157662401,brown,0.486264962491867,False,True,True
SmoothMuscleCells,EndothelialCells,Gnai2,S1pr1,1.4018517,0.0,1.931424,0.3377446803563618,0.7261852960329429,0.06355639,0.8812588,0.032234458702517226,0.001828879081988797, ,black,0.83203351296545,brown,0.500963498873593,False,True,True
Fibroblasts,Fibroblasts,Apoe,Sdc2,1.3921716,0.0,1.9379015,0.7046412618189029,1.107180426975509,0.10330422,0.88143384,0.028541536280802495,0.001943175595214064, ,,,brown,0.848057536799011,False,True,True
EndocardialCells,EndothelialCells,Icam1,Cav1,1.4403695,0.0,1.8710982,1.0028960157246405,1.2905052524315443,0.13816999,0.8795885,0.016131942228406988,0.0019625583526169032, ,lightgreen,0.0754793484673717,brown,0.884758647437185,False,True,True
Myocytes,Myocytes,Apoa1,Abca1,0.056733027,1.0,0.0028072482,-0.15555915138894014,-0.37614137394670577,0.008409663,0.22054403,1.0,0.001993061077835028, ,midnightblue,0.255182682496265,magenta,0.837413755023652,True,False,True
Fibroblasts,EndothelialCells,C3,Nrp1,1.4089174,0.0,1.8684453,0.8086018695582464,1.2692007271622523,0.1712489,0.8795133,0.004653290591762465,0.0020016094895679397, ,,,brown,0.648185002416343,False,True,True
Fibroblasts,SmoothMuscleCells,Lamc1,Itga7_Itgb1,1.3869085,0.0,1.9200021,0.5726059594513174,0.7398493539490639,0.07834885,0.8809481,0.028541536280802495,0.0020609000330116117, ,brown,0.533218968575482,,,True,False,True
EndothelialCells,EndothelialCells,Hspg2,Itgb1,1.3859148,0.0,1.9191633,0.40302508779103946,0.5504864980006028,0.05718349,0.8809252,0.04796888455598914,0.0021009027849383656, ,brown,0.70755077011452,,,True,False,True
EndocardialCells,SmoothMuscleCells,Gnai2,Cav1,1.379485,0.0,1.8994085,0.24519738907996094,0.10193897244065397,0.04296464,0.88038146,0.20294375106171061,0.0022439079075359095, ,black,0.68121307835009,midnightblue,0.401042124167732,False,True,True
EndocardialCells,Myocytes,App,Rpsa,1.378208,1.0,1.8882792,-0.27772380547916165,-0.14962833105326234,0.02973216,0.8800717,1.0,0.0022856217431067253, ,,,tan,0.206618269537133,False,True,True
SmoothMuscleCells,SmoothMuscleCells,Pdgfa,Pdgfrb,1.407084,0.0,1.8210868,1.7168761034883322,1.755830261468203,0.33288798,0.87814635,6.682093457623585e-05,0.0024130423151589027, ,yellow,0.344362768020494,brown,0.766275459333072,True,True,True
EndocardialCells,Fibroblasts,Tfpi,Lrp1,1.3725839,0.0,1.875598,0.9731932206116514,1.373221969608739,0.16241871,0.8797156,0.006654640539068175,0.002434611288720582, ,brown,0.667671842240135,,,True,False,True
SmoothMuscleCells,SmoothMuscleCells,Lgals1,Itgb1,1.3667126,0.0,1.8615876,0.49020095087934024,0.2993461147014581,0.047938075,0.87931836,0.0955763980410085,0.0026555169756258836, ,midnightblue,0.216187656338635,,,True,False,True
Myocytes,Myocytes,Apoa1,Lrp1,0.08502684,1.0,0.004869885,-0.34690073261838644,-0.6050693752576561,0.009164791,0.27149197,1.0,0.0026572187292628127, ,midnightblue,0.255182682496265,,,True,False,True
Myocytes,EndocardialCells,Angpt1,Tie1,1.3650365,0.0,1.8627363,1.4357284775888504,1.5282387087509943,0.2988329,0.8793511,0.000149819145136064,0.0027008353852755237, ,blue,0.693979147525439,brown,0.559205266266903,False,True,True
Fibroblasts,EndocardialCells,Col1a1,Cd93,1.36502,0.0,1.8474044,0.9989363646279017,1.2808292873338405,0.25905183,0.878912,0.0007149588823050671,0.00272363665495053, ,,,lightcyan,0.582187985085655,False,True,True
Leukocytes,EndocardialCells,Lgals3,Eng,1.4281623,0.0,1.7926117,1.3349899133722811,1.1574369362685495,0.1639482,0.8773007,0.006337177083183871,0.00274653261520599, ,,,brown,0.973204830554305,False,True,True
Myocytes,EndocardialCells,Nppa,Npr1,1.4932069,0.0,1.7895157,0.8450169803403859,1.0769210683227275,0.11439151,0.87720764,0.028541536280802495,0.002815788494557582, ,brown,0.916636044825977,turquoise,0.737674978374714,True,False,True
EndocardialCells,Leukocytes,Cfh,Itgam,1.4234606,0.0,1.789017,1.408471729200404,1.3713208727639943,0.3096606,0.8771926,0.00011155806667026071,0.002839063072237342, ,brown,0.969078196784481,darkturquoise,0.257147137760542,True,False,True
EndothelialCells,EndocardialCells,Hspg2,Itgb1,1.3614194,0.0,1.8493085,0.36041391498846803,0.4276438133580558,0.055102088,0.8789668,0.05500411585237138,0.0028624322680487987, ,brown,0.70755077011452,pink,0.572507776572743,True,False,True
Fibroblasts,Myocytes,App,Rpsa,1.3611201,1.0,1.8375645,-0.3105925239833817,-0.1924849536358657,0.028933624,0.8786275,1.0,0.002885896067502199, ,black,0.764270466936223,tan,0.206618269537133,False,True,True
Fibroblasts,EndocardialCells,Mfap5,Notch1,1.3606422,0.0,1.8467304,0.9967074385005211,1.4111270790908106,0.23264314,0.87889254,0.0008844605097001221,0.0029331074193758226, ,brown,0.786804272285394,darkred,0.343740710918236,True,False,True
EndocardialCells,SmoothMuscleCells,Ntn1,Mcam,1.381889,0.0,1.7747389,1.1026087085971534,1.2095897732664425,0.17289059,0.87676036,0.004344842151296873,0.0029806970119401993, ,brown,0.425522037629137,brown,0.653447636634818,True,True,True
Myocytes,Leukocytes,Rps19,C5ar1,1.3558617,0.0,1.8272859,0.02926887856198168,0.8722184760117203,0.11620089,0.8783281,0.30718581007815704,0.0030046336122570402, ,brown,0.428117497821289,turquoise,0.712817995193886,True,False,True
Fibroblasts,Fibroblasts,Lum,Itgb1,1.3519151,0.0,1.763385,0.4652799023252698,0.8784861351640352,0.09137161,0.8764132,0.028541536280802495,0.003150238177146102, ,brown,0.949650798111063,black,0.76802340300577,True,False,True
Myocytes,SmoothMuscleCells,Apoa1,Ldlr,0.09001886,0.1,0.0052338066,0.05914447276233387,0.00963551997573752,0.04495663,0.27867734,0.695879989753601,0.0033212780231208694, ,midnightblue,0.255182682496265,,,True,False,True
EndothelialCells,EndothelialCells,Ybx1,Notch1,1.412544,0.0,1.7237685,0.5671050752360425,0.6247076530512061,0.04767018,0.8751773,0.09731114944625328,0.003324405798142682, ,yellow,0.31566495597398,pink,0.343313799659359,True,False,True
Leukocytes,Myocytes,App,Rpsa,1.3471396,1.0,1.7960721,-0.3374820419469543,-0.16958882409408405,0.028280301,0.87740445,1.0,0.003324405798142682, ,turquoise,0.410874157662401,tan,0.206618269537133,False,True,True
Fibroblasts,EndocardialCells,Nppa,Npr3,1.5221002,0.0,1.7181879,1.4492240323934227,1.4077909312260182,0.101155646,0.8750001,0.006029976772090032,0.0033750171479431943, ,brown,0.585297064759349,brown,0.935438617735889,True,True,True
Fibroblasts,SmoothMuscleCells,Mfge8,Pdgfrb,1.3765064,0.0,1.7106665,0.8833618763982399,0.8705691978931309,0.09688121,0.87476003,0.028541536280802495,0.003451641381595508, ,,,brown,0.766275459333072,False,True,True
Fibroblasts,EndocardialCells,C3,Nrp1,1.3332971,0.0,1.7070041,0.6979572297943121,0.9866731446145902,0.1564523,0.87464255,0.009621838820539397,0.0038474792702082217, ,,,brown,0.550721740569223,False,True,True
EndocardialCells,Leukocytes,Vwf,Lrp1,1.4033908,0.0,1.6681439,1.3449559006414622,1.2926809511222792,0.19963703,0.87337464,0.002017322195481532,0.0039566115239781305, ,brown,0.691096517422782,turquoise,0.663780405167675,True,False,True
EndocardialCells,EndothelialCells,Spon1,App,1.3272665,0.0,1.733548,0.6924417462416901,0.7296811781883692,0.11065345,0.875486,0.028541536280802495,0.003984129575100612, ,brown,0.546584870008833,black,0.617473609490099,True,False,True
Myocytes,EndothelialCells,Nppa,Npr1,1.4630524,0.0,1.659451,0.8070573468451822,1.2422985439937893,0.106077366,0.8730855,0.028541536280802495,0.004039447561133314, ,brown,0.916636044825977,brown,0.492427679100596,True,True,True
SmoothMuscleCells,Myocytes,Lamb2,Rpsa,1.325582,0.0,1.7320919,0.03550349058600416,0.19973651157393357,0.041849703,0.87544024,0.36109715253221647,0.004039447561133314, ,,,tan,0.206618269537133,False,True,True
Leukocytes,EndocardialCells,Tgfb1,Eng,1.3920869,0.0,1.6537073,0.7903876545319847,0.752174289685482,0.09222273,0.8728933,0.028541536280802495,0.0041512106626366355, ,brown,0.780749588439731,brown,0.973204830554305,True,True,True
Leukocytes,Leukocytes,Mrc1,Ptprc,1.3207291,0.0,1.679523,2.083075616512989,2.253036546385175,0.8201085,0.8737501,1.4138275936699151e-08,0.0041793861721218135, ,turquoise,0.822103998866163,midnightblue,0.581184418882173,False,True,True
Fibroblasts,Leukocytes,Cfh,Itgam,1.3423619,0.0,1.6371347,1.3170111409474796,1.5237638601666132,0.28337136,0.87233347,0.0002418731896184786,0.00435041060602866, ,brown,0.928124484640369,darkturquoise,0.257147137760542,True,False,True
SmoothMuscleCells,EndothelialCells,Lgals1,Itgb1,1.3165996,0.0,1.7325727,0.40303047353881877,0.3200583400872734,0.044615787,0.8754554,0.12329222051827855,0.004379242866244307, ,midnightblue,0.216187656338635,,,True,False,True
Fibroblasts,Leukocytes,Lum,Itgb1,1.3130422,0.0,1.6385665,0.3976607991432157,0.8812090809085809,0.08490401,0.8723821,0.028541536280802495,0.004466302168345877, ,brown,0.949650798111063,,,True,False,True
Leukocytes,SmoothMuscleCells,Lgals3,Mcam,1.340141,0.0,1.6286922,1.545269306154685,1.4621272986827174,0.22436783,0.8720453,0.0010500601120457939,0.004554204948344608, ,,,brown,0.653447636634818,False,True,True
Leukocytes,EndothelialCells,Tgfb1,Cav1,1.3752682,0.0,1.6248136,0.8208383898844607,1.1804907741685018,0.09441398,0.8719122,0.028541536280802495,0.0047025829144210505, ,brown,0.780749588439731,brown,0.884758647437185,True,True,True
EndothelialCells,EndocardialCells,Nppa,Npr3,1.4987861,0.0,1.6111393,1.4264050452637076,1.4744688635151513,0.09485332,0.8714395,0.003631843829251528,0.004883725241320621, ,brown,0.342952456137021,brown,0.935438617735889,True,True,True
EndothelialCells,Fibroblasts,Col4a2,Itgb5,1.298103,0.0,1.6745614,0.6739012910296006,1.0463179965594942,0.11458181,0.87358683,0.028541536280802495,0.0053194776286211954, ,yellow,0.155737396507289,turquoise,0.646285311150696,True,False,True
SmoothMuscleCells,EndocardialCells,Lgals1,Itgb1,1.2921041,0.0,1.6695094,0.36041930073624734,0.1972156554447264,0.042991832,0.8734199,0.1402681588314693,0.005707539004057168, ,midnightblue,0.216187656338635,pink,0.572507776572743,True,False,True
EndothelialCells,Fibroblasts,Calr,Lrp1,1.288788,0.0,1.6302142,0.3246981437103531,0.650353701477134,0.071413025,0.8720974,0.028541536280802495,0.0059736988128567, ,yellow,0.359407124794825,,,True,False,True
Myocytes,EndothelialCells,Fgf1,Nrp1,1.3206956,0.0,1.5596001,1.3968693226746391,1.2967894614945243,0.14818029,0.86960727,0.011167565495472985,0.0060411692974306, ,orange,0.689259866805731,brown,0.648185002416343,True,True,True
Leukocytes,EndothelialCells,Tgfb1,Eng,1.3312564,0.0,1.5492024,0.7124454296840419,0.89791237788055,0.08639478,0.8692276,0.028541536280802495,0.006177226094001119, ,brown,0.780749588439731,turquoise,0.922217361940542,True,False,True
EndothelialCells,Fibroblasts,Gnai2,F2r,1.2952138,0.0,1.5461094,0.3815045582411397,0.3936792509116641,0.051292658,0.8691139,0.07381940113364449,0.00631476988768183, ,black,0.730197986867085,brown,0.379264882663316,False,True,True
SmoothMuscleCells,EndocardialCells,Nppa,Npr3,1.4842718,0.0,1.5444956,1.4121990588787996,1.4257999167971347,0.090929784,0.8690545,0.005130852792476438,0.006349388070727338, ,brown,0.553063856550583,brown,0.935438617735889,True,True,True
SmoothMuscleCells,EndocardialCells,Col4a1,Cd93,1.2826412,0.0,1.6017479,0.5073755950253478,0.42814464451082235,0.077637434,0.8711117,0.028541536280802495,0.006349388070727338, ,,,lightcyan,0.582187985085655,False,True,True
EndocardialCells,Myocytes,Tfpi,Vldlr,1.2824216,0.0,1.6446033,1.46881560509758,1.5224000795447967,0.24438848,0.87258667,0.0006512083459229739,0.006384099118643472, ,brown,0.667671842240135,blue,0.567065344401306,True,False,True
Fibroblasts,EndocardialCells,Tgfb3,Eng,1.3627368,0.0,1.5406986,0.7925612611685986,1.0392729682384505,0.128275,0.8689144,0.024834100917318767,0.006488789306718125, ,turquoise,0.64721209119704,brown,0.973204830554305,False,True,True
SmoothMuscleCells,SmoothMuscleCells,Jam3,Itgb1,1.2805617,0.0,1.6124078,0.5691054060916052,0.5489398324145885,0.07733621,0.8714836,0.028541536280802495,0.006488789306718125, ,lightcyan,0.378192586111084,,,True,False,True
EndocardialCells,Fibroblasts,Hspg2,Lrp1,1.2795366,0.0,1.6031231,0.5286003924254935,0.7957157565343562,0.10483902,0.87115985,0.028541536280802495,0.006594314756997365, ,brown,0.437670232192996,,,True,False,True
Fibroblasts,SmoothMuscleCells,Gnai2,Cav1,1.2790725,0.0,1.6343732,0.04010096924578749,-0.08481132306533146,0.03696954,0.8722394,0.621677596612327,0.006629675453294846, ,black,0.78566112490779,midnightblue,0.401042124167732,False,True,True
Leukocytes,Fibroblasts,Gnai2,F2r,1.2808093,0.0,1.5192413,0.35207707364925434,0.30976037400976664,0.050401296,0.86811364,0.07860436309666514,0.006772045583113378, ,turquoise,0.515281533766225,brown,0.379264882663316,False,True,True
EndocardialCells,Myocytes,Vwf,Itgb1,1.3631096,0.0,1.5108573,0.9090652703811251,0.9645430008174097,0.082382254,0.8677965,0.028541536280802495,0.006952093684069542, ,brown,0.691096517422782,greenyellow,0.433544316700636,True,False,True
EndothelialCells,Myocytes,Gnas,Adcy1,1.343731,0.0,1.5103768,1.384076255530968,1.191085835322151,0.17536724,0.86777824,0.004077580847746699,0.0069883812178543215, ,black,0.946898900522932,tan,0.727886545703134,False,True,True
EndothelialCells,Fibroblasts,Hspg2,Fgfr1,1.2716162,0.0,1.5932125,0.6319430198556463,0.9856705632082823,0.117908396,0.87081146,0.028541536280802495,0.007208050598578691, ,brown,0.70755077011452,,,True,False,True
EndocardialCells,SmoothMuscleCells,Hspg2,Itgb1,1.270541,0.0,1.5834243,0.2775694327189623,0.14964913651900658,0.047179796,0.8704644,0.14788547208198183,0.0073191354032557405, ,brown,0.437670232192996,,,True,False,True
Myocytes,Myocytes,Gstm7,Ryr2,1.3542702,0.0,1.4954352,2.4797122080750786,2.2516414738706754,0.5853347,0.8672069,1.127442461044465e-06,0.007393653711672178, ,tan,0.769929742589004,blue,0.754078507519803,True,False,True
Fibroblasts,Leukocytes,Lgals1,Ptprc,1.2692895,0.0,1.5698365,1.4607298378305944,1.39483107240252,0.25181296,0.8699777,0.0005315996843900817,0.007431051540126461, ,pink,0.449108448868508,midnightblue,0.581184418882173,False,True,True
SmoothMuscleCells,SmoothMuscleCells,Gnai2,Cav1,1.2689171,0.0,1.6075683,0.019355163625653315,-0.03469566677024827,0.03636321,0.8713152,0.4688881903097795,0.007506124473078397, ,black,0.83203351296545,midnightblue,0.401042124167732,False,True,True
Fibroblasts,Myocytes,Lama2,Rpsa,1.266197,0.0,1.5558451,0.1390725817543091,0.7180896100744089,0.09171193,0.86947054,0.13988563126448006,0.007657379037442706, ,,,tan,0.206618269537133,False,True,True
SmoothMuscleCells,EndothelialCells,Vtn,Kdr,1.2696713,0.0,1.4788061,1.8370977617823987,2.1084405023216988,0.49412167,0.86656165,4.989125839121984e-06,0.007695423572856155, ,brown,0.715989746853182,turquoise,0.856715396468162,True,False,True
Myocytes,SmoothMuscleCells,Fndc5,Itgb5,1.3202711,0.0,1.4769137,1.652975227926087,1.5061169748121463,0.2035555,0.8664876,0.0018241037850932815,0.007771789615441634, ,brown,0.866327263435725,brown,0.48064539237368,True,True,True
SmoothMuscleCells,Myocytes,App,Gpc1,1.2650803,0.0,1.49238,1.325853931276137,1.072723387900154,0.1213809,0.86708903,0.028541536280802495,0.007810111093634161, ,,,brown,0.486264962491867,False,True,True
Myocytes,Fibroblasts,Apoa1,Ldlr,0.111978374,0.0,0.0068346686,0.11005224725242982,0.11512295495089331,0.058707494,0.3062739,0.18689900276847854,0.007966947530602796, ,midnightblue,0.255182682496265,purple,0.317659001931645,True,False,True
EndothelialCells,Fibroblasts,Hspg2,Itgb1,1.2621174,0.0,1.5661246,0.18767839284754612,0.2779974537623796,0.046664327,0.8698438,0.10525705886545444,0.008003102474004603, ,brown,0.70755077011452,black,0.76802340300577,True,False,True
EndocardialCells,EndothelialCells,Efnb2,Pecam1,1.2774767,0.0,1.4475124,0.908586944592917,1.2523276996725627,0.16191031,0.8653202,0.006826828858391586,0.008316682996364587, ,lightcyan,0.297527702145485,turquoise,0.739398520655421,True,False,True
SmoothMuscleCells,EndocardialCells,Col4a2,Cd93,1.2567964,0.0,1.524678,0.5461300352590481,0.47204592897474695,0.08306737,0.86831796,0.028541536280802495,0.008395999385883778, ,royalblue,0.467210828947921,lightcyan,0.582187985085655,False,True,True
SmoothMuscleCells,EndothelialCells,Pgf,Nrp1,1.287325,0.0,1.4427769,0.8097887121554556,1.0248647783963944,0.15121447,0.8651291,0.009767284428344172,0.008555736864211086, ,,,brown,0.648185002416343,False,True,True
Myocytes,Leukocytes,Fndc5,Itgb5,1.3108472,0.0,1.4423048,1.6404334336580593,1.529908676630773,0.19878554,0.86511004,0.002078688050259244,0.008595901294954552, ,brown,0.866327263435725,turquoise,0.76035177467005,True,False,True
Leukocytes,EndothelialCells,C4b,Nrp1,1.2865751,0.0,1.4401518,0.7087221058705464,0.9897236982885868,0.12694032,0.86502284,0.02661025107912956,0.008676506128407195, ,turquoise,0.624788351099439,brown,0.648185002416343,False,True,True
Fibroblasts,Fibroblasts,Gas6,Axl,1.2535961,0.0,1.5603946,0.505095413910335,0.7872463339580642,0.078776054,0.8696362,0.028541536280802495,0.008716947523513624, ,,,brown,0.528957135069456,False,True,True
EndothelialCells,EndocardialCells,Cd38,Pecam1,1.2671833,0.0,1.4345244,0.8439171832164354,1.0212853864324707,0.14938703,0.86479414,0.010515961962255412,0.00896152026499602, ,,,brown,0.774210329710027,False,True,True
Fibroblasts,SmoothMuscleCells,Pdap1,Pdgfrb,1.2985525,0.0,1.4291625,0.9511301302638171,0.9931129642121906,0.11722714,0.864575,0.028541536280802495,0.009043779587330337, ,,,brown,0.766275459333072,False,True,True
Fibroblasts,EndocardialCells,Col4a1,Cd93,1.2506392,0.0,1.5063169,0.4627306131763838,0.34634368228139556,0.07301185,0.86762375,0.03802094890282767,0.00908504596764907, ,,,lightcyan,0.582187985085655,False,True,True
Fibroblasts,Myocytes,Gnas,Adcy1,1.2910261,0.0,1.4260093,1.2270283579920205,1.086654079058681,0.1655715,0.8644457,0.005836138254968962,0.009167856258467076, ,black,0.67475809201169,tan,0.727886545703134,False,True,True
EndothelialCells,Leukocytes,Lpl,Cd44,1.2498609,0.0,1.4356701,1.0326221383995173,1.1747011674380778,0.17118642,0.8648408,0.0046683251662340206,0.009167856258467076, ,brown,0.487721034349969,,,True,False,True
EndocardialCells,EndocardialCells,Efnb2,Pecam1,1.2645001,0.0,1.4255037,0.8931930913073497,0.8587135414519931,0.15944855,0.8644249,0.013457235393476444,0.009209400149251167, ,lightcyan,0.297527702145485,brown,0.774210329710027,True,True,True
Myocytes,Myocytes,Angptl4,Tie1,0.08446308,1.0,0.0071250754,-0.40290050644693526,-0.7923951787378353,0.0027138884,0.3107123,1.0,0.009293399600014728, ,magenta,0.510755344184455,darkorange,0.249810980800106,False,True,True
SmoothMuscleCells,Fibroblasts,Mfge8,Pdgfrb,1.2734954,0.0,1.417091,0.7972705152896791,0.960934056008989,0.08025498,0.8640777,0.028541536280802495,0.009460584046492674, ,lightcyan,0.510462651252352,turquoise,0.81642700330624,True,False,True
Fibroblasts,Fibroblasts,Hspg2,Lrp1,1.2471113,0.0,1.5081707,0.4869384364250353,0.73786664062239,0.09862945,0.8676944,0.028541536280802495,0.009460584046492674, ,brown,0.485029372814491,,,True,False,True
Myocytes,EndocardialCells,Fgf1,Nrp1,1.2450752,0.0,1.4248444,1.286224682910705,1.0142618789468623,0.13537692,0.86439776,0.018092739175894563,0.009800630075730555, ,orange,0.689259866805731,brown,0.550721740569223,True,True,True
Fibroblasts,EndothelialCells,Thbs2,Cd36,1.3345733,0.0,1.4069688,0.9113841653235211,1.6903106294368757,0.2671416,0.86365616,0.0016359029257131065,0.009800630075730555, ,,,brown,0.868570071306074,False,True,True
EndothelialCells,SmoothMuscleCells,Pdap1,Pdgfrb,1.2890354,0.0,1.3947948,0.9366245558450716,1.039775644091062,0.114408135,0.86314374,0.028541536280802495,0.010059511165215359, ,turquoise,0.302493945682967,brown,0.766275459333072,False,True,True
Fibroblasts,SmoothMuscleCells,Ntn1,Mcam,1.27314,0.0,1.3943028,0.9575799255845092,1.2349877171772565,0.13582946,0.8631229,0.0175532477038089,0.010146536923015436, ,turquoise,0.847226247817953,brown,0.653447636634818,False,True,True
Fibroblasts,SmoothMuscleCells,Hspg2,Itgb1,1.2381158,0.0,1.4896388,0.23590747671850404,0.0918000206070404,0.044385355,0.86698306,0.21520964198232917,0.010190188100549986, ,brown,0.485029372814491,,,True,False,True
EndocardialCells,SmoothMuscleCells,Mmrn2,Cd93,1.2959656,0.0,1.3909669,0.7007541099392995,0.6412718348103797,0.08229249,0.8629813,0.028541536280802495,0.010277762575677777, ,brown,0.943558775036418,,,True,False,True
SmoothMuscleCells,EndothelialCells,Jam3,Itgb1,1.2304487,0.0,1.500662,0.4819349287510838,0.5696520578004038,0.07197651,0.8674076,0.028541536280802495,0.010542679518853463, ,lightcyan,0.378192586111084,,,True,False,True
SmoothMuscleCells,SmoothMuscleCells,Mfge8,Itgb5,1.265128,0.0,1.3882079,0.5996495054095712,0.49513186059997916,0.065828696,0.8628639,0.028541536280802495,0.010542679518853463, ,lightcyan,0.510462651252352,brown,0.48064539237368,True,True,True
EndothelialCells,EndocardialCells,Tgfb1,Eng,1.3213161,0.0,1.381213,0.6811265125751563,0.7021618043451516,0.077026464,0.86256474,0.028541536280802495,0.01081088430443931, ,brown,0.518107180491385,brown,0.973204830554305,True,True,True
EndocardialCells,Fibroblasts,Vwf,Scara5,1.3285617,0.0,1.3759581,1.5907929669244947,2.0018114723133364,0.6265203,0.86233866,3.2826222364473307e-06,0.01094621751856892, ,brown,0.691096517422782,,,True,False,True
SmoothMuscleCells,Myocytes,Gnas,Adcy1,1.2592862,0.0,1.3752017,1.1324449809144757,1.028111265790854,0.1596723,0.862306,0.00738104143671682,0.01103689643461713, ,black,0.849031894788427,tan,0.727886545703134,False,True,True
EndocardialCells,Myocytes,Gnas,Adcy1,1.258807,0.0,1.3744346,1.131017185926581,1.0290708544624152,0.15958323,0.86227286,0.007421711937718637,0.011082373802648923, ,black,0.653601496445712,tan,0.727886545703134,False,True,True
EndothelialCells,Leukocytes,Lpl,Lrp1,1.2299652,0.0,1.371785,0.42549744089792346,0.5408570870975918,0.07583059,0.86215824,0.028541536280802495,0.011173599697240006, ,brown,0.487721034349969,turquoise,0.663780405167675,True,False,True
EndothelialCells,Leukocytes,Hspg2,Itgb1,1.2232444,0.0,1.4552687,0.12005928966549204,0.2807203995069253,0.04336126,0.8656313,0.1689451370562012,0.011265190096228339, ,brown,0.70755077011452,,,True,False,True
EndocardialCells,EndothelialCells,Hspg2,Itgb1,1.220428,0.0,1.4736872,0.19039895537844082,0.17036136190482187,0.043910056,0.8663611,0.1313014304364759,0.011635194417793869, ,brown,0.437670232192996,,,True,False,True
Leukocytes,Myocytes,Col1a2,Cd93,0.088957645,1.0,0.0077601057,-0.7630079118386505,-1.2627139292382241,0.00071775715,0.3199279,1.0,0.011945126471286458, ,,,tan,0.291337625930732,False,True,True
EndothelialCells,EndothelialCells,Tgfb1,Cav1,1.3044975,0.0,1.3570802,0.7115772479276323,1.1304782888281715,0.078856654,0.8615166,0.028541536280802495,0.01196372377379212, ,brown,0.518107180491385,brown,0.884758647437185,True,True,True
EndocardialCells,EndocardialCells,Spon1,App,1.2160759,0.0,1.4756593,0.47857657610008936,0.508439231521826,0.094192244,0.86643845,0.028541536280802495,0.012105887258527126, ,brown,0.546584870008833,,,True,False,True
SmoothMuscleCells,Leukocytes,Mfge8,Itgb5,1.255704,0.0,1.3556777,0.5871077111415434,0.5189235624186058,0.06428612,0.8614549,0.03058315547933231,0.012105887258527126, ,lightcyan,0.510462651252352,turquoise,0.76035177467005,True,False,True
SmoothMuscleCells,Fibroblasts,Hsp90b1,Lrp1,1.216005,0.0,1.4170803,0.2514993389201049,0.5933011871258813,0.06309174,0.86407727,0.04248448446290668,0.012153457582559177, ,yellow,0.537608497036761,,,True,False,True
Myocytes,Leukocytes,Apoa1,Ldlr,0.12653057,0.0,0.007895533,0.143787869782652,0.12650047168045273,0.06781997,0.32181296,0.17361538743878574,0.012607813968785232, ,midnightblue,0.255182682496265,,,True,False,True
EndothelialCells,SmoothMuscleCells,Ybx1,Notch1,1.3103691,0.0,1.3286353,0.4302435022872868,0.29967403991907815,0.03674292,0.86024815,0.24385545090073377,0.012828955031876876, ,yellow,0.31566495597398,,,True,False,True
SmoothMuscleCells,SmoothMuscleCells,Pdap1,Pdgfrb,1.2706509,0.0,1.3284051,0.90860470139816,0.9540617846642375,0.10896251,0.8602377,0.028541536280802495,0.012877883727252931, ,purple,0.780002731502575,brown,0.766275459333072,False,True,True
SmoothMuscleCells,EndocardialCells,Tgfb3,Eng,1.3075807,0.0,1.3283263,0.7164591264151269,0.7455058079394721,0.110593386,0.86023414,0.028541536280802495,0.012926905498159932, ,brown,0.511531512491637,brown,0.973204830554305,True,True,True
SmoothMuscleCells,Myocytes,App,Rpsa,1.2101542,1.0,1.3895172,-0.600962217751796,-0.35863677278841677,0.021878835,0.8629197,1.0,0.013025218324355506, ,,,tan,0.206618269537133,False,True,True
EndothelialCells,Myocytes,Gnai2,Adcy1,1.2290877,0.0,1.3268615,1.4539902391922224,1.300339687723304,0.20349813,0.8601678,0.001832239859883847,0.013074509341524536, ,black,0.730197986867085,tan,0.727886545703134,False,True,True
Fibroblasts,Leukocytes,Bgn,Tlr2,1.2150657,0.0,1.3262659,1.0861346326313268,1.46410007670281,0.2332067,0.8601408,0.0008694184265108728,0.013173365485674778, ,brown,0.765417544462891,turquoise,0.62716224803749,True,False,True
Fibroblasts,Myocytes,Col1a2,Cd36,1.2085991,0.0,1.4372159,0.6355562402761276,0.771191384068151,0.11399189,0.8649037,0.028541536280802495,0.013173365485674778, ,,,brown,0.500716969407465,False,True,True
Myocytes,Myocytes,Col1a2,Cd93,0.09018451,1.0,0.00800877,-0.7611907285727177,-1.2283239940201995,0.00074075686,0.32336885,1.0,0.013270402434328404, ,,,tan,0.291337625930732,False,True,True
Myocytes,Myocytes,Gnas,Adcy1,1.2268583,0.0,1.3232929,1.0358157023850665,1.0005802675386168,0.15364525,0.86000574,0.008892783552766272,0.01337216386841408, ,,,tan,0.727886545703134,False,True,True
SmoothMuscleCells,EndocardialCells,Jam3,Itgb1,1.2059532,0.0,1.4460399,0.43932375594851236,0.44680937315785685,0.06935667,0.8652609,0.028541536280802495,0.013472105875167104, ,lightcyan,0.378192586111084,pink,0.572507776572743,True,False,True
SmoothMuscleCells,EndocardialCells,Pgf,Nrp1,1.2117047,0.0,1.3181152,0.6991440723915212,0.7423371958487325,0.13814893,0.8597696,0.028541536280802495,0.013572409604285029, ,,,brown,0.550721740569223,False,True,True
Leukocytes,EndocardialCells,C4b,Nrp1,1.2109548,0.0,1.3157169,0.598077466106612,0.7071961157409247,0.11597217,0.85965973,0.028541536280802495,0.013622698348282967, ,turquoise,0.624788351099439,brown,0.550721740569223,False,True,True
Myocytes,EndothelialCells,Vegfa,Nrp1,1.2506886,0.0,1.3145206,1.0510443684695672,1.060986335149051,0.16892056,0.8596049,0.005118260236816996,0.013673074939849837, ,,,brown,0.648185002416343,False,True,True
Fibroblasts,EndocardialCells,Igf1,Igf2r,1.2038562,0.0,1.4492681,0.8609568217896129,1.2027158682555932,0.17568474,0.86539084,0.004036392709255247,0.013824751980608924, ,brown,0.689047425976755,blue,0.329635054269245,True,False,True
Leukocytes,Myocytes,C1qb,C1qbp,1.2341968,0.0,1.3133465,1.243046270478155,1.4708153138588869,0.16723217,0.85955095,0.005477856315098413,0.013824751980608924, ,turquoise,0.855031512364867,tan,0.625839964451776,False,True,True
Fibroblasts,Leukocytes,Dcn,Tlr2,1.2022654,0.0,1.3050784,1.141999306564502,1.5477138370066652,0.29390693,0.8591693,0.00018855770354576215,0.014181821657246626, ,brown,0.903983883600682,turquoise,0.62716224803749,True,False,True
Leukocytes,Myocytes,Gnai2,Adcy1,1.2146832,0.0,1.3038034,1.424562754600337,1.2164208108214065,0.19996175,0.8591102,0.001957159696595389,0.01423319411772134, ,turquoise,0.515281533766225,tan,0.727886545703134,False,True,True
EndocardialCells,Fibroblasts,Spon1,App,1.198988,0.0,1.4360265,0.4457078575958693,0.46558260893922265,0.09166246,0.8648553,0.028541536280802495,0.01428465419721443, ,brown,0.546584870008833,black,0.764270466936223,True,False,True
Myocytes,Myocytes,Bsg,Slc16a1,1.1973164,0.0,1.3650703,1.3335232125101886,0.8631238636404002,0.15696849,0.8618664,0.012866037837130643,0.01449140416327057, ,midnightblue,0.380643133276452,magenta,0.897098420433462,True,False,True
Fibroblasts,Myocytes,Lamb2,Rpsa,1.1961532,0.019,1.3479638,-0.13511694027845303,0.06603070891833318,0.032568645,0.861114,1.0,0.01469959378327601, ,,,tan,0.206618269537133,False,True,True
EndocardialCells,EndocardialCells,Hspg2,Itgb1,1.1959326,0.0,1.420047,0.14778778257586941,0.04751867726227488,0.04231179,0.8642,0.28736894965069926,0.014751865111739098, ,brown,0.437670232192996,pink,0.572507776572743,True,False,True
EndothelialCells,EndothelialCells,Tgfb1,Eng,1.2604856,0.0,1.2939283,0.6031842877272134,0.8478998925402197,0.072158836,0.85864943,0.028541536280802495,0.014856680594379473, ,brown,0.518107180491385,turquoise,0.922217361940542,True,False,True
Leukocytes,Myocytes,Psap,Sort1,1.258043,0.0,1.2901311,0.9420157870177921,0.7757605285583238,0.080786094,0.858471,0.028541536280802495,0.014961856234490083, ,,,midnightblue,0.356528030180206,False,True,True
EndothelialCells,EndocardialCells,Efnb1,Ephb4,1.1942937,0.0,1.4090494,0.7792927414201942,1.2030211900249168,0.19611704,0.8637432,0.00482042177394602,0.014961856234490083, ,cyan,0.56413450404687,brown,0.694780356205533,False,True,True
SmoothMuscleCells,Fibroblasts,Lgals1,Itgb1,1.1928022,0.0,1.413858,0.18768377859532542,0.04756929584905023,0.03640851,0.8639435,0.2870412302831315,0.015067391916152922, ,midnightblue,0.216187656338635,black,0.76802340300577,True,False,True
EndocardialCells,Fibroblasts,Adam10,Axl,1.1925337,0.0,1.3944281,0.7445267926933868,1.017506151627645,0.11583911,0.8631282,0.028541536280802495,0.015120296072092367, ,lightgreen,0.158989074363781,brown,0.528957135069456,False,True,True
Leukocytes,Fibroblasts,Gas6,Axl,1.1902401,0.0,1.3881943,0.40845430013304385,0.756930377233681,0.070082575,0.8628633,0.028541536280802495,0.01538615805127462, ,turquoise,0.768739075397914,brown,0.528957135069456,False,True,True
Myocytes,EndocardialCells,Lgals3,Eng,1.2951875,0.0,1.2806082,1.0400271116887714,0.8393900888963622,0.1171215,0.8580203,0.028541536280802495,0.01543960180499196, ,tan,0.579986279067785,brown,0.973204830554305,True,True,True
Fibroblasts,Leukocytes,Serping1,Lrp1,1.1900723,0.0,1.303614,0.6204368546889968,0.9278155331285639,0.12538731,0.8591014,0.02788638346900145,0.01543960180499196, ,brown,0.637205541603263,turquoise,0.663780405167675,True,False,True
Fibroblasts,EndothelialCells,Hspg2,Itgb1,1.1880028,0.0,1.3864013,0.1487369993779826,0.1125122459928557,0.041309282,0.8627868,0.18976467554095233,0.015708160387317826, ,brown,0.485029372814491,,,True,False,True
Myocytes,Myocytes,Lamb2,Rpsa,1.1866053,0.324,1.3196272,-0.1477029194866579,-0.009320132392406477,0.031883992,0.85983866,1.0,0.015816213114141817, ,magenta,0.599870099634109,tan,0.206618269537133,False,True,True
EndothelialCells,Myocytes,Efnb1,Epha4,1.1863847,0.0,1.3922379,1.0715319979275741,1.6117397939564642,0.24202819,0.8630353,0.0006889863881391313,0.01587037552011643, ,cyan,0.56413450404687,brown,0.571232341148922,False,True,True
EndocardialCells,Fibroblasts,Gnai2,F2r,1.1859324,0.0,1.342272,0.15828808749158713,0.16141411947401518,0.04453029,0.8608608,0.1377012586975206,0.01592462495517392, ,black,0.68121307835009,brown,0.379264882663316,False,True,True
EndothelialCells,Fibroblasts,Gas6,Axl,1.185487,0.0,1.3752751,0.40120292577097894,0.6832020912206971,0.06943035,0.86230916,0.028541536280802495,0.01603339579449612, ,turquoise,0.728552321901715,brown,0.528957135069456,False,True,True
EndocardialCells,Leukocytes,Spon1,App,1.1850076,0.0,1.4036008,0.4188183396322967,0.4884787384810043,0.08959272,0.863515,0.028541536280802495,0.016142525516190397, ,brown,0.546584870008833,turquoise,0.410874157662401,True,False,True
Myocytes,EndothelialCells,Apoa1,Abca1,0.1297404,1.0,0.0081295315,-0.04529670379580462,-0.18398001280673182,0.02435361,0.3250083,1.0,0.016581877298350912, ,midnightblue,0.255182682496265,turquoise,0.256433791078161,True,False,True
SmoothMuscleCells,EndothelialCells,Tgfb3,Eng,1.2467501,0.0,1.2443837,0.6385169015671841,0.8912438961345401,0.10360452,0.8562635,0.028541536280802495,0.01697242751674023, ,brown,0.511531512491637,turquoise,0.922217361940542,True,False,True
SmoothMuscleCells,Fibroblasts,Pdgfa,Pdgfra,1.1768727,0.0,1.3567101,1.3172029818465425,1.8189899463715207,0.4880738,0.8615003,3.35986680250368e-05,0.017084603062921054, ,yellow,0.344362768020494,brown,0.735702460496526,True,True,True
SmoothMuscleCells,Leukocytes,Lgals1,Ptprc,1.1767042,0.0,1.372414,1.3161415482641832,1.0478446540656527,0.22014499,0.8621855,0.0027609901346248174,0.017197136390251354, ,midnightblue,0.216187656338635,midnightblue,0.581184418882173,True,True,True
Leukocytes,EndocardialCells,Col1a2,Cd44,0.09182251,1.0,0.0081988545,-0.5036919136080413,-0.7260962662937582,0.0022886253,0.32594037,1.0,0.017243877993723174, ,,,yellow,0.212459882063522,False,True,True
Fibroblasts,Myocytes,Lum,Itgb1,1.1896662,0.0,1.2424141,0.18304881075453616,0.6905855901456741,0.064376965,0.856166,0.0873821088524843,0.01725353860961218, ,brown,0.949650798111063,greenyellow,0.433544316700636,True,False,True
Leukocytes,SmoothMuscleCells,Pdap1,Pdgfrb,1.2447214,0.0,1.2347697,0.8690856266582325,0.9330887611984598,0.10128206,0.85578555,0.028541536280802495,0.017536881899958986, ,turquoise,0.430440972490958,brown,0.766275459333072,False,True,True
EndothelialCells,EndocardialCells,Efnb2,Pecam1,1.2049853,0.0,1.2254168,0.8093333549153583,1.0934411818702872,0.13706799,0.85531574,0.016539922357533408,0.01793731737885644, ,,,brown,0.774210329710027,False,True,True
EndocardialCells,Fibroblasts,Mmrn2,Cd248,1.2493558,0.0,1.2200819,0.9783821717435397,1.3203530481790131,0.2590199,0.85504556,0.0009150577761631249,0.01845858339419803, ,brown,0.943558775036418,,,True,False,True
Myocytes,EndocardialCells,Col1a2,Cd44,0.09304938,1.0,0.008461577,-0.5018747303421085,-0.6917063310757335,0.0023619616,0.32941467,1.0,0.01856758662626312, ,,,yellow,0.212459882063522,False,True,True
EndothelialCells,SmoothMuscleCells,Sparc,Eng,1.1659901,0.884,1.2434412,0.049656731076852784,-0.05750038746341346,0.0334001,0.85621685,1.0,0.018575401053716918, ,black,0.731223351438005,lightcyan,0.40613301582679,False,True,True
Fibroblasts,EndocardialCells,Hspg2,Itgb1,1.1635073,0.0,1.3359382,0.1061258265754112,-0.010330438649691298,0.03980568,0.8605773,0.4075417034058038,0.018927991213893266, ,brown,0.485029372814491,pink,0.572507776572743,True,False,True
Fibroblasts,EndothelialCells,Mfap5,Notch1,1.1600326,0.0,1.273553,0.7279972462824494,1.341088746553016,0.16043673,0.8576835,0.00738104143671682,0.01952276148784848, ,brown,0.786804272285394,pink,0.343313799659359,True,False,True
Myocytes,EndocardialCells,Vegfa,Nrp1,1.1750681,0.0,1.2009407,0.9403997287056329,0.7784587526013889,0.15432514,0.85406286,0.026193366032011292,0.01976315664554085, ,,,brown,0.550721740569223,False,True,True
EndocardialCells,EndocardialCells,Vwf,Itga9,1.2834232,0.0,1.1997051,1.507699517819779,1.5988734027870453,0.23862766,0.8539987,0.0007551169602213036,0.01988388695489437, ,brown,0.691096517422782,blue,0.490558319288106,True,False,True
Myocytes,EndothelialCells,Lgals3,Eng,1.2343571,0.0,1.199681,0.9620848868408287,0.9851281770914303,0.109720096,0.8539974,0.028541536280802495,0.019944383714133096, ,tan,0.579986279067785,turquoise,0.922217361940542,True,False,True
Myocytes,Myocytes,Vegfa,Gpc1,1.1723874,0.0,1.1969143,2.303901127860137,1.8797813258304972,0.5246005,0.8538534,3.5346318652085906e-06,0.020126412455025996, ,,,brown,0.486264962491867,False,True,True
EndocardialCells,EndocardialCells,Col6a1,Cd44,0.09458093,1.0,0.008789548,-0.4346304078746138,-0.6338571014318757,0.003266068,0.33362842,1.0,0.02055241361413035, ,,,yellow,0.212459882063522,False,True,True
EndocardialCells,SmoothMuscleCells,Icam1,Cav1,1.1544592,0.0,1.3054609,0.6685113812407237,0.5160597613834224,0.09640089,0.85918707,0.028541536280802495,0.020554244607735014, ,lightgreen,0.0754793484673717,midnightblue,0.401042124167732,False,True,True
SmoothMuscleCells,Leukocytes,Lgals1,Itgb1,1.1539292,0.0,1.3137802,0.12006467541327134,0.05029224159359591,0.033831388,0.8595709,0.3185630523992439,0.020677280334827207, ,midnightblue,0.216187656338635,,,True,False,True
EndocardialCells,SmoothMuscleCells,Lama4,Itga7_Itgb1,1.1536431,0.0,1.2453134,0.3422227074973513,0.26360531548226085,0.056132235,0.8563094,0.06802410903739502,0.02086249966072057, ,brown,0.394621679147421,,,True,False,True
SmoothMuscleCells,EndothelialCells,Fgf1,Nrp1,1.212822,0.0,1.1819582,1.127780975497172,1.2224365272783304,0.112299874,0.8530671,0.024678408003479653,0.020986420789053387, ,,,brown,0.648185002416343,False,True,True
Leukocytes,SmoothMuscleCells,Tgfb1,Itgb1,1.1525834,0.0,1.2422478,0.5004270077075058,0.4394006873278003,0.05912159,0.8561577,0.042289400480277385,0.020986420789053387, ,brown,0.780749588439731,,,True,False,True
EndothelialCells,SmoothMuscleCells,App,Tspan12,1.1495423,0.0,1.2022017,0.35210847420385916,0.3372198299377175,0.05781864,0.85412824,0.04598823136314574,0.02148564370172521, ,black,0.617473609490099,lightcyan,0.443760185061965,False,True,True
EndocardialCells,EndocardialCells,Tgfb1,Eng,1.2660156,0.0,1.1682853,0.5957494907604366,0.5118514440321803,0.06515207,0.8523364,0.02870375342865918,0.021611333450138232, ,royalblue,0.813694457415225,brown,0.973204830554305,False,True,True
EndocardialCells,SmoothMuscleCells,Vwf,Lrp1,1.2746971,0.0,1.1656325,1.1761538668973224,1.0834723158645327,0.13949841,0.8521933,0.015140602482909044,0.02167430925780004, ,brown,0.691096517422782,brown,0.561942294262648,True,True,True
Myocytes,SmoothMuscleCells,Lgals3,Mcam,1.2071662,0.0,1.163507,1.2503065044711752,1.1440804513105305,0.16028415,0.8520783,0.007239839285937247,0.021863772959832255, ,tan,0.579986279067785,brown,0.653447636634818,True,True,True
EndothelialCells,Leukocytes,Col4a2,Cd44,1.1474195,0.0,1.2524602,1.0344617879045475,1.207047770535289,0.20593396,0.85666114,0.0016894054237635084,0.021863772959832255, ,yellow,0.155737396507289,,,True,False,True
Fibroblasts,Myocytes,Col1a1,Cd36,1.1471695,0.0,1.3075607,0.6305274094208545,0.7906420737205532,0.1572275,0.8592842,0.023607134691599287,0.021990522489277232, ,,,brown,0.500716969407465,False,True,True
SmoothMuscleCells,Myocytes,Ngf,Maged1,1.1463432,0.0,1.3104905,0.8353351935050537,0.9134321675298002,0.13949215,0.85941947,0.015172993954676237,0.02211762504723016, ,turquoise,0.436097335929085,brown,0.743391398983248,False,True,True
Fibroblasts,Leukocytes,Bgn,Ly96,1.1632161,0.0,1.1600863,0.8118313761133866,1.188673353880979,0.1362096,0.85189265,0.01730508337758786,0.022245080517773023, ,brown,0.765417544462891,turquoise,0.790566666074156,True,False,True
EndocardialCells,Myocytes,Comp,Cd36,1.1450708,0.0,1.3031311,1.1540732739249386,0.8949055658391145,0.16635041,0.859079,0.00986503764861485,0.02237288878498782, ,lightgreen,0.125031208796262,brown,0.500716969407465,False,True,True
Fibroblasts,SmoothMuscleCells,Sparc,Eng,1.1410277,0.99,1.2022398,0.0021823211111125784,-0.0928578803796456,0.032293387,0.8541302,1.0,0.023147140626978178, ,black,0.649519023068726,lightcyan,0.40613301582679,False,True,True
Myocytes,EndocardialCells,Col6a2,Cd44,0.09522091,1.0,0.008926595,-0.4283962356470617,-0.6350551424948687,0.0032536953,0.33535042,1.0,0.02319748111555163, ,black,0.423223748296509,yellow,0.212459882063522,False,True,True
EndothelialCells,Leukocytes,Hspg2,Lrp1,1.1401498,0.0,1.2183037,0.34133793153714964,0.418234859048888,0.07967309,0.85495514,0.028541536280802495,0.023277415225192034, ,brown,0.70755077011452,turquoise,0.663780405167675,True,False,True
Myocytes,Fibroblasts,Vegfb,Nrp1,1.1388395,0.0,1.2413279,0.5971640745684383,0.4555603826756963,0.06456705,0.8561121,0.02997681680485061,0.023408041692733698, ,blue,0.734190683037478,yellow,0.250435830471026,False,True,True
EndocardialCells,EndothelialCells,Tgfb1,Cav1,1.249197,0.0,1.1478729,0.6262002261129126,0.9401679285152,0.06670012,0.85122377,0.028541536280802495,0.023539019913685157, ,royalblue,0.813694457415225,brown,0.884758647437185,False,True,True
Myocytes,Fibroblasts,Tfpi,Lrp1,1.1362952,0.0,1.1836624,0.6782878081540389,1.019091358555188,0.102500066,0.8531574,0.028541536280802495,0.02386800529196019, ,brown,0.493469316651968,,,True,False,True
Myocytes,SmoothMuscleCells,Vegfb,Nrp1,1.1331044,0.0,1.2255601,0.5887725332799673,0.6106941392276062,0.0637469,0.85532296,0.03188636612890182,0.024666522147033784, ,blue,0.734190683037478,lightcyan,0.26029605688583,False,True,True
SmoothMuscleCells,EndothelialCells,Col1a2,Cd36,1.2632511,0.0,1.1293507,0.555466955151387,0.8951823130255845,0.08957375,0.8501907,0.028541536280802495,0.025205881306400228, ,,,brown,0.868570071306074,False,True,True
EndocardialCells,Myocytes,Efna1,Epha4,1.1309103,0.0,1.2468994,1.1071096248935774,1.2872700170431646,0.20537385,0.85638773,0.0017204888625992185,0.025273693603648686, ,,,brown,0.571232341148922,False,True,True
EndocardialCells,SmoothMuscleCells,Pdap1,Pdgfrb,1.212978,0.0,1.1201394,0.8207050068947928,0.8579479345667318,0.0918795,0.8496684,0.028541536280802495,0.026301401255106605, ,lightcyan,0.16743034132191,brown,0.766275459333072,True,True,True
Leukocytes,Myocytes,Gnas,Adcy1,1.127255,0.0,1.1638529,0.7390171027166044,0.8640981784429289,0.13513295,0.85209703,0.018311495334913663,0.026717987232938695, ,,,tan,0.727886545703134,False,True,True
EndocardialCells,Fibroblasts,Lamb2,Rpsa,1.2067828,0.014,1.1157597,0.15732101663659526,0.06466968006803098,0.026958277,0.84941804,0.6023160102279357,0.026857547206940682, ,brown,0.473770160271624,black,0.767953600044462,True,False,True
Fibroblasts,EndocardialCells,Col4a2,Cd93,1.1221654,0.0,1.123204,0.3713172280555997,0.1829676588457454,0.061194308,0.84984285,0.11942789849294787,0.02763136049795715, ,,,lightcyan,0.582187985085655,False,True,True
Leukocytes,EndocardialCells,Tgfb1,Cav1,1.1202726,0.0,1.186739,0.5226093870978941,0.40683949015511583,0.06895853,0.85331994,0.028541536280802495,0.028129268950250017, ,brown,0.780749588439731,,,True,False,True
EndocardialCells,Myocytes,Gnai2,Adcy1,1.1198063,0.0,1.1519295,1.2307737684426698,1.068074556285655,0.17666915,0.851447,0.003927891983793675,0.028415702053930677, ,black,0.68121307835009,tan,0.727886545703134,False,True,True
Fibroblasts,EndothelialCells,Lamc1,Itga6_Itgb1,1.1185215,0.0,1.2073619,0.7168258603925952,1.3935762022972265,0.18624894,0.85439485,0.008006512848006707,0.028703528886533606, ,brown,0.533218968575482,,,True,False,True
Myocytes,Leukocytes,Copa,P2ry6,1.118222,0.0,1.162208,1.01408587046767,1.2853213127755119,0.16242506,0.8520079,0.006635685343236016,0.028775699960212515, ,midnightblue,0.475185440944878,turquoise,0.871027874951518,True,False,True
Leukocytes,Fibroblasts,Tgfb1,Sdc2,1.1178243,0.0,1.1825329,0.7613022636057158,1.1959517351430562,0.13837568,0.8530976,0.015830266418491917,0.028847961485741563, ,brown,0.780749588439731,brown,0.848057536799011,True,True,True
EndothelialCells,Myocytes,Arf1,Insr,1.1176616,0.0,1.1273614,0.5066357726443382,0.5217164424367098,0.06406403,0.8500784,0.03113668271552535,0.02899274125959336, ,black,0.776359807551547,midnightblue,0.494037113570807,False,True,True
Fibroblasts,EndocardialCells,Angptl2,Tie1,1.1170869,0.0,1.1978445,0.7609707845993146,1.0645043736629145,0.1464282,0.8539019,0.011844826426428326,0.02928334186755637, ,lightyellow,0.332806434997196,brown,0.559205266266903,False,True,True
EndothelialCells,Leukocytes,Timp3,Cd44,1.1170015,0.0,1.1980598,0.8696614737927126,0.8380822295285241,0.1421468,0.8539131,0.01593041605566998,0.029356206983219855, ,yellow,0.308157376549655,,,True,False,True
EndothelialCells,EndothelialCells,Efnb1,Ephb4,1.116071,0.0,1.2427776,0.6909571300191052,1.4584110420976746,0.17297469,0.856184,0.010287580812524266,0.02964854157198903, ,cyan,0.56413450404687,brown,0.754425953629236,False,True,True
Fibroblasts,EndocardialCells,Tgfb2,Eng,1.2453182,0.0,1.0885924,0.7197264657881376,0.8752223433434463,0.120755434,0.84783477,0.028541536280802495,0.02964854157198903, ,turquoise,0.558517439639642,brown,0.973204830554305,False,True,True
Leukocytes,Myocytes,Grn,Sort1,1.112863,0.0,1.081893,1.0808159708836664,1.021733386144926,0.11227246,0.84743613,0.028541536280802495,0.030831732137473027, ,turquoise,0.762103681674157,midnightblue,0.356528030180206,False,True,True
Fibroblasts,Myocytes,Psap,Sort1,1.1127151,0.0,1.0816808,0.648616798499641,0.6117790378349366,0.06773324,0.8474235,0.028541536280802495,0.030981187419182106, ,black,0.824011143558508,midnightblue,0.356528030180206,False,True,True
SmoothMuscleCells,EndocardialCells,Fgf1,Nrp1,1.1372015,0.0,1.0798322,1.0171363357332377,0.9399089447306683,0.102596715,0.84731287,0.028541536280802495,0.030981187419182106, ,,,brown,0.550721740569223,False,True,True
EndocardialCells,EndocardialCells,Col4a1,Cd93,1.1111706,0.0,1.0904171,0.2681544829595856,0.15584419227091262,0.052853007,0.84794277,0.14257982575853057,0.0312811343481845, ,,,lightcyan,0.582187985085655,False,True,True
Fibroblasts,Leukocytes,Lamc1,Cd44,1.1109263,0.0,1.1871946,1.0308730233585002,1.2621540207236503,0.22935407,0.85334396,0.0009358389878282176,0.031356338803682965, ,brown,0.533218968575482,,,True,False,True
Leukocytes,Myocytes,Mfap5,Notch1,0.10037076,1.0,0.0098439865,-0.667022049194747,-1.147179569958133,0.001240103,0.346339,1.0,0.03178313552435403, ,brown,0.653289848117782,green,0.340818001122301,True,False,True
Leukocytes,SmoothMuscleCells,Psap,Lrp1,1.1979765,0.0,1.074022,0.21865197950777382,0.024976484349436112,0.039661784,0.8469635,0.32823478953324536,0.031809365974145645, ,,,brown,0.561942294262648,False,True,True
Fibroblasts,Leukocytes,Sdc2,Ptprj,1.1086301,0.0,1.1572181,1.1102771536084612,1.6097403739779288,0.33639088,0.8517364,0.00025939357743843844,0.0321892615581715, ,brown,0.848057536799011,blue,0.611606288242897,True,False,True
Leukocytes,Leukocytes,Lgals1,Ptprc,1.1074628,0.0,1.2247683,1.2080084879289388,1.0086190322208453,0.19646159,0.85528296,0.0037296375036007727,0.03226549685116017, ,turquoise,0.312571296152546,midnightblue,0.581184418882173,False,True,True
SmoothMuscleCells,Fibroblasts,Jam3,Itgb1,1.1066513,0.0,1.2246084,0.26658823380759045,0.29716301356218067,0.058736112,0.8552749,0.05322351312606941,0.032571306838347344, ,lightcyan,0.378192586111084,black,0.76802340300577,True,False,True
EndocardialCells,Fibroblasts,Hspg2,Fgfr1,1.1061294,0.0,1.2233961,0.4193168874430476,0.6055454271125014,0.0905395,0.8552136,0.028541536280802495,0.03303260360453406, ,brown,0.437670232192996,,,True,False,True
Fibroblasts,EndothelialCells,C4b,Nrp1,1.1790007,0.0,1.0635574,0.5606348358662102,0.8317910468742036,0.09374591,0.8463279,0.028541536280802495,0.03303260360453406, ,,,brown,0.648185002416343,False,True,True
EndocardialCells,Leukocytes,Lamb2,Rpsa,1.1634756,0.821,1.0617814,0.021528047281149945,-0.03796060309416338,0.025654085,0.8462192,1.0,0.033496995731175566, ,brown,0.473770160271624,,,True,False,True
Fibroblasts,Myocytes,Arf1,Insr,1.1042997,0.0,1.1068201,0.4793211618018062,0.47598342102941377,0.06289674,0.8489028,0.03336100993354934,0.033574697098269005, ,black,0.910450519950839,midnightblue,0.494037113570807,False,True,True
EndocardialCells,Leukocytes,Vwf,Itga4,1.2470471,0.0,1.057667,1.8768946973106404,1.8467008144776098,0.5734104,0.8459664,1.5295391825768243e-06,0.03388634945359325, ,brown,0.691096517422782,midnightblue,0.644281789489508,True,True,True
EndocardialCells,Fibroblasts,Pros1,Axl,1.1028156,0.0,1.1505758,0.585319154216186,0.8621426380185521,0.10160659,0.8513726,0.028541536280802495,0.03396448008848546, ,,,brown,0.528957135069456,False,True,True
EndothelialCells,EndothelialCells,Col4a2,Itga1_Itgb1,1.1024832,0.0,1.1265829,0.6414774508775248,1.2244240640866701,0.13449226,0.85003436,0.019015463205808925,0.03404269653606505, ,yellow,0.155737396507289,,,True,False,True
EndothelialCells,SmoothMuscleCells,Col4a2,Itgb5,1.1024722,0.0,1.1265522,0.41354922011892803,0.5989469081128905,0.077084295,0.8500326,0.028541536280802495,0.03412099878184117, ,yellow,0.155737396507289,brown,0.48064539237368,True,True,True
Leukocytes,EndothelialCells,Tgfb1,Itgb1,1.1024704,0.0,1.1561553,0.41325653036698434,0.4601129127136156,0.055024244,0.85167843,0.05519411262151787,0.03419937889700286, ,brown,0.780749588439731,,,True,False,True
Fibroblasts,Leukocytes,Col1a2,Cd36,1.1008917,0.0,1.1438463,0.5149643882351748,0.6653731549003898,0.09072346,0.8510011,0.028541536280802495,0.03482955357114726, ,,,brown,0.783650639892057,False,True,True
EndothelialCells,Myocytes,Hspg2,Itgb1,1.0998685,0.527,1.1034318,-0.0945526987231875,0.09009690874401854,0.03287791,0.8487061,0.9702433967835503,0.0351466969471938, ,brown,0.70755077011452,greenyellow,0.433544316700636,True,False,True
Myocytes,SmoothMuscleCells,Fgf1,Cspg4,1.0982785,0.0,1.1632519,2.6863924474041023,2.0681748170792673,0.48834524,0.8520645,5.4923634605148505e-06,0.035785099227634606, ,orange,0.689259866805731,royalblue,0.681201989995948,True,False,True
EndocardialCells,Fibroblasts,Hspg2,Itgb1,1.0966306,0.602,1.2025957,-0.02494773956505253,-0.1021276823334013,0.035832606,0.8541487,0.9325953608575792,0.036106348224710746, ,brown,0.437670232192996,black,0.76802340300577,True,False,True
Myocytes,EndothelialCells,Gnai2,Cav1,1.2199132,0.0,1.0370889,-0.33034275801003354,0.2723451541872688,0.023458961,0.8446819,1.0,0.0367529453139239, ,tan,0.462915726534463,brown,0.884758647437185,True,True,True
EndocardialCells,Leukocytes,Bgn,Tlr2,1.0945407,0.0,1.1267695,0.9250733846037372,0.9451548197485609,0.19812785,0.8500449,0.006597880697703661,0.0367529453139239, ,lightcyan,0.368806923816196,turquoise,0.62716224803749,True,False,True
EndothelialCells,Myocytes,Trf,Hfe,0.119793706,1.0,0.01046778,-0.5467200330177004,-1.0500915170636234,0.0011887837,0.35332617,1.0,0.0370584024773533, ,,,tan,0.587981482316645,False,True,True
EndothelialCells,Leukocytes,Col4a2,Itgb5,1.0930483,0.0,1.1001536,0.40100742585090027,0.6227386099315172,0.07527797,0.848515,0.028541536280802495,0.03740500168092413, ,yellow,0.155737396507289,turquoise,0.76035177467005,True,False,True
Fibroblasts,EndocardialCells,Mfap2,Notch1,1.0926355,0.0,1.1538286,0.8213237111669811,1.104698631119648,0.20156404,0.8515511,0.0030933416812042535,0.037486886011832615, ,brown,0.394264743586134,darkred,0.343740710918236,True,False,True
EndocardialCells,EndocardialCells,Lamb2,Rpsa,1.1359255,0.997,1.0274428,-0.06485371699483408,-0.08667259205781985,0.02482442,0.844068,1.0,0.03765092670314556, ,brown,0.473770160271624,black,0.836399503441296,True,False,True
Leukocytes,SmoothMuscleCells,Pf4,Lrp1,1.1560485,0.0,1.0239569,0.8174611714273239,1.1145497614450517,0.12628892,0.8438442,0.027172687653264135,0.03798002140386604, ,turquoise,0.841618051106534,brown,0.561942294262648,False,True,True
Leukocytes,SmoothMuscleCells,Tgfb1,Cav1,1.089358,0.0,1.1336287,0.48645375540054403,0.40604528312037963,0.06587242,0.8504313,0.028541536280802495,0.038476211495757015, ,brown,0.780749588439731,midnightblue,0.401042124167732,True,True,True
EndothelialCells,Myocytes,Psap,Sort1,1.0890086,0.0,1.0476775,0.6007591280683077,0.5124302719067988,0.06560401,0.8453471,0.028541536280802495,0.03855921020636348, ,black,0.955826554918,midnightblue,0.356528030180206,False,True,True
EndocardialCells,Myocytes,Ahsg,Insr,1.088943,0.0,1.083212,1.2772624576119787,1.2961290834753998,0.23722094,0.8475149,0.0007920392077982724,0.038725462573274014, ,,,midnightblue,0.494037113570807,False,True,True
SmoothMuscleCells,SmoothMuscleCells,Sparc,Eng,1.0877396,1.0,1.114286,-0.09915656873263279,-0.23089407563511344,0.029930856,0.8493335,1.0,0.03922624130005413, ,black,0.837859698632221,lightcyan,0.40613301582679,False,True,True
EndocardialCells,EndocardialCells,Efnb2,Ephb4,1.0868981,0.0,1.124284,0.7701565920601701,0.8372095775029371,0.15510878,0.8499041,0.016199481928784388,0.039477785011630954, ,lightcyan,0.297527702145485,brown,0.694780356205533,True,True,True
Leukocytes,Myocytes,Arf1,Insr,1.0860025,0.0,1.0786915,0.4419131725347756,0.45904154653723345,0.06129829,0.8472445,0.036498003369031966,0.0397300836697525, ,,,midnightblue,0.494037113570807,False,True,True
Fibroblasts,Fibroblasts,Gnai2,F2r,1.0855199,0.001,1.1549772,-0.04680833234258633,-0.025336176031970248,0.038316723,0.851614,0.7070431873112375,0.03998314533130056, ,black,0.78566112490779,brown,0.379264882663316,False,True,True
Leukocytes,SmoothMuscleCells,C1qb,Lrp1,1.1446897,0.0,1.0103934,0.9287324095685559,1.1027872283503966,0.13658635,0.8429636,0.01688495218797267,0.04006767155173692, ,turquoise,0.855031512364867,brown,0.561942294262648,False,True,True
SmoothMuscleCells,Fibroblasts,Hspg2,Lrp1,1.0853622,0.0,1.034513,0.27911313854152786,0.5550031798726133,0.067653775,0.8445187,0.031385091818499425,0.04006767155173692, ,brown,0.289796805062604,,,True,False,True
Leukocytes,SmoothMuscleCells,Tgfb1,Lpp,1.0848694,0.0,1.1259174,0.7983322559544016,0.844968893273105,0.10234289,0.84999675,0.028541536280802495,0.040236969605061707, ,brown,0.780749588439731,,,True,False,True
EndocardialCells,SmoothMuscleCells,Lum,Itgb1,1.0841234,0.0,1.0442365,0.22217148572306852,0.07059053339973609,0.05410819,0.84513193,0.2505911909923924,0.04057659044121353, ,brown,0.663673113122154,,,True,False,True
Leukocytes,EndocardialCells,Apoe,Lrp5,1.1066461,0.0,1.0029057,0.5875449514353075,0.63558272420421,0.0780732,0.84247065,0.028541536280802495,0.04091756543236647, ,turquoise,0.846073130030222,brown,0.483007588578318,False,True,True
EndothelialCells,SmoothMuscleCells,Tgfb1,Itgb1,1.0818125,0.0,1.0375528,0.3911658657506774,0.38938820198747,0.049379665,0.84471124,0.08472782482144128,0.04117419126560448, ,brown,0.518107180491385,,,True,False,True
EndothelialCells,Fibroblasts,Apoe,Sdc2,1.0803101,0.0,1.0792441,0.1466983623850967,0.48299444280108594,0.057531547,0.84727764,0.1284999519780335,0.04168970766228927, ,,,brown,0.848057536799011,False,True,True
EndothelialCells,SmoothMuscleCells,Col4a2,Cd93,1.0797045,0.0,1.0627743,0.36207871222446836,0.49048008717182345,0.057901982,0.84628,0.0456573077227307,0.04194860606239083, ,yellow,0.155737396507289,,,True,False,True
EndocardialCells,Myocytes,Efnb2,Epha4,1.078989,0.0,1.11087,1.06239584856755,1.2459281814344847,0.19141987,0.84913695,0.002666072120246071,0.04220827282231795, ,lightcyan,0.297527702145485,brown,0.571232341148922,True,True,True
Leukocytes,EndocardialCells,Tgfb1,Itgb1,1.0779749,0.0,1.1140729,0.3706453575644129,0.3372702280710686,0.053021435,0.84932125,0.06480073224093066,0.04255566741121263, ,brown,0.780749588439731,pink,0.572507776572743,True,False,True
Myocytes,Leukocytes,Mmp2,Pecam1,0.11130346,1.0,0.011001128,-0.7348067653800182,-1.227219277192865,0.0013976303,0.35902408,1.0,0.04298560195465848, ,,,lightcyan,0.23876749076216,False,True,True
SmoothMuscleCells,SmoothMuscleCells,Hspg2,Itgb1,1.0763665,0.837,1.0218012,0.028082178834996585,-0.09106344014273637,0.03044564,0.84370524,1.0,0.043079283631428975, ,brown,0.289796805062604,,,True,False,True
SmoothMuscleCells,Fibroblasts,Gnai2,F2r,1.0753645,0.29,1.1360347,-0.0675541379627205,0.02477948026311294,0.0376883,0.85056615,0.8216191676005693,0.0436059404050496, ,black,0.83203351296545,brown,0.379264882663316,False,True,True
Fibroblasts,Fibroblasts,Hspg2,Fgfr1,1.0737041,0.0,1.1509348,0.37765493144258944,0.5476963112005352,0.085176885,0.8513923,0.028541536280802495,0.04422419350356895, ,brown,0.485029372814491,,,True,False,True
Myocytes,EndocardialCells,Sparc,Eng,1.2158717,0.059,0.97521204,-0.19670710693507643,-0.11460549634976591,0.02619519,0.8406036,1.0,0.045293635989469214, ,,,brown,0.973204830554305,False,True,True
Fibroblasts,EndocardialCells,C4b,Nrp1,1.1033803,0.0,0.9716618,0.44999019610227586,0.5492634643265415,0.085645884,0.8403591,0.028541536280802495,0.045923052943705155, ,,,brown,0.550721740569223,False,True,True
SmoothMuscleCells,SmoothMuscleCells,Tgfb3,Itgb1,1.0680771,0.0,0.99782497,0.426498479590648,0.4327322055817904,0.07089855,0.84213334,0.028541536280802495,0.04646582617517182, ,brown,0.511531512491637,,,True,False,True
SmoothMuscleCells,Leukocytes,Jam3,Itgb1,1.0677783,0.0,1.1379263,0.19896913062553637,0.29988595930672635,0.05457856,0.8506718,0.07483010208228333,0.04655658282047402, ,lightcyan,0.378192586111084,,,True,False,True
EndocardialCells,Leukocytes,Tfpi,Lrp1,1.0677103,0.0,1.0945153,0.5733046273107087,0.6156159360274899,0.0947803,0.84818447,0.028541536280802495,0.046647413948631415, ,brown,0.667671842240135,turquoise,0.663780405167675,True,False,True
EndocardialCells,SmoothMuscleCells,Adam15,Itgb1,1.0668586,0.02,0.9943007,0.11650113962486058,-0.04349952135889923,0.03448995,0.841898,0.5870688669830089,0.04710286048492496, ,lightcyan,0.176865930443945,,,True,False,True
Fibroblasts,EndothelialCells,Lamc1,Itga1,1.06599,0.0,1.0678767,0.6378886863314776,1.2795303142750316,0.14978758,0.8465913,0.01678095977000946,0.04756039610342952, ,brown,0.533218968575482,,,True,False,True
EndocardialCells,Myocytes,Psap,Sort1,1.0659527,0.0,1.0146074,0.5542098386440298,0.5112933711388752,0.06353321,0.8432389,0.03229805317632303,0.04765215561030532, ,black,0.705222767139885,midnightblue,0.356528030180206,False,True,True
Fibroblasts,Fibroblasts,Hspg2,Itgb1,1.0642054,1.0,1.1313665,-0.06660969556551075,-0.15997679824536748,0.033710256,0.85030425,1.0,0.048112195745037806, ,brown,0.485029372814491,black,0.76802340300577,True,False,True
EndocardialCells,EndothelialCells,Lamb2,Rpsa,1.0807393,1.0,0.9586583,-0.23788449171162956,-0.194837437242671,0.02316249,0.8394533,1.0,0.04829679013419448, ,brown,0.473770160271624,,,True,False,True
SmoothMuscleCells,EndothelialCells,Angptl2,Tie1,1.0637554,0.0,1.0508945,0.6857683517608805,1.194892891231034,0.12846458,0.84554744,0.02447945775001696,0.04838921705624333, ,brown,0.568414991509247,royalblue,0.739670400010914,True,False,True
EndothelialCells,SmoothMuscleCells,Lpl,Lrp1,1.1012716,0.0,0.9585488,0.2566954071537837,0.3316484518398455,0.0529874,0.83944565,0.06506936378998157,0.04838921705624333, ,brown,0.487721034349969,brown,0.561942294262648,True,True,True
EndocardialCells,EndocardialCells,Apoe,Lrp5,1.071347,0.0,0.9580243,0.5243927905096767,0.4691944248312913,0.07457932,0.83940876,0.028541536280802495,0.048574311629572924, ,,,brown,0.483007588578318,False,True,True
EndocardialCells,Myocytes,Arf1,Insr,1.062029,0.0,1.0418369,0.3929034781772391,0.4171315045316994,0.059203975,0.8449813,0.042056187430318775,0.049224790173534316, ,black,0.837316989977312,midnightblue,0.494037113570807,False,True,True
EndocardialCells,SmoothMuscleCells,Fam3c,Lamp1,1.060745,0.041,1.072807,-0.03862405268262517,0.019618257560780727,0.040455826,0.84689015,0.6701105866382682,0.049598319553246076, ,,,yellow,0.307810456078744,False,True,True
SmoothMuscleCells,EndocardialCells,Angptl2,Tie1,1.0602455,0.0,1.0454211,0.6816378344290525,0.7589564394936337,0.12779549,0.8452061,0.028541536280802495,0.04997317967249074, ,brown,0.568414991509247,brown,0.559205266266903,True,True,True
EndothelialCells,SmoothMuscleCells,Col4a2,Itga1_Itgb1,1.0580516,0.0,1.0021194,0.5813209671124717,0.829136428151267,0.11963373,0.8424186,0.028541536280802495,0.05063238180081722, ,yellow,0.155737396507289,,,True,False,True
Leukocytes,EndocardialCells,Col4a2,Itgb5,0.110412955,1.0,0.011541414,-0.8862428186647782,-1.3373720375662976,0.00078972086,0.36455914,1.0,0.050876229734763495, ,brown,0.55242115377533,,,True,False,True
Fibroblasts,SmoothMuscleCells,Mfap5,Notch1,1.0578578,0.0,0.9816211,0.5911356733336938,1.016055133420888,0.12366041,0.841042,0.028541536280802495,0.05091614109165026, ,brown,0.786804272285394,,,True,False,True
EndocardialCells,Leukocytes,Hspg2,Itgb1,1.0577576,0.996,1.1174718,-0.0925668427471066,-0.09940473658885562,0.033296246,0.8495161,1.0,0.05101089666378548, ,brown,0.437670232192996,,,True,False,True
Leukocytes,SmoothMuscleCells,Apoe,Lrp1,1.0872995,0.0,0.941865,0.27807190453404784,0.16742913096792922,0.044819158,0.83825886,0.13331718667184236,0.05148590899791631, ,turquoise,0.846073130030222,brown,0.561942294262648,False,True,True
Myocytes,Fibroblasts,Nppa,Npr1,1.2955518,0.0,0.9369722,0.5962000481663523,0.6939936511265397,0.05989423,0.83790547,0.04048827757425648,0.05234614962813924, ,brown,0.916636044825977,,,True,False,True
EndocardialCells,SmoothMuscleCells,Mfge8,Itgb5,1.0538496,0.0,1.0483356,0.291959219537694,0.2131369269472494,0.049711976,0.8453882,0.09680276128331541,0.05282694942335023, ,green,0.295522794899105,brown,0.48064539237368,False,True,True
Leukocytes,EndocardialCells,Cd38,Pecam1,1.117796,0.0,0.9322896,0.6283999917609535,0.5920652234499695,0.097085826,0.83756495,0.028541536280802495,0.05398931612655869, ,turquoise,0.524608876299554,brown,0.774210329710027,False,True,True
Fibroblasts,Myocytes,Lamc1,Itga7_Itgb1,1.0507493,0.0,1.0274087,-0.012142304403430948,0.300171990078295,0.041925106,0.8440658,0.5413803418822016,0.05408671910256571, ,brown,0.533218968575482,,,True,False,True
EndothelialCells,EndocardialCells,Tgfb1,Cav1,1.0495018,0.0,0.99119073,0.4133482451410657,0.3568270048147855,0.057595696,0.84168935,0.04669741428124003,0.054574961233736306, ,brown,0.518107180491385,,,True,False,True
EndocardialCells,EndocardialCells,Cd38,Pecam1,1.115981,0.0,0.9261876,0.6257813843110772,0.5135265920669341,0.09645037,0.83711773,0.028541536280802495,0.05477082918304091, ,,,brown,0.774210329710027,False,True,True
Myocytes,Myocytes,Sema3c,Nrp1_Plxna2,0.10779916,1.0,0.011615132,-0.2145231525962045,-0.4479122197541993,0.013430023,0.3652969,1.0,0.05481627215988264, ,tan,0.524385254393888,,,True,False,True
Leukocytes,EndothelialCells,Bst1,Cav1,1.190461,0.0,0.92566824,1.0930909826835036,1.5069194400682793,0.25308535,0.8370795,0.0005102731387508258,0.05496703657859437, ,,,brown,0.884758647437185,False,True,True
EndothelialCells,EndocardialCells,Timp3,Kdr,1.0487984,0.0,1.0153048,0.24612022912665404,0.12148815560930715,0.060012374,0.8432843,0.17941581345438457,0.055261955432620594, ,yellow,0.308157376549655,blue,0.557659518401045,True,False,True
EndocardialCells,Myocytes,Lamb2,Rpsa,1.0535692,1.0,0.92479324,-0.32307841497507295,-0.20115282445521998,0.022344265,0.83701503,1.0,0.055261955432620594, ,brown,0.473770160271624,tan,0.206618269537133,True,True,True
EndothelialCells,SmoothMuscleCells,Gnai2,Ednrb,1.1067673,0.0,0.9212958,0.34630117340321775,0.3743470455522787,0.037149817,0.8367564,0.23414814653098262,0.05605203317096262, ,black,0.730197986867085,brown,0.629102342346487,False,True,True
SmoothMuscleCells,SmoothMuscleCells,Icam1,Il2rg,0.10838117,1.0,0.011702755,-0.3734418961067481,-0.5352969619078579,0.0042505055,0.3661686,1.0,0.056128839371016134, ,darkorange,0.588329109955734,,,True,False,True
EndocardialCells,SmoothMuscleCells,Spon1,App,1.048022,0.0,1.0858848,0.15533816382745497,0.2994307897866716,0.06931271,0.8476741,0.11673572568705674,0.05615116544408378, ,brown,0.546584870008833,,,True,False,True
EndothelialCells,Fibroblasts,Tgfb1,Sdc2,1.0470535,0.0,0.98767763,0.6520411216488874,1.1459392498027259,0.11557445,0.8414527,0.028541536280802495,0.05634967654602861, ,brown,0.518107180491385,brown,0.848057536799011,True,True,True
Myocytes,EndocardialCells,Nppa,Npr2,1.2913206,0.0,0.9187212,0.7355828942132187,0.9851305091331679,0.09076496,0.83656514,0.028541536280802495,0.056648049321986166, ,brown,0.916636044825977,blue,0.598577969516683,True,False,True
Myocytes,Myocytes,Tfpi,Vldlr,1.0461329,0.0,1.0378851,1.1739101926399675,1.1682694684912456,0.15423,0.8447322,0.008688077747469014,0.056648049321986166, ,brown,0.493469316651968,blue,0.567065344401306,True,False,True
Myocytes,Fibroblasts,Fndc5,Itgav,1.1682642,0.0,0.91867745,1.7482811302553376,1.7339138937123724,0.24395105,0.8365619,0.00040803394477754594,0.0567476745098457, ,brown,0.866327263435725,,,True,False,True
EndothelialCells,Leukocytes,Cxcl12,Itga4,1.112301,0.0,0.91167265,1.0637313981766607,1.3151019405637487,0.32914048,0.83603793,0.0004182090795405741,0.05805022740247996, ,turquoise,0.84149383379839,midnightblue,0.644281789489508,False,True,True
Leukocytes,Myocytes,Col4a2,Itga1_Itgb1,0.11144638,1.0,0.011822299,-0.6652297537018652,-1.1627176833757984,0.0014113544,0.36734876,1.0,0.05809696302620676, ,brown,0.55242115377533,,,True,False,True
Myocytes,SmoothMuscleCells,Pdap1,Pdgfrb,1.155103,0.0,0.91114354,0.7324977014299309,0.7968695439289556,0.07473661,0.8359982,0.028541536280802495,0.05815100068230334, ,brown,0.915568735615479,brown,0.766275459333072,True,True,True
Myocytes,EndocardialCells,Gnai2,F2r,1.1049918,0.021,0.9110721,-0.2987156532232087,-0.026262052537956992,0.030225096,0.8359928,1.0,0.05835279292822365, ,tan,0.462915726534463,brown,0.784344492026737,True,True,True
Fibroblasts,SmoothMuscleCells,Serping1,Lrp1,1.0613787,0.0,0.9109136,0.451634820944857,0.7186068978708176,0.08761566,0.8359809,0.028541536280802495,0.058453801667572594, ,brown,0.637205541603263,brown,0.561942294262648,True,True,True
EndocardialCells,Leukocytes,Bgn,Ly96,1.0426911,0.0,0.9855865,0.6507701280857972,0.6697280969267301,0.115721,0.84131134,0.028541536280802495,0.05855490245321079, ,lightcyan,0.368806923816196,turquoise,0.790566666074156,True,False,True
Myocytes,SmoothMuscleCells,Lpl,Lrp1,1.0598946,0.0,0.9091415,0.20244814343669332,0.05435587461648783,0.050256226,0.8358474,0.27654207119375523,0.05896011363473646, ,blue,0.830720437955104,brown,0.561942294262648,False,True,True
Leukocytes,SmoothMuscleCells,Gnai2,Ednrb,1.0923628,0.0,0.90528566,0.3168736888113324,0.29042816865038124,0.03650423,0.83555555,0.2473525751639843,0.05957038866763677, ,turquoise,0.515281533766225,brown,0.629102342346487,False,True,True
SmoothMuscleCells,Myocytes,Arf1,Insr,1.0405557,0.0,1.0088259,0.34900606581356375,0.3814543436214645,0.05732807,0.8428608,0.047499702591340884,0.05997886933505914, ,black,0.82182902454818,midnightblue,0.494037113570807,False,True,True
EndocardialCells,SmoothMuscleCells,Lamb2,Rpsa,1.0405129,1.0,0.90851986,-0.3640144887966905,-0.22410907384910417,0.02195108,0.83580035,1.0,0.06008118587910308, ,brown,0.473770160271624,black,0.836331019373713,True,False,True
Fibroblasts,SmoothMuscleCells,Psap,Lrp1,1.0526485,1.0,0.9004891,-0.07474700901037719,-0.13900500637395108,0.03325351,0.8351903,1.0,0.060388656167383634, ,black,0.824011143558508,brown,0.561942294262648,False,True,True
Fibroblasts,Leukocytes,Col1a1,Cd36,1.0394621,0.0,1.0406568,0.5099355573799017,0.684823844552792,0.12513368,0.8449071,0.028541536280802495,0.06049129908305512, ,,,brown,0.783650639892057,False,True,True
EndocardialCells,SmoothMuscleCells,Apoe,Lrp1,1.0520005,0.0,0.89971524,0.2149197436084171,0.0010408315950105607,0.04281344,0.83513105,0.3823691110055653,0.06069685030970648, ,,,brown,0.561942294262648,False,True,True
Fibroblasts,Myocytes,C1qa,Cd93,0.109684035,1.0,0.011960988,-0.5217942408126564,-1.2142654897000271,0.0011261798,0.3687051,1.0,0.0607197575961299, ,blue,0.546463244775422,tan,0.291337625930732,False,True,True
EndocardialCells,SmoothMuscleCells,App,Tspan12,1.0383518,0.0,1.0233577,0.1382433040622584,0.11597788327117431,0.04921733,0.8438056,0.18595103065919596,0.06141882641560293, ,,,lightcyan,0.443760185061965,False,True,True
Fibroblasts,EndothelialCells,Col15a1,Itga1_Itgb1,1.0375787,0.0,1.0221717,0.7069722145888498,1.5628749060513534,0.26663047,0.84372914,0.00886988512994706,0.061833177505821, ,brown,0.692037681267818,,,True,False,True
EndocardialCells,Leukocytes,Comp,Cd36,1.0373634,0.0,1.0371314,1.0334814218839858,0.7890873366713533,0.13239437,0.8446846,0.024040752825099883,0.06235294981362684, ,lightgreen,0.125031208796262,brown,0.783650639892057,False,True,True
EndothelialCells,SmoothMuscleCells,App,Lrp1,1.0459507,0.015,0.89249134,0.1214828035895833,0.022519759007215256,0.04250952,0.83457536,0.5715497300447717,0.06266578473450891, ,black,0.617473609490099,brown,0.561942294262648,False,True,True
Myocytes,EndocardialCells,Hbegf,Cd44,0.109480865,1.0,0.011980253,-0.11815262985510644,-0.1945184236997559,0.008738332,0.3688924,1.0,0.06268583018790778, ,pink,0.552349060275925,yellow,0.212459882063522,False,True,True
Myocytes,SmoothMuscleCells,Sorbs1,Itgb5,1.036723,0.0,1.0207851,0.5267199934867823,0.527777205229121,0.06659029,0.8436397,0.028541536280802495,0.0627702290896655, ,blue,0.692554190427162,brown,0.48064539237368,False,True,True
EndocardialCells,Leukocytes,Mmrn2,Cd93,1.1594872,0.0,0.8905985,0.5406512762718317,0.40549882268828197,0.052689657,0.8344287,0.06637043976072299,0.06297936153003589, ,brown,0.943558775036418,brown,0.634483899866545,True,True,True
Myocytes,Fibroblasts,Apoe,Sdc2,1.03597,0.0,0.9571612,0.06736977331915894,0.5103055152624767,0.05102364,0.83934796,0.2733702952773376,0.06339859033270838, ,,,brown,0.848057536799011,False,True,True
Fibroblasts,Fibroblasts,Ltbp3,Itgb5,1.0352468,0.0,1.0460277,0.6397997860132727,1.1330877066654566,0.14093658,0.84524405,0.016403196947764494,0.06371386148116222, ,brown,0.316212515891352,turquoise,0.646285311150696,True,False,True
EndocardialCells,EndothelialCells,Ntn1,Mcam,1.0350728,0.0,1.070958,0.6967305378065118,1.1535154366595557,0.10433003,0.8467783,0.028541536280802495,0.0638191176496882, ,brown,0.425522037629137,turquoise,0.621780822831032,True,False,True
EndothelialCells,Leukocytes,Jam2,Itga4_Itgb1,1.0889907,0.0,0.8864164,1.0507408671514962,1.3600503371821315,0.30507916,0.8341033,0.0004594489937455743,0.0639244442880085, ,brown,0.738558518201255,,,True,False,True
EndocardialCells,SmoothMuscleCells,Lamb2,Itga7_Itgb1,1.0346929,0.0,0.90126574,0.17992269129062227,0.07050136776236027,0.030012269,0.8352496,0.4506992354617579,0.06402986264041612, ,brown,0.473770160271624,,,True,False,True
EndocardialCells,EndothelialCells,Vegfb,Nrp1,1.1283,0.0,0.8860653,0.5488028527587889,0.6665549087650977,0.046088245,0.83407587,0.10980552199550221,0.06402986264041612, ,,,brown,0.648185002416343,False,True,True
EndocardialCells,EndothelialCells,Lum,Itgb1,1.0340104,0.0,0.971867,0.13500100838254708,0.09130275878555139,0.05035829,0.8403733,0.21600255354819636,0.06455815954453999, ,brown,0.663673113122154,,,True,False,True
Myocytes,Myocytes,Sema3c,Nrp1_Plxna1,0.11026972,0.984,0.012136164,-0.06619425651239283,-0.1395953715351619,0.024083,0.37039876,1.0,0.06465102998269893, ,tan,0.524385254393888,,,True,False,True
EndothelialCells,Myocytes,Lamb2,Rpsa,1.038904,1.0,0.8812686,-0.34241106251630504,-0.20165077768972428,0.021292651,0.83369994,1.0,0.06487610550300427, ,,,tan,0.206618269537133,False,True,True
EndothelialCells,EndothelialCells,Tgfb1,Itgb1,1.0316997,0.0,0.9656466,0.30399538841015594,0.4101004273732853,0.04595747,0.8399421,0.1111661937900291,0.0660481557456506, ,brown,0.518107180491385,,,True,False,True
SmoothMuscleCells,Myocytes,Lgals1,Itgb1,1.0305533,0.966,0.9961507,-0.0945473129754082,-0.14033124916931083,0.025652053,0.8420217,1.0,0.06658412703280286, ,midnightblue,0.216187656338635,greenyellow,0.433544316700636,True,False,True
EndothelialCells,SmoothMuscleCells,Psap,Lrp1,1.0289421,1.0,0.8721817,-0.12260467944171055,-0.23835377230208887,0.032208167,0.8329802,1.0,0.06701436363170817, ,black,0.955826554918,brown,0.561942294262648,False,True,True
Myocytes,Fibroblasts,Gnai2,P2ry12,0.28527555,1.0,0.012213985,-0.964213209413296,-0.8304228971192208,0.0024403166,0.37114438,1.0,0.06726992709456937, ,tan,0.462915726534463,green,0.48895271629142,True,False,True
Myocytes,EndothelialCells,Gnai2,S1pr1,1.0669374,0.35,0.86934364,-0.3463378757632417,0.25878062594233786,0.02860705,0.83275336,1.0,0.06766214363455647, ,tan,0.462915726534463,brown,0.500963498873593,True,True,True
EndothelialCells,EndocardialCells,Efnb2,Ephb4,1.0273831,0.0,0.9664769,0.6862968556681786,1.0719372179212312,0.13333736,0.8399999,0.02016212721630641,0.0678787077978567, ,,,brown,0.694780356205533,False,True,True
Leukocytes,Fibroblasts,Adam10,Axl,1.0273228,0.0,0.9453871,0.5104848552159056,0.8177224961761128,0.078536,0.8385117,0.028541536280802495,0.06798711617519554, ,turquoise,0.222395601537507,brown,0.528957135069456,False,True,True
Leukocytes,Fibroblasts,Tgfb1,Itgb5,1.0272845,0.0,1.0269884,0.5981335747397416,0.8009755801265919,0.09629586,0.84403884,0.028541536280802495,0.06820417452982835, ,brown,0.780749588439731,turquoise,0.646285311150696,True,False,True
EndocardialCells,Leukocytes,Gas6,Axl,1.0378865,0.0,0.86823434,0.2551007906691143,0.12831287557649296,0.04383255,0.83266443,0.17160215248776203,0.06831281351041171, ,royalblue,0.42190106635111,brown,0.704728587075672,False,True,True
EndothelialCells,Fibroblasts,Adam10,Axl,1.0265917,0.0,0.9434001,0.5094494770226434,0.8848117800663436,0.07837093,0.8383692,0.028541536280802495,0.06842154394527827, ,yellow,0.336816268854491,brown,0.528957135069456,True,True,True
SmoothMuscleCells,EndothelialCells,Hspg2,Itgb1,1.0262537,1.0,0.95098656,-0.059088298505524856,-0.07035121475692108,0.028335644,0.8389112,1.0,0.06863924624108085, ,brown,0.289796805062604,,,True,False,True
EndocardialCells,Fibroblasts,Tfpi,Sdc4,1.0256736,0.0,0.9868179,0.7837595373044552,1.001127872955277,0.119149834,0.8413946,0.028541536280802495,0.06896639201615812, ,brown,0.667671842240135,black,0.852742792716059,True,False,True
SmoothMuscleCells,Leukocytes,Jam3,Itgam_Itgb2,1.0256729,0.0,1.0440363,1.256165964039638,1.3084349916278843,0.35312676,0.8451194,0.00022109874738606374,0.06907560510666937, ,lightcyan,0.378192586111084,,,True,False,True
SmoothMuscleCells,EndocardialCells,Col1a2,Cd93,1.0356472,0.0,0.86520386,0.425134358589928,0.28609630823756693,0.080025494,0.8324207,0.057955411129632255,0.06918488755776261, ,,,lightcyan,0.582187985085655,False,True,True
SmoothMuscleCells,Fibroblasts,Vtn,Cd47,1.0254409,0.0,1.0369326,1.4180997484124243,1.092915965835887,0.19580057,0.844672,0.0023555803672718383,0.06929426141215908, ,brown,0.715989746853182,black,0.666387490098312,True,False,True
Fibroblasts,Leukocytes,Hspg2,Itgb1,1.0253325,1.0,1.0512844,-0.13422879874756483,-0.1572538525008218,0.031324122,0.84557164,1.0,0.0695132501992498, ,brown,0.485029372814491,,,True,False,True
SmoothMuscleCells,Fibroblasts,Mfge8,Itgav,1.113121,0.0,0.86350024,0.6949554077388217,0.7229287795002053,0.07889239,0.83228314,0.028541536280802495,0.06973254925426887, ,lightcyan,0.510462651252352,,,True,False,True
SmoothMuscleCells,SmoothMuscleCells,Sorbs1,Itgb5,1.0220643,0.0,0.9972043,0.5081271566938237,0.5721984564352337,0.06505202,0.842092,0.02887890931076263,0.07116585613091528, ,red,0.346616458264544,brown,0.48064539237368,False,True,True
Myocytes,Leukocytes,Angptl4,Cdh5,0.11658731,1.0,0.012359628,-0.44684866345958013,-0.8624409627605674,0.004073155,0.37252873,1.0,0.0711953554613819, ,magenta,0.510755344184455,brown,0.604304711675109,False,True,True
Fibroblasts,EndocardialCells,Apoe,Lrp5,1.0217056,0.0,0.89490706,0.43557938548340147,0.4980349235728881,0.069665834,0.8347618,0.028541536280802495,0.07172073660998672, ,,,brown,0.483007588578318,False,True,True
SmoothMuscleCells,Myocytes,C3,Lrp1,0.11306444,1.0,0.012361719,-0.679681501982949,-1.0710024571711907,0.002263018,0.37254855,1.0,0.07184925209452227, ,brown,0.818843396923259,,,True,False,True
Fibroblasts,SmoothMuscleCells,Lamc1,Itga1,1.0215584,0.0,0.94989896,0.5777322025664244,0.8842426783396283,0.13323922,0.8388338,0.02712552939111886,0.07216607959029224, ,brown,0.533218968575482,,,True,False,True
Fibroblasts,SmoothMuscleCells,App,Tspan12,1.0212638,0.0,0.9958728,0.10537458555803839,0.07312126068857094,0.047895465,0.84200317,0.24618271578765383,0.07261270230618085, ,black,0.764270466936223,lightcyan,0.443760185061965,False,True,True
EndocardialCells,Leukocytes,Vwf,Itga9,1.1949582,0.0,0.854275,1.3746204205538481,1.4781500319444487,0.1699198,0.8315322,0.0035043354932550726,0.07272456065802828, ,brown,0.691096517422782,turquoise,0.699544318835141,True,False,True
Fibroblasts,SmoothMuscleCells,Calr,Lrp1,1.0197258,0.222,0.8611768,0.06220739950224907,-0.027413013533616915,0.037724636,0.8320951,0.7727868842070713,0.07350978323533093, ,black,0.79814025150332,brown,0.561942294262648,False,True,True
Fibroblasts,Leukocytes,Igfbp4,Lrp6,1.0636544,0.0,0.8512079,0.5380204070734296,0.7835540237433543,0.071609505,0.8312801,0.028541536280802495,0.07384750299757467, ,brown,0.620073925457339,,,True,False,True
EndothelialCells,Myocytes,Efnb2,Epha4,1.0194741,0.0,0.9549458,0.9785361121755587,1.4806558218527788,0.16455173,0.8391917,0.006101200840959843,0.07384750299757467, ,,,brown,0.571232341148922,False,True,True
Fibroblasts,Myocytes,Gnai2,Adcy1,1.0193938,0.0,0.9911942,1.0256773486084965,0.8813242607796696,0.1520175,0.84168965,0.011008857258519305,0.07396023959390413, ,black,0.78566112490779,tan,0.727886545703134,False,True,True
Fibroblasts,EndocardialCells,Adm,Gpr182,1.1698375,0.0,0.8506758,1.354361822620278,1.5747536081866775,0.25226337,0.83123624,0.0005208642617592231,0.07407305594589547, ,,,brown,0.891148367167637,False,True,True
EndothelialCells,SmoothMuscleCells,Tgfb1,Cav1,1.0185872,0.0,0.9468318,0.3771926134437157,0.3560327977800493,0.05501811,0.83861506,0.05524168862360303,0.07452510720037288, ,brown,0.518107180491385,midnightblue,0.401042124167732,True,True,True
EndocardialCells,Fibroblasts,Agrn,Lrp1,1.02177,0.0,0.84829265,0.725418653075708,1.1018192380966456,0.15388133,0.83103937,0.008824203457879853,0.07475160524251981, ,brown,0.356244589967685,,,True,False,True
SmoothMuscleCells,EndothelialCells,Tgfb3,Itgb1,1.0179641,0.0,0.928672,0.3393280022501266,0.45344443096760567,0.06598501,0.8373003,0.028541536280802495,0.07497843332187092, ,brown,0.511531512491637,,,True,False,True
Myocytes,Fibroblasts,Apoa1,Abca1,0.18892281,0.125,0.012443966,0.044086069063222016,-0.04820332372297654,0.037278347,0.3733239,0.7089921585047191,0.07511727538069862, ,midnightblue,0.255182682496265,,,True,False,True
EndocardialCells,EndothelialCells,Adam15,Itgb1,1.0167457,0.684,0.925392,0.029330662284339143,-0.022787295973083932,0.032099668,0.83705914,0.9760253627828157,0.07588890645655247, ,lightcyan,0.176865930443945,,,True,False,True
Myocytes,Myocytes,Arf1,Insr,1.0162538,0.0,0.9714663,0.29932520339588575,0.3573739492302552,0.05520506,0.8403456,0.05472004096051661,0.07623164323298742, ,,,midnightblue,0.494037113570807,False,True,True
EndothelialCells,SmoothMuscleCells,Mfge8,Itgb5,1.0145411,0.0,0.9851022,0.23471263042493407,0.2807488389362438,0.046713457,0.8412785,0.1051027795819281,0.07726415447762666, ,,,brown,0.48064539237368,False,True,True
Myocytes,EndocardialCells,Gnai2,Ednrb,1.040185,0.0,0.8400084,-0.16851688471878168,0.1818802370389646,0.033872023,0.83034927,1.0,0.07737927738425888, ,tan,0.462915726534463,red,0.633092346127313,True,False,True
EndothelialCells,SmoothMuscleCells,Tgfb1,Lpp,1.0140986,0.0,0.9403912,0.6890711139975733,0.7949564079327747,0.08547905,0.8381527,0.028541536280802495,0.07760974950902294, ,brown,0.518107180491385,,,True,False,True
EndocardialCells,SmoothMuscleCells,Lamc1,Itga7_Itgb1,1.0136771,0.056,0.8404804,0.10300344633186884,-0.07053846398011288,0.034297187,0.83038884,0.6506865435143817,0.0778405504224968, ,brown,0.697901590493492,,,True,False,True
SmoothMuscleCells,SmoothMuscleCells,Lama5,Bcam,1.0135481,0.0,0.8473411,0.9783038998571818,1.0238139637361208,0.13301985,0.8309606,0.020435935363199802,0.07795605812011047, ,,,midnightblue,0.277333377441567,False,True,True
EndocardialCells,EndocardialCells,Hbegf,Cd44,0.11250779,1.0,0.012628446,-0.11003669533951667,-0.13972272089890275,0.00921112,0.37504694,1.0,0.07838286619844612, ,,,yellow,0.212459882063522,False,True,True
EndocardialCells,SmoothMuscleCells,Agrn,Itgb1,1.0127742,0.0,0.8378691,0.47438769336917674,0.4557526180812959,0.069249876,0.8301696,0.028541536280802495,0.07853483160922199, ,brown,0.356244589967685,,,True,False,True
Myocytes,Fibroblasts,Rarres2,Ccrl2,0.12787639,1.0,0.012738951,-0.4745601011986105,-0.8136193959973623,0.002150694,0.37606853,1.0,0.07903569254547779, ,,,midnightblue,0.309347440983874,False,True,True
Fibroblasts,SmoothMuscleCells,Hsp90b1,Lrp1,1.0126208,0.035,0.85269284,0.0845610801404712,0.01369491596401573,0.037963886,0.8314023,0.6185270773874316,0.07911558441950287, ,black,0.784955536193425,brown,0.561942294262648,False,True,True
SmoothMuscleCells,Myocytes,Pdgfb,Art1,1.1602285,0.0,0.83166873,1.8089951303300178,1.438233649536397,0.18159448,0.82964534,0.0033773341802226737,0.07958160820728089, ,darkorange,0.329367356438579,brown,0.769648469668736,True,True,True
Leukocytes,EndocardialCells,Lamb2,Cd44,0.11309968,1.0,0.012755195,-0.4927525831465836,-0.7617068799613829,0.0020108824,0.37621802,1.0,0.07968842163724156, ,,,yellow,0.212459882063522,False,True,True
EndothelialCells,EndothelialCells,Icam1,Cav1,1.1652712,0.0,0.8303724,0.5531219914368216,0.9180883597640254,0.061318293,0.82953507,0.036428300828168864,0.07981508851466501, ,,,brown,0.884758647437185,False,True,True
EndothelialCells,SmoothMuscleCells,Hspg2,Lrp1,1.0114561,0.0,0.85130215,0.17253589779300987,0.20902622379114166,0.05567238,0.8312879,0.09914318333334747,0.07993195308690125, ,brown,0.70755077011452,brown,0.561942294262648,True,True,True
SmoothMuscleCells,SmoothMuscleCells,Fbn1,Itgb1,1.0112026,0.0,0.83332306,0.21820153225805572,0.09582312833711715,0.04905042,0.82978576,0.21088757754558177,0.08016591922335316, ,brown,0.365133974520333,,,True,False,True
EndothelialCells,Fibroblasts,Pros1,Axl,1.009676,0.0,0.8974234,0.4599124120802665,0.8150472441884389,0.07925087,0.8349554,0.028541536280802495,0.08134045030117859, ,,,brown,0.528957135069456,False,True,True
SmoothMuscleCells,EndocardialCells,Tgfb2,Eng,1.1772978,0.0,0.8266882,0.6152883765855781,0.6031876991632126,0.091702916,0.8292204,0.028541536280802495,0.08134045030117859, ,purple,0.414187267702088,brown,0.973204830554305,False,True,True
EndocardialCells,EndocardialCells,Lum,Itgb1,1.0095149,0.001,0.93649244,0.09238983557997568,-0.03153992585699561,0.04852532,0.83787066,0.47092931215184725,0.08145834074730533, ,brown,0.663673113122154,pink,0.572507776572743,True,False,True
Myocytes,SmoothMuscleCells,Mfge8,Pdgfrb,1.1316662,0.0,0.82650954,0.5267940821062551,0.5502078655737532,0.046808217,0.82920516,0.10410409419080578,0.08157631000721223, ,tan,0.698770478903018,brown,0.766275459333072,True,True,True
SmoothMuscleCells,Myocytes,Gnai2,Adcy1,1.0092384,0.0,0.9749379,1.0049315429883623,0.9314399170747528,0.14952429,0.84058475,0.010490425269692131,0.08204896295499141, ,black,0.83203351296545,tan,0.727886545703134,False,True,True
Leukocytes,SmoothMuscleCells,Calr,Lrp1,1.0090656,0.443,0.8484476,0.04236441090308954,-0.08090130185690825,0.037167024,0.8310522,0.8705278979478904,0.0821673260584912, ,,,brown,0.561942294262648,False,True,True
EndothelialCells,Myocytes,C1qa,Cd93,0.11452727,1.0,0.012942627,-0.514681313053557,-1.1560854178709963,0.0012186054,0.37793127,1.0,0.08229836559651517, ,brown,0.731589883433342,tan,0.291337625930732,True,True,True
EndocardialCells,EndothelialCells,Efnb2,Ephb4,1.0086753,0.0,0.9916153,0.681820980659081,1.092599429575695,0.1368055,0.84171796,0.016711861935873092,0.08240427646784737, ,lightcyan,0.297527702145485,brown,0.754425953629236,True,True,True
Fibroblasts,Fibroblasts,Pros1,Axl,1.0086088,0.0,0.8945227,0.4584754332211661,0.7105015321473817,0.07899471,0.83473223,0.028541536280802495,0.0825228757004435, ,turquoise,0.157423356662436,brown,0.528957135069456,False,True,True
Fibroblasts,EndocardialCells,Col4a5,Cd93,1.0218488,0.0,0.8240565,0.673071373151141,0.9474381146717904,0.13539638,0.8289946,0.018020197184461937,0.0831170398128058, ,,,lightcyan,0.582187985085655,False,True,True
Leukocytes,Leukocytes,C1qa,Cd93,1.0905904,0.0,0.82365394,0.8619871389907481,0.9978002766129228,0.07755065,0.82895994,0.028541536280802495,0.08323609890108649, ,turquoise,0.847224602986981,brown,0.634483899866545,False,True,True
Fibroblasts,Myocytes,Ngf,Maged1,1.007568,0.0,1.0090039,0.6617920061981069,1.0807109392965206,0.10740111,0.8428725,0.028541536280802495,0.08323609890108649, ,cyan,0.480064944402001,brown,0.743391398983248,False,True,True
EndothelialCells,EndocardialCells,Col4a2,Itga9_Itgb1,1.0075562,0.0,0.86066943,0.5900807075812702,0.8793961418595693,0.10903924,0.83205384,0.028541536280802495,0.083355248597072, ,yellow,0.155737396507289,,,True,False,True
Leukocytes,SmoothMuscleCells,App,Tspan12,1.0072833,0.0,0.97338593,0.07848506759446577,0.0960173902303526,0.046813983,0.840478,0.24896793355539235,0.08359378372034934, ,turquoise,0.410874157662401,lightcyan,0.443760185061965,False,True,True
EndothelialCells,EndocardialCells,Tgfb1,Itgb1,1.0072042,0.0,0.9304984,0.26138421560758457,0.2872577427307383,0.04428468,0.83743405,0.12724957077564303,0.08383262099658002, ,brown,0.518107180491385,pink,0.572507776572743,True,False,True
Fibroblasts,EndothelialCells,Icam1,Cav1,1.1626095,0.0,0.82030284,0.5487705334304767,0.8583448560336348,0.060574718,0.82867074,0.03841807829555794,0.08407178441169154, ,lightyellow,-0.0604786695937591,brown,0.884758647437185,False,True,True
Leukocytes,Leukocytes,Mmp2,Pecam1,0.11836018,1.0,0.013097683,-0.724983704043966,-1.2426132892105177,0.0016639857,0.37933224,1.0,0.08425481096487883, ,,,lightcyan,0.23876749076216,False,True,True
EndothelialCells,Fibroblasts,Jam2,Itgav_Itgb1,1.0682757,0.0,0.81862724,0.6003201025275431,1.0595706106451144,0.10756494,0.8285255,0.028541536280802495,0.08455104095948827, ,brown,0.738558518201255,,,True,False,True
EndothelialCells,Myocytes,Efna1,Epha4,1.0061811,0.0,0.9201191,0.9309849850600002,1.339403338629985,0.15155064,0.836669,0.009549647243325113,0.08479113382866683, ,yellow,0.177429009303501,brown,0.571232341148922,True,True,True
EndocardialCells,SmoothMuscleCells,Psap,Lrp1,1.0058861,1.0,0.8446511,-0.16915396886598832,-0.23949067307001248,0.031191511,0.8307371,1.0,0.08491130393575327, ,black,0.705222767139885,brown,0.561942294262648,False,True,True
SmoothMuscleCells,Fibroblasts,Apoe,Sdc2,1.0056714,0.0,0.8737391,0.013163171590046485,0.46680224117912006,0.046576638,0.83310425,0.43819557375462853,0.0851518671701832, ,,,brown,0.848057536799011,False,True,True
EndocardialCells,SmoothMuscleCells,Mmrn2,Cd248,1.1390488,0.0,0.81566525,0.8033625431050776,0.82976310663558,0.17316341,0.8282678,0.017234597974706032,0.08599633646816461, ,brown,0.943558775036418,,,True,False,True
EndothelialCells,EndocardialCells,Calr,Scarf1,1.0044239,0.0,0.996991,0.23834019619649924,0.34838029120207825,0.06875141,0.84207773,0.048874237934766376,0.08611727763379498, ,yellow,0.359407124794825,blue,0.675764992146675,True,False,True
Myocytes,Fibroblasts,Fgf1,Fgfr1,1.0041804,0.0,0.995569,1.3676584940270564,1.4117747742984748,0.21380863,0.8419828,0.0013381656601586392,0.08623830924931226, ,orange,0.689259866805731,,,True,False,True
Myocytes,EndocardialCells,Pam,Dpp4,1.1340075,0.0,0.8147908,1.2108283367997417,1.2238769233321545,0.2520109,0.8281916,0.0005461396756439787,0.08660187344286549, ,brown,0.843521594083983,red,0.503932937873041,True,False,True
EndocardialCells,EndocardialCells,Col6a3,Cd44,0.11550245,1.0,0.013269728,-0.272159985638665,-0.39463460447531845,0.008051662,0.3808697,1.0,0.08686203309031532, ,blue,0.625819276417184,yellow,0.212459882063522,False,True,True
Fibroblasts,SmoothMuscleCells,Apoe,Lrp1,1.0023592,0.002,0.84043956,0.12610633858214182,0.029881330336607337,0.039992772,0.83038545,0.4939114915418876,0.08696612908824612, ,,,brown,0.561942294262648,False,True,True
Fibroblasts,EndothelialCells,Pgf,Nrp1,1.1074456,0.0,0.81305885,0.5444900690717125,0.8575330469069709,0.08521502,0.8280401,0.028541536280802495,0.08708770803069617, ,turquoise,0.544896813152756,brown,0.648185002416343,False,True,True
SmoothMuscleCells,EndocardialCells,Hspg2,Itgb1,1.0017582,1.0,0.916372,-0.10169947130809627,-0.19319389939946807,0.027304266,0.8363901,1.0,0.08733108801126784, ,brown,0.289796805062604,pink,0.572507776572743,True,False,True
SmoothMuscleCells,Leukocytes,Mmp2,Pecam1,0.11895384,1.0,0.013274061,-0.7241573323647388,-1.2050291235726558,0.0016863935,0.38090816,1.0,0.08751359568273899, ,darkmagenta,0.410590811460626,lightcyan,0.23876749076216,False,True,True
Leukocytes,Myocytes,Col4a1,Cd93,0.116203845,1.0,0.01328244,-0.9656764801527553,-1.4666675509003242,0.0006438058,0.38098255,1.0,0.08816506111407829, ,,,tan,0.291337625930732,False,True,True
EndothelialCells,Myocytes,Hspg2,Dag1,1.0005586,0.0,0.82022524,0.4259876008660889,0.5396762058037363,0.07602442,0.828664,0.028541536280802495,0.08830775531109572, ,brown,0.70755077011452,,,True,False,True
EndocardialCells,SmoothMuscleCells,Sparc,Eng,1.0002124,1.0,0.96981925,-0.265610817660383,-0.34959076045355575,0.026050335,0.8402318,1.0,0.08855270844809948, ,black,0.677069596089091,lightcyan,0.40613301582679,False,True,True
EndocardialCells,EndocardialCells,Vegfb,Nrp1,1.0526795,0.0,0.8095057,0.4381582129948546,0.38402732621743557,0.042106036,0.8277281,0.15313324629221126,0.08867528958748751, ,,,brown,0.550721740569223,False,True,True
Myocytes,Myocytes,Hbegf,Cd82,0.11624545,1.0,0.013494039,-0.13560557107955223,-0.21787757544341949,0.0066188457,0.382848,1.0,0.08946770052248307, ,pink,0.552349060275925,tan,0.768715332718157,False,True,True
Myocytes,SmoothMuscleCells,Gnai2,S1pr3,1.0078316,0.0,0.80453116,-0.03052619984065641,0.33021990088255226,0.048326522,0.82728815,0.6310878755408448,0.09002893437214335, ,tan,0.462915726534463,turquoise,0.460560701298487,True,False,True
Leukocytes,Leukocytes,Cd14,Itga4,1.0126827,0.0,0.8037383,1.6421720645893836,1.757944054621966,0.6593739,0.8272177,2.3940964419973823e-06,0.0901524497695112, ,turquoise,0.848526366074058,midnightblue,0.644281789489508,False,True,True
EndothelialCells,EndothelialCells,Sema3f,Nrp1,1.1042833,0.0,0.8019885,0.6068456401018014,0.9905907272247779,0.098639086,0.8270619,0.028541536280802495,0.09064732626264083, ,,,brown,0.648185002416343,False,True,True
SmoothMuscleCells,Myocytes,Mfap5,Notch1,0.12265237,1.0,0.013640551,-0.6380035788158211,-1.0514309075692192,0.001718378,0.38412458,1.0,0.09076995137348867, ,darkorange,0.675305102108676,green,0.340818001122301,True,False,True
Myocytes,Leukocytes,Gnai2,C5ar1,1.0046871,0.0,0.80108315,0.2097192336499043,0.6146822498486739,0.067025624,0.8269811,0.06758014325695488,0.0908952370766366, ,tan,0.462915726534463,turquoise,0.712817995193886,True,False,True
EndocardialCells,SmoothMuscleCells,Gnai2,Ednrb,0.99748594,0.0,0.7998331,0.12308470265366522,0.14208191411462978,0.032252025,0.82686937,0.36618226100739987,0.09164080833351795, ,black,0.68121307835009,brown,0.629102342346487,False,True,True
Fibroblasts,Fibroblasts,Tfpi,Lrp1,1.004705,0.0,0.79832035,0.5140530563602158,0.8156362421004472,0.0691311,0.82673377,0.028541536280802495,0.09226426001085287, ,brown,0.474048497087387,,,True,False,True
Leukocytes,Myocytes,Col4a2,Cd93,0.11862086,1.0,0.013772328,-0.8446399041129575,-1.3990430778552514,0.00075034285,0.3852625,1.0,0.092722599231659, ,brown,0.55242115377533,tan,0.291337625930732,True,True,True
SmoothMuscleCells,EndocardialCells,Tgfb3,Itgb1,0.9934687,0.0,0.8948696,0.2967168294475552,0.3306017463250587,0.06358325,0.834759,0.04256270673811311,0.09301496258698817, ,brown,0.511531512491637,pink,0.572507776572743,True,False,True
EndothelialCells,EndocardialCells,Adam10,Notch1,0.9934428,0.0,0.8973768,0.551699186551206,0.6162880328480977,0.06973861,0.8349518,0.028541536280802495,0.09314035289803002, ,yellow,0.336816268854491,darkred,0.343740710918236,True,False,True
Fibroblasts,SmoothMuscleCells,Col15a1,Itga1_Itgb1,0.99314713,0.0,0.90924346,0.6468157308237967,1.1675872701159502,0.23717347,0.83585507,0.015433740661458301,0.0935169756291013, ,brown,0.692037681267818,,,True,False,True
EndocardialCells,EndocardialCells,Adam15,Itgb1,0.9922502,0.948,0.891709,-0.013280510518232272,-0.14562998061563093,0.030931283,0.83451474,1.0,0.09427230979845772, ,lightcyan,0.176865930443945,pink,0.572507776572743,True,False,True
Myocytes,Fibroblasts,Gas6,Axl,0.99200106,0.0,0.8493833,0.10606364669233798,0.37710580226757473,0.04288086,0.83112955,0.19120980695658396,0.09477741609889417, ,,,brown,0.528957135069456,False,True,True
EndocardialCells,Fibroblasts,Tgfb1,Sdc2,0.99175304,0.0,0.83541733,0.5666640998341678,0.9556288894897544,0.097757496,0.8299629,0.028541536280802495,0.09490388897778942, ,royalblue,0.813694457415225,brown,0.848057536799011,False,True,True
Fibroblasts,Leukocytes,Rarres2,Cmklr1,0.9914331,0.0,0.8260186,0.7317835083246047,1.2082235660055125,0.21694227,0.8291631,0.00714006656972303,0.09528375808605646, ,brown,0.607010321637212,brown,0.708625313340797,True,True,True
Myocytes,EndocardialCells,Adm,Gpr182,1.1536722,0.0,0.78958875,1.3292485844327904,1.3623658476068836,0.23414832,0.82594466,0.000839842744136342,0.09541053974952465, ,brown,0.433939583997392,brown,0.891148367167637,True,True,True
Myocytes,Leukocytes,Copa,Cd74,0.9910846,0.0,0.9533934,1.0245960023980727,0.9479026707580243,0.11639507,0.8390818,0.028541536280802495,0.09566433454756315, ,midnightblue,0.475185440944878,,,True,False,True
EndocardialCells,Leukocytes,Igfbp4,Lrp6,1.0054313,0.0,0.7889837,0.45968227123260036,0.43294224620303745,0.06637478,0.8258896,0.028541536280802495,0.09591842504879973, ,brown,0.565703353366091,,,True,False,True
Leukocytes,EndocardialCells,Col4a1,Cd44,0.11906871,1.0,0.014033415,-0.7063604819221461,-0.9300498879558583,0.0020528254,0.3874887,1.0,0.0966252733592251, ,,,yellow,0.212459882063522,False,True,True
EndocardialCells,SmoothMuscleCells,Lamb1,Itga7_Itgb1,0.99470115,0.0,0.78559494,0.22905478053512962,0.1116815999346068,0.047397442,0.82557994,0.19060666948133861,0.09693789552059301, ,brown,0.406739902075495,,,True,False,True
Leukocytes,SmoothMuscleCells,Pdgfc,Pdgfrb,1.1199129,0.0,0.7840664,1.3692106707575777,1.6357578305787674,0.3341221,0.82543963,6.501417986749077e-05,0.09732146435508181, ,turquoise,0.457476793126377,brown,0.766275459333072,False,True,True
SmoothMuscleCells,Myocytes,Pltp,Abca1,0.1300022,1.0,0.014093006,-0.4574166557605881,-0.7307729936172741,0.0028344914,0.38799167,1.0,0.09857530821711608, ,brown,0.533848142274511,magenta,0.837413755023652,True,False,True
Fibroblasts,Myocytes,Igf1,Insr,0.9855957,0.0,0.9243354,0.8331581733419715,1.1155227255032056,0.17564234,0.83698124,0.004050091669907572,0.09860504331754807, ,brown,0.689047425976755,midnightblue,0.494037113570807,True,True,True
Fibroblasts,Fibroblasts,C3,Nrp1,0.985215,0.0,0.9638868,0.18865398782644704,0.41654332806873096,0.08834326,0.8398195,0.08258395320884353,0.09899160999151675, ,,,yellow,0.250435830471026,False,True,True
Fibroblasts,Leukocytes,Rarres2,Ccrl2,0.98495114,0.0,0.8080304,0.7498778342093313,1.2441779780421207,0.13641831,0.827598,0.01719942492296168,0.09912062341155371, ,brown,0.607010321637212,turquoise,0.724698430769641,True,False,True
SmoothMuscleCells,EndocardialCells,Serpine1,Itgb5,0.12576914,1.0,0.01414968,-0.34586209818900754,-0.5661668872685556,0.0069234115,0.38846827,1.0,0.09987484078673181, ,darkorange,0.42575759209786,,,True,False,True
EndothelialCells,Leukocytes,Calr,Lrp1,0.9839143,0.978,0.9513203,-0.07519044959058944,-0.10725233210411511,0.04167345,0.8389349,1.0,0.10002583915314134, ,yellow,0.359407124794825,turquoise,0.663780405167675,True,False,True
EndocardialCells,Fibroblasts,Fn1,Sdc2,0.9831523,0.0,0.81173664,0.7991148037168901,1.1911381380014783,0.16999717,0.8279242,0.004944405125067372,0.1005447934697899, ,,,brown,0.848057536799011,False,True,True
SmoothMuscleCells,EndothelialCells,Vegfb,Nrp1,1.0961139,0.0,0.7733891,0.4992676147997393,0.6231825556092678,0.040227447,0.8244496,0.1771240872938893,0.10106497304053716, ,,,brown,0.648185002416343,False,True,True
Fibroblasts,Fibroblasts,Mdk,Sdc2,0.9814475,0.0,0.80704284,0.729795913233743,1.4396140789086687,0.20393631,0.8275107,0.007259902248157894,0.10158637693803899, ,,,brown,0.848057536799011,False,True,True
Leukocytes,SmoothMuscleCells,Tln1,Itgb5,0.98122835,0.0,0.9315137,0.3568323044727501,0.3395511942675503,0.053733192,0.8375083,0.06112653457720084,0.10171692239903707, ,turquoise,0.305973325210937,brown,0.48064539237368,False,True,True
SmoothMuscleCells,Myocytes,Col18a1,Gpc1,1.0392464,0.0,0.7725176,1.9638806346494526,1.685788149439071,0.3209835,0.824368,8.675344792502013e-05,0.10171692239903707, ,,,brown,0.486264962491867,False,True,True
EndothelialCells,SmoothMuscleCells,Hspg2,Fgfr1,0.98377866,0.0,0.772373,0.22424950449351727,0.3406205829057203,0.057160776,0.82435447,0.05692631620528516,0.10184754431186548, ,brown,0.70755077011452,,,True,False,True
Myocytes,Myocytes,Fndc5,Itgb5,1.1282187,0.0,0.7716128,1.397385564019298,1.1574585786117928,0.106347464,0.8242831,0.028541536280802495,0.10223985540861596, ,brown,0.866327263435725,tan,0.521580300356519,True,True,True
EndocardialCells,Myocytes,Hbegf,Cd82,0.11927237,1.0,0.014224136,-0.12748963656396248,-0.16308187264256635,0.006976959,0.38909185,1.0,0.10247274170274212, ,,,tan,0.768715332718157,False,True,True
Fibroblasts,SmoothMuscleCells,C3,Nrp1,0.97948,0.0,0.95164317,0.1802624465379759,0.5716770846206408,0.08722109,0.8389578,0.09023572291573287,0.10289524364881512, ,,,lightcyan,0.26029605688583,False,True,True
Leukocytes,Fibroblasts,Tgfb1,Itgb1,0.978673,0.0,0.94347537,0.197909835423491,0.18762386847539242,0.044902287,0.8383747,0.12079131414034638,0.10355253984739012, ,brown,0.780749588439731,black,0.76802340300577,True,False,True
EndocardialCells,SmoothMuscleCells,Hsp90b1,Lrp1,0.9779096,0.566,0.81124496,0.02397916016591263,-0.11644056915868295,0.03611853,0.82788104,0.9181317372420262,0.10394782730991865, ,black,0.606803174654305,brown,0.561942294262648,False,True,True
SmoothMuscleCells,SmoothMuscleCells,Vcl,Itgb5,0.97764075,0.0,0.92574257,0.594133937144909,0.585893312313032,0.0822047,0.837085,0.028541536280802495,0.10447594844366787, ,,,brown,0.48064539237368,False,True,True
SmoothMuscleCells,Myocytes,C1qa,Cd93,0.12123446,1.0,0.014302059,-0.5048308970182627,-1.0423923942824893,0.0013466019,0.3897414,1.0,0.10506909070751747, ,lightcyan,0.307147451351826,tan,0.291337625930732,True,True,True
EndothelialCells,Leukocytes,Ybx1,Notch1,1.1645079,0.004,0.76455736,0.23486595405129318,0.0286673655860476,0.02114355,0.82361686,1.0,0.10513781632941918, ,yellow,0.31566495597398,turquoise,0.391504575553089,True,False,True
SmoothMuscleCells,SmoothMuscleCells,Adam15,Itgb1,0.98737603,0.931,0.76440805,0.016613139314245184,-0.1429965750547103,0.026515516,0.82360274,1.0,0.10527042085749225, ,lightcyan,0.35510465639107,,,True,False,True
EndocardialCells,Leukocytes,Hspg2,Lrp1,0.97466296,0.0,0.93551105,0.128711799124551,0.038109722953107106,0.06117937,0.8377995,0.3048007059726507,0.1062007545621127, ,brown,0.437670232192996,turquoise,0.663780405167675,True,False,True
Myocytes,Myocytes,Nppa,Npr2,1.2544581,0.0,0.759723,0.6820502826398216,0.8566539098735253,0.07505676,0.8231557,0.028541536280802495,0.10646724223642184, ,brown,0.916636044825977,orange,0.538241034124533,True,True,True
SmoothMuscleCells,EndocardialCells,Angpt2,Tek,1.0122199,0.0,0.75707084,0.696496267858241,0.786491787307271,0.15230246,0.822901,0.02443535764151131,0.10740237366327365, ,brown,0.33277543675192,turquoise,0.750401575324424,True,False,True
Leukocytes,Fibroblasts,Pros1,Axl,0.9725539,0.0,0.7965262,0.40993017551163546,0.7078353098236486,0.0703407,0.8265726,0.028541536280802495,0.10807258235309247, ,turquoise,0.606944874317778,brown,0.528957135069456,False,True,True
Leukocytes,EndocardialCells,Col4a2,Cd44,0.121485725,1.0,0.014551001,-0.5853239058823483,-0.8624254149107855,0.0023925274,0.39179546,1.0,0.10896070539539768, ,brown,0.55242115377533,yellow,0.212459882063522,True,True,True
Fibroblasts,EndocardialCells,Lamc1,Itga9_Itgb1,0.971063,0.0,0.8158199,0.5864919430352229,0.9345023920479305,0.121439874,0.8282814,0.028541536280802495,0.10968884446191096, ,brown,0.533218968575482,,,True,False,True
EndothelialCells,SmoothMuscleCells,Lpl,Sdc1,1.0366302,0.0,0.7509846,0.7249136138250838,0.8662509866334704,0.1302998,0.8223121,0.022419852619272814,0.10968884446191096, ,brown,0.487721034349969,purple,0.260770464928019,True,False,True
Myocytes,Myocytes,Trf,Hfe,0.13106963,1.0,0.014574592,-0.5297791482675447,-0.8968061304694215,0.0016551779,0.3919885,1.0,0.11090520419448571, ,green,0.235164451991836,tan,0.587981482316645,False,True,True
Myocytes,Fibroblasts,Nppa,Npr2,1.2512394,0.0,0.74583966,0.6773759347833387,0.9085732804427251,0.073685154,0.8218093,0.028541536280802495,0.11186076782200484, ,brown,0.916636044825977,turquoise,0.740003151686405,True,False,True
Leukocytes,Myocytes,Timp3,Kdr,0.13172153,1.0,0.014799512,-1.0753357895910929,-1.5008452232932248,0.00087476574,0.39381495,1.0,0.11220105221379231, ,lightcyan,0.542032628399973,grey60,0.666182864454782,True,False,True
Fibroblasts,EndocardialCells,Pgf,Nrp1,1.0318253,0.0,0.74280727,0.43384542930777814,0.5750054643593088,0.0778521,0.8215108,0.028541536280802495,0.11309094465448721, ,turquoise,0.544896813152756,brown,0.550721740569223,False,True,True
EndocardialCells,Myocytes,C1qa,Cd93,0.12410021,1.0,0.014882896,-0.5006221841148625,-1.0525656277272397,0.0014012903,0.3944858,1.0,0.11414410578544326, ,blue,0.599536949839547,tan,0.291337625930732,False,True,True
Myocytes,EndocardialCells,Gnai2,Cav1,0.9649175,1.0,0.7574739,-0.6285717607966002,-0.5013061298261171,0.017134067,0.82293975,1.0,0.11474066962377134, ,tan,0.462915726534463,,,True,False,True
Fibroblasts,Fibroblasts,Rarres2,Cmklr1,0.96375513,0.0,0.74920857,0.6909662517342103,1.251533626677455,0.19676918,0.8221391,0.010262405965260046,0.11543124925843334, ,brown,0.607010321637212,brown,0.650459053776178,True,True,True
EndocardialCells,SmoothMuscleCells,Tgfb1,Cav1,0.96328676,0.0,0.8008683,0.29181559162899595,0.16572243746707793,0.04653652,0.8269619,0.13442642406031044,0.11570801159768879, ,royalblue,0.813694457415225,midnightblue,0.401042124167732,False,True,True
EndocardialCells,EndothelialCells,Agrn,Itgb1,0.9626614,0.0,0.77980167,0.3872172160286553,0.4764648434671112,0.0644506,0.8250463,0.030188000004616924,0.11626242149650343, ,brown,0.356244589967685,,,True,False,True
EndothelialCells,SmoothMuscleCells,Fam3c,Lamp1,0.96209425,1.0,0.8183675,-0.17968649000346665,-0.03889998511511583,0.03086085,0.82850295,1.0,0.1168180295245721, ,,,yellow,0.307810456078744,False,True,True
SmoothMuscleCells,Myocytes,Ngf,Sort1,0.9618089,0.0,0.8652293,1.1164889282945474,1.1642464360933662,0.19767061,0.8324228,0.00214126848426694,0.11709627552382924, ,turquoise,0.436097335929085,midnightblue,0.356528030180206,False,True,True
EndothelialCells,EndocardialCells,Sema3f,Nrp1,1.028663,0.0,0.7326935,0.49620100033786707,0.7080631446771158,0.09011627,0.8205035,0.028541536280802495,0.11723551774647813, ,,,brown,0.550721740569223,False,True,True
SmoothMuscleCells,EndothelialCells,Fbn1,Itgb1,0.9610896,0.0,0.77557063,0.13103105491753428,0.11653535372293244,0.04565104,0.8246533,0.18512451731617258,0.11779322026177627, ,brown,0.365133974520333,,,True,False,True
Myocytes,Myocytes,Serping1,Lrp1,0.12321841,1.0,0.015074929,-0.8028271464434479,-1.2153863806280834,0.0014499727,0.39601803,1.0,0.1180275814519848, ,orange,0.451739080233389,,,True,False,True
SmoothMuscleCells,Myocytes,Mfge8,Itgb5,1.0730755,0.0,0.72526854,0.3440598415027821,0.14647346439962572,0.034392167,0.8197523,0.3034323547943256,0.12031767059305665, ,lightcyan,0.510462651252352,tan,0.521580300356519,True,True,True
Fibroblasts,Fibroblasts,Dcn,Egfr,1.0179852,0.0,0.7238894,0.7842476967043035,1.3093760977474744,0.30047122,0.81961155,0.004623316543985743,0.12088193733234322, ,brown,0.903983883600682,,,True,False,True
EndothelialCells,Fibroblasts,Tgfb1,Itgb5,0.95651376,0.0,0.8577635,0.48887243278291326,0.7509630947862616,0.080428444,0.83181745,0.028541536280802495,0.12258187671278181, ,brown,0.518107180491385,turquoise,0.646285311150696,True,False,True
SmoothMuscleCells,EndocardialCells,Efnb2,Pecam1,1.0546161,0.0,0.7198812,0.5974566840371325,0.5100785610933058,0.08052171,0.81920075,0.028541536280802495,0.12286623267602527, ,,,brown,0.774210329710027,False,True,True
Leukocytes,EndocardialCells,Apoe,Abca1,1.0162585,0.0,0.7177223,0.45087918482675265,0.4234909651830621,0.054365754,0.81897825,0.05830152331978372,0.12486508597853684, ,turquoise,0.846073130030222,lightcyan,0.751980973473931,False,True,True
Fibroblasts,Fibroblasts,Igfbp4,Lrp6,1.0216156,0.0,0.7172766,0.4755723340100322,0.6742560776089335,0.060342275,0.8189322,0.03911134680637171,0.12500841978350916, ,brown,0.620073925457339,turquoise,0.505701638095615,True,False,True
EndothelialCells,Myocytes,Col4a1,Cd47,0.95610785,0.995,0.7150456,-0.12362919512812992,0.005089860420605219,0.02944753,0.8187011,1.0,0.12586994683941974, ,blue,0.533828563580012,orange,0.66133460139945,False,True,True
Myocytes,EndothelialCells,Nppa,Npr2,1.2439165,0.0,0.7142541,0.6667413172796052,0.98882844433802,0.07056466,0.81861883,0.028541536280802495,0.12658992803968672, ,brown,0.916636044825977,,,True,False,True
Fibroblasts,Myocytes,Lamc1,Dag1,0.9514395,0.0,0.7637142,0.5083979951858454,0.7497512871380128,0.09694447,0.82353675,0.028541536280802495,0.12731175489173135, ,brown,0.533218968575482,,,True,False,True
Myocytes,Myocytes,App,Gpc1,1.0206707,0.0,0.71330595,0.8557510502900633,0.713584281511915,0.058015876,0.81852025,0.04549251724703749,0.12760099324846733, ,greenyellow,0.498943422270878,brown,0.486264962491867,False,True,True
Myocytes,Myocytes,C1qa,Cd93,0.12928206,1.0,0.015933169,-0.4930118733938485,-1.0139294119631925,0.0015001781,0.4026586,1.0,0.1296571096055914, ,brown,0.782349278403491,tan,0.291337625930732,True,True,True
EndothelialCells,EndothelialCells,Efnb2,Ephb4,0.9491604,0.0,0.8524299,0.5979612442670896,1.327327069993989,0.11760318,0.83138067,0.028541536280802495,0.1300714796645826, ,,,brown,0.754425953629236,False,True,True
EndothelialCells,Fibroblasts,Hspg2,Ptprs,0.9612237,0.0,0.70805204,0.4603047918278429,0.7770252123799721,0.09348798,0.8179705,0.028541536280802495,0.13036352951750485, ,brown,0.70755077011452,,,True,False,True
SmoothMuscleCells,Fibroblasts,Gas6,Axl,0.94825304,0.0,0.73047686,0.03933117015697757,0.33470167652317173,0.036877904,0.82028025,0.3469137929148121,0.13080212562339422, ,purple,0.246060441720866,brown,0.528957135069456,False,True,True
Myocytes,SmoothMuscleCells,Fndc5,Itgav,1.1107768,0.0,0.7075588,1.6512992297760332,1.5260213637644036,0.18788937,0.8179186,0.002493367578908648,0.13080212562339422, ,brown,0.866327263435725,blue,0.303344082519337,True,False,True
SmoothMuscleCells,Leukocytes,Vtn,Cd47,0.94788086,0.0,0.896607,1.2888429329495823,0.9531733856636522,0.16930334,0.83489263,0.006155138641016261,0.13124141189377858, ,brown,0.715989746853182,,,True,False,True
SmoothMuscleCells,EndocardialCells,Vegfb,Nrp1,1.0204935,0.0,0.70656514,0.388622975035805,0.3406549730616058,0.036751635,0.81781393,0.24356570734037267,0.13138798740060573, ,,,brown,0.550721740569223,False,True,True
Myocytes,Myocytes,Psap,Sort1,0.9477291,0.0,0.845034,0.31553122174213327,0.35457325463951106,0.052914776,0.830769,0.0654468500449369,0.1315346362582976, ,black,0.845409755553706,midnightblue,0.356528030180206,False,True,True
SmoothMuscleCells,Leukocytes,Rarres2,Cmklr1,0.94717634,0.0,0.77332646,0.6708143292312756,0.7379581388533032,0.20310341,0.8244437,0.028541536280802495,0.13241603926883505, ,brown,0.32876448056304,brown,0.708625313340797,True,True,True
SmoothMuscleCells,EndothelialCells,Pdgfb,S1pr1,1.014285,0.0,0.7023719,0.49747638745305406,0.7303415971780427,0.07671478,0.8173701,0.028541536280802495,0.1328577446388267, ,darkorange,0.329367356438579,brown,0.500963498873593,True,True,True
EndocardialCells,EndothelialCells,Sema3f,Nrp1,1.0755241,0.0,0.70130867,0.5587383744321,0.6859713818052233,0.08625615,0.817257,0.028541536280802495,0.13389092219450657, ,,,brown,0.648185002416343,False,True,True
Fibroblasts,Myocytes,Vegfa,Flt1_Kdr,0.14280012,1.0,0.016344894,-0.25857780145387865,-0.5125852844019909,0.0043614763,0.40573055,1.0,0.13417123799995712, ,yellow,0.272486789574581,,,True,False,True
EndocardialCells,SmoothMuscleCells,Calr,Lrp1,0.9449476,0.999,0.77188575,-0.07698053515725668,-0.18722780073483491,0.03381316,0.82430875,1.0,0.13492768166542063, ,black,0.618803721121436,brown,0.561942294262648,False,True,True
SmoothMuscleCells,Myocytes,Jam3,Itgb1,0.9444024,0.0,0.8628126,-0.01564285776314317,0.1092624685438196,0.041383233,0.8322276,0.5603403883436874,0.1352245644280154, ,lightcyan,0.378192586111084,greenyellow,0.433544316700636,True,False,True
EndocardialCells,Myocytes,Tnxb,Itga9_Itgb1,0.12840497,1.0,0.016474498,-0.3967325514155582,-0.7505811176663555,0.0048071495,0.40668306,1.0,0.135460119106025, ,lightcyan,0.362077206073838,,,True,False,True
EndothelialCells,SmoothMuscleCells,Lamc1,Itga7_Itgb1,0.964621,0.884,0.6985922,0.04128056869299804,-0.18710893577157006,0.028507205,0.816967,1.0,0.135521709084982, ,brown,0.425314090034099,,,True,False,True
Fibroblasts,Myocytes,Lgals3,Mcam,0.1492119,1.0,0.016489737,-0.2979704505193478,-0.6334267042193087,0.002271618,0.4067946,1.0,0.13610441471799153, ,,,brown,0.675177279471707,False,True,True
Leukocytes,EndothelialCells,Tgfb1,Acvrl1,0.94344425,0.0,0.8829535,0.49473136552788055,0.6569719715411568,0.09532708,0.8338323,0.028541536280802495,0.13611693356983112, ,brown,0.780749588439731,,,True,False,True
Leukocytes,EndocardialCells,Pf4,Procr,1.0603793,0.0,0.69579995,1.3995598849118314,1.705916428947746,0.3533155,0.8166674,4.651505862272144e-05,0.13611693356983112, ,turquoise,0.841618051106534,midnightblue,0.267047127373559,False,True,True
SmoothMuscleCells,Fibroblasts,Tgfb3,Itgb5,0.9427783,0.0,0.8249197,0.5242050466228839,0.7943070983805819,0.11547789,0.8290688,0.028541536280802495,0.1373108500177228, ,brown,0.511531512491637,turquoise,0.646285311150696,True,False,True
EndothelialCells,SmoothMuscleCells,Hspg2,Dag1,0.9560994,0.0,0.6934387,0.36000913173240423,0.5480649751359457,0.064272925,0.8164128,0.0306137118955635,0.13761006464720055, ,brown,0.70755077011452,,,True,False,True
Fibroblasts,Leukocytes,Hspg2,Lrp1,0.94223773,0.0,0.88010114,0.08704984312409278,-0.01973939295885907,0.057555743,0.8336081,0.4297099377836745,0.13761006464720055, ,brown,0.485029372814491,turquoise,0.663780405167675,True,False,True
EndocardialCells,EndocardialCells,Nppa,Npr1,0.94108737,0.0,0.8732534,0.3046268921796994,0.2592638186128564,0.055821124,0.8330656,0.07056231408789657,0.13896009920832303, ,brown,0.695639542145225,turquoise,0.737674978374714,True,False,True
SmoothMuscleCells,Leukocytes,Rarres2,Ccrl2,0.94069445,0.0,0.75648576,0.6889086551160021,0.7739125508899114,0.12771612,0.8228447,0.02684368239950117,0.13911046965733564, ,brown,0.32876448056304,turquoise,0.724698430769641,True,False,True
EndocardialCells,EndocardialCells,Col4a2,Cd93,0.97687304,0.0,0.68993735,0.18266166237662784,0.018510216196077067,0.03758911,0.81603307,0.34334054244388007,0.13926088233451714, ,,,lightcyan,0.582187985085655,False,True,True
Myocytes,EndocardialCells,Apoa1,Abca1,0.2457038,0.0,0.016583337,0.12984182184926546,0.0772089653820951,0.049678646,0.40747777,0.24039554069198557,0.13932445177728472, ,midnightblue,0.255182682496265,lightcyan,0.751980973473931,True,True,True
SmoothMuscleCells,EndothelialCells,Vtn,Cd47,0.9406524,0.0,0.88352895,1.2767970800940505,0.9473683129710835,0.16683386,0.8338775,0.006448067686361211,0.1394113979491083, ,brown,0.715989746853182,,,True,False,True
EndothelialCells,Fibroblasts,Hspg2,Dag1,0.95446604,0.0,0.6887809,0.3575851441200231,0.5478710588676163,0.0638412,0.8159071,0.031791923050804034,0.13956198613207893, ,brown,0.70755077011452,pink,0.439064216849562,True,False,True
Leukocytes,Leukocytes,Tgfb1,Itgb1,0.9398,0.0,0.8766929,0.13029073224143692,0.1903468142199381,0.041723944,0.83333874,0.15736840474659175,0.14001418594635867, ,brown,0.780749588439731,,,True,False,True
EndocardialCells,EndocardialCells,Vwf,Sirpa,1.1522475,0.0,0.68750256,1.3019547372192004,1.2616881632199946,0.12898095,0.8157676,0.018192982824421874,0.1404670078681025, ,brown,0.691096517422782,,,True,False,True
EndocardialCells,SmoothMuscleCells,Tfpi,Lrp1,0.93901664,0.0,0.7648037,0.40450259356656904,0.4064073007697435,0.0662287,0.8236403,0.028541536280802495,0.141071825489909, ,brown,0.667671842240135,brown,0.561942294262648,True,True,True
EndocardialCells,EndocardialCells,Apoe,Abca1,0.9809595,0.0,0.6856032,0.3877270239011219,0.25710266581014346,0.05193281,0.8155596,0.07153943779597782,0.1419811932699108, ,,,lightcyan,0.751980973473931,False,True,True
EndocardialCells,EndocardialCells,Agrn,Itgb1,0.9381659,0.0,0.75141793,0.34460604322608385,0.3536221588245642,0.062104687,0.8223542,0.036012179811482276,0.14213301286904295, ,brown,0.356244589967685,pink,0.572507776572743,True,False,True
Leukocytes,SmoothMuscleCells,Col1a2,Flt4,0.14744344,1.0,0.01671708,-0.4098463028427241,-0.6425708772361229,0.004704455,0.4084478,1.0,0.14254206617279608, ,,,tan,0.230468949826405,False,True,True
Myocytes,Leukocytes,Lgals1,Ptprc,0.9376498,0.0,0.8626708,0.942814390450089,0.7180643399299678,0.13837855,0.8322161,0.028541536280802495,0.14289319518813637, ,,,midnightblue,0.581184418882173,False,True,True
EndothelialCells,SmoothMuscleCells,App,Tspan15,0.9757713,0.0,0.6826743,0.3359689033804191,0.35104594497034686,0.07599513,0.81523734,0.036742750229567106,0.14289319518813637, ,black,0.617473609490099,lightcyan,0.545464577373123,False,True,True
Leukocytes,Fibroblasts,Col4a2,Itga1_Itgb1,0.12987009,1.0,0.016829876,-0.6402857994945359,-1.225040575268157,0.0020091624,0.40926045,1.0,0.14318529938711003, ,brown,0.55242115377533,,,True,False,True
EndothelialCells,Leukocytes,Col4a1,Cd93,0.9440709,0.0,0.68128633,0.14661559091797596,0.11033667561420135,0.03302225,0.81508404,0.342404818950143,0.1435026105838901, ,blue,0.533828563580012,brown,0.634483899866545,False,True,True
SmoothMuscleCells,EndothelialCells,Adam15,Itgb1,0.93726313,1.0,0.71143174,-0.07055733802627626,-0.12228434966889501,0.024677891,0.81832474,1.0,0.14365515259186884, ,lightcyan,0.35510465639107,,,True,False,True
EndothelialCells,Leukocytes,Mmrn2,Cd93,0.94360065,0.0,0.68082947,0.2931380562270913,0.49281515609400617,0.040279288,0.81503356,0.17644087078083726,0.1442660112543369, ,turquoise,0.746193022863879,brown,0.634483899866545,False,True,True
SmoothMuscleCells,EndocardialCells,Fbn1,Itgb1,0.9365941,0.004,0.747341,0.08841988211496288,-0.006307330919614551,0.043989405,0.82195646,0.5168050422286051,0.14441891391607886, ,brown,0.365133974520333,pink,0.572507776572743,True,False,True
Leukocytes,EndocardialCells,Fn1,Cd44,0.13229224,1.0,0.01686513,-0.21998838338036664,-0.256935670111636,0.0068008187,0.40951344,1.0,0.14447147620890866, ,,,yellow,0.212459882063522,False,True,True
EndothelialCells,Leukocytes,Col4a2,Cd93,0.9432262,0.0,0.68046564,0.20197587855700053,0.2547070750497257,0.037073072,0.81499326,0.23555718812012694,0.1445718886680139, ,yellow,0.155737396507289,brown,0.634483899866545,True,True,True
Myocytes,SmoothMuscleCells,Ntn1,Mcam,1.0689908,0.0,0.68012935,0.6853246063579573,0.6617746699631404,0.06625649,0.81495595,0.028541536280802495,0.14487805438449997, ,brown,0.721197217912499,brown,0.653447636634818,True,True,True
Leukocytes,Leukocytes,Lyz1,Itgal,0.93626547,0.0,0.7005187,1.719649563351806,1.7413379822148856,0.8005722,0.81717277,1.127442461044465e-06,0.14503124532006922, ,brown,0.600627580729136,,,True,False,True
SmoothMuscleCells,Fibroblasts,Serpine1,Plaur,0.13394077,0.929,0.016872674,-0.022976919776517918,-0.10939775248288736,0.033268504,0.4095675,1.0,0.14511441983088308, ,darkorange,0.42575759209786,black,0.648933178564793,True,False,True
Myocytes,Fibroblasts,Fgf13,Fgfr1,0.93561363,0.0,0.8423413,1.1864633410222445,1.3736144097639669,0.31168455,0.8305445,0.00012764233607585936,0.14518450828786827, ,tan,0.510793532992465,,,True,False,True
Myocytes,EndocardialCells,Adm,Ramp2,1.021354,0.0,0.678999,0.49108533715373615,0.37559904435434543,0.09806505,0.8148305,0.03027884784013543,0.14533784327340613, ,brown,0.433939583997392,turquoise,0.555959204904535,True,False,True
Leukocytes,SmoothMuscleCells,Hsp90b1,Lrp1,0.9351926,0.99,0.76023746,-0.050577934994217755,-0.1578397720960384,0.033847556,0.823205,1.0,0.14610556693460672, ,,,brown,0.561942294262648,False,True,True
Fibroblasts,SmoothMuscleCells,Tnxb,Itga8_Itgb1,0.9348631,0.0,0.774336,1.1580355691438606,1.659959178514911,0.53854775,0.8245381,0.00016098763476116021,0.14702921491582754, ,brown,0.534296365095982,,,True,False,True
Leukocytes,Myocytes,Col4a2,Itga9_Itgb1,0.13032643,1.0,0.016953912,-0.5993723748936877,-0.983295294037384,0.0021479113,0.41014838,1.0,0.1470426716280452, ,brown,0.55242115377533,,,True,False,True
EndocardialCells,SmoothMuscleCells,App,Lrp1,0.93476015,1.0,0.7597211,-0.09238236655201745,-0.19872218765932792,0.036185645,0.8231555,1.0,0.14733768282343615, ,,,brown,0.561942294262648,False,True,True
EndothelialCells,Leukocytes,Adam10,Trem2,0.93470216,0.0,0.8158224,1.0394003605984463,1.2385313042804613,0.18096235,0.8282815,0.0034632679600660418,0.14749202450679513, ,yellow,0.336816268854491,turquoise,0.7203137021718,True,False,True
EndothelialCells,Leukocytes,Gnai2,S1pr1,1.0324447,0.998,0.67487186,0.06527215023786143,-0.13088271927298128,0.022207666,0.81437016,1.0,0.14795544910182332, ,black,0.730197986867085,lightcyan,0.295561659818741,False,True,True
Fibroblasts,SmoothMuscleCells,Ltbp1,Itgb5,0.9344542,0.0,0.85627055,0.37757039630609845,0.6566733318471203,0.08208574,0.8316955,0.028541536280802495,0.14795544910182332, ,,,brown,0.48064539237368,False,True,True
EndocardialCells,Myocytes,Hspg2,Itgb1,0.9343817,1.0,0.8473033,-0.30717883113578615,-0.29002822735176237,0.02524629,0.8309575,1.0,0.148264778411168, ,brown,0.437670232192996,greenyellow,0.433544316700636,True,False,True
SmoothMuscleCells,Myocytes,Psap,Sort1,0.9343641,0.0,0.82586396,0.28854917415703857,0.3225731921445313,0.051714376,0.82914984,0.07148168065870743,0.14841955066498175, ,black,0.884290451398292,midnightblue,0.356528030180206,False,True,True
Leukocytes,Leukocytes,F13a1,Itga4,0.9340739,0.0,0.7185675,1.5938510511212378,1.7955562991608,0.71251345,0.81906545,3.0428676543717597e-06,0.14872931029843794, ,turquoise,0.662635057844452,midnightblue,0.644281789489508,False,True,True
Myocytes,SmoothMuscleCells,Gnai2,Cav1,0.9340029,1.0,0.7235745,-0.6647273924939502,-0.5021003368608533,0.016367264,0.8195794,1.0,0.1488842976490986, ,tan,0.462915726534463,midnightblue,0.401042124167732,True,True,True
Leukocytes,EndothelialCells,Alcam,Nrp1,1.0671949,0.0,0.67215025,0.6559838064670749,0.81135680805031,0.14344212,0.81406444,0.020123205913783963,0.15043807918220814, ,,,brown,0.648185002416343,False,True,True
EndocardialCells,EndocardialCells,Ntn1,Mcam,0.9329834,0.0,0.8637917,0.5772547630017899,0.6298009746869914,0.084148414,0.83230674,0.028541536280802495,0.15043807918220814, ,brown,0.425522037629137,blue,0.63829955562001,True,False,True
Myocytes,Myocytes,C1qb,Lrp1,0.13083857,1.0,0.017111091,-0.5318798751386176,-0.9437711461787746,0.0023131003,0.41126513,1.0,0.15089657006498342, ,brown,0.759344460789136,,,True,False,True
SmoothMuscleCells,EndocardialCells,Tgfb1,Eng,1.1369147,0.0,0.6711977,0.39643370412784396,0.2814185835226584,0.037430856,0.81395715,0.2266482385434562,0.15121763718451858, ,brown,0.732384831866489,brown,0.973204830554305,True,True,True
Fibroblasts,EndocardialCells,Tnxb,Itga9_Itgb1,0.9325006,0.0,0.7684275,0.7215157700752987,1.2601833320932847,0.22422206,0.8239834,0.007731403673592943,0.1515299732274333, ,brown,0.534296365095982,,,True,False,True
EndothelialCells,SmoothMuscleCells,Hspg2,Sdc1,0.94681466,0.0,0.66696113,0.6407541044643099,0.7436287585847665,0.13690238,0.8134773,0.028541536280802495,0.15356705269207122, ,brown,0.70755077011452,purple,0.260770464928019,True,False,True
Myocytes,SmoothMuscleCells,Col1a2,Flt4,0.14867032,1.0,0.017252758,-0.4080291195767914,-0.6081809420180984,0.004855204,0.41226366,1.0,0.15474699626281788, ,,,tan,0.230468949826405,False,True,True
SmoothMuscleCells,Fibroblasts,Pros1,Axl,0.9298443,0.0,0.68044215,0.35242460613294085,0.6246644950921318,0.060089394,0.8149906,0.03988846160145762,0.15482663281942521, ,lightcyan,0.293353642967409,brown,0.528957135069456,True,True,True
SmoothMuscleCells,SmoothMuscleCells,Mfge8,Itgav,1.0556337,0.0,0.6650617,0.5979735072595174,0.5150362495522365,0.060762357,0.8132608,0.03791317729540172,0.15498440448933304, ,lightcyan,0.510462651252352,blue,0.303344082519337,True,False,True
EndocardialCells,Fibroblasts,Igfbp4,Lrp6,0.9633925,0.0,0.6648429,0.39723419816920297,0.3236443000686166,0.055931192,0.8132358,0.05203036253999891,0.15514224726407969, ,brown,0.565703353366091,turquoise,0.505701638095615,True,False,True
EndothelialCells,SmoothMuscleCells,Pdgfb,Lrp1,0.9293297,0.0,0.7532367,0.3358820678215415,0.83138086194603,0.10166163,0.82253075,0.028541536280802495,0.15530016112917425, ,cyan,0.464137268387394,brown,0.561942294262648,False,True,True
Leukocytes,EndothelialCells,Icam1,Cav1,1.1214672,0.0,0.66465753,0.4815042676306409,0.7941172453998195,0.049081188,0.81321466,0.0875164395100274,0.1556161701669906, ,,,brown,0.884758647437185,False,True,True
Myocytes,Myocytes,App,Rpsa,0.9657445,1.0,0.6641411,-1.0710650987378698,-0.7177758791766559,0.010457326,0.81315553,1.0,0.15609076435423141, ,greenyellow,0.498943422270878,tan,0.206618269537133,False,True,True
EndocardialCells,Leukocytes,Dcn,Tlr2,0.9284291,0.0,0.85181695,0.7486208777955503,0.7663172049862947,0.19183132,0.8313303,0.028541536280802495,0.1562491044427778, ,brown,0.508954513143233,turquoise,0.62716224803749,True,False,True
SmoothMuscleCells,EndothelialCells,Gpc3,Cd81,1.0723263,0.0,0.66390175,0.5141131693344723,0.44690775424823503,0.11777182,0.8131282,0.028541536280802495,0.1562491044427778, ,yellow,0.626181888304277,black,0.944620863486086,True,False,True
Myocytes,Myocytes,Psen1,Notch1,0.14469214,1.0,0.01739591,-0.446096578401446,-0.7423375970973782,0.0026442343,0.41326514,1.0,0.15667090776110032, ,tan,0.493293969025575,green,0.340818001122301,True,False,True
EndocardialCells,Leukocytes,Tfpi,Sdc4,0.9271525,0.0,0.73440784,0.6117795442068235,0.7068438964722028,0.08867348,0.8206755,0.028541536280802495,0.1570418373950388, ,brown,0.667671842240135,,,True,False,True
Leukocytes,Leukocytes,Gnai2,S1pr1,1.0180402,1.0,0.663144,0.03584466564597605,-0.21480159617487876,0.021821745,0.8130414,1.0,0.1570418373950388, ,turquoise,0.515281533766225,lightcyan,0.295561659818741,False,True,True
SmoothMuscleCells,EndocardialCells,Vtn,Cd47,0.9269794,0.0,0.8587911,1.254009484411117,0.9153948789413703,0.16216269,0.8319012,0.008266048334161523,0.15720060318540147, ,brown,0.715989746853182,black,0.80126067900723,True,False,True
Fibroblasts,SmoothMuscleCells,Fam3c,Lamp1,0.9263542,1.0,0.7261871,-0.23079196513346345,-0.2098211098691164,0.027384704,0.8198457,1.0,0.1578363752216712, ,cyan,0.433415911390062,yellow,0.307810456078744,False,True,True
SmoothMuscleCells,Myocytes,Ntn1,Unc5b,0.1440959,1.0,0.017433638,-0.41471510431564723,-0.8459251296651086,0.0033039155,0.41352782,1.0,0.15795303348513548, ,tan,0.0269384866982683,,,True,False,True
EndothelialCells,EndocardialCells,Fn1,Cd44,0.13522099,1.0,0.0174923,-0.21432502602308887,-0.3233989858128071,0.007053723,0.4139352,1.0,0.15859395178644178, ,,,yellow,0.212459882063522,False,True,True
EndothelialCells,EndocardialCells,Timp2,Cd44,0.13537955,1.0,0.017526254,-0.6091812594687406,-0.9231013160272479,0.002667569,0.4141704,1.0,0.15923477372360034, ,,,yellow,0.212459882063522,False,True,True
SmoothMuscleCells,EndothelialCells,Tgfb1,Cav1,1.1200961,0.0,0.65947044,0.42688443948031995,0.7097350680056782,0.038320236,0.8126188,0.20868663631273904,0.15959052563671347, ,brown,0.732384831866489,brown,0.884758647437185,True,True,True
SmoothMuscleCells,Myocytes,Col1a1,Ddr2,0.15165918,1.0,0.017543597,-0.4932129867537325,-0.7894506678432569,0.005785806,0.41429043,1.0,0.1605161285344539, ,brown,0.614930628804247,black,0.465441468762802,True,False,True
SmoothMuscleCells,Fibroblasts,Tfpi,Lrp1,0.9559567,0.0,0.6555685,0.4532120165893519,0.7666792452977496,0.05676941,0.81216663,0.049004612621796756,0.16135326068234435, ,brown,0.39820117315939,,,True,False,True
EndothelialCells,SmoothMuscleCells,Col4a2,Sdc1,0.9341887,0.0,0.65514934,0.7267532633301138,0.8985975897306817,0.15674816,0.8121178,0.009382572136326615,0.16167468122236248, ,yellow,0.155737396507289,purple,0.260770464928019,True,False,True
Fibroblasts,Leukocytes,Col1a2,Cd93,0.923857,0.0,0.66164523,0.41437330970817543,0.589065726831394,0.0611977,0.8128693,0.0368129034320018,0.16215730822708985, ,,,brown,0.634483899866545,False,True,True
Myocytes,EndocardialCells,Bmp10,Eng,1.1320188,0.0,0.65234685,1.2767164815401988,1.070570076529361,0.30818108,0.8117905,0.0022420900504933985,0.16377071766939952, ,green,0.130693784386139,brown,0.973204830554305,False,True,True
SmoothMuscleCells,EndothelialCells,Angpt2,Tie1,0.92139894,0.0,0.66715837,0.62889031911887,1.1295180238347415,0.14597479,0.8134997,0.0181654693916715,0.16506650133128864, ,brown,0.33277543675192,royalblue,0.739670400010914,True,False,True
EndocardialCells,Fibroblasts,Vwf,Itga9,1.1429693,0.0,0.65127355,1.2964130987313194,1.2916347231332483,0.12954174,0.8116647,0.015306822827308619,0.16539115761418777, ,brown,0.691096517422782,turquoise,0.571348483989296,True,False,True
SmoothMuscleCells,Myocytes,C1qb,Lrp1,0.13396779,1.0,0.017947236,-0.5272521712831351,-0.9475543374169687,0.0024261314,0.41705292,1.0,0.16563771080187073, ,brown,0.693026240051891,,,True,False,True
EndocardialCells,Myocytes,Col18a1,Gpc1,1.0010448,0.0,0.6507469,1.8866333049159518,1.5794221952596386,0.27038738,0.81160283,0.0003272965265745388,0.16587866822448713, ,pink,0.24452664031088,brown,0.486264962491867,False,True,True
Myocytes,Leukocytes,Mif,Cd44_Cd74,0.92001456,0.0,0.8457613,0.8082814800696546,0.7527188977139755,0.11483001,0.8308295,0.028541536280802495,0.16620399307419728, ,brown,0.584111510335633,,,True,False,True
SmoothMuscleCells,Fibroblasts,Pdgfb,Lrp1,0.9535713,0.0,0.6485834,0.4440910827358386,0.6488826585976218,0.08753695,0.81134814,0.028541536280802495,0.16718174778305844, ,darkorange,0.329367356438579,,,True,False,True
SmoothMuscleCells,Fibroblasts,Rarres2,Cmklr1,0.9194983,0.0,0.70141613,0.6299970726408811,0.7812681995252457,0.18421717,0.81726843,0.025780697476828367,0.16750819324393607, ,brown,0.32876448056304,brown,0.650459053776178,True,True,True
SmoothMuscleCells,Fibroblasts,Lama2,Rpsa,1.0759903,0.1,0.64742786,0.14488367948155945,0.08181897189774012,0.038163736,0.81121165,0.695879989753601,0.16799843560371, ,brown,0.472765180178635,black,0.767953600044462,True,False,True
SmoothMuscleCells,EndocardialCells,Angpt2,Tie1,0.91788906,0.0,0.6636836,0.6247598017870419,0.6935815720973413,0.1452145,0.8131032,0.028541536280802495,0.16881687156096517, ,brown,0.33277543675192,brown,0.559205266266903,True,True,True
Fibroblasts,SmoothMuscleCells,App,Lrp1,0.9176722,1.0,0.73931676,-0.12525108505623747,-0.24157881024193129,0.035213783,0.82116526,1.0,0.16914474825623463, ,black,0.764270466936223,brown,0.561942294262648,False,True,True
Myocytes,EndothelialCells,Adm,Ramp2,0.9815718,0.0,0.64574957,0.43350863352510904,0.4876104197637342,0.09326297,0.8110128,0.028541536280802495,0.16996566176015396, ,brown,0.433939583997392,blue,0.71545668742617,True,False,True
EndocardialCells,Myocytes,C1qb,Lrp1,0.13516065,1.0,0.018265978,-0.5254880552756196,-0.9586384689442706,0.0024692195,0.41919443,1.0,0.17075311470386503, ,brown,0.866130228347949,,,True,False,True
Myocytes,EndocardialCells,Efnb3,Ephb4,0.91640747,0.0,0.6722188,1.2990193451562746,1.2190724364799657,0.34817213,0.8140722,0.0005684386821731848,0.1711178367947896, ,grey60,0.787780544911158,brown,0.694780356205533,False,True,True
Leukocytes,EndocardialCells,Lamc1,Cd44,0.13885444,1.0,0.018270377,-0.49569063549602843,-0.7697694753950686,0.0035296537,0.41922376,1.0,0.1713921070963162, ,royalblue,0.309797438463601,yellow,0.212459882063522,False,True,True
EndocardialCells,EndocardialCells,Sema3f,Nrp1,0.99990374,0.0,0.64071274,0.4480937346681657,0.4034437992575613,0.07880327,0.81041193,0.028541536280802495,0.17194289928001946, ,,,brown,0.550721740569223,False,True,True
EndocardialCells,SmoothMuscleCells,Adm,Ramp3,0.13546762,1.0,0.018318893,-0.24793767839126757,-0.5533866236746343,0.011267611,0.41954663,1.0,0.1720310032695173, ,,,darkorange,0.533851006974031,False,True,True
Fibroblasts,EndocardialCells,Apoe,Abca1,0.9313181,0.0,0.6404338,0.29891361887484663,0.28594316455174024,0.048511337,0.81037855,0.09147985853810124,0.17210812723872837, ,,,lightcyan,0.751980973473931,False,True,True
EndocardialCells,SmoothMuscleCells,Adam10,Tspan12,0.9151486,0.0,0.82519233,0.4450098502095688,0.424586316215378,0.073812395,0.82909214,0.028541536280802495,0.17260422846997303, ,lightgreen,0.158989074363781,lightcyan,0.443760185061965,False,True,True
SmoothMuscleCells,Fibroblasts,Pdgfa,Pdgfrb,0.9148234,0.0,0.82811,1.0639112526677035,1.304533090537615,0.15137547,0.82934207,0.009670163098483108,0.17359827424735164, ,yellow,0.344362768020494,turquoise,0.81642700330624,True,False,True
Fibroblasts,Myocytes,Tfpi,Vldlr,0.9145427,0.0,0.7000009,1.0096754408461446,0.9648143520365048,0.10402032,0.8171176,0.028541536280802495,0.1744285496982479, ,brown,0.474048497087387,blue,0.567065344401306,True,False,True
Leukocytes,EndocardialCells,Sema4a,Plxnd1,0.91388416,0.0,0.7971356,1.0931897780739792,1.147973485896296,0.29127878,0.8266274,0.0011192740881208374,0.1759274409366898, ,white,0.554356297859807,brown,0.690786340553526,False,True,True
SmoothMuscleCells,SmoothMuscleCells,Col4a2,Itgb5,0.91344976,0.0,0.8224819,0.16811149104597636,0.1439728911878675,0.05627829,0.828859,0.1539528236370085,0.17692980662222907, ,royalblue,0.467210828947921,brown,0.48064539237368,False,True,True
EndothelialCells,SmoothMuscleCells,Jam2,Itgav_Itgb1,1.0107884,0.0,0.63050085,0.5033382020482388,0.8516780806971457,0.082845755,0.80917466,0.028541536280802495,0.1777670411425567, ,brown,0.738558518201255,,,True,False,True
SmoothMuscleCells,EndocardialCells,Adam15,Itgb1,0.91276765,1.0,0.6855366,-0.11316851082884767,-0.245127034311442,0.02377965,0.8155523,1.0,0.17827017701452294, ,lightcyan,0.35510465639107,pink,0.572507776572743,True,False,True
Fibroblasts,Leukocytes,Bgn,Tlr4,0.99773633,0.0,0.62971777,0.6426096885419921,1.0329910265088058,0.10948624,0.8090787,0.028541536280802495,0.17860596866907574, ,brown,0.765417544462891,turquoise,0.445876497103553,True,False,True
SmoothMuscleCells,EndothelialCells,Tgfb1,Eng,1.0760843,0.0,0.62878186,0.3184914792799011,0.4271566717177265,0.035065442,0.8089637,0.28410435396003797,0.17911017364256604, ,brown,0.732384831866489,turquoise,0.922217361940542,True,False,True
SmoothMuscleCells,Fibroblasts,Agrn,Lrp1,0.9467491,0.0,0.6286054,0.6077129751761446,0.9470914291715495,0.114029795,0.808942,0.028541536280802495,0.1794466551169403, ,lightcyan,0.506165819314469,,,True,False,True
SmoothMuscleCells,Fibroblasts,Hspg2,Fgfr1,0.911955,0.0,0.7894709,0.16982963355908196,0.3648328504507584,0.058426134,0.825934,0.10025474698972947,0.1794466551169403, ,brown,0.289796805062604,,,True,False,True
SmoothMuscleCells,Fibroblasts,Gpc3,Cd81,1.0244247,0.0,0.6279562,0.40023829011488776,0.3888762805929288,0.11139531,0.8088622,0.028541536280802495,0.17995186026739168, ,yellow,0.626181888304277,black,0.684964249384503,True,False,True
Fibroblasts,Fibroblasts,Adam10,Axl,0.9116577,0.0,0.63101107,0.3466306848661864,0.5155721541437022,0.052419882,0.80923706,0.06763551979262086,0.17995186026739168, ,pink,0.666173092860001,brown,0.528957135069456,False,True,True
SmoothMuscleCells,Leukocytes,Hsp90b1,Lrp1,0.91113126,1.0,0.8269448,-0.14838925438083767,-0.1643048464553678,0.03681752,0.8292424,1.0,0.18096419808278055, ,yellow,0.537608497036761,turquoise,0.663780405167675,True,False,True
EndocardialCells,EndothelialCells,Nppa,Npr1,0.9109329,0.0,0.809784,0.2666672586844957,0.42464129428391834,0.05176396,0.8277526,0.0711934193837484,0.18130216046211897, ,brown,0.695639542145225,brown,0.492427679100596,True,True,True
EndocardialCells,Fibroblasts,Lum,Itgb1,0.910213,1.0,0.7930877,-0.08034568656094626,-0.1811862854526718,0.041094657,0.82626235,1.0,0.18265686183450472, ,brown,0.663673113122154,black,0.76802340300577,True,False,True
Myocytes,Fibroblasts,Sema3c,Nrp1_Plxna1,0.1418297,0.495,0.018792048,-0.004522476255902824,-0.009815634878047486,0.037290934,0.42265487,0.8860319427511387,0.1835146891545456, ,tan,0.524385254393888,,,True,False,True
Leukocytes,Myocytes,Pdgfb,Art1,1.104356,0.0,0.62186927,1.7461399129908894,1.319101330885199,0.13578486,0.8081081,0.011808393494478136,0.18401595696579595, ,turquoise,0.576475072819645,brown,0.769648469668736,False,True,True
SmoothMuscleCells,SmoothMuscleCells,Agrn,Itgb1,0.93775344,0.0,0.6208813,0.35668201546961337,0.30102480915619984,0.051315837,0.8079848,0.07364211054744607,0.18452676178569158, ,lightcyan,0.506165819314469,,,True,False,True
Fibroblasts,Myocytes,Igf1,Igf2r,0.9090524,0.0,0.74024296,0.45634268607071965,0.705932213767251,0.08973453,0.8212572,0.028541536280802495,0.18469716707141207, ,brown,0.689047425976755,red,0.336179197853113,True,False,True
Myocytes,Leukocytes,Fndc5,Itgav,1.0870976,0.0,0.6205985,1.6113514898902395,1.5032215652621317,0.1647974,0.8079494,0.002938964461324928,0.18520875932403658, ,brown,0.866327263435725,royalblue,0.339473872711851,True,False,True
Myocytes,Myocytes,Efnb3,Epha4,0.90849847,0.0,0.66419846,1.5912586016636547,1.6277910404115135,0.42967948,0.81316215,1.3725709790258392e-05,0.18572100192145247, ,grey60,0.787780544911158,brown,0.571232341148922,False,True,True
Fibroblasts,EndocardialCells,Col4a4,Cd93,0.9533556,0.0,0.61980754,0.6511704455216163,0.8374145894413896,0.16773653,0.80785054,0.016064584825231126,0.18606283898613482, ,,,lightcyan,0.582187985085655,False,True,True
Fibroblasts,Leukocytes,Dcn,Tlr4,0.984936,0.0,0.6196579,0.6984743624751673,1.1166047868126612,0.13798387,0.80783176,0.016233320207157866,0.18623386007492498, ,brown,0.903983883600682,turquoise,0.445876497103553,True,False,True
EndothelialCells,EndothelialCells,Adam10,Tspan12,0.90828526,0.0,0.7791456,0.40563722738555485,0.8356146196944572,0.06969357,0.8249856,0.028541536280802495,0.18623386007492498, ,yellow,0.336816268854491,,,True,False,True
Leukocytes,Fibroblasts,Efemp2,Aqp1,0.13823952,1.0,0.018866476,-0.5147074463393662,-1.0908877816239881,0.0030933074,0.42313716,1.0,0.186699075403357, ,turquoise,0.643633869750434,brown,0.52928950293395,False,True,True
EndothelialCells,Fibroblasts,Tgfb1,Itgb1,0.90790224,0.0,0.78801155,0.08864869346666261,0.1376113831350621,0.037503388,0.82580096,0.22527938702174238,0.18674729883008315, ,brown,0.518107180491385,black,0.76802340300577,True,False,True
EndothelialCells,SmoothMuscleCells,Gnai2,S1pr1,1.0156593,0.995,0.6192181,0.04471887295359528,-0.10234848021942922,0.020376297,0.8077766,1.0,0.18691859322472343, ,black,0.730197986867085,brown,0.496884663475412,False,True,True
Leukocytes,Myocytes,Col4a2,Itga3_Itgb1,0.13736784,1.0,0.018867772,-0.33350603099185727,-0.5746432454754602,0.00829875,0.42314556,1.0,0.1873356644880208, ,brown,0.55242115377533,,,True,False,True
Fibroblasts,SmoothMuscleCells,Lamc1,Dag1,0.9069802,0.0,0.6456629,0.4424195260521608,0.7581400564702221,0.081959255,0.81100255,0.028541536280802495,0.18794779325275743, ,brown,0.533218968575482,,,True,False,True
EndocardialCells,Fibroblasts,Vwf,Sirpa,1.1344315,0.0,0.6179359,1.2720423607285203,1.2153443729840512,0.11592969,0.8076157,0.025776679199188517,0.18794779325275743, ,brown,0.691096517422782,,,True,False,True
Myocytes,EndothelialCells,Angptl2,Tie1,0.9068508,0.0,0.6279426,0.4667772658057634,0.8254372443698309,0.07676163,0.80886054,0.028541536280802495,0.18829137105018406, ,tan,0.729352359511854,royalblue,0.739670400010914,True,False,True
SmoothMuscleCells,Leukocytes,Lama2,Rpsa,1.0326831,0.893,0.6161065,0.009090710126114121,-0.020811311264454235,0.036317445,0.80738527,1.0,0.18880730103261611, ,brown,0.472765180178635,,,True,False,True
Myocytes,Myocytes,Bgn,Ly96,0.1534544,1.0,0.019015335,-0.61182306848572,-0.9181708659551182,0.0022326538,0.4240967,1.0,0.1892448555422232, ,darkorange,0.218523360661584,tan,0.509725385310724,True,True,True
Leukocytes,EndocardialCells,Alcam,Nrp1,0.99157465,0.0,0.6140738,0.5453391667031406,0.5288292255026479,0.13104816,0.8071281,0.028541536280802495,0.19018607632686885, ,,,brown,0.550721740569223,False,True,True
Fibroblasts,Fibroblasts,Lamc1,Dag1,0.9053469,0.0,0.64132595,0.4399955384397797,0.7579461402018928,0.08140873,0.8104855,0.028541536280802495,0.19070425278684375, ,brown,0.533218968575482,pink,0.439064216849562,True,False,True
EndothelialCells,Leukocytes,Col4a2,Itga9_Itgb1,0.91909117,0.0,0.6128576,0.45700161031533937,0.7586727710169727,0.07764366,0.8069738,0.028541536280802495,0.1910500087519312, ,yellow,0.155737396507289,,,True,False,True
EndocardialCells,Fibroblasts,Mdk,Sdc2,0.91078806,0.0,0.6124941,0.6171302106052892,1.05047418353094,0.15477467,0.80692756,0.01962162941229796,0.19174240567594766, ,blue,0.553764207837376,brown,0.848057536799011,False,True,True
Leukocytes,SmoothMuscleCells,Fam3c,Lamp1,0.90479946,1.0,0.67059326,-0.2616129414852158,-0.20214449518693933,0.025288245,0.8138889,1.0,0.19208901152361577, ,turquoise,0.540948575203816,yellow,0.307810456078744,False,True,True
Leukocytes,SmoothMuscleCells,Bst1,Cav1,0.90455073,0.0,0.64583665,0.758706348199587,0.7324739490201572,0.17657706,0.8110231,0.028541536280802495,0.19243585379071176, ,,,midnightblue,0.401042124167732,False,True,True
Leukocytes,SmoothMuscleCells,App,Lrp1,0.9036917,1.0,0.72262293,-0.15214060301981008,-0.21868268070014962,0.034418654,0.8194821,1.0,0.19347811301520307, ,turquoise,0.410874157662401,brown,0.561942294262648,False,True,True
Myocytes,EndocardialCells,Angptl2,Tie1,0.90334094,0.0,0.62467206,0.4626467484739354,0.38950079263243065,0.076361835,0.80845654,0.028541536280802495,0.1938260397297598, ,tan,0.729352359511854,brown,0.559205266266903,True,True,True
Leukocytes,SmoothMuscleCells,Gnai2,S1pr1,1.0012548,1.0,0.60845745,0.015291388361709901,-0.1862673571213267,0.020022199,0.8064119,1.0,0.1938260397297598, ,turquoise,0.515281533766225,brown,0.496884663475412,False,True,True
SmoothMuscleCells,Fibroblasts,Hspg2,Itgb1,0.9024563,1.0,0.7760483,-0.2744349934490182,-0.34284025899514425,0.023123175,0.8246979,1.0,0.19469712900500735, ,brown,0.289796805062604,black,0.76802340300577,True,False,True
Myocytes,Leukocytes,Sema3c,Nrp2_Plxna1,0.14454848,0.396,0.019365428,0.0007904044878835823,-0.005049056746505021,0.03842875,0.42632613,0.8516577999851036,0.19528493518661583, ,tan,0.524385254393888,,,True,False,True
Myocytes,Leukocytes,Sema3c,Nrp1_Plxna1,0.14454848,0.396,0.019365428,0.0007904044878835823,-0.005049056746505021,0.03842875,0.42632613,0.8516577999851036,0.19528493518661583, ,tan,0.524385254393888,,,True,False,True
Fibroblasts,Myocytes,Hspg2,Itgb1,0.9019565,1.0,0.7971178,-0.34884078713624433,-0.34787734326372854,0.023750965,0.8266258,1.0,0.19539518281241422, ,brown,0.485029372814491,greenyellow,0.433544316700636,True,False,True
Fibroblasts,EndocardialCells,Col6a6,Cd44,0.14399223,0.551,0.019370593,0.03579124700350758,0.15950851771904134,0.0652459,0.4263587,0.9127221570401562,0.1962378469908344, ,pink,0.114297995644767,yellow,0.212459882063522,False,True,True
EndothelialCells,SmoothMuscleCells,Gnai2,F2r,1.0101464,1.0,0.6009393,0.027325305952897255,-0.10874400864242556,0.019936346,0.8054396,1.0,0.19943004411356774, ,black,0.730197986867085,brown,0.615665230998706,False,True,True
Myocytes,EndocardialCells,Gnai2,S1pr1,0.89931387,1.0,0.6855364,-0.5515889029829109,-0.3701493929798636,0.022558598,0.81555223,1.0,0.19978259460847458, ,tan,0.462915726534463,,,True,False,True
EndothelialCells,Myocytes,Hspg2,Ptprs,0.9230313,0.0,0.5991369,0.3946478270056151,0.5154677895620876,0.079107314,0.80520415,0.028541536280802495,0.20004720174670865, ,brown,0.70755077011452,brown,0.264675304065931,True,True,True
Myocytes,Leukocytes,Fgf1,Nrp1,0.89919317,0.0,0.8084813,0.7801398878085101,0.5803428282987219,0.0768152,0.8276378,0.028541536280802495,0.20013541398893314, ,orange,0.689259866805731,turquoise,0.61042256211068,True,False,True
Fibroblasts,SmoothMuscleCells,Rarres2,Ccrl2,0.90941066,0.0,0.5983956,0.6290648835415696,0.9727484538196876,0.10102605,0.80510706,0.028541536280802495,0.2006651469664405, ,brown,0.607010321637212,,,True,False,True
Leukocytes,EndocardialCells,Timp3,Cd44,0.14465028,1.0,0.01951151,-0.8877992437215843,-0.9106127355060838,0.002314992,0.42724535,1.0,0.20068187762309292, ,lightcyan,0.542032628399973,yellow,0.212459882063522,True,True,True
SmoothMuscleCells,Leukocytes,Hsp90b1,Tlr2,0.8977251,0.0,0.80099475,0.3834804397330147,0.5435820799952192,0.09586288,0.8269732,0.028541536280802495,0.20172638981356494, ,yellow,0.537608497036761,turquoise,0.62716224803749,True,False,True
SmoothMuscleCells,Myocytes,Col1a1,Itga1_Itgb1,0.15626124,1.0,0.019619403,-0.40875708489257,-0.7563357595685047,0.006028264,0.4279202,1.0,0.2019507375783382, ,brown,0.614930628804247,,,True,False,True
SmoothMuscleCells,Myocytes,Lgals3,Mcam,0.15621951,1.0,0.019645989,-0.28242628529498476,-0.5521883269335962,0.0027064218,0.42808595,1.0,0.20258502374509468, ,,,brown,0.675177279471707,False,True,True
SmoothMuscleCells,SmoothMuscleCells,Tln1,Itgb5,0.89749265,0.0,0.79681253,0.22817093743873823,0.18546752413104495,0.045963123,0.82659835,0.11765597061959182,0.2027900467299762, ,,,brown,0.48064539237368,False,True,True
SmoothMuscleCells,EndocardialCells,Lama2,Rpsa,1.005133,1.0,0.59618133,-0.0772910541498699,-0.06952330022811071,0.03514292,0.80481607,1.0,0.2027900467299762, ,brown,0.472765180178635,black,0.836399503441296,True,False,True
Fibroblasts,SmoothMuscleCells,Gnai2,Ednrb,0.8970734,0.734,0.6882279,-0.08201171718050823,-0.04466838139135565,0.027751716,0.8158468,1.0,0.20385611458596675, ,black,0.78566112490779,brown,0.629102342346487,False,True,True
Myocytes,Fibroblasts,Fgf1,Nrp1,0.89699316,0.0,0.80456084,0.7769214409428398,0.4441320624010031,0.07644272,0.8272908,0.028541536280802495,0.20421201773705466, ,orange,0.689259866805731,yellow,0.250435830471026,True,True,True
EndothelialCells,EndocardialCells,Hspg2,Fgfr1,0.921208,0.0,0.5939375,0.13562438055955878,0.19138483341380763,0.043955356,0.8045197,0.14403905303297707,0.2043900696085323, ,brown,0.70755077011452,turquoise,0.150086944065614,True,False,True
EndocardialCells,Leukocytes,Fabp5,Rxra,0.9891982,0.0,0.5926688,0.6663771868044008,0.6278163472197027,0.07684755,0.8043515,0.028541536280802495,0.20581685372161707, ,,,brown,0.495301817055943,False,True,True
Fibroblasts,Myocytes,Efna5,Epha4,0.895437,0.0,0.6299785,0.9306998003881561,1.345542272800076,0.24839781,0.8091106,0.001344801825576976,0.2059955066596704, ,cyan,0.0713334547297375,brown,0.571232341148922,False,True,True
Fibroblasts,Myocytes,Igfbp4,Lrp6,0.98228097,0.0,0.59196025,0.4171407287707394,0.5348407429028361,0.049799796,0.80425733,0.08194240290917358,0.20671074929352723, ,brown,0.620073925457339,greenyellow,0.481143038214187,True,False,True
Leukocytes,SmoothMuscleCells,Gnai2,F2r,0.99574184,1.0,0.5904962,-0.0021021786389881225,-0.19266288554432304,0.019589894,0.8040623,1.0,0.20814446903473977, ,turquoise,0.515281533766225,brown,0.615665230998706,False,True,True
SmoothMuscleCells,Fibroblasts,Tgfb3,Itgb1,0.89416677,0.0,0.75783855,0.12398130730663322,0.1809553867293825,0.05384677,0.82297486,0.162117223172673,0.2085035736921269, ,brown,0.511531512491637,black,0.76802340300577,True,False,True
Fibroblasts,EndothelialCells,Vegfb,Nrp1,1.043436,0.0,0.5889754,0.4181952559476921,0.4942117173270196,0.030635264,0.8038592,0.30718581007815704,0.2085035736921269, ,,,brown,0.648185002416343,False,True,True
EndothelialCells,Leukocytes,Tgm2,Itga4,0.89363074,0.0,0.6747482,0.9442626477661811,1.106672458658655,0.20720685,0.8143562,0.0016359029257131065,0.20868322579509674, ,,,midnightblue,0.644281789489508,False,True,True
EndothelialCells,Myocytes,Col4a2,Itgb5,0.9104197,0.0,0.58856666,0.157959556212139,0.2502885119125371,0.040272653,0.8038044,0.17655460270577825,0.2090427294771347, ,yellow,0.155737396507289,tan,0.521580300356519,True,True,True
EndocardialCells,Fibroblasts,Adam15,Itgb1,0.89294827,1.0,0.75516194,-0.18601603265915423,-0.2952763402113071,0.026194789,0.82271695,1.0,0.20940249903069805, ,lightcyan,0.176865930443945,black,0.76802340300577,True,False,True
Myocytes,Leukocytes,Fgf1,Cd44,0.8926097,0.0,0.7967496,1.6841781032101537,1.4781831504795664,0.32614973,0.8265927,7.635599425220232e-05,0.2099426152592535, ,orange,0.689259866805731,,,True,False,True
Myocytes,SmoothMuscleCells,Nppa,Npr1,1.2146186,0.0,0.5878836,0.49431794584555916,0.5962015044168474,0.03757938,0.80371284,0.22378082195291024,0.21012279891798574, ,brown,0.916636044825977,red,0.491807070359925,True,False,True
Fibroblasts,EndothelialCells,Mfap2,Notch1,0.89202595,0.0,0.79571,0.5526135189489094,1.0346602985818536,0.13900378,0.8264991,0.028541536280802495,0.21048336536377688, ,brown,0.394264743586134,pink,0.343313799659359,True,False,True
SmoothMuscleCells,EndocardialCells,Hbegf,Cd9,0.9156439,0.0,0.5870478,0.8067259127364529,0.599258913550511,0.13321157,0.8036006,0.028541536280802495,0.2108441972173979, ,midnightblue,0.453211769212941,black,0.678674639928657,True,False,True
EndocardialCells,Leukocytes,Gnai2,S1pr1,0.9231634,1.0,0.58589745,-0.15794432051169113,-0.3631478507106302,0.019279832,0.8034457,1.0,0.2113859059195098, ,black,0.68121307835009,lightcyan,0.295561659818741,False,True,True
EndocardialCells,Leukocytes,Cp,Slc40a1,0.89148617,0.0,0.6085226,0.798366340093795,0.9549765525804101,0.16438325,0.8064203,0.006227538572566371,0.21156662020663689, ,brown,0.593632679569775,turquoise,0.417227626956636,True,False,True
EndocardialCells,EndocardialCells,Tnxb,Sdc1,0.14169733,1.0,0.019985206,-0.26774731547830044,-0.4754469477973361,0.01101285,0.43018287,1.0,0.2120878165934649, ,lightcyan,0.362077206073838,lightgreen,0.664818986973015,True,False,True
Myocytes,SmoothMuscleCells,Fgf1,Nrp1,0.8912581,0.0,0.794341,0.7685298996543687,0.599265818952913,0.07547171,0.8263756,0.028541536280802495,0.21210916060014665, ,orange,0.689259866805731,lightcyan,0.26029605688583,True,True,True
SmoothMuscleCells,Leukocytes,Mfge8,Itgav,1.0319545,0.0,0.5833244,0.5580257673737237,0.49223645104996444,0.053294547,0.80309796,0.06325903425692805,0.21283343825414286, ,lightcyan,0.510462651252352,royalblue,0.339473872711851,True,False,True
Leukocytes,Fibroblasts,Pdgfc,Pdgfra,0.88970166,0.0,0.58412963,0.9695375491157882,1.6989175154820848,0.48988324,0.803207,0.0009837297246663007,0.2157411982715274, ,turquoise,0.457476793126377,brown,0.735702460496526,False,True,True
Fibroblasts,EndocardialCells,Col4a6,Cd93,0.9402359,0.0,0.58068424,0.6422770072344062,0.9345365269990417,0.19711657,0.802739,0.015963890060281233,0.21610586540498447, ,cyan,0.263036518533227,lightcyan,0.582187985085655,False,True,True
Fibroblasts,Myocytes,Thbs2,Cd36,0.8891189,0.0,0.76291114,0.41264261355501475,0.591037411035571,0.14485419,0.8234603,0.028541536280802495,0.21647079614945292, ,,,brown,0.500716969407465,False,True,True
EndothelialCells,EndocardialCells,Hbegf,Cd44,0.14773291,0.987,0.020171633,-0.01558950119357988,-0.016580755604779313,0.014713081,0.4313212,1.0,0.21651507858893543, ,,,yellow,0.212459882063522,False,True,True
EndothelialCells,Myocytes,App,Tspan12,0.94149125,0.2,0.58018637,0.09615657945882537,-0.05739741653106012,0.027903462,0.80267113,0.7594105088746782,0.21665336033958932, ,black,0.617473609490099,tan,0.589192837879818,False,True,True
Leukocytes,Fibroblasts,Col4a2,Cd44,0.1422636,1.0,0.020198442,-0.5431584904467739,-0.8557891889546524,0.0033210996,0.43148413,1.0,0.21714716171087484, ,brown,0.55242115377533,salmon,0.221972228338972,True,False,True
Myocytes,SmoothMuscleCells,Psap,Lrp1,0.88766253,1.0,0.70348287,-0.40783258576788495,-0.3962107895693766,0.02597841,0.817488,1.0,0.21829936300894281, ,black,0.845409755553706,brown,0.561942294262648,False,True,True
SmoothMuscleCells,EndothelialCells,Agrn,Itgb1,0.8876405,0.0,0.57785195,0.2695115381290919,0.32173703454201513,0.04775946,0.80235165,0.09644084837415896,0.21848254814268203, ,lightcyan,0.506165819314469,,,True,False,True
Leukocytes,SmoothMuscleCells,Tgfb1,Sdc2,0.88739526,0.0,0.7866631,0.4635530610279992,0.4784266121518816,0.09205245,0.82567775,0.028541536280802495,0.21903260868395746, ,brown,0.780749588439731,purple,0.609944118619034,True,False,True
SmoothMuscleCells,EndocardialCells,Gpc3,Cd81,0.9566744,0.0,0.5771161,0.23917428753431,0.27784400510072793,0.1023766,0.8022506,0.06179676127329994,0.21903260868395746, ,yellow,0.626181888304277,black,0.74193615814841,True,False,True
SmoothMuscleCells,SmoothMuscleCells,Gnai2,Ednrb,0.88691795,0.829,0.67694044,-0.1027575228006424,0.005447274903727539,0.027296565,0.8146013,1.0,0.21921609355884733, ,black,0.83203351296545,brown,0.629102342346487,False,True,True
Fibroblasts,Myocytes,Tgfb1,Acvr1_Tgfbr1_Tgfbr2,0.16335526,1.0,0.02024779,-0.4042599946219614,-0.71871845997759,0.003933474,0.43178344,1.0,0.21935870703462695, ,brown,0.757880766459934,,,True,False,True
Fibroblasts,Myocytes,Tgfb1,Tgfbr1_Tgfbr2,0.16335526,1.0,0.02024779,-0.4042599946219614,-0.71871845997759,0.003933474,0.43178344,1.0,0.21935870703462695, ,brown,0.757880766459934,,,True,False,True
SmoothMuscleCells,Leukocytes,Gpc3,Cd81,0.9541164,0.0,0.5751965,0.23309405872846736,0.3047083025535947,0.10203609,0.80198616,0.05166730862681656,0.2203183439693853, ,yellow,0.626181888304277,black,0.757921827876398,True,False,True
EndothelialCells,Myocytes,Angptl4,Tie1,0.15977639,1.0,0.02029776,-0.25759379233962276,-0.5180627269934261,0.0077312663,0.43208584,1.0,0.2215690644368386, ,turquoise,0.58811011899927,darkorange,0.249810980800106,False,True,True
EndocardialCells,EndothelialCells,Lama4,Itga6_Itgb1,0.88525605,0.0,0.78309494,0.4864426084386291,0.9173321638304233,0.13343616,0.82535034,0.028541536280802495,0.22216069647864523, ,brown,0.394621679147421,,,True,False,True
SmoothMuscleCells,EndocardialCells,Bmp2,Eng,1.1112133,0.0,0.57223785,0.7870914465438088,0.7280321756312532,0.13738556,0.8015764,0.028541536280802495,0.22234529551541835, ,,,brown,0.973204830554305,False,True,True
SmoothMuscleCells,EndocardialCells,Serpine1,Plaur,0.14444768,0.619,0.020373842,-0.0008043665747156231,-0.033126242019314245,0.04017189,0.43254492,0.9402508203802368,0.22346274667729216, ,darkorange,0.42575759209786,,,True,False,True
Leukocytes,Myocytes,Igf1,Insr,0.88309836,0.0,0.76676524,0.7018278259212292,0.7706582875643695,0.14570084,0.8238263,0.02779053768215041,0.22530769107522977, ,turquoise,0.812283845445599,midnightblue,0.494037113570807,False,True,True
SmoothMuscleCells,EndothelialCells,Sema3f,Nrp1,1.037567,0.0,0.56842947,0.49524578215199533,0.5873271042267035,0.069912925,0.8010448,0.028541536280802495,0.22567917426096692, ,darkorange,0.470908481252909,brown,0.648185002416343,True,True,True
Fibroblasts,EndocardialCells,Lamc1,Itga6_Itgb1,0.88293403,0.0,0.5818138,0.3918648601684909,0.5821980234022083,0.08975122,0.80289286,0.028541536280802495,0.2258650135849503, ,brown,0.533218968575482,,,True,False,True
Leukocytes,Myocytes,Bgn,Ly96,0.16154115,1.0,0.020408317,-0.601016506497747,-0.9371211010926186,0.0023962087,0.43275243,1.0,0.22598629637547796, ,lightcyan,0.647405502543849,tan,0.509725385310724,True,True,True
Fibroblasts,Leukocytes,Lamc1,Itga9_Itgb1,0.882598,0.0,0.5809216,0.4534128457692921,0.8137790212053341,0.08647379,0.8027714,0.028541536280802495,0.22642288475606212, ,brown,0.533218968575482,,,True,False,True
SmoothMuscleCells,SmoothMuscleCells,Gpc3,Cd81,0.9420881,0.0,0.56617045,0.2044994803515865,0.23471520693885395,0.10043493,0.8007273,0.08394346450604032,0.2288472157977831, ,yellow,0.626181888304277,black,0.87315472177189,True,False,True
EndothelialCells,Myocytes,App,Ncstn,0.9365507,0.0,0.5654154,0.12948501138391721,0.04626587398716342,0.029561786,0.8006208,0.4731626561881771,0.22996981874101224, ,black,0.617473609490099,tan,0.790441710487318,False,True,True
EndothelialCells,SmoothMuscleCells,Cxcl12,Sdc4,1.0093143,0.0,0.5650476,0.3629373714297399,0.6137541893396996,0.06278828,0.80056894,0.03352432383699643,0.2303445509783588, ,turquoise,0.84149383379839,tan,0.661881494233523,False,True,True
EndothelialCells,SmoothMuscleCells,Icam1,Cav1,0.87936085,0.0,0.5793489,0.21873735695290497,0.14364286871590326,0.042781632,0.80255675,0.15446672730000235,0.23053201428475328, ,,,midnightblue,0.401042124167732,False,True,True
Fibroblasts,Leukocytes,Mfap5,Notch1,0.9119966,0.0,0.5648695,0.39575812509770014,0.7450484590878574,0.07115983,0.8005437,0.028541536280802495,0.2307195045108752, ,brown,0.786804272285394,turquoise,0.391504575553089,True,False,True
Leukocytes,EndocardialCells,Col4a2,Sdc1,0.14361879,1.0,0.020566784,-0.4703871389564299,-0.7081611241683646,0.0049207183,0.433702,1.0,0.23165869152563823, ,brown,0.55242115377533,lightgreen,0.664818986973015,True,False,True
Leukocytes,Myocytes,Col4a2,Cd44,0.14365178,1.0,0.020575752,-0.5403415212319697,-0.8155864461839435,0.0033831382,0.43375558,1.0,0.23291817275442686, ,brown,0.55242115377533,magenta,0.718777026774563,True,False,True
Leukocytes,SmoothMuscleCells,Lgals3,Eng,0.87820137,0.0,0.7684357,0.6303302347493736,0.4565344400688649,0.07027938,0.82398415,0.028541536280802495,0.23297485027130865, ,,,lightcyan,0.40613301582679,False,True,True
Fibroblasts,EndothelialCells,Efemp2,Plscr4,0.8781036,0.0,0.7678304,0.43671648622965653,0.8838741689357896,0.12021296,0.823927,0.028541536280802495,0.2333516523940641, ,,,brown,0.56129961252074,False,True,True
EndothelialCells,SmoothMuscleCells,Adam10,Axl,0.87796617,0.0,0.7370511,0.3129300477557996,0.3499219582288159,0.06122893,0.8209398,0.03698872594177088,0.23354015029539144, ,yellow,0.336816268854491,royalblue,0.420939485033193,True,False,True
Fibroblasts,EndocardialCells,Igfbp4,Lrp6,0.97294337,0.0,0.5622116,0.40326981225052533,0.5483576538528716,0.047297135,0.8001669,0.09951267210984535,0.23354015029539144, ,brown,0.620073925457339,darkred,0.737642608147084,True,False,True
EndocardialCells,Leukocytes,Lama4,Cd44,0.8776609,0.0,0.7700144,0.800489771404534,0.7859099822568473,0.16431838,0.8241329,0.02456781134292189,0.23410599309774915, ,brown,0.394621679147421,,,True,False,True
Fibroblasts,EndocardialCells,Tgfb1,Itgb5,0.16425635,1.0,0.020686775,-0.6159656899508891,-1.0084185346710175,0.0019397014,0.43441656,1.0,0.23480667824199697, ,brown,0.757880766459934,,,True,False,True
SmoothMuscleCells,EndocardialCells,Efnb2,Ephb4,0.877014,0.0,0.5677648,0.4744201847899528,0.48857459714425,0.07833012,0.8009516,0.028541536280802495,0.23505041759943035, ,,,brown,0.694780356205533,False,True,True
Fibroblasts,SmoothMuscleCells,Icam1,Cav1,0.87669915,0.0,0.57232344,0.21438589894656004,0.08389936498551265,0.04226284,0.80158824,0.2296816632927628,0.23523945766631738, ,lightyellow,-0.0604786695937591,midnightblue,0.401042124167732,False,True,True
SmoothMuscleCells,EndothelialCells,Gpc3,Flt1,0.9330479,0.0,0.5593866,0.9094090102285026,1.3329542161649313,0.29862335,0.79976386,0.0016510738088383026,0.23599641450159758, ,yellow,0.626181888304277,,,True,False,True
EndothelialCells,EndothelialCells,Calr,Scarf1,0.8760762,0.0,0.7111859,0.06558989878059013,0.4547864839902327,0.049042605,0.81829906,0.2770202073626152,0.2363752790908218, ,yellow,0.359407124794825,cyan,0.597124835932639,True,False,True
Fibroblasts,SmoothMuscleCells,Mfge8,Itgb5,0.8758785,0.077,0.76204306,0.03277601569750335,-0.04653016844646707,0.036136013,0.82337755,0.6778670893330029,0.23656480787761192, ,,,brown,0.48064539237368,False,True,True
Leukocytes,EndothelialCells,Nppa,Npr1,0.8747921,0.0,0.75416625,0.23129437284608895,0.5053100334129419,0.0482087,0.82262075,0.0935819526223002,0.23770329224160722, ,turquoise,0.639972798269552,brown,0.492427679100596,False,True,True
SmoothMuscleCells,SmoothMuscleCells,Psap,Lrp1,0.8742975,1.0,0.68752396,-0.43481463335297965,-0.4282108520643564,0.025389077,0.8157699,1.0,0.23846355356612123, ,black,0.884290451398292,brown,0.561942294262648,False,True,True
Fibroblasts,EndocardialCells,Inhba,Eng,1.1071187,0.0,0.5564717,0.6847811742213358,0.8735189145816868,0.1603059,0.7993452,0.01187245673805803,0.2399871933336845, ,turquoise,0.68348592224542,brown,0.973204830554305,False,True,True
SmoothMuscleCells,EndothelialCells,Lama2,Rpsa,0.9499468,1.0,0.5562686,-0.2503218288666654,-0.17768814541296185,0.032790195,0.7993159,1.0,0.24017794147091995, ,brown,0.472765180178635,,,True,False,True
EndothelialCells,EndothelialCells,Tgfb1,Acvrl1,0.8726735,0.0,0.73746234,0.3854702235710522,0.6069594862008265,0.07961929,0.8209807,0.028541536280802495,0.24075057002554395, ,brown,0.518107180491385,,,True,False,True
Fibroblasts,SmoothMuscleCells,Igf1,Igf1r,0.87266755,0.0,0.6527348,0.5088535679278646,0.7917689322775596,0.1207141,0.81183594,0.028541536280802495,0.24094157420975515, ,brown,0.689047425976755,,,True,False,True
EndocardialCells,Myocytes,Comp,Cd47,0.87236565,0.0,0.62964433,0.6626455573108807,0.6075330934087614,0.07963926,0.80906963,0.028541536280802495,0.24132377449023706, ,lightgreen,0.125031208796262,orange,0.66133460139945,False,True,True
Myocytes,Myocytes,Mdk,Notch2,0.14519352,1.0,0.020951256,-0.3181422778978813,-0.4996037458349275,0.006827019,0.43597785,1.0,0.2417238467540244, ,darkgrey,0.327125163115844,midnightblue,0.62811133093121,False,True,True
Fibroblasts,Fibroblasts,Igf1,Igf2r,0.8717418,0.0,0.6505083,0.4051342983066014,0.6610987617156843,0.07885661,0.8115748,0.028541536280802495,0.2424718709274003, ,brown,0.689047425976755,cyan,0.061068476494653,True,False,True
EndocardialCells,Leukocytes,Lum,Itgb1,0.87134004,1.0,0.73695016,-0.14796478974300034,-0.1784633397081261,0.03818583,0.82092965,1.0,0.24343036765822199, ,brown,0.663673113122154,,,True,False,True
Myocytes,Myocytes,Lin7c,Abca1,0.17483696,1.0,0.020998973,-0.26002203197550594,-0.5036009606118248,0.0051303157,0.4362576,1.0,0.24360834313515495, ,tan,0.579119715089047,magenta,0.837413755023652,True,False,True
EndothelialCells,Leukocytes,Jam2,Itgav_Itgb1,0.98710924,0.0,0.5530111,0.4633904621624451,0.8288782821948737,0.07266385,0.79884446,0.028541536280802495,0.2436222661552578, ,brown,0.738558518201255,,,True,False,True
Fibroblasts,EndothelialCells,Thbs1,Cd36,1.1147894,0.0,0.55147153,0.7169845142646681,1.2653602857033306,0.13981998,0.79862034,0.014979316126443609,0.24515970989218427, ,,,brown,0.868570071306074,False,True,True
SmoothMuscleCells,SmoothMuscleCells,App,Tspan12,0.8702979,0.983,0.7530524,-0.18499510821037596,-0.09303055846398012,0.036217272,0.82251287,1.0,0.24515970989218427, ,,,lightcyan,0.443760185061965,False,True,True
EndocardialCells,EndothelialCells,Col1a2,Cd36,1.1144277,0.0,0.5500638,0.33503907933182003,0.6439526566985345,0.043627966,0.7984147,0.13424107224496376,0.24592997935314503, ,blue,0.218085546763467,brown,0.868570071306074,False,True,True
EndocardialCells,EndocardialCells,Lama5,Cd44,0.15236276,0.999,0.021163078,-0.07281971679464168,-0.11445447188049795,0.010285186,0.43721506,1.0,0.24611966950379877, ,,,yellow,0.212459882063522,False,True,True
SmoothMuscleCells,Myocytes,Efnb2,Epha4,0.869105,0.0,0.56099075,0.7666594412973329,0.8972932010757976,0.09666727,0.79999304,0.028541536280802495,0.2465083103591888, ,,,brown,0.571232341148922,False,True,True
EndothelialCells,Leukocytes,Tgfb1,Itgb1,0.8690293,0.003,0.73223335,0.021029590284608546,0.14033432887960778,0.034848765,0.8204572,0.5072218096393796,0.247087252251797, ,brown,0.518107180491385,,,True,False,True
SmoothMuscleCells,Fibroblasts,Gpc3,Lrp1,0.91968805,0.0,0.54936135,0.8516107834431546,1.1501394918001897,0.2820949,0.7983119,0.0024827166396142637,0.247087252251797, ,yellow,0.626181888304277,,,True,False,True
EndocardialCells,Myocytes,Igfbp4,Lrp6,0.92405784,0.0,0.54868734,0.33880259292991016,0.18422896536251926,0.04615938,0.79821306,0.11849726845524723,0.24824681142220825, ,brown,0.565703353366091,greenyellow,0.481143038214187,True,False,True
SmoothMuscleCells,Myocytes,Tfpi,Vldlr,0.8657944,0.0,0.57483006,0.9488344010752807,0.9158573552338072,0.0854199,0.80193555,0.028541536280802495,0.2513501489021072, ,brown,0.39820117315939,blue,0.567065344401306,True,False,True
Fibroblasts,SmoothMuscleCells,Igfbp4,Lrp6,0.967789,0.0,0.54579026,0.39561291103042956,0.5588800780784449,0.04591566,0.79778636,0.11156878710859426,0.25154465013157024, ,brown,0.620073925457339,,,True,False,True
SmoothMuscleCells,SmoothMuscleCells,Rarres2,Ccrl2,0.8651539,0.0,0.56022364,0.5680957044482405,0.5024830266674782,0.094581544,0.79988354,0.028541536280802495,0.25271294441416947, ,brown,0.32876448056304,,,True,False,True
EndocardialCells,SmoothMuscleCells,App,Tspan15,0.86458075,0.0,0.5811172,0.12210373323881837,0.12980399830380368,0.06468982,0.80279803,0.16971688942479443,0.2538835492542154, ,,,lightcyan,0.545464577373123,False,True,True
Fibroblasts,Leukocytes,Gas6,Axl,0.86447453,0.894,0.6668165,-0.00941947331937057,-0.05601830463303126,0.03366403,0.8134608,1.0,0.25407883123629804, ,,,brown,0.704728587075672,False,True,True
SmoothMuscleCells,Myocytes,Pf4,Lrp1,0.1473055,1.0,0.021511164,-0.5290355860377436,-0.9806088289779107,0.0026530628,0.43922317,1.0,0.2555235735490312, ,brown,0.697832116664017,,,True,False,True
SmoothMuscleCells,Fibroblasts,Pgf,Nrp1,0.86362255,0.0,0.7442945,0.18984083042365624,0.17220737930287322,0.078007974,0.8216574,0.1296692501620934,0.25564366882324013, ,,,yellow,0.250435830471026,False,True,True
Leukocytes,SmoothMuscleCells,Apoe,Lrp5,0.960291,0.0,0.5411381,0.3775359115982701,0.34384943875616153,0.04212598,0.797095,0.15262267493912093,0.25583951706813635, ,turquoise,0.846073130030222,lightcyan,0.468034414228244,False,True,True
SmoothMuscleCells,Leukocytes,Hspg2,Itgb1,0.8635833,1.0,0.72111684,-0.3420540966310723,-0.3401173132505986,0.021486435,0.81932765,1.0,0.25583951706813635, ,brown,0.289796805062604,,,True,False,True
Fibroblasts,Myocytes,Vegfa,Sirpa,0.15537639,1.0,0.021536775,-0.11059752393325648,-0.16231764931738304,0.008665651,0.43936977,1.0,0.2561497371138622, ,yellow,0.272486789574581,greenyellow,0.450767025063588,True,False,True
Myocytes,SmoothMuscleCells,Gnai2,Ednra,0.86347795,0.0,0.6462406,0.22743092498929984,0.4779205694998716,0.04279451,0.8110711,0.14248293978512475,0.2564275574844016, ,tan,0.462915726534463,,,True,False,True
Leukocytes,EndocardialCells,Tgfb1,Acvr1_Tgfbr2,0.8632891,0.0,0.74524957,0.3919542220267968,0.3894358640373911,0.066270985,0.8217513,0.028541536280802495,0.2568198985341207, ,brown,0.780749588439731,,,True,False,True
SmoothMuscleCells,EndocardialCells,Agrn,Itgb1,0.863145,0.0,0.55681896,0.22690036532652053,0.19889434989946814,0.046021078,0.79939526,0.11044427266657479,0.2570161632471704, ,lightcyan,0.506165819314469,pink,0.572507776572743,True,False,True
Myocytes,SmoothMuscleCells,Pdgfa,Pdgfrb,1.0523098,0.0,0.53994113,1.0325486262829537,1.0694088094075034,0.098699264,0.7969159,0.028541536280802495,0.25721249073302577, ,,,brown,0.766275459333072,False,True,True
SmoothMuscleCells,Myocytes,Lamb1,Itga1,0.16767415,1.0,0.021605078,-0.3835067697860511,-0.7383829647226958,0.004480596,0.43975976,1.0,0.2574017785054607, ,brown,0.764130236562423,darkgreen,0.785762693213249,True,False,True
Leukocytes,Fibroblasts,C4b,Nrp1,0.86287266,0.0,0.74294025,0.08877422413874703,0.1370662991950654,0.06548552,0.82152396,0.2251428437196412,0.2576052943114366, ,turquoise,0.624788351099439,yellow,0.250435830471026,False,True,True
SmoothMuscleCells,EndothelialCells,Mmrn2,Cd93,0.9562528,0.0,0.53945804,0.3220436479998453,0.4752252342058757,0.03191546,0.79684347,0.30718581007815704,0.2579983884356195, ,brown,0.757581672238273,turquoise,0.705808522625346,True,False,True
Fibroblasts,Leukocytes,Col1a1,Cd93,0.86242735,0.0,0.60195637,0.40934447885290237,0.6085164164837962,0.084409185,0.8055721,0.028541536280802495,0.2589821810063897, ,,,brown,0.634483899866545,False,True,True
Fibroblasts,EndocardialCells,Vegfb,Nrp1,0.9678157,0.0,0.5380856,0.3075506161837578,0.2116841347793575,0.027988253,0.7966372,0.5503987328011927,0.2591791353980291, ,,,brown,0.550721740569223,False,True,True
EndocardialCells,Myocytes,Mfge8,Itgb5,0.86179703,0.272,0.5477024,0.03636955563090499,-0.13552146925310404,0.025971998,0.79806834,0.7980872855557251,0.2595732320070535, ,green,0.295522794899105,tan,0.521580300356519,False,True,True
EndocardialCells,SmoothMuscleCells,Gnai2,S1pr1,0.906378,1.0,0.537581,-0.17849759779595728,-0.33461361165707815,0.017689908,0.7965612,1.0,0.25996757895379985, ,black,0.68121307835009,brown,0.496884663475412,False,True,True
EndothelialCells,Leukocytes,Hspg2,Fgfr1,0.90137714,0.0,0.53738475,0.10753573482657702,0.20132306182940318,0.039770074,0.79653156,0.18868621456812915,0.26036217612234125, ,brown,0.70755077011452,turquoise,0.430297655390796,True,False,True
SmoothMuscleCells,Myocytes,Lama2,Rpsa,0.9227767,1.0,0.5366182,-0.33551575213010876,-0.18400353262551083,0.03163187,0.79641587,1.0,0.26095450091888667, ,brown,0.472765180178635,tan,0.206618269537133,True,True,True
Myocytes,EndothelialCells,Lgals3,Mcam,0.86035,0.0,0.7021129,0.8444283336805336,1.0880061147036435,0.09672274,0.8173426,0.028541536280802495,0.26273492733555837, ,tan,0.579986279067785,turquoise,0.621780822831032,True,False,True
EndocardialCells,Leukocytes,Bgn,Tlr4,0.87721133,0.0,0.5349959,0.4815484405144026,0.5140457695545568,0.093017355,0.79617023,0.028541536280802495,0.26273492733555837, ,lightcyan,0.368806923816196,turquoise,0.445876497103553,True,False,True
Myocytes,SmoothMuscleCells,Apoa1,Lrp1,0.31674477,1.0,0.021762269,-0.04296545844343936,-0.1788528688330378,0.0409551,0.44065294,1.0,0.2630312515240941, ,midnightblue,0.255182682496265,brown,0.561942294262648,True,True,True
Fibroblasts,SmoothMuscleCells,Tnxb,Sdc1,0.8591331,0.0,0.58493394,0.8581883258241423,1.2793847799643971,0.32232794,0.8033157,0.002336409186814733,0.2643217642551232, ,brown,0.534296365095982,purple,0.260770464928019,True,False,True
SmoothMuscleCells,Fibroblasts,Fn1,Sdc2,0.88217545,0.0,0.5337142,0.6038557660627619,0.9854347657727287,0.11177259,0.79597557,0.028541536280802495,0.2645204040849264, ,,,brown,0.848057536799011,False,True,True
SmoothMuscleCells,EndothelialCells,Tgfb3,Acvrl1,0.85893804,0.0,0.70922494,0.4208028374110228,0.650303489795147,0.11431612,0.81809366,0.028541536280802495,0.2645204040849264, ,brown,0.511531512491637,,,True,False,True
Fibroblasts,Myocytes,Grn,Sort1,0.8583897,0.0,0.7168905,0.6928723555379835,0.6008119645885482,0.07439466,0.81889224,0.028541536280802495,0.26611172130876054, ,black,0.747903804876123,midnightblue,0.356528030180206,False,True,True
Myocytes,EndocardialCells,Psen1,Cd44,0.15563017,1.0,0.021862768,-0.23254675101441175,-0.3532533376735544,0.008171117,0.44122088,1.0,0.2661554052903662, ,tan,0.493293969025575,yellow,0.212459882063522,True,True,True
SmoothMuscleCells,SmoothMuscleCells,Pgf,Nrp1,0.8578875,0.0,0.7348403,0.1814492891351851,0.3273411358547831,0.077017084,0.8207188,0.08907239957406964,0.2671082982989065, ,,,lightcyan,0.26029605688583,False,True,True
EndothelialCells,Leukocytes,Arf1,Pld2,0.9142419,0.0,0.5306628,0.1605459061220477,0.27383832351854415,0.049230352,0.7955096,0.11036427681821753,0.26730780789535885, ,black,0.776359807551547,brown,0.582530830956136,False,True,True
EndothelialCells,Fibroblasts,Ybx1,Notch1,1.1039358,1.0,0.53031164,0.1537309255720749,-0.2215169145871943,0.014665572,0.79545575,1.0,0.2677070131316787, ,yellow,0.31566495597398,yellow,0.264341417098466,True,True,True
Myocytes,Fibroblasts,Fgf1,Tgfbr3,0.85717505,0.0,0.73360485,1.2455030893713666,1.255248071186412,0.17195073,0.82059497,0.004489996389730074,0.26830628587733363, ,orange,0.689259866805731,,,True,False,True
Leukocytes,SmoothMuscleCells,C4b,Nrp1,0.8571377,0.0,0.73350316,0.08038268285027589,0.2922000557469753,0.064653695,0.82058483,0.24414545289148498,0.2685061673722352, ,turquoise,0.624788351099439,lightcyan,0.26029605688583,False,True,True
Fibroblasts,Myocytes,Angptl4,Tie1,0.16918421,1.0,0.021943236,-0.23944272345059986,-0.5181365889059315,0.008358016,0.4416738,1.0,0.26865301587458934, ,,,darkorange,0.249810980800106,False,True,True
Myocytes,EndocardialCells,Vim,Cd44,0.15609547,1.0,0.021962408,-1.3753707193818645,-1.0087783831431256,0.0020992013,0.44178143,1.0,0.26927718074368656, ,tan,0.364041582882001,yellow,0.212459882063522,True,True,True
Myocytes,Myocytes,Col4a5,Itga1_Itgb1,0.16999325,1.0,0.022008566,-0.1984746037479569,-0.5018764921735751,0.007923619,0.44204038,1.0,0.26990125051649, ,brown,0.598294810383622,,,True,False,True
SmoothMuscleCells,SmoothMuscleCells,Lama2,Rpsa,0.9097205,1.0,0.5271754,-0.3764518259517263,-0.20695978201939502,0.03107525,0.79497284,1.0,0.2707088671978973, ,brown,0.472765180178635,black,0.836331019373713,True,False,True
EndocardialCells,Myocytes,Pf4,Lrp1,0.14941785,1.0,0.022075593,-0.5262014500645921,-1.0023522158455926,0.0027226764,0.44241542,1.0,0.27114910480219545, ,brown,0.901042251404365,,,True,False,True
SmoothMuscleCells,Leukocytes,Tgfb3,Itgb1,0.8552938,0.0,0.7041961,0.05636220412457915,0.18367833247392817,0.050035305,0.8175636,0.29918593845831837,0.27131092356439745, ,brown,0.511531512491637,,,True,False,True
EndothelialCells,SmoothMuscleCells,Calr,Lrp1,0.8552207,1.0,0.66474473,-0.2439924833347292,-0.31646096736186147,0.02911975,0.81322455,1.0,0.27151173249820043, ,yellow,0.359407124794825,brown,0.561942294262648,True,True,True
Leukocytes,SmoothMuscleCells,Mfge8,Pdgfrb,1.0485048,0.0,0.5262007,0.40568413894538957,0.3894069790743794,0.029800644,0.794822,0.30718581007815704,0.271913494938659, ,turquoise,0.345147275915014,brown,0.766275459333072,False,True,True
Fibroblasts,EndocardialCells,Vegfa,Cd44,0.15674357,0.998,0.022101194,-0.051140537717292045,-0.04113514676306576,0.0122362645,0.44255838,1.0,0.2723965787896646, ,yellow,0.272486789574581,yellow,0.212459882063522,True,True,True
EndocardialCells,Leukocytes,Adam15,Itgb1,0.8540753,1.0,0.7017089,-0.2536351358412083,-0.29255339446676143,0.02434063,0.8172996,1.0,0.272919081623468, ,lightcyan,0.176865930443945,,,True,False,True
Fibroblasts,Myocytes,Pf4,Lrp1,0.14951569,1.0,0.02210174,-0.5260700545646624,-1.1317571700003974,0.0027259008,0.4425614,1.0,0.27302018892031366, ,brown,0.749903040618126,,,True,False,True
SmoothMuscleCells,SmoothMuscleCells,Lama4,Itga7_Itgb1,0.9047268,0.804,0.52535635,0.04039945228904773,-0.14703460555204978,0.023680324,0.794691,1.0,0.27312038385909426, ,lightcyan,0.371485020380501,,,True,False,True
Leukocytes,EndothelialCells,Pdgfb,S1pr1,0.9584125,0.0,0.5251892,0.43462117011392554,0.611209278526845,0.057362456,0.79466504,0.047414767963328906,0.27332174769379664, ,turquoise,0.576475072819645,brown,0.500963498873593,False,True,True
EndocardialCells,SmoothMuscleCells,Ltbp1,Itgb5,0.85323024,0.0,0.72560996,0.27430660272445395,0.27519735122812705,0.06956006,0.81978697,0.06294352846634195,0.27493483345519204, ,darkred,0.658952548515044,brown,0.48064539237368,False,True,True
SmoothMuscleCells,SmoothMuscleCells,Lama2,Itga7_Itgb1,0.90390044,0.0,0.52296615,0.16748535413558646,0.08765065959206941,0.04248715,0.79431874,0.22188438499506932,0.275540729707636, ,brown,0.472765180178635,,,True,False,True
EndocardialCells,EndocardialCells,Tgfb2,Eng,1.0983893,0.0,0.5228603,0.49413270830688366,0.4238584610630218,0.05799987,0.79430217,0.04553367297639592,0.27574283157617585, ,,,brown,0.973204830554305,False,True,True
Fibroblasts,Myocytes,Slit2,Gpc1,0.9608722,0.0,0.5226937,1.8403948717777212,1.8114846375257772,0.60521454,0.7942762,7.103084257419903e-07,0.2759449948554167, ,turquoise,0.643042107427045,brown,0.486264962491867,False,True,True
EndocardialCells,SmoothMuscleCells,Gnai2,F2r,0.900865,1.0,0.52171206,-0.1958911647966553,-0.3410091400800745,0.01730796,0.7941226,1.0,0.27675426178957296, ,black,0.68121307835009,brown,0.615665230998706,False,True,True
Myocytes,SmoothMuscleCells,Adam15,Itga5,0.16289994,1.0,0.022243544,-0.6129691648495896,-0.9363342112803682,0.0024830122,0.44335046,1.0,0.2767597594502359, ,greenyellow,0.325902540394564,brown,0.546566959140606,False,True,True
EndothelialCells,Myocytes,Timp3,Ddr1,0.86441135,0.0,0.52122676,0.43382464741810756,0.41859044609155877,0.07697332,0.79404646,0.028541536280802495,0.27736181519978603, ,yellow,0.308157376549655,grey60,0.855792764263137,True,False,True
SmoothMuscleCells,Myocytes,Serpine1,Lrp1,0.15010804,1.0,0.02226002,-0.32611244171054476,-0.5363496071489325,0.012133672,0.4434418,1.0,0.27738267291635904, ,darkorange,0.42575759209786,,,True,False,True
EndocardialCells,EndocardialCells,Igfbp4,Lrp6,0.91472024,0.0,0.52111334,0.3249316764096961,0.1977458763125548,0.043839667,0.79402864,0.13230642940965087,0.2777671845416909, ,brown,0.565703353366091,darkred,0.737642608147084,True,False,True
EndocardialCells,Leukocytes,Tgm2,Itga4,0.852303,0.0,0.6299705,0.8890948802941496,0.809170954735803,0.19345617,0.8091096,0.020435935363199802,0.27796996111858197, ,,,midnightblue,0.644281789489508,False,True,True
Fibroblasts,Leukocytes,Arf1,Pld2,0.90088,0.0,0.5209937,0.13323129527951566,0.2281053021112482,0.048333336,0.79400986,0.14738808591812455,0.27796996111858197, ,black,0.910450519950839,brown,0.582530830956136,False,True,True
SmoothMuscleCells,Leukocytes,Icam1,Spn,0.16034053,1.0,0.022278441,0.12387366791858834,0.014109797432477589,0.040134717,0.4435439,1.0,0.2780055228080913, ,darkorange,0.588329109955734,lightgreen,0.23448475594549,True,False,True
EndothelialCells,Fibroblasts,Lpl,Vldlr,0.96488595,0.0,0.52061343,0.45804002142795913,0.7301284064857477,0.049385227,0.79395014,0.08459671796038178,0.2787816388150526, ,brown,0.487721034349969,turquoise,0.670823606520324,True,False,True
Myocytes,EndocardialCells,Col4a2,Cd93,0.9199113,0.0,0.5200756,0.10869935785606766,-0.10245526028206892,0.028334716,0.7938656,0.6806902568201807,0.27918786534621987, ,,,lightcyan,0.582187985085655,False,True,True
Myocytes,Myocytes,Cxcl12,Sdc4,0.14954966,1.0,0.0223049,-0.7395276182365468,-1.0715460212388144,0.002478528,0.44369036,1.0,0.2792509061864858, ,tan,0.577984649656319,black,0.631251519730246,True,False,True
SmoothMuscleCells,EndocardialCells,Sema3f,Nrp1,0.9619467,0.0,0.5193149,0.38460114238806103,0.30479952167904145,0.063872166,0.7937458,0.050145482643011344,0.28020446073128524, ,darkorange,0.470908481252909,brown,0.550721740569223,True,True,True
Myocytes,Myocytes,Fgf13,Scn5a,0.8502954,0.0,0.7137041,2.206525776247116,1.8790096264187475,0.74579585,0.8185617,2.7557558978140057e-07,0.28061154303169367, ,tan,0.510793532992465,magenta,0.744785888901051,True,False,True
EndocardialCells,SmoothMuscleCells,Apoe,Lrp5,0.92499197,0.0,0.51692146,0.31438375067263935,0.17746113938324287,0.040240787,0.7933674,0.176896128395101,0.28224227240248523, ,,,lightcyan,0.468034414228244,False,True,True
EndothelialCells,Myocytes,Bgn,Ly96,0.17347433,1.0,0.022463866,-0.5850700945226102,-1.024321808941301,0.0026375575,0.444567,1.0,0.28360674081949255, ,,,tan,0.509725385310724,False,True,True
EndothelialCells,SmoothMuscleCells,Sorbs1,Itgb5,0.84879535,0.0,0.7184758,0.2883543693959534,0.496785451848484,0.046869326,0.819056,0.10311254288624151,0.283672355252505, ,turquoise,0.509842138178652,brown,0.48064539237368,False,True,True
EndothelialCells,Leukocytes,Fabp5,Rxra,0.8846315,0.0,0.51570046,0.5186254352953538,0.6911254341242392,0.06686756,0.7931735,0.028541536280802495,0.2838769021848314, ,,,brown,0.495301817055943,False,True,True
Myocytes,SmoothMuscleCells,Jam3,Itgb1,0.90058947,0.095,0.5133896,0.1069383150225802,-0.09727923393939791,0.024623796,0.7928049,0.7478301562664902,0.2855154249599793, ,brown,0.527581135398156,,,True,False,True
Fibroblasts,SmoothMuscleCells,App,Tspan15,0.8474928,0.0,0.56550974,0.08923501473459836,0.08694737572120032,0.0629524,0.8006341,0.22418877777012886,0.28633616461857375, ,black,0.764270466936223,lightcyan,0.545464577373123,False,True,True
SmoothMuscleCells,EndocardialCells,Mmrn2,Cd93,0.91746426,0.0,0.51277834,0.27654201841415993,0.047899274884603105,0.030337032,0.7927071,0.4375211242053299,0.2865415012124355, ,brown,0.757581672238273,lightcyan,0.582187985085655,True,True,True
Fibroblasts,SmoothMuscleCells,Igf1,Igf2r,0.84699094,0.0,0.59098065,0.3711642676735382,0.6484956729890394,0.0716405,0.8041269,0.028541536280802495,0.28859811697147997, ,brown,0.689047425976755,blue,0.580437461131743,True,False,True
SmoothMuscleCells,EndocardialCells,Pdgfb,S1pr1,0.8466613,0.0,0.5538678,0.29222536023338497,0.10141157825584124,0.060494803,0.7989688,0.20382920748510588,0.2890101831391666, ,darkorange,0.329367356438579,,,True,False,True
EndothelialCells,Myocytes,Hbegf,Cd82,0.1544975,0.998,0.022720454,-0.033042442418025675,-0.03993990734844291,0.011144416,0.44596967,1.0,0.28982131575647174, ,,,tan,0.768715332718157,False,True,True
EndocardialCells,Myocytes,Lrpap1,Sort1,0.84624696,0.0,0.6994736,0.8200773853297653,0.7348540218016513,0.092315055,0.81706125,0.028541536280802495,0.290247790763963, ,,,midnightblue,0.356528030180206,False,True,True
EndocardialCells,SmoothMuscleCells,Hspg2,Lrp1,0.8459693,0.904,0.6536979,-0.04009023461958876,-0.17109891230463925,0.04274971,0.81194854,1.0,0.29086743072385224, ,brown,0.437670232192996,brown,0.561942294262648,True,True,True
SmoothMuscleCells,Myocytes,Bmp4,Rgmb,0.15100917,1.0,0.02275595,-0.2713189654932483,-0.509795422100755,0.012114379,0.44616255,1.0,0.29106309222547816, ,tan,0.262138911546446,orange,0.640366075374755,True,True,True
Leukocytes,Leukocytes,Arf1,Pld2,0.8825827,0.0,0.50775325,0.09582330601248507,0.21116342761906787,0.047105,0.79189676,0.21101758452487504,0.29210829761352863, ,,,brown,0.582530830956136,False,True,True
Fibroblasts,SmoothMuscleCells,Serpine2,Lrp1,0.84509945,0.0,0.6526592,0.28651679025172616,0.4896118867300947,0.065440394,0.81182706,0.028849661145683138,0.29210829761352863, ,,,brown,0.561942294262648,False,True,True
Myocytes,Myocytes,Sorbs1,Itgb5,0.84467053,0.0,0.5333086,0.2711303295799933,0.17911880902876753,0.03479006,0.7959139,0.291323510115499,0.29314404515527315, ,blue,0.692554190427162,tan,0.521580300356519,False,True,True
SmoothMuscleCells,Myocytes,Col1a1,Cd93,0.16343571,1.0,0.022855526,-0.5881672353036622,-0.992661154047958,0.0032049103,0.44670206,1.0,0.2935455071087736, ,brown,0.614930628804247,tan,0.291337625930732,True,True,True
EndocardialCells,SmoothMuscleCells,Igfbp4,Lrp6,0.90956587,0.0,0.5058924,0.31727477518960034,0.208268300538128,0.04255918,0.791594,0.14629825347106568,0.2939736846126717, ,brown,0.565703353366091,,,True,False,True
SmoothMuscleCells,EndocardialCells,Psen1,Cd44,0.16048028,1.0,0.022901379,-0.22491618963628307,-0.322263422863777,0.008559294,0.44694975,1.0,0.2941658894263422, ,blue,0.508038005894282,yellow,0.212459882063522,False,True,True
Fibroblasts,Leukocytes,Tnxb,Itga9_Itgb1,0.8440356,0.0,0.54717475,0.5884366728093678,1.1394599612506884,0.159662,0.7979907,0.0250574198476533,0.295012138844974, ,brown,0.534296365095982,,,True,False,True
Myocytes,Myocytes,Fndc5,Itgav,1.0555037,0.0,0.50457203,1.5580518364916243,1.3965578289313592,0.13398704,0.7913784,0.006591985244898269,0.29542789900953703, ,brown,0.866327263435725,grey60,0.700690341838197,True,False,True
SmoothMuscleCells,SmoothMuscleCells,Tgfb1,Itgb1,0.8974111,0.005,0.50419676,0.10647305730336505,-0.031355018835023285,0.02399595,0.7913169,0.7907069935956724,0.2962602233495434, ,brown,0.732384831866489,,,True,False,True
Fibroblasts,EndothelialCells,Ptgs2,Cav1,1.0787871,0.0,0.5031942,0.7036923199642171,1.2139440971580262,0.16209763,0.79115254,0.009240887628720558,0.29730193572417946, ,,,brown,0.884758647437185,False,True,True
EndocardialCells,EndocardialCells,Tfpi,Sdc4,0.84290683,0.0,0.51857144,0.4647199589214945,0.5245065174743315,0.06261308,0.7936285,0.03368823661723293,0.2981364173311306, ,brown,0.667671842240135,lightgreen,0.137793776609083,True,False,True
SmoothMuscleCells,Fibroblasts,Adam10,Axl,0.86426425,0.0,0.5021964,0.2794922716138474,0.5208524339712464,0.04171888,0.79098856,0.1574727864060491,0.2981364173311306, ,red,0.449991483193517,brown,0.528957135069456,False,True,True
SmoothMuscleCells,Myocytes,Col5a3,Itga1_Itgb1,0.1758318,1.0,0.023024384,-0.16094866900614818,-0.39265792084085477,0.013018523,0.44761187,1.0,0.2997449396246427, ,brown,0.643060769596358,,,True,False,True
EndocardialCells,Myocytes,Ntn1,Neo1,0.84222037,0.0,0.67960966,0.7946194663191899,0.891480827172888,0.15460798,0.8148983,0.010187121688451976,0.3002267652585788, ,brown,0.425522037629137,tan,0.718035067895697,True,True,True
Leukocytes,SmoothMuscleCells,Tgfb1,Eng,0.8421259,0.062,0.70889175,0.08572797590907694,0.05127179348579752,0.039532952,0.8180587,0.6589186378703459,0.3004361327779592, ,brown,0.780749588439731,lightcyan,0.40613301582679,True,True,True
SmoothMuscleCells,SmoothMuscleCells,Pf4,Ldlr,0.15229753,1.0,0.023118671,-0.1229903806570233,-0.3659039337445171,0.013014236,0.44811714,1.0,0.3009836827398047, ,brown,0.697832116664017,,,True,False,True
EndothelialCells,Myocytes,Fgfr3,Epha4,0.8457913,0.0,0.4999107,0.8935529447389844,1.2767260441934398,0.23913641,0.7906112,0.001856791230326813,0.3014838228426603, ,,,brown,0.571232341148922,False,True,True
SmoothMuscleCells,EndocardialCells,Col6a3,Cd44,0.16157217,1.0,0.023135202,-0.19296156421621447,-0.2828733819139795,0.014037728,0.44820553,1.0,0.30222204694774796, ,,,yellow,0.212459882063522,False,True,True
Leukocytes,Fibroblasts,Tgfb1,Tgfbr3,0.84116626,0.0,0.7072432,0.5200190577759012,0.7387702748092324,0.091244556,0.8178854,0.028541536280802495,0.30358371319436417, ,brown,0.780749588439731,,,True,False,True
Leukocytes,Leukocytes,Pf4,Thbd,1.0027839,0.0,0.49824125,0.6523078672590994,0.946270077361334,0.058209427,0.7903342,0.04500082150497965,0.30400437118209955, ,turquoise,0.841618051106534,lightcyan,0.514446702903986,False,True,True
EndocardialCells,SmoothMuscleCells,Mmrn2,Clec14a,1.0523474,0.0,0.4977931,0.5103707114356266,0.3374095560495045,0.045022488,0.79025966,0.11908885570177609,0.3046358674789329, ,brown,0.943558775036418,tan,0.212020860702749,True,True,True
Fibroblasts,EndothelialCells,Fgf7,Nrp1,1.0172752,0.0,0.49739236,0.5665185009642458,0.9219885730531278,0.15230013,0.7901929,0.028541536280802495,0.3052678982140535, ,turquoise,0.802910738540727,brown,0.648185002416343,False,True,True
EndocardialCells,Myocytes,Col4a5,Cd93,0.16530181,1.0,0.023233753,-0.39656075918432726,-0.750135630137533,0.003817415,0.44873127,1.0,0.3059348667078563, ,,,tan,0.291337625930732,False,True,True
Fibroblasts,SmoothMuscleCells,Ltbp3,Itgb5,0.83961606,0.0,0.70370954,0.3794477151026001,0.6857166182188531,0.09481433,0.8175121,0.028541536280802495,0.3073784368284649, ,brown,0.316212515891352,brown,0.48064539237368,True,True,True
EndocardialCells,Fibroblasts,Agrn,Itgb1,0.83886397,0.0,0.6363536,0.17187052108516193,0.20397579922888803,0.05259462,0.80988693,0.10372188589576825,0.30885939629374753, ,brown,0.356244589967685,black,0.76802340300577,True,False,True
EndocardialCells,EndothelialCells,Efemp2,Aqp1,0.83831984,0.0,0.56063414,0.4207944661079657,0.7959171077801817,0.09192039,0.7999422,0.028541536280802495,0.30970691640614684, ,brown,0.641190213682498,,,True,False,True
Myocytes,EndothelialCells,Sema3c,Nrp1_Plxna4,0.16386807,0.391,0.023439862,-0.004153178996566132,0.05148320345225771,0.03320407,0.4498239,0.8478764907878845,0.30995325003598273, ,tan,0.524385254393888,,,True,False,True
Myocytes,EndothelialCells,Sema3c,Nrp2_Plxna4,0.16386807,0.391,0.023439862,-0.004153178996566132,0.05148320345225771,0.03320407,0.4498239,0.8478764907878845,0.30995325003598273, ,tan,0.524385254393888,,,True,False,True
Myocytes,EndothelialCells,Efnb3,Ephb4,0.8381847,0.0,0.5928951,1.2106837337551857,1.4744622885527234,0.30708683,0.8043815,0.00012212092083229402,0.31055542380587847, ,grey60,0.787780544911158,brown,0.754425953629236,False,True,True
SmoothMuscleCells,Myocytes,Bmp4,Bmpr1a_Bmpr2,0.15374461,1.0,0.023544276,-0.154045462221772,-0.3319738620780993,0.017417764,0.45037392,1.0,0.31149769110764874, ,tan,0.262138911546446,,,True,False,True
SmoothMuscleCells,Fibroblasts,Fbn1,Itgb1,0.8372922,0.999,0.6329009,-0.08431564002595907,-0.15595369051529073,0.037253328,0.8094678,1.0,0.3116173420195897, ,brown,0.365133974520333,black,0.76802340300577,True,False,True
Fibroblasts,Myocytes,Angpt2,Tie1,0.17854051,1.0,0.023579702,-0.2792391823341433,-0.6166542371073479,0.0051592574,0.45056,1.0,0.3133502835576367, ,,,darkorange,0.249810980800106,False,True,True
Myocytes,Leukocytes,Cd47,Sirpa,0.8366333,0.0,0.59320414,0.3004755206638239,0.3860629553861077,0.0558049,0.8044225,0.05250977038268396,0.3136390590063012, ,orange,0.66133460139945,turquoise,0.761733552093104,True,False,True
Leukocytes,Myocytes,Sirpa,Cd47,0.8366333,0.0,0.59320414,0.3004755206638239,0.3860629553861077,0.0558049,0.8044225,0.05250977038268396,0.3136390590063012, ,turquoise,0.761733552093104,orange,0.66133460139945,False,True,True
Myocytes,Fibroblasts,Sema3c,Nrp1_Plxna2,0.16459322,1.0,0.023592794,-0.135889104159432,-0.3672835414246491,0.02727922,0.45062876,1.0,0.3139676044339459, ,tan,0.524385254393888,,,True,False,True
EndocardialCells,SmoothMuscleCells,Vwf,Itga9,1.1021204,0.0,0.49177027,1.234963397559759,1.235558273857268,0.09781569,0.78924894,0.022239106281239866,0.31417201024227936, ,brown,0.691096517422782,brown,0.572216452048973,True,True,True
Myocytes,Leukocytes,B2m,Hfe,0.83569384,1.0,0.6363472,-1.1087169768892595,-0.2716900643767015,0.023724204,0.80988616,1.0,0.3148119673516992, ,lightcyan,0.258422460285535,turquoise,0.82962551651113,True,False,True
Myocytes,Fibroblasts,Lama2,Rpsa,1.032252,0.901,0.49081278,0.08443951783950683,-0.11640088423509048,0.028931793,0.7890869,1.0,0.31523892757216787, ,midnightblue,0.3482443250449,black,0.767953600044462,True,False,True
Fibroblasts,EndocardialCells,Bgn,Ly96,0.95436335,0.0,0.49070576,0.48408323082594323,0.7018433997502134,0.057615403,0.7890687,0.04661355811512315,0.31545249567590816, ,brown,0.765417544462891,,,True,False,True
SmoothMuscleCells,Leukocytes,Icam1,Cav1,0.1671669,1.0,0.023667866,-0.6926771456200234,-1.0730630594322064,0.0017477376,0.45102203,1.0,0.3158190619349726, ,darkorange,0.588329109955734,brown,0.71721751830981,True,True,True
Fibroblasts,EndocardialCells,Col4a3,Cd93,0.9099861,0.0,0.49047816,0.6142812938450779,0.7554540913702312,0.16899471,0.78903013,0.028541536280802495,0.31609350864431907, ,,,lightcyan,0.582187985085655,False,True,True
EndocardialCells,Myocytes,Hspg2,Dag1,0.8350718,0.0,0.6298346,0.21336146845349024,0.15955106970795546,0.05837763,0.809093,0.13931330757698143,0.31609350864431907, ,brown,0.437670232192996,,,True,False,True
EndocardialCells,Leukocytes,Arf1,Pld2,0.85860926,0.0,0.49040535,0.046813611654948586,0.1692533856135338,0.04549561,0.7890178,0.32841594705334165,0.316307311221354, ,black,0.837316989977312,brown,0.582530830956136,False,True,True
EndothelialCells,Leukocytes,Pdgfb,S1pr1,0.8343544,0.0,0.5135912,0.2364267732614787,0.6536866834109709,0.056095693,0.7928371,0.051486495821548475,0.31780552559321346, ,cyan,0.464137268387394,lightcyan,0.295561659818741,False,True,True
EndocardialCells,SmoothMuscleCells,Pf4,Ldlr,0.15440986,1.0,0.02372528,-0.12015624468387172,-0.387647320612199,0.013355717,0.45132202,1.0,0.31828632746546637, ,brown,0.901042251404365,,,True,False,True
Myocytes,EndocardialCells,Lamb1,Cd44,0.16437833,1.0,0.02373612,-0.32098804001936787,-0.5487448706857668,0.0067798416,0.45137855,1.0,0.3189028919664153, ,blue,0.38218227877007,yellow,0.212459882063522,False,True,True
Fibroblasts,SmoothMuscleCells,Pf4,Ldlr,0.15450771,1.0,0.02375338,-0.12002484918394206,-0.5170522747670039,0.013371535,0.45146856,1.0,0.31951939305804494, ,brown,0.749903040618126,,,True,False,True
SmoothMuscleCells,Fibroblasts,Bmp4,Bmpr1a_Bmpr2,0.15454787,1.0,0.023775766,-0.15267169281012177,-0.34367245670041124,0.017589016,0.4515852,1.0,0.32013576853760073, ,tan,0.262138911546446,,,True,False,True
Leukocytes,SmoothMuscleCells,App,Tspan15,0.8335123,0.003,0.5527405,0.06234549677102575,0.10984350526298198,0.061530933,0.7988051,0.5072218096393796,0.3203805880682742, ,turquoise,0.410874157662401,lightcyan,0.545464577373123,False,True,True
EndothelialCells,SmoothMuscleCells,App,Tnfrsf21,0.91032803,0.0,0.48701698,0.3800912275753925,0.3928021108880169,0.07074075,0.78844005,0.028541536280802495,0.3208105893662294, ,black,0.617473609490099,brown,0.729469459126359,False,True,True
Leukocytes,EndocardialCells,Sparc,Eng,1.0888932,1.0,0.48629645,-0.4381875342928835,-0.33576957302418753,0.013062418,0.78831655,1.0,0.3216712477658251, ,,,brown,0.973204830554305,False,True,True
Leukocytes,Myocytes,Hspg2,Lrp1,0.15602362,1.0,0.023840703,-0.9327852820832494,-1.3577626496185884,0.0015591042,0.45192295,1.0,0.32321632184061583, ,brown,0.525122764314888,,,True,False,True
Fibroblasts,SmoothMuscleCells,C3,Lrp1,0.8322423,0.0,0.63730675,0.31998391884802724,0.607541700549062,0.11666958,0.8100022,0.028541536280802495,0.32382703227085813, ,,,brown,0.561942294262648,False,True,True
Myocytes,Myocytes,Lama2,Itga1,0.18056701,1.0,0.02384824,-0.3132903405355142,-0.7126966777181489,0.006659844,0.4519621,1.0,0.3244478756296144, ,midnightblue,0.3482443250449,darkgreen,0.785762693213249,True,False,True
Leukocytes,SmoothMuscleCells,Tgfb1,Itgb5,0.8316537,0.0,0.690901,0.3377815038290691,0.35360449167998825,0.06478253,0.81613785,0.036081284478235005,0.3244749138353412, ,brown,0.780749588439731,brown,0.48064539237368,True,True,True
Myocytes,Leukocytes,Tfpi,Lrp1,0.83142155,0.0,0.6907326,0.2783992148530963,0.26148532497393884,0.059814464,0.81611955,0.06959523428167137,0.3253395246867462, ,brown,0.493469316651968,turquoise,0.663780405167675,True,False,True
SmoothMuscleCells,EndocardialCells,Vtn,Kdr,0.8312181,0.0,0.6855351,1.3670359911833545,0.9167307819579128,0.22906162,0.8155522,0.00809242591339862,0.3255558332774451, ,brown,0.715989746853182,blue,0.557659518401045,True,False,True
EndocardialCells,Myocytes,Col4a4,Cd93,0.16854036,1.0,0.023890149,-0.33136072869025934,-0.6120646842324953,0.0064653144,0.45217955,1.0,0.3256790516126157, ,,,tan,0.291337625930732,False,True,True
Fibroblasts,Fibroblasts,Fn1,Sdc2,0.86395836,0.0,0.48355648,0.5686290287058539,1.0239701789311786,0.10126836,0.7878447,0.028541536280802495,0.32598862433024367, ,pink,0.318999323805734,brown,0.848057536799011,False,True,True
Fibroblasts,SmoothMuscleCells,Apoe,Lrp5,0.8753506,0.0,0.48286524,0.22557034564636405,0.20630163812483965,0.037589613,0.78772515,0.22337342315635766,0.32685485778510875, ,,,lightcyan,0.468034414228244,False,True,True
EndocardialCells,Myocytes,Igf2,Insr,0.83078706,0.0,0.68634665,1.115211361516816,1.406525366274937,0.19730923,0.8156411,0.0021958840546577154,0.32685485778510875, ,red,0.389357235317653,midnightblue,0.494037113570807,False,True,True
Myocytes,SmoothMuscleCells,Sema3c,Nrp2_Plxna2,0.16624004,1.0,0.023940103,-0.144674236786524,-0.3006289970694467,0.02407448,0.4524383,1.0,0.32690984984757837, ,tan,0.524385254393888,,,True,False,True
Myocytes,SmoothMuscleCells,Sema3c,Nrp2_Plxna1,0.16624004,1.0,0.023940103,-0.144674236786524,-0.3006289970694467,0.02407448,0.4524383,1.0,0.32690984984757837, ,tan,0.524385254393888,,,True,False,True
Myocytes,SmoothMuscleCells,Sema3c,Nrp1_Nrp2_Plxnd1,0.16624004,1.0,0.023940103,-0.144674236786524,-0.3006289970694467,0.02407448,0.4524383,1.0,0.32690984984757837, ,tan,0.524385254393888,,,True,False,True
Myocytes,Fibroblasts,Ybx1,Notch1,1.0159469,1.0,0.482048,-0.11417935610967461,-0.40988212740610314,0.013330859,0.78758353,1.0,0.3283730265960144, ,royalblue,0.864020544934997,yellow,0.264341417098466,False,True,True
EndocardialCells,Myocytes,App,Tspan12,0.8303007,1.0,0.49387574,-0.11770859068277538,-0.2786393631976033,0.02375244,0.7896041,1.0,0.3290245560074448, ,,,tan,0.589192837879818,False,True,True
SmoothMuscleCells,EndocardialCells,Tgfb1,Cav1,0.8651004,0.0,0.48166713,0.1286554366937534,-0.06391621600770775,0.027988514,0.78751737,0.5541447485854007,0.3292418479574751, ,brown,0.732384831866489,,,True,False,True
Fibroblasts,Leukocytes,Ltbp3,Itgb5,0.8301921,0.0,0.6872194,0.36690592083457235,0.7095083200374798,0.09259253,0.81573665,0.028541536280802495,0.3294591976231305, ,brown,0.316212515891352,turquoise,0.76035177467005,True,False,True
SmoothMuscleCells,Myocytes,Sorbs1,Itgb5,0.8300118,0.0,0.5209889,0.25253749278703463,0.22354006023488027,0.033986393,0.7940091,0.31503574461668243,0.330329129235094, ,red,0.346616458264544,tan,0.521580300356519,False,True,True
EndothelialCells,Myocytes,Pf4,Lrp1,0.15665334,1.0,0.02400897,-0.5164931964485154,-1.043249319247471,0.0029611278,0.45279413,1.0,0.3305999786438259, ,brown,0.640686712105496,,,True,False,True
SmoothMuscleCells,Fibroblasts,Tgfb1,Sdc2,0.86265206,0.0,0.47996,0.36734831320157507,0.7251960289802326,0.056163173,0.7872202,0.05121616695884582,0.33163582146424714, ,brown,0.732384831866489,brown,0.848057536799011,True,True,True
Myocytes,EndocardialCells,Fndc5,Itgav,1.0483665,0.0,0.47836137,1.5460113873704122,1.3779700212361037,0.1270269,0.78694063,0.007238413434755653,0.33250805690152563, ,brown,0.866327263435725,,,True,False,True
Fibroblasts,SmoothMuscleCells,Serpinf1,Plxdc1,0.8288964,0.0,0.50679725,0.7924055136353106,1.31727732972498,0.32082692,0.7917414,0.004230956668609373,0.33316287025215013, ,pink,0.422102859092722,brown,0.564391916760816,False,True,True
Myocytes,EndothelialCells,Jam3,Itgb1,0.85047656,0.833,0.4778098,0.019767837682058753,-0.07656700855358262,0.022917276,0.7868439,1.0,0.33338125629793774, ,brown,0.527581135398156,,,True,False,True
Myocytes,Myocytes,Wnt5a,Lrp5,0.16845554,0.997,0.02414489,-0.009235472915385928,-0.15977048655418488,0.023483451,0.4534936,1.0,0.3336725059802472, ,tan,0.430635396063789,magenta,0.640616946380385,True,False,True
SmoothMuscleCells,EndocardialCells,Col1a1,Cd44,0.16630058,1.0,0.024147753,-0.3288512370730531,-0.456043491103492,0.010219109,0.45350826,1.0,0.3342867097942515, ,brown,0.614930628804247,yellow,0.212459882063522,True,True,True
EndocardialCells,EndothelialCells,Ntn1,Unc5b,0.82850575,0.0,0.6517792,0.46992661437186206,0.7277734998612533,0.123521164,0.811724,0.028541536280802495,0.3344740037040391, ,brown,0.425522037629137,turquoise,0.858514682671242,True,False,True
Leukocytes,Leukocytes,Hspg2,Dag1,0.1572681,1.0,0.024284847,-0.7012538433567508,-1.0421858218689923,0.0022508954,0.45420995,1.0,0.3367426437529766, ,brown,0.525122764314888,,,True,False,True
Myocytes,Fibroblasts,Vegfa,Nrp1,0.8269861,0.0,0.67813015,0.43109648673776785,0.2083289360555296,0.08714213,0.81473386,0.09995742078992038,0.33754135540810226, ,,,yellow,0.250435830471026,False,True,True
SmoothMuscleCells,Leukocytes,Arf1,Pld2,0.83713603,0.129,0.47486666,0.002916199291273236,0.13357622470329894,0.044054065,0.78632534,0.712688744784511,0.33841982650920144, ,black,0.82182902454818,brown,0.582530830956136,False,True,True
Myocytes,Fibroblasts,Mfge8,Itgb5,0.82666904,0.908,0.54728276,-0.06343970768380891,0.0804795876807588,0.025952099,0.7980066,1.0,0.3390792351294223, ,tan,0.698770478903018,turquoise,0.646285311150696,True,False,True
SmoothMuscleCells,Myocytes,Mfge8,Itgav,1.0003606,0.0,0.47426665,0.5047261139751085,0.3855727147191919,0.04333065,0.786219,0.13713565441140682,0.3390792351294223, ,lightcyan,0.510462651252352,grey60,0.700690341838197,True,False,True
EndocardialCells,Myocytes,Angpt2,Tie1,0.18309966,1.0,0.024377119,-0.2725002616978808,-0.6171505686391545,0.0053337333,0.45468003,1.0,0.33919706880607214, ,,,darkorange,0.249810980800106,False,True,True
SmoothMuscleCells,Myocytes,Bmp2,Gpc1,0.94551224,0.0,0.47373277,1.9209458424815677,1.5749645417445621,0.3637833,0.7861244,3.656890670540492e-05,0.3399593045725432, ,,,brown,0.486264962491867,False,True,True
Myocytes,SmoothMuscleCells,Adam15,Itga9,0.1746329,1.0,0.024528662,-0.5131807346737447,-0.7673256734687643,0.0031037354,0.45544842,1.0,0.34164998541721003, ,greenyellow,0.325902540394564,brown,0.572216452048973,False,True,True
EndocardialCells,EndocardialCells,Col4a5,Cd44,0.16816668,1.0,0.024547365,-0.1372447609537181,-0.21351796719306715,0.012172129,0.45554295,1.0,0.3422629943934905, ,,,yellow,0.212459882063522,False,True,True
EndocardialCells,Myocytes,App,Ncstn,0.8253601,1.0,0.48130214,-0.08438015875768354,-0.17497607267937976,0.025164066,0.78745395,1.0,0.3426049371650472, ,,,tan,0.790441710487318,False,True,True
Myocytes,SmoothMuscleCells,Psen1,Notch3,1.203998,0.0,0.4499936,1.710064156925411,1.3757962223791598,0.10202851,0.7817707,0.007419830084528815,0.34287587820194243, ,tan,0.493293969025575,turquoise,0.726005283396853,True,False,True
SmoothMuscleCells,EndothelialCells,Col4a5,Cd93,0.9346859,0.0,0.4717986,0.5203357010106663,0.9037824570639337,0.07751873,0.7857802,0.028541536280802495,0.3434886047458534, ,brown,0.452711648416098,turquoise,0.705808522625346,True,False,True
SmoothMuscleCells,EndocardialCells,Efnb1,Ephb4,0.8407523,0.0,0.47161502,0.32348694128323613,0.2597433786613784,0.06564123,0.7857475,0.07016289230793332,0.34370967475263065, ,brown,0.361961852199938,brown,0.694780356205533,True,True,True
EndothelialCells,Fibroblasts,S100a9,Cd36,0.15867165,1.0,0.024611969,-0.3280358548987671,-0.9232379576328039,0.010821298,0.4558689,1.0,0.34471402609471186, ,brown,0.216716678799988,,,True,False,True
EndocardialCells,Fibroblasts,Tfpi,F3,0.82419884,0.0,0.47064182,0.7168707461946178,0.9857858075470318,0.18574066,0.7855736,0.007985127821987657,0.3450372415404753, ,brown,0.667671842240135,,,True,False,True
SmoothMuscleCells,SmoothMuscleCells,Fam3c,Lamp1,0.8270781,1.0,0.47013468,-0.37274788926204416,-0.3619610203558898,0.0177289,0.7854827,1.0,0.34548023220989943, ,,,yellow,0.307810456078744,False,True,True
Leukocytes,EndocardialCells,Hspg2,Ptprs,0.15832889,1.0,0.024663428,-0.6491113310501224,-0.9317120591316729,0.003256447,0.456128,1.0,0.34593897664183343, ,brown,0.525122764314888,,,True,False,True
SmoothMuscleCells,Myocytes,Mfng,Notch2,0.15915795,1.0,0.024688026,-0.29767200414840084,-0.5223930116733838,0.008309669,0.4562516,1.0,0.3465512951683017, ,darkgrey,0.554182413045897,midnightblue,0.62811133093121,False,True,True
SmoothMuscleCells,EndothelialCells,Tgfb1,Itgb1,0.84729826,0.446,0.46925405,0.01930257996284361,-0.010642793449207988,0.02233294,0.78532475,0.9104317155298078,0.3468105184130075, ,brown,0.732384831866489,,,True,False,True
Fibroblasts,EndocardialCells,Tgfb1,Eng,1.0843884,0.0,0.4689514,0.3153395548655507,0.08113690305455129,0.026152136,0.78527033,0.6463058136699449,0.3472544146573096, ,brown,0.757880766459934,brown,0.973204830554305,True,True,True
Leukocytes,Myocytes,Efemp2,Aqp1,0.1572803,1.0,0.024725325,-0.4894217135514516,-0.8763976459193277,0.004053912,0.4564389,1.0,0.34777568055433866, ,turquoise,0.643633869750434,tan,0.720394893145201,False,True,True
Fibroblasts,Myocytes,Ngf,Sort1,0.8230337,0.0,0.6661778,0.9429457409876005,1.3315252078600868,0.15219525,0.8133881,0.009358860632489046,0.348142840509069, ,cyan,0.480064944402001,midnightblue,0.356528030180206,False,True,True
EndocardialCells,Myocytes,Grn,Sort1,0.8227947,0.0,0.665835,0.6386074396993061,0.5344290769536152,0.069096416,0.813349,0.028541536280802495,0.34880978648089966, ,black,0.786037722626477,midnightblue,0.356528030180206,False,True,True
Fibroblasts,EndothelialCells,Bgn,Ly96,0.94724655,0.0,0.46789628,0.47291485549687595,0.735410833648454,0.054937266,0.7850804,0.055623404767969266,0.34880978648089966, ,brown,0.765417544462891,turquoise,0.848684740059453,True,False,True
Fibroblasts,Leukocytes,Gnai2,S1pr1,0.82275087,1.0,0.50414383,-0.3630407403458646,-0.5498981462166157,0.016589608,0.7913083,1.0,0.34903221467610823, ,black,0.78566112490779,lightcyan,0.295561659818741,False,True,True
EndothelialCells,Fibroblasts,Col4a2,Itga9_Itgb1,0.8671023,0.0,0.46722415,0.37879428849281066,0.5721574622057723,0.05919319,0.7849591,0.0420949891229815,0.3501451565823254, ,yellow,0.155737396507289,,,True,False,True
EndothelialCells,Myocytes,Mfge8,Itgb5,0.8224886,0.928,0.51466614,-0.020877033481854962,-0.06790955726410963,0.024405422,0.7930088,1.0,0.35036792301768904, ,,,tan,0.521580300356519,False,True,True
Myocytes,Leukocytes,Lama2,Rpsa,0.98894477,1.0,0.4670682,-0.051353451515938495,-0.21903116739728484,0.027532125,0.7849309,1.0,0.3505907457775916, ,midnightblue,0.3482443250449,,,True,False,True
SmoothMuscleCells,Myocytes,Efnb1,Epha4,0.8328433,0.0,0.4659881,0.6157261977906162,0.668461982592926,0.08100789,0.78473544,0.028541536280802495,0.351482599772774, ,brown,0.361961852199938,brown,0.571232341148922,True,True,True
Leukocytes,Leukocytes,Tgfb1,Itgb5,0.8222298,0.0,0.674711,0.3252397095610413,0.3773961934986149,0.06326447,0.8143521,0.03274585312731023,0.3517057039380085, ,brown,0.780749588439731,turquoise,0.76035177467005,True,False,True
Leukocytes,Fibroblasts,Tgfb1,Lpp,0.82221997,0.0,0.67469406,0.4292642991481253,0.5312439709411436,0.06132789,0.8143502,0.03639348702028197,0.3519288192977467, ,brown,0.780749588439731,,,True,False,True
SmoothMuscleCells,Leukocytes,Cfh,Itgam,0.82205963,0.0,0.6627072,0.7302323947468474,0.607342224632225,0.114707865,0.81299126,0.028541536280802495,0.35237530873553363, ,brown,0.635972789613381,darkturquoise,0.257147137760542,True,False,True
Myocytes,EndothelialCells,Fndc5,Itgb5,1.0447583,0.0,0.4651103,1.2863138030099162,0.9333468804099061,0.06410378,0.7845762,0.031013032601743554,0.3528220229498174, ,brown,0.866327263435725,,,True,False,True
Myocytes,SmoothMuscleCells,Vegfa,Nrp1,0.82125103,0.0,0.66951627,0.4227049454492967,0.36346269260743946,0.086035214,0.8137672,0.033328418889519616,0.35416346793597275, ,,,lightcyan,0.26029605688583,False,True,True
Leukocytes,SmoothMuscleCells,Icam1,Cav1,0.8355569,0.0,0.46373004,0.14711963314672427,0.01967175435169738,0.03424383,0.7843249,0.34109802088570845,0.35416346793597275, ,,,midnightblue,0.401042124167732,False,True,True
Leukocytes,EndothelialCells,Vegfb,Nrp1,1.0074556,0.0,0.463016,0.3628203843052316,0.4181169919250254,0.024083547,0.7841945,0.30718581007815704,0.3552829186148205, ,,,brown,0.648185002416343,False,True,True
EndothelialCells,SmoothMuscleCells,Timp3,Kdr,0.84254026,0.953,0.4626216,0.024992239643245068,-0.18429738937768458,0.02734452,0.78412235,1.0,0.3559552159601561, ,yellow,0.308157376549655,,,True,False,True
SmoothMuscleCells,Myocytes,Dll4,Notch2,0.16071603,1.0,0.025104953,-0.3078322222818085,-0.5640532025547862,0.0074447487,0.45832968,1.0,0.3569465828938731, ,darkgrey,0.650454194465404,midnightblue,0.62811133093121,False,True,True
EndocardialCells,EndocardialCells,Col4a4,Cd44,0.17140523,0.997,0.025240874,-0.07204473045965015,-0.07544702128802938,0.020615164,0.45900002,1.0,0.35877823506699735, ,,,yellow,0.212459882063522,False,True,True
Fibroblasts,EndothelialCells,Tgfb1,Cav1,1.0675697,0.0,0.46075782,0.3457902902180267,0.5094533875375711,0.026773524,0.7837806,0.30718581007815704,0.3593243850020239, ,brown,0.757880766459934,brown,0.884758647437185,True,True,True
EndocardialCells,SmoothMuscleCells,Hspg2,Fgfr1,0.81829184,0.263,0.5930898,0.011623372080918647,-0.03950455319006063,0.04389262,0.8044073,0.7913879069582832,0.35954944880474343, ,brown,0.437670232192996,,,True,False,True
Leukocytes,EndocardialCells,Col14a1,Cd44,0.17178175,1.0,0.025321502,-0.24050137511264813,-0.37824156311037205,0.01239775,0.459396,1.0,0.3599988560039369, ,turquoise,0.528510964151476,yellow,0.212459882063522,False,True,True
Myocytes,EndocardialCells,Jam3,Itgb1,0.8259811,0.983,0.46041816,-0.02284333512051266,-0.1994096931961296,0.022083119,0.78371805,1.0,0.3599997435869781, ,brown,0.527581135398156,pink,0.572507776572743,True,False,True
SmoothMuscleCells,Myocytes,Col1a2,Cd36,0.8177967,0.022,0.6123762,0.056725403382880776,-0.2040909053757204,0.048570238,0.80691254,1.0,0.36067560348495586, ,,,brown,0.500716969407465,False,True,True
SmoothMuscleCells,SmoothMuscleCells,Tgfb1,Cav1,0.83418584,0.0,0.46011102,0.0924998049964033,-0.06471042304244395,0.02673594,0.7836615,0.6138198709292714,0.36067560348495586, ,brown,0.732384831866489,midnightblue,0.401042124167732,True,True,True
EndothelialCells,SmoothMuscleCells,Pdgfb,S1pr1,0.81756896,0.0,0.47123757,0.21587349597721256,0.682220922464523,0.05146972,0.78568006,0.07293613974563809,0.3613519187876417, ,cyan,0.464137268387394,brown,0.496884663475412,False,True,True
EndocardialCells,Myocytes,Lama4,Itga7_Itgb1,0.81748396,1.0,0.6663773,-0.2425255563573971,-0.1760720483885081,0.030036815,0.81341076,1.0,0.3615774836313271, ,brown,0.394621679147421,,,True,False,True
SmoothMuscleCells,Myocytes,Bmp4,Acvr2a_Bmpr1a,0.16033247,1.0,0.025442822,-0.12289446814128012,-0.2986788718495964,0.024537096,0.45998958,1.0,0.3618290668055079, ,tan,0.262138911546446,,,True,False,True
EndothelialCells,SmoothMuscleCells,Tgfb1,Sdc2,0.81662446,0.0,0.65703845,0.35429191907117086,0.4284141268115513,0.07688425,0.81233734,0.028541536280802495,0.3624802988613005, ,brown,0.518107180491385,purple,0.609944118619034,True,False,True
Leukocytes,Myocytes,Tgfb1,Itgb1,0.8164241,0.966,0.6647369,-0.08432125614724262,-0.00027667654296864574,0.031636443,0.8132237,1.0,0.36270614156014763, ,brown,0.780749588439731,greenyellow,0.433544316700636,True,False,True
Leukocytes,Fibroblasts,Ybx1,Notch1,0.9723583,1.0,0.45813882,-0.24689668105053955,-0.48600190029780627,0.01266966,0.7832971,1.0,0.3640623176732695, ,turquoise,0.484921562450091,yellow,0.264341417098466,False,True,True
SmoothMuscleCells,SmoothMuscleCells,Tgfb1,Lpp,0.82969725,0.0,0.4569812,0.4043783055502609,0.37421318711028145,0.041538373,0.78308237,0.1603107727605073,0.3665538140093612, ,brown,0.732384831866489,,,True,False,True
EndothelialCells,SmoothMuscleCells,Hspg2,Ptprs,0.8728354,0.0,0.45599094,0.30835577361155664,0.46195710897287795,0.060206976,0.78289807,0.0395540079628608,0.3683700343576808, ,brown,0.70755077011452,,,True,False,True
Myocytes,Myocytes,Col4a5,Cd93,0.17716773,1.0,0.025638768,-0.3778847541590491,-0.7382018866530282,0.004212571,0.46094263,1.0,0.3685326743030442, ,brown,0.598294810383622,tan,0.291337625930732,True,True,True
Fibroblasts,SmoothMuscleCells,Igf1,Insr,0.814018,0.0,0.51167834,0.5363945892037554,0.8649344213235799,0.09722919,0.79253054,0.028541536280802495,0.36905204477966486, ,brown,0.689047425976755,purple,0.577260982928268,True,False,True
Myocytes,SmoothMuscleCells,Tnfsf12,Tnfrsf12a,0.16860148,1.0,0.025662037,-0.46509849897587136,-0.7238788382463002,0.0042174337,0.4610553,1.0,0.36914151268473006, ,magenta,0.467777613250867,brown,0.54738257660967,False,True,True
Fibroblasts,Myocytes,Vegfa,Itga9,0.16558428,1.0,0.025750924,-0.0651890067286314,-0.16200502588966428,0.010985209,0.46148497,1.0,0.36975028786135766, ,yellow,0.272486789574581,,,True,False,True
EndothelialCells,SmoothMuscleCells,Tln1,Itgb5,0.8137191,0.001,0.6620505,0.09945122769919985,0.12552488955016972,0.038189545,0.8129159,0.47092931215184725,0.3699621636469414, ,pink,0.721187426052129,brown,0.48064539237368,False,True,True
EndocardialCells,Myocytes,Cp,Slc40a1,0.8333286,0.0,0.4546349,0.6654765050470244,0.6026866893554529,0.12281279,0.78264475,0.028541536280802495,0.37018978510708855, ,brown,0.593632679569775,magenta,0.862475051284496,True,False,True
EndothelialCells,EndocardialCells,Adm,Gpr182,1.0649768,0.0,0.45441753,1.1914575661498767,1.1933237170314432,0.13475509,0.78260416,0.018642818231883348,0.37064528504391847, ,turquoise,0.526668318506054,brown,0.891148367167637,False,True,True
Fibroblasts,EndocardialCells,Fgf7,Nrp1,0.9416549,0.0,0.45441565,0.4558738612003115,0.6394609905054657,0.13914078,0.7826038,0.028541536280802495,0.37087311755017105, ,turquoise,0.802910738540727,brown,0.550721740569223,False,True,True
Fibroblasts,SmoothMuscleCells,Hspg2,Lrp1,0.8135441,1.0,0.6149796,-0.08175219062004697,-0.22894802821660543,0.040217664,0.8072428,1.0,0.37087311755017105, ,brown,0.485029372814491,brown,0.561942294262648,True,True,True
SmoothMuscleCells,Fibroblasts,Adam15,Itgb1,0.8134657,1.0,0.5805607,-0.28590403296976963,-0.3947733939071182,0.020138282,0.8027222,1.0,0.37110100506232735, ,lightcyan,0.35510465639107,black,0.76802340300577,True,False,True
EndothelialCells,SmoothMuscleCells,Pf4,Ldlr,0.16164538,1.0,0.025803138,-0.1104479910677951,-0.4285444240140775,0.014525407,0.46173665,1.0,0.37157598850229756, ,brown,0.640686712105496,,,True,False,True
EndothelialCells,EndocardialCells,Angpt2,Tek,0.91320217,0.0,0.45418707,0.5501351999138081,0.684721486430341,0.09137033,0.78256094,0.028541536280802495,0.3717849974893112, ,brown,0.680260821306767,turquoise,0.750401575324424,True,False,True
Fibroblasts,Myocytes,App,Tspan12,0.81321275,1.0,0.48061138,-0.1505773091869954,-0.32149598578020666,0.023114504,0.7873337,1.0,0.3720131048801746, ,black,0.764270466936223,tan,0.589192837879818,False,True,True
Myocytes,Myocytes,Rgmb,Bmpr2,0.16065957,1.0,0.025804013,-0.17833261502353218,-0.4123253483860091,0.013375869,0.4617409,1.0,0.37218438805140547, ,orange,0.640366075374755,darkgreen,0.622919527490061,True,False,True
Myocytes,Leukocytes,Arf1,Pld2,0.8128341,0.73,0.45728105,-0.04676466312640479,0.10949583031208959,0.042422622,0.78313804,0.9969207943580184,0.37361134782244376, ,,,brown,0.582530830956136,False,True,True
Fibroblasts,SmoothMuscleCells,Tgfb3,Eng,0.81277585,0.006,0.66044855,0.0879015825456908,0.338370472038766,0.054987423,0.8127317,0.5363782492217403,0.37406844938227324, ,turquoise,0.64721209119704,lightcyan,0.40613301582679,False,True,True
SmoothMuscleCells,Leukocytes,Gnai2,S1pr1,0.8125954,1.0,0.49587554,-0.38378654596599876,-0.49978248992153246,0.016317524,0.7899395,1.0,0.3747545818868858, ,black,0.83203351296545,lightcyan,0.295561659818741,False,True,True
SmoothMuscleCells,EndocardialCells,Tgfb1,Itgb1,0.8228028,0.892,0.45217386,-0.023308592839727804,-0.13348547809175498,0.021520052,0.78218275,1.0,0.3749834022602084, ,brown,0.732384831866489,pink,0.572507776572743,True,False,True
Myocytes,EndocardialCells,Lama2,Rpsa,0.96139467,1.0,0.45196295,-0.13773521579192252,-0.2677431563609413,0.026641723,0.782143,1.0,0.3752122773786055, ,midnightblue,0.3482443250449,black,0.836399503441296,True,False,True
EndothelialCells,Myocytes,Angpt2,Tie1,0.19220762,1.0,0.02597015,-0.2590375408035915,-0.4464107518426215,0.005682289,0.46253845,1.0,0.3752248855642341, ,brown,0.680260821306767,darkorange,0.249810980800106,True,True,True
EndocardialCells,Leukocytes,Adm,Ramp2,0.16257387,1.0,0.02597238,-0.766524496795794,-0.9861013072580489,0.0037510844,0.46254915,1.0,0.37583272188941397, ,,,brown,0.554844247941604,False,True,True
Myocytes,Fibroblasts,Mfap5,Notch1,0.18450457,1.0,0.025985979,-0.5539406418086726,-1.0450672686586873,0.0032736019,0.4626142,1.0,0.37644043370620517, ,,,yellow,0.264341417098466,False,True,True
Fibroblasts,Myocytes,Ntn1,Mcam,0.5111674,0.062,0.17951573,0.06584374261694109,0.08027355913913514,0.01748797,0.69349927,1.0,0.37666368040287146, ,turquoise,0.847226247817953,brown,0.675177279471707,False,True,True
Myocytes,Myocytes,Fgf1,Fgfr1,0.54621536,0.0,0.17947356,0.7189954982152219,0.40759126944333723,0.038543783,0.6934743,0.2045904735384183,0.3769970866027613, ,orange,0.689259866805731,magenta,0.803121502214596,True,False,True
EndothelialCells,EndocardialCells,Hspg2,Dag1,0.870917,0.0,0.45052025,0.23359664411613962,0.3234800704449482,0.041757476,0.7818705,0.15695139694718213,0.37704520112502693, ,brown,0.70755077011452,,,True,False,True
Fibroblasts,EndocardialCells,Pf4,Thbd,0.6246928,0.0,0.17931694,0.16109785168945184,-0.28121921815694995,0.020949563,0.6933815,1.0,0.37749743000239216, ,brown,0.749903040618126,,,True,False,True
Fibroblasts,SmoothMuscleCells,Sorbs1,Itgb5,0.5141962,1.0,0.18022397,-0.1360471432452646,-0.4723258788532202,0.0117568,0.6939176,1.0,0.37749743000239216, ,,,brown,0.48064539237368,False,True,True
Myocytes,EndocardialCells,Tgfb1,Eng,1.0795667,0.0,0.45038632,0.30789569142171813,0.1922904974670961,0.02511681,0.7818451,0.714479302093232,0.3775039900471123, ,darkred,0.84402401701177,brown,0.973204830554305,False,True,True
Fibroblasts,EndocardialCells,Igf1,Igf1r,0.8119918,0.0,0.5068051,0.4110832758518649,0.6752949080028073,0.09372646,0.7917427,0.028541536280802495,0.3775039900471123, ,brown,0.689047425976755,,,True,False,True
Myocytes,Myocytes,Alb,B2m_Fcgrt,0.26674318,1.0,0.026035441,-0.2704281239444448,-0.387208696763934,0.027863007,0.4628506,1.0,0.37765560650543717, ,midnightblue,0.250381300445819,,,True,False,True
Myocytes,SmoothMuscleCells,Angpt1,Tie1,0.8566979,0.0,0.4502735,0.8375330174414177,0.7743608656747003,0.07223596,0.78182375,0.028541536280802495,0.3777334200763335, ,blue,0.693979147525439,darkorange,0.471040667965038,False,True,True
EndocardialCells,SmoothMuscleCells,C4b,Nrp1,0.54687965,1.0,0.18030415,-0.3467205398724968,-0.4945252719132009,0.015892679,0.69396484,1.0,0.3779982159038203, ,brown,0.65851944024539,lightcyan,0.26029605688583,True,True,True
Myocytes,SmoothMuscleCells,Tgfb3,Itgb5,0.5135173,0.973,0.1791319,-0.058499006899622244,-0.15612326437089435,0.025076104,0.69327176,1.0,0.3779982159038203, ,darkgrey,0.458281786631104,brown,0.48064539237368,False,True,True
Myocytes,Fibroblasts,Rgmb,Bmpr2,0.16146281,1.0,0.02605772,-0.17695884561188194,-0.424023943008321,0.013507382,0.46295694,1.0,0.3782630674928996, ,orange,0.640366075374755,turquoise,0.480968194038114,True,False,True
EndocardialCells,EndocardialCells,Pf4,Thbd,0.6245949,0.0,0.17910482,0.16096645618952218,-0.1518142640021451,0.020924782,0.69325566,1.0,0.3783322741344371, ,brown,0.901042251404365,,,True,False,True
Fibroblasts,Myocytes,Gstp1,Traf2,0.6763325,0.0,0.17900164,0.1913170793415822,0.19782406301199687,0.029864877,0.69319445,0.45670231885312323,0.3786666641076478, ,black,0.700258493904029,tan,0.689086951973111,False,True,True
Fibroblasts,SmoothMuscleCells,App,Cd74,0.69198006,1.0,0.18036525,-0.17256346057008934,-0.2588315286313587,0.013410687,0.69400084,1.0,0.37883393295673173, ,black,0.764270466936223,brown,0.628700992199273,False,True,True
Leukocytes,EndothelialCells,Lum,Itgb1,0.73942226,1.0,0.17886122,-0.22889713499859338,-0.5012240255374419,0.009267878,0.6931109,1.0,0.3790011159944159, ,brown,0.636918535342463,,,True,False,True
SmoothMuscleCells,Myocytes,Col4a5,Itga1_Itgb1,0.19388524,1.0,0.026165409,-0.16087050193870217,-0.36794782557379413,0.009420183,0.46346962,1.0,0.3794776773819635, ,brown,0.452711648416098,,,True,False,True
Myocytes,SmoothMuscleCells,Hsp90b1,Lrp1,0.8109263,1.0,0.6118538,-0.26746815422722514,-0.34288577427346034,0.027241165,0.806846,1.0,0.3798011146465162, ,,,brown,0.561942294262648,False,True,True
SmoothMuscleCells,EndocardialCells,Mfge8,Itgav,0.9932235,0.0,0.4496302,0.49268566485389625,0.36698490702393655,0.041079782,0.7817018,0.16664566614754697,0.38003113603113403, ,lightcyan,0.510462651252352,,,True,False,True
Fibroblasts,Leukocytes,Lamc1,Dag1,0.7318635,0.0,0.18068093,0.18254245666431793,0.30846162645039576,0.022935301,0.69418645,0.6505688458183672,0.38017345138248954, ,brown,0.533218968575482,,,True,False,True
EndothelialCells,Myocytes,Jam2,Itgav_Itgb1,0.9555154,0.0,0.44962072,0.41009080876382986,0.7222145458641012,0.05907869,0.78169996,0.04244541378199669,0.3802612118420364, ,brown,0.738558518201255,,,True,False,True
Leukocytes,EndothelialCells,C3,Nrp1,1.0035752,0.0,0.44943166,0.2300749257945523,0.18178662756092706,0.041191824,0.78166413,0.16545059162322556,0.3807215266847313, ,,,brown,0.648185002416343,False,True,True
SmoothMuscleCells,Myocytes,Col5a2,Itga1_Itgb1,0.19421333,1.0,0.026222493,-0.2936619088166553,-0.5991094008514987,0.0065365,0.46374062,1.0,0.3812989040491501, ,lightcyan,0.406604134533021,,,True,False,True
Leukocytes,SmoothMuscleCells,Tgfb1,Acvr1_Tgfbr2,0.5331487,0.0,0.17807885,0.22311899875982483,0.19781008477269862,0.031250793,0.69264454,0.40329761871544917,0.3823571518532264, ,brown,0.780749588439731,,,True,False,True
SmoothMuscleCells,EndothelialCells,Col1a1,Itga1_Itgb1,0.51493764,0.0,0.18140402,0.07685717501663811,0.3854726819348507,0.055738255,0.69461024,0.2519252039987581,0.38269377295251195, ,brown,0.614930628804247,,,True,False,True
SmoothMuscleCells,EndothelialCells,Thbs1,Cd36,1.0883565,0.0,0.44858295,0.6582377645325135,1.0701999010538739,0.113733634,0.7815028,0.028541536280802495,0.3827955871931942, ,red,0.603083405069015,brown,0.868570071306074,False,True,True
Myocytes,Leukocytes,Cd200,Cd200r1,0.21505708,1.0,0.02623193,-0.03617726516416203,-0.15081427237068312,0.014009228,0.46378538,1.0,0.38281591248459457, ,orange,0.593298039851553,salmon,0.163685624409648,True,False,True
Leukocytes,Myocytes,Cd200r1,Cd200,0.21505708,1.0,0.02623193,-0.03617726516416203,-0.15081427237068312,0.014009228,0.46378538,1.0,0.38281591248459457, ,salmon,0.163685624409648,orange,0.593298039851553,False,True,True
EndothelialCells,EndothelialCells,Pf4,Thbd,0.5946969,0.0,0.18144473,0.11934506425977472,-0.04711539946021637,0.021198153,0.6946341,1.0,0.38286222555498006, ,brown,0.640686712105496,,,True,False,True
SmoothMuscleCells,EndocardialCells,Col4a5,Cd93,0.8958973,0.0,0.44846508,0.47483407142498096,0.4764564977426611,0.07368493,0.7814803,0.028541536280802495,0.38302631497827744, ,brown,0.452711648416098,lightcyan,0.582187985085655,True,True,True
Fibroblasts,Myocytes,Efna1,Epha4,0.7242653,0.0,0.18152249,0.5329026572917693,0.3997079646581925,0.029898139,0.6946795,0.30718581007815704,0.38303072758272216, ,,,brown,0.571232341148922,False,True,True
EndocardialCells,Myocytes,Tfpi,Sdc4,0.71139234,0.0,0.181633,0.23514717607761249,0.2646365298020197,0.021930631,0.694744,0.5476383333700711,0.3837049577355023, ,brown,0.667671842240135,black,0.631251519730246,True,False,True
Myocytes,Leukocytes,Fgf7,Nrp1,0.5516016,1.0,0.17768276,-0.1424791394783133,-0.1374291273898468,0.05440596,0.6924074,1.0,0.3842113536980627, ,brown,0.584610251626662,turquoise,0.61042256211068,True,False,True
EndocardialCells,Myocytes,Angptl2,Tie1,0.19401407,1.0,0.026286107,-0.39016214885409173,-0.803057160608678,0.0032132945,0.46404192,1.0,0.38433236553940187, ,blue,0.586990939758655,darkorange,0.249810980800106,False,True,True
Myocytes,EndothelialCells,Fgf1,Tgfbr3,0.5475837,0.0,0.18191196,0.8024860077984595,0.4561484725002076,0.042638615,0.6949067,0.1447238456945042,0.38522520879212274, ,orange,0.689259866805731,,,True,False,True
Myocytes,EndothelialCells,Psen1,Notch1,0.54783255,0.0,0.18202978,0.09390139726515308,0.1968916528019034,0.027669113,0.6949754,0.5657700036325573,0.3853944033750183, ,tan,0.493293969025575,pink,0.343313799659359,True,False,True
Myocytes,SmoothMuscleCells,Angptl4,Tie1,0.20278808,1.0,0.026405802,-0.26365969194816735,-0.5080509987510964,0.010057774,0.4646069,1.0,0.3855451000188522, ,magenta,0.510755344184455,darkorange,0.471040667965038,False,True,True
Myocytes,Leukocytes,Cfh,Itgam,0.56544656,0.749,0.18211952,0.4408330937776311,0.11579629169897021,0.031523034,0.6950276,1.0,0.38590214765938297, ,lightcyan,0.377128397158479,darkturquoise,0.257147137760542,True,False,True
Leukocytes,Leukocytes,Hspg2,Itgb1,0.5995299,1.0,0.18212266,-0.6813266160358201,-0.8598519674781865,0.0054265363,0.69502944,1.0,0.3862408458898633, ,brown,0.525122764314888,,,True,False,True
Myocytes,Fibroblasts,Fgf7,Nrp1,0.5494016,1.0,0.17682116,-0.1456975863439835,-0.27363989328756555,0.054142144,0.6918896,1.0,0.38641033770546723, ,brown,0.584610251626662,yellow,0.250435830471026,True,True,True
Myocytes,Leukocytes,Sema3c,Nrp1_Plxna4,0.17802933,0.085,0.026426423,0.01821624294286601,0.06839392678461031,0.037434727,0.46470404,0.6840840683478809,0.3864543971962019, ,tan,0.524385254393888,,,True,False,True
Myocytes,Leukocytes,Sema3c,Nrp2_Plxna4,0.17802933,0.085,0.026426423,0.01821624294286601,0.06839392678461031,0.037434727,0.46470404,0.6840840683478809,0.3864543971962019, ,tan,0.524385254393888,,,True,False,True
Fibroblasts,Fibroblasts,Igf1,Igf1r,0.80828476,0.0,0.49788934,0.4051098113290833,0.6959762239891585,0.09207761,0.79027563,0.028541536280802495,0.3864936387204805, ,brown,0.689047425976755,,,True,False,True
Leukocytes,Myocytes,Lamb2,Rpsa,0.8015316,1.0,0.17677858,-0.6553280042027478,-0.7315258594665881,0.0042712116,0.6918639,1.0,0.38674933317908167, ,,,tan,0.206618269537133,False,True,True
Fibroblasts,Myocytes,App,Ncstn,0.8082722,1.0,0.46837547,-0.11724887726190356,-0.21783269526198312,0.024488218,0.78516674,1.0,0.38695688038830556, ,black,0.764270466936223,tan,0.790441710487318,False,True,True
Leukocytes,EndocardialCells,Bmp2,Eng,1.0784793,0.0,0.4461993,0.7010155937976325,0.6873495798235152,0.10712563,0.7810475,0.028541536280802495,0.3871885354501524, ,turquoise,0.506612935496998,brown,0.973204830554305,False,True,True
Fibroblasts,Leukocytes,Hspg2,Ptprs,0.6007522,1.0,0.17660749,-0.07344060649554139,-0.16284387731335015,0.02331845,0.69176066,1.0,0.38759789479528295, ,brown,0.485029372814491,,,True,False,True
Myocytes,Leukocytes,Psen1,Cd44,0.5492035,0.0,0.18258965,0.566145998102302,0.47088654181340706,0.06824211,0.69530076,0.028541536280802495,0.38759789479528295, ,tan,0.493293969025575,,,True,False,True
EndocardialCells,Fibroblasts,C4b,Nrp1,0.5526147,1.0,0.18262391,-0.33832899858402565,-0.6496590284651107,0.01609715,0.69532067,1.0,0.3879375843699132, ,brown,0.65851944024539,yellow,0.250435830471026,True,True,True
EndocardialCells,Myocytes,Mfng,Notch2,0.16577506,1.0,0.02645871,-0.287748586606899,-0.47392675741035695,0.0089056585,0.46485588,1.0,0.38796944431157543, ,,,midnightblue,0.62811133093121,False,True,True
Myocytes,Leukocytes,Bgn,Tlr2,0.5241977,0.755,0.18272175,0.16291306540834644,0.12856195802125736,0.032129254,0.69537735,1.0,0.3884476967165008, ,darkorange,0.218523360661584,turquoise,0.62716224803749,True,False,True
SmoothMuscleCells,Myocytes,Bsg,Slc16a7,0.6350991,1.0,0.18275627,-0.14852232488609243,-0.07725882620874103,0.033612687,0.6953974,1.0,0.38861769614678726, ,black,0.850005185014728,tan,0.461436207039326,False,True,True
Leukocytes,SmoothMuscleCells,App,Cd74,0.67799956,1.0,0.17629258,-0.19945297853366195,-0.23593539908957706,0.0131078735,0.6915704,1.0,0.38878788254653374, ,turquoise,0.410874157662401,brown,0.628700992199273,False,True,True
EndothelialCells,Fibroblasts,Calr,Itgav,0.80685574,0.002,0.5570455,0.006327582454635661,0.14628780471419844,0.042202886,0.79942787,0.4939114915418876,0.38997311643221255, ,yellow,0.359407124794825,,,True,False,True
EndocardialCells,Fibroblasts,Ntn1,Unc5b,0.8068321,0.0,0.6077976,0.4432123942275885,0.535271521655777,0.11518606,0.8063273,0.028541536280802495,0.39020551881072363, ,brown,0.425522037629137,turquoise,0.776803778554489,True,False,True
Fibroblasts,EndocardialCells,C1qa,Cd93,0.8045217,0.0,0.17597978,0.29332048296211904,-0.1335357719041188,0.016569274,0.691381,1.0,0.39049206674556924, ,blue,0.546463244775422,lightcyan,0.582187985085655,False,True,True
Fibroblasts,EndothelialCells,Igf1,Igf2r,0.80672455,0.0,0.49413693,0.3158989825387542,0.5751424331786609,0.0599008,0.78964806,0.04045059215265544,0.39090300167992537, ,brown,0.689047425976755,,,True,False,True
Fibroblasts,Fibroblasts,Lamc1,Itga9_Itgb1,0.83060914,0.0,0.4428771,0.3752055239467634,0.6272637123941336,0.06592501,0.7804079,0.028541536280802495,0.3911356191154536, ,brown,0.533218968575482,,,True,False,True
Fibroblasts,EndothelialCells,Vegfa,Nrp2,0.5293008,0.0,0.17590477,0.3562769856168214,0.7577049167986818,0.06753212,0.69133544,0.028541536280802495,0.39117515997320496, ,yellow,0.272486789574581,turquoise,0.45219082425824,True,False,True
Myocytes,EndocardialCells,Lamc1,Cd44,0.17771044,1.0,0.026591085,-0.4468017610579781,-0.6806992511752132,0.0051371306,0.4654767,1.0,0.3916031499546003, ,,,yellow,0.212459882063522,False,True,True
Myocytes,EndothelialCells,Tgfb1,Cav1,1.0627482,0.0,0.44251713,0.33834642677419413,0.6206069819501159,0.025713598,0.7803382,0.30718581007815704,0.3918337937485232, ,darkred,0.84402401701177,brown,0.884758647437185,False,True,True
EndothelialCells,EndothelialCells,Efemp2,Plscr4,0.52224606,0.999,0.18335459,-0.049311318725605846,0.020255589554178666,0.028706335,0.69574344,1.0,0.3922012236795196, ,lightyellow,0.503164778516222,brown,0.56129961252074,False,True,True
SmoothMuscleCells,EndocardialCells,Lamb1,Cd44,0.1777135,1.0,0.02659174,-0.3036009219665341,-0.438090696257683,0.007595504,0.46547973,1.0,0.3922084549974153, ,brown,0.764130236562423,yellow,0.212459882063522,True,True,True
Fibroblasts,SmoothMuscleCells,Gnai2,S1pr1,0.8059654,1.0,0.46256933,-0.38359401763013073,-0.5213639071630636,0.015221534,0.7841128,1.0,0.3927654448134221, ,black,0.78566112490779,brown,0.496884663475412,False,True,True
Leukocytes,EndothelialCells,Tgfb1,Tgfbr3,0.5315749,0.0,0.17537506,0.07700197620299423,-0.06032932387697204,0.022625908,0.6910136,0.8884446537337202,0.3928863081099891, ,brown,0.780749588439731,,,True,False,True
Myocytes,Leukocytes,Vim,Cd44,0.5496688,1.0,0.1834218,-0.5766779702651507,-0.1846385036561643,0.017531743,0.6957822,1.0,0.39322921850409953, ,tan,0.364041582882001,,,True,False,True
EndocardialCells,Fibroblasts,Il15ra,Axl,0.8420911,0.0,0.4419301,0.5595450344476451,0.8869654376076246,0.09677178,0.78022444,0.028541536280802495,0.3933481389988066, ,,,brown,0.528957135069456,False,True,True
SmoothMuscleCells,Leukocytes,Hsp90b1,Tlr7,0.8058582,0.0,0.6231706,0.4396271708920465,0.681333176880954,0.1312304,0.8082701,0.028541536280802495,0.39346469921080796, ,yellow,0.537608497036761,turquoise,0.591753333544045,True,False,True
Fibroblasts,SmoothMuscleCells,Col18a1,Itgb5,0.5110674,0.001,0.17519084,0.10757790329345124,0.11352874617016226,0.038265172,0.69090134,0.47092931215184725,0.39374381957606686, ,turquoise,0.447245251399489,brown,0.48064539237368,False,True,True
EndocardialCells,Leukocytes,C4b,Nrp1,0.5548147,1.0,0.18351379,-0.33511055171835546,-0.513448262567392,0.016175589,0.6958353,1.0,0.39374381957606686, ,brown,0.65851944024539,turquoise,0.61042256211068,True,False,True
EndothelialCells,Myocytes,Col4a2,Itga9_Itgb1,0.7626868,0.0,0.17473102,0.22172056977649432,0.26203801192172904,0.022136882,0.6906207,0.5556280874941771,0.39597899210226045, ,yellow,0.155737396507289,,,True,False,True
Myocytes,SmoothMuscleCells,Tgfb3,Eng,0.52398944,1.0,0.1837964,-0.31055253481961437,-0.4584559625650851,0.015302465,0.69599813,1.0,0.39597899210226045, ,darkgrey,0.458281786631104,lightcyan,0.40613301582679,False,True,True
Fibroblasts,SmoothMuscleCells,Spon2,Itga5,0.5042192,0.0,0.17817165,0.20961245557804062,0.5885014074996872,0.084747545,0.6927,0.06769093035380679,0.3963236994076923, ,,,brown,0.546566959140606,False,True,True
Myocytes,SmoothMuscleCells,Serpinf1,Plxdc1,0.23526257,1.0,0.026770804,-0.09041108809749093,-0.048425132505082125,0.016947202,0.46631476,1.0,0.3964428464269337, ,greenyellow,0.641357959118978,brown,0.564391916760816,False,True,True
Myocytes,SmoothMuscleCells,Fgf7,Nrp1,0.5436666,1.0,0.17457512,-0.15408912763245464,-0.11850613673565569,0.053454407,0.6905253,1.0,0.39684099609957885, ,brown,0.584610251626662,lightcyan,0.26029605688583,True,True,True
SmoothMuscleCells,EndocardialCells,Pf4,Thbd,0.6224826,0.0,0.17452545,0.1581323202163706,-0.1300708771344632,0.020389775,0.6904949,1.0,0.3970135747422533, ,brown,0.697832116664017,,,True,False,True
Fibroblasts,SmoothMuscleCells,Vegfa,Nrp1,0.54896533,1.0,0.18402292,-0.16809599215636334,-0.09591259880275774,0.023647599,0.69612837,1.0,0.3970135747422533, ,yellow,0.272486789574581,lightcyan,0.26029605688583,True,True,True
SmoothMuscleCells,SmoothMuscleCells,Angptl2,Itga5_Itgb1,0.50406545,0.0,0.17810144,0.10835504909111077,0.14289911693404933,0.03280011,0.692658,0.3495645070818505,0.3970135747422533, ,brown,0.568414991509247,,,True,False,True
EndocardialCells,EndocardialCells,Jam3,Itgb1,0.71942693,1.0,0.18402408,-0.1524470580036426,-0.4678773266520998,0.008826379,0.696129,1.0,0.39718606406259693, ,yellow,0.471739559256652,pink,0.572507776572743,True,False,True
Myocytes,SmoothMuscleCells,Ltbp3,Itgb5,0.51668495,0.989,0.1842275,-0.07785291731102842,-0.19898000207230448,0.024821898,0.6962459,1.0,0.3977041107134589, ,grey60,0.708376672896726,brown,0.48064539237368,False,True,True
SmoothMuscleCells,Myocytes,Rtn4,Rtn4rl1,0.5262574,0.912,0.17430978,-0.04101302551657526,-0.08482958100409838,0.028303748,0.69036275,1.0,0.39804981831403635, ,brown,0.474151414005685,red,0.358209077198395,True,False,True
Fibroblasts,EndothelialCells,Tgfb1,Eng,1.0235579,0.0,0.43931636,0.23739733001760788,0.22687499124961935,0.02449947,0.77971536,0.6557536347271147,0.3981389200134272, ,brown,0.757880766459934,turquoise,0.922217361940542,True,False,True
Fibroblasts,Myocytes,Lamc1,Itga3_Itgb1,0.733235,0.0,0.18432261,0.48399814913227746,0.7257963106720142,0.095255755,0.69630045,0.028541536280802495,0.3982227472162412, ,brown,0.533218968575482,,,True,False,True
SmoothMuscleCells,EndocardialCells,Inhba,Eng,1.0766008,0.0,0.4389661,0.6216709292741905,0.6223713657054037,0.1264554,0.77964693,0.028541536280802495,0.3986074786340483, ,darkturquoise,0.210882516537359,brown,0.973204830554305,False,True,True
SmoothMuscleCells,EndothelialCells,Col1a1,Cd36,1.0858772,0.0,0.43893206,0.35728008503257214,0.6971545685359679,0.052779343,0.7796402,0.06588027141275028,0.3988418614898791, ,brown,0.614930628804247,brown,0.868570071306074,True,True,True
SmoothMuscleCells,EndothelialCells,Efemp2,Plscr4,0.8038924,0.0,0.6459426,0.3353585054888123,0.5957198110534188,0.10112999,0.8110357,0.028541536280802495,0.3993107869447153, ,blue,0.623558405434503,brown,0.56129961252074,False,True,True
Leukocytes,Myocytes,Tgfb1,Sdc2,0.53078836,0.952,0.17402387,0.002764089423484495,-0.17215070081170392,0.020363638,0.6901873,1.0,0.39943437236156376, ,brown,0.780749588439731,greenyellow,0.317323746848508,True,False,True
Fibroblasts,Leukocytes,Vegfa,Cd44,0.55031693,0.0,0.18458089,0.7475522113994217,0.7830047327238957,0.10219269,0.69644856,0.028541536280802495,0.3996075620917161, ,yellow,0.272486789574581,,,True,False,True
Fibroblasts,Leukocytes,Efemp2,Aqp1,0.5662237,0.0,0.18462382,0.06841527234446423,0.06118719151265739,0.030270532,0.6964731,0.4390960524175336,0.40012771171195904, ,,,brown,0.787663437999586,False,True,True
EndocardialCells,Myocytes,Spon1,App,0.8036125,1.0,0.5190154,-0.3147647171586189,-0.0597083166015675,0.033129077,0.79369855,1.0,0.4002492764213412, ,brown,0.546584870008833,greenyellow,0.498943422270878,True,False,True
EndocardialCells,Leukocytes,Adam10,Axl,0.8034122,0.0,0.5958926,0.2300119054636813,0.17424151303654944,0.049502496,0.804778,0.12760588717168506,0.4007187928177285, ,lightgreen,0.158989074363781,brown,0.704728587075672,False,True,True
SmoothMuscleCells,EndothelialCells,Mfge8,Itgb5,0.9896152,0.0,0.43717504,0.23298808049340014,-0.07763823380226109,0.0207308,0.77929544,1.0,0.40118856913273615, ,lightcyan,0.510462651252352,,,True,False,True
SmoothMuscleCells,EndothelialCells,Angpt2,Tek,0.80304635,0.0,0.54998976,0.44420067348317804,0.7576705774551729,0.110643275,0.79840386,0.028541536280802495,0.4014235369589596, ,brown,0.33277543675192,royalblue,0.696138961948159,True,False,True
Myocytes,SmoothMuscleCells,Apoa2,Lrp1,0.32109827,1.0,0.0269607,-0.02662769600907379,-0.1630518489798276,0.049616903,0.4671944,1.0,0.401880360233973, ,,,brown,0.561942294262648,False,True,True
EndocardialCells,SmoothMuscleCells,App,Cd74,0.709068,1.0,0.18534313,-0.13969474206586932,-0.21597490604875536,0.013780808,0.696884,1.0,0.40238709688470997, ,,,brown,0.628700992199273,False,True,True
Fibroblasts,Myocytes,Hspg2,Dag1,0.80264664,0.0,0.5925297,0.171699512453032,0.10170195379598929,0.05491995,0.80433303,0.2034493721212394,0.40283441087550986, ,brown,0.485029372814491,,,True,False,True
EndothelialCells,Fibroblasts,Col4a2,Itga1_Itgb1,0.76223046,0.0,0.17345268,0.180807145175646,0.020292730690956162,0.020706903,0.6898356,1.0,0.40308398867520034, ,yellow,0.155737396507289,,,True,False,True
SmoothMuscleCells,Myocytes,Thbs2,Cd36,0.60983765,0.544,0.17345138,-0.03715140581777769,-0.2794563358284792,0.03293327,0.6898349,1.0,0.4032582316809947, ,red,0.386470326894574,brown,0.500716969407465,False,True,True
Leukocytes,EndocardialCells,Hspg2,Sdc1,0.16489056,1.0,0.027005203,-0.536679258853364,-0.7583690163402784,0.0055431663,0.4673997,1.0,0.4036911607021768, ,brown,0.525122764314888,lightgreen,0.664818986973015,True,False,True
EndothelialCells,SmoothMuscleCells,Hsp90b1,Lrp1,0.80234027,1.0,0.60160136,-0.2824541050299014,-0.36486338937342455,0.026784705,0.8055259,1.0,0.40377608542122156, ,darkturquoise,0.749968676966286,brown,0.561942294262648,False,True,True
Fibroblasts,SmoothMuscleCells,Tgfb3,Itgb5,0.80230373,0.0,0.6436872,0.33995511046568294,0.6407031702329568,0.09010772,0.81076753,0.028541536280802495,0.4040116364645093, ,turquoise,0.64721209119704,brown,0.48064539237368,False,True,True
EndocardialCells,Myocytes,Mmrn2,Cd93,0.9672423,0.0,0.18577325,0.31512843827205567,-0.0029180242575820303,0.010990731,0.6971288,1.0,0.40413076382951496, ,brown,0.943558775036418,tan,0.291337625930732,True,True,True
Leukocytes,Fibroblasts,Tgfb1,Eng,0.80222297,0.843,0.64033985,0.03460053538221225,-0.20632434905179947,0.03571,0.8103672,1.0,0.40424724044155946, ,brown,0.780749588439731,,,True,False,True
EndothelialCells,Myocytes,Vcam1,Itga9_Itgb1,0.1706271,1.0,0.027009131,-0.34536279718667945,-0.6580658345178922,0.0049287956,0.46741778,1.0,0.4042945941279492, ,lightcyan,0.38028558511622,,,True,False,True
Leukocytes,Fibroblasts,Timp3,Cd44,0.16542816,1.0,0.027084192,-0.8456338282860099,-0.9039765095499507,0.0032134717,0.46776327,1.0,0.4048979036079777, ,lightcyan,0.542032628399973,salmon,0.221972228338972,True,False,True
Myocytes,EndocardialCells,Col4a5,Cd44,0.1800326,0.999,0.027088357,-0.1185687559284399,-0.20158422370856233,0.013432114,0.46778238,1.0,0.4055011500314374, ,brown,0.598294810383622,yellow,0.212459882063522,True,True,True
Myocytes,Fibroblasts,Cxcl12,Itgb1,0.6278353,1.0,0.17278184,-0.555029705693054,-0.8608040202998527,0.0062738503,0.68942094,1.0,0.40552937513200393, ,tan,0.577984649656319,black,0.76802340300577,True,False,True
SmoothMuscleCells,Fibroblasts,Pdgfd,Pdgfra_Pdgfrb,0.5238587,0.0,0.18610045,0.30404696863532127,0.5791178889480159,0.07654248,0.69731444,0.028541536280802495,0.4058794607421492, ,brown,0.497702747163074,,,True,False,True
Fibroblasts,Fibroblasts,Vegfa,Nrp1,0.5547003,1.0,0.1863905,-0.1597044508678922,-0.25104635535466757,0.023951843,0.6974788,1.0,0.4064050375930067, ,yellow,0.272486789574581,yellow,0.250435830471026,True,True,True
Fibroblasts,EndothelialCells,Igfbp4,Lrp6,0.9324268,0.0,0.43313,0.343082618924676,0.4783566271188876,0.036437895,0.778495,0.24867364524999885,0.4066060930595459, ,brown,0.620073925457339,,,True,False,True
SmoothMuscleCells,Myocytes,Tnxb,Itga9_Itgb1,0.17107509,1.0,0.027120907,-0.33951448420306773,-0.6103383261831847,0.007913701,0.46793187,1.0,0.40670733198320425, ,brown,0.639495460766757,,,True,False,True
Leukocytes,Leukocytes,Gas6,Axl,0.80111873,1.0,0.5932287,-0.10606058709666166,-0.08633426135741451,0.029948972,0.8044257,1.0,0.40707851636090464, ,turquoise,0.768739075397914,brown,0.704728587075672,False,True,True
Leukocytes,EndocardialCells,Lum,Itgb1,0.7149268,1.0,0.17235091,-0.2715083078011648,-0.6240667101799889,0.00893054,0.68915355,1.0,0.4071065594573049, ,brown,0.636918535342463,pink,0.572507776572743,True,False,True
EndocardialCells,EndothelialCells,C3,Nrp1,0.9243958,0.0,0.17224178,0.11706534744304198,0.008138543648046781,0.0157865,0.68908566,1.0,0.40798463191332246, ,blue,0.258833517861709,brown,0.648185002416343,False,True,True
EndocardialCells,Leukocytes,Sema4c,Plxnb2,0.5004731,0.0,0.17719808,0.31074946244958257,0.28898030729583435,0.05041552,0.69211656,0.0784804303448812,0.40798463191332246, ,brown,0.775770606649022,turquoise,0.483292198244702,True,False,True
Fibroblasts,SmoothMuscleCells,Gnai2,F2r,0.8004525,1.0,0.44891462,-0.40098758463082873,-0.52775943558606,0.014892881,0.78156585,1.0,0.40849700394472843, ,black,0.78566112490779,brown,0.615665230998706,False,True,True
EndocardialCells,EndothelialCells,Hspg2,Fgfr1,0.6260122,1.0,0.17203611,-0.26072218941581693,-0.5427944881287716,0.012731825,0.6889577,1.0,0.4090398706716578, ,brown,0.437670232192996,,,True,False,True
EndothelialCells,EndocardialCells,Lpl,Cd44,0.85628754,0.0,0.17190309,0.23392938928280366,0.3505612879511163,0.02049738,0.6888748,0.45696804379975836,0.40956817170046655, ,brown,0.487721034349969,yellow,0.212459882063522,True,True,True
Fibroblasts,SmoothMuscleCells,Cxcl12,Itga5,0.49984896,1.0,0.17617518,-0.23559312275812716,-0.5035937176254185,0.020586418,0.6914993,1.0,0.4097444205005752, ,,,brown,0.546566959140606,False,True,True
Fibroblasts,Leukocytes,Vegfa,Nrp1,0.5569003,1.0,0.18729874,-0.15648600400222198,-0.11483558945694886,0.024068555,0.6979914,1.0,0.4097444205005752, ,yellow,0.272486789574581,turquoise,0.61042256211068,True,False,True
EndocardialCells,Leukocytes,Agrn,Itgb1,0.799991,0.0,0.59131026,0.10425141790310785,0.2066987449734337,0.04887179,0.80417085,0.19436922850614424,0.4099174349145872, ,brown,0.356244589967685,,,True,False,True
EndothelialCells,EndocardialCells,Hsp90aa1,Erbb2,0.5805945,0.024,0.18736206,0.04430825517879962,0.06421649040082267,0.036459576,0.698027,0.597589096679165,0.410096927423151, ,yellow,0.283039360433897,,,True,False,True
Leukocytes,Myocytes,C1qa,Cd93,0.8983454,0.0,0.17180905,0.6364643009909721,0.5893834296670588,0.016176578,0.68881613,0.30718581007815704,0.410096927423151, ,turquoise,0.847224602986981,tan,0.291337625930732,False,True,True
SmoothMuscleCells,EndocardialCells,Ntn1,Mcam,0.52656883,0.015,0.17180124,0.03525600959564898,-0.11157926780454286,0.016736444,0.6888113,1.0,0.4102733278721514, ,tan,0.0269384866982683,blue,0.63829955562001,True,False,True
SmoothMuscleCells,EndocardialCells,Hsp90b1,Erbb2,0.5807418,1.0,0.18741913,-0.16492136965292414,-0.12844436617341803,0.03012637,0.6980591,1.0,0.4102733278721514, ,yellow,0.537608497036761,,,True,False,True
EndocardialCells,SmoothMuscleCells,Tfpi,Sdc4,0.8083799,0.0,0.43011385,0.404449397232966,0.46828804815877134,0.051932577,0.777892,0.07050514968447909,0.41039128480035, ,brown,0.667671842240135,tan,0.661881494233523,True,True,True
Myocytes,EndocardialCells,C3,Nrp1,0.85819495,0.296,0.18748586,0.01986479896260318,-0.23758054900096987,0.017183669,0.6980966,1.0,0.41044977889888146, ,magenta,0.669467578637026,brown,0.550721740569223,False,True,True
Leukocytes,Fibroblasts,Tfpi,Sdc4,0.49947554,0.001,0.17610113,0.12702589473676687,0.11180945576721818,0.021262707,0.69145447,0.9941429430952358,0.41044977889888146, ,brown,0.786058550988916,black,0.852742792716059,True,False,True
Myocytes,Fibroblasts,C1qb,Lrp1,0.7961238,0.0,0.18752229,0.34074602608141186,0.4492600290848392,0.025349516,0.6981171,0.30718581007815704,0.41097929296098146, ,brown,0.759344460789136,,,True,False,True
EndocardialCells,EndocardialCells,Bgn,Tlr2,0.7437487,0.0,0.17158581,0.25874201634607297,0.08413287833016872,0.030171145,0.6886768,0.4424852131552495,0.4115092622385586, ,lightcyan,0.368806923816196,,,True,False,True
EndocardialCells,Leukocytes,Hspg2,Ptprs,0.6331774,0.675,0.18772645,-0.031778650495083174,-0.10499476140138397,0.024786549,0.69823176,0.970361728075112,0.4120396869271996, ,brown,0.437670232192996,,,True,False,True
EndocardialCells,EndocardialCells,Psen1,Cd44,0.1806811,1.0,0.027227229,-0.19313471423789688,-0.29068210976555126,0.010176063,0.46841896,1.0,0.4121305398586421, ,purple,0.639757294643263,yellow,0.212459882063522,False,True,True
Leukocytes,Myocytes,App,Tspan12,0.79923224,1.0,0.46975914,-0.177466827150568,-0.298599856238425,0.022592578,0.78541535,1.0,0.41252637568425654, ,turquoise,0.410874157662401,tan,0.589192837879818,False,True,True
SmoothMuscleCells,Myocytes,Fadd,Traf2,0.1660446,0.965,0.027269054,-0.05724664926806996,-0.1150674636792762,0.018891755,0.46861008,1.0,0.41273263449478437, ,darkred,0.520930112465008,tan,0.689086951973111,False,True,True
EndocardialCells,EndocardialCells,Lama4,Itga6_Itgb4,0.53963006,0.0,0.18785521,0.4736571957925417,0.4405834172946167,0.17765264,0.69830394,0.028541536280802495,0.41292483596840446, ,brown,0.394621679147421,,,True,False,True
Myocytes,SmoothMuscleCells,Tgm2,Tbxa2r,0.4982084,0.025,0.18353549,0.08069856569371471,0.012960230777439241,0.053136323,0.69584775,0.6006696670137771,0.41345647612456604, ,,,tan,0.583779196602556,False,True,True
Fibroblasts,EndocardialCells,Angpt1,Tie1,0.8304053,0.0,0.42909077,0.5429451559538694,0.6340786733011661,0.06883767,0.7776861,0.028541536280802495,0.41347668956680794, ,,,brown,0.559205266266903,False,True,True
SmoothMuscleCells,EndothelialCells,Efnb2,Ephb4,0.7987912,0.0,0.50076693,0.3860845733888638,0.7439644492170078,0.069086954,0.79075277,0.028541536280802495,0.41371439895903034, ,,,brown,0.754425953629236,False,True,True
Myocytes,Myocytes,Psen1,Notch2,0.16899264,1.0,0.02731971,-0.3366575417359042,-0.5105785244629264,0.0068380223,0.46884117,1.0,0.4139365739533627, ,tan,0.493293969025575,midnightblue,0.62811133093121,True,True,True
Myocytes,SmoothMuscleCells,Tgfb1,Itgb5,0.5191336,0.999,0.18816653,-0.1447104592811975,-0.20627930053839766,0.017643487,0.69847834,1.0,0.4141660869970668, ,darkred,0.84402401701177,brown,0.48064539237368,False,True,True
SmoothMuscleCells,SmoothMuscleCells,Inhba,Eng,0.52663976,1.0,0.18817082,-0.08298874934871724,-0.07853113049428076,0.05420741,0.6984807,1.0,0.41434365232234627, ,darkturquoise,0.210882516537359,lightcyan,0.40613301582679,False,True,True
Leukocytes,Leukocytes,Icam2,Itgam_Itgb2,0.5596289,0.0,0.17122424,0.6120316538715509,0.33314637372946654,0.04742287,0.68845063,0.09877472444213335,0.41452112501722893, ,lightcyan,0.293876861151423,,,True,False,True
Myocytes,EndocardialCells,Tgfb3,Eng,1.0739504,0.0,0.42876145,0.39410714380329337,0.2424465336345994,0.03569769,0.7776197,0.2699129392190075,0.41466571175838146, ,darkgrey,0.458281786631104,brown,0.973204830554305,False,True,True
SmoothMuscleCells,Leukocytes,Fbn1,Itgb1,0.79841924,1.0,0.588102,-0.15193474320801315,-0.15323074477074505,0.034616403,0.8037421,1.0,0.41466571175838146, ,brown,0.365133974520333,,,True,False,True
SmoothMuscleCells,Fibroblasts,Hsp90aa1,Erbb2,0.6005865,0.0,0.1712111,0.07439894742065176,0.07011110579024846,0.033316694,0.68844235,0.33223760659414514,0.41469879179767494, ,midnightblue,0.544809498507205,,,True,False,True
EndocardialCells,Myocytes,Tfpi,Lrp1,0.7072987,0.0,0.17114511,0.10056731939162195,-0.019809205654874762,0.0148204295,0.688401,1.0,0.4150542776426212, ,brown,0.667671842240135,,,True,False,True
Myocytes,SmoothMuscleCells,Angptl4,Sdc4,0.20861964,1.0,0.027356038,-0.19782131395887098,-0.2914271510264901,0.014927833,0.46900666,1.0,0.41574179793745336, ,magenta,0.510755344184455,tan,0.661881494233523,False,True,True
Fibroblasts,EndocardialCells,Dkk3,Kremen1,0.53694427,0.0,0.17100112,0.28949745829472884,0.585784900002565,0.056305528,0.68831074,0.0504560143958383,0.4159435935116165, ,turquoise,0.738233029438879,brown,0.447399014718711,False,True,True
Fibroblasts,Fibroblasts,Ybx1,Notch1,0.9171334,1.0,0.4278469,-0.41504447325192784,-0.6244063774313255,0.011831948,0.77743506,1.0,0.41609427300231916, ,darkgreen,0.78252308360655,yellow,0.264341417098466,False,True,True
Fibroblasts,Myocytes,Tgfb1,Itgb1,0.5087256,1.0,0.18850331,-0.5593693558136765,-0.6713140631738994,0.008971331,0.69866663,1.0,0.416121666484511, ,brown,0.757880766459934,greenyellow,0.433544316700636,True,False,True
Leukocytes,EndothelialCells,Tgfb1,Acvr1_Tgfbr2,0.5392906,0.0,0.1886304,0.23228997239864185,0.23756881217888742,0.03310247,0.69873756,0.3394233525501449,0.4166560464670205, ,brown,0.780749588439731,,,True,False,True
EndothelialCells,Fibroblasts,Sema6a,Plxna2,0.49713886,0.0,0.17239915,0.16989758196471275,0.33756762724484907,0.053136747,0.6891835,0.10010600109991434,0.4168343227100643, ,yellow,0.33122512386204,,,True,False,True
Myocytes,EndocardialCells,Col4a1,Cd93,0.8886007,0.077,0.4267062,-0.04235735767816978,-0.21322720265883943,0.020682639,0.7772041,1.0,0.41752476127838584, ,greenyellow,0.52952690899527,lightcyan,0.582187985085655,False,True,True
EndothelialCells,Fibroblasts,Efemp2,Aqp1,0.17294976,1.0,0.027379436,-0.4673005185654743,-1.040787149933895,0.0044890745,0.46911308,1.0,0.41754615128488404, ,lightyellow,0.503164778516222,brown,0.52928950293395,False,True,True
SmoothMuscleCells,EndothelialCells,S100a8,Cd36,1.0216393,0.0,0.18888994,0.5735082617780125,0.9799806380899564,0.07310809,0.6988823,0.028541536280802495,0.41808339211278456, ,,,brown,0.868570071306074,False,True,True
EndothelialCells,EndothelialCells,Sema6a,Plxna4,0.4964137,0.0,0.17128162,0.30163350712757864,0.7563343721217559,0.06467766,0.6884866,0.0297069259608085,0.41808339211278456, ,yellow,0.33122512386204,,,True,False,True
SmoothMuscleCells,Fibroblasts,Ybx1,Notch1,0.91441953,1.0,0.4263583,-0.4233077882114865,-0.5679665703203272,0.011790782,0.7771334,1.0,0.4182406608883176, ,,,yellow,0.264341417098466,False,True,True
EndothelialCells,EndocardialCells,Jam2,Itgav_Itgb1,0.94837826,0.0,0.42626455,0.3980503596426177,0.7036267381688457,0.056009766,0.7771144,0.05171258614288915,0.4187182197391316, ,brown,0.738558518201255,,,True,False,True
EndothelialCells,Leukocytes,Gas6,Axl,0.7963655,1.0,0.5877078,-0.1133119614587266,-0.16006254737039838,0.029670252,0.8036892,1.0,0.4187182197391316, ,turquoise,0.728552321901715,brown,0.704728587075672,False,True,True
EndocardialCells,Myocytes,App,Notch2,0.7031386,1.0,0.17025292,-0.21925917514448992,-0.3371345383374292,0.011714159,0.6878402,1.0,0.4196929397480894, ,,,midnightblue,0.62811133093121,False,True,True
Myocytes,SmoothMuscleCells,Vegfa,Itga9,0.5014366,0.0,0.18916298,0.6212359484217845,0.5514132665285957,0.08069594,0.6990343,0.028541536280802495,0.4198720811519867, ,,,brown,0.572216452048973,False,True,True
Myocytes,Fibroblasts,Fgf1,Fgfrl1,0.54098344,0.0,0.17015027,1.072527087956426,0.9828686483326229,0.114449225,0.6877754,0.028541536280802495,0.42005127352501637, ,orange,0.689259866805731,,,True,False,True
Fibroblasts,EndocardialCells,Tnxb,Sdc1,0.7009236,0.0,0.18924873,0.4821408682077805,0.917959372024464,0.10428554,0.6990819,0.028541536280802495,0.4204096664780076, ,brown,0.534296365095982,lightgreen,0.664818986973015,True,False,True
EndocardialCells,Leukocytes,Mmp2,Pecam1,0.16664746,1.0,0.027443875,-0.6577671072910604,-1.1217344668637867,0.0034865874,0.46940583,1.0,0.4205515805527112, ,,,lightcyan,0.23876749076216,False,True,True
SmoothMuscleCells,SmoothMuscleCells,Gnai2,S1pr1,0.79581,1.0,0.45498285,-0.4043398232502649,-0.4712482508679804,0.014971889,0.7827099,1.0,0.4206304871132287, ,black,0.83203351296545,brown,0.496884663475412,False,True,True
EndocardialCells,Fibroblasts,Hspg2,Ptprs,0.7957369,0.0,0.54369897,0.24767865941524425,0.3969000762841912,0.07178755,0.79747653,0.044149957707721656,0.4211090854908852, ,brown,0.437670232192996,,,True,False,True
EndocardialCells,EndothelialCells,Efnb1,Ephb4,0.6573594,0.0,0.17000541,0.09955991655141996,0.2525964947620392,0.023662023,0.687684,0.8122877787809126,0.421127208732734, ,,,brown,0.754425953629236,False,True,True
SmoothMuscleCells,Leukocytes,Col1a1,Cd36,0.53271544,1.0,0.18942289,-0.26205331877688687,-0.507936879033098,0.022777138,0.69917864,1.0,0.4214863583150299, ,brown,0.614930628804247,brown,0.783650639892057,True,True,True
Myocytes,SmoothMuscleCells,Tgm2,Itga9,0.50220454,0.757,0.18954988,-0.02671077169300163,-0.08857658740581242,0.021355785,0.69924915,1.0,0.42220497966760084, ,,,brown,0.572216452048973,False,True,True
Leukocytes,EndocardialCells,Vegfb,Nrp1,0.9318353,0.0,0.42300954,0.2521757445412973,0.1355894093773633,0.022002632,0.7764498,0.9316356202830793,0.4223064409069812, ,,,brown,0.550721740569223,False,True,True
EndocardialCells,SmoothMuscleCells,Tln1,Itgb5,0.7944399,0.004,0.6310371,0.06982873017267999,0.03283100678485096,0.036400575,0.8092402,0.5168050422286051,0.42350514007794293, ,,,brown,0.48064539237368,False,True,True
Myocytes,Fibroblasts,Il15ra,Axl,0.83492905,0.0,0.42246377,0.5466036961703769,0.8322931201105002,0.092509136,0.7763377,0.028541536280802495,0.42350514007794293, ,grey60,0.630854184168249,brown,0.528957135069456,False,True,True
Myocytes,Fibroblasts,Wnt5a,Antxr1,0.49453616,0.0,0.17643256,0.5038980365437915,0.8802722513812807,0.2932834,0.69165504,0.028541536280802495,0.42364496284140507, ,tan,0.430635396063789,,,True,False,True
Fibroblasts,Fibroblasts,Tgfb1,Eng,0.49452448,1.0,0.1815849,-0.4404475642842217,-0.8773617356827301,0.010126493,0.6947159,1.0,0.4238252269933407, ,brown,0.757880766459934,,,True,False,True
Leukocytes,Myocytes,App,Ncstn,0.7942917,1.0,0.45779952,-0.14413839522547617,-0.19493656572020146,0.023935273,0.78323424,1.0,0.4239849336361402, ,turquoise,0.410874157662401,tan,0.790441710487318,False,True,True
SmoothMuscleCells,SmoothMuscleCells,Tgm2,Itga9,0.49447435,0.856,0.18565561,-0.03702885293240978,-0.07688685522453564,0.020917036,0.69706184,1.0,0.42400554227387055, ,darkred,0.627944595790189,brown,0.572216452048973,False,True,True
Fibroblasts,Leukocytes,Lamc1,Itga6_Itgb1,0.7275929,0.0,0.16934128,0.1775926879597842,0.2326980651035408,0.026122767,0.6872634,0.6487176811425934,0.42400554227387055, ,brown,0.533218968575482,,,True,False,True
Leukocytes,Myocytes,Timp3,Cd44,0.16681635,1.0,0.02759013,-0.8428168590712056,-0.8637737667792418,0.0032735,0.47006777,1.0,0.42415499842535204, ,lightcyan,0.542032628399973,magenta,0.718777026774563,True,False,True
Myocytes,EndothelialCells,Lama2,Rpsa,0.9062084,1.0,0.42170525,-0.310765990508718,-0.37590800154579246,0.02485813,0.7761817,1.0,0.4242249322020972, ,midnightblue,0.3482443250449,,,True,False,True
EndothelialCells,Leukocytes,Adam10,Cd44,0.79420424,0.0,0.62075764,0.7552335951702832,0.8202445893218068,0.11861621,0.8079694,0.028541536280802495,0.42446498247012654, ,yellow,0.336816268854491,,,True,False,True
Fibroblasts,Myocytes,Fadd,Traf2,0.16721365,0.995,0.02761667,-0.05514096137982071,-0.15620220206410831,0.01913258,0.47018752,1.0,0.4247552264652774, ,,,tan,0.689086951973111,False,True,True
EndocardialCells,SmoothMuscleCells,Ntn1,Unc5b,0.79401433,0.0,0.581787,0.4274140742165211,0.5148929715844415,0.11025668,0.8028892,0.028541536280802495,0.4251854433417398, ,brown,0.425522037629137,blue,0.360736270621172,True,False,True
EndocardialCells,EndocardialCells,Col1a2,Cd93,0.88682395,0.0,0.42140788,0.20470648277036096,0.034866651910516966,0.038977373,0.7761204,0.31032044277597237,0.4254257002731499, ,blue,0.218085546763467,lightcyan,0.582187985085655,False,True,True
Myocytes,EndocardialCells,Lama5,Cd44,0.1829513,0.605,0.027713375,-0.013355310428715822,-0.0655799406772512,0.013468608,0.47062293,1.0,0.42595543307192874, ,tan,0.625776798528456,yellow,0.212459882063522,True,True,True
EndothelialCells,EndocardialCells,C1qa,Cd93,0.8093649,0.0,0.19042245,0.3004334107212183,-0.07535570007508796,0.017929113,0.6997318,1.0,0.4261727321127484, ,brown,0.731589883433342,lightcyan,0.582187985085655,True,True,True
EndocardialCells,Myocytes,Efnb1,Epha4,0.7276732,0.0,0.19045079,0.480134784459889,0.405925246620829,0.03310818,0.69974744,0.30718581007815704,0.4263537125593403, ,,,brown,0.571232341148922,False,True,True
EndothelialCells,Myocytes,Hspg2,Lrp1,0.7797382,1.0,0.19050144,-0.13139937638193722,-0.21719028263347662,0.012458173,0.69977546,1.0,0.4265347442359991, ,brown,0.70755077011452,,,True,False,True
Leukocytes,Myocytes,Cxcl12,Sdc4,0.1686688,1.0,0.027726732,-0.716137776347961,-1.0530864547200274,0.0030810037,0.47068295,1.0,0.42715526671216175, ,brown,0.630654513966125,black,0.631251519730246,True,False,True
EndothelialCells,EndothelialCells,Adam10,Notch1,0.79283327,0.0,0.6188542,0.2829889943331343,0.5462497003103031,0.04809355,0.807731,0.09478910250070109,0.4278310096311835, ,yellow,0.336816268854491,pink,0.343313799659359,True,False,True
EndothelialCells,EndocardialCells,Tgfb1,Acvr1_Tgfbr2,0.7925184,0.0,0.622449,0.2826930800699684,0.3394233786970608,0.055351,0.80818033,0.0539678866286019,0.4283127091802763, ,brown,0.518107180491385,,,True,False,True
EndocardialCells,EndothelialCells,Jam3,Itgb1,0.7439224,1.0,0.19097531,-0.10983588520107118,-0.3450346420095528,0.009159783,0.7000363,1.0,0.42834744061450947, ,yellow,0.471739559256652,,,True,False,True
Fibroblasts,EndocardialCells,Lamc1,Dag1,0.82179785,0.0,0.41948074,0.31600703843589617,0.5335551517792246,0.053248107,0.77572197,0.06362862178942319,0.4290356443856914, ,brown,0.533218968575482,,,True,False,True
SmoothMuscleCells,Myocytes,Col4a1,Cd47,0.79208547,1.0,0.5477738,-0.35246107679575744,-0.3494150415328181,0.022558821,0.79807884,1.0,0.4292767256313399, ,,,orange,0.66133460139945,False,True,True
Myocytes,EndocardialCells,Fgf13,Fgfr2,0.49305156,0.0,0.17507465,1.1574974459419556,1.100207065355633,0.4624511,0.6908305,0.0016663369953728658,0.42943749029690303, ,tan,0.510793532992465,pink,0.256779232462863,True,False,True
SmoothMuscleCells,EndocardialCells,Lgals3,Eng,1.0062134,0.0,0.16794834,0.39903050489017955,0.29783546869035704,0.015360174,0.68637514,0.46581488656486436,0.42980134863697356, ,,,brown,0.973204830554305,False,True,True
Leukocytes,SmoothMuscleCells,Bmp2,Eng,0.5285183,1.0,0.19127145,-0.0036440848252752844,-0.013552916376169316,0.045921355,0.700199,1.0,0.42998320793667166, ,turquoise,0.506612935496998,lightcyan,0.40613301582679,False,True,True
Myocytes,EndocardialCells,Bgn,Tlr2,0.1734057,1.0,0.027825085,-0.5034183028493179,-0.7324599833971348,0.004892681,0.4711241,1.0,0.4301532345854211, ,darkorange,0.218523360661584,,,True,False,True
Fibroblasts,Myocytes,Lrpap1,Sort1,0.7918236,0.0,0.62141186,0.7404309735425738,0.7078699309161597,0.08201263,0.80805105,0.028541536280802495,0.43048285382517043, ,,,midnightblue,0.356528030180206,False,True,True
Fibroblasts,Fibroblasts,Tgfb1,Lpp,0.5145215,0.999,0.19132692,-0.04578380051830866,-0.13979341568978704,0.017391108,0.70022947,1.0,0.4305293877029379, ,brown,0.757880766459934,,,True,False,True
Fibroblasts,Leukocytes,Tgfb1,Itgb5,0.5145313,1.0,0.19133171,-0.14980839010539265,-0.2936411931323158,0.017940274,0.700232,1.0,0.430711599381689, ,brown,0.757880766459934,turquoise,0.76035177467005,True,False,True
SmoothMuscleCells,SmoothMuscleCells,Col1a1,Cd93,0.49215895,1.0,0.17112947,-0.20254156363641834,-0.3484712949799961,0.023996588,0.68839127,1.0,0.4319882261019923, ,brown,0.614930628804247,,,True,False,True
Myocytes,SmoothMuscleCells,Col4a5,Cd93,0.50589097,0.368,0.19196884,0.007740917508194799,-0.09401202758506644,0.03154139,0.70058084,0.8383682061581303,0.4319882261019923, ,brown,0.598294810383622,,,True,False,True
Leukocytes,SmoothMuscleCells,Adam15,Itga5,0.5344297,1.0,0.19197302,-0.1460576657274654,-0.24743839249701072,0.021429647,0.70058316,1.0,0.43217084913284565, ,turquoise,0.724029533744313,brown,0.546566959140606,False,True,True
SmoothMuscleCells,Fibroblasts,Col1a1,Itga1_Itgb1,0.17468494,1.0,0.027929604,-0.3838131306852407,-0.8186586514608634,0.008581658,0.4715912,1.0,0.43254991929880937, ,brown,0.614930628804247,,,True,False,True
EndocardialCells,EndocardialCells,Vim,Cd44,0.83485734,0.0,0.16731398,0.11962155038089436,-0.042590004963831696,0.015992131,0.6859677,1.0,0.43290170836639996, ,black,0.884486711673159,yellow,0.212459882063522,False,True,True
Leukocytes,SmoothMuscleCells,Lum,Itgb1,0.78953516,1.0,0.19218001,-0.14172665765807194,-0.5219362509232572,0.009958005,0.7006962,1.0,0.4334503562767898, ,brown,0.636918535342463,,,True,False,True
Fibroblasts,Myocytes,Angpt1,Tie1,0.20374164,1.0,0.027987508,-0.19449111869233104,-0.40414334976186683,0.004489947,0.47184926,1.0,0.4337477026550596, ,,,darkorange,0.249810980800106,False,True,True
SmoothMuscleCells,Myocytes,Lamb1,Itga7_Itgb1,0.51110995,1.0,0.19219369,-0.5479235006117514,-0.575932847416077,0.011595656,0.7007036,1.0,0.43381632970005884, ,brown,0.764130236562423,,,True,False,True
Fibroblasts,EndothelialCells,Pf4,Thbd,0.5875592,0.0,0.16703108,0.10976820614362776,-0.1356232502131427,0.019514209,0.6857854,1.0,0.4341826569393607, ,brown,0.749903040618126,,,True,False,True
SmoothMuscleCells,Myocytes,C3,Nrp1,0.19750515,1.0,0.027987558,-0.9463929194215506,-1.1903740492645494,0.002565148,0.4718495,1.0,0.43434646971237845, ,brown,0.818843396923259,,,True,False,True
EndothelialCells,SmoothMuscleCells,Tgm2,Sdc4,0.79064405,0.0,0.41820368,0.24346862101926026,0.4053247074346058,0.03952768,0.7754566,0.1885666699677337,0.43435113572948075, ,,,tan,0.661881494233523,False,True,True
EndothelialCells,SmoothMuscleCells,Adam9,Itgb5,0.5217722,0.999,0.19241107,-0.0790660969026388,-0.20692006090880194,0.021028748,0.7008221,1.0,0.43436589786799495, ,cyan,0.19542258803102,brown,0.48064539237368,False,True,True
SmoothMuscleCells,EndothelialCells,Icam1,Cav1,0.99666065,0.0,0.19250108,0.27745089744401885,0.5243617736518495,0.014215113,0.70087117,0.3323047652142748,0.4345490423890125, ,darkorange,0.588329109955734,brown,0.884758647437185,True,True,True
EndocardialCells,SmoothMuscleCells,Hspg2,Dag1,0.7906126,0.0,0.53247774,0.14738299931980559,0.16793983904016468,0.049353894,0.7957872,0.1324897745121265,0.434835604045021, ,brown,0.437670232192996,,,True,False,True
Fibroblasts,EndocardialCells,Vim,Cd44,0.8328099,0.0,0.16687554,0.11511025596941288,0.02504833268494111,0.015950225,0.685685,1.0,0.4352825796448305, ,black,0.808570001271927,yellow,0.212459882063522,False,True,True
EndothelialCells,Fibroblasts,Lpl,Sdc1,0.93273866,0.0,0.4173884,0.4779746292211996,0.7142692484153905,0.07241911,0.77528673,0.028541536280802495,0.435562689465776, ,brown,0.487721034349969,,,True,False,True
SmoothMuscleCells,SmoothMuscleCells,Gnai2,F2r,0.79029703,1.0,0.44155207,-0.4217333902509629,-0.47764377929097673,0.014648627,0.78015107,1.0,0.4358051043957309, ,black,0.83203351296545,brown,0.615665230998706,False,True,True
EndocardialCells,EndothelialCells,Pf4,Thbd,0.58746135,0.0,0.16683349,0.1096368106436981,-0.006218296058337847,0.019491125,0.6856579,1.0,0.43583323692566056, ,brown,0.901042251404365,,,True,False,True
EndocardialCells,EndocardialCells,Efnb1,Ephb4,0.7355822,0.0,0.19275051,0.18789552795250894,-0.0027933573107185583,0.026827775,0.7010068,0.6086229304127538,0.43601694193121987, ,,,brown,0.694780356205533,False,True,True
Myocytes,EndocardialCells,Fgf1,Tgfbr3,0.7902106,0.0,0.61427397,1.1496781469201014,0.9768498932336283,0.14398059,0.8071535,0.013189066222116253,0.4360476192602381, ,orange,0.689259866805731,blue,0.406933614606174,True,False,True
EndocardialCells,Leukocytes,Lgals1,Ptprc,0.7901598,0.0,0.5481732,0.7124813332161393,0.5067194581942849,0.08793089,0.7981375,0.028541536280802495,0.43653280195087674, ,,,midnightblue,0.581184418882173,False,True,True
Fibroblasts,Fibroblasts,Tnxb,Itga9_Itgb1,0.7920468,0.0,0.41714957,0.5102293509868391,0.9529446524394878,0.121721484,0.7752368,0.028541536280802495,0.43653280195087674, ,brown,0.534296365095982,,,True,False,True
Myocytes,SmoothMuscleCells,Tgfb1,Eng,0.52960575,1.0,0.19306631,-0.39676398720118966,-0.5086119987325883,0.010766779,0.7011784,1.0,0.43656821824763087, ,darkred,0.84402401701177,lightcyan,0.40613301582679,False,True,True
Leukocytes,EndothelialCells,Hspg2,Fgfr1,0.16778445,1.0,0.028038003,-0.8494819627045305,-1.3032417190181025,0.002075,0.47207388,1.0,0.43674054618715386, ,brown,0.525122764314888,,,True,False,True
EndocardialCells,EndocardialCells,Bgn,Ly96,0.83383834,0.0,0.416894,0.32302198279835376,0.18289814279596434,0.048948918,0.7751834,0.1195127721848959,0.43701818849374163, ,lightcyan,0.368806923816196,,,True,False,True
EndothelialCells,Leukocytes,Sema6a,Plxna4,0.51057494,0.0,0.19310525,0.3240029290670108,0.7732450954541085,0.07291849,0.70119953,0.028541536280802495,0.43711995903768874, ,yellow,0.33122512386204,turquoise,0.54801806935744,True,False,True
EndothelialCells,Fibroblasts,S100a9,Tlr4,0.17159471,0.0,0.028098812,0.09537780308143112,0.05521298396868628,0.053577226,0.47234386,0.27542882726155027,0.4373388174175431, ,brown,0.216716678799988,turquoise,0.558224093682133,True,False,True
SmoothMuscleCells,SmoothMuscleCells,Tgm2,Tbxa2r,0.4904782,0.052,0.17976479,0.07038048445430656,0.02464996295871602,0.05204465,0.6936466,0.6446988790501856,0.4376723131616516, ,darkred,0.627944595790189,tan,0.583779196602556,False,True,True
Myocytes,SmoothMuscleCells,Angptl4,Sdc3,0.21322875,1.0,0.028107079,-0.2495038408562294,-0.39566415528863463,0.0116046015,0.4723805,1.0,0.43793702572838367, ,magenta,0.510755344184455,brown,0.642736335442684,False,True,True
Fibroblasts,SmoothMuscleCells,Mfap2,Notch1,0.78985107,0.0,0.6133123,0.4157519460001537,0.7096266854497256,0.10714045,0.8070315,0.028541536280802495,0.4379895236415995, ,brown,0.394264743586134,,,True,False,True
SmoothMuscleCells,Leukocytes,Thbs1,Cd36,0.5351949,0.576,0.19358777,0.03890436072305444,-0.13489154651519225,0.049082205,0.70146084,0.9223820667384898,0.43896265065663376, ,red,0.603083405069015,brown,0.783650639892057,False,True,True
SmoothMuscleCells,SmoothMuscleCells,Col5a3,Itga1_Itgb1,0.49007666,0.0,0.1893675,0.2645091071380069,0.3538628847270974,0.1070728,0.69914794,0.03741326938425557,0.4391470849244002, ,brown,0.643060769596358,,,True,False,True
Myocytes,Fibroblasts,Tfpi,Sdc4,0.7893849,0.0,0.6227663,0.4888541248468429,0.646997261901726,0.07519372,0.80821985,0.028541536280802495,0.439204898417502, ,brown,0.493469316651968,black,0.852742792716059,True,False,True
Leukocytes,Myocytes,Tln1,Itgb5,0.78917587,0.009,0.48666888,0.10124264056596108,-0.009107201932803122,0.02807288,0.78838044,0.5513386448038875,0.4394481258416263, ,turquoise,0.305973325210937,tan,0.521580300356519,False,True,True
EndothelialCells,Myocytes,Efnb2,Ephb4,0.49001983,0.155,0.18301328,0.07946282196572818,0.18544396080543807,0.02524893,0.69554615,0.7307928730111477,0.43970099592774514, ,,,brown,0.458366113710416,False,True,True
Myocytes,EndothelialCells,Psen1,Notch4,0.5086582,0.0,0.1660318,0.18300652620880037,0.6142336340658775,0.053687703,0.6851385,0.0875164395100274,0.43988578610370244, ,tan,0.493293969025575,turquoise,0.706472940641203,True,False,True
SmoothMuscleCells,Fibroblasts,Fgf1,Nrp1,0.7891195,0.0,0.6097443,0.5078330937653726,0.36977912818480907,0.057932857,0.8065768,0.04561606820161852,0.43993468393000323, ,,,yellow,0.250435830471026,False,True,True
Fibroblasts,EndocardialCells,Nppa,Npr1,0.7890876,0.0,0.62100434,0.15585671578612592,0.01453399084294138,0.039696563,0.80800015,0.3503246361997387,0.4401780636679202, ,brown,0.585297064759349,turquoise,0.737674978374714,True,False,True
SmoothMuscleCells,Myocytes,Col1a1,Itga9_Itgb1,0.17514129,1.0,0.028135445,-0.3428997060843924,-0.5769133702300906,0.009174291,0.4725062,1.0,0.44032886770832225, ,brown,0.614930628804247,,,True,False,True
EndocardialCells,Fibroblasts,Tfpi,Vldlr,0.802631,0.0,0.41538528,0.6058472078407445,0.8048872554156458,0.061726365,0.77486736,0.035633876796375294,0.4406649753663626, ,brown,0.667671842240135,turquoise,0.670823606520324,True,False,True
EndocardialCells,Fibroblasts,Hspg2,Dag1,0.78897923,0.0,0.52890104,0.14495901170742448,0.16774592277183542,0.04902238,0.79523903,0.1328570363141695,0.4406649753663626, ,brown,0.437670232192996,pink,0.439064216849562,True,False,True
EndothelialCells,Leukocytes,Hspg2,Dag1,0.7809827,0.0,0.19405042,0.10013206234456137,0.09838654511611933,0.017985996,0.70171076,1.0,0.44118046828528196, ,brown,0.70755077011452,,,True,False,True
SmoothMuscleCells,Myocytes,Rarres2,Ccrl2,0.72422194,0.0,0.19406761,0.34270130181250436,0.13528623551195132,0.032764085,0.70172006,0.35108600432159004,0.4413656727120263, ,brown,0.32876448056304,grey60,0.619388232624673,True,False,True
EndocardialCells,EndocardialCells,Hspg2,Sdc1,0.62311834,0.004,0.16569905,0.05208051443534955,0.002078214549052465,0.034011867,0.6849221,0.5168050422286051,0.44155092896318787, ,brown,0.437670232192996,lightgreen,0.664818986973015,True,False,True
Fibroblasts,Myocytes,App,Notch2,0.68605065,1.0,0.16568033,-0.25212789364870997,-0.37999116092003254,0.011399544,0.68490994,1.0,0.44173608746249715, ,black,0.764270466936223,midnightblue,0.62811133093121,False,True,True
Fibroblasts,Myocytes,Lamc1,Itga9_Itgb1,0.7261936,0.0,0.16562578,0.21813180523044703,0.3171442621100904,0.024654428,0.68487436,0.5137466130744123,0.4419214473423998, ,brown,0.533218968575482,,,True,False,True
Fibroblasts,EndocardialCells,Igf1,Insr,0.7881943,0.0,0.44957027,0.4917293967639065,0.7994545390134715,0.08542741,0.7816905,0.028541536280802495,0.44237071391157545, ,brown,0.689047425976755,blue,0.579915496661264,True,False,True
EndothelialCells,Myocytes,Col4a2,Itga3_Itgb1,0.7697282,0.0,0.1944557,0.48758691367832474,0.670690060483653,0.08552887,0.7019291,0.028541536280802495,0.4424776883371807, ,yellow,0.155737396507289,,,True,False,True
EndocardialCells,SmoothMuscleCells,App,Tnfrsf21,0.7991375,0.0,0.41456658,0.16622605743379174,0.17156016422147374,0.0602171,0.77469516,0.13021160947881355,0.4435906031714507, ,,,brown,0.729469459126359,False,True,True
EndothelialCells,EndocardialCells,Pf4,Thbd,0.63183045,0.0,0.1947908,0.1706747098055988,-0.19271136740402361,0.02275737,0.70210916,1.0,0.4435917202044193, ,brown,0.640686712105496,,,True,False,True
Myocytes,Fibroblasts,Serping1,Lrp1,0.78850365,0.0,0.16520779,0.06979875477658148,0.1776447946355303,0.015890408,0.68460166,1.0,0.44377744874436376, ,orange,0.451739080233389,,,True,False,True
Leukocytes,Myocytes,Bsg,Slc16a7,0.67227525,1.0,0.19505593,-0.06658267712555255,-0.025118182232421793,0.03587485,0.7022514,1.0,0.44433524574164573, ,black,0.778114708205027,tan,0.461436207039326,False,True,True
Leukocytes,Leukocytes,Tfpi,Lrp1,0.5415122,1.0,0.19532011,-0.08342901525697964,-0.273702481160569,0.01691388,0.7023929,1.0,0.44526604600207353, ,brown,0.786058550988916,turquoise,0.663780405167675,True,False,True
EndothelialCells,Myocytes,Ybx1,Notch1,1.0094036,1.0,0.16473415,0.027107099569443405,-0.31452159684807557,0.004555662,0.68429166,1.0,0.44526604600207353, ,yellow,0.31566495597398,green,0.340818001122301,True,False,True
Myocytes,Myocytes,Nppa,Npr3,1.1370437,0.0,0.25328028,0.5604041781999243,0.5760400211323295,0.014911483,0.7288206,0.30718581007815704,0.4457050533481849, ,brown,0.916636044825977,,,True,False,True
Leukocytes,EndocardialCells,Col4a1,Cd93,0.8110415,0.999,0.19542204,-0.15056175637797992,-0.3859378331044159,0.009472193,0.7024474,1.0,0.44582508941647436, ,,,lightcyan,0.582187985085655,False,True,True
EndothelialCells,SmoothMuscleCells,Pf4,Sdc2,0.5477548,0.003,0.16457346,0.06822779838547612,-0.2572588391751257,0.022738129,0.6841862,1.0,0.4463846005644446, ,brown,0.640686712105496,purple,0.609944118619034,True,False,True
EndocardialCells,SmoothMuscleCells,Lrpap1,Lrp1,0.7861804,0.003,0.5823052,0.09671357781974702,-0.0159300224072364,0.045321908,0.8029597,0.5072218096393796,0.4472579433573524, ,,,brown,0.561942294262648,False,True,True
Fibroblasts,SmoothMuscleCells,Tgfb1,Itgb5,0.5239552,1.0,0.19592282,-0.1372665958373649,-0.31743289495094246,0.018370759,0.7027148,1.0,0.44731825964424016, ,brown,0.757880766459934,brown,0.48064539237368,True,True,True
Fibroblasts,Fibroblasts,Lamc1,Itga1,0.7257373,0.0,0.16441406,0.17721838062959872,0.07539898087931751,0.023061823,0.68408144,0.852316952572031,0.44750517772648657, ,brown,0.533218968575482,,,True,False,True
Fibroblasts,SmoothMuscleCells,Hspg2,Fgfr1,0.7858666,0.864,0.55796134,-0.030038583919539574,-0.09735366910202681,0.041292876,0.79955953,1.0,0.4477477357789842, ,brown,0.485029372814491,,,True,False,True
Fibroblasts,Fibroblasts,Igf1,Insr,0.68275607,0.0,0.1959836,0.3093618115926276,0.479114384474738,0.037240833,0.70274717,0.23218611989999108,0.44787901912195693, ,brown,0.689047425976755,turquoise,0.556988809077746,True,False,True
SmoothMuscleCells,Myocytes,Vcl,Itgb5,0.78558826,0.0,0.48365375,0.3385442732381201,0.23723491611267855,0.042947803,0.7878615,0.14055556894919224,0.44799273215123414, ,,,tan,0.521580300356519,False,True,True
Leukocytes,Fibroblasts,Hspg2,Itgb1,0.6384029,1.0,0.19599594,-0.6137075128537661,-0.8625749132227322,0.0058399052,0.7027537,1.0,0.44825321971287974, ,brown,0.525122764314888,black,0.76802340300577,True,False,True
Leukocytes,Leukocytes,Bgn,Tlr2,0.53228444,0.682,0.19610716,0.17371962739631946,0.10961172288375687,0.034482908,0.70281297,0.9735598752536477,0.4484402470504316, ,lightcyan,0.647405502543849,turquoise,0.62716224803749,True,False,True
Myocytes,SmoothMuscleCells,Lama2,Itga1,0.4948119,0.0,0.19614343,0.11216743560864088,0.03382412784980321,0.054774888,0.70283234,0.3122350552699156,0.44862747753896853, ,midnightblue,0.3482443250449,,,True,False,True
SmoothMuscleCells,SmoothMuscleCells,Vtn,Cd47,0.7848415,0.0,0.6016281,1.017130918867252,0.7180501511344867,0.113603465,0.80552936,0.028541536280802495,0.4497090643213063, ,brown,0.715989746853182,,,True,False,True
EndothelialCells,Leukocytes,S100a9,Cd68,0.79535717,0.0,0.19639957,1.208912350455035,1.2456187978964277,0.29202083,0.7029686,0.0004060316590504626,0.449939247503942, ,brown,0.216716678799988,turquoise,0.582074888791642,True,False,True
SmoothMuscleCells,EndothelialCells,C3,Cd81,0.9309879,1.0,0.1637193,-0.14455321487160205,-0.3812030194595315,0.01035403,0.68362373,1.0,0.449939247503942, ,brown,0.818843396923259,black,0.944620863486086,True,False,True
Fibroblasts,EndothelialCells,Igf1,Igf1r,0.7844992,0.0,0.44068342,0.3667831260616679,0.6673722248643492,0.08149818,0.7799821,0.028541536280802495,0.45044540944229955, ,brown,0.689047425976755,turquoise,0.604956185450384,True,False,True
EndothelialCells,SmoothMuscleCells,Nppa,Npr1,0.48718527,1.0,0.19129907,-0.21766130583841578,-0.3995076407738056,0.012228441,0.70021415,1.0,0.4506899987817089, ,brown,0.342952456137021,red,0.491807070359925,True,False,True
EndocardialCells,Fibroblasts,Efnb2,Ephb4,0.53989923,0.0,0.19655363,0.15244130401727127,-0.22484765038707227,0.027116988,0.7030505,1.0,0.45087785490750854, ,lightcyan,0.297527702145485,turquoise,0.762259602602951,True,False,True
EndothelialCells,SmoothMuscleCells,Lama5,Bcam,0.86203074,0.0,0.41165593,0.6837527833297112,0.8027199146668322,0.06462381,0.77407974,0.029826651455376475,0.45118220579718116, ,,,midnightblue,0.277333377441567,False,True,True
Fibroblasts,SmoothMuscleCells,Fstl1,Dip2a,0.9080048,0.0,0.4115073,0.5291487036943335,0.8524032751257975,0.09139121,0.7740481,0.028541536280802495,0.4514279047887152, ,brown,0.583455009663484,steelblue,0.362423482299657,True,False,True
SmoothMuscleCells,SmoothMuscleCells,Calr,Lrp1,0.7837909,1.0,0.579452,-0.37694921881565263,-0.40174588767690855,0.025383422,0.8025708,1.0,0.45167360425815317, ,,,brown,0.561942294262648,False,True,True
SmoothMuscleCells,Fibroblasts,C1qb,Lrp1,0.799253,0.0,0.1966857,0.3453737299368943,0.44547683784664505,0.026588239,0.7031206,0.30718581007815704,0.45181761489087346, ,brown,0.693026240051891,,,True,False,True
Myocytes,EndocardialCells,Lpl,Cd44,0.8149106,0.0,0.16304253,0.17968212556571328,0.07326871072775865,0.019440865,0.6831756,1.0,0.45257045358448555, ,blue,0.830720437955104,yellow,0.212459882063522,False,True,True
SmoothMuscleCells,SmoothMuscleCells,Fgf1,Nrp1,0.78338444,0.0,0.6019991,0.4994415524769015,0.5249128847367189,0.05719697,0.80557764,0.047926088631758706,0.45265710100197404, ,,,lightcyan,0.26029605688583,False,True,True
EndothelialCells,EndocardialCells,Hspg2,Ptprs,0.78204346,0.0,0.1970755,0.15227457465118982,0.20886030785343893,0.026020953,0.7033272,0.6553851288441799,0.4527588318507367, ,brown,0.70755077011452,,,True,False,True
EndothelialCells,Myocytes,Tgfb1,Itgav_Itgb6,0.4961156,0.0,0.19714506,0.133596970437778,0.1940328604588707,0.03561557,0.70336396,0.2724241053529845,0.4529472623835443, ,brown,0.518107180491385,,,True,False,True
Leukocytes,Leukocytes,Timp3,Cd44,0.5382236,1.0,0.16295283,-0.08910649460487052,-0.08647285601912236,0.019333946,0.683116,1.0,0.45313559304413265, ,lightcyan,0.542032628399973,,,True,False,True
SmoothMuscleCells,Myocytes,Psen1,Notch2,0.17384273,1.0,0.028617559,-0.3290269803577755,-0.4795886096531491,0.007162869,0.47462407,1.0,0.45345739366022575, ,blue,0.508038005894282,midnightblue,0.62811133093121,False,True,True
SmoothMuscleCells,SmoothMuscleCells,Serpine2,Lrp1,0.78309953,0.0,0.5786264,0.200399274982828,0.1050640807254557,0.05801732,0.8024578,0.1984354572051115,0.45364134817077195, ,,,brown,0.561942294262648,False,True,True
Myocytes,Myocytes,Wnt5a,Fzd2,0.17807108,0.012,0.028635582,0.10806499346217327,0.07657166401180518,0.060586337,0.47470254,0.5623545472785579,0.45405306078422986, ,tan,0.430635396063789,darkmagenta,0.239314287880892,True,False,True
Leukocytes,EndocardialCells,C3,Nrp1,0.9279549,0.0,0.41059893,0.119430286030618,-0.10074095498673502,0.037632685,0.77385485,0.6747627687994111,0.45413379632628603, ,,,brown,0.550721740569223,False,True,True
Fibroblasts,Fibroblasts,Lamc1,Cd44,0.7381308,0.0,0.19732217,0.27434568967736084,0.444650367192822,0.038120665,0.70345765,0.21389297626976644,0.4542674353871695, ,brown,0.533218968575482,salmon,0.221972228338972,True,False,True
SmoothMuscleCells,EndocardialCells,Angptl2,Tlr4,0.51642966,0.0,0.19738247,0.28705055803041507,0.3976662193590569,0.06589609,0.70348954,0.028732890595129547,0.45445613178747685, ,brown,0.568414991509247,,,True,False,True
SmoothMuscleCells,EndothelialCells,Pf4,Thbd,0.585349,0.0,0.16256787,0.10680267467054652,0.015525090809344055,0.018992774,0.68286,1.0,0.45445613178747685, ,brown,0.697832116664017,,,True,False,True
EndothelialCells,EndocardialCells,Tgfb1,Sdc2,0.48598146,1.0,0.18260372,-0.07294796412185328,-0.15116604970601671,0.021367624,0.69530886,1.0,0.45445613178747685, ,brown,0.518107180491385,purple,0.512843315776489,True,False,True
SmoothMuscleCells,SmoothMuscleCells,Hsp90b1,Lrp1,0.7824377,1.0,0.5778361,-0.31719128812497743,-0.37351348171311416,0.02572662,0.80234945,1.0,0.45462644416076736, ,yellow,0.537608497036761,brown,0.561942294262648,True,True,True
EndocardialCells,Myocytes,Col1a2,Cd93,0.19198631,1.0,0.028642239,-0.6104082410044144,-1.0458630658853914,0.002649213,0.47473153,1.0,0.45464866506015233, ,blue,0.218085546763467,tan,0.291337625930732,False,True,True
EndothelialCells,Fibroblasts,Tgfb1,Acvr1_Tgfbr2,0.49631637,0.0,0.19743313,0.16453399149871492,0.20444259696219508,0.03464725,0.7035163,0.2954024142520578,0.4547394268587578, ,brown,0.518107180491385,,,True,False,True
EndothelialCells,Fibroblasts,Tgfb1,Acvr1_Tgfbr1_Tgfbr2,0.49631637,0.0,0.19743313,0.16453399149871492,0.20444259696219508,0.03464725,0.7035163,0.2954024142520578,0.4547394268587578, ,brown,0.518107180491385,,,True,False,True
Leukocytes,Fibroblasts,Col4a2,Itgb5,0.66574264,1.0,0.1624804,-0.14719165364058134,-0.19901530939961898,0.011117716,0.68280166,1.0,0.4548339863891804, ,brown,0.55242115377533,turquoise,0.646285311150696,True,False,True
EndocardialCells,Fibroblasts,Ybx1,Notch1,0.8850249,1.0,0.41023478,-0.5128066975752635,-0.6113671024189222,0.011344892,0.7737772,1.0,0.4551192915582891, ,black,0.720504068141164,yellow,0.264341417098466,False,True,True
SmoothMuscleCells,Fibroblasts,Angptl2,Tlr4,0.49399644,0.0,0.16239958,0.24872351277549298,0.32725169497376805,0.05421706,0.6827478,0.059048410654731966,0.45577923360587314, ,brown,0.568414991509247,turquoise,0.558224093682133,True,False,True
Myocytes,Leukocytes,Adam17,Rhbdf2,0.17157292,1.0,0.02871228,-0.18815834967445577,-0.35618731844887,0.013159964,0.47503608,1.0,0.4558395648846784, ,magenta,0.772774351318693,lightcyan,0.298874813604896,False,True,True
Fibroblasts,EndothelialCells,Alcam,Nrp1,0.99225,0.0,0.4097845,0.4927075906709841,0.6574298094779532,0.08745121,0.77368104,0.028541536280802495,0.45585888680911246, ,,,brown,0.648185002416343,False,True,True
Myocytes,SmoothMuscleCells,Sema3c,Nrp1_Plxna2,0.1889059,1.0,0.028720252,-0.10222697444125783,-0.22544339371178523,0.033207852,0.4750707,1.0,0.456434860457145, ,tan,0.524385254393888,,,True,False,True
EndothelialCells,Leukocytes,Tgfb1,Lpp,0.4854604,1.0,0.1818561,-0.05375705997581501,-0.07714339376562468,0.016530234,0.69487417,1.0,0.45653646535627657, ,brown,0.518107180491385,,,True,False,True
EndothelialCells,EndothelialCells,Tgfb1,Itgb5,0.48537022,1.0,0.18172668,-0.13814106304393028,-0.2691780880625823,0.017039653,0.6947987,1.0,0.4569154720401692, ,brown,0.518107180491385,,,True,False,True
EndothelialCells,Fibroblasts,Mfng,Notch1,0.49785328,0.0,0.19786374,0.12211860258948282,0.24594440312149074,0.040444735,0.70374346,0.1750803692056651,0.4569154720401692, ,,,yellow,0.264341417098466,False,True,True
SmoothMuscleCells,EndothelialCells,C3,Nrp1,0.9214575,0.0,0.16195568,0.1128717229022172,0.016873075866617904,0.014843749,0.68245137,1.0,0.45748422216137974, ,brown,0.818843396923259,brown,0.648185002416343,True,True,True
Fibroblasts,EndocardialCells,Rarres2,Ccrl2,0.84112805,0.0,0.40890244,0.5198597034848814,0.7927866705442714,0.06903426,0.77349234,0.028541536280802495,0.4575864680911893, ,brown,0.607010321637212,red,0.619034100148704,True,False,True
Leukocytes,Fibroblasts,Adam10,Notch1,0.4849562,1.0,0.19078945,-0.12934977713757106,-0.3670641512183281,0.014826984,0.69993407,1.0,0.4576739614179416, ,turquoise,0.222395601537507,yellow,0.264341417098466,False,True,True
Leukocytes,Myocytes,App,Notch2,0.67207015,1.0,0.16193925,-0.27901741161228255,-0.3570950313782509,0.011142141,0.68244034,1.0,0.4578635999269963, ,turquoise,0.410874157662401,midnightblue,0.62811133093121,False,True,True
Myocytes,Leukocytes,Apoa1,Abca1,0.4136881,0.0,0.028829496,0.38354728115339476,0.47889118258686264,0.08636443,0.47554407,0.028541536280802495,0.45822025003936506, ,midnightblue,0.255182682496265,turquoise,0.623933769565248,True,False,True
Fibroblasts,EndothelialCells,Hspg2,Fgfr1,0.593587,1.0,0.16184649,-0.3023841454162751,-0.6006436040407378,0.011977725,0.68237823,1.0,0.45824334065947414, ,brown,0.485029372814491,,,True,False,True
Fibroblasts,Leukocytes,Thbs2,Cd36,0.7814115,0.0,0.60718304,0.29205076151406195,0.48521918186780977,0.11528604,0.8062482,0.028541536280802495,0.45832755623916865, ,,,brown,0.783650639892057,False,True,True
Myocytes,SmoothMuscleCells,Angpt1,Tek,0.8417249,0.0,0.40866968,0.7624936793869829,0.7128222175278098,0.060279686,0.77344245,0.03936911166611702,0.45832755623916865, ,blue,0.693979147525439,brown,0.708802168860815,False,True,True
EndocardialCells,SmoothMuscleCells,Tnfsf12,Tnfrsf12a,0.5592706,0.034,0.19847788,0.029517298179288748,-0.011233767495294533,0.032618895,0.7040664,0.6159020324848802,0.4590032984468314, ,blue,0.547970301068687,brown,0.54738257660967,False,True,True
SmoothMuscleCells,SmoothMuscleCells,Serping1,Lrp1,0.7813723,0.036,0.576564,0.07488314819071112,-0.10779033040296837,0.055456456,0.8021747,0.7009442180688433,0.45906914129065257, ,black,0.584840338372599,brown,0.561942294262648,False,True,True
EndocardialCells,Myocytes,Adam15,Itga5,0.48452756,1.0,0.19355504,-0.2020576497717906,-0.35977018096052593,0.021606244,0.7014432,1.0,0.45919330396271896, ,lightcyan,0.176865930443945,magenta,0.871006489400557,True,False,True
EndocardialCells,SmoothMuscleCells,Hspg2,Sdc1,0.78132784,0.0,0.5121461,0.4281279720517113,0.36350362248898566,0.10512459,0.79260564,0.03326330844469949,0.45956377949878013, ,brown,0.437670232192996,purple,0.260770464928019,True,False,True
Myocytes,SmoothMuscleCells,Wnt5a,Mcam,0.99132955,0.0,0.4084473,0.881121399187871,0.9379475759021484,0.195277,0.77339476,0.006943219772003773,0.4598111230784545, ,tan,0.430635396063789,brown,0.653447636634818,True,True,True
Leukocytes,Myocytes,Mfng,Notch2,0.1751973,1.0,0.028980028,-0.2736184138162248,-0.44715554608657504,0.009754301,0.47619355,1.0,0.4600047739479446, ,,,midnightblue,0.62811133093121,False,True,True
Myocytes,SmoothMuscleCells,Col4a5,Itga1_Itgb1,0.48423815,0.0,0.18101276,0.2269831723961982,0.2446443133943771,0.06516899,0.6943812,0.0787905373677112,0.460144732954124, ,brown,0.598294810383622,,,True,False,True
SmoothMuscleCells,SmoothMuscleCells,Pros1,Axl,0.78121877,0.0,0.5316097,0.155905176866097,0.08977467325460409,0.046946097,0.79565465,0.21839443845885018,0.4603060588287947, ,lightcyan,0.293353642967409,royalblue,0.420939485033193,True,False,True
EndothelialCells,Fibroblasts,Adam10,Notch1,0.48422512,1.0,0.19038844,-0.13038515533083328,-0.29997486732809725,0.01479582,0.69971305,1.0,0.46033520707090014, ,yellow,0.336816268854491,yellow,0.264341417098466,True,True,True
Fibroblasts,EndocardialCells,Dcn,Tlr2,0.8514734,0.0,0.1987389,0.4756679383068376,0.6866918955882731,0.0447565,0.70420325,0.122166370398068,0.46033520707090014, ,brown,0.903983883600682,,,True,False,True
SmoothMuscleCells,Myocytes,Tgfb1,Acvr1_Tgfbr1_Tgfbr2,0.21588159,1.0,0.028980125,-0.32316584535966814,-0.5184367795094829,0.0056298766,0.476194,1.0,0.46089675259772944, ,brown,0.732384831866489,,,True,False,True
SmoothMuscleCells,Myocytes,Tgfb1,Tgfbr1_Tgfbr2,0.21588159,1.0,0.028980125,-0.32316584535966814,-0.5184367795094829,0.0056298766,0.476194,1.0,0.46089675259772944, ,brown,0.732384831866489,,,True,False,True
Myocytes,EndocardialCells,Wnt5a,Mcam,0.542424,0.0,0.19879736,0.3557674535925073,0.3581587773226973,0.09504422,0.70423394,0.034516834912433174,0.4609067909085237, ,tan,0.430635396063789,blue,0.63829955562001,True,False,True
Myocytes,Myocytes,Col4a1,Cd93,0.19376305,1.0,0.029002354,-0.8574720814529451,-1.2939569204547476,0.0014057569,0.4762896,1.0,0.46178849240486614, ,greenyellow,0.52952690899527,tan,0.291337625930732,False,True,True
Fibroblasts,EndocardialCells,Bmp1,Bmpr1a,0.7809024,0.0,0.6087357,0.5918516276163921,0.9327622867167066,0.152146,0.80644757,0.02447945775001696,0.4617920049825911, ,turquoise,0.489586454390254,brown,0.63259098022929,False,True,True
EndothelialCells,Fibroblasts,Timp3,Cd44,0.7442061,0.0,0.19912808,0.11313414011157333,0.02057857599769572,0.023626048,0.70440704,0.8144340846348496,0.4620513776277617, ,yellow,0.308157376549655,salmon,0.221972228338972,True,False,True
SmoothMuscleCells,Fibroblasts,Serpine1,Itgb5,0.6810988,0.0,0.19919965,0.3931890668351892,0.5721898408981231,0.09746801,0.7044444,0.028541536280802495,0.46224237750819885, ,darkorange,0.42575759209786,turquoise,0.646285311150696,True,False,True
Myocytes,Myocytes,Lama2,Rpsa,0.87903833,1.0,0.40680832,-0.3959599137721614,-0.38222338875834144,0.023980007,0.7730422,1.0,0.4625356710839006, ,midnightblue,0.3482443250449,tan,0.206618269537133,True,True,True
SmoothMuscleCells,Leukocytes,Hspg2,Lrp1,0.7804886,1.0,0.60369563,-0.12077545475941469,-0.20260285370863584,0.03947972,0.8057979,1.0,0.4630316956442483, ,brown,0.289796805062604,turquoise,0.663780405167675,True,False,True
Leukocytes,Fibroblasts,Hspg2,Fgfr1,0.6479016,1.0,0.19938593,-0.1694428858456659,-0.1549018037768295,0.0147558935,0.7045417,1.0,0.4631978577095674, ,brown,0.525122764314888,,,True,False,True
SmoothMuscleCells,Fibroblasts,Hspg2,Sdc1,0.48326206,1.0,0.18368442,-0.06829826643613857,-0.029190692390837214,0.037703596,0.6959336,1.0,0.4635805417379285, ,brown,0.289796805062604,,,True,False,True
Leukocytes,Leukocytes,Cxcl12,Itgb1,0.60808146,1.0,0.19957834,-0.5992589669865223,-0.83962150803652,0.007246853,0.70464206,1.0,0.4637719627680369, ,brown,0.630654513966125,,,True,False,True
SmoothMuscleCells,Myocytes,Gpc3,Cd81,0.7801191,1.0,0.44462818,-0.18055214790735802,0.045341993392720825,0.078874126,0.78074586,1.0,0.46402428732325585, ,yellow,0.626181888304277,black,0.725044587549066,True,False,True
SmoothMuscleCells,Leukocytes,Col4a1,Cd93,0.7800485,1.0,0.5219119,-0.08221629074965153,-0.24416822633922197,0.025297305,0.79415387,1.0,0.46427257114526665, ,,,brown,0.634483899866545,False,True,True
SmoothMuscleCells,EndothelialCells,Lamb1,Itga1,0.52635056,0.0,0.19976388,0.10210749012315706,0.4034254767806597,0.041428283,0.7047388,0.19880825169912206,0.4645378644549616, ,brown,0.764130236562423,,,True,False,True
Leukocytes,Leukocytes,Tgfb1,Cav1,0.5457746,1.0,0.19976963,-0.1492896531795816,-0.4169340589155542,0.01160813,0.7047418,1.0,0.4647295489072255, ,brown,0.780749588439731,brown,0.71721751830981,True,True,True
SmoothMuscleCells,EndothelialCells,Mmrn2,Clec14a,0.7793538,0.0,0.4177827,0.23230074948934085,0.4390720300755513,0.037786007,0.7753689,0.21986589107763463,0.4650177185071258, ,brown,0.757581672238273,turquoise,0.909426799361271,True,False,True
Myocytes,Leukocytes,Cxcl12,Itgb1,0.5889623,1.0,0.16055173,-0.6226488088751081,-0.858081074555307,0.005829765,0.6815072,1.0,0.4651130759885699, ,tan,0.577984649656319,,,True,False,True
Myocytes,Fibroblasts,Adam10,Axl,0.8289002,0.0,0.40607753,0.22939475156653621,0.4228405787845522,0.033734016,0.7728845,0.32104973295983874,0.46551472984997894, ,,,brown,0.528957135069456,False,True,True
SmoothMuscleCells,Fibroblasts,Tgfb3,Acvr1_Tgfbr1_Tgfbr2,0.4825809,0.0,0.18987341,0.19986660533868553,0.24778660055651547,0.04974597,0.6994284,0.08235898367560261,0.4657845235694927, ,brown,0.511531512491637,,,True,False,True
SmoothMuscleCells,Fibroblasts,Tgfb3,Acvr1_Tgfbr2,0.4825809,0.0,0.18987341,0.19986660533868553,0.24778660055651547,0.04974597,0.6994284,0.08235898367560261,0.4657845235694927, ,brown,0.511531512491637,,,True,False,True
SmoothMuscleCells,SmoothMuscleCells,Tnfsf12,Tnfrsf12a,0.48242608,0.945,0.16448504,-0.0677735085009889,-0.09251461100813246,0.027032336,0.6841281,1.0,0.46626461302741373, ,blue,0.576185973660378,brown,0.54738257660967,False,True,True
EndothelialCells,Myocytes,App,Notch2,0.81432915,0.962,0.20000663,-0.005394005002889168,-0.115892591670886,0.013761347,0.70486516,1.0,0.46626461302741373, ,black,0.617473609490099,midnightblue,0.62811133093121,False,True,True
SmoothMuscleCells,SmoothMuscleCells,Col4a5,Cd47,0.4829182,1.0,0.20003495,-0.25571822198463257,-0.15879038236446297,0.02792506,0.70487976,1.0,0.46645677216416537, ,brown,0.452711648416098,,,True,False,True
Fibroblasts,EndocardialCells,Bgn,Tlr4,0.9278328,0.0,0.40567434,0.5231795141992305,0.7848490376006153,0.0705328,0.7727973,0.028541536280802495,0.46650929325570223, ,brown,0.765417544462891,,,True,False,True
Fibroblasts,SmoothMuscleCells,Col4a2,Itgb5,0.7788188,0.647,0.6059082,-0.006701316157472104,-0.14510537894113407,0.041459247,0.806084,0.9544890216787177,0.46650929325570223, ,,,brown,0.48064539237368,False,True,True
Myocytes,Myocytes,Wnt5a,Fzd4,0.17943463,0.976,0.029272394,0.01152154043486664,-0.18204371089796748,0.033354502,0.47744563,1.0,0.4665409519756257, ,tan,0.430635396063789,greenyellow,0.690801646262766,True,False,True
SmoothMuscleCells,EndocardialCells,Tgfb3,Acvr1_Tgfbr2,0.7787829,0.0,0.5986154,0.318025693909939,0.3827673822913812,0.07947209,0.80513585,0.028645545582377755,0.4667580696720144, ,brown,0.511531512491637,,,True,False,True
EndocardialCells,Fibroblasts,C1qb,Lrp1,0.80044585,0.0,0.20017883,0.3471378459444097,0.4343927063193432,0.027060445,0.7049546,0.30718581007815704,0.4674180491663242, ,brown,0.866130228347949,,,True,False,True
SmoothMuscleCells,SmoothMuscleCells,Lamb1,Itga1,0.48191905,0.16,0.17769422,0.041951006358104004,0.008137840845256428,0.03685134,0.6924143,0.7337770167057898,0.4676105250571001, ,brown,0.764130236562423,,,True,False,True
SmoothMuscleCells,Fibroblasts,Hsp90b1,Erbb2,0.5665573,1.0,0.15996252,-0.1946907854615501,-0.12917960749920357,0.025712904,0.681108,1.0,0.46799547988727147, ,yellow,0.537608497036761,,,True,False,True
Myocytes,Myocytes,Lama5,Itga7_Itgb1,0.51634777,1.0,0.2003004,-0.2576778890739332,-0.20342209183564514,0.020561814,0.70501775,1.0,0.46799547988727147, ,tan,0.625776798528456,,,True,False,True
EndothelialCells,EndothelialCells,Efna1,Epha2,0.4817359,0.0,0.18337564,0.38044376625929244,0.7907598948935788,0.09985535,0.6957556,0.028541536280802495,0.46799547988727147, ,yellow,0.177429009303501,,,True,False,True
EndothelialCells,Fibroblasts,Hsp90aa1,Erbb2,0.56640995,0.145,0.15991381,0.014538839370173681,0.06348124907503713,0.031118307,0.6810749,0.7242598023909972,0.46818811425288, ,yellow,0.283039360433897,,,True,False,True
EndothelialCells,Myocytes,Tgfb1,Eng,0.48153758,1.0,0.17622726,-0.39487380151356977,-0.5069704694900534,0.009827712,0.6915308,1.0,0.4685735415523147, ,brown,0.518107180491385,greenyellow,0.444186423819259,True,False,True
EndothelialCells,EndothelialCells,C1qa,Cd93,0.8481535,0.0,0.20033006,0.3459350403069037,0.35197025924618464,0.018861959,0.7050331,0.3624023885448615,0.4685735415523147, ,brown,0.731589883433342,turquoise,0.705808522625346,True,False,True
EndocardialCells,EndocardialCells,Ntn1,Neo1,0.6060374,0.0,0.2003324,0.3689680630726559,0.44118791606446006,0.045574673,0.7050344,0.11408932716593047,0.4687661788756503, ,brown,0.425522037629137,turquoise,0.424230348646036,True,False,True
EndocardialCells,Myocytes,Adam15,Itgav,0.48116168,1.0,0.18892673,-0.14106775568803884,-0.23885486288749852,0.024876216,0.6989027,1.0,0.46915192332040634, ,lightcyan,0.176865930443945,grey60,0.700690341838197,True,False,True
EndothelialCells,SmoothMuscleCells,Gnai2,Tbxa2r,0.95084715,0.0,0.40432668,0.3309463128470771,0.30043423543806447,0.070217565,0.772505,0.05198487648651229,0.4692484860728631, ,black,0.730197986867085,tan,0.583779196602556,False,True,True
Myocytes,EndocardialCells,Lama2,Cd44,0.19060636,1.0,0.029352646,-0.2333844927159972,-0.4124044092531362,0.011289764,0.47778714,1.0,0.4695082395965648, ,midnightblue,0.3482443250449,yellow,0.212459882063522,True,True,True
Fibroblasts,Myocytes,Vegfa,Itgb1,0.49014002,1.0,0.15973794,-0.2954631163625094,-0.1789772979214597,0.01868046,0.6809554,1.0,0.46953772352905354, ,yellow,0.272486789574581,greenyellow,0.433544316700636,True,False,True
EndothelialCells,Fibroblasts,Adam10,Tspan12,0.491507,1.0,0.20049846,-0.10709862901785182,-0.32351844700813387,0.017934332,0.70512056,1.0,0.46953772352905354, ,yellow,0.336816268854491,,,True,False,True
Fibroblasts,Fibroblasts,Tgfb1,Tgfbr3,0.53346777,0.0,0.20055707,0.04497095810946722,0.06773288817830164,0.02587475,0.7051509,0.6651748178389009,0.4697307808415022, ,brown,0.757880766459934,,,True,False,True
SmoothMuscleCells,EndocardialCells,Hsp90aa1,Erbb2,0.614771,0.001,0.20059846,0.1041683632292777,0.07084634711603399,0.039035305,0.70517236,0.47092931215184725,0.4699238910655935, ,midnightblue,0.544809498507205,,,True,False,True
Myocytes,Myocytes,Lama5,Bcam,0.48110136,0.0,0.18205462,0.16432991527154206,0.08717270722314302,0.028579844,0.69498986,0.5244482564070743,0.4699238910655935, ,tan,0.625776798528456,,,True,False,True
EndothelialCells,SmoothMuscleCells,Adam10,Tspan14,0.49162716,0.166,0.2006653,0.0182435639853491,0.05189995820741594,0.027659545,0.705207,0.7401737273862743,0.47069654911947495, ,yellow,0.336816268854491,yellow,0.48984647322545,True,True,True
EndothelialCells,EndocardialCells,Efna1,Epha2,0.48084384,0.0,0.18212248,0.37844770075361545,0.6416796301128229,0.09917296,0.6950294,0.028541536280802495,0.47108335168576365, ,yellow,0.177429009303501,lightgreen,0.348468333407724,True,False,True
Fibroblasts,SmoothMuscleCells,App,Tnfrsf21,0.78204954,0.0,0.40343228,0.13335733892957172,0.12870354163887038,0.058599807,0.7723103,0.1710460412944928,0.47124428985728495, ,black,0.764270466936223,brown,0.729469459126359,False,True,True
Leukocytes,Myocytes,App,Cd74,0.68818015,1.0,0.20093668,-0.17879512395156735,-0.2196579983115505,0.014940235,0.7053474,1.0,0.4718574361164844, ,turquoise,0.410874157662401,brown,0.670405641257664,False,True,True
Leukocytes,Leukocytes,Bgn,Ly96,0.4804349,1.0,0.17153515,-0.10058362912162061,-0.16581499993807397,0.020140514,0.6886451,1.0,0.4718574361164844, ,lightcyan,0.647405502543849,turquoise,0.790566666074156,True,False,True
EndocardialCells,EndocardialCells,Angptl2,Tie1,0.82067776,0.0,0.4030057,0.34727412579210876,0.2351648624543548,0.04926466,0.77221733,0.08571599000358877,0.4722434166020085, ,blue,0.586990939758655,brown,0.559205266266903,False,True,True
Fibroblasts,Myocytes,Lamc1,Cd44,0.73951894,0.0,0.20100819,0.27716265889216496,0.4848531099635309,0.03883276,0.7053844,0.19943074281353113,0.47224471792584677, ,brown,0.533218968575482,magenta,0.718777026774563,True,False,True
Leukocytes,EndocardialCells,Pltp,Abca1,0.7768764,0.0,0.49990502,0.5220198865619871,0.5783972891111178,0.10054467,0.7906103,0.028541536280802495,0.47249337091887533, ,turquoise,0.711817346078555,lightcyan,0.751980973473931,False,True,True
Myocytes,EndocardialCells,Wnt5a,Fzd6,0.48029852,0.0,0.16978323,0.5513040757257746,0.6802464233130832,0.2010515,0.6875435,0.028541536280802495,0.4726323680670588, ,tan,0.430635396063789,blue,0.758529221846358,True,False,True
Fibroblasts,SmoothMuscleCells,Tgfb1,Eng,0.53442734,1.0,0.20102456,-0.38932012375735703,-0.6197655931451331,0.01121059,0.7053929,1.0,0.4726323680670588, ,brown,0.757880766459934,lightcyan,0.40613301582679,True,True,True
Leukocytes,SmoothMuscleCells,Adam10,Tspan14,0.49235827,0.175,0.20108795,0.019278942178611286,-0.015189325682814891,0.027717803,0.7054256,0.7456034049353242,0.4728261161423233, ,turquoise,0.222395601537507,yellow,0.48984647322545,False,True,True
Myocytes,Fibroblasts,Pdgfa,Pdgfra,0.8220987,0.0,0.40225628,0.632875504641164,1.1325684943108207,0.14471091,0.7720536,0.017482110697010608,0.4732433251377113, ,,,brown,0.735702460496526,False,True,True
SmoothMuscleCells,EndocardialCells,Mfge8,Pdgfrb,0.9794321,0.0,0.40202424,0.4072074891013326,0.1752026392917322,0.022768084,0.7720028,0.8223787026464215,0.4742440145369786, ,lightcyan,0.510462651252352,blue,0.615629788388522,True,False,True
SmoothMuscleCells,Leukocytes,Bmp4,Rgmb,0.17418069,1.0,0.029433718,-0.2378696487771214,-0.4090500193434019,0.01566936,0.4781312,1.0,0.47484347511717406, ,tan,0.262138911546446,royalblue,0.727791922360445,True,False,True
SmoothMuscleCells,Fibroblasts,Hsp90b1,Tlr4,0.5880589,1.0,0.20158254,-0.21780172395400366,-0.20608348349226424,0.02385486,0.70568085,1.0,0.474962096681671, ,yellow,0.537608497036761,turquoise,0.558224093682133,True,False,True
EndocardialCells,Leukocytes,Adam15,Itga5,0.47979733,1.0,0.18705064,-0.20919820940282807,-0.3292973884181689,0.020880168,0.69785166,1.0,0.4751566379176253, ,lightcyan,0.176865930443945,,,True,False,True
SmoothMuscleCells,Leukocytes,Col1a1,Cd44,0.55987394,0.0,0.20167299,0.46984151204366065,0.3680963883834694,0.08534617,0.7057274,0.03217095818753084,0.4755457226186731, ,brown,0.614930628804247,,,True,False,True
SmoothMuscleCells,EndothelialCells,Col5a3,Sdc3,0.5133475,0.0,0.20168576,0.1631135869804592,0.32674333480888634,0.07681634,0.70573395,0.10688726602367112,0.4759351768721939, ,brown,0.643060769596358,turquoise,0.748559297595386,True,False,True
EndocardialCells,EndothelialCells,Igfbp4,Lrp6,0.8742037,0.0,0.40146774,0.2647444830838468,0.1277448495785708,0.03377425,0.7718809,0.3194494881834909,0.4764983653170493, ,brown,0.565703353366091,,,True,False,True
Fibroblasts,EndocardialCells,Bgn,Tlr2,0.8642737,0.0,0.20196536,0.41980326437366244,0.6030781352844178,0.035512995,0.7058778,0.27511137582958306,0.4765195995111571, ,brown,0.765417544462891,,,True,False,True
Fibroblasts,Leukocytes,Mmp2,Pecam1,0.7544654,0.0,0.20208502,0.16048356932328128,0.2516052240263137,0.025673745,0.7059393,0.6778776523447793,0.47671456578100824, ,,,lightcyan,0.23876749076216,False,True,True
SmoothMuscleCells,EndocardialCells,Tgfb1,Itgb5,0.21678267,1.0,0.029608432,-0.5348715406885959,-0.8081368542029104,0.002776243,0.47886968,1.0,0.4778042750965456, ,brown,0.732384831866489,,,True,False,True
EndothelialCells,EndothelialCells,Angpt2,Tie1,0.82238114,0.0,0.4002462,0.482529251174437,1.0277477229578116,0.087574184,0.77161247,0.028541536280802495,0.47875665378368626, ,brown,0.680260821306767,royalblue,0.739670400010914,True,False,True
Fibroblasts,SmoothMuscleCells,Itgb3bp,Itgb5,0.5280595,0.0,0.20252511,0.12490854264527781,0.18185463384745526,0.05174858,0.706165,0.16041661464698279,0.4790576789754882, ,turquoise,0.473927956371253,brown,0.48064539237368,False,True,True
SmoothMuscleCells,Leukocytes,Adam15,Itgb1,0.77459276,1.0,0.53946656,-0.3535231361518237,-0.3920504481625725,0.018712824,0.79684466,1.0,0.47925893920841, ,lightcyan,0.35510465639107,,,True,False,True
Myocytes,SmoothMuscleCells,Lama2,Rpsa,0.86598206,1.0,0.39964983,-0.43689598759377896,-0.40517963815222563,0.023558035,0.7714811,1.0,0.47925893920841, ,midnightblue,0.3482443250449,black,0.836331019373713,True,False,True
Leukocytes,EndocardialCells,Col4a2,Cd93,0.8134585,0.217,0.20262969,-0.029525180338182133,-0.3183133600593431,0.011039654,0.7062186,1.0,0.47944904805607436, ,brown,0.55242115377533,lightcyan,0.582187985085655,True,True,True
Fibroblasts,EndocardialCells,Dcn,Tlr4,0.91503245,0.0,0.39919358,0.5790441881324057,0.8684627979044707,0.08889143,0.77138036,0.028541536280802495,0.47976151982825566, ,brown,0.903983883600682,,,True,False,True
Leukocytes,EndocardialCells,Tgfb1,Tgfbr3,0.7742018,0.0,0.5922004,0.4241941153246362,0.4603720968564486,0.07640238,0.8042893,0.028541536280802495,0.4800129335202984, ,brown,0.780749588439731,blue,0.406933614606174,True,False,True
Fibroblasts,Fibroblasts,Col15a1,Itga1_Itgb1,0.697326,0.0,0.15737717,0.246301908886971,0.3587435726556393,0.04105137,0.67933583,0.16708183975022814,0.48003634314098786, ,brown,0.692037681267818,,,True,False,True
SmoothMuscleCells,Myocytes,Col3a1,Ddr2,0.22970614,1.0,0.029685875,-0.4406368734698576,-0.7307875224163969,0.0070188884,0.47919556,1.0,0.48017123607750545, ,tan,0.742640569981712,black,0.465441468762802,True,False,True
EndocardialCells,EndocardialCells,C3,Nrp1,0.8487754,0.508,0.15735939,0.0064207076791076845,-0.2743890388996153,0.014422484,0.6793235,1.0,0.48023226741136926, ,blue,0.258833517861709,brown,0.550721740569223,False,True,True
SmoothMuscleCells,Myocytes,Gpc3,Flt1,0.22719324,1.0,0.0297101,0.052716874790505686,-0.26921247856646024,0.01586046,0.4792974,1.0,0.4807627299276064, ,yellow,0.626181888304277,darkgreen,0.794444774425355,True,False,True
EndothelialCells,Myocytes,Timp3,Cd44,0.7455942,0.0,0.20284781,0.11595110932637749,0.060781318768404674,0.024067385,0.7063302,0.7833780071590077,0.4808202017882334, ,yellow,0.308157376549655,magenta,0.718777026774563,True,False,True
EndothelialCells,Fibroblasts,Mfap5,Notch1,0.19138154,1.0,0.029758133,-0.54498441860556,-1.1683670932575216,0.0037488018,0.47949895,1.0,0.4813541610450843, ,,,yellow,0.264341417098466,False,True,True
EndothelialCells,Fibroblasts,Col4a2,Itga11_Itgb1,0.8424809,0.0,0.39825362,0.5377206051008315,0.9714148949354852,0.2998396,0.7711724,0.028541536280802495,0.4817737782372679, ,yellow,0.155737396507289,,,True,False,True
Myocytes,Myocytes,Fgf1,Fgfrl1,0.55953485,0.0,0.20320894,1.1129782868756493,0.9274893229545085,0.13668567,0.70651466,0.016815577793896166,0.48180110560268485, ,orange,0.689259866805731,greenyellow,0.33361667281462,True,False,True
SmoothMuscleCells,EndothelialCells,Hspg2,Dag1,0.47717303,1.0,0.17508002,-0.2790963343315299,-0.33927499076818796,0.016227683,0.6908338,1.0,0.4819975097322535, ,brown,0.289796805062604,,,True,False,True
EndothelialCells,EndocardialCells,Angpt2,Tie1,0.81887126,0.0,0.3981616,0.478398733842609,0.5918112712204113,0.087118074,0.77115196,0.028541536280802495,0.48227732624229436, ,brown,0.680260821306767,brown,0.559205266266903,True,True,True
Myocytes,EndothelialCells,Col4a5,Itga1_Itgb1,0.52866966,0.0,0.2034946,0.28713965616125126,0.6399319493297804,0.073263,0.7066603,0.02870375342865918,0.48258688369058345, ,brown,0.598294810383622,,,True,False,True
Leukocytes,EndocardialCells,Bgn,Tlr2,0.18149245,1.0,0.029863434,-0.4926117408613448,-0.7514102185346353,0.0052510984,0.47993976,1.0,0.4837189002242342, ,lightcyan,0.647405502543849,,,True,False,True
EndocardialCells,SmoothMuscleCells,Adam9,Itgb5,0.5287826,0.982,0.20368835,-0.06925542458023157,-0.17350204473424213,0.022261253,0.7067589,1.0,0.4839640105669988, ,blue,0.616294457204061,brown,0.48064539237368,False,True,True
EndocardialCells,Myocytes,Vwf,Sirpa,1.0283458,0.0,0.20370235,1.0939308628103779,0.9812026494214864,0.03821618,0.706766,0.10391013756514428,0.4841610020169363, ,brown,0.691096517422782,greenyellow,0.450767025063588,True,False,True
Leukocytes,SmoothMuscleCells,Pdgfa,Pdgfrb,1.0128926,0.0,0.39759937,0.9565162273412152,1.042028012817471,0.072679706,0.77102727,0.028541536280802495,0.484293346596264, ,turquoise,0.590115998515847,brown,0.766275459333072,False,True,True
Fibroblasts,Myocytes,Serping1,Lrp1,0.8296608,0.0,0.20384109,0.14769954676990993,0.29239039144619927,0.01960633,0.7068365,0.8223787026464215,0.4845551452680792, ,brown,0.637205541603263,,,True,False,True
EndocardialCells,EndothelialCells,Bgn,Ly96,0.82672155,0.0,0.3975155,0.3118536074692865,0.21646557669420496,0.046673622,0.77100873,0.10517989800816882,0.48479785904943007, ,lightcyan,0.368806923816196,turquoise,0.848684740059453,True,False,True
Fibroblasts,SmoothMuscleCells,Nppa,Npr1,0.51049936,1.0,0.20400952,-0.19484231870870078,-0.46618557306293856,0.013040934,0.7069221,1.0,0.4849493431828046, ,brown,0.585297064759349,red,0.491807070359925,True,False,True
Myocytes,EndocardialCells,Cxcl12,Itgb1,0.7271372,1.0,0.20402394,-0.38229418355213207,-0.7111576607041765,0.0074082767,0.7069294,1.0,0.48514660190210734, ,tan,0.577984649656319,pink,0.572507776572743,True,False,True
Leukocytes,SmoothMuscleCells,Gnai2,Tbxa2r,0.9364426,0.0,0.39730033,0.3015188282551917,0.216515358536167,0.06899733,0.7709609,0.0949318840269082,0.48555493777525965, ,turquoise,0.515281533766225,tan,0.583779196602556,False,True,True
Fibroblasts,EndocardialCells,Vegfa,Flt1_Kdr,0.48211384,0.0,0.15642448,0.1240109667333631,0.06641065880467875,0.043144315,0.67867416,0.2586753382484294,0.48573853963541097, ,yellow,0.272486789574581,,,True,False,True
EndothelialCells,SmoothMuscleCells,Col4a2,Itga10_Itgb1,0.8420611,0.0,0.3970777,0.7664261033935286,0.9966280319859975,0.23887388,0.7709114,0.005328819057460179,0.48605993136576986, ,yellow,0.155737396507289,,,True,False,True
SmoothMuscleCells,Fibroblasts,Tgfb1,Itgb5,0.77211237,0.0,0.41682845,0.20417962433560094,0.33021987396376823,0.03908404,0.7751697,0.19534918801323065,0.48656511721612006, ,brown,0.732384831866489,turquoise,0.646285311150696,True,False,True
Myocytes,EndothelialCells,Col4a5,Cd93,0.9107939,0.0,0.39684495,0.48273159920141157,0.7698537904641527,0.065203495,0.77085966,0.02858742631002551,0.48681783319927985, ,brown,0.598294810383622,turquoise,0.705808522625346,True,False,True
Myocytes,SmoothMuscleCells,Lama2,Itga7_Itgb1,0.860162,0.02,0.3964588,0.10704119249353385,-0.1105691965407612,0.032209355,0.77077365,0.7105923104821218,0.48732320520910843, ,midnightblue,0.3482443250449,,,True,False,True
Fibroblasts,Myocytes,Tnxb,Itga9_Itgb1,0.68763125,0.0,0.15600428,0.3531556322705228,0.6428252021554446,0.045521017,0.6783808,0.11449983076215321,0.48771519579391864, ,brown,0.534296365095982,,,True,False,True
Myocytes,EndocardialCells,Fndc5,Itgb5,0.9605722,0.0,0.15594193,1.174276133812563,0.8151313350920713,0.02149268,0.67833716,0.24899700567371458,0.48791320377946146, ,brown,0.866327263435725,,,True,False,True
EndothelialCells,SmoothMuscleCells,Tgfb1,Eng,0.7713551,0.98,0.59208214,-0.023533166047751436,0.0012593081454672084,0.033018798,0.80427355,1.0,0.4880818271669427, ,brown,0.518107180491385,lightcyan,0.40613301582679,True,True,True
Fibroblasts,EndocardialCells,Hspg2,Sdc1,0.5906931,0.186,0.15588476,0.010418558434891326,-0.05577090136291371,0.031997357,0.67829716,0.7512656782279753,0.48830922059410986, ,brown,0.485029372814491,lightgreen,0.664818986973015,True,False,True
EndothelialCells,EndocardialCells,Lman1,Mcfd2,0.77117324,0.0,0.5630667,0.09551186516400283,0.104685328239148,0.038241018,0.80028844,0.2117988891553237,0.4883347290100264, ,yellow,0.27633284088065,,,True,False,True
EndocardialCells,Fibroblasts,Jam3,Itgb1,0.620125,1.0,0.15584454,-0.3251825801445645,-0.617523686247776,0.0074747996,0.678269,1.0,0.48850738931530846, ,yellow,0.471739559256652,black,0.76802340300577,True,False,True
SmoothMuscleCells,Myocytes,Rtn4,Lingo1,0.54440814,0.001,0.20504364,0.23570852021663852,0.31984300739587346,0.11814792,0.7074456,0.45006469475253935,0.48850738931530846, ,brown,0.474151414005685,,,True,False,True
SmoothMuscleCells,Myocytes,Pf4,Thbd,0.17376238,1.0,0.030030679,-0.46212743791364774,-0.8539940211384611,0.0035084786,0.4806368,1.0,0.4890341654494599, ,brown,0.697832116664017,grey60,0.664429786726924,True,False,True
EndocardialCells,SmoothMuscleCells,Jam3,Itgb1,0.7940353,1.0,0.20519617,-0.02266540786054974,-0.3657468673953681,0.00984186,0.7075226,1.0,0.48930044021007063, ,yellow,0.471739559256652,,,True,False,True
SmoothMuscleCells,Fibroblasts,Hbegf,Cd9,0.7709667,0.0,0.46717128,0.5625578349367788,0.48332934880212575,0.10600945,0.78494954,0.028541536280802495,0.4893470197636689, ,midnightblue,0.453211769212941,darkgreen,0.787080560694002,True,False,True
Myocytes,EndothelialCells,C3,Nrp1,0.9338153,0.0,0.20521748,0.13050943872653747,0.04494703354669222,0.018808829,0.7075333,1.0,0.489498876997809, ,magenta,0.669467578637026,brown,0.648185002416343,False,True,True
Leukocytes,EndocardialCells,Mmp9,Cd44,0.19377989,0.0,0.030032232,0.3376111371407446,0.2765979689549919,0.06415738,0.48064327,0.06215992732653819,0.4896242714668202, ,,,yellow,0.212459882063522,False,True,True
Myocytes,EndocardialCells,Tgfb2,Eng,1.0159652,0.0,0.2054962,0.36757923278786886,0.1602878677655314,0.022795293,0.7076737,0.8693721170871259,0.4906903036152553, ,darkgrey,0.502434250975649,brown,0.973204830554305,False,True,True
SmoothMuscleCells,SmoothMuscleCells,Col1a1,Cd36,0.5683673,1.0,0.20550402,-0.22213642870755934,-0.415991872377454,0.024710812,0.7076776,1.0,0.49088911597454343, ,brown,0.614930628804247,,,True,False,True
Fibroblasts,Myocytes,App,Cd74,0.70216066,1.0,0.20557866,-0.15190560598799477,-0.24255412785333216,0.015285379,0.7077152,1.0,0.4910878215013358, ,black,0.764270466936223,brown,0.670405641257664,False,True,True
EndothelialCells,Fibroblasts,Tgfb1,Tgfbr3,0.7703955,0.0,0.5907052,0.41075791581907284,0.6887577894689021,0.07620948,0.80409026,0.028541536280802495,0.4911203201119471, ,brown,0.518107180491385,,,True,False,True
EndothelialCells,Leukocytes,Tgfb1,Cav1,0.47500378,1.0,0.16685203,-0.25855079513641,-0.4669465442558845,0.009695368,0.6856699,1.0,0.49148571463444957, ,brown,0.518107180491385,brown,0.71721751830981,True,True,True
SmoothMuscleCells,Myocytes,App,Cd74,0.5511947,1.0,0.1554531,-0.4422752997564091,-0.40870594700588325,0.011558396,0.6779945,1.0,0.4916845811147057, ,,,brown,0.670405641257664,False,True,True
SmoothMuscleCells,SmoothMuscleCells,Bmp4,Rgmb,0.17678973,1.0,0.03018561,-0.23410335363942697,-0.40385900254311435,0.01606964,0.48127908,1.0,0.49257350401977673, ,tan,0.262138911546446,,,True,False,True
SmoothMuscleCells,Leukocytes,Efemp2,Aqp1,0.49201244,0.912,0.15531607,-0.032942708396380055,-0.22696716636971354,0.025465297,0.6778983,1.0,0.4930789535127421, ,blue,0.623558405434503,brown,0.787663437999586,False,True,True
SmoothMuscleCells,Fibroblasts,Pf4,Ldlr,0.17425704,1.0,0.030189969,-0.07208260616692735,-0.2604164987693613,0.016994897,0.4812971,1.0,0.4931630553613906, ,brown,0.697832116664017,purple,0.317659001931645,True,False,True
Fibroblasts,Fibroblasts,Ntn1,Neo1,0.5278044,0.0,0.20603947,0.27893541425786816,0.5629835586371432,0.046873003,0.7079467,0.10303656422656697,0.49327841051026733, ,turquoise,0.847226247817953,yellow,0.471083556679634,False,True,True
Leukocytes,Myocytes,Fadd,Traf2,0.17597078,0.929,0.030220574,-0.039367763859352325,-0.07841714210916748,0.020936541,0.4814236,1.0,0.4937525440245153, ,darkturquoise,0.185295613244822,tan,0.689086951973111,False,True,True
Myocytes,SmoothMuscleCells,Agt,Enpep,0.4873289,0.0,0.20614158,1.2578728156287873,1.0841601991291288,0.55321485,0.707998,0.0020000106099980516,0.4938769430861959, ,magenta,0.862844925751784,brown,0.319496455932078,False,True,True
EndocardialCells,EndocardialCells,Adam15,Itgav,0.47402453,1.0,0.17911267,-0.153108204809251,-0.2574426705827539,0.023583988,0.6932603,1.0,0.4938769430861959, ,lightcyan,0.176865930443945,,,True,False,True
EndocardialCells,EndocardialCells,Col1a2,Cd44,0.19485117,1.0,0.030261641,-0.3510922427738052,-0.5092454029409255,0.008447224,0.4815931,1.0,0.49493121436650217, ,blue,0.218085546763467,yellow,0.212459882063522,False,True,True
SmoothMuscleCells,EndocardialCells,Bmp1,Bmpr1a,0.47759855,0.0,0.15490396,0.14388028171390121,0.1311931393163292,0.03871634,0.6776081,0.20118149601149704,0.49507562173231634, ,darkorange,0.451987606072427,brown,0.63259098022929,True,True,True
Fibroblasts,EndothelialCells,Rarres2,Ccrl2,0.83547497,0.0,0.39321426,0.5108185012589367,0.831787371214273,0.06638566,0.7700469,0.028541536280802495,0.49543671570836156, ,brown,0.607010321637212,turquoise,0.710402520788622,True,False,True
SmoothMuscleCells,SmoothMuscleCells,Vtn,Itga5,0.5665222,0.0,0.20663413,1.173671605090271,0.7733495604600287,0.09420747,0.70824456,0.028541536280802495,0.49567560692929513, ,brown,0.715989746853182,brown,0.546566959140606,True,True,True
SmoothMuscleCells,Fibroblasts,C3,Cd81,0.8830863,1.0,0.15485506,-0.2584280940911865,-0.43923449311483775,0.009793432,0.6775736,1.0,0.49587576352034435, ,brown,0.818843396923259,black,0.684964249384503,True,False,True
SmoothMuscleCells,SmoothMuscleCells,Nppa,Npr1,0.47267097,1.0,0.18338612,-0.2318672922233239,-0.44817658749182193,0.011722621,0.6957617,1.0,0.4962760766810611, ,brown,0.553063856550583,red,0.491807070359925,True,False,True
EndothelialCells,Myocytes,Calr,Itga3,0.6261187,1.0,0.15457956,-0.014940626315218197,-0.00976596181526529,0.039072312,0.67737913,1.0,0.4976791122336064, ,yellow,0.359407124794825,grey60,0.695717252163136,True,False,True
Myocytes,Leukocytes,Bgn,Ly96,0.47234812,1.0,0.1598269,-0.11139019110959364,-0.14686476480057348,0.01876581,0.6810159,1.0,0.4976791122336064, ,darkorange,0.218523360661584,turquoise,0.790566666074156,True,False,True
Myocytes,EndocardialCells,Fgf1,Fgfr2,0.56161845,0.0,0.20692194,1.3386925989467673,1.138367429890141,0.3172311,0.7083883,0.0012161460859366601,0.4976791122336064, ,orange,0.689259866805731,pink,0.256779232462863,True,False,True
Fibroblasts,Fibroblasts,Mfap5,Notch1,0.8514245,0.0,0.39180434,0.31462309661848187,0.4948641789146156,0.049357824,0.7697287,0.084793435369,0.49772730456274195, ,brown,0.786804272285394,yellow,0.264341417098466,True,True,True
SmoothMuscleCells,EndocardialCells,Mfap5,Notch1,0.7264023,0.0,0.206973,0.1707045890688496,-0.04216332513214294,0.026073568,0.70841384,0.6535616610066691,0.49787980777679613, ,darkorange,0.675305102108676,darkred,0.343740710918236,True,False,True
EndocardialCells,SmoothMuscleCells,Lama4,Itga6_Itgb1,0.52030504,0.501,0.15457349,-0.016958030767011772,-0.16491439087725457,0.026338685,0.6773748,0.9182423450452014,0.49787980777679613, ,brown,0.394621679147421,,,True,False,True
EndocardialCells,Fibroblasts,Rarres2,Ccrl2,0.17461812,1.0,0.03031273,-0.4101675783234762,-0.729219360621095,0.0051176436,0.48180372,1.0,0.4984650079955416, ,blue,0.452535938660629,midnightblue,0.309347440983874,False,True,True
Fibroblasts,Myocytes,Rarres2,Ccrl2,0.76847863,0.0,0.2072908,0.40367048090583346,0.6055516626641606,0.034996532,0.70857227,0.2854068359704541,0.49888377041693965, ,brown,0.607010321637212,grey60,0.619388232624673,True,False,True
Leukocytes,SmoothMuscleCells,App,Tnfrsf21,0.768069,0.0,0.39432275,0.1064678209659991,0.15159967118065204,0.05727662,0.77029604,0.1903658144559854,0.49900165054603085, ,turquoise,0.410874157662401,brown,0.729469459126359,False,True,True
Myocytes,Fibroblasts,Psen1,Cd44,0.17640805,1.0,0.030348007,-0.1903813355788373,-0.34661711171742127,0.011342439,0.48194888,1.0,0.4996422002661113, ,tan,0.493293969025575,salmon,0.221972228338972,True,False,True
Fibroblasts,Myocytes,Hspg2,Fgfr1,0.615739,1.0,0.20748171,-0.27100806436924507,-0.45648719365460233,0.015355037,0.70866734,1.0,0.4998892442342724, ,brown,0.485029372814491,magenta,0.803121502214596,True,False,True
Leukocytes,Leukocytes,Efemp2,Aqp1,0.17565587,1.0,0.03037949,-0.46501946038469,-0.8525320195590469,0.004980957,0.48207834,1.0,0.5002306430386592, ,turquoise,0.643633869750434,brown,0.787663437999586,False,True,True
EndothelialCells,Myocytes,Nts,Sort1,0.5033721,0.0,0.20767285,0.7495773948494261,0.9479601118872885,0.107939206,0.70876235,0.028541536280802495,0.5002917142168377, ,,,midnightblue,0.356528030180206,False,True,True
SmoothMuscleCells,EndothelialCells,Tgfb3,Itgb5,0.47163478,1.0,0.17476836,-0.10280844920395968,-0.22583408446826192,0.024465265,0.6906435,1.0,0.5004931114767707, ,brown,0.511531512491637,,,True,False,True
EndothelialCells,Myocytes,Bsg,Slc16a7,0.71098983,0.46,0.20786458,0.018750740491320597,0.027601411783650276,0.038230628,0.7088576,0.8750666156435143,0.500896068130955, ,black,0.87193387089421,tan,0.461436207039326,False,True,True
SmoothMuscleCells,EndothelialCells,S100a9,Cd36,1.0127484,0.0,0.15428203,0.5503224697192978,0.9681311807457041,0.06783415,0.67716855,0.028541536280802495,0.5010974648388037, ,,,brown,0.868570071306074,False,True,True
EndocardialCells,Fibroblasts,Lamb2,Itga9_Itgb1,0.47839344,0.861,0.20789039,-0.017477744213931803,-0.042084273792570015,0.025253199,0.7088704,1.0,0.5010974648388037, ,brown,0.473770160271624,,,True,False,True
Fibroblasts,EndocardialCells,Timp2,Cd44,0.7730167,0.0,0.15407129,0.3087475299865012,0.40006516157126115,0.02345029,0.6770192,0.30718581007815704,0.5017023045159589, ,,,yellow,0.212459882063522,False,True,True
SmoothMuscleCells,SmoothMuscleCells,App,Lrp1,0.7667063,1.0,0.55905163,-0.4156207788246518,-0.40773062939448235,0.026627723,0.7997159,1.0,0.5023201943010155, ,,,brown,0.561942294262648,False,True,True
EndothelialCells,Fibroblasts,Col4a2,Cd44,0.774624,0.0,0.20816992,0.2779344542234081,0.3895441170044607,0.034228034,0.70900905,0.30824183143547734,0.5027115605760935, ,yellow,0.155737396507289,salmon,0.221972228338972,True,False,True
SmoothMuscleCells,SmoothMuscleCells,Bmp1,Bmpr1a,0.47533572,0.0,0.15396692,0.1405335868766862,0.1361841931996005,0.038482133,0.67694503,0.20535386999891922,0.5029136066917336, ,darkorange,0.451987606072427,,,True,False,True
SmoothMuscleCells,Leukocytes,Cd38,Pecam1,0.17683433,1.0,0.030470397,-0.5325699770867143,-0.9491430967450263,0.0031730952,0.48245138,1.0,0.5031715610719153, ,saddlebrown,0.729476648639621,lightcyan,0.23876749076216,False,True,True
Myocytes,SmoothMuscleCells,Calr,Lrp1,0.76641405,1.0,0.55870265,-0.40929301129758167,-0.43865753451412404,0.02447448,0.79966587,1.0,0.50334293634281, ,greenyellow,0.331969210950687,brown,0.561942294262648,False,True,True
EndocardialCells,EndothelialCells,Lamb2,Itga6_Itgb1,0.7663058,0.0,0.56674623,0.32414259223190006,0.7242282161105227,0.07134442,0.80080837,0.028541536280802495,0.5035987912185272, ,brown,0.473770160271624,,,True,False,True
Leukocytes,SmoothMuscleCells,Sparc,Eng,0.53893214,1.0,0.20845982,-1.1428472129157912,-1.036672069223872,0.005599444,0.70915264,1.0,0.5041266936434515, ,,,lightcyan,0.40613301582679,False,True,True
SmoothMuscleCells,Myocytes,Col4a5,Cd93,0.20105971,1.0,0.030481262,-0.3402806523497944,-0.6042732200532472,0.005008215,0.48249587,1.0,0.5043472761984118, ,brown,0.452711648416098,tan,0.291337625930732,True,True,True
EndothelialCells,EndocardialCells,Adam10,Notch2,0.49734145,0.628,0.20859893,-0.013984480896998122,0.03830434860733517,0.02669391,0.70922136,0.944818491505441,0.504531434551733, ,yellow,0.336816268854491,black,0.527004252006935,True,False,True
Myocytes,EndothelialCells,Col1a2,Cd36,1.0126259,0.0,0.15380551,0.18425659176351666,0.46149172856372644,0.012198987,0.6768303,0.6415479045578888,0.504531434551733, ,,,brown,0.868570071306074,False,True,True
Fibroblasts,SmoothMuscleCells,Lpl,Lrp1,0.7659607,1.0,0.55816126,-0.18293271521426605,-0.40950381909657363,0.030854471,0.79958826,1.0,0.5046223714095037, ,white,0.449250143614266,brown,0.561942294262648,False,True,True
SmoothMuscleCells,SmoothMuscleCells,Col1a1,Itga1_Itgb1,0.47050613,0.077,0.16136274,0.016700691251585048,-0.0098149540005526,0.04958036,0.68205374,0.6778670893330029,0.504733967961181, ,brown,0.614930628804247,,,True,False,True
EndothelialCells,EndocardialCells,Nppa,Npr1,0.76577353,0.0,0.5823138,0.13303772865641092,0.08121192313207437,0.03722334,0.8029609,0.2335863036009766,0.5048784615038556, ,brown,0.342952456137021,turquoise,0.737674978374714,True,False,True
Myocytes,Fibroblasts,Vim,Cd44,0.17687336,1.0,0.030486317,-1.3332053039462899,-1.0021421571869926,0.0029139298,0.4825166,1.0,0.5049349805044911, ,tan,0.364041582882001,salmon,0.221972228338972,True,False,True
Fibroblasts,SmoothMuscleCells,Alcam,Nrp1,0.5628125,1.0,0.20871289,-0.13563183234928639,-0.04009383306365827,0.04454096,0.7092777,1.0,0.5051391973710291, ,,,lightcyan,0.26029605688583,False,True,True
Myocytes,EndocardialCells,Lama4,Cd44,0.19614692,1.0,0.030539116,-0.3473449636298389,-0.5545522193355792,0.0065169404,0.4827326,1.0,0.5061101419456968, ,grey60,0.675803854917104,yellow,0.212459882063522,False,True,True
EndothelialCells,EndocardialCells,Adam10,Axl,0.46996045,1.0,0.17058362,-0.2265545759149879,-0.304372846932011,0.014170866,0.6880485,1.0,0.506152892094424, ,yellow,0.336816268854491,blue,0.331749975238552,True,False,True
EndothelialCells,Leukocytes,Pf4,Lrp1,0.5170649,0.997,0.1535433,-0.04375588852942858,-0.40782417756510647,0.018937143,0.6766437,1.0,0.5063558591758357, ,brown,0.640686712105496,turquoise,0.663780405167675,True,False,True
Leukocytes,Myocytes,Tfpi,Lrp1,0.18110064,1.0,0.03054145,-0.5561663231760665,-0.9091276228429337,0.002644758,0.48274213,1.0,0.5066975990860014, ,brown,0.786058550988916,,,True,False,True
EndocardialCells,SmoothMuscleCells,Adam15,Itga9,0.46971023,1.0,0.17318016,-0.1423489970512539,-0.21216161218981,0.02191336,0.68966746,1.0,0.5067617921788696, ,lightcyan,0.176865930443945,brown,0.572216452048973,True,True,True
EndocardialCells,EndocardialCells,Lamb2,Dag1,0.46958214,0.996,0.19690794,-0.076676229724799,-0.13579283440747902,0.020397192,0.70323837,1.0,0.5071681060872093, ,brown,0.473770160271624,,,True,False,True
SmoothMuscleCells,Myocytes,Fbn1,Itgb6,0.4693731,0.0,0.20889431,0.8895974002770142,0.5070742554551243,0.2246195,0.7093673,0.028541536280802495,0.5077778199357141, ,brown,0.365133974520333,darkgreen,0.937354247060936,True,False,True
Leukocytes,Leukocytes,Hspg2,Ptprs,0.17494965,1.0,0.030595172,-0.6205384237837968,-0.8654419922907148,0.0040396475,0.4829616,1.0,0.5078722069630127, ,brown,0.525122764314888,,,True,False,True
SmoothMuscleCells,Myocytes,Lama4,Dag1,0.46925768,0.953,0.20896962,-0.023808511976424307,-0.1371326723631009,0.029300705,0.7094044,1.0,0.508388022250903, ,lightcyan,0.371485020380501,,,True,False,True
Myocytes,Leukocytes,Gnai2,Ccr5,0.76425636,0.626,0.5374394,-0.03647428095081817,0.48222261244431164,0.069105364,0.7965398,0.942893237945172,0.5084678234889268, ,tan,0.462915726534463,turquoise,0.704332159305701,True,False,True
EndothelialCells,Myocytes,Txlna,Stx4a,0.4691435,0.99,0.20929773,-0.05667815155651684,-0.05298663224238015,0.025340557,0.70956606,1.0,0.5087952048365842, ,,,brown,0.6098277050981,False,True,True
SmoothMuscleCells,Fibroblasts,Agrn,Itgb1,0.76384306,0.009,0.47155347,0.05416484318559857,0.049247990303791955,0.03897389,0.78573644,0.5513386448038875,0.5089813538159161, ,lightcyan,0.506165819314469,black,0.76802340300577,True,False,True
EndothelialCells,Leukocytes,Gnai2,Cav1,0.9451829,1.0,0.38554645,-0.16732954875061212,-0.4887752381576309,0.008721065,0.7682987,1.0,0.5089813538159161, ,black,0.730197986867085,brown,0.71721751830981,False,True,True
Myocytes,EndocardialCells,Col4a1,Cd44,0.19662791,1.0,0.030642116,-0.5981560832223359,-0.7573392575102819,0.004482367,0.48315296,1.0,0.5090464458727801, ,greenyellow,0.52952690899527,yellow,0.212459882063522,False,True,True
EndothelialCells,EndocardialCells,Lama5,Cd44,0.19669634,0.168,0.03065677,0.013365509159895372,0.13229332652807357,0.014899087,0.48321265,1.0,0.5096334121760514, ,,,yellow,0.212459882063522,False,True,True
Leukocytes,Myocytes,Lgals3,Mcam,0.57816845,0.0,0.20969324,0.653533123187117,0.3074131406445961,0.028887236,0.70976055,0.443220306141851,0.5098137832050647, ,,,brown,0.675177279471707,False,True,True
Fibroblasts,Fibroblasts,Vegfa,Cd44,0.17752145,0.936,0.030678969,-0.008975122281717623,-0.034498920806932676,0.016985325,0.4833031,1.0,0.510220315873263, ,yellow,0.272486789574581,salmon,0.221972228338972,True,False,True
Fibroblasts,Fibroblasts,Hspg2,Ptprs,0.7633117,0.0,0.51149595,0.20601670341478603,0.33905096037222504,0.0675356,0.7925012,0.06999223165767308,0.5105229628218567, ,brown,0.485029372814491,,,True,False,True
EndothelialCells,SmoothMuscleCells,Cxcl12,Itga5,0.9556413,0.0,0.38439912,0.32201166824993444,0.534950862131803,0.044917796,0.76803327,0.12053478900833922,0.5105229628218567, ,turquoise,0.84149383379839,brown,0.546566959140606,False,True,True
EndothelialCells,SmoothMuscleCells,Sema6a,Plxna2,0.52145153,0.0,0.20986691,0.20355971168288692,0.4794077749577129,0.06468504,0.70984584,0.0711934193837484,0.5106297228430511, ,yellow,0.33122512386204,,,True,False,True
EndothelialCells,EndothelialCells,Tgfb1,Acvr1_Tgfbr2,0.46851984,0.0,0.1575483,0.12302883044181348,0.1875563268385571,0.027647918,0.6794542,0.5674065555457691,0.5108338848918775, ,brown,0.518107180491385,,,True,False,True
Fibroblasts,Leukocytes,Ngf,Maged1,0.577427,0.0,0.2098922,0.036777454643024454,0.3833243938755082,0.022341494,0.70985824,0.9088755886073715,0.5110381013527188, ,cyan,0.480064944402001,yellow,0.263599218980149,False,True,True
SmoothMuscleCells,EndocardialCells,Txlna,Stx4a,0.49107224,0.816,0.20990771,-0.028453599151011328,-0.07309794554381094,0.025414413,0.70986587,1.0,0.5112422073433406, ,blue,0.599219999565131,brown,0.559606061898428,False,True,True
SmoothMuscleCells,Myocytes,Lama2,Dag1,0.4684313,0.003,0.20801888,0.10327738987011442,0.0975525927810183,0.05257121,0.7089342,0.5072218096393796,0.5112422073433406, ,brown,0.472765180178635,,,True,False,True
SmoothMuscleCells,Fibroblasts,Lamb1,Itga1,0.18609786,1.0,0.030756352,-0.35856281557872177,-0.8007058566150544,0.0063784444,0.48361757,1.0,0.51139381702242, ,brown,0.764130236562423,,,True,False,True
SmoothMuscleCells,Myocytes,Fgfr3,Epha4,0.73514324,0.0,0.21002181,0.6865123501808953,0.7858125680963137,0.100465655,0.70992184,0.028541536280802495,0.5114465326060299, ,red,0.689409272376365,brown,0.571232341148922,False,True,True
Fibroblasts,EndothelialCells,Myoc,Fzd4,0.46797007,0.0,0.20486304,0.39230424241743633,0.9357088864034002,0.27592623,0.7073544,0.028541536280802495,0.5120596699604408, ,,,yellow,0.507915957067658,False,True,True
Myocytes,EndothelialCells,Fgf7,Fgfr1,0.1764718,1.0,0.030768001,-0.23499961011863146,-0.4543370966313669,0.021294976,0.4836649,1.0,0.5125669493782103, ,brown,0.584610251626662,,,True,False,True
SmoothMuscleCells,Myocytes,Tgfb3,Eng,0.4678021,1.0,0.1694795,-0.3595411876735992,-0.463626465895733,0.014110473,0.68735117,1.0,0.5128780035139971, ,brown,0.511531512491637,greenyellow,0.444186423819259,True,False,True
SmoothMuscleCells,EndocardialCells,C1qa,Cd93,0.8160721,0.0,0.21042351,0.31028382675651267,0.03833732351341901,0.019812303,0.7101186,1.0,0.5130827643617926, ,lightcyan,0.307147451351826,lightcyan,0.582187985085655,True,True,True
SmoothMuscleCells,EndothelialCells,Efnb1,Ephb4,0.76252955,0.0,0.4159631,0.23515132988214715,0.5151332307341362,0.05789538,0.7749886,0.050678704179704936,0.5133537457986893, ,brown,0.361961852199938,brown,0.754425953629236,True,True,True
SmoothMuscleCells,EndocardialCells,Rarres2,Ccrl2,0.7968713,0.0,0.38281834,0.45889052439155226,0.3225212433920622,0.06463053,0.76766604,0.0451233699097484,0.5138690482997171, ,brown,0.32876448056304,red,0.619034100148704,True,False,True
EndocardialCells,EndocardialCells,Efnb2,Epha4,0.76242447,0.0,0.5739647,0.6213861083680112,0.7265630920519686,0.09890288,0.80181587,0.028541536280802495,0.5138690482997171, ,lightcyan,0.297527702145485,blue,0.30134597405492,True,False,True
SmoothMuscleCells,SmoothMuscleCells,Lgals3,Mcam,0.918192,0.0,0.15259084,0.6093098976725834,0.6025258311045252,0.02102084,0.67596257,0.30718581007815704,0.5139021872819913, ,,,brown,0.653447636634818,False,True,True
SmoothMuscleCells,EndocardialCells,Tgfb1,Lpp,0.4676422,1.0,0.20452765,-0.10437178086227868,-0.1896329097861587,0.018591018,0.7071848,1.0,0.5141070551120996, ,brown,0.732384831866489,sienna3,0.536597374307697,True,False,True
SmoothMuscleCells,SmoothMuscleCells,Cxcl12,Itga5,0.575107,1.0,0.210556,-0.143524114324016,-0.2697923990014819,0.024603885,0.7101833,1.0,0.5141070551120996, ,,,brown,0.546566959140606,False,True,True
SmoothMuscleCells,Myocytes,Rtn4,Tnfrsf19,0.51341254,0.005,0.15256014,0.36762338800246847,0.22273936980319325,0.14150017,0.6759405,0.5276116531115184,0.5147223165450866, ,brown,0.474151414005685,magenta,0.835597141236422,True,False,True
Fibroblasts,Leukocytes,Vegfa,Itgb1,0.613516,1.0,0.2106715,-0.08085112797382984,0.01164619284144705,0.024636855,0.71023977,1.0,0.5147223165450866, ,yellow,0.272486789574581,,,True,False,True
Fibroblasts,EndocardialCells,Tgfb1,Tgfbr3,0.46650332,0.97,0.16793372,-0.050853984341797775,-0.21066528977448212,0.02166587,0.6863658,1.0,0.5151328739068709, ,brown,0.757880766459934,blue,0.406933614606174,True,False,True
SmoothMuscleCells,SmoothMuscleCells,Vtn,Itga8_Itgb1,0.7619204,0.0,0.5601582,1.9827159545946977,1.7054490736230363,0.6900004,0.7998742,1.5295391825768243e-06,0.5154160709909861, ,brown,0.715989746853182,,,True,False,True
EndocardialCells,Myocytes,Pf4,Thbd,0.17587471,1.0,0.030818652,-0.4592933019404962,-0.8757374080061431,0.0036005373,0.4838703,1.0,0.5154981819608151, ,brown,0.901042251404365,grey60,0.664429786726924,True,False,True
SmoothMuscleCells,EndocardialCells,Tgfb3,Tgfbr1_Tgfbr2,0.4978149,0.0,0.21089546,0.17145479449571266,0.22585652782316568,0.061166115,0.7103491,0.09829726441218457,0.5156462946221275, ,brown,0.511531512491637,,,True,False,True
SmoothMuscleCells,EndocardialCells,Tgfb3,Acvr1_Tgfbr1_Tgfbr2,0.4978149,0.0,0.21089546,0.17145479449571266,0.22585652782316568,0.061166115,0.7103491,0.09829726441218457,0.5156462946221275, ,brown,0.511531512491637,,,True,False,True
Leukocytes,Myocytes,Tgfb1,Eng,0.5523083,1.0,0.21099447,-0.2856126595567414,-0.45695798414972305,0.011766584,0.71039736,1.0,0.516159890421743, ,brown,0.780749588439731,greenyellow,0.444186423819259,True,False,True
Leukocytes,Leukocytes,Hspg2,Lrp1,0.5164352,1.0,0.15246718,-0.46004797416416254,-0.7223375079362238,0.009970856,0.6758738,1.0,0.516159890421743, ,brown,0.525122764314888,turquoise,0.663780405167675,True,False,True
Fibroblasts,Myocytes,Pf4,Thbd,0.17597255,1.0,0.030855155,-0.45916190644056654,-1.0051423621609479,0.0036048016,0.4840181,1.0,0.5166700239916001, ,brown,0.749903040618126,grey60,0.664429786726924,True,False,True
EndocardialCells,Myocytes,App,Cd74,0.7192486,1.0,0.2112524,-0.11903688748377474,-0.1996975052707288,0.01570724,0.71052295,1.0,0.5176003047410568, ,,,brown,0.670405641257664,False,True,True
Fibroblasts,SmoothMuscleCells,Mdk,Sdc3,0.4656073,0.011,0.20224014,0.09952526676602053,0.31995872539665027,0.048126586,0.7060189,0.5587726825702266,0.5176003047410568, ,,,brown,0.642736335442684,False,True,True
Leukocytes,Fibroblasts,Tgfb1,Acvrl1,0.76092434,0.0,0.5693901,0.23967784510224033,0.18898580648312752,0.06147356,0.8011793,0.11458206423097429,0.517739683803901, ,brown,0.780749588439731,,,True,False,True
Leukocytes,Myocytes,S100a8,Cd36,0.5996963,0.0,0.1520466,0.16503653081345016,-0.03847936917463077,0.058848225,0.67557114,0.4793883969541622,0.5178061541706718, ,,,brown,0.500716969407465,False,True,True
EndothelialCells,SmoothMuscleCells,Tgfb1,Itgb5,0.760883,0.0,0.5770558,0.2285203618722407,0.30359200633965794,0.054107804,0.8022423,0.05965106869486995,0.5179980481667535, ,brown,0.518107180491385,brown,0.48064539237368,True,True,True
Fibroblasts,EndocardialCells,Tgfb1,Acvr1_Tgfbr2,0.5555906,1.0,0.21133475,-0.08309387763963717,-0.2816015225935396,0.018792849,0.7105631,1.0,0.5180122245124721, ,brown,0.757880766459934,,,True,False,True
EndothelialCells,Leukocytes,Dcn,Tlr2,0.54149973,0.0,0.21136057,0.19277810614002427,0.04515440799818171,0.04759893,0.71057564,0.29165488902143794,0.5182183495199723, ,brown,0.254128285517728,turquoise,0.62716224803749,True,False,True
EndothelialCells,SmoothMuscleCells,Mmrn2,Clec14a,0.8364608,0.0,0.38054433,0.2628574913908862,0.4247258894552287,0.03441802,0.7671343,0.30257947820871145,0.518256563097941, ,turquoise,0.746193022863879,tan,0.212020860702749,False,True,True
Myocytes,Myocytes,Psen1,Cd44,0.17779624,1.0,0.030914912,-0.18756436636403315,-0.30641436894671237,0.011554317,0.48425972,1.0,0.5184270812852265, ,tan,0.493293969025575,magenta,0.718777026774563,True,False,True
Myocytes,Myocytes,Fgf13,Fgfr1,0.47764844,0.0,0.15185085,0.53780034521041,0.36943090490882935,0.056188107,0.67543,0.05112629434708489,0.5186305970867514, ,tan,0.510793532992465,magenta,0.803121502214596,True,False,True
EndocardialCells,Fibroblasts,Pf4,Ldlr,0.17636937,1.0,0.030982124,-0.06924847019377578,-0.2821598856370432,0.017440826,0.48453093,1.0,0.5190126025134778, ,brown,0.901042251404365,purple,0.317659001931645,True,False,True
Fibroblasts,Fibroblasts,Alcam,Nrp1,0.56854755,1.0,0.21139814,-0.12724029106081525,-0.19522758961556813,0.045114018,0.71059394,1.0,0.5190432297893574, ,,,yellow,0.250435830471026,False,True,True
Fibroblasts,Myocytes,Tgfb2,Tgfbr3,0.469672,0.0,0.21141896,0.1277813300272253,0.2946057521366255,0.054255553,0.7106041,0.15591250329883993,0.519249461583225, ,turquoise,0.558517439639642,brown,0.487576749012742,False,True,True
EndothelialCells,Fibroblasts,Adam10,Tspan5,0.46474573,0.0,0.16334362,0.0963753833692433,0.19691374451808263,0.03963497,0.68337524,0.21010879673949923,0.5194559146488511, ,yellow,0.336816268854491,,,True,False,True
Fibroblasts,Fibroblasts,Penk,Ogfr,0.48002332,0.0,0.21144482,0.24220713646722852,0.5883136324894114,0.13017346,0.7106166,0.04699180211258332,0.5194559146488511, ,tan,0.433324007429215,turquoise,0.293199704635757,True,False,True
Fibroblasts,Myocytes,Col4a1,Cd47,0.7600835,1.0,0.5151378,-0.39710605864472137,-0.4312160037622449,0.021214783,0.79308397,1.0,0.5198082058108192, ,,,orange,0.66133460139945,False,True,True
SmoothMuscleCells,Myocytes,Lamb1,Itga9_Itgb1,0.18655421,1.0,0.030983025,-0.3176493909778735,-0.5589605753842815,0.006818928,0.48453456,1.0,0.5201833391204885, ,brown,0.764130236562423,,,True,False,True
Fibroblasts,SmoothMuscleCells,Pf4,Sdc2,0.54061717,0.007,0.15150003,0.058650940269329155,-0.34576668992805204,0.020931851,0.6751764,1.0,0.5202821073206783, ,brown,0.749903040618126,purple,0.609944118619034,True,False,True
Fibroblasts,SmoothMuscleCells,Wnt5a,Mcam,0.9831349,0.0,0.3797801,0.862068974507343,1.093220659538879,0.18157133,0.76695466,0.0033895238557598273,0.5203258241985176, ,,,brown,0.653447636634818,False,True,True
EndocardialCells,Myocytes,Adam10,Tspan17,0.616145,0.0,0.21159224,0.15062011393855376,-0.01279710390456168,0.022969918,0.7106883,0.8582603038973663,0.5204888339967971, ,lightgreen,0.158989074363781,tan,0.445930867332554,False,True,True
EndocardialCells,EndocardialCells,Hspg2,Ptprs,0.61655664,0.94,0.15133034,-0.06035155776140881,-0.171264828242342,0.01998097,0.6750535,1.0,0.5209022846542367, ,brown,0.437670232192996,,,True,False,True
Leukocytes,Myocytes,Cxcl12,Itgb1,0.4847055,1.0,0.15132676,-0.8138709553752018,-1.0302449987994269,0.0054947985,0.6750509,1.0,0.5211091755659393, ,brown,0.630654513966125,greenyellow,0.433544316700636,True,False,True
EndocardialCells,SmoothMuscleCells,Pf4,Sdc2,0.54051936,0.012,0.1513208,0.058519544769399495,-0.2163617357732472,0.020907091,0.6750466,1.0,0.5213159542035957, ,brown,0.901042251404365,purple,0.609944118619034,True,False,True
Leukocytes,SmoothMuscleCells,Pdgfb,Lrp1,0.46413165,1.0,0.19775377,-0.1874547616483722,-0.43706432889257135,0.026690109,0.70368546,1.0,0.5213159542035957, ,turquoise,0.576475072819645,brown,0.561942294262648,False,True,True
Fibroblasts,Fibroblasts,Pf4,Ldlr,0.17646722,1.0,0.031018818,-0.06911707469384612,-0.41156483979184805,0.01746148,0.48467872,1.0,0.5213537073688259, ,brown,0.749903040618126,purple,0.317659001931645,True,False,True
Fibroblasts,Leukocytes,Bgn,Tlr1,0.91951275,0.0,0.37900832,0.8504601605437131,1.1813168509441527,0.30949095,0.76677287,0.002512681635309972,0.5213616143367844, ,brown,0.765417544462891,lightgreen,0.354888793919323,True,False,True
Leukocytes,SmoothMuscleCells,Adam15,Itga9,0.54616266,0.958,0.21169472,-0.04626923555162039,-0.07842985468540686,0.026786802,0.71073806,1.0,0.5215229546271771, ,turquoise,0.724029533744313,brown,0.572216452048973,False,True,True
Leukocytes,Leukocytes,Gnai2,Cav1,0.9307784,1.0,0.37884647,-0.1967570333424975,-0.5726941150595284,0.008569511,0.76673466,1.0,0.5218797858554995, ,turquoise,0.515281533766225,brown,0.71721751830981,False,True,True
Myocytes,Myocytes,Vim,Cd44,0.17826153,1.0,0.031055806,-1.3303883347314858,-0.9619394144162837,0.0029683623,0.48482752,1.0,0.5219387386184122, ,tan,0.364041582882001,magenta,0.718777026774563,True,False,True
SmoothMuscleCells,Leukocytes,Lman1,Mcfd2,0.46398294,1.0,0.20393904,-0.326274745929381,-0.38791974661719486,0.013850643,0.7068863,1.0,0.522144117435086, ,blue,0.561677948233889,brown,0.659553647979944,False,True,True
Myocytes,EndothelialCells,Cxcl12,Itgb1,0.7516327,1.0,0.21173066,-0.33968301074956064,-0.5883149760616295,0.0076881135,0.7107555,1.0,0.522144117435086, ,tan,0.577984649656319,,,True,False,True
Fibroblasts,EndothelialCells,Nppa,Npr1,0.7589332,0.0,0.5758688,0.1178970822909222,0.1799114665140033,0.036811356,0.80207896,0.24197673034096717,0.5226573360446122, ,brown,0.585297064759349,brown,0.492427679100596,True,True,True
EndothelialCells,EndocardialCells,Col4a2,Sdc1,0.77597916,0.0,0.21196611,0.35070580571375204,0.5371721817907484,0.050714083,0.7108698,0.07712682078738499,0.5229731572832818, ,yellow,0.155737396507289,lightgreen,0.664818986973015,True,False,True
Myocytes,Leukocytes,Apoa1,Lrp1,0.4454384,0.0,0.031144116,0.1258365753007004,0.030355766424708545,0.058611095,0.4851822,0.3189174050373112,0.5231085544420573, ,midnightblue,0.255182682496265,turquoise,0.663780405167675,True,False,True
EndothelialCells,Myocytes,Col4a2,Cd44,0.7760121,0.0,0.21205856,0.28075142343821224,0.4297468597751696,0.03486742,0.71091455,0.2883537916432774,0.5235954708443247, ,yellow,0.155737396507289,magenta,0.718777026774563,True,False,True
EndocardialCells,Leukocytes,Lamb2,Cd44,0.75871056,0.0,0.5572795,0.638189755197805,0.5928060345369467,0.08785625,0.7994615,0.028541536280802495,0.5239542074800803, ,brown,0.473770160271624,,,True,False,True
Fibroblasts,Fibroblasts,Pdgfa,Pdgfra,0.7514196,0.0,0.21210743,0.4965418277032023,0.9737548235595649,0.07630523,0.7109382,0.028541536280802495,0.524010732448102, ,,,brown,0.735702460496526,False,True,True
SmoothMuscleCells,Leukocytes,Angptl2,Itga5_Itgb1,0.5258856,0.0,0.21212816,0.1412942669153816,0.19477187851729427,0.03906665,0.7109483,0.19584055500980596,0.5242184455602121, ,brown,0.568414991509247,,,True,False,True
Myocytes,Myocytes,Lama2,Itga7_Itgb1,0.5240028,1.0,0.21214832,-0.47770707136121454,-0.5502465604115301,0.017235488,0.710958,1.0,0.5244260458432679, ,midnightblue,0.3482443250449,,,True,False,True
Myocytes,EndocardialCells,Col4a5,Cd93,0.87200534,0.0,0.3772184,0.43722996961572624,0.3425278311428801,0.061978765,0.7663493,0.03907462684945422,0.5247329652956815, ,brown,0.598294810383622,lightcyan,0.582187985085655,True,True,True
Myocytes,EndocardialCells,Lgals3,Mcam,0.7582606,0.0,0.5662961,0.7249525588758117,0.5642916527310793,0.078012675,0.800745,0.028541536280802495,0.5252522268320517, ,tan,0.579986279067785,blue,0.63829955562001,True,False,True
Myocytes,EndocardialCells,Rgmb,Neo1,0.17768385,1.0,0.031181103,-0.15330310286985918,-0.3023854801205057,0.011242423,0.4853304,1.0,0.5254470815059769, ,orange,0.640366075374755,turquoise,0.424230348646036,True,False,True
Fibroblasts,Myocytes,Col4a4,Cd47,0.46279997,1.0,0.21196489,-0.2086662262994889,0.059854903397749126,0.048738584,0.71086913,1.0,0.5254655411651707, ,,,orange,0.66133460139945,False,True,True
Fibroblasts,SmoothMuscleCells,Hspg2,Dag1,0.75818735,0.0,0.5009393,0.10572104331934738,0.11009072312819851,0.046430685,0.79078126,0.191693346609617,0.5255120312052247, ,brown,0.485029372814491,,,True,False,True
Leukocytes,Fibroblasts,Cxcl12,Sdc4,0.4829501,1.0,0.15064022,-0.16752541512111818,-0.3165951115667701,0.016739193,0.67455196,1.0,0.525881622792102, ,brown,0.630654513966125,black,0.852742792716059,True,False,True
SmoothMuscleCells,SmoothMuscleCells,Col3a1,Ddr2,0.46944666,0.99,0.21266735,-0.11076837218865165,-0.1717331231705005,0.050282784,0.711209,1.0,0.5265062410542458, ,tan,0.742640569981712,,,True,False,True
EndothelialCells,SmoothMuscleCells,Adm,Ramp3,0.18513098,1.0,0.031207487,-0.1707841484446263,-0.40712177266427985,0.019195145,0.48543608,1.0,0.5266157928621692, ,turquoise,0.526668318506054,darkorange,0.533851006974031,False,True,True
SmoothMuscleCells,EndothelialCells,Col5a3,Itga1_Itgb1,0.5345082,0.0,0.212887,0.32466559090305996,0.7491505206625007,0.120371275,0.71131504,0.028541536280802495,0.5269230400461855, ,brown,0.643060769596358,,,True,False,True
EndocardialCells,Myocytes,Efnb2,Ephb4,0.54953474,0.001,0.21289583,0.16332255835771958,-0.04928367961285596,0.029371593,0.7113193,0.5061597492002861,0.5271315220045873, ,lightcyan,0.297527702145485,brown,0.458366113710416,True,True,True
EndocardialCells,Myocytes,Pdgfb,Art1,1.0389588,0.0,0.37630403,1.6725695494897712,1.1215742878045671,0.08216581,0.76613194,0.028541536280802495,0.5273315249273219, ,,,brown,0.769648469668736,False,True,True
SmoothMuscleCells,SmoothMuscleCells,Tgfb3,Eng,0.7576196,0.515,0.5694113,0.01179944779221917,0.0446033117397876,0.04740787,0.80118227,0.8977951814161944,0.5273315249273219, ,brown,0.511531512491637,lightcyan,0.40613301582679,True,True,True
EndocardialCells,SmoothMuscleCells,Edn1,Ednrb,0.4694659,0.0,0.21295612,0.23593711093636446,0.36871611901107176,0.06169158,0.71134835,0.05010123825823857,0.5273398906147487, ,green,0.24275836666115,brown,0.629102342346487,False,True,True
SmoothMuscleCells,EndothelialCells,Ntn1,Mcam,0.6286583,0.0,0.21300493,0.154731784400371,0.41213519416802136,0.020750405,0.7113719,0.7837993293918725,0.5275484825052554, ,tan,0.0269384866982683,turquoise,0.621780822831032,True,False,True
EndocardialCells,Myocytes,Hspg2,Ptprs,0.75754446,0.0,0.46006525,0.18202169459301648,0.1353426534663067,0.06074493,0.78365296,0.1641542171281539,0.5275915906346155, ,brown,0.437670232192996,brown,0.264675304065931,True,True,True
Fibroblasts,Myocytes,Vegfa,Cd44,0.17890963,0.646,0.031252056,-0.00615815306691346,0.005703821963776279,0.017302614,0.48561427,1.0,0.5277841361784619, ,yellow,0.272486789574581,magenta,0.718777026774563,True,False,True
Leukocytes,EndothelialCells,Col4a2,Cd93,0.85224706,0.0,0.21317244,0.01597644924750319,0.10901259926192952,0.011614043,0.7114526,1.0,0.5279656628248595, ,brown,0.55242115377533,turquoise,0.705808522625346,True,False,True
Fibroblasts,Myocytes,Efemp2,Aqp1,0.5478481,0.053,0.15026203,0.04401301917770262,0.03732156515237656,0.024636645,0.674276,0.7468230342640441,0.5279656628248595, ,,,tan,0.720394893145201,False,True,True
SmoothMuscleCells,Myocytes,Col1a1,Itga3_Itgb1,0.1821827,1.0,0.03131154,-0.07703336218256202,-0.16826132166816665,0.03544613,0.48585182,1.0,0.5283681845724121, ,brown,0.614930628804247,,,True,False,True
EndocardialCells,EndothelialCells,Lama4,Dag1,0.5544497,0.002,0.2133776,0.03504419433082481,0.015393764856809267,0.02991877,0.7115513,0.4939114915418876,0.5283832315761111, ,brown,0.394621679147421,,,True,False,True
Myocytes,Myocytes,Tln1,Itgb5,0.4640272,1.0,0.21340202,-0.3983541032894883,-0.5280580985549417,0.012309826,0.71156305,1.0,0.5285920984902746, ,,,tan,0.521580300356519,False,True,True
SmoothMuscleCells,EndocardialCells,Mmp2,Pecam1,0.8851695,0.0,0.150208,0.1847108537595747,-0.06641928733791291,0.019083066,0.6742365,1.0,0.5288008517961741, ,darkmagenta,0.410590811460626,brown,0.774210329710027,False,True,True
SmoothMuscleCells,Fibroblasts,Tgfb3,Tgfbr3,0.75666004,0.0,0.5680871,0.4460905296590434,0.7321017930632224,0.10942037,0.8009968,0.028541536280802495,0.5288929196480543, ,brown,0.511531512491637,,,True,False,True
Myocytes,Leukocytes,Sema3c,Nrp1_Nrp2_Plxnd1,0.20120719,1.0,0.031314548,-0.17092226414217415,-0.34045102363020313,0.020166986,0.48586378,1.0,0.5289521409734804, ,tan,0.524385254393888,,,True,False,True
EndothelialCells,EndocardialCells,Col4a1,Cd44,0.75469077,0.0,0.15014693,0.1804087511488091,0.23853749161280324,0.02196368,0.67419183,0.6596565090593336,0.5292188607414285, ,blue,0.533828563580012,yellow,0.212459882063522,False,True,True
Myocytes,Fibroblasts,Col4a5,Itga1_Itgb1,0.18841696,1.0,0.031330746,-0.17353064954062758,-0.5641993840659337,0.01127983,0.4859284,1.0,0.5295359464768618, ,brown,0.598294810383622,,,True,False,True
Fibroblasts,Fibroblasts,Hspg2,Dag1,0.756554,0.0,0.49757448,0.10329705570696628,0.10989680685986924,0.046118807,0.7902232,0.19584055500980596,0.529934657388687, ,brown,0.485029372814491,pink,0.439064216849562,True,False,True
SmoothMuscleCells,Myocytes,Tgfb1,Cav1,0.46130282,1.0,0.20010734,-0.3436021988637079,-0.5886917536721175,0.011627753,0.70491743,1.0,0.530264508821344, ,brown,0.732384831866489,,,True,False,True
EndothelialCells,EndocardialCells,Col4a2,Cd44,0.7538461,0.0,0.14996605,0.23576903878783367,0.38290789104832756,0.024657952,0.67405945,0.4495361100110715,0.5304738711813165, ,yellow,0.155737396507289,yellow,0.212459882063522,True,True,True
EndothelialCells,Myocytes,Hsp90aa1,Erbb2,0.5941453,0.003,0.21358395,0.07274766747273308,0.0960572975046036,0.041562207,0.7116505,0.5072218096393796,0.5304738711813165, ,yellow,0.283039360433897,magenta,0.715690963110844,True,False,True
Fibroblasts,SmoothMuscleCells,Mdk,Sdc4,0.46099818,0.0,0.19683613,0.15120779366337897,0.4241957296587948,0.06190869,0.70320034,0.12259847315235765,0.5306832886418782, ,,,tan,0.661881494233523,False,True,True
SmoothMuscleCells,Myocytes,Hsp90b1,Erbb2,0.59429264,1.0,0.21364899,-0.1364819573589907,-0.09660355906963711,0.034342647,0.7116818,1.0,0.5308927612102785, ,yellow,0.537608497036761,magenta,0.715690963110844,True,False,True
EndothelialCells,SmoothMuscleCells,Edn1,Ednrb,0.46093306,0.0,0.20347212,0.22164937721765296,0.4914123437629966,0.058944147,0.7066488,0.05879865564595527,0.5308927612102785, ,turquoise,0.552686555881371,brown,0.629102342346487,False,True,True
Myocytes,SmoothMuscleCells,Gnai2,S1pr1,0.46089584,1.0,0.20479006,-1.0884223793698684,-0.9386529209585854,0.006738922,0.70731753,1.0,0.5311021197612239, ,tan,0.462915726534463,brown,0.496884663475412,True,True,True
Myocytes,SmoothMuscleCells,Fgf7,Fgfr3,0.17807275,0.056,0.031394992,0.06253701898558561,0.03380727926509361,0.07999791,0.48618424,0.6506865435143817,0.5318704255893267, ,brown,0.584610251626662,red,0.689409272376365,True,False,True
Myocytes,Myocytes,Tfpi,F3,0.5364555,0.0,0.21382172,0.3097341004526418,0.2954460119062806,0.084385596,0.7117647,0.05387441553274564,0.5319406123025441, ,brown,0.493469316651968,tan,0.391722513603458,True,True,True
EndothelialCells,EndocardialCells,Lamc1,Itga6_Itgb1,0.46064642,1.0,0.21169278,-0.1394605305898285,-0.3447602663184257,0.032655954,0.71073717,1.0,0.5323602740184136, ,brown,0.425314090034099,,,True,False,True
SmoothMuscleCells,Myocytes,Lama2,Itga1,0.22430539,1.0,0.031458054,-0.2528461788934616,-0.5144768215853184,0.008784956,0.48643488,1.0,0.5324538302038168, ,brown,0.472765180178635,darkgreen,0.785762693213249,True,False,True
Leukocytes,SmoothMuscleCells,Tnfsf12,Tnfrsf12a,0.46057442,1.0,0.15481877,-0.09543955836813317,-0.10828796850278594,0.02544373,0.677548,1.0,0.5325700181774214, ,turquoise,0.72334303631845,brown,0.54738257660967,False,True,True
EndocardialCells,Myocytes,Gstp1,Traf2,0.57772106,0.013,0.14967982,0.04550008925669286,-0.061320809803431436,0.024972785,0.6738495,0.7236109541636904,0.5325700181774214, ,lightgreen,0.241985072321733,tan,0.689086951973111,False,True,True
Fibroblasts,SmoothMuscleCells,Adam10,Tspan15,0.46050152,0.136,0.21204706,0.03097417155892837,-0.06352156623593536,0.04390237,0.710909,0.7177706327569687,0.5327799869090116, ,pink,0.666173092860001,lightcyan,0.545464577373123,False,True,True
Myocytes,Myocytes,Rgma,Neo1,0.46040672,0.0,0.16812481,0.466756928606512,0.49582527140224203,0.08193724,0.6864882,0.028541536280802495,0.5329900108209209, ,magenta,0.587041033232271,tan,0.718035067895697,False,True,True
Myocytes,Fibroblasts,Angptl2,Itga5_Itgb1,0.46256042,0.003,0.21395099,0.0635686633755627,0.031958875487977434,0.03940235,0.7118266,0.5072218096393796,0.5331999203427775, ,tan,0.729352359511854,,,True,False,True
EndocardialCells,EndocardialCells,Hspg2,Fgfr1,0.7557212,0.998,0.45607272,-0.07700175185303985,-0.18874030268197328,0.033752438,0.7829132,1.0,0.5333256264663679, ,brown,0.437670232192996,turquoise,0.150086944065614,True,False,True
Myocytes,SmoothMuscleCells,Itgb3bp,Itgb5,0.53516716,0.0,0.21395881,0.1382635385161857,0.11256366608610824,0.054670084,0.7118304,0.1896446188104786,0.5334100545925242, ,grey60,0.648926694022968,brown,0.48064539237368,False,True,True
EndothelialCells,Leukocytes,Lamc1,Itga9_Itgb1,0.4603104,1.0,0.21136814,-0.07791254498902732,-0.11317926851529991,0.031463463,0.7105793,1.0,0.5336202440443335, ,brown,0.425314090034099,,,True,False,True
Fibroblasts,EndocardialCells,Alcam,Nrp1,0.9166297,0.0,0.3743775,0.3820629509070498,0.3749022269302911,0.07989508,0.76567185,0.030491623465728788,0.5341092079244734, ,,,brown,0.550721740569223,False,True,True
Myocytes,SmoothMuscleCells,Lama5,Itga7_Itgb1,0.852507,0.0,0.3743176,0.32707037478081524,0.2362552720351238,0.03842553,0.7656574,0.20663094245821248,0.5343705627809189, ,tan,0.625776798528456,,,True,False,True
SmoothMuscleCells,EndothelialCells,Adam15,Itga5,0.4599945,1.0,0.20689239,-0.21899511109939465,-0.2656446414948606,0.023095073,0.70837355,1.0,0.5344613841722167, ,lightcyan,0.35510465639107,,,True,False,True
Leukocytes,SmoothMuscleCells,Apoc2,Lrp1,0.45998144,0.0,0.19279811,0.39108681336785583,0.3197158415930477,0.16661482,0.70103276,0.04598823136314574,0.5346718496985017, ,,,brown,0.561942294262648,False,True,True
Leukocytes,EndocardialCells,Mfap5,Notch1,0.7041207,0.0,0.14936635,0.14168611868992376,-0.13791198752105693,0.01881653,0.67361915,1.0,0.5348822005362217, ,brown,0.653289848117782,darkred,0.343740710918236,True,False,True
EndocardialCells,Fibroblasts,Dcn,Tlr4,0.61876297,0.0,0.21437272,0.147338714108532,0.016651641498811265,0.047735985,0.71202856,0.34653635376255804,0.5350927765162703, ,brown,0.508954513143233,turquoise,0.558224093682133,True,False,True
Myocytes,Myocytes,Col4a5,Itga9_Itgb1,0.1888733,1.0,0.031561654,-0.13261722493977926,-0.32245410283516085,0.012058793,0.48684558,1.0,0.5353694154694245, ,brown,0.598294810383622,,,True,False,True
EndocardialCells,EndocardialCells,Angpt2,Tie1,0.8097633,0.0,0.37373805,0.4649360129483197,0.42107145442387844,0.08177418,0.7655184,0.028541536280802495,0.5354162245473872, ,,,brown,0.559205266266903,False,True,True
Fibroblasts,EndocardialCells,Thbs1,Lrp5,0.45954347,0.0,0.18013768,0.36309225693128255,0.5614029831888805,0.12190763,0.6938667,0.028541536280802495,0.5355139241958716, ,,,brown,0.483007588578318,False,True,True
EndothelialCells,Myocytes,Lpl,Lrp1,0.8695536,0.975,0.21450073,-0.047239867021163395,-0.0945680545847728,0.011857336,0.7120898,1.0,0.5355139241958716, ,brown,0.487721034349969,,,True,False,True
Fibroblasts,Fibroblasts,C4b,Nrp1,0.75529826,1.0,0.54866415,-0.05931304586558914,-0.02086635221931782,0.0483613,0.79820967,1.0,0.5356777004468534, ,,,yellow,0.250435830471026,False,True,True
SmoothMuscleCells,SmoothMuscleCells,Hbegf,Cd82,0.4593902,0.0,0.20900531,0.6400958251136748,0.5385513199651217,0.10251741,0.709422,0.028541536280802495,0.5359354629523284, ,midnightblue,0.453211769212941,black,0.520110681644684,True,False,True
SmoothMuscleCells,Leukocytes,Adam10,Axl,0.47514272,1.0,0.21460778,-0.23502261561585816,-0.32241220461984904,0.017828079,0.71214086,1.0,0.536357052618603, ,red,0.449991483193517,brown,0.704728587075672,False,True,True
SmoothMuscleCells,Leukocytes,Lamb1,Itga6_Itgb1,0.1879535,1.0,0.03167807,-0.3581885082485363,-0.6434067723908311,0.0072250413,0.4873055,1.0,0.5365349709289116, ,brown,0.764130236562423,,,True,False,True
Leukocytes,Fibroblasts,Cxcl12,Itgb1,0.6469544,1.0,0.21478131,-0.5316398638044683,-0.8423444537810657,0.0077988855,0.7122237,1.0,0.536779033656119, ,brown,0.630654513966125,black,0.76802340300577,True,False,True
Leukocytes,EndothelialCells,Col1a2,Cd36,1.011399,0.0,0.14903001,0.18243940849758394,0.42710179334570175,0.011820222,0.67337126,0.6515393349365687,0.536779033656119, ,,,brown,0.868570071306074,False,True,True
Fibroblasts,SmoothMuscleCells,Pi16,Tnfrsf21,0.7549698,0.0,0.38578743,0.5022236789593717,0.8498703090243773,0.14811042,0.76835436,0.028541536280802495,0.5369859697287688, ,,,brown,0.729469459126359,False,True,True
Leukocytes,Fibroblasts,Mfap5,Notch1,0.19490302,1.0,0.031689726,-0.5403982231921155,-1.0541748876972519,0.0039921356,0.48735145,1.0,0.5371176402274984, ,brown,0.653289848117782,yellow,0.264341417098466,True,True,True
EndothelialCells,Myocytes,Vcl,Itgb5,0.46586683,1.0,0.21494812,-0.1365345806975469,-0.15702195621054466,0.019087104,0.71230334,1.0,0.5372010655408737, ,,,tan,0.521580300356519,False,True,True
EndocardialCells,Leukocytes,Hspg2,Dag1,0.61549586,1.0,0.14900744,-0.11249407006803726,-0.2817385909796616,0.013811087,0.67335457,1.0,0.5372010655408737, ,brown,0.437670232192996,,,True,False,True
Myocytes,SmoothMuscleCells,Col4a5,Cd47,0.45902622,1.0,0.16825582,-0.2933223237938873,-0.29271904896424394,0.023488665,0.686572,1.0,0.5372010655408737, ,brown,0.598294810383622,,,True,False,True
SmoothMuscleCells,SmoothMuscleCells,Gpc3,Igf1r,0.45900017,0.0,0.20365907,0.5129831019049598,0.5079749832305256,0.15163812,0.706744,0.028541536280802495,0.5374122496462217, ,yellow,0.626181888304277,,,True,False,True
Myocytes,SmoothMuscleCells,Lama5,Bcam,0.8482857,0.0,0.37213236,0.6570319637411001,0.6048466474615075,0.0584192,0.76513183,0.0443110887728621,0.5380334409946688, ,tan,0.625776798528456,midnightblue,0.277333377441567,True,True,True
Leukocytes,EndothelialCells,S100a9,Cd36,1.0283948,0.0,0.2151853,0.6116490012275118,1.025486060301452,0.094611876,0.71241623,0.028541536280802495,0.5382573688896726, ,,,brown,0.868570071306074,False,True,True
SmoothMuscleCells,SmoothMuscleCells,Col4a5,Itga1_Itgb1,0.50813013,0.0,0.21520135,0.2645872742054529,0.37857297999415807,0.07747771,0.7124239,0.03737775186509212,0.5384686590288328, ,brown,0.452711648416098,,,True,False,True
EndothelialCells,Myocytes,Calr,Lrp1,0.62350273,1.0,0.14875427,-0.5479277575096763,-0.7426774737864797,0.0065163164,0.6731676,1.0,0.5384686590288328, ,yellow,0.359407124794825,,,True,False,True
EndothelialCells,SmoothMuscleCells,Tgfb1,Acvr1_Tgfbr2,0.46237794,0.0,0.1487354,0.11385785680299645,0.1477975994323683,0.026101355,0.6731536,0.6508335970374756,0.5386801751922141, ,brown,0.518107180491385,,,True,False,True
Leukocytes,EndothelialCells,Tgfb1,Acvr1_Tgfbr1_Tgfbr2,0.516023,0.0,0.14865734,0.141351640767288,0.03593889697714148,0.028879186,0.6730958,0.5070375460879919,0.5392091224936533, ,brown,0.780749588439731,,,True,False,True
Leukocytes,EndothelialCells,Tgfb1,Tgfbr1_Tgfbr2,0.516023,0.0,0.14865734,0.141351640767288,0.03593889697714148,0.028879186,0.6730958,0.5070375460879919,0.5392091224936533, ,brown,0.780749588439731,,,True,False,True
Fibroblasts,SmoothMuscleCells,Tnfsf12,Tnfrsf12a,0.5977303,0.0,0.21549085,0.07820983732183599,0.09258890897743138,0.035414897,0.7125616,0.2774989632801396,0.5395266228345059, ,turquoise,0.698117326727764,brown,0.54738257660967,False,True,True
Myocytes,Fibroblasts,Mdk,Sdc2,0.7666277,0.0,0.21557327,0.38726945393135226,0.7161077014820754,0.054474454,0.71260077,0.057955411129632255,0.5401619973721901, ,darkgrey,0.327125163115844,brown,0.848057536799011,False,True,True
EndothelialCells,SmoothMuscleCells,Tfpi,Lrp1,0.45810246,1.0,0.19055444,-0.19571338044853465,-0.37144229430671427,0.016501194,0.6998046,1.0,0.5403739567152156, ,turquoise,0.535579978333253,brown,0.561942294262648,False,True,True
Myocytes,Leukocytes,Lin7c,Abca1,0.53179204,0.0,0.21565242,0.279084400566829,0.3514315959217436,0.052686624,0.7126384,0.06642507125470301,0.5405859714994949, ,tan,0.579119715089047,turquoise,0.623933769565248,True,False,True
SmoothMuscleCells,Leukocytes,Col4a2,Cd93,0.75420374,0.986,0.49679953,-0.04346185051595114,-0.20026694187529737,0.02706659,0.790094,1.0,0.5406551708654546, ,royalblue,0.467210828947921,brown,0.634483899866545,False,True,True
EndocardialCells,SmoothMuscleCells,Adam15,Itga5,0.45797724,1.0,0.15704651,-0.2421374272270989,-0.38117015000141385,0.017530857,0.6791067,1.0,0.5407978705475023, ,lightcyan,0.176865930443945,brown,0.546566959140606,True,True,True
SmoothMuscleCells,SmoothMuscleCells,Col5a2,Itga1_Itgb1,0.5084582,0.0,0.21567084,0.13179586732749976,0.14741140471645353,0.053760428,0.7126471,0.15018968198573587,0.5407978705475023, ,lightcyan,0.406604134533021,,,True,False,True
EndothelialCells,EndocardialCells,Hspg2,Sdc1,0.78860515,0.0,0.21578768,0.2647066468479482,0.38220335064483335,0.044293206,0.7127026,0.1270716926678866,0.5410099961912774, ,brown,0.70755077011452,lightgreen,0.664818986973015,True,False,True
Myocytes,Myocytes,Sema3c,Nrp1_Plxna4,0.2039665,1.0,0.031896476,-0.6845304830536307,-0.7708316754023838,0.010736333,0.48816383,1.0,0.5411936355125158, ,tan,0.524385254393888,,,True,False,True
EndocardialCells,Myocytes,Lama4,Itga6_Itgb1,0.51675963,0.558,0.14846754,-0.021848433140537582,-0.1851175312173049,0.025298256,0.6729553,1.0,0.5412221772980506, ,brown,0.394621679147421,,,True,False,True
SmoothMuscleCells,SmoothMuscleCells,Agrn,Dag1,0.457825,0.0,0.20879146,0.2264955820704567,0.31931551167735794,0.05368053,0.7093165,0.06148674468736745,0.5412221772980506, ,lightcyan,0.506165819314469,,,True,False,True
Fibroblasts,EndocardialCells,Nampt,Itga5_Itgb1,0.45764574,0.0,0.2031511,0.09377621582424049,0.0757164438603285,0.035941597,0.70648515,0.26386470996037314,0.5418588820602471, ,yellow,0.202506159545502,,,True,False,True
EndothelialCells,Myocytes,Rgmb,Neo1,0.4960544,0.0,0.21587914,0.3909905585916389,0.4474060926957535,0.07783575,0.7127459,0.028541536280802495,0.5418588820602471, ,,,tan,0.718035067895697,False,True,True
EndothelialCells,Fibroblasts,Hspg2,Sdc1,0.8429233,0.0,0.37068915,0.3938151198604257,0.5916470203666866,0.076088734,0.7647825,0.028541536280802495,0.5419678298143071, ,brown,0.70755077011452,,,True,False,True
SmoothMuscleCells,EndocardialCells,Col4a5,Itga9_Itgb1,0.4576347,0.0,0.1848255,0.2733470146742514,0.4288326937024603,0.07061646,0.6965885,0.03401786465897379,0.5420712850467175, ,brown,0.452711648416098,,,True,False,True
Leukocytes,EndocardialCells,Mmp2,Pecam1,0.88457584,0.0,0.14821212,0.18388448208034747,-0.10400345297577462,0.018829502,0.67276573,1.0,0.5424960859816722, ,,,brown,0.774210329710027,False,True,True
EndocardialCells,Fibroblasts,Lamc1,Itga9_Itgb1,0.45737767,1.0,0.19386934,-0.09439698917268526,-0.18312410553504316,0.028858656,0.701613,1.0,0.5429212804249243, ,brown,0.697901590493492,,,True,False,True
Myocytes,EndothelialCells,Gnai2,Igf1r,0.45736766,1.0,0.20092122,-0.8804213038848487,-0.5892395286209575,0.0118464595,0.70533943,1.0,0.5431337892579123, ,tan,0.462915726534463,turquoise,0.604956185450384,True,False,True
SmoothMuscleCells,EndocardialCells,C3,Nrp1,0.8458372,0.554,0.14796206,0.0022270831382829037,-0.2656545066810442,0.013561189,0.6725798,1.0,0.5439848946906549, ,brown,0.818843396923259,brown,0.550721740569223,True,True,True
Myocytes,EndocardialCells,Adam10,Cd44,0.20293942,1.0,0.031993676,-0.32351387940253773,-0.4658664914469461,0.0061134463,0.48854396,1.0,0.5441023308741442, ,,,yellow,0.212459882063522,False,True,True
Leukocytes,Myocytes,Bmp2,Gpc1,0.91277814,0.0,0.36939052,1.8348699897353915,1.534281945936824,0.283658,0.7644667,0.00023761916220019918,0.544596302834312, ,turquoise,0.506612935496998,brown,0.486264962491867,False,True,True
SmoothMuscleCells,SmoothMuscleCells,Adam15,Itgav,0.45695215,1.0,0.2036762,-0.1477083627142453,-0.20888838175026503,0.0268183,0.70675266,1.0,0.5446237639335894, ,lightcyan,0.35510465639107,blue,0.303344082519337,True,False,True
SmoothMuscleCells,SmoothMuscleCells,Itgb3bp,Itgb5,0.4939314,0.013,0.14762509,0.06078341982377838,0.04907744741775433,0.0377207,0.67232877,0.5662816463963636,0.545263133183313, ,blue,0.523607479933309,brown,0.48064539237368,False,True,True
EndocardialCells,SmoothMuscleCells,A2m,Lrp1,0.4568687,0.0,0.18908127,0.45946172684742387,0.4883644766955688,0.16822867,0.6989888,0.028541536280802495,0.5454764248031916, ,,,brown,0.561942294262648,False,True,True
Leukocytes,Fibroblasts,Fn1,Sdc2,0.7670889,0.0,0.21684304,0.38131255772737443,0.8014505904159949,0.04541215,0.71320176,0.11557232478692928,0.5454764248031916, ,,,brown,0.848057536799011,False,True,True
EndocardialCells,SmoothMuscleCells,Lama4,Itga9_Itgb1,0.5564948,0.0,0.21689974,0.08337257082123682,0.09494322465135008,0.03566389,0.7132285,0.27132332388240826,0.5456897720382784, ,brown,0.394621679147421,,,True,False,True
SmoothMuscleCells,SmoothMuscleCells,Lum,Itgb1,0.7741094,1.0,0.14756326,-0.16078169647648036,-0.516256305123986,0.0076461416,0.6722826,1.0,0.5459031748958235, ,midnightblue,-0.121414238867851,,,True,False,True
EndocardialCells,SmoothMuscleCells,Efnb2,Epha4,0.51100296,0.0,0.1475445,0.27112781814335396,0.15757789780748788,0.02542417,0.67226857,0.6955207688985672,0.5461164610777643, ,lightcyan,0.297527702145485,blue,0.472693136126275,True,False,True
SmoothMuscleCells,EndocardialCells,Dkk3,Kremen1,0.17967156,1.0,0.032063715,-0.19697114388944253,-0.35701393711892876,0.010557616,0.48881716,1.0,0.546427623107347, ,brown,0.549785677933054,brown,0.447399014718711,True,True,True
EndothelialCells,EndothelialCells,Sema6a,Plxna2,0.7519065,0.0,0.5650162,0.5226361703170379,1.1957657892526052,0.17414892,0.8005644,0.028541536280802495,0.5464389200074998, ,yellow,0.33122512386204,,,True,False,True
SmoothMuscleCells,SmoothMuscleCells,Pf4,Sdc2,0.53840697,0.02,0.14745182,0.05568540879624792,-0.19461834890556529,0.020372536,0.67219937,1.0,0.5465435448805736, ,brown,0.697832116664017,purple,0.609944118619034,True,False,True
SmoothMuscleCells,EndothelialCells,Rarres2,Ccrl2,0.79121816,0.0,0.36813092,0.4498493221656075,0.3615219440620637,0.06215088,0.76415896,0.03468437172367473,0.546965799511781, ,brown,0.32876448056304,turquoise,0.710402520788622,True,False,True
SmoothMuscleCells,SmoothMuscleCells,Entpd1,Adora2b,0.45636627,0.0,0.18838432,0.5665489775256505,0.6411644320652772,0.12935397,0.6986002,0.028541536280802495,0.5469706788042474, ,midnightblue,0.542302806789485,,,True,False,True
Myocytes,Leukocytes,Gnai2,Ednrb,0.45634148,1.0,0.19979596,-0.9080044955626787,-0.651548705067037,0.00805646,0.70475554,1.0,0.5476118831754032, ,tan,0.462915726534463,turquoise,0.650434378704319,True,False,True
Leukocytes,EndothelialCells,Tgfb1,Itgb5,0.556141,1.0,0.21757884,-0.028879921087101912,-0.219165602722252,0.020401342,0.7135482,1.0,0.5476118831754032, ,brown,0.780749588439731,,,True,False,True
Fibroblasts,Fibroblasts,Tfpi,F3,0.4563198,0.0,0.20032169,0.2577305819431822,0.42820008003874,0.079057746,0.70502883,0.040225031779340094,0.5480397461724729, ,brown,0.474048497087387,,,True,False,True
SmoothMuscleCells,SmoothMuscleCells,Apoe,Lrp5,0.48885033,1.0,0.21770883,-0.4659077445824923,-0.4340765476715493,0.01694798,0.71360916,1.0,0.548253761220666, ,,,lightcyan,0.468034414228244,False,True,True
Leukocytes,Leukocytes,Tgfb1,Lpp,0.5562312,0.037,0.2177338,0.055504081981013365,-0.027130908425294364,0.01979142,0.7136209,1.0,0.548467659178788, ,brown,0.780749588439731,,,True,False,True
EndothelialCells,SmoothMuscleCells,App,Cd74,0.82025856,0.0,0.21773402,0.07417042807573143,0.0052670406177878215,0.016189167,0.713621,1.0,0.5486817856081359, ,black,0.617473609490099,brown,0.628700992199273,False,True,True
EndocardialCells,Myocytes,Bmp4,Rgmb,0.18068624,1.0,0.032129403,-0.2247562932070028,-0.42613389751854003,0.017104436,0.4890729,1.0,0.5487514471221644, ,,,orange,0.640366075374755,False,True,True
SmoothMuscleCells,Fibroblasts,Agrn,Dag1,0.4561917,0.0,0.207389,0.2240715944580756,0.3191215954090287,0.053319957,0.7086212,0.06315373418110339,0.5491100327114711, ,lightcyan,0.506165819314469,pink,0.439064216849562,True,False,True
Fibroblasts,Leukocytes,Tgm2,Itga4,0.45610917,0.0,0.20070308,0.36023531854297325,0.08678326202955516,0.061633438,0.70522654,0.22486994333435495,0.5493243262893757, ,turquoise,0.576410161308203,midnightblue,0.644281789489508,False,True,True
EndothelialCells,EndocardialCells,Dcn,Tlr2,0.19070774,1.0,0.03218624,-0.47355326211764,-0.8158675334202105,0.0072484217,0.48929366,1.0,0.5493321884203111, ,brown,0.254128285517728,,,True,False,True
EndothelialCells,Leukocytes,Tgfb1,Itgb5,0.751459,0.0,0.56353354,0.2159785676042129,0.3273837081582846,0.052839886,0.8003546,0.06571748692198551,0.5496027668959221, ,brown,0.518107180491385,turquoise,0.76035177467005,True,False,True
EndothelialCells,Fibroblasts,Tgfb1,Lpp,0.7514492,0.0,0.5635194,0.3200031571912969,0.48123148560081336,0.051222414,0.8003526,0.07441268246866956,0.549866772534564, ,brown,0.518107180491385,,,True,False,True
SmoothMuscleCells,EndocardialCells,Arf6,Pld1,0.472495,0.129,0.21835023,0.05071978706106302,0.12206804783581898,0.05006332,0.7139097,0.712688744784511,0.5501818849708732, ,lightcyan,0.286234066022893,,,True,False,True
SmoothMuscleCells,EndocardialCells,Col4a5,Cd44,0.20392458,0.982,0.03220464,-0.08096465411918519,-0.06765555710878135,0.015969088,0.48936513,1.0,0.5504933958276922, ,brown,0.452711648416098,yellow,0.212459882063522,True,True,True
Leukocytes,EndocardialCells,Tgfb1,Sdc2,0.5567522,0.648,0.21862891,0.03631317783497509,-0.1011535643656864,0.025583161,0.7140399,0.9557030366249767,0.5506109121709339, ,brown,0.780749588439731,purple,0.512843315776489,True,False,True
SmoothMuscleCells,Leukocytes,Postn,Itgav_Itgb5,0.4559078,0.0,0.19394408,0.25085385785357145,0.33591753931849355,0.056787334,0.70165336,0.048961125447437984,0.5506109121709339, ,brown,0.528578528633459,,,True,False,True
SmoothMuscleCells,Myocytes,Gstp1,Traf2,0.5674434,0.088,0.14662379,0.030302998685387293,-0.06787576670412585,0.024462912,0.67157865,0.7599952414614538,0.5508255960307542, ,,,tan,0.689086951973111,False,True,True
SmoothMuscleCells,EndocardialCells,Mfge8,Itgb5,0.90542907,0.007,0.14657581,0.12095041129604694,-0.19585377912009594,0.0069506112,0.6715425,1.0,0.5510403356869874, ,lightcyan,0.510462651252352,,,True,False,True
SmoothMuscleCells,EndocardialCells,Mmrn2,Clec14a,0.7512917,0.0,0.3984809,0.1980499503849533,0.008940669829400671,0.036040273,0.7712228,0.364415993522021,0.5511871480787239, ,brown,0.757581672238273,,,True,False,True
Myocytes,Fibroblasts,Fgf7,Fgfr1,0.6565889,0.0,0.2187997,0.4450394667402331,0.6940028186099061,0.1514344,0.7141197,0.028541536280802495,0.5512551311468831, ,brown,0.584610251626662,,,True,False,True
SmoothMuscleCells,EndocardialCells,Nppa,Npr1,0.7512592,0.005,0.55822676,0.11883174227150281,0.03254297641405801,0.03568362,0.7995976,0.5276116531115184,0.5514513138122539, ,brown,0.553063856550583,turquoise,0.737674978374714,True,False,True
Myocytes,Myocytes,Lgals3,Eng,0.455409,1.0,0.1633912,-0.03597320239995461,-0.3697421849388428,0.014943388,0.6834067,1.0,0.5521146976034045, ,tan,0.579986279067785,greenyellow,0.444186423819259,True,False,True
EndothelialCells,EndothelialCells,Tgfb1,Tgfbr3,0.4608041,1.0,0.14647715,-0.03225916575383414,-0.11034180921730236,0.018897662,0.67146826,1.0,0.5521146976034045, ,brown,0.518107180491385,,,True,False,True
Myocytes,Myocytes,Lama5,Itga9_Itgb1,0.19179201,0.958,0.032289885,-0.027403779440055176,-0.18644981980384973,0.012091556,0.4896954,1.0,0.5522344605245206, ,tan,0.625776798528456,,,True,False,True
EndocardialCells,EndocardialCells,C1qa,Cd93,0.81893784,0.0,0.21896926,0.31449253965991286,0.028164090068668546,0.02061692,0.7141987,1.0,0.5525447288795331, ,blue,0.599536949839547,lightcyan,0.582187985085655,False,True,True
Myocytes,SmoothMuscleCells,Gnai2,F2r,0.45538288,1.0,0.1987448,-1.1058159463705663,-0.9450484493815818,0.00659342,0.70420635,1.0,0.5525447288795331, ,tan,0.462915726534463,brown,0.615665230998706,True,True,True
Fibroblasts,Leukocytes,Igf1,Igf1r,0.6923236,0.0,0.21899429,0.21825487271746746,0.4266567401836341,0.040499907,0.7142104,0.17395264102610755,0.5527599150778957, ,brown,0.689047425976755,,,True,False,True
Leukocytes,Leukocytes,Tgm2,Itga4,0.45530415,0.0,0.19983086,0.35916076107843925,0.25544505625094877,0.061365593,0.70477366,0.07241000202043253,0.5529749833929755, ,turquoise,0.614831338231344,midnightblue,0.644281789489508,False,True,True
EndocardialCells,Myocytes,Hspg2,Lrp1,0.6142514,1.0,0.14628224,-0.34402550879453586,-0.5973154187292575,0.009566382,0.67132145,1.0,0.5538363362887891, ,brown,0.437670232192996,,,True,False,True
Leukocytes,Myocytes,Tfpi,Sdc4,0.18519428,1.0,0.032413047,-0.4215864664900759,-0.6246818873860391,0.0039135986,0.49017107,1.0,0.5539747000144277, ,brown,0.786058550988916,black,0.631251519730246,True,False,True
EndothelialCells,EndocardialCells,Tgfb1,Tgfbr1_Tgfbr2,0.51155037,0.0,0.21929215,0.13612218065574205,0.18251252422884529,0.042601187,0.71434903,0.14536190822983724,0.5541595523364357, ,brown,0.518107180491385,,,True,False,True
EndothelialCells,EndocardialCells,Tgfb1,Acvr1_Tgfbr1_Tgfbr2,0.51155037,0.0,0.21929215,0.13612218065574205,0.18251252422884529,0.042601187,0.71434903,0.14536190822983724,0.5541595523364357, ,brown,0.518107180491385,,,True,False,True
SmoothMuscleCells,Fibroblasts,Icam1,Cav1,0.21044321,1.0,0.032476224,-0.6420635487300081,-1.1830406481652371,0.0023981847,0.49041438,1.0,0.5545546160034356, ,darkorange,0.588329109955734,,,True,False,True
Leukocytes,Myocytes,Tnf,Ptprs,0.4548604,0.0,0.2056959,0.6318845643914581,0.7975514152080886,0.22521968,0.7077741,0.02246157842311422,0.554698583189905, ,turquoise,0.350511842215774,brown,0.264675304065931,False,True,True
SmoothMuscleCells,EndothelialCells,Tgfb3,Acvr1_Tgfbr2,0.4547844,0.0,0.15151577,0.1583614442817841,0.2309003304328775,0.039696444,0.67518777,0.18524242163044785,0.554914328195578, ,brown,0.511531512491637,,,True,False,True
SmoothMuscleCells,Myocytes,Angptl2,Itga5_Itgb1,0.5306158,0.0,0.21950458,0.14843482654641907,0.16429908597493725,0.040425133,0.71444786,0.1751934428238146,0.5551301291353812, ,brown,0.568414991509247,,,True,False,True
Myocytes,Fibroblasts,Apoa1,Lrp1,0.75031203,0.0,0.053369597,0.5257251686016429,0.7879618000059576,0.10043794,0.5523127,0.028541536280802495,0.5551549289319543, ,midnightblue,0.255182682496265,,,True,False,True
EndothelialCells,Fibroblasts,Col4a2,Sdc1,0.83029723,0.0,0.3641243,0.4798142787262296,0.7466158515126018,0.08711878,0.76317143,0.028541536280802495,0.5551549289319543, ,yellow,0.155737396507289,,,True,False,True
Leukocytes,Fibroblasts,Lum,Itgb1,0.61562485,1.0,0.14595889,-0.4442438299420867,-0.7737130697756651,0.00756301,0.6710772,1.0,0.555777693300557, ,brown,0.636918535342463,black,0.76802340300577,True,False,True
Leukocytes,SmoothMuscleCells,Adam10,Tspan12,0.74993765,0.0,0.5594596,0.2109679127320876,0.22480266076384592,0.050042942,0.7997743,0.09044219221358711,0.5559497654312626, ,turquoise,0.222395601537507,lightcyan,0.443760185061965,False,True,True
Leukocytes,Myocytes,Txlna,Stx4a,0.45416072,0.998,0.19212577,-0.07970399905069966,-0.11952910096010105,0.023261474,0.7006665,1.0,0.5559935436275609, ,turquoise,0.585311827087934,brown,0.6098277050981,False,True,True
EndocardialCells,Myocytes,Efemp2,Plscr4,0.26598656,1.0,0.032602582,-0.34702466715433394,-0.6997859959357089,0.005104321,0.4908996,1.0,0.5562937555124765, ,brown,0.641190213682498,magenta,0.770571916735246,True,False,True
Fibroblasts,EndocardialCells,Col1a2,Cd44,0.73447686,0.0,0.14581828,0.44816646993900855,0.7172665428299959,0.040703665,0.6709708,0.17204801689075025,0.5566419534542025, ,,,yellow,0.212459882063522,False,True,True
SmoothMuscleCells,Myocytes,Pf4,Sdc2,0.18180014,1.0,0.032618962,-0.40510356280826676,-0.8451956618691507,0.0045067673,0.4909624,1.0,0.5568733048868229, ,brown,0.697832116664017,greenyellow,0.317323746848508,True,False,True
Fibroblasts,SmoothMuscleCells,C4b,Nrp1,0.7495632,0.989,0.5416948,-0.06770458715406028,0.13426740433259204,0.047746997,0.79717815,1.0,0.5570100942269111, ,,,lightcyan,0.26029605688583,False,True,True
EndothelialCells,SmoothMuscleCells,Calr,Itgav,0.7493684,0.999,0.42903247,-0.09065431802466868,-0.06160472523377036,0.032504365,0.77767444,1.0,0.5580710214329414, ,yellow,0.359407124794825,blue,0.303344082519337,True,False,True
EndocardialCells,SmoothMuscleCells,Tgm2,Sdc4,0.74931633,0.0,0.39045084,0.1883008535472287,0.1078232035117539,0.036904547,0.7694219,0.23953634676667127,0.5583364436802303, ,,,tan,0.661881494233523,False,True,True
Myocytes,EndothelialCells,Lama2,Itga1,0.53924346,0.0,0.2205045,0.17232391937369396,0.4291117637852065,0.061577942,0.7149112,0.09731114944625328,0.5583729858885191, ,midnightblue,0.3482443250449,,,True,False,True
EndocardialCells,Myocytes,Hspg2,Fgfr1,0.6481642,1.0,0.22054447,-0.22934610836878688,-0.39863807774263615,0.016321769,0.7149297,1.0,0.5585896825341709, ,brown,0.437670232192996,magenta,0.803121502214596,True,False,True
EndothelialCells,SmoothMuscleCells,Adam10,Tspan12,0.74920654,0.0,0.5582837,0.20993253453882538,0.29189194465407675,0.04993776,0.7996058,0.08136821017949131,0.5588673131240527, ,yellow,0.336816268854491,lightcyan,0.443760185061965,True,True,True
Fibroblasts,EndothelialCells,Nucb2,Erap1,0.45333487,0.0,0.15894195,0.15314298505603158,0.31024657290114976,0.05588655,0.6804126,0.11959769110662793,0.5590232440047669, ,,,yellow,0.180480376497594,False,True,True
Fibroblasts,EndocardialCells,Tfpi,Sdc4,0.4750278,0.178,0.22072221,0.005579794670059025,-0.03307921003396036,0.026650323,0.7150118,0.7466121697564051,0.5594568546627205, ,brown,0.474048497087387,lightgreen,0.137793776609083,True,False,True
EndothelialCells,Myocytes,Tgfb1,Sdc2,0.46001762,1.0,0.14534858,-0.10649705253334388,-0.22216318615203423,0.017008163,0.67061454,1.0,0.5596738316223382, ,brown,0.518107180491385,greenyellow,0.317323746848508,True,False,True
Fibroblasts,Fibroblasts,Tgfb1,Acvrl1,0.45322585,1.0,0.16146527,-0.23537025456419364,-0.4820515801478032,0.017432416,0.68212265,1.0,0.5598906894850053, ,brown,0.757880766459934,,,True,False,True
Fibroblasts,SmoothMuscleCells,Hspg2,Sdc1,0.7489027,0.0,0.4818119,0.38646601605125314,0.3056545065770195,0.09889811,0.7875425,0.04970435505883033,0.5599294725864371, ,brown,0.485029372814491,purple,0.260770464928019,True,False,True
EndocardialCells,Leukocytes,Il15ra,Axl,0.45296955,0.24,0.18885367,0.04503014721793956,0.043700799016529124,0.04135429,0.6988621,0.7783948560775188,0.56075920722591, ,,,brown,0.704728587075672,False,True,True
Leukocytes,Myocytes,Il16,Kcnd2,0.45284492,0.0,0.20504998,1.2704423216523604,1.113344294358616,0.5336466,0.7074488,0.0014750393032419485,0.5609765207652078, ,greenyellow,0.655836474691847,midnightblue,0.264796017553743,False,True,True
SmoothMuscleCells,SmoothMuscleCells,Postn,Itgav_Itgb5,0.47958696,0.0,0.22112018,0.29080159773936515,0.3587173378207656,0.06474457,0.7151953,0.03431659274336398,0.5611938904415834, ,brown,0.528578528633459,,,True,False,True
EndocardialCells,Leukocytes,Lman1,Mcfd2,0.74809325,0.0,0.5280962,0.0751972519365661,0.04542297631955694,0.035865974,0.79511505,0.290826971328866,0.5617900764391552, ,,,brown,0.659553647979944,False,True,True
SmoothMuscleCells,EndothelialCells,C1qa,Cd93,0.85486066,0.0,0.22137178,0.355785456342198,0.4656632828346916,0.02084313,0.7153111,0.30718581007815704,0.5618461607674596, ,lightcyan,0.307147451351826,turquoise,0.705808522625346,True,False,True
Fibroblasts,Leukocytes,Col4a1,Cd93,0.7480465,1.0,0.49081677,-0.12686127259861546,-0.32596918856864876,0.023790108,0.78908753,1.0,0.5623220875790557, ,,,brown,0.634483899866545,False,True,True
SmoothMuscleCells,Myocytes,Col18a1,Itgb5,0.45246196,0.285,0.20368218,0.12183042410198894,0.09162758911991475,0.04448825,0.70675576,0.799218918134421,0.5624989363160235, ,,,tan,0.521580300356519,False,True,True
Myocytes,Myocytes,Efna1,Epha4,0.73951703,0.0,0.2214808,0.5544390759581883,0.5474170035216624,0.036479577,0.71536124,0.24779234554247356,0.5624989363160235, ,magenta,0.807203478067038,brown,0.571232341148922,False,True,True
EndocardialCells,Myocytes,Lum,Itgb1,0.7479641,1.0,0.5587795,-0.3625767781316799,-0.36908683047103286,0.028953733,0.7996769,1.0,0.56258821256534, ,brown,0.663673113122154,greenyellow,0.433544316700636,True,False,True
SmoothMuscleCells,Fibroblasts,Col5a3,Itga1_Itgb1,0.1942555,1.0,0.032776833,-0.13600471479881887,-0.4549808127332134,0.018532785,0.49156573,1.0,0.562663584590597, ,brown,0.643060769596358,,,True,False,True
SmoothMuscleCells,Myocytes,Col18a1,Ptprs,0.45244753,0.0,0.2036682,0.4445178537612689,0.5117756979153804,0.10005602,0.7067486,0.028541536280802495,0.5627166990642348, ,,,brown,0.264675304065931,False,True,True
Myocytes,SmoothMuscleCells,Hspg2,Lrp1,0.48405963,1.0,0.22154932,-0.505094593623021,-0.7220821031407626,0.014488603,0.71539265,1.0,0.5629343421826356, ,,,brown,0.561942294262648,False,True,True
Myocytes,EndocardialCells,Gnai2,Ptpru,0.4524023,1.0,0.19547649,-0.584280941958151,-0.22396174655477868,0.034365073,0.70247644,1.0,0.5631522172828618, ,tan,0.462915726534463,red,0.673310310333367,True,False,True
EndothelialCells,EndocardialCells,Psen1,Cd44,0.206909,1.0,0.03284373,-0.15187081709918357,-0.18311944055200258,0.012275206,0.4918205,1.0,0.5632421263746507, ,,,yellow,0.212459882063522,False,True,True
SmoothMuscleCells,Fibroblasts,Hsp90aa1,Egfr,0.747474,0.0,0.47553113,0.29481856275501817,0.5045350540254804,0.12698555,0.78644276,0.028541536280802495,0.5633866354000001, ,midnightblue,0.544809498507205,,,True,False,True
Fibroblasts,EndothelialCells,Ltbp3,Itgb5,0.5641033,0.758,0.22161251,0.012786290186429128,0.11294652381661285,0.029858971,0.71542174,1.0,0.5638060038635623, ,brown,0.316212515891352,,,True,False,True
EndocardialCells,Leukocytes,Jam3,Itgb1,0.58125204,1.0,0.14481331,-0.3928016833266186,-0.6148007405032303,0.006945707,0.670207,1.0,0.5638060038635623, ,yellow,0.471739559256652,,,True,False,True
SmoothMuscleCells,Fibroblasts,Pdgfb,Itgav,0.4716391,0.0,0.22162147,0.12572052148012114,0.14481676183468628,0.05173163,0.71542585,0.15904475113321836,0.5640241038001341, ,darkorange,0.329367356438579,,,True,False,True
SmoothMuscleCells,Fibroblasts,Pf4,Sdc2,0.768836,0.0,0.22165349,0.3534346113739645,0.5229067740856093,0.030624537,0.7154405,0.30718581007815704,0.5642422599752579, ,brown,0.697832116664017,brown,0.848057536799011,True,True,True
SmoothMuscleCells,SmoothMuscleCells,Tgfb3,Itgb5,0.74714756,0.0,0.55496037,0.26385297571221134,0.34693600993397833,0.07768713,0.79912704,0.03791317729540172,0.5644518831696232, ,brown,0.511531512491637,brown,0.48064539237368,True,True,True
EndocardialCells,Myocytes,Rgmb,Neo1,0.45226538,0.0,0.15721852,0.32777864558565895,0.25814577827492935,0.056685526,0.67922604,0.07102088163960683,0.5644604723961835, ,,,tan,0.718035067895697,False,True,True
SmoothMuscleCells,Myocytes,B2m,Hfe,0.6998184,1.0,0.22171907,-0.8522277826782798,-0.7730312308768985,0.008266099,0.71547073,1.0,0.564678564882283, ,,,tan,0.587981482316645,False,True,True
Fibroblasts,EndocardialCells,Angpt2,Tie1,0.80520415,0.0,0.36151242,0.4581970923120572,0.421567785955685,0.07909921,0.76252025,0.028541536280802495,0.5647182505977686, ,,,brown,0.559205266266903,False,True,True
Myocytes,SmoothMuscleCells,App,Tspan15,0.45211723,1.0,0.20438917,-0.6712375600198899,-0.43834354981958984,0.022752553,0.70711464,1.0,0.5648968897711504, ,greenyellow,0.498943422270878,lightcyan,0.545464577373123,False,True,True
SmoothMuscleCells,EndocardialCells,Tnxb,Sdc1,0.18436745,1.0,0.03290036,-0.21052924826581004,-0.3352041563141652,0.018129747,0.4920358,1.0,0.5649771440595299, ,brown,0.639495460766757,lightgreen,0.664818986973015,True,False,True
Fibroblasts,Fibroblasts,Col15a1,Itga11_Itgb1,0.77757645,0.0,0.36134368,0.6032153688121565,1.3098657369001683,0.594431,0.762478,0.013058936681570814,0.5649847692453726, ,brown,0.692037681267818,,,True,False,True
SmoothMuscleCells,Leukocytes,Pltp,Abca1,0.48695725,0.001,0.14473045,0.08168977678174677,0.12425956291629431,0.029109279,0.6701437,0.4939898693499503,0.5651152709275631, ,brown,0.533848142274511,turquoise,0.623933769565248,True,False,True
EndothelialCells,Fibroblasts,Lman1,Mcfd2,0.74678123,0.0,0.53412354,0.06262838634845995,0.12301477584669285,0.036275323,0.79603785,0.2837794312153209,0.5655178299605113, ,yellow,0.27633284088065,turquoise,0.349121334953904,True,False,True
Fibroblasts,EndothelialCells,Vegfa,Nrp1,0.9784028,0.0,0.3613085,0.4602434308639071,0.6016110437388538,0.046429425,0.76246923,0.10774870313981512,0.5655178299605113, ,yellow,0.272486789574581,brown,0.648185002416343,True,True,True
SmoothMuscleCells,Leukocytes,Lamb1,Cd44,0.57128686,0.0,0.22208425,0.49509182715017963,0.38604918322927845,0.0634348,0.7156381,0.03255337251319927,0.565770575659618, ,brown,0.764130236562423,,,True,False,True
SmoothMuscleCells,EndocardialCells,Lama2,Itga9_Itgb1,0.4880548,0.0,0.22221133,0.18137133771949193,0.28230369769093605,0.06585462,0.71569633,0.0892086740178229,0.5664263867879351, ,brown,0.472765180178635,,,True,False,True
Fibroblasts,Fibroblasts,Rspo1,Lrp6,0.47194213,0.0,0.2222602,0.2522240810525189,0.6987319879390259,0.11683837,0.71571875,0.042250464448348936,0.5666451619292441, ,brown,0.469088038370504,turquoise,0.505701638095615,True,False,True
EndocardialCells,Fibroblasts,Efnb2,Pecam1,0.5092647,1.0,0.14459638,-0.0026506117338352397,-0.4453573751070024,0.01617371,0.67004126,1.0,0.5666451619292441, ,lightcyan,0.297527702145485,lightyellow,0.511987096077469,True,False,True
SmoothMuscleCells,Leukocytes,Dcn,Tlr2,0.548239,0.015,0.22251554,0.20245951440499022,0.20063387494967821,0.050111055,0.7158355,0.5715497300447717,0.567082704508101, ,brown,0.830709760806168,turquoise,0.62716224803749,True,False,True
Fibroblasts,SmoothMuscleCells,Col15a1,Itga10_Itgb1,0.77715665,0.0,0.36027673,0.8319208671048536,1.3350788739506807,0.47356668,0.76221013,0.002935159175628328,0.5676517091577461, ,brown,0.692037681267818,,,True,False,True
EndothelialCells,Fibroblasts,Adam10,Il6ra,0.4512933,0.0,0.14466646,0.10481713403757142,0.2025053221766702,0.042828504,0.67009485,0.1936366819769711,0.5679586421279665, ,yellow,0.336816268854491,black,0.650583186166234,True,False,True
SmoothMuscleCells,Myocytes,Adam9,Itgb5,0.47505054,1.0,0.22266644,-0.13127556472271312,-0.2188801912997529,0.024335383,0.7159045,1.0,0.5679586421279665, ,,,tan,0.521580300356519,False,True,True
EndothelialCells,Myocytes,Tgfb1,Itgb1,0.7456533,1.0,0.555203,-0.193582398104071,-0.05028916188329896,0.02642346,0.7991621,1.0,0.5681856412958133, ,brown,0.518107180491385,greenyellow,0.433544316700636,True,False,True
SmoothMuscleCells,EndothelialCells,Nppa,Npr2,0.5019689,0.999,0.2228065,-0.059443920789277904,-0.055549647570649396,0.022012144,0.7159684,1.0,0.5683968605063284, ,brown,0.553063856550583,,,True,False,True
Myocytes,Leukocytes,Lama5,Itga6_Itgb1,0.1931913,1.0,0.033014245,-0.06794289671071801,-0.2708960168103993,0.012811691,0.49246764,1.0,0.5690223931462541, ,tan,0.625776798528456,,,True,False,True
Myocytes,SmoothMuscleCells,Ntn1,Unc5b,0.48111624,0.309,0.22295699,0.010129971977324917,-0.0329221317188606,0.04225343,0.71603703,0.8131166576263182,0.5690548762725475, ,brown,0.721197217912499,blue,0.360736270621172,True,False,True
SmoothMuscleCells,SmoothMuscleCells,Lamb1,Itga7_Itgb1,0.8472692,0.733,0.35916793,0.036824763242996966,-0.13625548354530798,0.021669744,0.76193064,0.9999330166952952,0.5695211784610055, ,brown,0.764130236562423,,,True,False,True
Myocytes,SmoothMuscleCells,Adam17,Itga5,0.18653354,1.0,0.033040304,-0.3099881486490768,-0.5262325068747393,0.007400384,0.49256623,1.0,0.5695999282074322, ,magenta,0.772774351318693,brown,0.546566959140606,False,True,True
EndocardialCells,EndothelialCells,Lamc1,Itga6_Itgb1,0.74529,0.0,0.5285224,0.2472233472731466,0.5831883843680495,0.08153043,0.79518074,0.04435144035934211,0.5697884809094197, ,brown,0.697901590493492,,,True,False,True
Leukocytes,Leukocytes,Vcam1,Itga4_Itgb1,0.47673714,0.0,0.22305307,0.5285421198600911,0.5376772909318486,0.11094525,0.7160808,0.028541536280802495,0.569932843055883, ,brown,0.83472210884007,,,True,False,True
Fibroblasts,SmoothMuscleCells,Tgfb1,Sdc2,0.5796967,0.162,0.22307864,-0.011495038638434762,-0.19261077447904912,0.02610385,0.7160925,1.0,0.5701523427688332, ,brown,0.757880766459934,purple,0.609944118619034,True,False,True
Fibroblasts,Leukocytes,Col4a4,Cd93,0.450763,0.859,0.20195746,0.061578559746616995,0.16510171859134526,0.054655105,0.7058738,1.0,0.5701523427688332, ,,,brown,0.634483899866545,False,True,True
SmoothMuscleCells,Myocytes,Col6a1,Itga1_Itgb1,0.23344257,1.0,0.033047784,-0.2939678816498728,-0.5859443414853394,0.008916023,0.49259454,1.0,0.570177313525979, ,brown,0.618792290214031,,,True,False,True
Myocytes,SmoothMuscleCells,Lgals3,Eng,0.7452265,0.0,0.54895604,0.33536743306586375,0.13848759269667776,0.050206266,0.79825246,0.1603107727605073,0.5703230002133162, ,tan,0.579986279067785,lightcyan,0.40613301582679,True,True,True
EndothelialCells,SmoothMuscleCells,Adam15,Itga9,0.8383803,0.0,0.35890558,0.3209688492034241,0.5524326520545907,0.045414135,0.7618644,0.11548955882495299,0.5703230002133162, ,turquoise,0.557775876066546,brown,0.572216452048973,False,True,True
Myocytes,Leukocytes,Gnai2,S1pr1,0.47768128,1.0,0.22319607,-1.0678691020856022,-0.9671871600121376,0.0073446,0.71614593,1.0,0.5705918660846696, ,tan,0.462915726534463,lightcyan,0.295561659818741,True,True,True
SmoothMuscleCells,EndocardialCells,Lama4,Itga9_Itgb1,0.4888812,0.374,0.22322693,0.0542854358729532,0.04761843254681686,0.036704246,0.71616006,0.8396901188473569,0.5708115349616659, ,lightcyan,0.371485020380501,,,True,False,True
SmoothMuscleCells,EndocardialCells,Hspg2,Dag1,0.5112558,1.0,0.22324243,-0.2285167421804247,-0.29735764231257567,0.020691723,0.71616715,1.0,0.5710314377176331, ,brown,0.289796805062604,,,True,False,True
Myocytes,Fibroblasts,Pf4,Sdc2,0.7695218,0.0,0.22354159,0.3543546937214739,0.5293002615616342,0.030885406,0.71630317,0.30718581007815704,0.5714714126482967, ,red,0.291590680395649,brown,0.848057536799011,False,True,True
Leukocytes,EndocardialCells,Txlna,Stx4a,0.50154877,0.668,0.22390087,-0.012353436822835726,-0.04879845115725856,0.027108623,0.7164663,0.9674165918515084,0.5727923375688635, ,turquoise,0.585311827087934,brown,0.559606061898428,False,True,True
SmoothMuscleCells,Myocytes,Col3a1,Itga1_Itgb1,0.2343082,1.0,0.03319839,-0.3561809716086952,-0.6976726141416448,0.007313019,0.49316275,1.0,0.5730631013442042, ,tan,0.742640569981712,,,True,False,True
SmoothMuscleCells,Fibroblasts,Angpt2,Tek,0.47373748,0.274,0.22397518,0.04700388468624833,-0.08662454257049718,0.045057833,0.7165,0.7960372125579565,0.5732330384620548, ,brown,0.33277543675192,,,True,False,True
Leukocytes,Myocytes,Adam10,Tspan17,0.45093405,1.0,0.14345421,-0.08342182353892745,-0.21258075935609377,0.015573026,0.66916406,1.0,0.5732330384620548, ,turquoise,0.222395601537507,tan,0.445930867332554,False,True,True
EndothelialCells,EndocardialCells,Timp3,Cd44,0.7234282,0.0,0.14345229,0.0709687246759989,0.013942350041562634,0.017020257,0.66916263,1.0,0.5734535626552699, ,yellow,0.308157376549655,yellow,0.212459882063522,True,True,True
SmoothMuscleCells,SmoothMuscleCells,Gpc3,Lrp1,0.48612076,0.0,0.22401047,0.28292015639807233,0.18332482296119412,0.11502849,0.716516,0.11934307001472073,0.5741152964198742, ,yellow,0.626181888304277,brown,0.561942294262648,True,True,True
EndothelialCells,EndothelialCells,Hspg2,Fgfr1,0.791499,0.974,0.22404036,-0.048096057003218284,-0.1626693520329907,0.016580487,0.7165296,1.0,0.5743360468118199, ,brown,0.70755077011452,,,True,False,True
EndocardialCells,SmoothMuscleCells,Tfpi,Vldlr,0.72797674,0.0,0.22412202,0.47157147296102936,0.5520095639723845,0.03330459,0.7165666,0.30718581007815704,0.5752194358705565, ,brown,0.667671842240135,,,True,False,True
EndocardialCells,SmoothMuscleCells,Tnxb,Itga9_Itgb1,0.19197156,1.0,0.033263374,-0.3011085338708022,-0.4965381166582927,0.009706032,0.49340716,1.0,0.575370074155562, ,lightcyan,0.362077206073838,,,True,False,True
EndocardialCells,Fibroblasts,Dcn,Egfr,0.7441489,0.0,0.47247833,0.3908692679353519,0.5279794657271039,0.19611579,0.7859014,0.028541536280802495,0.5754105402694941, ,brown,0.508954513143233,,,True,False,True
EndocardialCells,SmoothMuscleCells,Tgfb2,Eng,0.5484283,1.0,0.2241336,-0.2105269703160241,-0.2770440351366627,0.024862703,0.71657187,1.0,0.5754402907660244, ,,,lightcyan,0.40613301582679,False,True,True
Fibroblasts,Myocytes,Col4a6,Cd47,0.44968027,1.0,0.1985853,-0.21755966458669906,0.1569768409554012,0.05727543,0.7041227,1.0,0.5756613806506243, ,cyan,0.263036518533227,orange,0.66133460139945,False,True,True
Myocytes,EndocardialCells,Copa,Cd74,0.54714435,0.0,0.22425152,0.12378031570704523,0.030937962482057685,0.02737776,0.7166253,0.5792393104196605,0.5756613806506243, ,midnightblue,0.475185440944878,,,True,False,True
SmoothMuscleCells,Fibroblasts,Nampt,Itga5_Itgb1,0.44941363,0.001,0.20187646,0.08355927563924653,0.09948854422009867,0.03571609,0.7058321,0.47092931215184725,0.5763248114674909, ,lightcyan,0.281201497523699,,,True,False,True
Myocytes,Myocytes,Mif,Cd44_Cd74,0.5486073,0.024,0.14319889,0.05457111560331945,-0.024582013046143908,0.019442283,0.6689668,1.0,0.5763248114674909, ,brown,0.584111510335633,,,True,False,True
Fibroblasts,Myocytes,Txlna,Stx4a,0.4823609,0.943,0.22444636,-0.03636584422350647,-0.06868693819212551,0.027174665,0.7167134,1.0,0.5763248114674909, ,turquoise,0.364706952198054,brown,0.6098277050981,False,True,True
SmoothMuscleCells,EndothelialCells,Nucb2,Erap1,0.18890673,1.0,0.033321265,-0.2320255551533395,-0.29654161589071576,0.011716293,0.49362448,1.0,0.5765230412051703, ,,,yellow,0.180480376497594,False,True,True
EndothelialCells,Myocytes,Adam10,Tspan17,0.45020294,1.0,0.1431527,-0.08445720173218964,-0.14549147546586294,0.015540294,0.66893107,1.0,0.5769889305494165, ,yellow,0.336816268854491,tan,0.445930867332554,True,True,True
EndocardialCells,EndocardialCells,Sost,Lrp5,0.74376523,0.0,0.5415156,1.1241189998247596,1.414933505910486,0.2752583,0.7971513,0.00029203970351244433,0.5770202773688587, ,,,brown,0.483007588578318,False,True,True
SmoothMuscleCells,Myocytes,Ngf,Kidins220,0.75103897,0.0,0.35666448,0.49804906636838764,0.5596345720376017,0.08596209,0.76129574,0.028541536280802495,0.5770202773688587, ,turquoise,0.436097335929085,tan,0.636823696476143,False,True,True
Fibroblasts,Myocytes,Col4a3,Cd93,0.21514845,1.0,0.033336807,-0.20083342992969738,-0.3252756264256771,0.011486228,0.49368277,1.0,0.5770993294856074, ,,,tan,0.291337625930732,False,True,True
EndothelialCells,SmoothMuscleCells,Efna1,Epha2,0.45303157,0.0,0.14305165,0.3162140815440206,0.5637731304165536,0.077897325,0.668853,0.028541536280802495,0.5776533807505839, ,yellow,0.177429009303501,red,0.569295246755142,True,False,True
EndocardialCells,Leukocytes,Col4a2,Cd93,0.47428042,1.0,0.22480848,-0.4069302233983715,-0.6538026546539673,0.012247997,0.7168771,1.0,0.5778748581747031, ,,,brown,0.634483899866545,False,True,True
EndothelialCells,Fibroblasts,Fn1,Sdc2,0.7700176,0.0,0.22490685,0.38697591508465223,0.7349872747148237,0.047100905,0.71692145,0.10130061478870567,0.5780965711705028, ,,,brown,0.848057536799011,False,True,True
Myocytes,Fibroblasts,Psen1,Notch2,0.4521825,0.0,0.14296836,0.11722230790450684,0.1916507364244609,0.03578445,0.66878843,0.2675745259672176,0.5783183408687369, ,tan,0.493293969025575,,,True,False,True
EndocardialCells,Fibroblasts,Nppa,Npr1,0.74343234,0.002,0.45722657,0.055809960005665925,-0.12366359858333131,0.02922737,0.7831279,0.7562625041228537,0.5783630522213368, ,brown,0.695639542145225,,,True,False,True
SmoothMuscleCells,SmoothMuscleCells,Tgfb3,Acvr1_Tgfbr2,0.4486425,0.0,0.14304031,0.14919047064296706,0.1911416030266887,0.037475914,0.66884416,0.22555265993897014,0.578761871296211, ,brown,0.511531512491637,,,True,False,True
EndocardialCells,EndocardialCells,Lamc1,Dag1,0.44856638,1.0,0.18362759,-0.15359547468355245,-0.27683266614995217,0.023309344,0.6959009,1.0,0.5789838110994623, ,brown,0.697901590493492,,,True,False,True
Myocytes,SmoothMuscleCells,Fgf1,Fgfr3,0.5256643,0.0,0.14285158,0.9851560462724089,0.7515792349536623,0.1129482,0.6686979,0.028541536280802495,0.5796497916383472, ,orange,0.689259866805731,red,0.689409272376365,True,False,True
Fibroblasts,Fibroblasts,Bmp4,Lrp6,0.44848335,0.0,0.20113409,0.16075059205503364,0.2716920421703985,0.075446665,0.70544946,0.11004472790926237,0.5800941818520751, ,yellow,0.321909400792098,turquoise,0.505701638095615,True,False,True
SmoothMuscleCells,EndothelialCells,Fbn1,Itga5,0.483821,0.753,0.2255447,-0.017406718155584106,-0.026824938103033158,0.042723026,0.71720874,1.0,0.5807610134308248, ,brown,0.365133974520333,,,True,False,True
SmoothMuscleCells,EndothelialCells,Mfap5,Notch1,0.5257928,1.0,0.14273393,-0.09800560314922208,-0.11220165766993756,0.017981008,0.66860664,1.0,0.5809832844229439, ,darkorange,0.675305102108676,pink,0.343313799659359,True,False,True
EndocardialCells,Myocytes,Pf4,Sdc2,0.18391249,1.0,0.03347485,-0.40226942683511524,-0.8669390487368327,0.00462502,0.49419925,1.0,0.5811311381443547, ,brown,0.901042251404365,greenyellow,0.317323746848508,True,False,True
EndocardialCells,SmoothMuscleCells,Fn1,Il17rc,0.4479156,0.0,0.18054256,0.36708943012927026,0.3636729644009977,0.08721612,0.69410515,0.0332307890205668,0.5814283558393338, ,,,yellow,0.338343360761078,False,True,True
EndothelialCells,Fibroblasts,Dll4,Notch1,0.54887056,0.0,0.2258477,0.13962530093626474,0.3894587331259433,0.040672865,0.7173448,0.17238298494329823,0.5814283558393338, ,,,yellow,0.264341417098466,False,True,True
EndothelialCells,EndothelialCells,Col4a2,Itgb5,0.8269595,0.0,0.35477433,0.04688779520275704,0.026176813710650282,0.02427542,0.7608125,0.7695591089367947,0.5815898491574938, ,yellow,0.155737396507289,,,True,False,True
Fibroblasts,Myocytes,Ltbp1,Itgb5,0.74240166,0.0,0.44735813,0.12198073239930943,0.30801493564676685,0.042885654,0.78126925,0.1658844179172141,0.5815898491574938, ,,,tan,0.521580300356519,False,True,True
Myocytes,SmoothMuscleCells,Ltbp1,Itgb5,0.4908501,1.0,0.14266832,-0.18640080226369843,-0.41424594418455657,0.013676792,0.66855574,1.0,0.5816509767606416, ,greenyellow,0.538885782606253,brown,0.48064539237368,False,True,True
SmoothMuscleCells,Fibroblasts,Col3a1,Ddr2,0.7423951,0.0,0.4209947,0.2647912476134716,0.5994840792770538,0.09953942,0.77603513,0.03716517751165356,0.5818589819025994, ,tan,0.742640569981712,,,True,False,True
SmoothMuscleCells,EndothelialCells,Lamb1,Itga6_Itgb1,0.57888204,0.0,0.22585689,0.18104466418427473,0.5174713648028544,0.051512778,0.717349,0.08948169194847251,0.5820962092731904, ,brown,0.764130236562423,,,True,False,True
EndocardialCells,EndocardialCells,Agrn,Dag1,0.44766355,0.0,0.18305707,0.21778877235375543,0.24945841591145662,0.047064185,0.69557154,0.10145068974786386,0.5823190006255989, ,brown,0.356244589967685,,,True,False,True
SmoothMuscleCells,SmoothMuscleCells,Hspg2,Ptprs,0.5131742,1.0,0.2259533,-0.15375761268500765,-0.1588806037846459,0.029833846,0.71739227,1.0,0.5827645739279803, ,brown,0.289796805062604,,,True,False,True
Fibroblasts,Myocytes,Pf4,Sdc2,0.18401033,1.0,0.0335145,-0.40213803133518555,-0.9963440028916375,0.0046304977,0.49434718,1.0,0.5828576528542233, ,brown,0.749903040618126,greenyellow,0.317323746848508,True,False,True
SmoothMuscleCells,Leukocytes,Icam2,Itgal_Itgb2,0.44741654,0.001,0.19538784,0.4333753621013728,0.29987753754945107,0.09125932,0.7024291,0.46178182184479866,0.5829875357767029, ,lightcyan,0.549007994741309,,,True,False,True
EndothelialCells,Myocytes,S100a9,Cd36,0.59511167,0.001,0.14237024,0.16061199137659632,-0.03937933690273772,0.06259681,0.6683239,0.482282445216471,0.5832105544873204, ,brown,0.216716678799988,brown,0.500716969407465,True,True,True
EndothelialCells,Myocytes,Pf4,Thbd,0.18311022,1.0,0.033517748,-0.4495850483244196,-0.9166345114080215,0.0039158715,0.49435928,1.0,0.5834329944871706, ,brown,0.640686712105496,grey60,0.664429786726924,True,False,True
Fibroblasts,EndocardialCells,Hspg2,Ptprs,0.5841314,1.0,0.14236711,-0.10201351376186703,-0.22911394415430816,0.018797506,0.6683215,1.0,0.5834334499992914, ,brown,0.485029372814491,,,True,False,True
SmoothMuscleCells,Leukocytes,Serpine1,Lrp1,0.5105196,0.0,0.14235832,0.1466248662085421,0.09907553453343212,0.07759783,0.6683147,0.20637505277686788,0.5838797717034294, ,darkorange,0.42575759209786,turquoise,0.663780405167675,True,False,True
EndocardialCells,SmoothMuscleCells,Ptgs2,Cav1,0.7455534,0.0,0.22616892,0.26302545498754104,0.14840823252855107,0.07285745,0.71748894,0.14888402000301798,0.5838797717034294, ,,,midnightblue,0.401042124167732,False,True,True
SmoothMuscleCells,Fibroblasts,Col1a1,Cd44,0.18707846,1.0,0.033519827,-0.28668582163747863,-0.44940726514735896,0.014185284,0.49436703,1.0,0.5840081867726811, ,brown,0.614930628804247,salmon,0.221972228338972,True,False,True
Myocytes,Leukocytes,Col4a5,Cd44,0.57360595,0.0,0.22623181,0.6801239931882738,0.6225556557783991,0.11217998,0.71751714,0.028541536280802495,0.5843261407197001, ,brown,0.598294810383622,,,True,False,True
SmoothMuscleCells,Myocytes,Hspg2,Fgfr1,0.4539898,1.0,0.14231978,-0.4788333622527525,-0.6393506544043791,0.010532617,0.6682846,1.0,0.5845495006620726, ,brown,0.289796805062604,magenta,0.803121502214596,True,False,True
Myocytes,SmoothMuscleCells,Wnt5a,Ldlr,0.18854985,0.0,0.033529427,0.16533162344821045,0.18822395111542803,0.09098466,0.49440283,0.11573799016051509,0.5845833458129202, ,tan,0.430635396063789,,,True,False,True
SmoothMuscleCells,EndocardialCells,C3,Cd81,0.815336,1.0,0.14231779,-0.41949209667176424,-0.5502667686070386,0.0090005435,0.6682831,1.0,0.5847729175170772, ,brown,0.818843396923259,black,0.74193615814841,True,False,True
EndocardialCells,EndothelialCells,C4b,Nrp1,0.97631717,0.0,0.35400712,0.28161888314777367,0.20299837062841058,0.031203505,0.7606156,0.4045673465608526,0.5850925568260436, ,brown,0.65851944024539,brown,0.648185002416343,True,True,True
EndocardialCells,SmoothMuscleCells,Adam10,Tspan15,0.7413776,0.0,0.46858826,0.42887027938612876,0.4384124312480074,0.09701685,0.785205,0.028541536280802495,0.5853622440306845, ,lightgreen,0.158989074363781,lightcyan,0.545464577373123,False,True,True
Fibroblasts,EndocardialCells,Lamc1,Cd44,0.7173529,0.0,0.14215133,0.2321802742417864,0.4380141412366889,0.027462209,0.6681534,0.46446835168952966,0.5854433291492823, ,brown,0.533218968575482,yellow,0.212459882063522,True,True,True
SmoothMuscleCells,EndothelialCells,Col1a1,Cd93,0.8970619,0.0,0.35376504,0.2724491180567984,0.515394523069223,0.049606614,0.7605533,0.08316456269523811,0.5856319737767214, ,brown,0.614930628804247,turquoise,0.705808522625346,True,False,True
EndothelialCells,Myocytes,Col4a1,Cd93,0.75182587,1.0,0.14211206,-0.07890724708180008,-0.29808017133166265,0.0068882345,0.6681227,1.0,0.5856669736813535, ,blue,0.533828563580012,tan,0.291337625930732,False,True,True
Fibroblasts,Fibroblasts,Vegfa,Itgb1,0.65238893,0.999,0.2267195,-0.013232024791775779,0.008923247096901371,0.02651358,0.7177353,1.0,0.5861142529804088, ,yellow,0.272486789574581,black,0.76802340300577,True,False,True
EndothelialCells,Myocytes,Mmrn2,Cd93,0.75135565,0.001,0.14201675,0.06761521822731525,0.08439830914814217,0.008402007,0.6680484,1.0,0.5863380683348771, ,turquoise,0.746193022863879,tan,0.291337625930732,False,True,True
EndothelialCells,EndothelialCells,Hspg2,Dag1,0.83683425,0.0,0.3533248,0.1830170519650344,0.2815627219893359,0.032748703,0.7604399,0.3514671534294874,0.5864416360259713, ,brown,0.70755077011452,,,True,False,True
Myocytes,SmoothMuscleCells,Adm,Pth1r,0.4465305,0.0,0.19856939,0.27225735273029805,0.2666546374577996,0.11344822,0.7041144,0.06669873479720055,0.5865617599490773, ,brown,0.433939583997392,,,True,False,True
Myocytes,Fibroblasts,Gnai2,F2r,0.7404503,1.0,0.5113349,-0.751636694082324,-0.4426251898274921,0.016963692,0.79247534,1.0,0.5867115358270673, ,tan,0.462915726534463,brown,0.379264882663316,True,True,True
Fibroblasts,EndocardialCells,Pltp,Abca1,0.44651502,0.146,0.19930439,0.02129761365337622,-0.07580967636996383,0.0400856,0.7044991,0.7248519008462262,0.5867856892060437, ,,,lightcyan,0.751980973473931,False,True,True
EndothelialCells,Myocytes,Col4a2,Cd93,0.7509812,0.994,0.14194086,-0.023546959442775517,-0.15370977189613833,0.0077332105,0.66798913,1.0,0.5867856892060437, ,yellow,0.155737396507289,tan,0.291337625930732,True,True,True
EndocardialCells,Myocytes,Tgfb1,Tgfbr3,0.4903694,0.515,0.22689636,0.0038043549995242926,-0.0687651471746405,0.029272899,0.7178143,0.8977951814161944,0.5867856892060437, ,royalblue,0.813694457415225,brown,0.487576749012742,False,True,True
Myocytes,Myocytes,Ntn1,Unc5b,0.23761237,1.0,0.033591382,-0.29000045314870254,-0.6523599904768764,0.0063660312,0.49463356,1.0,0.5868830111486019, ,brown,0.721197217912499,,,True,False,True
SmoothMuscleCells,Myocytes,Hspg2,Itgb1,0.7402073,1.0,0.54677415,-0.5566660850197518,-0.5307408040135053,0.01629171,0.79793155,1.0,0.5869815870852305, ,brown,0.289796805062604,greenyellow,0.433544316700636,True,False,True
Myocytes,Fibroblasts,Gnai2,Igf1r,0.4811532,1.0,0.22700319,-0.8420946186174333,-0.5606355294961483,0.0133842705,0.7178619,1.0,0.5870096754481228, ,tan,0.462915726534463,,,True,False,True
SmoothMuscleCells,Leukocytes,C3,Cd81,0.812778,1.0,0.14184444,-0.4255723254776069,-0.5234024711541718,0.008970607,0.66791373,1.0,0.5872337186825646, ,brown,0.818843396923259,black,0.757921827876398,True,False,True
EndothelialCells,Myocytes,Jam2,Itga3_Itgb1,0.88753873,0.0,0.22716823,0.5790518937576893,0.9035168441156507,0.09958586,0.71793556,0.028541536280802495,0.5876817952166771, ,brown,0.738558518201255,,,True,False,True
SmoothMuscleCells,SmoothMuscleCells,Ntn1,Mcam,0.9754744,0.0,0.3529813,0.5606099551910126,0.46820953077490823,0.03438655,0.76035124,0.30377400976942137,0.5877917776553455, ,tan,0.0269384866982683,brown,0.653447636634818,True,True,True
Fibroblasts,Fibroblasts,Bmp4,Rgmb,0.47765285,0.0,0.22719319,0.2191848901694519,0.39330311201219337,0.12094877,0.7179467,0.06035998703200348,0.5879060094256864, ,yellow,0.321909400792098,,,True,False,True
EndothelialCells,SmoothMuscleCells,Col4a2,Itga9_Itgb1,0.82625335,0.0,0.35279638,0.31734458732125026,0.5160810129297918,0.044696197,0.76030356,0.1226850310684319,0.5886023500275025, ,yellow,0.155737396507289,,,True,False,True
SmoothMuscleCells,Fibroblasts,Angpt2,Itga5_Itgb1,0.4771085,0.0,0.22731249,0.2256817166886693,0.3360396549528881,0.074930005,0.7179998,0.0562479084325264,0.5890275735020589, ,brown,0.33277543675192,,,True,False,True
Myocytes,Leukocytes,Il15ra,Axl,0.44580752,0.428,0.18053497,0.03208880894067127,-0.010971518480595355,0.0395327,0.6941007,0.8644286633865268,0.5897014137651905, ,grey60,0.630854184168249,brown,0.704728587075672,False,True,True
Myocytes,Myocytes,Gstp1,Traf2,0.55020875,0.296,0.14149912,0.00481862724229036,-0.09283449348683723,0.023607906,0.66764337,0.8151504642152146,0.5897014137651905, ,,,tan,0.689086951973111,False,True,True
EndothelialCells,Fibroblasts,Pf4,Ldlr,0.1836049,1.0,0.033695534,-0.05954021657769916,-0.3230569890389217,0.018968288,0.4950205,1.0,0.5897555540888144, ,brown,0.640686712105496,purple,0.317659001931645,True,False,True
EndocardialCells,Fibroblasts,Pf4,Sdc2,0.77094835,0.0,0.22746944,0.3562687473471161,0.5011633872179273,0.031428095,0.7180697,0.30718581007815704,0.5899259599340516, ,brown,0.901042251404365,brown,0.848057536799011,True,True,True
Fibroblasts,SmoothMuscleCells,Tgfb1,Itgb1,0.8448848,0.513,0.35227144,0.025378908041071818,-0.2316366993031304,0.016765455,0.76016784,1.0,0.5899542969360423, ,brown,0.757880766459934,,,True,False,True
Myocytes,SmoothMuscleCells,Cxcl12,Itgb1,0.8017456,1.0,0.22749704,-0.25251253340903923,-0.6090272014474448,0.008260604,0.71808195,1.0,0.5901507445446296, ,tan,0.577984649656319,,,True,False,True
EndocardialCells,EndocardialCells,Nppa,Npr2,0.739201,0.0,0.44832042,0.1951928060525322,0.16747325942329694,0.04429177,0.78145283,0.13313298333260323,0.590224747806628, ,brown,0.695639542145225,blue,0.598577969516683,True,False,True
Myocytes,SmoothMuscleCells,Tfpi,Vldlr,0.491688,0.0,0.14144012,0.1766660605034169,0.19787895291883356,0.021018041,0.66759706,0.7423439045029329,0.590825259382872, ,brown,0.493469316651968,,,True,False,True
Fibroblasts,Leukocytes,Pf4,Lrp1,0.5099273,0.999,0.14134608,-0.05333274664557554,-0.4963320283180328,0.017432809,0.66752326,1.0,0.591275342472346, ,brown,0.749903040618126,turquoise,0.663780405167675,True,False,True
Fibroblasts,Fibroblasts,Pf4,Sdc2,0.7710462,0.0,0.22773886,0.35640014284704574,0.3717584330631225,0.031465314,0.7181895,0.326553983837797,0.591275342472346, ,brown,0.749903040618126,brown,0.848057536799011,True,True,True
Myocytes,Myocytes,Lgals3,Mcam,0.4451936,0.0,0.1498009,0.35857032150360724,-0.010633706727591064,0.020636499,0.67393833,1.0,0.591275342472346, ,tan,0.579986279067785,brown,0.675177279471707,True,True,True
EndocardialCells,Myocytes,Tgfb1,Lpp,0.49138856,0.978,0.22813328,-0.05309744798395122,-0.136669817322974,0.020736707,0.71836454,1.0,0.591500287984784, ,royalblue,0.813694457415225,tan,0.741372690125616,False,True,True
Fibroblasts,EndothelialCells,S100a8,Cd36,1.0093848,0.0,0.14118941,0.5264571766336699,0.9541991901077435,0.05464605,0.66740024,0.05702373020005421,0.5917254723122268, ,royalblue,0.087613971391631,brown,0.868570071306074,False,True,True
SmoothMuscleCells,SmoothMuscleCells,Col4a5,Cd93,0.52978295,0.078,0.22822675,0.045345019317449525,0.03991663901471454,0.03749873,0.718406,0.6791822868471068,0.5919507137842434, ,brown,0.452711648416098,,,True,False,True
EndocardialCells,Leukocytes,Pf4,Lrp1,0.5098294,0.986,0.14117888,-0.0534641421455052,-0.36692707416322795,0.017412188,0.6673919,1.0,0.5919507137842434, ,brown,0.901042251404365,turquoise,0.663780405167675,True,False,True
Leukocytes,EndocardialCells,Col4a2,Itga1_Itgb1,0.19228403,1.0,0.03379403,-0.5557832550440438,-0.9182093141155069,0.0040343553,0.49538532,1.0,0.5926258164989419, ,brown,0.55242115377533,,,True,False,True
Fibroblasts,EndocardialCells,Lgals3,Eng,0.9992058,0.0,0.14096639,0.38348633966581647,0.21659709140464456,0.012892465,0.66722465,0.6820034898403848,0.5928520692624845, ,,,brown,0.973204830554305,False,True,True
SmoothMuscleCells,Fibroblasts,Rtn4,S1pr2,0.7380239,0.0,0.5328844,0.16469663429444248,0.4371162183291407,0.09159723,0.79584926,0.10517989800816882,0.5929320170150778, ,brown,0.474151414005685,turquoise,0.602748540936738,True,False,True
EndocardialCells,EndocardialCells,Col4a4,Cd93,0.863378,0.0,0.3514913,0.483753995084516,0.46866503356341305,0.09512296,0.7599656,0.028541536280802495,0.5929320170150778, ,,,lightcyan,0.582187985085655,False,True,True
EndocardialCells,Myocytes,Ntn1,Mcam,0.61991644,0.0,0.22849667,0.21087252562958544,0.05487561522832102,0.02225957,0.7185255,0.9139403066343997,0.5930774144732895, ,brown,0.425522037629137,brown,0.675177279471707,True,True,True
Myocytes,EndocardialCells,Lama2,Itga9_Itgb1,0.44431645,0.0,0.16845763,0.12092717607743932,0.08408384155810544,0.04992415,0.68670094,0.22926623194836057,0.5930774144732895, ,midnightblue,0.3482443250449,,,True,False,True
Myocytes,EndothelialCells,Adm,Calcrl,0.48234034,0.0,0.22849876,0.21392460945349262,0.31919172542557706,0.077012524,0.7185265,0.06373451504181807,0.5933029988726741, ,brown,0.433939583997392,,,True,False,True
EndocardialCells,EndocardialCells,Lama4,Itga9_Itgb1,0.7377976,0.0,0.52914083,0.35610869108125676,0.4582583535811275,0.087004356,0.7952759,0.028541536280802495,0.5934739989932317, ,brown,0.394621679147421,,,True,False,True
SmoothMuscleCells,Leukocytes,Tgfb3,Itgb5,0.7377236,0.0,0.5419558,0.2513111814441835,0.370727711752605,0.07586668,0.7972171,0.0426018583572239,0.5937451078827568, ,brown,0.511531512491637,turquoise,0.76035177467005,True,False,True
SmoothMuscleCells,Leukocytes,Lamb1,Dag1,0.19222412,1.0,0.03379934,-0.35323873954400253,-0.5676432110439762,0.0063434513,0.49540496,1.0,0.5937732483856198, ,brown,0.764130236562423,,,True,False,True
SmoothMuscleCells,EndothelialCells,Tgfb3,Tgfbr3,0.4470687,0.321,0.14086853,0.0030734480861364655,-0.06699780562298197,0.027132964,0.66714764,0.8174291205035371,0.5939799130403819, ,brown,0.511531512491637,,,True,False,True
Myocytes,Fibroblasts,Lama5,Bcam,0.19474363,1.0,0.033817828,-0.21991590630369026,-0.6001769314126468,0.0053088916,0.49547333,1.0,0.5943468565164576, ,tan,0.625776798528456,turquoise,0.484975543889778,True,False,True
EndocardialCells,Leukocytes,Lamc1,Cd44,0.73769474,0.0,0.5196941,0.5612705102390515,0.45176620279447355,0.10039969,0.79380554,0.028541536280802495,0.5945584683199125, ,brown,0.697901590493492,,,True,False,True
Fibroblasts,SmoothMuscleCells,Ptgs2,Cav1,0.79287684,0.0,0.35107747,0.36930768548030046,0.43949860610990416,0.11309514,0.7598582,0.028541536280802495,0.5945584683199125, ,,,midnightblue,0.401042124167732,False,True,True
SmoothMuscleCells,Myocytes,Hsp90aa1,Erbb2,0.62832177,0.0,0.22867282,0.13260777552321115,0.10268715421981492,0.044498414,0.7186035,0.20206118266604622,0.5946573418845337, ,midnightblue,0.544809498507205,magenta,0.715690963110844,True,False,True
SmoothMuscleCells,EndocardialCells,Bmp4,Rgmb,0.1894077,1.0,0.03382197,-0.2158886202842641,-0.39955707481374786,0.018005494,0.4954886,1.0,0.5949203734803717, ,tan,0.262138911546446,,,True,False,True
EndocardialCells,SmoothMuscleCells,Gnai2,Tbxa2r,0.8415658,0.0,0.35102066,0.10772984209752454,0.06816910400041554,0.06096016,0.75984347,0.25475893852173986,0.5951009554365863, ,black,0.68121307835009,tan,0.583779196602556,False,True,True
SmoothMuscleCells,Myocytes,Txlna,Stx4a,0.44368416,0.998,0.18011846,-0.09580416137887526,-0.14382859534665343,0.0218077,0.6938554,1.0,0.5951093687833877, ,blue,0.599219999565131,brown,0.6098277050981,False,True,True
SmoothMuscleCells,Myocytes,Bmp1,Bmpr2,0.1852226,1.0,0.033830967,-0.1723100399325267,-0.32773928836994404,0.019775894,0.49552187,1.0,0.595493799284608, ,darkorange,0.451987606072427,darkgreen,0.622919527490061,True,False,True
EndothelialCells,Fibroblasts,Timp3,Ddr1,0.80086803,0.0,0.3509578,0.29602422574371345,0.3787114594546659,0.051828474,0.759827,0.07079131938158498,0.5956436107009128, ,yellow,0.308157376549655,,,True,False,True
SmoothMuscleCells,SmoothMuscleCells,Entpd1,Adora2a,0.49020034,0.0,0.22880816,0.26036805603396634,0.32976498100989676,0.06741686,0.7186633,0.04299486182969922,0.5957876559486621, ,midnightblue,0.542302806789485,,,True,False,True
EndocardialCells,Fibroblasts,Agrn,Lrp4,0.4434,0.0,0.17811678,0.3912898114695379,0.5981913219771666,0.1207034,0.6926672,0.028541536280802495,0.5962400727034823, ,brown,0.356244589967685,black,0.674108425249037,True,False,True
SmoothMuscleCells,Fibroblasts,Mmrn2,Cd248,0.50474006,0.035,0.22889683,0.1246810281108687,0.29044062952529004,0.04859414,0.71870244,0.6185270773874316,0.5962400727034823, ,brown,0.757581672238273,,,True,False,True
SmoothMuscleCells,EndocardialCells,Icam1,Cav1,0.74166495,0.009,0.14059985,-0.020778105342547704,-0.2492895103615363,0.0103825005,0.6669356,1.0,0.5962400727034823, ,darkorange,0.588329109955734,,,True,False,True
SmoothMuscleCells,Fibroblasts,Arf6,Pld1,0.44337323,0.681,0.18675289,-0.00028824837328850217,0.10245254355005018,0.04281868,0.6976837,0.9730673388060259,0.5964664583119811, ,lightcyan,0.286234066022893,yellow,0.10346837273682,True,True,True
SmoothMuscleCells,Leukocytes,Hsp90b1,Tlr1,0.6021721,0.982,0.22890106,0.14780596764540108,0.26079885423656207,0.12722059,0.71870434,0.8209197130245344,0.5966929012172648, ,yellow,0.537608497036761,lightgreen,0.354888793919323,True,False,True
Fibroblasts,Myocytes,Lamc1,Itga6_Itgb1,0.75002503,0.0,0.22890462,0.20853481881342856,0.2911265072494982,0.03531107,0.7187059,0.27958074685968043,0.5969194014265824, ,brown,0.533218968575482,,,True,False,True
Leukocytes,SmoothMuscleCells,C3,Nrp1,0.57413775,1.0,0.22890611,-0.39826449722571816,-0.5157370149806844,0.020979965,0.71870655,1.0,0.5971457760689315, ,,,lightcyan,0.26029605688583,False,True,True
Myocytes,Leukocytes,Bsg,Slc16a7,0.84958124,0.0,0.35035586,0.34034181334881886,0.3651851836363394,0.06443775,0.75967044,0.032842412894108226,0.5972724745852538, ,midnightblue,0.380643133276452,,,True,False,True
EndocardialCells,Leukocytes,Hspg2,Fgfr1,0.7358903,1.0,0.412647,-0.10509039758602161,-0.17880207426637773,0.030538645,0.7742899,1.0,0.5975441717890262, ,brown,0.437670232192996,turquoise,0.430297655390796,True,False,True
EndothelialCells,EndothelialCells,Nppa,Npr1,0.73561907,0.0,0.5399903,0.09507809516120719,0.2465893988031363,0.03451789,0.7969233,0.2985106707043236,0.5978158012470949, ,brown,0.342952456137021,brown,0.492427679100596,True,True,True
EndothelialCells,Fibroblasts,Tgfb1,Cav1,0.5182801,1.0,0.22894855,-0.20793719824639464,-0.5769241329889152,0.013303647,0.7187253,1.0,0.5978256094151002, ,brown,0.518107180491385,,,True,False,True
Myocytes,SmoothMuscleCells,Psen1,Notch1,0.44565767,0.789,0.14030376,-0.04296017568360258,-0.1281419603302245,0.021326624,0.66670144,1.0,0.5978256094151002, ,tan,0.493293969025575,,,True,False,True
SmoothMuscleCells,EndothelialCells,Angpt2,Itga5_Itgb1,0.4432088,0.0,0.1937519,0.17450733288741996,0.2925468117401213,0.06386728,0.70154965,0.0954328899611374,0.5980523961607719, ,brown,0.33277543675192,,,True,False,True
Myocytes,Fibroblasts,Mfge8,Itgav,0.47903126,1.0,0.22901818,-0.22848587626523095,-0.13909458186561863,0.0209239,0.7187561,1.0,0.5982792402539652, ,tan,0.698770478903018,,,True,False,True
SmoothMuscleCells,EndocardialCells,Dcn,Tlr2,0.19744697,1.0,0.03388493,-0.46387185385267404,-0.660388066468714,0.007630971,0.49572107,1.0,0.5983594455386638, ,brown,0.830709760806168,,,True,False,True
Fibroblasts,Leukocytes,Hspg2,Dag1,0.58307064,1.0,0.14018178,-0.1541560260684955,-0.33958770689162776,0.012993063,0.66660476,1.0,0.5987329173097601, ,brown,0.485029372814491,,,True,False,True
Myocytes,Fibroblasts,Lama2,Itga1,0.19899072,1.0,0.03394965,-0.2883463863281849,-0.7750195696105076,0.009480758,0.49595955,1.0,0.5989323245553728, ,midnightblue,0.3482443250449,,,True,False,True
EndocardialCells,Fibroblasts,Adam15,Itga9,0.51055914,1.0,0.2293503,-0.08089929587969351,-0.1560851629138295,0.029020851,0.71890247,1.0,0.5994139545043538, ,lightcyan,0.176865930443945,turquoise,0.571348483989296,True,False,True
Fibroblasts,Myocytes,Wnt5a,Fzd7,0.18678278,0.01,0.03396727,0.09288688675303047,0.2296054082141546,0.052711304,0.49602443,0.5558548157865638,0.5995051124631205, ,,,tan,0.300864636230134,False,True,True
EndocardialCells,Myocytes,Psen1,Notch2,0.19404356,1.0,0.03402314,-0.2972455049593893,-0.44800729655492333,0.0085158665,0.49622983,1.0,0.600077809269152, ,purple,0.639757294643263,midnightblue,0.62811133093121,False,True,True
Myocytes,EndothelialCells,Fgf1,Fgfr1,0.52406335,0.0,0.13999867,0.6876194171681919,0.26343485905720176,0.03006615,0.6664595,0.447719984209893,0.6005502861763524, ,orange,0.689259866805731,,,True,False,True
EndocardialCells,SmoothMuscleCells,Bgn,Ly96,0.7650411,0.0,0.22956364,0.21506008369531285,0.013188222887981688,0.026953833,0.7189964,0.6026016203279416,0.6007777614317115, ,lightcyan,0.368806923816196,darkgrey,0.358569329556742,True,False,True
EndocardialCells,Myocytes,Ltbp3,Itgb5,0.4836064,1.0,0.2298571,-0.10832024421868106,-0.20650182785130877,0.030969806,0.71912545,1.0,0.6019156316693525, ,,,tan,0.521580300356519,False,True,True
EndocardialCells,Leukocytes,Icam1,Cav1,0.6108757,1.0,0.23005015,0.03276797266059811,-0.3069195806525115,0.0169879,0.7192102,1.0,0.6025992637455913, ,lightgreen,0.0754793484673717,brown,0.71721751830981,False,True,True
SmoothMuscleCells,SmoothMuscleCells,C3,Cd81,0.8007497,1.0,0.13961859,-0.45416690385448777,-0.5933955667689126,0.0088298395,0.66615725,1.0,0.6030551218306645, ,brown,0.818843396923259,black,0.87315472177189,True,False,True
EndothelialCells,Fibroblasts,Adam10,Tspan17,0.5129225,0.64,0.23023133,0.0003032154811823812,-0.044917965894220924,0.024993332,0.7192897,0.9513379956305519,0.6035112097580475, ,yellow,0.336816268854491,,,True,False,True
Myocytes,Fibroblasts,Adm,Ramp2,0.7340233,0.0,0.43885192,0.07523012674134885,-0.04108936598108437,0.06338158,0.7796245,0.4859184091169805,0.6035306609188738, ,brown,0.433939583997392,,,True,False,True
EndocardialCells,Myocytes,Col4a2,Itgb5,0.4414739,1.0,0.19444741,-0.450946545743233,-0.6582212177911558,0.013305057,0.7019246,1.0,0.6037394320416991, ,,,tan,0.521580300356519,False,True,True
SmoothMuscleCells,EndocardialCells,Col1a1,Sdc1,0.18843365,1.0,0.034131095,-0.21391447014713472,-0.3017792003610711,0.021017672,0.49662584,1.0,0.6040840212302014, ,brown,0.614930628804247,lightgreen,0.664818986973015,True,False,True
SmoothMuscleCells,Myocytes,Col1a1,Cd44,0.18846664,1.0,0.03414598,-0.28386885242267446,-0.40920452237664995,0.014450267,0.49668035,1.0,0.6052278090342186, ,brown,0.614930628804247,magenta,0.718777026774563,True,False,True
Fibroblasts,Myocytes,Ntn1,Neo1,0.73347133,0.0,0.5339274,0.6495906833065455,0.9168787710837021,0.121465944,0.796008,0.028541536280802495,0.6054398062703696, ,turquoise,0.847226247817953,tan,0.718035067895697,False,True,True
EndothelialCells,EndocardialCells,Col4a2,Itga1_Itgb1,0.8246444,0.0,0.34828925,0.2653096896261381,0.3271239918436062,0.041579016,0.75912994,0.15936055098865298,0.6057126444443184, ,yellow,0.155737396507289,,,True,False,True
EndothelialCells,Myocytes,S100a8,Cd36,0.59354395,0.001,0.13906136,0.1414150027923476,-0.05695387594514144,0.05382241,0.6657125,0.5322129351151916,0.605795652977051, ,,,brown,0.500716969407465,False,True,True
EndothelialCells,EndocardialCells,S100a9,Tlr4,0.19402796,0.0,0.034151647,0.1337048483363532,0.12562750835397513,0.065118425,0.49670106,0.17429038571960048,0.6057995952491421, ,brown,0.216716678799988,,,True,False,True
SmoothMuscleCells,Fibroblasts,Bmp1,Bmpr2,0.18602586,1.0,0.034163594,-0.17093627052087645,-0.3394378829922559,0.01997033,0.4967448,1.0,0.6063712904420466, ,darkorange,0.451987606072427,turquoise,0.480968194038114,True,False,True
Myocytes,EndocardialCells,Gnai2,Igf1r,0.48486024,1.0,0.23106818,-0.8361211540946517,-0.5813168454824994,0.0136239445,0.7196558,1.0,0.6067108201780635, ,tan,0.462915726534463,,,True,False,True
SmoothMuscleCells,Fibroblasts,Tgfb1,Acvrl1,0.5057522,1.0,0.23110096,-0.15427610530190042,-0.28176989967969607,0.024950555,0.7196702,1.0,0.6069398483375665, ,brown,0.732384831866489,,,True,False,True
Myocytes,Myocytes,Lama2,Itga9_Itgb1,0.19944707,1.0,0.03419986,-0.2474329617273366,-0.5332742883797348,0.01013548,0.49687737,1.0,0.606942894620178, ,midnightblue,0.3482443250449,,,True,False,True
Fibroblasts,SmoothMuscleCells,Tfpi,Sdc4,0.44050086,0.94,0.18307155,-0.054690767018469456,-0.08929767934952049,0.022104327,0.6955799,1.0,0.6071689341272697, ,brown,0.474048497087387,tan,0.661881494233523,True,True,True
SmoothMuscleCells,Leukocytes,Adam15,Itga9,0.48306543,1.0,0.2312816,-0.10257997436778017,-0.06906690779844016,0.02926523,0.7197489,1.0,0.6076270936142703, ,lightcyan,0.35510465639107,turquoise,0.699544318835141,True,False,True
Leukocytes,EndocardialCells,Hspg2,Itgb1,0.7377048,1.0,0.2314356,-0.44097199071284415,-0.712928553627056,0.0068958662,0.7198161,1.0,0.6078563522915377, ,brown,0.525122764314888,pink,0.572507776572743,True,False,True
Leukocytes,Leukocytes,Ccl24,Ccr2,0.73218805,0.0,0.44467005,1.3638726869178117,1.813969836702447,0.86284286,0.7807539,2.0289972965744138e-05,0.6078971718732586, ,brown,0.598413768865967,salmon,0.43335933812712,True,False,True
Myocytes,Leukocytes,Lama5,Cd44,0.5765246,0.0,0.23145173,0.7853374386879979,0.7585599388097102,0.11248477,0.7198231,0.028541536280802495,0.6080856686279978, ,tan,0.625776798528456,,,True,False,True
Leukocytes,SmoothMuscleCells,Col4a2,Itga9_Itgb1,0.19389302,1.0,0.034231354,-0.5037483573489318,-0.7292522930293213,0.004336811,0.49699247,1.0,0.6080857723045255, ,brown,0.55242115377533,,,True,False,True
Fibroblasts,SmoothMuscleCells,Thbs1,Lrp1,0.4401969,0.577,0.16917379,0.05361921003002293,0.09324938995259979,0.069983006,0.68715715,0.9228552348296889,0.6083150426309012, ,,,brown,0.561942294262648,False,True,True
SmoothMuscleCells,Myocytes,Tgfb3,Itgb1,0.73191786,1.0,0.53394425,-0.15824978426410038,-0.00694515828897857,0.037938386,0.7960106,1.0,0.6084437451181998, ,brown,0.511531512491637,greenyellow,0.433544316700636,True,False,True
EndothelialCells,Myocytes,Efna1,Epha7,0.44990465,0.0,0.13865894,0.302442551234562,0.5782570812158314,0.061950833,0.66538996,0.03519064295934865,0.60854428910936, ,yellow,0.177429009303501,magenta,0.705436883659445,True,False,True
Leukocytes,Fibroblasts,C3,Nrp1,0.5798728,1.0,0.23185116,-0.389872955937247,-0.6708707715325943,0.02124989,0.719997,1.0,0.6092327447763242, ,,,yellow,0.250435830471026,False,True,True
SmoothMuscleCells,Leukocytes,Cxcl12,Itga4,0.73176664,0.0,0.49937195,0.5981956156027103,0.5103586794304639,0.1802879,0.7905219,0.028541536280802495,0.6092639700880598, ,,,midnightblue,0.644281789489508,False,True,True
Fibroblasts,Myocytes,Col18a1,Gpc1,0.9057994,0.0,0.34714514,1.694038449934126,1.3590309102889648,0.14423989,0.758829,0.008619566096222728,0.6095373874147411, ,turquoise,0.447245251399489,brown,0.486264962491867,False,True,True
Fibroblasts,SmoothMuscleCells,Lrpap1,Lrp1,0.7317571,0.382,0.51731956,0.017067166032555578,-0.042914113292727984,0.04026395,0.79343057,0.8443291271840992,0.6095373874147411, ,,,brown,0.561942294262648,False,True,True
EndothelialCells,SmoothMuscleCells,Tnfsf12,Tnfrsf12a,0.43987492,1.0,0.14566217,-0.12164622842484461,-0.15192752959928718,0.023938887,0.67085254,1.0,0.6096921271876857, ,turquoise,0.760231496824172,brown,0.54738257660967,False,True,True
EndocardialCells,Fibroblasts,Tnxb,Sdc1,0.19601545,1.0,0.034331426,-0.1386388424658229,-0.2660032780754828,0.01891834,0.49735734,1.0,0.6097994352847553, ,lightcyan,0.362077206073838,,,True,False,True
Myocytes,Leukocytes,Adam10,Axl,0.43977872,1.0,0.1735325,-0.2851201356631693,-0.42042405980654324,0.014415839,0.68988484,1.0,0.6099219049655116, ,,,brown,0.704728587075672,False,True,True
SmoothMuscleCells,Myocytes,Rgmb,Neo1,0.4396474,0.0,0.14031522,0.30956391223049606,0.25384385054556285,0.050590996,0.6667105,0.07780141773006444,0.6110712884450906, ,,,tan,0.718035067895697,False,True,True
EndocardialCells,Leukocytes,Adam15,Itgav,0.5127555,1.0,0.23237048,-0.08776810228942361,-0.132191126556726,0.03059651,0.7202224,1.0,0.6110712884450906, ,lightcyan,0.176865930443945,royalblue,0.339473872711851,True,False,True
EndothelialCells,Fibroblasts,Tgfb1,Eng,0.7314522,1.0,0.53482604,-0.07466060657461612,-0.2563368343921298,0.029825786,0.7961445,1.0,0.6111790886372986, ,brown,0.518107180491385,,,True,False,True
SmoothMuscleCells,Leukocytes,Hbegf,Cd9,0.48760253,1.0,0.23238148,0.08433037942465899,0.05563107745964757,0.052731484,0.7202272,1.0,0.6113014125849985, ,midnightblue,0.453211769212941,,,True,False,True
Leukocytes,SmoothMuscleCells,Fn1,Flt4,0.18791318,1.0,0.034387212,-0.12614277261504947,-0.17341028105400078,0.013979635,0.4975603,1.0,0.6115123371798428, ,,,tan,0.230468949826405,False,True,True
EndothelialCells,EndothelialCells,Nppa,Npr2,0.5164832,1.0,0.23242041,-0.045237934404369795,-0.006880700852633037,0.02296195,0.72024405,1.0,0.6115315944928236, ,brown,0.342952456137021,,,True,False,True
SmoothMuscleCells,Fibroblasts,Nppa,Npr2,0.50929177,0.998,0.2326594,-0.04880930328554434,-0.13580481146594425,0.02298556,0.7203476,1.0,0.6119919457442622, ,brown,0.553063856550583,turquoise,0.740003151686405,True,False,True
Myocytes,Myocytes,Vcl,Itgb5,0.48701605,1.0,0.2327227,-0.1051083916923645,-0.23578271437040155,0.020665465,0.720375,1.0,0.6122223009526918, ,,,tan,0.521580300356519,False,True,True
Myocytes,Fibroblasts,Ntn1,Unc5b,0.49393398,0.075,0.23292497,0.025928291988392325,-0.012543581647525115,0.044142507,0.7204625,0.674493923545552,0.6124525279678115, ,brown,0.721197217912499,turquoise,0.776803778554489,True,False,True
Leukocytes,EndothelialCells,Col4a2,Itgb5,0.1945991,1.0,0.03442327,-0.7742051494674249,-1.2191564922484628,0.002355411,0.4976913,1.0,0.6126537594335157, ,brown,0.55242115377533,,,True,False,True
Leukocytes,EndocardialCells,Timp3,Kdr,0.47002053,1.0,0.1380956,-0.7126477392709291,-0.8030669299383393,0.008162519,0.66493654,1.0,0.6131441136978036, ,lightcyan,0.542032628399973,blue,0.557659518401045,True,False,True
EndothelialCells,EndocardialCells,S100a9,Cd36,0.19506383,1.0,0.03443114,-0.2872904604891957,-0.6221804065337203,0.015138555,0.49771985,1.0,0.613224362954866, ,brown,0.216716678799988,,,True,False,True
Leukocytes,Myocytes,Hspg2,Itgb1,0.47615397,1.0,0.1380913,-0.8959386044244997,-1.0504754582410931,0.004114575,0.6649331,1.0,0.6133745717397637, ,brown,0.525122764314888,greenyellow,0.433544316700636,True,False,True
SmoothMuscleCells,Leukocytes,Thbs2,Cd36,0.50213027,1.0,0.13804586,-0.15774325785873047,-0.38527456499624035,0.026210813,0.6648965,1.0,0.6136052737450425, ,red,0.386470326894574,brown,0.783650639892057,False,True,True
EndocardialCells,Myocytes,Adam15,Itgb1,0.7306994,1.0,0.5320584,-0.4682471242298878,-0.4831768852296682,0.018455852,0.7957232,1.0,0.6136443639562352, ,lightcyan,0.176865930443945,greenyellow,0.433544316700636,True,False,True
Myocytes,SmoothMuscleCells,Pdgfc,Pdgfrb,0.9986637,0.0,0.34621668,1.0627843672092716,1.1432613455801122,0.1475368,0.75858384,0.011435366400606963,0.613918439697219, ,,,brown,0.766275459333072,False,True,True
EndothelialCells,Fibroblasts,Lamc1,Dag1,0.4830593,1.0,0.23334625,-0.09132985231853974,-0.16901214951874122,0.029620541,0.7206444,1.0,0.6140668512840415, ,brown,0.425314090034099,pink,0.439064216849562,True,False,True
Myocytes,Myocytes,Mfge8,Itgb5,0.43898576,1.0,0.19235627,-0.5793814425012705,-0.7155498969661982,0.009121517,0.70079225,1.0,0.6145284738323626, ,tan,0.698770478903018,tan,0.521580300356519,True,True,True
Fibroblasts,Myocytes,Bgn,Ly96,0.8443224,0.0,0.13802074,0.3113984987372602,0.41736725272643443,0.016205477,0.66487616,0.30718581007815704,0.6145284738323626, ,brown,0.765417544462891,tan,0.509725385310724,True,True,True
Fibroblasts,Myocytes,Col1a2,Cd93,0.73161197,0.002,0.13801505,0.18885047170839936,0.18064887988553002,0.012765457,0.66487163,1.0,0.6147594650654171, ,,,tan,0.291337625930732,False,True,True
SmoothMuscleCells,EndocardialCells,Col6a1,Itga9_Itgb1,0.49719203,0.0,0.23344077,0.14024963496308068,0.210836177790915,0.06683714,0.72068524,0.13760687003938255,0.6147594650654171, ,brown,0.618792290214031,,,True,False,True
Fibroblasts,SmoothMuscleCells,Penk,Ogfr,0.43895233,0.0,0.16069897,0.17949957814299244,0.5382503010822899,0.098932385,0.6816067,0.09120227904214509,0.6147594650654171, ,tan,0.433324007429215,orange,0.547444999744737,True,True,True
SmoothMuscleCells,Leukocytes,Rtn4,S1pr2,0.5612001,0.998,0.23347667,-0.09449342436437656,-0.09256358247769902,0.040132184,0.7207006,1.0,0.6149903276714586, ,brown,0.474151414005685,turquoise,0.709517746655398,True,False,True
SmoothMuscleCells,Myocytes,Lamb1,Itga3_Itgb1,0.19359562,1.0,0.034480575,-0.05178304707604306,-0.15030852682235762,0.02634586,0.4978992,1.0,0.6155058102971406, ,brown,0.764130236562423,,,True,False,True
Leukocytes,SmoothMuscleCells,Mmp9,Lrp1,0.43876395,0.004,0.16746274,0.3603771550117246,0.2576851328437211,0.16585207,0.6860634,0.5168050422286051,0.6156838221927057, ,,,brown,0.561942294262648,False,True,True
SmoothMuscleCells,EndocardialCells,Efna1,Epha4,0.44017977,0.0,0.13775474,0.13775535581066342,0.08317973120919392,0.022689255,0.66466117,0.8812049129986085,0.6163776510806295, ,tan,0.166951503824429,blue,0.30134597405492,True,False,True
SmoothMuscleCells,SmoothMuscleCells,Ltbp3,Itgb5,0.5478444,0.777,0.23435208,-0.033728158194594904,-0.08634561324824841,0.031575434,0.72107714,1.0,0.6170720010344697, ,,,brown,0.48064539237368,False,True,True
Fibroblasts,Myocytes,Hspg2,Lrp1,0.58182615,1.0,0.137618,-0.38568746479499405,-0.6551645346412237,0.008999769,0.66455054,1.0,0.6170720010344697, ,brown,0.485029372814491,,,True,False,True
Leukocytes,SmoothMuscleCells,Mfge8,Itgb5,0.5478769,1.0,0.2344043,-0.444901721755347,-0.5276923872652186,0.011115431,0.72109956,1.0,0.6173036291689902, ,turquoise,0.345147275915014,brown,0.48064539237368,False,True,True
Fibroblasts,Fibroblasts,Angptl4,Sdc2,0.81379014,0.0,0.34542692,0.5442245886078285,0.9982497880552876,0.1514436,0.75837463,0.028541536280802495,0.6174858171529612, ,,,brown,0.848057536799011,False,True,True
SmoothMuscleCells,Leukocytes,Pf4,Lrp1,0.5077171,0.984,0.1375692,-0.05629827811865677,-0.34518368729554605,0.016966991,0.66451097,1.0,0.6175351282420869, ,brown,0.697832116664017,turquoise,0.663780405167675,True,False,True
Myocytes,EndocardialCells,C1qa,Cd93,0.8241197,0.0,0.23442173,0.32210285038092684,0.06680030583271568,0.022071838,0.72110707,0.9280761780958883,0.6177668722498137, ,brown,0.782349278403491,lightcyan,0.582187985085655,True,True,True
EndocardialCells,Fibroblasts,Lamb1,Itga9_Itgb1,0.4384017,0.078,0.18120919,0.03165434503057554,-0.0009040416203234813,0.039881594,0.6944962,0.6791822868471068,0.6177668722498137, ,brown,0.406739902075495,,,True,False,True
EndothelialCells,SmoothMuscleCells,Agrn,Lrp1,0.4949277,0.595,0.23452666,0.010382286757145948,0.08741103805470557,0.042543422,0.721152,0.9287852092391351,0.6179986742284058, ,lightyellow,0.391792818202241,brown,0.561942294262648,False,True,True
SmoothMuscleCells,EndothelialCells,Lum,Itgb1,0.7239965,1.0,0.13733658,-0.2479521738170018,-0.4955440797381707,0.0071162353,0.66432226,1.0,0.619622536993713, ,midnightblue,-0.121414238867851,,,True,False,True
Myocytes,SmoothMuscleCells,Serpine2,Lrp1,0.43806443,1.0,0.16662745,-0.2788554710026614,-0.499516904276199,0.016707288,0.68552464,1.0,0.619622536993713, ,,,brown,0.561942294262648,False,True,True
EndothelialCells,SmoothMuscleCells,Lamc1,Dag1,0.4846926,1.0,0.23492426,-0.08890586470615863,-0.16881823325041195,0.02982085,0.7213223,1.0,0.6198546154207405, ,brown,0.425314090034099,,,True,False,True
EndocardialCells,Myocytes,Adam10,Notch2,0.57993543,0.0,0.13728474,0.08750737100282047,-0.028526105393225476,0.017568002,0.66428024,1.0,0.6200869393228258, ,lightgreen,0.158989074363781,midnightblue,0.62811133093121,False,True,True
SmoothMuscleCells,EndocardialCells,Pdgfa,Pdgfrb,0.62076014,0.0,0.23493217,0.673848226479357,0.5188016738203582,0.042944744,0.7213257,0.14065147039999917,0.6200869393228258, ,yellow,0.344362768020494,blue,0.615629788388522,True,False,True
EndothelialCells,SmoothMuscleCells,Vwf,Lrp1,0.4380477,0.999,0.16660747,-0.08180231171909498,-0.18825198851043556,0.01993894,0.68551177,1.0,0.6200869393228258, ,,,brown,0.561942294262648,False,True,True
Myocytes,Fibroblasts,Jam3,Itgb1,0.72667915,1.0,0.3899145,-0.1955788572614346,-0.3490560527918058,0.01870154,0.7692999,1.0,0.6202345844477621, ,brown,0.527581135398156,black,0.76802340300577,True,False,True
SmoothMuscleCells,EndocardialCells,Cd38,Pecam1,0.94305,0.0,0.34480008,0.3762982090375992,0.1894667394897167,0.035906438,0.7582082,0.2647885242543511,0.6202345844477621, ,saddlebrown,0.729476648639621,brown,0.774210329710027,False,True,True
Leukocytes,Myocytes,Tgfb1,Acvr1_Tgfbr2,0.5093508,0.0,0.13719472,0.18758445338493934,0.10342454440110127,0.024076097,0.66420704,0.7809463716993582,0.621016627717078, ,brown,0.780749588439731,,,True,False,True
SmoothMuscleCells,SmoothMuscleCells,Col6a2,Sdc1,0.4377711,0.0,0.19074443,0.2978229443575249,0.2515313762362967,0.10116749,0.6999093,0.07483010208228333,0.621016627717078, ,brown,0.539639213218055,purple,0.260770464928019,True,False,True
EndocardialCells,EndothelialCells,Lamb1,Itga6_Itgb1,0.726314,0.0,0.49400854,0.3732746814764074,0.7654084482827692,0.11267202,0.7896264,0.028541536280802495,0.6213352762318464, ,brown,0.406739902075495,,,True,False,True
EndocardialCells,EndocardialCells,Bgn,Tlr4,0.8073078,0.0,0.34465298,0.362118266171641,0.2659037806463662,0.05992328,0.7581691,0.06719345905192019,0.6213352762318464, ,lightcyan,0.368806923816196,,,True,False,True
Fibroblasts,Leukocytes,Col4a6,Cd93,0.4376433,0.882,0.18920957,0.05268512145940682,0.26222365614899734,0.06422827,0.69906014,1.0,0.6221800913532205, ,cyan,0.263036518533227,brown,0.634483899866545,False,True,True
Myocytes,EndothelialCells,Lama5,Itga6_Itgb1,0.58411986,0.0,0.2353835,0.47129027572209303,0.8899821203832863,0.09134422,0.7215186,0.028541536280802495,0.6221800913532205, ,tan,0.625776798528456,,,True,False,True
EndocardialCells,SmoothMuscleCells,Lamb2,Itga9_Itgb1,0.43754452,0.992,0.156976,-0.0789274453854922,-0.0981607230685505,0.019068444,0.6790578,1.0,0.6224128079199039, ,brown,0.473770160271624,,,True,False,True
EndothelialCells,Leukocytes,Calr,Itgav,0.72568923,1.0,0.37630358,-0.13060205791046237,-0.0844045237360424,0.028509514,0.7661318,1.0,0.6229875329929628, ,yellow,0.359407124794825,royalblue,0.339473872711851,True,False,True
EndothelialCells,SmoothMuscleCells,Ltbp1,Itgb5,0.48726845,1.0,0.13690671,-0.19095434568258335,-0.4694449732364079,0.01312446,0.6639727,1.0,0.6231118702070795, ,lightyellow,-0.0382315497958927,brown,0.48064539237368,False,True,True
SmoothMuscleCells,EndocardialCells,Vtn,Itgav_Itgb1,0.5825695,0.0,0.2356677,1.2627008275081189,0.8970770398786887,0.12673584,0.7216398,0.02684368239950117,0.6233448190460327, ,brown,0.715989746853182,,,True,False,True
SmoothMuscleCells,Fibroblasts,Pf4,Lrp1,0.8125907,0.0,0.23574317,0.3435903151822858,0.41242234628570307,0.029075203,0.72167194,0.30718581007815704,0.6238112674496414, ,brown,0.697832116664017,,,True,False,True
Leukocytes,Myocytes,Rgmb,Neo1,0.43703836,0.0,0.13682011,0.3057976170928016,0.2486528337452753,0.049330827,0.6639021,0.08505625868344781,0.6240443905571015, ,royalblue,0.727791922360445,tan,0.718035067895697,False,True,True
Leukocytes,SmoothMuscleCells,Vegfb,Nrp1,0.5780181,1.0,0.23582494,-0.26551903871503885,-0.2794066506165861,0.012266317,0.72170675,1.0,0.6240443905571015, ,,,lightcyan,0.26029605688583,False,True,True
SmoothMuscleCells,SmoothMuscleCells,Vwf,Itga9,0.19502577,1.0,0.034801997,-0.12891165699747734,-0.29518217803921093,0.0069223004,0.49905902,1.0,0.6240482748336557, ,,,brown,0.572216452048973,False,True,True
Myocytes,EndocardialCells,Lama5,Itga9_Itgb1,0.4366614,0.0,0.1590497,0.3409563583647207,0.43090831013399045,0.05955916,0.6804862,0.04101864326940965,0.6242777601138787, ,tan,0.625776798528456,,,True,False,True
Myocytes,EndocardialCells,Psen1,Ncstn,0.43696028,0.278,0.13675193,0.007866648035639981,-0.06869258868273354,0.026009642,0.66384643,0.7968847367976156,0.6245111878444691, ,tan,0.493293969025575,,,True,False,True
Leukocytes,Myocytes,Tgfb1,Itgav_Itgb6,0.56688637,0.0,0.23603906,0.24285811239460636,0.244045345799201,0.04264203,0.7217979,0.14443006482861898,0.6247446737561219, ,brown,0.780749588439731,,,True,False,True
Fibroblasts,Myocytes,Tnxb,Itgav_Itgb6,0.7626493,0.0,0.3436259,0.4500608911784938,0.8701749524658189,0.10433774,0.7578954,0.028541536280802495,0.6249169554330725, ,brown,0.534296365095982,,,True,False,True
SmoothMuscleCells,EndocardialCells,Nampt,Itga5_Itgb1,0.4882772,0.0,0.23604596,0.14222684684108483,0.14364004142913184,0.041761372,0.72180086,0.1566391853963253,0.6249780293385947, ,lightcyan,0.281201497523699,,,True,False,True
Fibroblasts,EndocardialCells,Timp3,Cd44,0.69178265,0.009,0.13667564,0.018544282243434407,-0.02979318972771583,0.016216224,0.66378427,1.0,0.6249780293385947, ,pink,0.571044102296536,yellow,0.212459882063522,False,True,True
SmoothMuscleCells,Myocytes,Mmrn2,Cd93,0.22262663,1.0,0.034852505,-0.5385727053606154,-1.032830442911305,0.0020619466,0.49924028,1.0,0.6251857568250863, ,brown,0.757581672238273,tan,0.291337625930732,True,True,True
Fibroblasts,Myocytes,Hspg2,Ptprs,0.72511923,0.0,0.43281576,0.14035973859255826,0.07749353755434052,0.057147034,0.7784324,0.23996565532324027,0.6251927014334414, ,brown,0.485029372814491,brown,0.264675304065931,True,True,True
EndocardialCells,Leukocytes,Sema6d,Plxna1_Trem2_Tyrobp,0.46391422,0.0,0.13666765,0.24875201743650652,0.35073050107582493,0.04674571,0.66377765,0.10464095920536798,0.6252116315871494, ,brown,0.626638970075587,,,True,False,True
EndothelialCells,EndothelialCells,Adam10,Tspan15,0.7250268,0.0,0.524713,0.4144748473344595,0.9344765161878233,0.10863696,0.794591,0.028541536280802495,0.6254685992074991, ,yellow,0.336816268854491,turquoise,0.812425494545835,True,False,True
Fibroblasts,SmoothMuscleCells,Col5a3,Sdc3,0.43600672,0.014,0.1818167,0.12032538788994077,0.3433416037385735,0.06924878,0.69485116,0.5690757601643875,0.6256788220415371, ,,,brown,0.642736335442684,False,True,True
SmoothMuscleCells,Leukocytes,Agrn,Itgb1,0.7249701,0.502,0.43817526,-0.013454259996455498,0.051970936048337635,0.036215182,0.77949196,0.8894796455820653,0.6257444260629748, ,lightcyan,0.506165819314469,,,True,False,True
SmoothMuscleCells,Leukocytes,Pf4,Ldlr,0.18880925,1.0,0.034876,-0.03834698363670516,-0.24903898203980188,0.019632813,0.49932456,1.0,0.6257543616536586, ,brown,0.697832116664017,,,True,False,True
Leukocytes,Fibroblasts,Tgfb1,Acvr1_Tgfbr1_Tgfbr2,0.5670871,0.0,0.23638396,0.2737951334555433,0.2544550823025254,0.04148267,0.72194445,0.16089355185184823,0.6257957975207252, ,brown,0.780749588439731,,,True,False,True
Leukocytes,Fibroblasts,Tgfb1,Acvr1_Tgfbr2,0.5670871,0.0,0.23638396,0.2737951334555433,0.2544550823025254,0.04148267,0.72194445,0.16089355185184823,0.6257957975207252, ,brown,0.780749588439731,,,True,False,True
Myocytes,EndothelialCells,Copa,Cd74,0.493751,0.024,0.13655655,0.015438042289628612,-0.11912399539466795,0.016671512,0.66368693,1.0,0.6261464339295517, ,midnightblue,0.475185440944878,,,True,False,True
Fibroblasts,EndothelialCells,Igf1,Insr,0.6996854,0.0,0.2366998,0.3386429081097507,0.6170203851875128,0.04497773,0.7220785,0.11959769110662793,0.6268480996248331, ,brown,0.689047425976755,,,True,False,True
SmoothMuscleCells,SmoothMuscleCells,App,Cd74,0.54101413,1.0,0.13638738,-0.4629331543385037,-0.4249833477839098,0.010140804,0.6635486,1.0,0.6273162938455457, ,,,brown,0.628700992199273,False,True,True
Myocytes,Leukocytes,Lama2,Itga6_Itgb1,0.20084636,1.0,0.034967065,-0.2879720789979994,-0.6177204853862843,0.010739117,0.4996505,1.0,0.6274595742129281, ,midnightblue,0.3482443250449,,,True,False,True
Myocytes,EndothelialCells,Fgf7,Nrp1,0.97310406,0.0,0.34275877,0.4742502953878158,0.5790175058059558,0.10495178,0.7576635,0.028541536280802495,0.6276766788072119, ,brown,0.584610251626662,brown,0.648185002416343,True,True,True
Myocytes,Myocytes,Copa,Cd74,0.4936162,0.046,0.13633515,0.015164333485717565,-0.06799737359538291,0.016644483,0.66350585,1.0,0.6277845320569923, ,midnightblue,0.475185440944878,brown,0.670405641257664,True,True,True
SmoothMuscleCells,Myocytes,Nppa,Npr2,0.5125105,0.984,0.23699021,-0.04413495542906142,-0.18772418203514413,0.023413423,0.72220147,1.0,0.6284874207698189, ,brown,0.553063856550583,orange,0.538241034124533,True,True,True
SmoothMuscleCells,EndocardialCells,Postn,Ptk7,0.43553603,0.0,0.17056385,0.4437560352200375,0.5260259713711283,0.13501962,0.688036,0.028541536280802495,0.6287218966334547, ,brown,0.528578528633459,darkred,0.667471774153101,True,False,True
EndocardialCells,EndothelialCells,Lamb2,Dag1,0.43549937,1.0,0.15442693,-0.12725582187590423,-0.17771018286309131,0.015996693,0.6772712,1.0,0.6291908339388594, ,brown,0.473770160271624,,,True,False,True
EndocardialCells,EndocardialCells,Col4a5,Cd93,0.8601394,0.0,0.34183386,0.4185539645904481,0.3305940876583753,0.056164913,0.7574154,0.05117121585506061,0.6293345155499663, ,,,lightcyan,0.582187985085655,False,True,True
EndocardialCells,Leukocytes,Col1a2,Cd36,0.56126606,1.0,0.23738223,-0.284294324477639,-0.5611387908705315,0.018827824,0.7223673,1.0,0.6294254847117563, ,blue,0.218085546763467,brown,0.783650639892057,False,True,True
Fibroblasts,EndocardialCells,Penk,Ogfr,0.50107825,0.0,0.23745954,0.27435446446960704,0.6638048302684738,0.14618912,0.7223999,0.03349161319292541,0.6296601938179269, ,tan,0.433324007429215,,,True,False,True
EndocardialCells,Leukocytes,Lamb1,Itga9_Itgb1,0.49039054,0.0,0.23769197,0.10986166685310428,0.18561126719087695,0.052312657,0.722498,0.1839485672963499,0.6301295975070723, ,brown,0.406739902075495,,,True,False,True
SmoothMuscleCells,Myocytes,Ltbp1,Itgb5,0.4930633,1.0,0.23780504,-0.19501304595061786,-0.282795096058179,0.022797003,0.7225457,1.0,0.6308342352149896, ,,,tan,0.521580300356519,False,True,True
EndothelialCells,EndocardialCells,Vim,Cd44,0.68694603,1.0,0.13563992,-0.20615819060138135,-0.25116241677124795,0.012964675,0.6629349,1.0,0.6308342352149896, ,,,yellow,0.212459882063522,False,True,True
Myocytes,Myocytes,Col4a5,Itga3_Itgb1,0.19591472,0.009,0.03512452,0.13324911896205113,0.08619794572676304,0.046590798,0.5002121,0.5513386448038875,0.6308675495310203, ,brown,0.598294810383622,,,True,False,True
Leukocytes,Leukocytes,Lum,Itgb1,0.5767519,1.0,0.1356274,-0.5118629331241408,-0.7709901240311194,0.0070276735,0.6629245,1.0,0.6310692943788092, ,brown,0.636918535342463,,,True,False,True
Fibroblasts,Fibroblasts,Tfpi,Vldlr,0.434752,0.0,0.17680256,0.146707043589309,0.24730152790735396,0.026272908,0.6918783,0.6385136693761919,0.6313044119266397, ,brown,0.474048497087387,turquoise,0.670823606520324,True,False,True
EndocardialCells,SmoothMuscleCells,Lpl,Lrp1,0.49779987,1.0,0.23795624,-0.5345229675664529,-0.7652831016577591,0.013153929,0.7226094,1.0,0.6313044119266397, ,turquoise,0.390663253961939,brown,0.561942294262648,False,True,True
SmoothMuscleCells,Fibroblasts,C3,Lrp1,0.77834964,0.0,0.13547343,0.19294439923708034,0.32202871809242306,0.02480066,0.66279763,0.6076919384829735,0.6317746323215594, ,brown,0.818843396923259,,,True,False,True
Fibroblasts,Leukocytes,Thbs1,Cd36,0.56162775,0.028,0.23798975,0.09765111045520908,0.060268838134264535,0.060339876,0.72262347,0.6075580102562432,0.6317746323215594, ,,,brown,0.783650639892057,False,True,True
SmoothMuscleCells,Myocytes,Col1a1,Cd36,0.6404228,1.0,0.23800538,-0.14146146673593407,-0.4021186498653369,0.028618935,0.7226301,1.0,0.6320099250177778, ,brown,0.614930628804247,brown,0.500716969407465,True,True,True
Myocytes,EndocardialCells,Wnt5a,Lrp5,0.43462232,0.0,0.14845133,0.3726947391436969,0.4678891555429334,0.14438456,0.67294323,0.028541536280802495,0.6320099250177778, ,tan,0.430635396063789,brown,0.483007588578318,True,True,True
SmoothMuscleCells,Fibroblasts,Col4a5,Cd47,0.72351766,0.0,0.34476903,0.14525060756053984,0.21607543233693738,0.04813007,0.7582,0.13021160947881355,0.6321006815532874, ,brown,0.452711648416098,black,0.666387490098312,True,False,True
Fibroblasts,Fibroblasts,Arf6,Pld1,0.5178491,0.0,0.23802838,0.11687298008041,0.20816712590041186,0.054575115,0.72263974,0.17485438618352497,0.6322452761270001, ,,,yellow,0.10346837273682,False,True,True
SmoothMuscleCells,Fibroblasts,Tgfb1,Itgb1,0.72350085,1.0,0.38293263,-0.19604411498064975,-0.28313183768743116,0.018224696,0.7676926,1.0,0.6323775858706376, ,brown,0.732384831866489,black,0.76802340300577,True,False,True
EndocardialCells,EndocardialCells,Lamb1,Itga6_Itgb1,0.4907266,0.03,0.23805703,0.04831368125230311,-0.04596973061224885,0.05429535,0.7226518,0.6117193512912593,0.632480495633297, ,brown,0.406739902075495,,,True,False,True
SmoothMuscleCells,Myocytes,Ntn1,Neo1,0.4358058,0.0,0.13516891,0.25262071291304894,0.15010058468135373,0.030750286,0.6625461,0.4226602446411155,0.632480495633297, ,tan,0.0269384866982683,tan,0.718035067895697,True,True,True
SmoothMuscleCells,EndothelialCells,Sema3f,Nrp2_Plxna2,0.52900904,0.0,0.23812659,0.33736110707475137,0.6418262750810271,0.10060698,0.72268105,0.028541536280802495,0.6327159635431171, ,darkorange,0.470908481252909,,,True,False,True
Myocytes,Myocytes,Fgf1,Cd44,0.52120245,0.0,0.13490054,0.9304677387438186,0.700882239719447,0.05522158,0.6623239,0.054531269973034285,0.6336582293433705, ,orange,0.689259866805731,magenta,0.718777026774563,True,False,True
Fibroblasts,EndocardialCells,Hspg2,Fgfr1,0.723296,1.0,0.4290597,-0.11866370785349807,-0.24658941859393946,0.031753298,0.77767986,1.0,0.6340394055967749, ,brown,0.485029372814491,turquoise,0.150086944065614,True,False,True
Fibroblasts,SmoothMuscleCells,Serpine1,Itgb5,0.4859362,0.0,0.13476358,0.13397726150670364,0.2048777209074148,0.06593957,0.6622103,0.14590345321436515,0.6341296176787485, ,turquoise,0.356587915353449,brown,0.48064539237368,False,True,True
Fibroblasts,SmoothMuscleCells,Lamc1,Itga6_Itgb1,0.75357044,0.0,0.23831865,0.21342522118695437,0.3113296475895485,0.03676329,0.72276187,0.24327622205682545,0.6341296176787485, ,brown,0.533218968575482,,,True,False,True
EndothelialCells,Leukocytes,Angptl4,Cdh5,0.19190063,1.0,0.035209842,-0.30154194935226764,-0.5881085110161584,0.011603516,0.5005154,1.0,0.6342723169875539, ,turquoise,0.58811011899927,brown,0.604304711675109,False,True,True
Fibroblasts,SmoothMuscleCells,Ang,Plxnb2,0.48976552,0.0,0.23841558,0.2887100971466941,0.45658909855255125,0.067570455,0.72280264,0.028541536280802495,0.634601430186026, ,turquoise,0.726928081860933,brown,0.400012394284695,False,True,True
Leukocytes,EndocardialCells,Tgfb1,Lpp,0.7228143,0.0,0.5039184,0.28958216954186206,0.2811227963766649,0.045804836,0.7912714,0.11205334138895542,0.6348708553028997, ,brown,0.780749588439731,sienna3,0.536597374307697,True,False,True
Myocytes,EndocardialCells,Col4a5,Itga9_Itgb1,0.4337427,0.0,0.15546267,0.23574291286499663,0.2949040271026793,0.05939778,0.6780013,0.054108321258850345,0.6353093970712042, ,brown,0.598294810383622,,,True,False,True
Fibroblasts,EndocardialCells,Col4a3,Cd44,0.21801332,0.001,0.035221633,0.05848256830091181,0.2113420365187888,0.036624745,0.50055724,0.47092931215184725,0.6354064759976648, ,,,yellow,0.212459882063522,False,True,True
Myocytes,Fibroblasts,Gnai2,Cav1,0.43369576,1.0,0.17496386,-1.2498572041840605,-1.435057267629818,0.003957684,0.6907629,1.0,0.6355455665347912, ,tan,0.462915726534463,,,True,False,True
Myocytes,SmoothMuscleCells,Apoe,Lrp5,0.51914895,1.0,0.23849502,-0.41170114285337983,-0.39057327358819266,0.018566124,0.722836,1.0,0.6355455665347912, ,,,lightcyan,0.468034414228244,False,True,True
Myocytes,Leukocytes,Lama5,Dag1,0.19746193,1.0,0.03522499,-0.06299312800618428,-0.19513245546354435,0.011248425,0.50056916,1.0,0.6359734481486942, ,tan,0.625776798528456,,,True,False,True
Fibroblasts,SmoothMuscleCells,Inhba,Eng,0.5571577,0.999,0.23854175,-0.01987850440157199,0.1726164183820023,0.068718046,0.7228556,1.0,0.6360178903033585, ,turquoise,0.68348592224542,lightcyan,0.40613301582679,False,True,True
Myocytes,EndothelialCells,Ntn1,Mcam,0.72217476,0.0,0.41042092,0.2794464355673157,0.6057003333562535,0.039982177,0.7738168,0.18056998029427604,0.6362575525337208, ,brown,0.721197217912499,turquoise,0.621780822831032,True,False,True
SmoothMuscleCells,Leukocytes,Adam15,Itgav,0.43327296,1.0,0.17864402,-0.187656102600039,-0.23168818025253707,0.023522278,0.69298166,1.0,0.6367269100780755, ,lightcyan,0.35510465639107,royalblue,0.339473872711851,True,False,True
EndothelialCells,Fibroblasts,Lpl,Cd44,0.8770654,0.0,0.23862101,0.2760948047183781,0.3571975139072494,0.028452689,0.7228889,0.3512832817615643,0.6367269100780755, ,brown,0.487721034349969,salmon,0.221972228338972,True,False,True
Fibroblasts,Leukocytes,Bmp4,Lrp6,0.49052215,0.0,0.23869026,0.22319866511843103,0.38098998830481934,0.08953422,0.722918,0.05761084227583966,0.6369634306862455, ,yellow,0.321909400792098,,,True,False,True
SmoothMuscleCells,EndocardialCells,Thbs1,Lrp5,0.4331106,0.0,0.14652921,0.3043455071991279,0.36624259853942376,0.09916321,0.6715075,0.0325853935337857,0.63720000985963, ,red,0.603083405069015,brown,0.483007588578318,False,True,True
SmoothMuscleCells,Myocytes,Col4a2,Itgb5,0.7213972,0.997,0.42970523,-0.08747817286081266,-0.20468550501248595,0.029402563,0.7778098,1.0,0.6376451343690814, ,royalblue,0.467210828947921,tan,0.521580300356519,False,True,True
Myocytes,SmoothMuscleCells,Arf1,Pld2,0.72641325,1.0,0.23883446,-0.18697734244985453,-0.20079014715356358,0.022157017,0.7229784,1.0,0.6376731528692234, ,,,darkorange,0.552633030366007,False,True,True
Leukocytes,Fibroblasts,Vegfb,Nrp1,0.58375317,1.0,0.23885901,-0.2571274974265677,-0.43454040716849596,0.012424134,0.7229887,1.0,0.637909907734463, ,,,yellow,0.250435830471026,False,True,True
SmoothMuscleCells,EndothelialCells,Nppa,Npr1,0.7211048,0.025,0.517654,0.08087210877629908,0.19792045208511994,0.03309008,0.7934835,0.6006696670137771,0.6382004681366726, ,brown,0.553063856550583,brown,0.492427679100596,True,True,True
Leukocytes,Fibroblasts,Col4a2,Sdc1,0.1979369,1.0,0.035330486,-0.3412786659439524,-0.49871745444651133,0.008453017,0.500943,1.0,0.638240373274086, ,brown,0.55242115377533,,,True,False,True
SmoothMuscleCells,SmoothMuscleCells,Icam1,Cav1,0.71075034,0.257,0.13430756,-0.05693373703989779,-0.2500837173962725,0.009917852,0.6618311,1.0,0.638620332673459, ,darkorange,0.588329109955734,midnightblue,0.401042124167732,True,True,True
Fibroblasts,Myocytes,Rspo1,Lrp6,0.4326074,0.0,0.18342882,0.19379247581322612,0.5593166532329286,0.096425384,0.6957863,0.07860436309666514,0.6390941784276168, ,brown,0.469088038370504,greenyellow,0.481143038214187,True,False,True
EndocardialCells,Myocytes,Tfpi,F3,0.7727443,0.0,0.33881587,0.6046395129102543,0.6495766229598317,0.13371502,0.7565997,0.028541536280802495,0.6393116126987952, ,brown,0.667671842240135,tan,0.391722513603458,True,True,True
SmoothMuscleCells,SmoothMuscleCells,Nampt,Insr,0.4325537,0.0,0.18705295,0.2079374416958642,0.25571136793918803,0.03362684,0.6978529,0.32319273584099756,0.6393312848722055, ,lightcyan,0.281201497523699,purple,0.577260982928268,True,False,True
Myocytes,EndocardialCells,Ctf1,Il6st_Lifr,0.63024056,0.0,0.23927473,0.7308371459867531,0.7341297560121443,0.17868735,0.72316283,0.028541536280802495,0.6393312848722055, ,tan,0.511704079589461,,,True,False,True
Myocytes,Myocytes,Col4a2,Cd93,0.22507371,1.0,0.035348486,-0.7064153659187077,-1.1831849780779773,0.0019258531,0.50100666,1.0,0.6393733207573373, ,,,tan,0.291337625930732,False,True,True
SmoothMuscleCells,EndocardialCells,Vtn,Itga5,0.72078526,0.0,0.48573452,1.4065438765316782,1.0760164630841929,0.22145334,0.7882201,0.0021593732625009286,0.6395894420495802, ,brown,0.715989746853182,red,0.410404558740387,True,False,True
EndocardialCells,Fibroblasts,Pdap1,Pdgfrb,0.72071743,0.0,0.5093654,0.1677401560741641,0.4066507636361436,0.04178073,0.7921578,0.15622362817754898,0.6398673110738011, ,lightcyan,0.16743034132191,turquoise,0.81642700330624,True,False,True
SmoothMuscleCells,SmoothMuscleCells,Efna1,Epha4,0.18875827,1.0,0.035411503,-0.21250293441399382,-0.4858054630352868,0.005832545,0.5012292,1.0,0.6399396014599693, ,tan,0.166951503824429,blue,0.472693136126275,True,False,True
Fibroblasts,Leukocytes,Vegfa,Sirpa,0.68488866,0.0,0.24013643,0.778423175252013,0.8947941322120715,0.09662257,0.7235225,0.028541536280802495,0.6417049999884527, ,yellow,0.272486789574581,turquoise,0.761733552093104,True,False,True
Myocytes,EndocardialCells,Col4a5,Cd47,0.60116416,0.964,0.24017595,-0.056443758250022354,-0.09537432115736033,0.03352878,0.72353894,1.0,0.6421805621375061, ,brown,0.598294810383622,black,0.80126067900723,True,False,True
Leukocytes,EndothelialCells,Hspg2,Itgb1,0.7622003,1.0,0.24017774,-0.3983608179102727,-0.590085868984509,0.007156348,0.72353977,1.0,0.6424184312954211, ,brown,0.525122764314888,,,True,False,True
SmoothMuscleCells,SmoothMuscleCells,Serpine1,Itgb5,0.48546803,0.001,0.1340105,0.13283699592451664,0.12481875245151955,0.065571085,0.66158324,0.47092931215184725,0.6426561671293818, ,darkorange,0.42575759209786,brown,0.48064539237368,True,True,True
Myocytes,SmoothMuscleCells,Adam10,Tspan12,0.5515151,0.919,0.24030788,-0.07012219091728183,-0.17007925662771467,0.02149523,0.7235939,1.0,0.6426561671293818, ,,,lightcyan,0.443760185061965,False,True,True
SmoothMuscleCells,EndocardialCells,Lamb1,Itga9_Itgb1,0.4314236,0.241,0.15261254,0.050710746826902436,0.05839755455355866,0.03358787,0.6759782,0.7790198427158159,0.6431321990390099, ,brown,0.764130236562423,,,True,False,True
SmoothMuscleCells,EndocardialCells,Vim,Cd44,0.67894524,1.0,0.13392662,-0.22377755747512812,-0.2569724263033508,0.012800915,0.66151315,1.0,0.6431321990390099, ,pink,0.553593521683279,yellow,0.212459882063522,False,True,True
SmoothMuscleCells,EndocardialCells,Tgfb1,Tgfbr3,0.5190296,0.082,0.24035907,0.030240164920495458,-0.010383609306374997,0.031009782,0.72361517,0.682573011411762,0.6431321990390099, ,brown,0.732384831866489,blue,0.406933614606174,True,False,True
SmoothMuscleCells,Myocytes,Col6a2,Itga1_Itgb1,0.24738915,1.0,0.035474278,-0.27306712800427224,-0.5644505909110702,0.009388035,0.50145066,1.0,0.6433356694233797, ,brown,0.539639213218055,,,True,False,True
Myocytes,Leukocytes,Cp,Slc40a1,0.43122745,0.041,0.18513224,0.213621119324002,0.25108589275389653,0.050010696,0.69676363,0.6158284708107797,0.6438464952811362, ,midnightblue,0.693431679025001,turquoise,0.417227626956636,True,False,True
Leukocytes,EndocardialCells,Vim,Cd44,0.6786556,1.0,0.1338646,-0.22441703789035164,-0.22638959676905646,0.012794987,0.6614613,1.0,0.6438464952811362, ,,,yellow,0.212459882063522,False,True,True
Myocytes,Leukocytes,Wnt5a,Adrb2,0.43118322,0.0,0.14684518,0.6550913099783635,0.714180473443873,0.28343046,0.671745,0.028541536280802495,0.644084775619894, ,tan,0.430635396063789,,,True,False,True
Fibroblasts,Myocytes,Bsg,Slc16a7,0.8100753,0.0,0.24064682,0.23714503148607025,0.20127205948731797,0.044259965,0.7237348,0.12760588717168506,0.6443229223535082, ,black,0.72971317784903,tan,0.461436207039326,False,True,True
SmoothMuscleCells,Fibroblasts,Adam15,Itga9,0.4310766,1.0,0.17632212,-0.1807872961903089,-0.2555822166096406,0.02231093,0.6915883,1.0,0.6445613202173878, ,lightcyan,0.35510465639107,turquoise,0.571348483989296,True,False,True
Myocytes,EndocardialCells,Cd47,Sirpa,0.43102273,1.0,0.17955813,-0.38052130411262325,-0.39056331234483865,0.016891696,0.69352436,1.0,0.6449189310069312, ,orange,0.66133460139945,,,True,False,True
EndocardialCells,Myocytes,Sirpa,Cd47,0.43102273,1.0,0.17955813,-0.38052130411262325,-0.39056331234483865,0.016891696,0.69352436,1.0,0.6449189310069312, ,,,orange,0.66133460139945,False,True,True
EndocardialCells,Leukocytes,Lamb1,Cd44,0.71871877,0.0,0.4857568,0.6873218444423123,0.6339862667091932,0.13874865,0.7882239,0.028541536280802495,0.645155353643309, ,brown,0.406739902075495,,,True,False,True
SmoothMuscleCells,EndocardialCells,Efnb1,Epha4,0.51627874,0.0,0.2407669,0.1747164575910773,0.14909689321040986,0.041855186,0.72378474,0.15508510875500567,0.6452766740433511, ,brown,0.361961852199938,blue,0.30134597405492,True,False,True
EndocardialCells,SmoothMuscleCells,Serping1,Lrp1,0.5003214,1.0,0.24096711,-0.30327455787209845,-0.5272674091202976,0.023177272,0.72386783,1.0,0.6457539989665556, ,,,brown,0.561942294262648,False,True,True
Fibroblasts,Leukocytes,Vcan,Itga4,0.7184422,0.0,0.48493525,0.9944906905479355,1.3862859112109605,0.61790276,0.78808266,0.0007596687275823757,0.6459915630594867, ,,,midnightblue,0.644281789489508,False,True,True
EndothelialCells,Myocytes,Grn,Sort1,0.7181778,0.0,0.51577836,0.4791195594927452,0.37462835204897715,0.05352443,0.79318595,0.062211938558775826,0.6462703407344743, ,,,midnightblue,0.356528030180206,False,True,True
EndocardialCells,Myocytes,Lama4,Dag1,0.7181741,0.0,0.49534506,0.27801474323187925,0.27350724867120974,0.06945488,0.7898508,0.06389360267753014,0.6465492703055831, ,brown,0.394621679147421,,,True,False,True
Fibroblasts,EndocardialCells,Tgfb1,Cav1,0.8125741,0.0,0.33653048,0.04756128743146015,-0.2641978964758149,0.019554973,0.75597596,1.0,0.6465492703055831, ,brown,0.757880766459934,,,True,False,True
Leukocytes,SmoothMuscleCells,Tgfb1,Acvr1_Tgfbr1_Tgfbr2,0.50726634,0.0,0.13361372,0.12761106184435678,0.06099270753350783,0.02595671,0.6612513,0.6591962729864934,0.6465895946303919, ,brown,0.780749588439731,,,True,False,True
Leukocytes,SmoothMuscleCells,Tgfb1,Tgfbr1_Tgfbr2,0.50726634,0.0,0.13361372,0.12761106184435678,0.06099270753350783,0.02595671,0.6612513,0.6591962729864934,0.6465895946303919, ,brown,0.780749588439731,,,True,False,True
Fibroblasts,EndocardialCells,Angptl4,Tie1,0.7958479,0.0,0.33642295,0.4979935511956006,0.5200854341571015,0.128141,0.75594646,0.028541536280802495,0.6468281266335715, ,,,brown,0.559205266266903,False,True,True
SmoothMuscleCells,Fibroblasts,Jag1,Notch1,0.5769967,0.0,0.24127543,0.2599912739038152,0.06918884390102059,0.03259762,0.72399557,0.3566431013557983,0.6471870000546982, ,,,yellow,0.264341417098466,False,True,True
Myocytes,Myocytes,Bsg,Slc16a7,0.812229,0.0,0.24135937,0.24189336857488672,0.16367722398437523,0.044391017,0.7240303,0.13582268785547102,0.6474261038203717, ,midnightblue,0.380643133276452,tan,0.461436207039326,True,True,True
SmoothMuscleCells,SmoothMuscleCells,Tgfb1,Vasn,0.4307828,0.0,0.17882635,0.16621336471427967,0.13986932439431615,0.04771795,0.69309014,0.1587294208685507,0.6474261038203717, ,brown,0.732384831866489,red,0.620798040751772,True,False,True
SmoothMuscleCells,EndocardialCells,Col1a1,Cd93,0.8582733,0.0,0.33626908,0.2269474884711131,0.08806856374795041,0.047153246,0.7559043,0.2213447667373557,0.6476651566081514, ,brown,0.614930628804247,lightcyan,0.582187985085655,True,True,True
EndothelialCells,SmoothMuscleCells,Fn1,Flt4,0.19084191,1.0,0.03566598,-0.1204794152577717,-0.23987359675517192,0.0144995,0.5021243,1.0,0.6478586520172431, ,,,tan,0.230468949826405,False,True,True
SmoothMuscleCells,Fibroblasts,Tgfb3,Eng,0.71771675,0.992,0.51434755,-0.03932799273464552,-0.2129928307978094,0.042823393,0.7929579,1.0,0.6479441700682862, ,brown,0.511531512491637,,,True,False,True
EndocardialCells,Fibroblasts,Pf4,Lrp1,0.81470305,0.0,0.24192883,0.3464244511554373,0.39067895941802117,0.029838106,0.7242657,0.30718581007815704,0.6488615766545612, ,brown,0.901042251404365,,,True,False,True
SmoothMuscleCells,EndothelialCells,Col4a5,Itga1_Itgb1,0.55256164,0.0,0.24192941,0.324743757970506,0.7738606159295613,0.08710046,0.72426593,0.028541536280802495,0.6491010926663079, ,brown,0.452711648416098,,,True,False,True
SmoothMuscleCells,Leukocytes,Tgfb1,Tgfbr1_Tgfbr2,0.43017557,0.351,0.17840295,0.013093714299940953,0.05006658534455727,0.03465777,0.692838,0.834411831669548,0.6495801080687913, ,brown,0.732384831866489,,,True,False,True
Fibroblasts,Fibroblasts,Pf4,Lrp1,0.8148009,0.0,0.24221537,0.346555846655367,0.2612740052632163,0.029873446,0.72438383,0.45623842623552846,0.6498198008593268, ,brown,0.749903040618126,,,True,False,True
EndocardialCells,Leukocytes,Agrn,Lrp1,0.7168963,0.0,0.49502575,0.32553005977476546,0.34421320451539644,0.08979827,0.78979725,0.038526924158112055,0.6504575063898723, ,brown,0.356244589967685,turquoise,0.663780405167675,True,False,True
SmoothMuscleCells,EndothelialCells,Col5a2,Itga1_Itgb1,0.55288976,0.0,0.24245721,0.19195235109255282,0.5426990406518568,0.060437486,0.72448343,0.07991453759226719,0.6507789679893295, ,lightcyan,0.406604134533021,,,True,False,True
EndocardialCells,SmoothMuscleCells,Sorbs1,Itgb5,0.71654,0.0,0.50572366,0.1206033123456545,0.06655639448286232,0.032990575,0.79156655,0.34371536832869737,0.6510164688285859, ,,,brown,0.48064539237368,False,True,True
EndocardialCells,EndocardialCells,Lamb1,Dag1,0.4295904,0.837,0.17163625,-0.02754414048029165,-0.09461260223523249,0.032212652,0.6887083,1.0,0.6512588084132109, ,brown,0.406739902075495,,,True,False,True
Fibroblasts,Fibroblasts,Tgfb1,Sdc2,0.81012577,0.0,0.33533773,0.2862541639392818,0.5249143485121255,0.03924,0.7556484,0.19412481580010205,0.6512959522785455, ,brown,0.757880766459934,brown,0.848057536799011,True,True,True
Leukocytes,Myocytes,Tgfb1,Cav1,0.716475,0.729,0.49302754,0.05035175154043281,-0.11793604750929393,0.028648637,0.78946126,0.9964194197306696,0.651575587648676, ,brown,0.780749588439731,,,True,False,True
Myocytes,Leukocytes,Angptl2,Tlr4,0.4294287,0.0,0.1830787,0.18748964641805968,0.2763525614060444,0.06112078,0.695584,0.08394346450604032,0.6517390785082764, ,tan,0.729352359511854,turquoise,0.445876497103553,True,False,True
SmoothMuscleCells,EndothelialCells,Thbs2,Cd36,1.055292,0.0,0.31988087,0.46159014595072856,0.8198168825728257,0.060735878,0.75126547,0.03809292417640683,0.6518114971536284, ,red,0.386470326894574,brown,0.868570071306074,False,True,True
EndocardialCells,Leukocytes,Gnai2,Cav1,0.8359016,1.0,0.3347164,-0.3905460195001647,-0.7210403695952798,0.0075712893,0.75547713,1.0,0.6521348627342156, ,black,0.68121307835009,brown,0.71721751830981,False,True,True
Myocytes,SmoothMuscleCells,Fgf1,Fgfr1,0.716343,0.0,0.4826416,0.9599649786649275,0.7667247939959128,0.103652224,0.7876864,0.028541536280802495,0.6521348627342156, ,orange,0.689259866805731,,,True,False,True
EndothelialCells,Fibroblasts,Nppa,Npr2,0.52380604,1.0,0.24269845,-0.034603316900636234,-0.0871358647479279,0.023977367,0.72458273,1.0,0.6522193907052776, ,brown,0.342952456137021,turquoise,0.740003151686405,True,False,True
EndocardialCells,EndothelialCells,Cklf,Lrp6,0.20162122,1.0,0.03571138,-0.1230122716433052,-0.2039411399334751,0.015284395,0.50228333,1.0,0.6523758438075754, ,yellow,0.477238308876693,,,True,False,True
Leukocytes,Fibroblasts,Tfpi,Lrp1,0.84638584,0.0,0.33470708,0.31645957804396285,0.4839035524206801,0.02898419,0.75547457,0.30718581007815704,0.6524145023891181, ,brown,0.786058550988916,,,True,False,True
SmoothMuscleCells,Fibroblasts,Adam15,Itga5,0.49389422,1.0,0.2427291,-0.16782072729814532,-0.2221517982820938,0.027095469,0.7245953,1.0,0.6524597322744021, ,lightcyan,0.35510465639107,turquoise,0.507813729973822,True,False,True
Fibroblasts,SmoothMuscleCells,Lamc1,Itga9_Itgb1,0.7897602,0.0,0.33441216,0.313755822775203,0.5711872631181532,0.04977933,0.7553931,0.08200638916510893,0.6526942939692784, ,brown,0.533218968575482,,,True,False,True
EndocardialCells,Leukocytes,Jam3,Itgam_Itgb2,0.53914666,0.0,0.1328648,0.6643951500874832,0.3937482918179277,0.044939164,0.6606214,0.12019339134260754,0.6527001328798743, ,yellow,0.471739559256652,,,True,False,True
EndocardialCells,SmoothMuscleCells,Tgfb1,Eng,0.7160547,1.0,0.5008068,-0.10891018786247111,-0.18905105216750417,0.027928624,0.79075944,1.0,0.6529740116397247, ,royalblue,0.813694457415225,lightcyan,0.40613301582679,False,True,True
EndothelialCells,EndocardialCells,Lpl,Sdc1,0.8784206,0.0,0.24297252,0.348866156208722,0.5048255786935372,0.04215702,0.72469527,0.15241880430475876,0.6531809170818021, ,brown,0.487721034349969,lightgreen,0.664818986973015,True,False,True
Fibroblasts,SmoothMuscleCells,Tln1,Itgb5,0.7159418,0.936,0.5047613,-0.050785023728141865,-0.14189388148583448,0.029116517,0.7914094,1.0,0.6532537682883446, ,,,brown,0.48064539237368,False,True,True
EndocardialCells,EndocardialCells,Efemp2,Plscr4,0.49408057,0.994,0.24304087,-0.06727424888203452,-0.16648792523765654,0.03805093,0.7247234,1.0,0.6534214947921456, ,brown,0.641190213682498,purple,0.463447386882018,True,False,True
EndothelialCells,Myocytes,B2m,Hfe,1.0090233,1.0,0.33433485,-0.018045118902838636,-0.3031384842029093,0.012464624,0.75537175,1.0,0.6538135114432176, ,black,0.92310073564165,tan,0.587981482316645,False,True,True
Fibroblasts,EndothelialCells,S100a9,Cd36,1.007215,0.0,0.13274369,0.5286344232110087,0.9567401842098389,0.05836425,0.6605191,0.04447266048783035,0.6539026331260624, ,royalblue,0.0983682022796448,brown,0.868570071306074,False,True,True
EndocardialCells,Leukocytes,Pf4,Ldlr,0.19092157,1.0,0.03579111,-0.03551284766355359,-0.27078236890748375,0.020147957,0.5025621,1.0,0.6540682843156899, ,brown,0.901042251404365,,,True,False,True
EndothelialCells,Myocytes,Lpl,Cd44,0.87845355,0.0,0.24307849,0.2789117739331822,0.3974002566779583,0.028984189,0.72473884,0.3285380409410736,0.6541433880064915, ,brown,0.487721034349969,magenta,0.718777026774563,True,False,True
Fibroblasts,EndocardialCells,Col1a1,Cd44,0.67304724,0.0,0.13266361,0.4431376390837355,0.7367172324823981,0.05614203,0.6604515,0.05130615800583274,0.6541433880064915, ,,,yellow,0.212459882063522,False,True,True
SmoothMuscleCells,Myocytes,Thbs1,Cd36,0.64290226,0.0,0.24323846,0.15949621276400722,-0.02907331734743107,0.061670635,0.72480446,0.4534624874690646,0.654624880602771, ,red,0.603083405069015,brown,0.500716969407465,False,True,True
SmoothMuscleCells,Myocytes,Fbn1,Itga5,0.42887148,1.0,0.16221839,-0.10035725713859546,-0.22044753126450956,0.030727657,0.6826269,1.0,0.6548658127184983, ,brown,0.365133974520333,magenta,0.871006489400557,True,False,True
Myocytes,Fibroblasts,Fgf1,Cd44,0.51981425,0.0,0.13242678,0.9276507695290144,0.6606794969487381,0.054208953,0.66025114,0.05914853510984404,0.6553476597075141, ,orange,0.689259866805731,salmon,0.221972228338972,True,False,True
Leukocytes,SmoothMuscleCells,F13a1,Itga9,0.7891472,0.0,0.33410338,0.9519197513703564,1.1844137585404582,0.121544704,0.75530773,0.028541536280802495,0.6554936752547253, ,turquoise,0.662635057844452,brown,0.572216452048973,False,True,True
EndocardialCells,Myocytes,Vwf,Itga9,1.0385538,0.0,0.24356122,1.1393393800150031,0.9815152728492051,0.04844561,0.72493666,0.09175807117459127,0.6555887691237526, ,brown,0.691096517422782,,,True,False,True
Fibroblasts,Leukocytes,Pf4,Ldlr,0.19101942,1.0,0.0358335,-0.03538145216362393,-0.40018732306228866,0.02017182,0.50271004,1.0,0.6557599681108751, ,brown,0.749903040618126,,,True,False,True
Leukocytes,Leukocytes,Lman1,Mcfd2,0.49873427,1.0,0.24358873,-0.277168388112804,-0.3330169788565483,0.016543478,0.7249479,1.0,0.6558299376705627, ,turquoise,0.529240957626621,brown,0.659553647979944,False,True,True
Myocytes,EndocardialCells,Dkk3,Kremen1,0.72409445,0.0,0.24378069,0.5443248368560194,0.623904155103141,0.08026965,0.7250264,0.028541536280802495,0.6563122574178422, ,blue,0.76865756805741,brown,0.447399014718711,False,True,True
Leukocytes,Myocytes,Mmp9,Ifnar1,0.20417553,0.614,0.035863947,0.25876044452254515,0.12236795155550567,0.055714358,0.5028162,0.938092976655398,0.6563236250519638, ,,,tan,0.522909387130075,False,True,True
Fibroblasts,Fibroblasts,Bgn,Tlr4,0.90539956,0.0,0.33377504,0.4848524689443084,0.7144345132153265,0.058031984,0.75521684,0.04536921744054573,0.6563342254521565, ,brown,0.765417544462891,turquoise,0.558224093682133,True,False,True
SmoothMuscleCells,EndocardialCells,Lum,Itgb1,0.69950104,1.0,0.13233772,-0.2905633466195732,-0.6183867643807177,0.006857214,0.6601757,1.0,0.6565536033521209, ,midnightblue,-0.121414238867851,pink,0.572507776572743,True,False,True
EndothelialCells,EndocardialCells,Txlna,Stx4a,0.5165316,0.28,0.24391286,0.010672410671347093,0.017744017560462344,0.029531557,0.72508043,0.798157291849574,0.6567950084459643, ,,,brown,0.559606061898428,False,True,True
Fibroblasts,Myocytes,Wnt11,Fzd7,0.19287375,0.006,0.035873048,0.09647462184067546,0.24251277263019216,0.06598622,0.5028479,0.5363782492217403,0.6568872485037529, ,,,tan,0.300864636230134,False,True,True
Leukocytes,Myocytes,B2m,Hfe,1.0065721,1.0,0.3334421,-0.02465544361731689,-0.332408755309958,0.012431341,0.7551246,1.0,0.6568948240664853, ,turquoise,0.3703804646109,tan,0.587981482316645,False,True,True
Myocytes,EndothelialCells,Angptl2,Itga5_Itgb1,0.42866072,0.285,0.1823631,0.012394279574313383,-0.011533967724789373,0.033584956,0.69516927,0.799218918134421,0.6570362777963538, ,tan,0.729352359511854,,,True,False,True
SmoothMuscleCells,SmoothMuscleCells,Rtn4,Rtn4rl1,0.7143843,0.0,0.49285668,0.3018963205221534,0.450956585749097,0.08002816,0.7894325,0.028541536280802495,0.6571752381521033, ,brown,0.474151414005685,,,True,False,True
SmoothMuscleCells,Fibroblasts,Serpine1,Lrp1,0.81539327,0.0,0.24394996,0.5465134595094846,0.8566815681146812,0.13297424,0.7250956,0.028541536280802495,0.657277801183314, ,darkorange,0.42575759209786,,,True,False,True
EndothelialCells,Myocytes,Efemp2,Aqp1,0.19199052,1.0,0.035881925,-0.4420147857775598,-0.8262970142292345,0.005883124,0.50287884,1.0,0.6574507815855954, ,lightyellow,0.503164778516222,tan,0.720394893145201,False,True,True
SmoothMuscleCells,Fibroblasts,Rarres2,Ccrl2,0.74352014,0.0,0.24420634,0.3735651720410217,0.14163377845692388,0.041228916,0.72520036,0.16490950601076423,0.6582442914676359, ,brown,0.32876448056304,midnightblue,0.309347440983874,True,True,True
EndocardialCells,Leukocytes,Pros1,Axl,0.7136942,0.001,0.49168515,0.07080426698648049,0.018877999427456604,0.043420393,0.7892346,0.47092931215184725,0.6585775504308455, ,,,brown,0.704728587075672,False,True,True
EndothelialCells,Myocytes,Sema6a,Plxna4,0.5438459,0.0,0.24437837,0.3765581032164776,0.7737053534929026,0.09227973,0.72527045,0.028541536280802495,0.6587277940769531, ,yellow,0.33122512386204,blue,0.472057432729474,True,False,True
EndocardialCells,Myocytes,Bsg,Slc16a7,0.82156265,0.0,0.2444474,0.2624644290055974,0.17613837212466354,0.04495897,0.7252986,0.12618509781212167,0.6589697317897114, ,black,0.719757394220492,tan,0.461436207039326,False,True,True
EndothelialCells,Leukocytes,Hspg2,Ptprs,0.7986642,0.0,0.24447367,0.18084748191751546,0.27513037469439694,0.032279193,0.7253093,0.3652002105750258,0.6592117287345151, ,brown,0.70755077011452,,,True,False,True
EndothelialCells,Fibroblasts,Hsp90aa1,Egfr,0.71329755,0.0,0.44415343,0.23495845470454008,0.49790519731026905,0.118606456,0.7806543,0.05076798617380704,0.6597001422822971, ,yellow,0.283039360433897,,,True,False,True
SmoothMuscleCells,SmoothMuscleCells,Pf4,Procr,0.19207205,0.926,0.035926674,0.08324534909030745,-0.17549383801790513,0.01824296,0.50303465,1.0,0.6597039535343401, ,brown,0.697832116664017,,,True,False,True
SmoothMuscleCells,Fibroblasts,Il15ra,Axl,0.801546,0.0,0.33172914,0.4862824074101012,0.8066623564009167,0.07264049,0.7546481,0.028541536280802495,0.6602615568017163, ,lightcyan,0.376867433837853,brown,0.528957135069456,True,True,True
SmoothMuscleCells,Leukocytes,Col5a3,Sdc3,0.594558,0.0,0.2446739,0.26948532503601325,0.37523577343851605,0.09318929,0.72539085,0.03546290972161058,0.660664563427911, ,brown,0.643060769596358,turquoise,0.753473688735859,True,False,True
Myocytes,SmoothMuscleCells,Cxcl12,Itga5,0.19286421,1.0,0.035932407,-0.6111511002609987,-0.9466978300899594,0.004198773,0.50305456,1.0,0.6608299691018372, ,tan,0.577984649656319,brown,0.546566959140606,True,True,True
Fibroblasts,Fibroblasts,Mfap2,Notch1,0.58341783,0.0,0.24479753,0.1392393692849418,0.18843573094345317,0.04276405,0.72544116,0.14325941177477675,0.6609069751043268, ,brown,0.394264743586134,yellow,0.264341417098466,True,True,True
SmoothMuscleCells,EndocardialCells,Hsp90b1,Tlr4,0.6104921,1.0,0.24500594,-0.17947467869908157,-0.1356689591069754,0.028993493,0.7255259,1.0,0.6611494460707747, ,yellow,0.537608497036761,,,True,False,True
EndothelialCells,EndocardialCells,Lin7c,Abca1,0.42753774,0.0,0.18203667,0.12605312065786956,0.19787403043267027,0.044473868,0.69497937,0.15851946134585626,0.66139178056381, ,turquoise,0.691006445005024,lightcyan,0.751980973473931,False,True,True
Myocytes,Leukocytes,Lama2,Cd44,0.5841797,0.0,0.24514231,0.5653082564007165,0.41173547023382523,0.09428788,0.7255813,0.028541536280802495,0.6616343700842039, ,midnightblue,0.3482443250449,,,True,False,True
Myocytes,Myocytes,Lama5,Itga3_Itgb1,0.19883342,0.0,0.03593496,0.23846256446177522,0.22220222875807416,0.04671738,0.50306344,0.10502570357117406,0.6619556802164829, ,tan,0.625776798528456,,,True,False,True
Myocytes,Leukocytes,Mif,Cd74_Cxcr4,0.7119468,0.0,0.45217562,0.608851189592636,0.6529967398252634,0.14288038,0.78218305,0.028541536280802495,0.6622280631591138, ,brown,0.584111510335633,,,True,False,True
Leukocytes,SmoothMuscleCells,C3,Lrp1,0.4269001,1.0,0.15329634,-0.25854302491566683,-0.47987239905226325,0.028063439,0.6764676,1.0,0.6626051253459828, ,,,brown,0.561942294262648,False,True,True
SmoothMuscleCells,SmoothMuscleCells,Bmp2,Eng,0.56125236,0.985,0.24530017,0.08243176792090107,0.027129679431568743,0.058892827,0.72564536,1.0,0.6626051253459828, ,,,lightcyan,0.40613301582679,False,True,True
EndocardialCells,EndocardialCells,Pdap1,Pdgfrb,0.4266542,1.0,0.14450535,-0.22232287011418234,-0.37908065308111316,0.011853062,0.6699717,1.0,0.6630907607959355, ,lightcyan,0.16743034132191,blue,0.615629788388522,True,False,True
Fibroblasts,EndocardialCells,Wnt5a,Lrp5,0.42642772,0.0,0.13803215,0.35364231446316885,0.6231622391796641,0.13425082,0.6648854,0.028541536280802495,0.6635768296769549, ,,,brown,0.483007588578318,False,True,True
EndothelialCells,Fibroblasts,Arf6,Pld1,0.528628,0.0,0.24544947,0.1338304072353902,0.28382650970584244,0.056276623,0.7257059,0.14610075332577083,0.6635768296769549, ,,,yellow,0.10346837273682,False,True,True
EndocardialCells,SmoothMuscleCells,Itgb3bp,Itgb5,0.48391744,0.044,0.13151614,0.04196759906425021,-0.003907856142528476,0.033604592,0.6594768,0.6332043270738231,0.6635768296769549, ,red,0.478674602969577,brown,0.48064539237368,False,True,True
Leukocytes,Myocytes,Hspg2,Fgfr1,0.18993643,1.0,0.03594377,-0.8181058816575004,-1.159085308631967,0.0026600796,0.50309414,1.0,0.6636435128607406, ,brown,0.525122764314888,magenta,0.803121502214596,True,False,True
Myocytes,SmoothMuscleCells,Gnai2,Adcy9,0.4981184,1.0,0.24560638,-0.5512301944724918,-0.14538589980722372,0.032039307,0.7257696,1.0,0.6640629397395782, ,tan,0.462915726534463,,,True,False,True
SmoothMuscleCells,EndocardialCells,Tfpi,Sdc4,0.42627954,0.96,0.18125372,-0.055261245100804886,-0.08203620683665797,0.021884838,0.6945223,1.0,0.6640629397395782, ,brown,0.39820117315939,lightgreen,0.137793776609083,True,False,True
Fibroblasts,Fibroblasts,Sdc2,Ptprj,0.7775373,0.0,0.245611,0.4739195010377459,0.8270753553948992,0.07139648,0.7257714,0.028541536280802495,0.6643061819444492, ,brown,0.848057536799011,black,0.649871023111009,True,False,True
Fibroblasts,Myocytes,Adam10,Tspan12,0.42622146,1.0,0.18021303,-0.2088381523626654,-0.47196492773734233,0.016119823,0.69391114,1.0,0.6650360684479275, ,pink,0.666173092860001,tan,0.589192837879818,False,True,True
EndocardialCells,Leukocytes,Dcn,Tlr4,0.71109974,0.0,0.40444702,0.30509593370621574,0.33520815479229066,0.090061255,0.7725312,0.04098058816978318,0.6650407115184485, ,brown,0.508954513143233,turquoise,0.445876497103553,True,False,True
SmoothMuscleCells,Leukocytes,Vtn,Plaur,0.5882388,0.0,0.24592485,1.393841105971959,1.090496365069824,0.2766086,0.7258985,0.0018485835495698232,0.6655230874013052, ,brown,0.715989746853182,,,True,False,True
Myocytes,EndothelialCells,Gnai2,Tbxa2r,0.4259426,1.0,0.16646212,-0.7467273599420206,-0.254912294865851,0.028908717,0.68541765,1.0,0.6662538648286485, ,tan,0.462915726534463,turquoise,0.586962578810479,True,False,True
SmoothMuscleCells,Leukocytes,Vtn,Itga5,0.5883423,0.0,0.24611211,1.2066108229145418,0.8252223220432736,0.112206034,0.7259742,0.028541536280802495,0.6662538648286485, ,brown,0.715989746853182,,,True,False,True
Fibroblasts,EndocardialCells,Lamc1,Itga1,0.7881512,0.0,0.33013988,0.2617209250800908,0.38223024203196754,0.046307646,0.75420326,0.10822076685029004,0.666448418668224, ,brown,0.533218968575482,,,True,False,True
Fibroblasts,EndocardialCells,Vegfa,Nrp1,0.90278244,0.0,0.33009,0.3495987910999728,0.3190834611911917,0.042417735,0.7541892,0.14828428654527662,0.6667301432607875, ,yellow,0.272486789574581,brown,0.550721740569223,True,True,True
Myocytes,Fibroblasts,Wnt5a,Ryk,0.4258671,0.0,0.14436242,0.2920566736069419,0.42790757174069116,0.11254028,0.6698623,0.028541536280802495,0.6669851770135755, ,tan,0.430635396063789,turquoise,0.772403975989478,True,False,True
EndothelialCells,EndothelialCells,Tgfb1,Lpp,0.53040636,0.732,0.24634838,0.009399785844572184,0.0034004701207392962,0.022392409,0.7260696,0.9991793220457837,0.6679611577982882, ,brown,0.518107180491385,,,True,False,True
Myocytes,EndothelialCells,Wnt5a,Mcam,0.6445134,0.0,0.24647564,0.4752432283972293,0.8818732392952615,0.11783901,0.726121,0.028541536280802495,0.6682053509451324, ,tan,0.430635396063789,turquoise,0.621780822831032,True,False,True
Myocytes,EndothelialCells,C1qa,Cd93,0.86290824,0.0,0.24661861,0.36760447996661216,0.4941262651539883,0.02322023,0.72617865,0.30718581007815704,0.6686937185595472, ,brown,0.782349278403491,turquoise,0.705808522625346,True,False,True
EndocardialCells,SmoothMuscleCells,Ntn1,Neo1,0.71043247,0.0,0.41217747,0.557109958722031,0.6981935775473773,0.093768425,0.7741904,0.028541536280802495,0.6687028317536471, ,brown,0.425522037629137,red,0.675791603734215,True,False,True
SmoothMuscleCells,Leukocytes,Serpine1,Itgb5,0.47604412,0.0,0.13087021,0.12029520165648888,0.14861045427014621,0.064034544,0.65892375,0.16850531916492223,0.6691823240697331, ,darkorange,0.42575759209786,turquoise,0.76035177467005,True,False,True
SmoothMuscleCells,Leukocytes,Pdgfb,S1pr1,0.42502874,1.0,0.18032758,-0.2240548388693065,-0.49562618877643266,0.01969582,0.6939786,1.0,0.669671364934712, ,darkorange,0.329367356438579,lightcyan,0.295561659818741,True,True,True
SmoothMuscleCells,Myocytes,Agrn,Dag1,0.5022843,0.0,0.24696635,0.2924740512041413,0.3109267423451487,0.06349534,0.7263187,0.048527843814183895,0.6699159746900273, ,lightcyan,0.506165819314469,,,True,False,True
SmoothMuscleCells,Leukocytes,Col1a2,Cd36,0.7100893,0.998,0.48737583,-0.063866448658072,-0.30990913454348157,0.03865591,0.7885015,1.0,0.6701130243908031, ,,,brown,0.783650639892057,False,True,True
EndothelialCells,Leukocytes,Adam10,Cadm1,0.5250422,0.0,0.24705811,0.3890311624199231,0.5612862991891727,0.10987857,0.7263557,0.028541536280802495,0.6701604465063267, ,yellow,0.336816268854491,salmon,0.418551721083909,True,False,True
EndothelialCells,EndocardialCells,Apoe,Lrp5,0.7098441,0.998,0.4983861,-0.1223635139504047,-0.12615106060153497,0.038797863,0.79035825,1.0,0.6703951317375618, ,,,brown,0.483007588578318,False,True,True
Myocytes,EndothelialCells,Col4a5,Cd47,0.6148371,0.904,0.2470943,-0.033656162567088775,-0.06340088712764713,0.03449459,0.72637016,1.0,0.6704051753372466, ,brown,0.598294810383622,,,True,False,True
Fibroblasts,Myocytes,Vegfa,Gpc1,0.90010166,0.0,0.32898328,1.713100190254477,1.4204060344202998,0.14419144,0.75387776,0.005284358293914907,0.6706773910782422, ,yellow,0.272486789574581,brown,0.486264962491867,True,True,True
EndothelialCells,Myocytes,Nppa,Npr2,0.5270248,0.996,0.24721614,-0.029928969044153313,-0.13905523531712777,0.024423692,0.72641915,1.0,0.6708946140830214, ,brown,0.342952456137021,orange,0.538241034124533,True,True,True
Fibroblasts,EndothelialCells,Lamc1,Dag1,0.7877151,0.0,0.3289818,0.265427446284791,0.49163780332361234,0.04176034,0.7538774,0.156743204109699,0.6709595745861374, ,brown,0.533218968575482,,,True,False,True
Fibroblasts,EndocardialCells,Col6a1,Cd44,0.6631944,0.0,0.1305537,0.40766196900026264,0.7054368621921677,0.048511855,0.6586516,0.09141040434475066,0.6713844887228855, ,turquoise,0.348576112790263,yellow,0.212459882063522,False,True,True
SmoothMuscleCells,SmoothMuscleCells,Lama4,Dag1,0.42479843,1.0,0.17666808,-0.08978698111010894,-0.12874390303089167,0.02477154,0.69179726,1.0,0.6718744039357387, ,lightcyan,0.371485020380501,,,True,False,True
EndothelialCells,Fibroblasts,Pf4,Sdc2,0.7781839,0.0,0.2473912,0.3659770009631927,0.46026628381604884,0.03418056,0.72648954,0.30718581007815704,0.6718744039357387, ,brown,0.640686712105496,brown,0.848057536799011,True,True,True
Fibroblasts,EndocardialCells,Col6a2,Cd44,0.66248566,0.0,0.13040192,0.39425655715711205,0.7096895749204621,0.047530793,0.6585208,0.09833393052430986,0.6721195498316395, ,royalblue,0.425988210817256,yellow,0.212459882063522,False,True,True
Myocytes,Myocytes,Lama2,Dag1,0.42469293,0.174,0.15769838,0.042833228228061807,-0.10066726335181231,0.03985405,0.6795579,0.7445956626836551,0.672364755350988, ,midnightblue,0.3482443250449,,,True,False,True
SmoothMuscleCells,SmoothMuscleCells,Tgm2,Sdc4,0.5364143,0.998,0.24748047,-0.09589157992844934,-0.16709206582824288,0.023391303,0.72652537,1.0,0.672364755350988, ,darkred,0.627944595790189,tan,0.661881494233523,False,True,True
EndocardialCells,Myocytes,Lama4,Cd44,0.50625354,0.0,0.13037391,0.046779406938198834,0.008609071496727877,0.027821336,0.6584966,0.5589891129269025,0.672364755350988, ,brown,0.394621679147421,magenta,0.718777026774563,True,False,True
Leukocytes,Leukocytes,Vcam1,Itga9_Itgb1,0.42464826,0.144,0.18015939,0.026267843103298952,0.1691265083986876,0.03287662,0.69387954,0.723076693785587,0.6728551472627267, ,brown,0.83472210884007,,,True,False,True
Fibroblasts,EndothelialCells,Nppa,Npr2,0.5397973,1.0,0.24786308,-0.022418947274654783,-0.07355863314176603,0.024487607,0.72667885,1.0,0.6731005316477734, ,brown,0.585297064759349,,,True,False,True
EndothelialCells,Leukocytes,S100a9,Itgb2,0.55040884,0.0,0.13030872,1.0548119960645295,0.9204980356359312,0.28699422,0.6584404,0.00783647365523421,0.6733459756852613, ,brown,0.216716678799988,,,True,False,True
SmoothMuscleCells,Myocytes,Postn,Itgav_Itgb5,0.42431393,0.0,0.15768449,0.19755420445495622,0.22925380298772102,0.046170432,0.67954826,0.1088130257875898,0.6735912812117333, ,brown,0.528578528633459,,,True,False,True
SmoothMuscleCells,SmoothMuscleCells,Arf1,Pld2,0.7507152,1.0,0.2480193,-0.1372964800321765,-0.17670975276235423,0.023009108,0.7267414,1.0,0.673836844527692, ,black,0.82182902454818,darkorange,0.552633030366007,False,True,True
Fibroblasts,Myocytes,Copa,Cd74,0.47541037,0.13,0.13029023,-0.011487860730911084,-0.03542432018353789,0.015906489,0.65842444,1.0,0.673836844527692, ,,,brown,0.670405641257664,False,True,True
Fibroblasts,Fibroblasts,Dcn,Tlr4,0.8925992,0.0,0.32844287,0.5407171428774835,0.7980482735191818,0.073136844,0.75372523,0.028541536280802495,0.6740666718523002, ,brown,0.903983883600682,turquoise,0.558224093682133,True,False,True
Leukocytes,Myocytes,Tgfb1,Vasn,0.50524676,0.0,0.1301442,0.20868104872612842,0.19667900449172218,0.034727626,0.6582984,0.2931495939136599,0.6743281501894123, ,brown,0.780749588439731,magenta,0.785252279528657,True,False,True
EndothelialCells,Myocytes,App,Cd74,0.83043915,0.0,0.24817125,0.09482828265782602,0.02154444139581438,0.018452266,0.7268022,1.0,0.6743281501894123, ,black,0.617473609490099,brown,0.670405641257664,False,True,True
SmoothMuscleCells,Leukocytes,Fbn1,Itga5,0.42414126,1.0,0.15676707,-0.10749781676963294,-0.18997473872215254,0.029695056,0.6789127,1.0,0.6743281501894123, ,brown,0.365133974520333,,,True,False,True
EndocardialCells,EndocardialCells,Lin7c,Abca1,0.42399082,0.0,0.17880929,0.12045005451235519,0.10112989834953479,0.043685377,0.69308,0.2042095744589025,0.6745736941863304, ,red,0.516256096303023,lightcyan,0.751980973473931,False,True,True
SmoothMuscleCells,SmoothMuscleCells,Lama2,Dag1,0.42397204,0.184,0.17586431,0.03729892073642979,0.10594136211322752,0.044445004,0.6913109,0.749847096906512,0.6748194961943419, ,brown,0.472765180178635,,,True,False,True
EndocardialCells,Myocytes,Tnxb,Itgav_Itgb6,0.20342302,1.0,0.036287878,-0.29982729250758716,-0.5232313673559812,0.011018364,0.50428504,1.0,0.6754357156763433, ,lightcyan,0.362077206073838,,,True,False,True
SmoothMuscleCells,SmoothMuscleCells,Col6a1,Sdc1,0.42382455,0.0,0.17769723,0.2769221907119243,0.23003762566202746,0.09608099,0.69241613,0.0871139115167654,0.6758031027263839, ,brown,0.618792290214031,purple,0.260770464928019,True,False,True
SmoothMuscleCells,Myocytes,Vtn,Itgav_Itgb5,0.58970666,0.0,0.24858056,1.274741276629331,0.915664847573944,0.13368003,0.7269658,0.019755866816179284,0.6759260462193234, ,brown,0.715989746853182,,,True,False,True
SmoothMuscleCells,Myocytes,Vtn,Itgav_Itgb1,0.58970666,0.0,0.24858056,1.274741276629331,0.915664847573944,0.13368003,0.7269658,0.019755866816179284,0.6759260462193234, ,brown,0.715989746853182,,,True,False,True
SmoothMuscleCells,EndocardialCells,Timp3,Cd44,0.6600941,0.713,0.12988979,-0.03394716492102394,-0.1451243428943162,0.0154110985,0.6580782,1.0,0.6760492032745703, ,,,yellow,0.212459882063522,False,True,True
Fibroblasts,Leukocytes,Tgfb1,Itgb1,0.63210154,1.0,0.2486089,-0.3447573674249971,-0.4806905724109926,0.011831902,0.72697705,1.0,0.6762951648615031, ,brown,0.757880766459934,,,True,False,True
EndocardialCells,SmoothMuscleCells,Hspg2,Ptprs,0.7073486,0.0,0.35014635,0.09572964119895802,0.08183197287709704,0.04623173,0.7596158,0.2327454358042739,0.6768952240212607, ,brown,0.437670232192996,,,True,False,True
SmoothMuscleCells,Fibroblasts,Col1a1,Ddr2,0.6643481,0.0,0.24879715,0.21221513432959674,0.5408209338501939,0.082052276,0.72705215,0.0654468500449369,0.6770338052433313, ,brown,0.614930628804247,,,True,False,True
EndocardialCells,EndocardialCells,Dcn,Tlr2,0.57763714,0.0,0.12971571,0.08228950953788605,-0.0947047364320974,0.029212302,0.65792733,0.655689410716531,0.6772802044646362, ,brown,0.508954513143233,,,True,False,True
Fibroblasts,EndothelialCells,Tgfb1,Itgb1,0.7947719,1.0,0.3278577,-0.06179156929944962,-0.21092447391731511,0.015603545,0.75355977,1.0,0.6777446180720539, ,brown,0.757880766459934,,,True,False,True
SmoothMuscleCells,Myocytes,Vtn,Cd47,0.707265,0.0,0.46127293,0.8878465404557603,0.5757373451979703,0.08710065,0.7838752,0.028541536280802495,0.6780277486816514, ,brown,0.715989746853182,orange,0.66133460139945,True,True,True
Fibroblasts,EndothelialCells,Nampt,Adora2a,0.5185021,0.0,0.2492006,0.272197929325109,0.696921919193793,0.07845468,0.7272129,0.03425003937095237,0.6781429729888754, ,yellow,0.202506159545502,cyan,0.515506815090408,True,False,True
Leukocytes,Myocytes,Adam9,Itgb5,0.50662243,1.0,0.2492006,-0.08709319234758219,-0.11860188186172504,0.02723532,0.7272129,1.0,0.6781429729888754, ,turquoise,0.654723391112969,tan,0.521580300356519,False,True,True
Fibroblasts,EndocardialCells,Rspo1,Lrp6,0.4232698,0.0,0.1742107,0.17992155929301207,0.5728335641829642,0.09157958,0.690302,0.09064901562733944,0.6782662000923827, ,brown,0.469088038370504,darkred,0.737642608147084,True,False,True
Myocytes,EndothelialCells,Lama2,Itga6_Itgb1,0.59177494,0.0,0.24930663,0.2512610934348116,0.5431576518074013,0.07656728,0.7272551,0.042641036980554076,0.678512898216207, ,midnightblue,0.3482443250449,,,True,False,True
EndothelialCells,Myocytes,Pf4,Sdc2,0.19114798,1.0,0.036406573,-0.3925611732190386,-0.9078361521387113,0.0050300783,0.5046932,1.0,0.6787976375188163, ,brown,0.640686712105496,greenyellow,0.317323746848508,True,False,True
Fibroblasts,EndocardialCells,Fstl1,Dip2a,0.8809264,0.0,0.32753006,0.48343659449798876,0.7711461521888593,0.07274079,0.7534668,0.028541536280802495,0.6788774809438307, ,brown,0.583455009663484,blue,0.685041309648652,True,False,True
SmoothMuscleCells,Fibroblasts,Lama4,Dag1,0.42316508,1.0,0.1754814,-0.09221096872249004,-0.12893781929922093,0.02460515,0.69107825,1.0,0.6790062746754598, ,lightcyan,0.371485020380501,pink,0.439064216849562,True,False,True
Leukocytes,EndothelialCells,S100a8,Cd36,1.0451505,0.0,0.28040594,0.6637780825819564,1.0607938492266742,0.10852852,0.738757,0.028541536280802495,0.6793575954004983, ,,,brown,0.868570071306074,False,True,True
Fibroblasts,Leukocytes,Igf1,Insr,0.70494866,0.0,0.24935834,0.34774632094876357,0.6124023659813094,0.047383107,0.7272757,0.09906940922560459,0.679500089575084, ,brown,0.689047425976755,turquoise,0.443732032238714,True,False,True
EndocardialCells,Myocytes,Adam10,Tspan12,0.70709753,0.0,0.39824045,0.18905795546453502,0.029969069746600407,0.035622098,0.77116954,0.31980457997992073,0.6797276665101532, ,lightgreen,0.158989074363781,tan,0.589192837879818,False,True,True
Leukocytes,EndocardialCells,Timp2,Cd44,0.6581864,0.0,0.12948126,0.14343992728959615,0.08698050669463031,0.019707587,0.65772367,1.0,0.6797468874064183, ,turquoise,0.830468139365401,yellow,0.212459882063522,False,True,True
EndocardialCells,EndocardialCells,Agrn,Lrp4,0.42305183,0.0,0.15453869,0.3496216338322203,0.4568576343847631,0.10472536,0.67735016,0.028541536280802495,0.6799939444137861, ,brown,0.356244589967685,pink,0.645258097405497,True,False,True
Myocytes,EndothelialCells,Ntn1,Unc5b,0.51560766,0.006,0.24977994,0.05264251213266586,0.1799583965579512,0.047336753,0.7274432,0.5363782492217403,0.680982571451897, ,brown,0.721197217912499,turquoise,0.858514682671242,True,False,True
EndocardialCells,Myocytes,Efnb1,Ephb4,0.19821882,1.0,0.036499478,-0.4189385057499415,-0.8892866144265117,0.005080141,0.5050118,1.0,0.6810370981374279, ,,,brown,0.458366113710416,False,True,True
SmoothMuscleCells,Myocytes,Hsp90b1,Lrp1,0.55071974,1.0,0.12930615,-0.6211265622999245,-0.7997299881377324,0.005757014,0.65757143,1.0,0.6817246202967324, ,yellow,0.537608497036761,,,True,False,True
SmoothMuscleCells,Myocytes,Tgfb3,Itgb6,0.5262477,0.0,0.25013104,1.0978943476096066,0.8439833326997975,0.32466993,0.7275824,0.015335623798274712,0.6819721562534989, ,brown,0.511531512491637,darkgreen,0.937354247060936,True,False,True
SmoothMuscleCells,Leukocytes,Col6a2,Itga9_Itgb1,0.42267358,0.166,0.17843133,0.028071291342750423,0.11160655752258775,0.050112326,0.69285494,0.7401737273862743,0.6819721562534989, ,brown,0.539639213218055,,,True,False,True
Myocytes,EndocardialCells,Angptl2,Itga5_Itgb1,0.50142395,0.0,0.2501642,0.12223623457740102,0.0761103726970106,0.046071567,0.7275956,0.24183266441932513,0.6822197521236408, ,tan,0.729352359511854,,,True,False,True
Fibroblasts,EndocardialCells,Sema3d,Plxnd1,0.70642257,0.0,0.33700868,0.5076624668707211,0.8307242667229218,0.24023813,0.756107,0.028541536280802495,0.6825637561761178, ,turquoise,0.851523875474658,brown,0.690786340553526,False,True,True
Fibroblasts,EndothelialCells,Tgfb1,Acvrl1,0.63574576,0.0,0.25038427,0.019683265861446614,-0.014065415089773825,0.027032455,0.7276827,0.5986123101480892,0.6827149236769081, ,brown,0.757880766459934,,,True,False,True
Myocytes,Myocytes,Wnt5a,Fzd7,0.1949774,0.012,0.036531247,0.11193931143355848,0.07433232457742403,0.056690145,0.50512046,0.5623545472785579,0.6827157338977914, ,tan,0.430635396063789,tan,0.300864636230134,True,True,True
SmoothMuscleCells,EndocardialCells,Col6a2,Itga9_Itgb1,0.51113856,0.0,0.25058088,0.16115038860868125,0.23232992836518424,0.07037548,0.72776043,0.10948718766017713,0.6832103347771964, ,brown,0.539639213218055,,,True,False,True
Myocytes,Fibroblasts,Rarres2,Cmklr1,0.3038546,1.0,0.036589164,-0.21812820059875104,-0.17398497492904053,0.009609633,0.50531846,1.0,0.6832751178943279, ,,,brown,0.650459053776178,False,True,True
Fibroblasts,SmoothMuscleCells,Adam9,Itgb5,0.70613444,0.0,0.48898473,0.1789359974480466,0.2594950394553288,0.053441506,0.78877616,0.09175807117459127,0.6834152914682624, ,,,brown,0.48064539237368,False,True,True
SmoothMuscleCells,Fibroblasts,Lama2,Dag1,0.42233872,0.116,0.17468302,0.034874933124048685,0.10574744584489826,0.044146463,0.6905913,0.7022203221511959,0.6834582302261869, ,brown,0.472765180178635,pink,0.439064216849562,True,False,True
Leukocytes,Myocytes,Bmp2,Rgmb,0.19484657,0.976,0.036601916,0.03535132563038937,-0.06412334325245819,0.031979404,0.50536203,1.0,0.6838343554286541, ,turquoise,0.506612935496998,orange,0.640366075374755,False,True,True
EndothelialCells,SmoothMuscleCells,Adam15,Itga5,0.82664734,0.0,0.32546958,0.2211804190275791,0.38342411424298684,0.036331657,0.7528802,0.25207375574765317,0.6842672782203837, ,turquoise,0.557775876066546,brown,0.546566959140606,False,True,True
Myocytes,Leukocytes,Col4a5,Cd47,0.62206554,0.786,0.25075182,-0.021610309711556856,-0.05759581443507844,0.03500518,0.72782797,1.0,0.6844502113684495, ,brown,0.598294810383622,,,True,False,True
SmoothMuscleCells,EndothelialCells,Ntn1,Unc5b,0.4220912,0.996,0.12963365,-0.07207213903427882,-0.013606742630280944,0.024567368,0.6578561,1.0,0.6849464614846982, ,tan,0.0269384866982683,turquoise,0.858514682671242,True,False,True
EndocardialCells,Myocytes,Vwf,Lrp1,1.0429792,0.0,0.2608412,0.8722185927223753,0.6572558094399146,0.031216469,0.73171765,0.30718581007815704,0.6849526733217768, ,brown,0.691096517422782,,,True,False,True
EndocardialCells,SmoothMuscleCells,Tgfb1,Itgb5,0.7055825,0.0,0.48809695,0.14314334005752102,0.11328164602668656,0.04576655,0.78862476,0.18880581599980478,0.6854035927805904, ,royalblue,0.813694457415225,brown,0.48064539237368,False,True,True
EndocardialCells,Myocytes,Vcl,Itgb5,0.42205298,1.0,0.17812534,-0.20163823592405652,-0.3308297773197477,0.015817292,0.6926724,1.0,0.6854431518971318, ,,,tan,0.521580300356519,False,True,True
Fibroblasts,Fibroblasts,Tnxb,Sdc1,0.75524175,0.0,0.3250994,0.6112493412202581,1.1274030417463172,0.17914608,0.75277436,0.020831228590677715,0.6859720314061185, ,brown,0.534296365095982,,,True,False,True
SmoothMuscleCells,EndocardialCells,Gpc3,Flt1,0.7055175,0.0,0.38864675,0.6332568813641555,0.5416202160789836,0.20747547,0.7690108,0.028541536280802495,0.6862563640490763, ,yellow,0.626181888304277,white,0.286054100896828,True,False,True
SmoothMuscleCells,Myocytes,Tln1,Itgb5,0.70544016,0.955,0.4162943,-0.027418726468050797,-0.1631908720693085,0.024013411,0.775058,1.0,0.6865406192257496, ,,,tan,0.521580300356519,False,True,True
EndocardialCells,EndocardialCells,Hspg2,Dag1,0.7054302,0.148,0.34594548,0.020970511703540987,-0.056645065650832715,0.032064732,0.75851214,0.72564193009267,0.6868250264373295, ,brown,0.437670232192996,,,True,False,True
SmoothMuscleCells,Leukocytes,C3,C3ar1,0.7414492,0.0,0.12864496,0.7149936511936261,0.8301703989284095,0.05157488,0.6569939,0.07241000202043253,0.6869342621644828, ,brown,0.818843396923259,turquoise,0.835001348891342,True,False,True
Myocytes,SmoothMuscleCells,Mfge8,Itgav,0.42154393,1.0,0.17638817,-0.3254677767445353,-0.34698711181358743,0.016115438,0.6916282,1.0,0.6869342621644828, ,tan,0.698770478903018,blue,0.303344082519337,True,False,True
Myocytes,Fibroblasts,Lgals3,Eng,0.70532364,0.0,0.49587035,0.28423999253899906,-0.11910854984091923,0.045351177,0.7899387,0.7414688859974249,0.6876782419836129, ,tan,0.579986279067785,,,True,False,True
SmoothMuscleCells,SmoothMuscleCells,Bmp4,Acvr2b_Bmpr1a,0.19967154,0.712,0.036779884,0.010023809790205257,0.008210489046925062,0.04115422,0.5059683,0.9876759382113374,0.6883053543282902, ,tan,0.262138911546446,,,True,False,True
EndothelialCells,Myocytes,Nampt,Insr,0.54792696,0.0,0.25150335,0.41580098918559816,0.41620124704941175,0.045213204,0.72812426,0.11740445709989146,0.6889259050268306, ,cyan,0.368087673651123,midnightblue,0.494037113570807,False,True,True
EndocardialCells,EndothelialCells,Ptgs2,Cav1,1.0314636,0.0,0.32416463,0.5974100894714577,0.9228537235766732,0.10442552,0.7525064,0.028541536280802495,0.6893857921780093, ,,,brown,0.884758647437185,False,True,True
EndocardialCells,SmoothMuscleCells,Pf4,Procr,0.1941844,0.951,0.036869355,0.08607948506345903,-0.19723722488558704,0.018721636,0.50627196,1.0,0.689422232482556, ,brown,0.901042251404365,,,True,False,True
EndocardialCells,SmoothMuscleCells,Fn1,Itga9,0.42076296,0.0,0.14852193,0.27938941114256566,0.2659249993553118,0.046147104,0.67299557,0.10901098457719705,0.6899231684357334, ,,,brown,0.572216452048973,False,True,True
Myocytes,Fibroblasts,Gnai2,Egfr,0.5036638,1.0,0.25168714,-0.6254936895277458,-0.11073515902793596,0.050705664,0.72819656,1.0,0.6899231684357334, ,tan,0.462915726534463,,,True,False,True
EndocardialCells,Fibroblasts,Vegfb,Nrp1,0.7045975,1.0,0.45710015,-0.07114502897301042,-0.1861024903284237,0.023775838,0.7831044,1.0,0.6902400111731987, ,,,yellow,0.250435830471026,False,True,True
EndocardialCells,EndocardialCells,Lamb2,Itga6_Itgb4,0.4206798,0.0,0.13595572,0.31135717958581266,0.24747946957471612,0.09498568,0.66319466,0.07712682078738499,0.6904220601083993, ,brown,0.473770160271624,,,True,False,True
Fibroblasts,Myocytes,Tgfb1,Vasn,0.19754827,1.0,0.036905747,-0.26636705094030555,-0.47435838213920856,0.009847916,0.5063952,1.0,0.6905386945140939, ,brown,0.757880766459934,magenta,0.785252279528657,True,False,True
EndocardialCells,EndocardialCells,C4b,Nrp1,0.9006968,0.0,0.32341948,0.17097424338383937,-0.0795292119192515,0.028507395,0.752292,0.6051766844206887,0.6910945638539809, ,brown,0.65851944024539,brown,0.550721740569223,True,True,True
Fibroblasts,SmoothMuscleCells,Lgals3,Mcam,0.91118443,0.0,0.12807617,0.5937657324482203,0.5212874538188127,0.017643709,0.65649456,0.30718581007815704,0.6911709492718967, ,,,brown,0.653447636634818,False,True,True
Leukocytes,SmoothMuscleCells,Lpl,Lrp1,0.5096201,1.0,0.2520705,-0.5190254539521535,-0.7337428299486006,0.013934148,0.7283472,1.0,0.6911709492718967, ,royalblue,0.281542101846347,brown,0.561942294262648,False,True,True
EndothelialCells,EndothelialCells,Angpt2,Tek,0.7040286,0.0,0.32995358,0.29783960553874506,0.6559002765782429,0.06637786,0.754151,0.028541536280802495,0.6913795655124844, ,brown,0.680260821306767,royalblue,0.696138961948159,True,False,True
SmoothMuscleCells,Fibroblasts,Lamb1,Cd44,0.19849138,1.0,0.03691236,-0.2614355065309597,-0.43145447030154993,0.010543423,0.50641763,1.0,0.6916548531466937, ,brown,0.764130236562423,salmon,0.221972228338972,True,False,True
EndocardialCells,Fibroblasts,Lama4,Cd44,0.5048654,0.0,0.12798317,0.04396243772339467,-0.03159367127398108,0.027311161,0.65641266,0.5828528132507018,0.692170377544879, ,brown,0.394621679147421,salmon,0.221972228338972,True,False,True
Fibroblasts,SmoothMuscleCells,Pf4,Procr,0.19428223,0.995,0.03691302,0.08621088056338869,-0.3266421790403919,0.01874381,0.50641984,1.0,0.6922127975782593, ,brown,0.749903040618126,,,True,False,True
Myocytes,EndocardialCells,Txlna,Stx4a,0.42962825,1.0,0.12783915,-0.12288071484395695,-0.2554799884362222,0.015478025,0.65628564,1.0,0.6924204355223196, ,greenyellow,0.434635211642019,brown,0.559606061898428,False,True,True
Fibroblasts,Leukocytes,Hspg2,Fgfr1,0.7034651,1.0,0.3882061,-0.14675235358647984,-0.2366511901783439,0.028729854,0.76891,1.0,0.6928047838025193, ,brown,0.485029372814491,turquoise,0.430297655390796,True,False,True
SmoothMuscleCells,Myocytes,Fgf1,Tgfbr3,0.5245757,0.0,0.25247568,0.6548382031890704,0.6136825606396468,0.059178144,0.728506,0.042133817658737235,0.692920530193928, ,,,brown,0.487576749012742,False,True,True
EndothelialCells,EndocardialCells,Tgfb1,Tgfbr3,0.703431,0.0,0.4946189,0.3149329733678078,0.4103596115161183,0.06381296,0.789729,0.031823380733545126,0.6930898923178666, ,brown,0.518107180491385,blue,0.406933614606174,True,False,True
SmoothMuscleCells,EndocardialCells,Col1a1,Itga9_Itgb1,0.4200107,0.169,0.13858625,0.02546043172038348,0.040444759707749633,0.04518964,0.66533154,0.7425832431236846,0.6934210676414011, ,brown,0.614930628804247,,,True,False,True
EndothelialCells,EndothelialCells,S100a9,Cd36,1.040566,0.0,0.2625607,0.6593535431451025,1.0598938814985672,0.11544171,0.7323621,0.028541536280802495,0.6938860351515599, ,brown,0.216716678799988,brown,0.868570071306074,True,True,True
Myocytes,SmoothMuscleCells,Tgm2,Sdc4,0.5441446,0.989,0.25267154,-0.08557349868904118,-0.17878179800951965,0.023881953,0.72858274,1.0,0.6939216439376602, ,,,tan,0.661881494233523,False,True,True
SmoothMuscleCells,SmoothMuscleCells,Angptl2,Tie1,0.5519069,0.038,0.2527064,0.08344237428161982,0.005078596417339709,0.03089161,0.7285964,0.6243317068048829,0.6944226633201729, ,brown,0.568414991509247,darkorange,0.471040667965038,True,True,True
EndocardialCells,Leukocytes,Tgfb1,Cav1,0.41970333,1.0,0.14113013,-0.3439278169511296,-0.6572569045688559,0.008200731,0.6673536,1.0,0.6949237214728897, ,royalblue,0.813694457415225,brown,0.71721751830981,False,True,True
Myocytes,SmoothMuscleCells,Tfpi,Lrp1,0.7027279,0.001,0.48265642,0.10959718110895658,0.05227668971619248,0.04179597,0.787689,0.47092931215184725,0.6953725493084567, ,brown,0.493469316651968,brown,0.561942294262648,True,True,True
Myocytes,Fibroblasts,Adm,Adcyap1r1,0.41945046,0.0,0.17593628,0.2949739520405032,0.7254533779053379,0.19148925,0.6913546,0.028541536280802495,0.6954252230223423, ,brown,0.433939583997392,turquoise,0.811749853880641,True,False,True
Leukocytes,Myocytes,Bmp2,Acvr1,0.1957432,0.215,0.037017547,0.09821239265058712,0.03859983453913443,0.027966721,0.50677323,0.7674153074437812,0.6955584637534414, ,turquoise,0.506612935496998,brown,0.627682969156437,False,True,True
SmoothMuscleCells,Fibroblasts,Vtn,Itgav_Itgb1,0.70246696,0.0,0.45259216,1.4649705703930442,1.2530209123549574,0.24339207,0.7822615,0.0006741276215097884,0.69580078125, ,brown,0.715989746853182,,,True,False,True
SmoothMuscleCells,Fibroblasts,Vtn,Itgav_Itgb5,0.70246696,0.0,0.45259216,1.4649705703930442,1.2530209123549574,0.24339207,0.7822615,0.0006741276215097884,0.69580078125, ,brown,0.715989746853182,,,True,False,True
Fibroblasts,Myocytes,Col4a3,Cd47,0.41943043,1.0,0.16773619,-0.24555537797602722,-0.022105594673409223,0.04910417,0.6862391,1.0,0.6959267632633233, ,,,orange,0.66133460139945,False,True,True
Leukocytes,EndocardialCells,Vcam1,Itga9_Itgb1,0.51311326,0.0,0.2530077,0.15934694036922978,0.2898498792412841,0.046170432,0.72871417,0.11205334138895542,0.6959267632633233, ,brown,0.83472210884007,,,True,False,True
Myocytes,Fibroblasts,Mif,Egfr,0.7024325,0.0,0.43417814,0.3752748668217146,0.5884240045648857,0.13540027,0.77870333,0.028541536280802495,0.6962290959772576, ,brown,0.584111510335633,,,True,False,True
Fibroblasts,Myocytes,Penk,Ogfr,0.41941366,0.0,0.13655767,0.14966760220804548,0.47176166220452376,0.08407009,0.6636878,0.12460092789695076,0.6964287472116165, ,tan,0.433324007429215,orange,0.612321086841078,True,True,True
EndocardialCells,Myocytes,Nppa,Npr2,0.70233864,0.0,0.37073198,0.1416601944791352,0.03899666016365427,0.03662643,0.7647928,0.3020686160308417,0.6965147619555346, ,brown,0.695639542145225,orange,0.538241034124533,True,True,True
SmoothMuscleCells,SmoothMuscleCells,Efemp2,Plscr4,0.5543145,0.366,0.25332507,0.0292588904960836,-0.05342484934690911,0.03966105,0.7288381,0.8379279156372407,0.6966796270091737, ,blue,0.623558405434503,brown,0.562381595629916,False,True,True
Fibroblasts,SmoothMuscleCells,Fgf7,Nrp1,0.58783776,1.0,0.25333363,-0.06182092205602466,0.22446493051151628,0.077570036,0.72884136,1.0,0.6969307697726687, ,turquoise,0.802910738540727,lightcyan,0.26029605688583,False,True,True
Myocytes,Fibroblasts,Tgfb1,Sdc2,0.80530417,0.0,0.32206222,0.2788103004954492,0.6360679429246703,0.037686545,0.7518999,0.2221545638191896,0.697371749830092, ,darkred,0.84402401701177,brown,0.848057536799011,False,True,True
Myocytes,EndocardialCells,Bmp10,Bmpr1a,0.54349756,0.0,0.25350818,1.0445160382908598,0.9558511411623166,0.25895983,0.72890943,0.006029765095978688,0.6974330335319905, ,green,0.130693784386139,brown,0.63259098022929,False,True,True
Leukocytes,EndocardialCells,Cxcl12,Itgb1,0.74625635,1.0,0.2536177,-0.3589043416635463,-0.6926980941853895,0.009209066,0.72895217,1.0,0.6976843573133072, ,brown,0.630654513966125,pink,0.572507776572743,True,False,True
SmoothMuscleCells,Leukocytes,Tgfb1,Acvrl1,0.4190756,1.0,0.17066318,-0.2753968553686152,-0.375355128372669,0.018425457,0.6880985,1.0,0.698187185993216, ,brown,0.732384831866489,turquoise,0.449593723252603,True,False,True
EndocardialCells,Leukocytes,Bgn,Tlr1,0.79898775,0.0,0.32199803,0.6893989125161236,0.6623715939899038,0.26293743,0.7518813,0.028541536280802495,0.6982290681303193, ,lightcyan,0.368806923816196,lightgreen,0.354888793919323,True,False,True
EndothelialCells,EndothelialCells,S100a8,Cd36,1.0389982,0.0,0.25645843,0.6401565545608539,1.0423193424561634,0.09925985,0.73005116,0.028541536280802495,0.6983440850381648, ,,,brown,0.868570071306074,False,True,True
EndothelialCells,SmoothMuscleCells,Calr,Scarf1,0.7013043,1.0,0.32200322,-0.16964570337610962,-0.21713416648047984,0.022204991,0.7518828,1.0,0.6985149911853819, ,yellow,0.359407124794825,,,True,False,True
Myocytes,EndothelialCells,Efnb1,Ephb4,0.6933928,0.0,0.25427547,0.1460162820694027,0.33510966117509466,0.035391062,0.72920793,0.2784583365026298,0.6991931617034703, ,grey60,0.582635982194929,brown,0.754425953629236,False,True,True
Myocytes,EndocardialCells,Alb,B2m_Fcgrt,0.36893404,1.0,0.037140884,-0.12043066005210178,-0.220778486548736,0.039747998,0.507189,1.0,0.6994577271616249, ,midnightblue,0.250381300445819,,,True,False,True
Fibroblasts,Fibroblasts,Nampt,Itga5_Itgb1,0.41878217,0.0,0.1737434,0.03510864462240218,0.031564946651295334,0.030738773,0.6900148,0.42309829123698667,0.6996967149764082, ,yellow,0.202506159545502,,,True,False,True
EndocardialCells,Leukocytes,Lamc1,Itga9_Itgb1,0.5093665,0.954,0.25429827,-0.01618966735015652,0.003391203276157273,0.037853878,0.7292168,1.0,0.6996967149764082, ,brown,0.697901590493492,,,True,False,True
Myocytes,SmoothMuscleCells,Adm,Ramp1,0.51339626,0.0,0.25445488,0.680704990856735,0.5951113649602222,0.12770319,0.7292776,0.028541536280802495,0.6999485822512448, ,brown,0.433939583997392,,,True,False,True
EndocardialCells,Fibroblasts,Arf6,Pld1,0.41875482,0.995,0.1698035,-0.03901681034258568,0.05496268875660826,0.03893253,0.6875563,1.0,0.7002003066054705, ,,,yellow,0.10346837273682,False,True,True
EndothelialCells,Leukocytes,Cd38,Pecam1,0.5009676,1.0,0.12677065,-0.06495100290787809,-0.11732444980227219,0.013201511,0.65533835,1.0,0.7004522947092606, ,,,lightcyan,0.23876749076216,False,True,True
Leukocytes,Leukocytes,Col1a2,Cd93,0.28120264,1.0,0.037202008,-0.5374850738388744,-0.8542970822923601,0.0034409338,0.5073945,1.0,0.7005709538472478, ,,,brown,0.634483899866545,False,True,True
Fibroblasts,SmoothMuscleCells,Tgfb1,Cav1,0.7816595,0.004,0.32146966,0.011405655734110065,-0.2649921035105511,0.018679826,0.7517281,1.0,0.7008031171834724, ,brown,0.757880766459934,midnightblue,0.401042124167732,True,True,True
SmoothMuscleCells,Myocytes,Vtn,Itga5,0.59307253,0.0,0.25467026,1.2137513825455792,0.7947495295009166,0.11610783,0.7293611,0.028541536280802495,0.7014606480945018, ,brown,0.715989746853182,magenta,0.871006489400557,True,False,True
Fibroblasts,SmoothMuscleCells,Adm,Ramp2,0.41850197,1.0,0.17413762,-0.37970463293982093,-0.2290514811775748,0.025149982,0.6902572,1.0,0.7017129384706686, ,,,brown,0.775045808065257,False,True,True
EndocardialCells,EndocardialCells,Lamc1,Itga6_Itgb1,0.50970256,1.0,0.25468883,-0.07773765295095769,-0.22818979452696853,0.039288573,0.72936827,1.0,0.7017129384706686, ,brown,0.697901590493492,,,True,False,True
SmoothMuscleCells,SmoothMuscleCells,Lpl,Lrp1,0.69993496,1.0,0.47932145,-0.2695007055921602,-0.4336113626256234,0.026496302,0.78710866,1.0,0.7022343984444193, ,,,brown,0.561942294262648,False,True,True
EndocardialCells,Myocytes,Tgfb1,Itgb5,0.51353,1.0,0.25500602,-0.112446323849268,-0.23537675017366688,0.02391071,0.7294912,1.0,0.7024699687489968, ,royalblue,0.813694457415225,tan,0.521580300356519,False,True,True
Fibroblasts,Leukocytes,Tfpi,Lrp1,0.69983125,0.0,0.46586412,0.1141644630592733,0.058030208519198045,0.040341824,0.784713,0.2699129392190075,0.7025208335225912, ,brown,0.474048497087387,turquoise,0.663780405167675,True,False,True
Fibroblasts,Myocytes,Igf1,Igf1r,0.73478115,0.0,0.32110772,0.2866691203465977,0.5229103621209646,0.059384342,0.75162303,0.04155420252072503,0.7025208335225912, ,brown,0.689047425976755,magenta,0.745399090327849,True,False,True
SmoothMuscleCells,SmoothMuscleCells,Tnxb,Itga8_Itgb1,0.4183069,0.0,0.13461614,0.4653654526702702,0.4067956501762819,0.09362502,0.6620879,0.028541536280802495,0.7027225010637517, ,brown,0.639495460766757,,,True,False,True
Myocytes,SmoothMuscleCells,Bgn,Ly96,0.1946981,1.0,0.037227016,-0.5471002355000779,-0.8034046388393218,0.0043709483,0.5074785,1.0,0.7027963858517474, ,darkorange,0.218523360661584,darkgrey,0.358569329556742,True,False,True
Leukocytes,Leukocytes,Cp,Slc40a1,0.41818005,0.048,0.17312998,0.19704460876521737,0.28427861513298547,0.046768464,0.6896364,0.638573089477284,0.703227543303879, ,brown,0.626112500864183,turquoise,0.417227626956636,True,False,True
SmoothMuscleCells,Fibroblasts,Col4a5,Itga1_Itgb1,0.21230894,1.0,0.037248306,-0.13592654773137286,-0.43027071746615275,0.0134102935,0.5075499,1.0,0.7033525334353194, ,brown,0.452711648416098,,,True,False,True
SmoothMuscleCells,Myocytes,Efemp2,Aqp1,0.47363687,0.963,0.12640898,-0.05734496156314167,-0.25083279272999437,0.02072575,0.6550156,1.0,0.7034802571364529, ,blue,0.623558405434503,tan,0.720394893145201,False,True,True
Fibroblasts,SmoothMuscleCells,Rspo1,Lrp6,0.41811544,0.0,0.1691223,0.17226465807291627,0.5833559884085373,0.088904686,0.6871244,0.09738393945668367,0.7037328274665081, ,brown,0.469088038370504,,,True,False,True
Fibroblasts,EndothelialCells,Hspg2,Dag1,0.6389222,1.0,0.25524142,-0.07127103644802245,-0.15641153001841118,0.023657624,0.7295822,1.0,0.7042385577465085, ,brown,0.485029372814491,,,True,False,True
Leukocytes,EndothelialCells,Efemp2,Plscr4,0.4875358,1.0,0.126345,-0.09671824649949765,-0.029845042135914546,0.019780807,0.6549584,1.0,0.7042385577465085, ,turquoise,0.643633869750434,brown,0.56129961252074,False,True,True
Myocytes,Myocytes,App,Tspan12,0.41783717,1.0,0.1737048,-0.9110498839414837,-0.8467869113209968,0.008354153,0.689991,1.0,0.7044915137205773, ,greenyellow,0.498943422270878,tan,0.589192837879818,False,True,True
Fibroblasts,Myocytes,Adam9,Itgb5,0.5140819,1.0,0.25546983,-0.07665366645874243,-0.08916335674502462,0.027920488,0.72967035,1.0,0.704997403089505, ,,,tan,0.521580300356519,False,True,True
Myocytes,Leukocytes,Lama2,Dag1,0.20511699,1.0,0.037308577,-0.2830223102934657,-0.5419569240394293,0.009428744,0.50775194,1.0,0.7055761700770716, ,midnightblue,0.3482443250449,,,True,False,True
EndocardialCells,Fibroblasts,Nppa,Npr2,0.69911987,0.0,0.36395714,0.13698584662265229,0.09091603073285415,0.03595711,0.76313,0.2632501781454896,0.7056733288360185, ,brown,0.695639542145225,turquoise,0.740003151686405,True,False,True
EndocardialCells,SmoothMuscleCells,Vegfb,Nrp1,0.69886243,0.999,0.4512939,-0.07953657026148156,-0.030968733776513824,0.023473827,0.78201675,1.0,0.7059600847680431, ,,,lightcyan,0.26029605688583,False,True,True
Leukocytes,SmoothMuscleCells,Adam9,Itgb5,0.6986749,0.0,0.47698504,0.16849647155920683,0.2300565143386284,0.052130055,0.78669894,0.10130061478870567,0.7062469927590114, ,turquoise,0.654723391112969,brown,0.48064539237368,False,True,True
Myocytes,EndocardialCells,Fgf1,Fgfrl1,0.5890091,0.0,0.2557322,1.1772466687594942,1.054880742811068,0.17201473,0.7297716,0.004475340306603286,0.7062634927287506, ,orange,0.689259866805731,,,True,False,True
EndocardialCells,Myocytes,Lamb2,Itga7_Itgb1,0.69853365,1.0,0.48227465,-0.4048255725641261,-0.3691759961084087,0.016059808,0.78762287,1.0,0.7065338212302792, ,brown,0.473770160271624,,,True,False,True
EndothelialCells,Leukocytes,Lgals1,Ptprc,0.6982018,0.0,0.35208818,0.5688721308666527,0.24229144252211654,0.056477457,0.76012033,0.08016593979722668,0.707107702713347, ,,,midnightblue,0.581184418882173,False,True,True
SmoothMuscleCells,Fibroblasts,Col5a2,Itga1_Itgb1,0.21263704,1.0,0.037329566,-0.268717954609326,-0.6614322927438573,0.009305169,0.5078223,1.0,0.7072429413016839, ,lightcyan,0.406604134533021,,,True,False,True
SmoothMuscleCells,EndocardialCells,Col5a3,Sdc3,0.41743344,0.118,0.15091437,0.03748228052163235,0.02355172595442162,0.05747897,0.6747516,0.7041501604428568,0.7077846362153084, ,brown,0.643060769596358,,,True,False,True
Myocytes,EndocardialCells,Ecm1,Itgb4,0.19466175,1.0,0.037341204,-0.09317887241538353,-0.28472063334690356,0.026160939,0.5078612,1.0,0.7077983709575054, ,tan,0.469457877854572,green,0.614893104200666,True,False,True
EndothelialCells,Fibroblasts,Angptl4,Sdc2,0.8043823,0.0,0.3195241,0.5260735197188056,0.9983236499677928,0.14008717,0.75116116,0.028541536280802495,0.7079687386598549, ,turquoise,0.58811011899927,brown,0.848057536799011,False,True,True
Myocytes,Leukocytes,Col4a2,Cd93,0.4173187,1.0,0.16946092,-0.48089252791893167,-0.7747681311321133,0.0092325555,0.6873394,1.0,0.7080384405732367, ,,,brown,0.634483899866545,False,True,True
EndocardialCells,Leukocytes,Efnb2,Pecam1,0.4982845,1.0,0.12597348,-0.015675094816963775,-0.27989629478274997,0.01409066,0.6546256,1.0,0.7080384405732367, ,lightcyan,0.297527702145485,lightcyan,0.23876749076216,True,True,True
EndocardialCells,SmoothMuscleCells,Arf1,Pld2,0.7721884,0.998,0.25613502,-0.09339906766850116,-0.14103259185211936,0.023762017,0.7299268,1.0,0.7082921006787896, ,black,0.837316989977312,darkorange,0.552633030366007,False,True,True
SmoothMuscleCells,SmoothMuscleCells,Agrn,Lrp1,0.5131818,0.276,0.25632346,0.03902234813106234,-0.01972323966744599,0.04649739,0.72999924,0.7964608901282823,0.7093079622847279, ,lightcyan,0.506165819314469,brown,0.561942294262648,True,True,True
Myocytes,Myocytes,Lama5,Dag1,0.41703787,0.0,0.14889133,0.2628624105153432,0.2461572052240727,0.047545597,0.67326885,0.0982606085548801,0.7093079622847279, ,tan,0.625776798528456,,,True,False,True
Fibroblasts,SmoothMuscleCells,Tgfb1,Lpp,0.7771709,0.0,0.31928295,0.32328415628796764,0.17393150664217433,0.029021969,0.75109065,0.49793930025420585,0.7094045605853269, ,brown,0.757880766459934,,,True,False,True
Myocytes,EndocardialCells,Col4a2,Cd44,0.22793858,1.0,0.037347052,-0.4470993676880985,-0.6465673151335114,0.0061407345,0.50788075,1.0,0.709464065674465, ,,,yellow,0.212459882063522,False,True,True
EndothelialCells,Fibroblasts,Adam10,Notch2,0.69718325,0.0,0.4860555,0.30630990497248806,0.5410087839328606,0.062199365,0.7882752,0.0346172839836823,0.7099791654045141, ,yellow,0.336816268854491,,,True,False,True
EndothelialCells,EndocardialCells,Angpt2,Itga5_Itgb1,0.4169543,0.0,0.1594529,0.13798821994607463,0.27842085128499133,0.052561153,0.6807614,0.14103556704056136,0.7100704442769785, ,brown,0.680260821306767,,,True,False,True
Fibroblasts,Fibroblasts,Fgf7,Nrp1,0.5935728,1.0,0.25659296,-0.05342938076755352,0.06933117395960642,0.07856804,0.73010284,1.0,0.7108336779111456, ,turquoise,0.802910738540727,yellow,0.250435830471026,False,True,True
EndocardialCells,SmoothMuscleCells,Lamc1,Itga9_Itgb1,0.4165287,1.0,0.14638884,-0.15584669034424564,-0.23920055481102365,0.021790888,0.67140174,1.0,0.7110880051482297, ,brown,0.697901590493492,,,True,False,True
SmoothMuscleCells,Leukocytes,Tfpi,Sdc4,0.5105252,0.02,0.25669396,0.09179834018452412,0.10030117216121343,0.030993603,0.73014164,0.5870688669830089,0.7110880051482297, ,brown,0.39820117315939,,,True,False,True
SmoothMuscleCells,Myocytes,Vtn,Itga3,0.52173,0.0,0.12559387,1.4437023616231903,1.0969671458254937,0.22533745,0.65428436,0.0017204888625992185,0.7113425985489142, ,brown,0.715989746853182,grey60,0.695717252163136,True,False,True
SmoothMuscleCells,SmoothMuscleCells,App,Tspan15,0.6965269,1.0,0.42762336,-0.201134679033816,-0.07920444343135075,0.047602925,0.7773899,1.0,0.711416250596079, ,,,lightcyan,0.545464577373123,False,True,True
Fibroblasts,Myocytes,Col1a1,Cd93,0.67018235,0.006,0.12556432,0.1838216408531263,0.20009956953793218,0.017607227,0.6542577,1.0,0.7115972527110095, ,,,tan,0.291337625930732,False,True,True
EndocardialCells,SmoothMuscleCells,Sema6d,Kdr_Plxna1,0.5447375,0.185,0.25696176,0.06533531860480704,-0.048790922370053336,0.031998705,0.73024434,0.7504548141051289,0.712106537693812, ,brown,0.626638970075587,,,True,False,True
SmoothMuscleCells,EndocardialCells,Pf4,Fgfr2,0.19662142,0.627,0.03739164,0.20534091511955085,-0.051155327544485485,0.037255332,0.5080299,0.944096176251711,0.7122384672891056, ,brown,0.697832116664017,pink,0.256779232462863,True,False,True
EndocardialCells,Myocytes,Nampt,Insr,0.551576,0.0,0.25711307,0.42157268412015797,0.3955978600580192,0.046221673,0.7303022,0.10861533673330823,0.7126162713657447, ,,,midnightblue,0.494037113570807,False,True,True
EndothelialCells,EndothelialCells,Lamc1,Itga6_Itgb1,0.69623387,0.0,0.43929827,0.1855004696342758,0.46661791257659235,0.06776662,0.77971184,0.08512205986685989,0.7128543520613365, ,brown,0.425314090034099,,,True,False,True
SmoothMuscleCells,EndocardialCells,Tnxb,Itga9_Itgb1,0.41594446,0.44,0.13358895,0.028845653601708154,0.007019803754655496,0.038980372,0.6612305,0.8682651714864839,0.7131260423774335, ,brown,0.639495460766757,,,True,False,True
EndocardialCells,EndothelialCells,Pdgfb,S1pr1,0.89301527,0.0,0.31780127,0.36105080661280753,0.41368223544621296,0.03471103,0.7506556,0.2933160261535488,0.7140053175726506, ,,,brown,0.500963498873593,False,True,True
SmoothMuscleCells,Myocytes,App,Notch2,0.5350847,1.0,0.12528305,-0.5424975874171243,-0.5461429800725837,0.008620031,0.65400404,1.0,0.714401842531575, ,,,midnightblue,0.62811133093121,False,True,True
SmoothMuscleCells,Myocytes,Col4a5,Itga9_Itgb1,0.21276529,0.999,0.037522823,-0.09501312313052454,-0.18852543623537987,0.014336383,0.5084675,1.0,0.7150106276775323, ,brown,0.452711648416098,,,True,False,True
SmoothMuscleCells,EndothelialCells,Nampt,Itga5_Itgb1,0.41551393,0.09,0.17207126,0.0323848918379972,0.055995701007331866,0.030442938,0.68897957,0.6884423340139553,0.7159346450321443, ,lightcyan,0.281201497523699,,,True,False,True
Myocytes,Fibroblasts,Farp2,Plxna1,0.19439301,0.0,0.03752679,0.23788474715736818,0.25272080023388976,0.08272288,0.5084807,0.07411559657339035,0.7161188309481249, ,magenta,0.775714720138161,brown,0.526379557724291,False,True,True
EndothelialCells,EndocardialCells,Vcam1,Itga9_Itgb1,0.41549647,0.357,0.13303839,0.02299734061809644,-0.04070770458005202,0.02427768,0.6607678,0.8359487540193072,0.7161903938936015, ,lightcyan,0.38028558511622,,,True,False,True
Myocytes,Fibroblasts,Pdgfc,Pdgfra,0.7684526,0.0,0.2579315,0.6631112455674821,1.2064210304834295,0.21631554,0.73061514,0.013367456945826608,0.7164459971649305, ,,,brown,0.735702460496526,False,True,True
SmoothMuscleCells,Myocytes,Tgfb3,Tgfbr3,0.5319344,0.0,0.25797844,0.12451399065421458,0.16488921673265128,0.049689732,0.7306331,0.16158433768955227,0.7167018677827321, ,brown,0.511531512491637,brown,0.487576749012742,True,True,True
Fibroblasts,SmoothMuscleCells,Tgfb2,Eng,0.6953572,0.79,0.46664497,0.015066787165229883,0.1743198471437618,0.05176402,0.78485435,1.0,0.7168855311256374, ,turquoise,0.558517439639642,lightcyan,0.40613301582679,False,True,True
Myocytes,SmoothMuscleCells,Angpt1,Itga5,0.8088565,0.0,0.317342,0.8624456922509087,0.91218138619141,0.07669873,0.75052017,0.028541536280802495,0.7171736910838211, ,blue,0.693979147525439,brown,0.546566959140606,False,True,True
Leukocytes,SmoothMuscleCells,Hspg2,Itgb1,0.8123132,1.0,0.25806242,-0.31119034056975126,-0.6107980943703243,0.007689241,0.730665,1.0,0.7177257527275729, ,brown,0.525122764314888,,,True,False,True
Fibroblasts,EndocardialCells,Tgfb1,Lpp,0.41511586,1.0,0.14289907,-0.1854659301245719,-0.38991459025426584,0.012989145,0.66873467,1.0,0.7177257527275729, ,brown,0.757880766459934,sienna3,0.536597374307697,True,False,True
SmoothMuscleCells,EndocardialCells,Lamb2,Cd44,0.63715005,0.0,0.12497649,0.19807891164216834,0.1695554910791388,0.0197028,0.6537268,0.841832463023501,0.71798192793679, ,,,yellow,0.212459882063522,False,True,True
Myocytes,EndocardialCells,Bmp3,Bmpr1a,0.54657054,0.0,0.25810632,1.070729970809732,0.8948662667303438,0.2519109,0.73068184,0.00988957490085129,0.7182379572624482, ,grey60,0.811738424903052,brown,0.63259098022929,False,True,True
SmoothMuscleCells,Fibroblasts,Tgfb1,Tgfbr1_Tgfbr2,0.41500396,0.687,0.16782409,-0.010712771726889544,0.028392124867178736,0.03260265,0.68629557,0.9772598611111939,0.7184942543294426, ,brown,0.732384831866489,,,True,False,True
Myocytes,Leukocytes,Alb,B2m_Fcgrt,0.69450545,0.0,0.07252188,0.35744799626499457,0.3308930560181348,0.07761258,0.5898494,0.042406370055677385,0.7186152589817227, ,midnightblue,0.250381300445819,,,True,False,True
EndocardialCells,EndocardialCells,Lamc1,Itga1,0.41491973,1.0,0.14451866,-0.20788158803935777,-0.42815757589720926,0.02027116,0.66998184,1.0,0.7192633043153507, ,brown,0.697901590493492,,,True,False,True
Myocytes,Fibroblasts,Col4a5,Cd44,0.20081048,0.995,0.037601717,-0.07640334049286548,-0.19494799775242924,0.0186453,0.50873,1.0,0.7194414024677553, ,brown,0.598294810383622,salmon,0.221972228338972,True,False,True
SmoothMuscleCells,Leukocytes,Mmrn2,Cd93,0.41487163,1.0,0.16708317,-0.31304986736083934,-0.6244135959654412,0.009884988,0.6858191,1.0,0.7197764471461063, ,brown,0.757581672238273,brown,0.634483899866545,True,True,True
SmoothMuscleCells,Myocytes,Lamb1,Cd44,0.19987956,1.0,0.037601884,-0.25861853731615553,-0.3912517275308409,0.010740375,0.5087306,1.0,0.7199948043647215, ,brown,0.764130236562423,magenta,0.718777026774563,True,False,True
Fibroblasts,SmoothMuscleCells,Plat,Lrp1,0.6938256,0.075,0.47202638,0.04363932896985542,0.0008252445100800365,0.05528508,0.78582084,0.674493923545552,0.7203463864428117, ,,,brown,0.561942294262648,False,True,True
Fibroblasts,EndocardialCells,Fn1,Cd44,0.22916168,0.936,0.03760897,-0.032671912401887215,-0.03441608159645221,0.015165716,0.50875413,1.0,0.7205481725633822, ,pink,0.318999323805734,yellow,0.212459882063522,False,True,True
SmoothMuscleCells,SmoothMuscleCells,Lama2,Itga1,0.53855026,0.0,0.25873148,0.1726115972506935,0.23204398398263382,0.0722532,0.7309198,0.09694781128416356,0.721316925036548, ,brown,0.472765180178635,,,True,False,True
EndocardialCells,EndothelialCells,Lamc1,Dag1,0.41448358,1.0,0.14401169,-0.20417506683465766,-0.31875001460556446,0.018280579,0.6695933,1.0,0.7215739540065157, ,brown,0.697901590493492,,,True,False,True
Fibroblasts,Fibroblasts,Nppa,Npr2,0.54712015,1.0,0.25882402,-0.011784329770921219,-0.15381379703706088,0.025570493,0.73095495,1.0,0.7218310440278219, ,brown,0.585297064759349,turquoise,0.740003151686405,True,False,True
Myocytes,EndocardialCells,Mmp2,Pecam1,0.87751913,0.0,0.1244877,0.17406142074429526,-0.08860944095812184,0.01581545,0.6532831,1.0,0.7220879875358142, ,,,brown,0.774210329710027,False,True,True
Fibroblasts,SmoothMuscleCells,Cxcl12,Sdc4,0.55352193,1.0,0.25896877,-0.19466741957832168,-0.42479039041752187,0.028776698,0.73100996,1.0,0.7223451996322575, ,,,tan,0.661881494233523,False,True,True
Myocytes,Myocytes,Adm,Ramp1,0.41431254,0.0,0.17164208,0.4404706864087727,0.3436071917209681,0.08614195,0.68871194,0.038818310611496015,0.7226024728017832, ,brown,0.433939583997392,,,True,False,True
EndocardialCells,Myocytes,Col18a1,Itgb5,0.41426027,0.91,0.17157608,0.044583094368488146,-0.014738365059517478,0.037475638,0.6886707,1.0,0.7228595993318929, ,pink,0.24452664031088,tan,0.521580300356519,False,True,True
EndocardialCells,Myocytes,Col18a1,Ptprs,0.41424584,0.0,0.17156431,0.3672705240277681,0.4054097437359481,0.08428434,0.68866336,0.028541536280802495,0.7231169946200253, ,pink,0.24452664031088,brown,0.264675304065931,False,True,True
SmoothMuscleCells,SmoothMuscleCells,Il15ra,Axl,0.6529204,0.0,0.25917035,0.28976297814325735,0.2717725345633889,0.056751907,0.7310864,0.06458642657155055,0.7233744510029838, ,lightcyan,0.376867433837853,royalblue,0.420939485033193,True,False,True
Fibroblasts,EndocardialCells,Col15a1,Itga1_Itgb1,0.75973994,0.0,0.31600997,0.3308044533374631,0.6655748338082893,0.082430266,0.7501262,0.028541536280802495,0.7235233843633642, ,brown,0.692037681267818,,,True,False,True
Fibroblasts,EndocardialCells,Tgfb1,Itgb1,0.7702764,1.0,0.31592414,-0.10440274210202104,-0.3337671585598621,0.015035598,0.75010073,1.0,0.723812362007254, ,brown,0.757880766459934,pink,0.572507776572743,True,False,True
SmoothMuscleCells,SmoothMuscleCells,Pdgfb,Itgav,0.4141518,0.374,0.17069128,0.02873862100081681,-0.06307576811328253,0.039843336,0.6881162,0.8396901188473569,0.7241469788270105, ,darkorange,0.329367356438579,blue,0.303344082519337,True,False,True
EndocardialCells,EndothelialCells,Lamc1,Itga1,0.6927585,0.0,0.46746275,0.16828617321202893,0.4691424963458548,0.06556947,0.7850022,0.10137563143996942,0.7243905400951106, ,brown,0.697901590493492,,,True,False,True
SmoothMuscleCells,Leukocytes,Hbegf,Cd82,0.4140455,0.0,0.17143364,0.5526173051534095,0.48919170440574283,0.08408845,0.68858165,0.028541536280802495,0.7246622334639867, ,midnightblue,0.453211769212941,,,True,False,True
EndothelialCells,EndothelialCells,Tgfb1,Tgfbr1_Tgfbr2,0.44525218,0.0,0.12416191,0.03209049881045964,-0.014073588363188838,0.024120538,0.65298635,0.7790397758145189,0.7258228144139447, ,brown,0.518107180491385,,,True,False,True
EndothelialCells,EndothelialCells,Tgfb1,Acvr1_Tgfbr1_Tgfbr2,0.44525218,0.0,0.12416191,0.03209049881045964,-0.014073588363188838,0.024120538,0.65298635,0.7790397758145189,0.7258228144139447, ,brown,0.518107180491385,,,True,False,True
Myocytes,Leukocytes,Adam11,Itga4,0.41383207,0.0,0.15489675,1.0392963557741104,1.066632749343622,0.48428392,0.677603,0.002336409186814733,0.7259517517077316, ,grey60,0.653747486964046,midnightblue,0.644281789489508,False,True,True
SmoothMuscleCells,Fibroblasts,Tgfb1,Eng,0.54705083,1.0,0.25989765,-0.35935341502192847,-0.677080055214623,0.014493781,0.7313618,1.0,0.7259517517077316, ,brown,0.732384831866489,,,True,False,True
SmoothMuscleCells,SmoothMuscleCells,Thbs1,Lrp1,0.41376403,0.904,0.13761088,-0.0051275397021317,-0.101910994696857,0.05692621,0.6645447,1.0,0.7262098804641299, ,red,0.603083405069015,brown,0.561942294262648,False,True,True
Fibroblasts,SmoothMuscleCells,Tnxb,Itga9_Itgb1,0.7511978,0.0,0.31498557,0.44877964981527874,0.8968682031635073,0.091910705,0.74982184,0.028541536280802495,0.7267046655592211, ,brown,0.534296365095982,,,True,False,True
EndocardialCells,EndothelialCells,Agrn,Dag1,0.41358075,0.0,0.14356427,0.16720918020265021,0.20754106745584433,0.03691054,0.66924894,0.2393933720057386,0.7269844253439585, ,brown,0.356244589967685,,,True,False,True
Myocytes,Fibroblasts,Gnai2,Adcy7,0.5115056,1.0,0.2602861,-0.6993843369945422,-0.24731015756839803,0.030482164,0.73150843,1.0,0.7275010249022307, ,tan,0.462915726534463,turquoise,0.697526679776495,True,False,True
SmoothMuscleCells,Leukocytes,Tgfb1,Cxcr4,0.413361,0.0,0.1666785,0.3653098307335291,0.39122749005085106,0.08740353,0.6855577,0.028541536280802495,0.7277595207593873, ,brown,0.732384831866489,royalblue,0.754656397144664,True,False,True
EndocardialCells,EndothelialCells,Nppa,Npr2,0.691797,0.0,0.3485439,0.12635122911891872,0.171171194628149,0.03443436,0.7591967,0.3015584010144771,0.7278624576650172, ,brown,0.695639542145225,,,True,False,True
EndothelialCells,SmoothMuscleCells,Timp3,Ddr1,0.7873038,0.0,0.31461158,0.26660912603313114,0.2849022773906762,0.046460964,0.7497103,0.10751325126786779,0.7284416232803872, ,yellow,0.308157376549655,,,True,False,True
Myocytes,Myocytes,Ntn1,Neo1,0.52932227,0.0,0.26044536,0.37733536407999363,0.3436657238695859,0.059250087,0.7315686,0.04186258118039734,0.728793907658396, ,brown,0.721197217912499,tan,0.718035067895697,True,True,True
EndocardialCells,EndocardialCells,Dcn,Tlr4,0.6411962,0.0,0.26055127,0.18566575936345409,0.0870661658841001,0.05801891,0.73160845,0.22350916089534087,0.7290527096650747, ,brown,0.508954513143233,,,True,False,True
Myocytes,Fibroblasts,Cd47,Sirpa,0.41320664,1.0,0.1613891,-0.4104336806033032,-0.436907102580782,0.015182466,0.6820715,1.0,0.7291820291764466, ,orange,0.66133460139945,,,True,False,True
Fibroblasts,Myocytes,Sirpa,Cd47,0.41320664,1.0,0.1613891,-0.4104336806033032,-0.436907102580782,0.015182466,0.6820715,1.0,0.7291820291764466, ,,,orange,0.66133460139945,False,True,True
Myocytes,SmoothMuscleCells,Sema3c,Nrp1_Plxna1,0.23222077,0.0,0.0378552,0.1721123502190307,0.22782658649522763,0.075119846,0.5095695,0.09752964197763156,0.7293896679248534, ,tan,0.524385254393888,,,True,False,True
SmoothMuscleCells,SmoothMuscleCells,Adam10,Tspan15,0.41310808,0.898,0.16875973,-0.036164241693410704,-0.0582412864083911,0.03494014,0.6868937,1.0,0.729829274230521, ,red,0.449991483193517,lightcyan,0.545464577373123,False,True,True
Fibroblasts,Fibroblasts,Rarres2,Ccrl2,0.7877768,0.0,0.26084584,0.43453435113435085,0.6118992056091332,0.04403813,0.7317194,0.13003063437135773,0.7308656209394693, ,brown,0.607010321637212,midnightblue,0.309347440983874,True,True,True
EndothelialCells,SmoothMuscleCells,Tgm2,Itga9,0.748704,0.0,0.31372926,0.3023313480152998,0.49552991803831303,0.035346553,0.7494468,0.27893895487889797,0.7310495484821586, ,,,brown,0.572216452048973,False,True,True
Fibroblasts,SmoothMuscleCells,Tgfb1,Tgfbr1_Tgfbr2,0.19956782,1.0,0.03788962,-0.3474370378220772,-0.6100446790974229,0.007360696,0.50968313,1.0,0.7313206854689505, ,brown,0.757880766459934,,,True,False,True
Fibroblasts,SmoothMuscleCells,Tgfb1,Acvr1_Tgfbr1_Tgfbr2,0.19956782,1.0,0.03788962,-0.3474370378220772,-0.6100446790974229,0.007360696,0.50968313,1.0,0.7313206854689505, ,brown,0.757880766459934,,,True,False,True
EndocardialCells,Myocytes,Nppa,Npr3,0.58492416,0.028,0.12359649,0.020014090039237792,-0.24161722857754137,0.007276552,0.65246904,1.0,0.7313840573153632, ,brown,0.695639542145225,,,True,False,True
Myocytes,Leukocytes,Tfpi,Sdc4,0.6908637,0.0,0.46347407,0.3168741317492111,0.3527132854186518,0.055960536,0.78427815,0.05193942026320496,0.7316294860353247, ,brown,0.493469316651968,,,True,False,True
SmoothMuscleCells,SmoothMuscleCells,Mmrn2,Cd93,0.5513499,0.999,0.26095617,-0.15294703369337148,-0.38864058384334343,0.015438709,0.73176086,1.0,0.7316434721151472, ,brown,0.757581672238273,,,True,False,True
Myocytes,Myocytes,App,Ncstn,0.41289657,1.0,0.16928245,-0.8777214520163918,-0.7431236208027733,0.008850647,0.6872262,1.0,0.7316434721151472, ,greenyellow,0.498943422270878,tan,0.790441710487318,False,True,True
Leukocytes,SmoothMuscleCells,Tfpi,Lrp1,0.41281855,1.0,0.13648191,-0.25223104900111937,-0.48291111641831536,0.011818746,0.6636259,1.0,0.7319029482489477, ,brown,0.786058550988916,brown,0.561942294262648,True,True,True
SmoothMuscleCells,EndocardialCells,Sema3f,Nrp2_Plxna4,0.41272956,0.0,0.16260432,0.15771149354584293,0.12287921144046143,0.059749,0.6828843,0.1771240872938893,0.7321622762259336, ,darkorange,0.470908481252909,,,True,False,True
EndothelialCells,SmoothMuscleCells,Adam10,Notch1,0.6906584,0.0,0.47699654,0.14612742138437865,0.2212160871781752,0.037069242,0.786701,0.23583975781471897,0.7322095635666366, ,yellow,0.336816268854491,,,True,False,True
Leukocytes,Fibroblasts,Hspg2,Lrp1,0.82130885,1.0,0.26127285,-0.060159380863220036,0.03526852564502536,0.017086392,0.73187983,1.0,0.732421875, ,brown,0.525122764314888,,,True,False,True
Fibroblasts,EndothelialCells,Efnb1,Ephb4,0.6963909,0.0,0.261287,0.149881527529696,0.21653854796332905,0.036366954,0.7318852,0.25029546458588875,0.7329410469760526, ,,,brown,0.754425953629236,False,True,True
Fibroblasts,Leukocytes,Thbs1,Itga4,0.41254684,0.0,0.15350425,0.7543600404433408,0.8564778885656767,0.28766626,0.6766159,0.013973362873620901,0.7329410469760526, ,,,midnightblue,0.644281789489508,False,True,True
EndothelialCells,SmoothMuscleCells,Apoe,Lrp1,0.6904975,1.0,0.46805242,-0.43183656085166433,-0.5943046538378157,0.022272527,0.7851085,1.0,0.7330798835062582, ,,,brown,0.561942294262648,False,True,True
EndocardialCells,EndocardialCells,Timp3,Cd44,0.62897575,1.0,0.12322603,-0.08549520448838058,-0.18560024761619065,0.0146204615,0.65212864,1.0,0.7332008297896148, ,lightgreen,0.115395832525243,yellow,0.212459882063522,False,True,True
SmoothMuscleCells,SmoothMuscleCells,Hbegf,Cd9,0.5226404,0.549,0.26141316,0.1434632560916999,0.07678845205254603,0.059319284,0.7319325,0.9115493316500362,0.7332008297896148, ,midnightblue,0.453211769212941,,,True,False,True
Fibroblasts,Fibroblasts,Bgn,Ly96,0.89897156,0.0,0.31317312,0.3971581538924658,0.5160653965007999,0.0367707,0.7492801,0.24298699489656161,0.7333701380999891, ,brown,0.765417544462891,turquoise,0.457138519449582,True,False,True
SmoothMuscleCells,EndocardialCells,Lin7c,Abca1,0.41247267,0.0,0.16832876,0.10225484779334404,0.0910109978199034,0.04112485,0.6866186,0.21666498518226163,0.733460673980681, ,blue,0.568705064356473,lightcyan,0.751980973473931,False,True,True
Myocytes,EndocardialCells,Fgf7,Nrp1,0.8974837,0.0,0.31314304,0.36360565562388153,0.2964899232582937,0.09588352,0.74927115,0.053687837645423904,0.7336603104616639, ,brown,0.584610251626662,brown,0.550721740569223,True,True,True
SmoothMuscleCells,Leukocytes,Il15ra,Axl,0.4124245,0.964,0.14176059,-0.028232479819604334,-0.0366022821901788,0.031042067,0.6678481,1.0,0.7337205795565013, ,lightcyan,0.376867433837853,brown,0.704728587075672,True,True,True
Fibroblasts,EndocardialCells,Txlna,Stx4a,0.5297489,0.045,0.26156688,0.030984718004357464,0.0020437116107169806,0.031669002,0.7319902,0.6349901380705165,0.7337205795565013, ,turquoise,0.364706952198054,brown,0.559606061898428,False,True,True
EndothelialCells,EndocardialCells,Bmp1,Bmpr1a,0.4563418,0.0,0.1230976,0.11248463929986341,0.005103822071406305,0.030766731,0.6520103,0.4220038126241394,0.7337205795565013, ,,,brown,0.63259098022929,False,True,True
Myocytes,Myocytes,Lama2,Itga3_Itgb1,0.20648848,0.993,0.038060542,0.01843338217449382,-0.12462223981781084,0.039159816,0.5102455,1.0,0.7338018290898201, ,midnightblue,0.3482443250449,,,True,False,True
Fibroblasts,Leukocytes,Angptl4,Cdh5,0.20130844,1.0,0.038064193,-0.28339088046324473,-0.5881823729286635,0.012544177,0.5102575,1.0,0.7343529609164964, ,,,brown,0.604304711675109,False,True,True
Fibroblasts,SmoothMuscleCells,Fbn1,Itga5,0.6877079,0.0,0.26199654,0.25439403199063304,0.47729564686536696,0.04962779,0.73215115,0.0829706871579621,0.7345004547211138, ,,,brown,0.546566959140606,False,True,True
EndothelialCells,Fibroblasts,Tgfb1,Acvrl1,0.6901536,0.0,0.47556725,0.13041670314541196,0.1389733211427972,0.05134408,0.7864491,0.15988792888180914,0.7345312711548021, ,brown,0.518107180491385,,,True,False,True
SmoothMuscleCells,EndocardialCells,Tgfb3,Tgfbr3,0.6896956,0.0,0.47567993,0.35026558720777845,0.45370361511043866,0.091621645,0.78646904,0.028541536280802495,0.734821582973789, ,brown,0.511531512491637,blue,0.406933614606174,True,False,True
EndothelialCells,EndocardialCells,Efna1,Epha4,0.68961656,0.0,0.47540748,0.4899752448604612,0.8200382492474689,0.07830323,0.78642094,0.028541536280802495,0.7351119296138565, ,yellow,0.177429009303501,blue,0.30134597405492,True,False,True
EndothelialCells,SmoothMuscleCells,S100a9,Cd36,0.52305615,0.206,0.122928545,0.07993702940497105,-0.05325255941485481,0.054048765,0.65185434,0.76474004461179,0.7352808823120885, ,brown,0.216716678799988,,,True,False,True
Myocytes,Fibroblasts,Tfpi,Vldlr,0.56634223,0.0,0.26214358,0.31094179538313205,0.4507566443620947,0.03895461,0.7322062,0.19781529842536197,0.7355412176850052, ,brown,0.493469316651968,turquoise,0.670823606520324,True,False,True
EndocardialCells,Fibroblasts,Ntn1,Neo1,0.6365534,0.0,0.26225743,0.4239641972705125,0.5375856147263292,0.05966232,0.7322488,0.04086658173410817,0.7358014043089642, ,brown,0.425522037629137,yellow,0.471083556679634,True,True,True
Fibroblasts,EndocardialCells,Igf1,Itga6_Itgb4,0.7103467,0.0,0.26234102,0.7278847780547185,0.9648449226442299,0.3198433,0.73227996,0.007401358479577367,0.7360618625250126, ,brown,0.689047425976755,,,True,False,True
SmoothMuscleCells,Myocytes,Lamb1,Dag1,0.4118001,0.92,0.1428653,-0.027383201022475073,-0.1263535503563591,0.026812926,0.6687086,1.0,0.7363223821982954, ,brown,0.764130236562423,,,True,False,True
Fibroblasts,Myocytes,Rspo1,Lgr6,0.5125899,0.0,0.26238784,1.1572220669782172,1.412811279453222,0.48297644,0.7322975,0.00016427700057178413,0.7365829633360628, ,brown,0.469088038370504,black,0.262455594018226,True,False,True
EndocardialCells,Fibroblasts,Lamb1,Dag1,0.5131394,0.0,0.26240724,0.09644435952359186,0.12977838618743565,0.049248528,0.7323047,0.20972021619137324,0.7368433955554727, ,brown,0.406739902075495,pink,0.439064216849562,True,False,True
SmoothMuscleCells,SmoothMuscleCells,Nampt,Adora2a,0.41131282,0.0,0.16837761,0.12224099500777355,0.146415941546089,0.053009555,0.6866498,0.16534226813614433,0.737104099594335, ,lightcyan,0.281201497523699,,,True,False,True
Leukocytes,EndocardialCells,Tgfb1,Acvr1_Tgfbr1_Tgfbr2,0.5823211,0.0,0.26255548,0.24538332261257043,0.2325250095691756,0.051005814,0.73236006,0.08528672985767802,0.7372343694383998, ,brown,0.780749588439731,,,True,False,True
Leukocytes,EndocardialCells,Tgfb1,Tgfbr1_Tgfbr2,0.5823211,0.0,0.26255548,0.24538332261257043,0.2325250095691756,0.051005814,0.73236006,0.08528672985767802,0.7372343694383998, ,brown,0.780749588439731,,,True,False,True
Leukocytes,SmoothMuscleCells,Vcl,Itgb5,0.47839105,1.0,0.12262613,-0.14770864201073527,-0.2847549597730853,0.010889037,0.6515748,1.0,0.737625481599056, ,,,brown,0.48064539237368,False,True,True
EndothelialCells,Leukocytes,Lamc1,Cd44,0.6886386,0.0,0.4319604,0.4995476326001807,0.33519573100301636,0.083450414,0.7782618,0.04105672486672524,0.7380178948095217, ,brown,0.425314090034099,,,True,False,True
Myocytes,EndocardialCells,Col4a5,Sdc1,0.20216566,0.551,0.038287427,-0.0036319890025215663,-0.047319932966141426,0.02762587,0.5109881,0.9127221570401562,0.7382082708567758, ,brown,0.598294810383622,lightgreen,0.664818986973015,True,False,True
EndothelialCells,EndothelialCells,Adam10,Tspan5,0.43535462,0.0,0.122537546,0.04064120477882839,0.1231401462402712,0.029733466,0.6514928,0.4644077418228702,0.7386691938170102, ,yellow,0.336816268854491,turquoise,0.559700489377054,True,False,True
Myocytes,Myocytes,Col4a5,Cd44,0.20219865,0.979,0.038304124,-0.07358637127806132,-0.1547452549817203,0.018993596,0.51104254,1.0,0.7387586880014878, ,brown,0.598294810383622,magenta,0.718777026774563,True,False,True
Fibroblasts,EndocardialCells,Vegfa,Itga9,0.41045368,0.0,0.12684086,0.30317113107614446,0.45535310404817586,0.054109648,0.6554009,0.059550306776987694,0.7397138901131584, ,yellow,0.272486789574581,blue,0.490558319288106,True,False,True
EndothelialCells,Leukocytes,Vwf,Itga4,0.41039765,0.0,0.15117563,0.6189385186942229,0.5749765101026414,0.08195933,0.6749413,0.028541536280802495,0.739975270750205, ,,,midnightblue,0.644281789489508,False,True,True
Myocytes,Leukocytes,Adm,Adrb2,0.52337366,0.0,0.26279387,0.5985845791774989,0.6183213188412444,0.19151671,0.732449,0.028541536280802495,0.7404980056442412, ,brown,0.433939583997392,,,True,False,True
Myocytes,EndothelialCells,Wnt5a,Fzd4,0.41018227,0.0,0.13703722,0.32791147642368157,0.6708777696604817,0.1561474,0.66407895,0.028541536280802495,0.7404980056442412, ,tan,0.430635396063789,yellow,0.507915957067658,True,True,True
SmoothMuscleCells,Fibroblasts,Bmp1,Bmpr1a,0.4101591,0.033,0.12697726,0.04413622206050685,0.17258489720685832,0.031736404,0.6555222,0.6148543575656596,0.7407595709512074, ,darkorange,0.451987606072427,turquoise,0.893649355434648,True,False,True
SmoothMuscleCells,EndothelialCells,Tgfb1,Acvrl1,0.6882721,0.0,0.35836837,0.10077741512373985,0.1862162653783333,0.038690835,0.7617285,0.20193533685737927,0.7409272100755389, ,brown,0.732384831866489,,,True,False,True
Leukocytes,Myocytes,Trf,Hfe,0.81286585,0.0,0.2628922,0.49454839212761575,0.32647728027611495,0.029855613,0.73248565,0.4108864796091737,0.7410211978458753, ,turquoise,0.825957909703873,tan,0.587981482316645,False,True,True
Fibroblasts,Myocytes,Rspo1,Lgr4,0.40991867,0.0,0.16103038,0.43761047397868713,0.8411817855624029,0.20992555,0.6818301,0.028541536280802495,0.7412826751012213, ,brown,0.469088038370504,tan,0.661855122145927,True,True,True
EndothelialCells,SmoothMuscleCells,Efna1,Epha4,0.43819502,0.0,0.122209184,0.13971695463580397,0.2510530550029882,0.020128783,0.65118814,0.8693721170871259,0.7415444251433201, ,yellow,0.177429009303501,blue,0.472693136126275,True,False,True
EndothelialCells,Fibroblasts,Pf4,Lrp1,0.8219386,0.0,0.26311693,0.35613270477151393,0.34978185601614264,0.03245132,0.73256934,0.3607081964317369,0.7418062367948642, ,brown,0.640686712105496,,,True,False,True
EndocardialCells,EndocardialCells,Pf4,Fgfr2,0.19873375,0.627,0.038372755,0.20817505109270243,-0.07289871441216739,0.03823287,0.51126623,0.944096176251711,0.7420592602375149, ,brown,0.901042251404365,pink,0.256779232462863,True,False,True
Leukocytes,EndothelialCells,Cxcl12,Itgb1,0.77075183,1.0,0.26319772,-0.31629316886097486,-0.5698554095428425,0.009556925,0.73259944,1.0,0.7423298335221307, ,brown,0.630654513966125,,,True,False,True
Leukocytes,Myocytes,Lrpap1,Sort1,0.68801355,0.0,0.47251242,0.5885097154443308,0.5259742669268936,0.062361192,0.7859075,0.03411722308765547,0.7423831634161187, ,turquoise,0.430188196525901,midnightblue,0.356528030180206,False,True,True
Myocytes,Myocytes,Fadd,Traf2,0.20341662,0.358,0.03838151,0.010067197963169829,-0.06485202634380818,0.026590366,0.5112947,0.8366080845632556,0.7426089969350974, ,grey60,0.779897975963438,tan,0.689086951973111,False,True,True
Myocytes,Leukocytes,Jam3,Itgb1,0.6878062,1.0,0.362315,-0.26319796044348864,-0.3463331070472601,0.017377779,0.762721,1.0,0.7426745280615261, ,brown,0.527581135398156,,,True,False,True
EndothelialCells,EndocardialCells,Angptl4,Tie1,0.7864401,0.0,0.3111953,0.4798424823065777,0.5201592960696066,0.11853198,0.7486846,0.028541536280802495,0.7426745280615261, ,turquoise,0.58811011899927,brown,0.559205266266903,False,True,True
SmoothMuscleCells,SmoothMuscleCells,Angpt2,Tie1,0.40955037,0.636,0.1604302,0.026564341639609357,-0.060296270978952626,0.035102252,0.681425,0.949161090890892,0.7428538881078364, ,brown,0.33277543675192,darkorange,0.471040667965038,True,True,True
Fibroblasts,Myocytes,Nppa,Npr2,0.55033886,0.886,0.26364186,-0.007109981914438297,-0.20573316760626076,0.026046472,0.7327646,1.0,0.7431157962832259, ,brown,0.585297064759349,orange,0.538241034124533,True,True,True
Myocytes,Leukocytes,Col1a2,Cd93,0.2824295,1.0,0.038394105,-0.5356678905729417,-0.8199071470743354,0.0035511944,0.51133573,1.0,0.7431586998615287, ,,,brown,0.634483899866545,False,True,True
Fibroblasts,Myocytes,Tln1,Itgb5,0.52388924,1.0,0.2637123,-0.3063746876349309,-0.4905522776861879,0.01521191,0.73279077,1.0,0.7436402206652805, ,,,tan,0.521580300356519,False,True,True
SmoothMuscleCells,EndocardialCells,Hsp90b1,Tlr2,0.54693305,1.0,0.121976435,-0.2828509285246496,-0.31743986142317293,0.0145981135,0.6509716,1.0,0.7439025253538308, ,yellow,0.537608497036761,,,True,False,True
Fibroblasts,Leukocytes,Rspo1,Lrp6,0.5139809,0.0,0.26376107,0.3146721541159163,0.8080299340734468,0.13865466,0.7328088,0.028541536280802495,0.7439025253538308, ,brown,0.469088038370504,,,True,False,True
EndocardialCells,EndocardialCells,Mmp2,Pecam1,0.9328632,0.0,0.31055224,0.2511010788332531,0.01687536937095624,0.039453886,0.74849,0.3457823995053503,0.7441315148946701, ,,,brown,0.774210329710027,False,True,True
Leukocytes,SmoothMuscleCells,Ang,Plxnb2,0.5178409,0.0,0.2637747,0.33272969406086755,0.45493662970524634,0.0747576,0.73281395,0.028541536280802495,0.7441646799356447, ,turquoise,0.67140074040812,brown,0.400012394284695,False,True,True
EndothelialCells,Myocytes,Col4a2,Itga1_Itgb1,0.7438067,0.0,0.121843405,0.1558631909683167,0.08261562258331479,0.014545752,0.6508476,1.0,0.7444271079310224, ,yellow,0.155737396507289,,,True,False,True
EndothelialCells,EndocardialCells,Pltp,Abca1,0.51746964,0.0,0.26386702,0.12884221916599956,0.13572898451374654,0.053070925,0.7328482,0.1634015256498072,0.7444271079310224, ,,,lightcyan,0.751980973473931,False,True,True
Myocytes,Myocytes,Cxcl12,Itgb1,0.46558636,1.0,0.12173552,-0.8372607972637875,-1.0487045653182139,0.0044203163,0.6507469,1.0,0.7452145501006495, ,tan,0.577984649656319,greenyellow,0.433544316700636,True,False,True
Fibroblasts,Myocytes,Bmp4,Lrp6,0.40914866,0.001,0.16599369,0.10231898681574081,0.13227670746430115,0.06226528,0.6851138,0.47092931215184725,0.7452145501006495, ,yellow,0.321909400792098,greenyellow,0.481143038214187,True,False,True
Fibroblasts,EndocardialCells,Pf4,Fgfr2,0.19883159,0.716,0.038418204,0.2083064465926321,-0.20230366856697224,0.038278155,0.5114141,1.0,0.745356563741373, ,brown,0.749903040618126,pink,0.256779232462863,True,False,True
Myocytes,EndocardialCells,Psen1,Notch1,0.74844205,0.0,0.2639544,0.36261158948322475,0.26692998533969803,0.04012192,0.7328806,0.17918564566686546,0.7457399613103578, ,tan,0.493293969025575,darkred,0.343740710918236,True,False,True
SmoothMuscleCells,EndocardialCells,Col6a1,Itga6,0.40906304,0.943,0.16648166,-0.054377447903651295,-0.14146819085480727,0.049396582,0.68543035,1.0,0.7457399613103578, ,brown,0.618792290214031,,,True,False,True
Fibroblasts,Myocytes,Mfap5,Notch1,0.75689226,0.0,0.12170873,0.18799927061585037,0.4018594966537343,0.015332342,0.65072197,0.6262390349031743,0.7460025473697482, ,brown,0.786804272285394,green,0.340818001122301,True,False,True
Myocytes,Fibroblasts,Lama5,Cd44,0.20372918,0.099,0.038469315,0.0288101050068586,-0.05894371472111812,0.018695958,0.5115802,1.0,0.746454988077105, ,tan,0.625776798528456,salmon,0.221972228338972,True,False,True
Myocytes,SmoothMuscleCells,Fam3c,Lamp1,0.74720037,1.0,0.2641147,-0.486966271070424,-0.5440998250301038,0.009959835,0.73293996,1.0,0.7465283288540592, ,,,yellow,0.307810456078744,False,True,True
EndocardialCells,SmoothMuscleCells,Lamb1,Dag1,0.5147728,0.001,0.26418176,0.09886834713597296,0.1299723024557649,0.04958157,0.7329649,0.47092931215184725,0.7467913122133335, ,brown,0.406739902075495,,,True,False,True
Fibroblasts,Myocytes,Tgfb1,Cav1,0.4087765,1.0,0.13981068,-0.42469634812600116,-0.7889734341402246,0.008124061,0.66631013,1.0,0.7467913122133335, ,brown,0.757880766459934,,,True,False,True
EndothelialCells,EndocardialCells,Timp3,Ddr1,0.78542626,0.0,0.3095805,0.2625375396764314,0.26633617480382465,0.045717992,0.7481949,0.11310862230300855,0.7470480644000612, ,yellow,0.308157376549655,pink,0.241908366863852,True,False,True
SmoothMuscleCells,Leukocytes,Col6a1,Itga9_Itgb1,0.40872702,0.403,0.16622636,0.00717053769714987,0.09011280694831852,0.047592778,0.6852649,0.8529953945969581,0.7470541449977475, ,brown,0.618792290214031,,,True,False,True
EndocardialCells,Myocytes,Sorbs1,Itgb5,0.5244875,1.0,0.26421508,-0.13498635156113453,-0.2821020017174911,0.017235909,0.7329772,1.0,0.747317251823246, ,,,tan,0.521580300356519,False,True,True
SmoothMuscleCells,Fibroblasts,Adam15,Itgav,0.51443946,1.0,0.26444831,-0.05072646223494098,-0.0009958518022962215,0.034820236,0.73306346,1.0,0.7481067304135047, ,lightcyan,0.35510465639107,,,True,False,True
Leukocytes,Leukocytes,Col4a2,Cd44,0.51505905,0.993,0.12152451,0.21336884323436545,-0.03828553542382407,0.01998149,0.6505498,1.0,0.7481067304135047, ,brown,0.55242115377533,,,True,False,True
Leukocytes,SmoothMuscleCells,Tgfb1,Vasn,0.6859549,0.0,0.44059512,0.5601673151184203,0.6106250305571397,0.117568225,0.7799649,0.028541536280802495,0.7485077413144312, ,brown,0.780749588439731,red,0.620798040751772,True,False,True
SmoothMuscleCells,SmoothMuscleCells,Pdgfb,Lrp1,0.52000403,1.0,0.2644698,-0.1245995443092437,-0.31793201024137363,0.03569453,0.73307145,1.0,0.7486335000008982, ,darkorange,0.329367356438579,brown,0.561942294262648,True,True,True
EndothelialCells,Fibroblasts,Lamc1,Itga9_Itgb1,0.40832153,1.0,0.16114071,-0.15611986681155604,-0.29969457732650034,0.023986796,0.6819044,1.0,0.7486335000008982, ,brown,0.425314090034099,,,True,False,True
Myocytes,Myocytes,Angpt1,Tie1,0.73837286,0.0,0.12149726,0.6982922029426499,0.4900166856879614,0.019491421,0.6505243,0.30718581007815704,0.7486335000008982, ,blue,0.693979147525439,darkorange,0.249810980800106,False,True,True
Leukocytes,SmoothMuscleCells,Col4a2,Itga10_Itgb1,0.20970076,1.0,0.03852791,-0.05466684127665339,-0.24870527397311554,0.023177607,0.51177037,1.0,0.7486507109899948, ,brown,0.55242115377533,,,True,False,True
Fibroblasts,Myocytes,Rgma,Neo1,0.53240603,0.0,0.26457646,0.5887165887394411,0.897992832950629,0.12894388,0.7331109,0.024923274369137084,0.7491603040807263, ,turquoise,0.877967135570873,tan,0.718035067895697,False,True,True
SmoothMuscleCells,SmoothMuscleCells,Pdgfb,S1pr1,0.40824333,1.0,0.16545676,-0.24460811615357264,-0.4670919497228806,0.018071592,0.6847642,1.0,0.7491603040807263, ,darkorange,0.329367356438579,brown,0.496884663475412,True,True,True
SmoothMuscleCells,Fibroblasts,Fbn1,Itga5,0.5177207,0.089,0.26461226,0.03376766564566522,0.01666790510973365,0.05012326,0.73312414,0.6876828830834246,0.7496873552395876, ,brown,0.365133974520333,turquoise,0.507813729973822,True,False,True
Fibroblasts,EndothelialCells,Wnt11,Fzd4,0.40807864,0.0,0.13456817,0.3124467868307985,0.83905821771325,0.18175253,0.662048,0.028541536280802495,0.7499510799306601, ,,,yellow,0.507915957067658,False,True,True
EndocardialCells,Fibroblasts,Efemp2,Plscr4,0.5175753,0.978,0.26471698,-0.03845853565170603,-0.16084635228585942,0.041444585,0.7331629,1.0,0.7502148664631192, ,brown,0.641190213682498,turquoise,0.318638965676737,True,False,True
Myocytes,Fibroblasts,B2m,Hfe,0.5190942,1.0,0.26489884,-1.5257873099590922,-0.9390682434578883,0.009875921,0.73323,1.0,0.7507424120536406, ,lightcyan,0.258422460285535,,,True,False,True
Leukocytes,Leukocytes,Tgfb1,Tgfbr1_Tgfbr2,0.68534774,0.0,0.43955192,0.4070476647040817,0.5208222915073808,0.08539035,0.7797614,0.028541536280802495,0.7508447874254915, ,brown,0.780749588439731,,,True,False,True
EndocardialCells,SmoothMuscleCells,Adam15,Itgav,0.5364347,0.994,0.264931,-0.047820362403629926,-0.10939132805445395,0.034883793,0.73324186,1.0,0.7510063841038259, ,lightcyan,0.176865930443945,blue,0.303344082519337,True,False,True
Myocytes,SmoothMuscleCells,Tgfb1,Cav1,0.7768378,0.028,0.30874318,0.0039617922902774605,-0.15383850909800628,0.017940318,0.7479396,1.0,0.7511371452404291, ,darkred,0.84402401701177,midnightblue,0.401042124167732,False,True,True
Myocytes,Fibroblasts,Cxcl12,Sdc4,0.46383095,1.0,0.12118324,-0.19091525700970396,-0.3350546780855571,0.013465922,0.65023005,1.0,0.7512704180243914, ,tan,0.577984649656319,black,0.852742792716059,True,False,True
EndocardialCells,Fibroblasts,Lrig1,Egfr,0.51809305,0.0,0.26493475,0.6154340437695893,0.9965031350796736,0.27190596,0.7332433,0.01981357787165815,0.7512704180243914, ,lightcyan,0.7132035482221,,,True,False,True
Leukocytes,SmoothMuscleCells,Tnf,Tnfrsf21,0.40766257,0.0,0.1594863,0.6683810591646621,0.8613922013179443,0.26376247,0.6807841,0.013129947374133893,0.7512704180243914, ,turquoise,0.350511842215774,brown,0.729469459126359,False,True,True
Myocytes,Myocytes,Gnai2,Igf1r,0.40764958,1.0,0.14640296,-0.9605353095999188,-0.7337013913643421,0.008632023,0.6714124,1.0,0.7515345138225866, ,tan,0.462915726534463,magenta,0.745399090327849,True,False,True
SmoothMuscleCells,Leukocytes,Hspg2,Ptprs,0.43900305,1.0,0.12114195,-0.28126590437904886,-0.3457073380631269,0.015995033,0.65019125,1.0,0.7517984582783791, ,brown,0.289796805062604,,,True,False,True
Leukocytes,Fibroblasts,Col4a2,Itga11_Itgb1,0.21012054,1.0,0.038642004,-0.2833723395693505,-0.2739184110236279,0.029093025,0.5121398,1.0,0.7519415927442654, ,brown,0.55242115377533,,,True,False,True
SmoothMuscleCells,SmoothMuscleCells,Ltbp1,Itgb5,0.6851158,0.048,0.45517322,0.060576617956171155,0.06586330014217445,0.043634843,0.7827455,0.638573089477284,0.7520141867928569, ,,,brown,0.48064539237368,False,True,True
SmoothMuscleCells,Fibroblasts,Tfpi,F3,0.40757155,0.0,0.16450112,0.19688954217231833,0.3792430832360424,0.064921014,0.6841387,0.07706571208816479,0.7520626778036273, ,brown,0.39820117315939,,,True,False,True
Leukocytes,SmoothMuscleCells,Arf1,Pld2,0.7961619,0.943,0.26519573,-0.04438937331096468,-0.0991225498465853,0.024602588,0.73333955,1.0,0.7520626778036273, ,,,darkorange,0.552633030366007,False,True,True
Fibroblasts,Fibroblasts,Fstl1,Dip2a,0.8747611,0.0,0.30841005,0.47302874446517956,0.7361051262794795,0.06849445,0.7478378,0.028541536280802495,0.7523065625998704, ,brown,0.583455009663484,,,True,False,True
Fibroblasts,Leukocytes,Col4a3,Cd93,0.40739346,1.0,0.1598169,0.02468940807007866,0.08314122052018691,0.05506507,0.6810091,1.0,0.7528554943775105, ,,,brown,0.634483899866545,False,True,True
Myocytes,SmoothMuscleCells,Adm,Gpr20,0.6849672,0.0,0.39785156,1.4399312571771241,1.321365845259401,0.28968003,0.7710833,0.00020922089330591362,0.752891534125943, ,brown,0.433939583997392,black,0.632965411721269,True,False,True
Leukocytes,Leukocytes,S100a8,Cd36,0.49198887,0.92,0.12101031,0.04444467877249735,-0.14429759834239195,0.046835918,0.6500676,1.0,0.7533844905384003, ,,,brown,0.783650639892057,False,True,True
SmoothMuscleCells,EndocardialCells,Lama2,Cd44,0.23434474,1.0,0.03871888,-0.1729403310739446,-0.2141845531203056,0.014892253,0.51238805,1.0,0.753585885629952, ,brown,0.472765180178635,yellow,0.212459882063522,True,True,True
EndocardialCells,SmoothMuscleCells,Mdk,Lrp1,0.5209755,0.27,0.26562974,0.03859528736852816,-0.026824913107961756,0.059918832,0.73349947,0.7934986956965867,0.7536488679416271, ,blue,0.553764207837376,brown,0.561942294262648,False,True,True
Myocytes,SmoothMuscleCells,Fgf13,Fgfr3,0.45709744,0.0,0.12086534,0.803960893267597,0.7134188704191544,0.1646529,0.6499313,0.028541536280802495,0.7539135208147416, ,tan,0.510793532992465,red,0.689409272376365,True,False,True
SmoothMuscleCells,EndocardialCells,Angpt2,Itga5_Itgb1,0.5159721,0.0,0.26578727,0.2843492878905076,0.3801911521619213,0.08761261,0.73355734,0.029349911374156257,0.7539135208147416, ,brown,0.33277543675192,,,True,False,True
EndocardialCells,Myocytes,Trf,Hfe,0.42284653,1.0,0.12084292,-0.09141480219516687,-0.36551136891617314,0.013723645,0.6499102,1.0,0.7541782356379665, ,lightgreen,0.409599251884309,tan,0.587981482316645,False,True,True
Myocytes,Fibroblasts,Pam,Fap,0.99481714,0.0,0.30801672,0.8012911691237566,0.980864380336702,0.1670169,0.7477175,0.005511341247548829,0.754354497510856, ,brown,0.843521594083983,,,True,False,True
Fibroblasts,Myocytes,Psen1,Ncstn,0.40676662,0.861,0.16464527,-0.019982496380001463,-0.06676366815647056,0.03131484,0.6842333,1.0,0.7549725380537797, ,,,tan,0.790441710487318,False,True,True
EndocardialCells,Fibroblasts,Bgn,Ly96,0.77844656,0.0,0.26606575,0.2360969058648763,-0.0028798604534492345,0.031239666,0.7336597,0.40350903217986667,0.7549725380537797, ,lightcyan,0.368806923816196,turquoise,0.457138519449582,True,False,True
SmoothMuscleCells,Leukocytes,Tgfb1,Itgb1,0.6846279,1.0,0.35582733,-0.2636632181627038,-0.2804088919428855,0.016934687,0.7610822,1.0,0.7552327765401957, ,brown,0.732384831866489,,,True,False,True
Fibroblasts,EndothelialCells,Vegfa,Flt1_Kdr,0.84865475,0.0,0.30774432,0.5981143339841184,1.0895814103294006,0.082118586,0.747634,0.028541536280802495,0.7552327765401957, ,yellow,0.272486789574581,,,True,False,True
SmoothMuscleCells,EndocardialCells,Nampt,Insr,0.40672994,0.0,0.16434826,0.16327224925601536,0.19023148562907966,0.029545179,0.6840382,0.4736393943430189,0.7552375006999184, ,lightcyan,0.281201497523699,blue,0.579915496661264,True,False,True
EndocardialCells,SmoothMuscleCells,Efemp2,Aqp1,0.40657222,1.0,0.16230614,-0.15255508978930823,-0.32731579301622,0.026611371,0.6826855,1.0,0.75550231140537, ,brown,0.641190213682498,skyblue,0.575063349717767,True,False,True
SmoothMuscleCells,Leukocytes,Hspg2,Fgfr1,0.5417159,1.0,0.26628566,-0.3545776514699873,-0.4195146509281207,0.019706924,0.7337404,1.0,0.7557673979814274, ,brown,0.289796805062604,turquoise,0.430297655390796,True,False,True
Myocytes,Myocytes,Nampt,Insr,0.6845006,0.0,0.46145913,0.631823168531769,0.6112546661241356,0.08295733,0.7839093,0.028541536280802495,0.7562577216206389, ,grey60,0.745550812288189,midnightblue,0.494037113570807,False,True,True
Myocytes,EndocardialCells,Mfge8,Itgb5,0.27133936,1.0,0.038874947,-0.8024908727080057,-1.0578771404859197,0.0018434464,0.5128906,1.0,0.7563244811857136, ,tan,0.698770478903018,,,True,False,True
Fibroblasts,Leukocytes,Lman1,Mcfd2,0.68444014,0.909,0.4554709,-0.014749435386020401,-0.008348491216424558,0.030933581,0.78280103,1.0,0.7566970935721364, ,pink,0.532325274741199,brown,0.659553647979944,False,True,True
SmoothMuscleCells,EndocardialCells,Lama4,Cd44,0.23517111,1.0,0.03889584,-0.30002623292048336,-0.4488698182644248,0.008300236,0.5129577,1.0,0.7574193400811995, ,lightcyan,0.371485020380501,yellow,0.212459882063522,True,True,True
SmoothMuscleCells,Myocytes,Efna1,Epha4,0.7567444,0.0,0.266615,0.5787650960102023,0.6025448205917101,0.04391353,0.7338611,0.13111932029682274,0.7576243117886505, ,tan,0.166951503824429,brown,0.571232341148922,True,True,True
Fibroblasts,Myocytes,Tgfb1,Acvr1_Tgfbr2,0.20165226,1.0,0.038905103,-0.2874636462814946,-0.5676128422298294,0.006827399,0.51298743,1.0,0.757966635937484, ,brown,0.757880766459934,,,True,False,True
EndocardialCells,EndocardialCells,Adm,Gpr182,1.0153134,0.0,0.26674452,1.1143040362032355,1.0470588660210887,0.079101674,0.73390853,0.028541536280802495,0.7581555392188086, ,,,brown,0.891148367167637,False,True,True
EndothelialCells,Leukocytes,Pf4,Ldlr,0.19815709,1.0,0.03892569,-0.025804594047476967,-0.3116794723093623,0.021912511,0.51305354,1.0,0.7585137875293102, ,brown,0.640686712105496,,,True,False,True
Fibroblasts,Myocytes,Mfge8,Itgb5,0.68382597,1.0,0.39812902,-0.22281364820928568,-0.3951885646468205,0.01887924,0.7711448,1.0,0.758748577996208, ,,,tan,0.521580300356519,False,True,True
EndothelialCells,Myocytes,Efnb1,Ephb4,0.6569303,0.0,0.26681936,0.17245870771774374,0.31652793290912357,0.037136972,0.73393595,0.2344294477715826,0.7589526312999295, ,cyan,0.56413450404687,brown,0.458366113710416,False,True,True
Fibroblasts,Fibroblasts,Pgf,Nrp1,0.6837431,1.0,0.41943786,-0.07545781266008686,0.0048756478134495684,0.04396042,0.775713,1.0,0.7590417311711047, ,turquoise,0.544896813152756,yellow,0.250435830471026,False,True,True
Myocytes,Leukocytes,Wnt5a,Lrp5,0.20013317,0.897,0.038939126,0.03621963978126734,-0.06218568779035619,0.037872404,0.51309663,1.0,0.7590609052992019, ,tan,0.430635396063789,blue,0.687753281234141,True,False,True
EndothelialCells,Myocytes,Calr,Itgav,0.6940954,1.0,0.30595022,-0.1839017113090776,-0.19106826006681493,0.023179404,0.7470821,1.0,0.7596282567470036, ,yellow,0.359407124794825,grey60,0.700690341838197,True,False,True
SmoothMuscleCells,Myocytes,Col4a5,Cd47,0.40534168,1.0,0.15336834,-0.3850026003961242,-0.3011031883009794,0.021410357,0.676519,1.0,0.7600163611299394, ,brown,0.452711648416098,orange,0.66133460139945,True,True,True
Myocytes,SmoothMuscleCells,App,Lrp1,0.52229667,1.0,0.26720732,-0.8857236598107256,-0.7668697357827214,0.012727131,0.7340778,1.0,0.7605484911272236, ,greenyellow,0.498943422270878,brown,0.561942294262648,False,True,True
SmoothMuscleCells,SmoothMuscleCells,Tfpi,Lrp1,0.5223894,1.0,0.26731807,-0.11547861045573035,-0.20013542354124592,0.023148593,0.73411816,1.0,0.7608147567083539, ,brown,0.39820117315939,brown,0.561942294262648,True,True,True
SmoothMuscleCells,Myocytes,Adam15,Itga5,0.40504497,1.0,0.1488031,-0.30194565008240604,-0.459267234656337,0.016610658,0.6732036,1.0,0.7610808694492224, ,lightcyan,0.35510465639107,magenta,0.871006489400557,True,False,True
Fibroblasts,Fibroblasts,Tgfb1,Itgb1,0.6709745,1.0,0.2675468,-0.27713826424294297,-0.4834135181555383,0.012733203,0.7342017,1.0,0.7613472592645708, ,brown,0.757880766459934,black,0.76802340300577,True,False,True
Fibroblasts,Myocytes,B2m,Hfe,0.93000126,1.0,0.30555418,-0.23122973388438417,-0.46813254779812513,0.011391628,0.7469597,1.0,0.7613886394937939, ,black,0.736358355575081,tan,0.587981482316645,False,True,True
Fibroblasts,Myocytes,Tfpi,F3,0.40486526,0.0,0.14421192,0.1454993486588188,0.0919908954515398,0.056913808,0.66974694,0.2148140058243375,0.7616137112329775, ,brown,0.474048497087387,tan,0.391722513603458,True,True,True
Myocytes,EndocardialCells,Lama5,Sdc1,0.20508437,0.0,0.039170843,0.10158145649720252,0.0886843500651697,0.027700927,0.51383775,0.564408916851991,0.7617951035819979, ,tan,0.625776798528456,lightgreen,0.664818986973015,True,False,True
Fibroblasts,EndocardialCells,Vegfa,Itgb1,0.75169086,0.0,0.26771453,0.15950349734914615,0.15856960669257755,0.031307716,0.73426276,0.4001363749356966,0.7618802253616925, ,yellow,0.272486789574581,pink,0.572507776572743,True,False,True
Fibroblasts,Fibroblasts,Hspg2,Sdc1,0.6450112,0.0,0.2677854,0.1395270314473689,0.15367276835893956,0.05496641,0.73428863,0.14423445955471578,0.7621465864785004, ,brown,0.485029372814491,,,True,False,True
SmoothMuscleCells,EndothelialCells,Bmp4,Lrp6,0.20799935,1.0,0.03917986,-0.20911837595506094,-0.3452166193714634,0.014696614,0.5138665,1.0,0.7623416872486226, ,tan,0.262138911546446,,,True,False,True
Myocytes,Myocytes,Efna5,Epha4,0.68235755,0.0,0.07172758,0.5505250764282018,0.5733548098690281,0.028281879,0.5885166,0.30718581007815704,0.7625628985149633, ,black,0.489802386764454,brown,0.571232341148922,False,True,True
EndocardialCells,Fibroblasts,Mmrn2,Clec14a,0.9896256,0.0,0.2678368,0.43381647814848745,0.01578761668039219,0.02422428,0.7343074,0.7716201967928416,0.7626799255023449, ,brown,0.943558775036418,,,True,False,True
Fibroblasts,EndocardialCells,Bmp4,Bmpr1a_Bmpr2,0.40454966,0.0,0.16188507,0.2535193311890691,0.404349364366247,0.11976055,0.68240404,0.04147737480376026,0.7626799255023449, ,yellow,0.321909400792098,,,True,False,True
Myocytes,Myocytes,Lama5,Cd44,0.20511737,0.136,0.039187927,0.03162707422166276,-0.018740971950409163,0.0190452,0.5138922,1.0,0.7628881267806079, ,tan,0.625776798528456,magenta,0.718777026774563,True,False,True
EndothelialCells,Myocytes,Tgfb1,Tgfbr3,0.54566985,0.0,0.26824972,0.08918137681424397,0.12154521313833089,0.034608077,0.7344577,0.29716356504500174,0.7640139304399709, ,brown,0.518107180491385,brown,0.487576749012742,True,True,True
EndocardialCells,SmoothMuscleCells,Fn1,Flt4,0.4039766,0.0,0.12872611,0.29165947337446624,0.21627726653148277,0.05233178,0.657065,0.09528954355013182,0.7640139304399709, ,,,tan,0.230468949826405,False,True,True
SmoothMuscleCells,Fibroblasts,Vtn,Itga5,0.6819217,0.0,0.41542068,1.34787630532984,1.0318649658751597,0.18939625,0.77487475,0.0031279493018739023,0.7643251719128656, ,brown,0.715989746853182,turquoise,0.507813729973822,True,False,True
SmoothMuscleCells,Fibroblasts,Tgfb1,Egfr,0.40384674,0.0,0.16004437,0.13173350796260774,0.3266547547904734,0.08282775,0.6811636,0.14958600625153062,0.7650823831222268, ,brown,0.732384831866489,,,True,False,True
Fibroblasts,Leukocytes,Col4a5,Cd93,0.5192562,0.045,0.26850975,0.08347948737614164,0.2751252438217461,0.04411742,0.73455215,0.6349901380705165,0.7656170907269277, ,,,brown,0.634483899866545,False,True,True
Myocytes,SmoothMuscleCells,Copa,Cd74,0.48343557,0.124,0.119614184,-0.005493521096377019,-0.08427477437340947,0.014603103,0.6487466,1.0,0.7656170907269277, ,midnightblue,0.475185440944878,brown,0.628700992199273,True,True,True
EndothelialCells,SmoothMuscleCells,Apoe,Lrp5,0.5634891,1.0,0.26891434,-0.33237255378744207,-0.4178843460495834,0.020934174,0.73469883,1.0,0.7666870371894798, ,,,lightcyan,0.468034414228244,False,True,True
EndocardialCells,Myocytes,Lama4,Itga3_Itgb1,0.4999696,0.0,0.11955165,0.2536148971783113,0.2495522722052112,0.068245016,0.64868706,0.07609290266339765,0.7666870371894798, ,brown,0.394621679147421,,,True,False,True
SmoothMuscleCells,Leukocytes,Col4a5,Cd44,0.59749794,0.0,0.2689611,0.7177280949975285,0.7564843223781801,0.13336784,0.7347158,0.028541536280802495,0.7669545174066197, ,brown,0.452711648416098,,,True,False,True
Myocytes,EndothelialCells,Wnt5a,Adrb2,0.20109892,0.0,0.039390147,0.1590319912537053,0.17638896374359994,0.07602815,0.51453507,0.12583176208819388,0.7672567712085256, ,tan,0.430635396063789,,,True,False,True
EndocardialCells,SmoothMuscleCells,Adm,Calcrl,0.21014607,1.0,0.039404456,-0.2075527938138027,-0.37136361223091674,0.013280758,0.5145804,1.0,0.7678024652946176, ,,,yellow,0.365118118294976,False,True,True
EndocardialCells,EndothelialCells,Adam15,Itga5,0.5394771,1.0,0.26911443,-0.11910711078877925,-0.16614758779904953,0.030040823,0.7347714,1.0,0.7680257092485099, ,lightcyan,0.176865930443945,,,True,False,True
SmoothMuscleCells,EndothelialCells,Tgfb3,Acvr1_Tgfbr1_Tgfbr2,0.43151674,0.0,0.11940774,0.06742311265043024,0.029270415231131552,0.034631886,0.6485498,0.32167367117763673,0.7681595972008284, ,brown,0.511531512491637,,,True,False,True
SmoothMuscleCells,EndothelialCells,Tgfb3,Tgfbr1_Tgfbr2,0.43151674,0.0,0.11940774,0.06742311265043024,0.029270415231131552,0.034631886,0.6485498,0.32167367117763673,0.7681595972008284, ,brown,0.511531512491637,,,True,False,True
Myocytes,Myocytes,Fgf7,Fgfr1,0.19862378,1.0,0.039443534,-0.20362352907160142,-0.31018068624523143,0.027299436,0.51470417,1.0,0.7683480704598117, ,brown,0.584610251626662,magenta,0.803121502214596,True,False,True
EndothelialCells,SmoothMuscleCells,Tgm2,Tbxa2r,0.7447079,0.0,0.30377465,0.40974068540201614,0.5970667362215647,0.087947406,0.7464073,0.028541536280802495,0.7684419675459229, ,,,tan,0.583779196602556,False,True,True
EndothelialCells,Fibroblasts,Sema3f,Nrp1,0.68058085,1.0,0.41372693,-0.013102241629997957,0.13793332813125658,0.050885577,0.7745182,1.0,0.7690306297778788, ,,,yellow,0.250435830471026,False,True,True
EndocardialCells,Leukocytes,Tgs1,Rxra,0.40291458,0.0,0.16112356,0.15156080339814237,0.1871622467798832,0.047252707,0.6818929,0.12182151141645438,0.7690978980361632, ,blue,0.279107508735661,brown,0.495301817055943,False,True,True
SmoothMuscleCells,Leukocytes,Hsp90b1,Tlr4,0.6803957,0.975,0.38031638,-0.06004450435631992,0.11247302980121515,0.045005847,0.76708084,1.0,0.7693250700249422, ,yellow,0.537608497036761,turquoise,0.445876497103553,True,False,True
EndothelialCells,Myocytes,Adam10,Tspan12,0.54115546,0.989,0.2694295,-0.04601936020620839,-0.10272530181470085,0.024100123,0.73488533,1.0,0.7696342581363074, ,yellow,0.336816268854491,tan,0.589192837879818,True,True,True
Fibroblasts,Myocytes,Vcl,Itgb5,0.4026729,1.0,0.16183762,-0.2304353897445372,-0.4116179428566497,0.014370964,0.68237233,1.0,0.769902639992297, ,,,tan,0.521580300356519,False,True,True
Fibroblasts,Myocytes,Col4a6,Cd93,0.2453983,1.0,0.039467927,-0.17283771654036922,-0.14619319079686666,0.013397613,0.5147814,1.0,0.7699842974778417, ,cyan,0.263036518533227,tan,0.291337625930732,False,True,True
Myocytes,Myocytes,Fgf1,Nrp1,0.5967432,1.0,0.26951444,0.3376046803508713,0.08954233636335718,0.025607035,0.7349161,1.0,0.7701710842332867, ,orange,0.689259866805731,,,True,False,True
Myocytes,SmoothMuscleCells,C1qa,Cd93,0.4580053,0.997,0.11929871,-0.10738620172660461,-0.36973955289523086,0.0112325,0.6484457,1.0,0.7701710842332867, ,brown,0.782349278403491,,,True,False,True
Fibroblasts,Leukocytes,Adam10,Axl,0.52253616,1.0,0.26965523,-0.16788420236351909,-0.3276924844473933,0.022401026,0.73496693,1.0,0.7704395908665256, ,pink,0.666173092860001,brown,0.704728587075672,False,True,True
Myocytes,SmoothMuscleCells,Adm,Ramp2,0.40233666,1.0,0.16163279,-0.4048178711273084,-0.4414392417573687,0.023343962,0.682235,1.0,0.7707079431113627, ,brown,0.433939583997392,brown,0.775045808065257,True,True,True
EndothelialCells,Myocytes,Tgfb1,Lpp,0.546689,0.227,0.26971206,0.03227957383076846,0.053640542989997375,0.024516108,0.73498744,0.7750679427918684,0.7709765745004786, ,brown,0.518107180491385,tan,0.741372690125616,True,True,True
SmoothMuscleCells,EndocardialCells,Adam10,Cd44,0.23830342,1.0,0.039566603,-0.27341635935522657,-0.3678546362602519,0.0075605037,0.51509327,1.0,0.7710747077192257, ,red,0.449991483193517,yellow,0.212459882063522,False,True,True
Myocytes,EndocardialCells,Cd59b,Stab1,0.9330478,0.0,0.30308148,0.9283463936921397,0.9815576781409967,0.20757034,0.746191,0.004944405125067372,0.7710919312769577, ,magenta,0.681596300378019,brown,0.724869437103166,False,True,True
SmoothMuscleCells,SmoothMuscleCells,Fbn1,Itga5,0.40232116,1.0,0.13162062,-0.14043703459390378,-0.24184750030539748,0.024931781,0.6595659,1.0,0.7715138075889467, ,brown,0.365133974520333,brown,0.546566959140606,True,True,True
SmoothMuscleCells,Myocytes,Tgfb1,Itgb1,0.5612519,1.0,0.2697998,-0.47827520655138334,-0.47103238270579223,0.012840427,0.7350191,1.0,0.771782626191402, ,brown,0.732384831866489,greenyellow,0.433544316700636,True,False,True
Myocytes,Fibroblasts,Mif,Cd44_Cd74,0.53581816,0.713,0.11900667,-0.03507641311234096,-0.22313755363282178,0.0116933435,0.64816624,1.0,0.7723204507107728, ,brown,0.584111510335633,,,True,False,True
Leukocytes,Myocytes,Adam10,Tspan12,0.54188657,0.988,0.26999697,-0.044983982012946205,-0.1698145857049317,0.024150884,0.7350902,1.0,0.7725892395016445, ,turquoise,0.222395601537507,tan,0.589192837879818,False,True,True
Fibroblasts,EndothelialCells,Wnt5a,Fzd4,0.40198767,0.0,0.12741916,0.30885905174315353,0.8261508532972124,0.14518808,0.65591437,0.028541536280802495,0.772858307840133, ,,,yellow,0.507915957067658,False,True,True
Fibroblasts,SmoothMuscleCells,Nampt,Insr,0.4019223,0.0,0.16098566,0.15948681067901985,0.1877877703703847,0.028940676,0.6818,0.503158810336305,0.7731274386433515, ,yellow,0.202506159545502,purple,0.577260982928268,True,False,True
EndothelialCells,EndocardialCells,Col4a2,Itgb5,0.7427733,1.0,0.11894854,-0.06514987399459615,-0.09203873160718457,0.00813905,0.6481105,1.0,0.7731274386433515, ,yellow,0.155737396507289,,,True,False,True
Fibroblasts,SmoothMuscleCells,Bgn,Ly96,0.8855661,0.0,0.27020824,0.3761213317229023,0.5321334798422308,0.031726055,0.7351664,0.30718581007815704,0.7731274386433515, ,brown,0.765417544462891,darkgrey,0.358569329556742,True,False,True
Myocytes,SmoothMuscleCells,Vcl,Itgb5,0.67906857,0.0,0.44544536,0.15048127221442453,0.11287568182995189,0.03955495,0.7809029,0.18928479039952817,0.7734497543225458, ,,,brown,0.48064539237368,False,True,True
SmoothMuscleCells,Myocytes,Adam15,Itgav,0.4016791,1.0,0.14524491,-0.24095575599865424,-0.3383519165833096,0.019124577,0.67053574,1.0,0.7736656703307903, ,lightcyan,0.35510465639107,grey60,0.700690341838197,True,False,True
SmoothMuscleCells,Myocytes,Tgfb2,Tgfbr3,0.40165162,0.297,0.16055371,0.02334324082466578,0.022571107956391834,0.04120222,0.6815085,0.8058246584513294,0.773934988521262, ,purple,0.414187267702088,brown,0.487576749012742,False,True,True
Fibroblasts,SmoothMuscleCells,Gnai2,Tbxa2r,0.74115324,1.0,0.30204076,-0.0973665777366489,-0.1185811915055699,0.05245404,0.74586517,1.0,0.7740395395977071, ,black,0.78566112490779,tan,0.583779196602556,False,True,True
Myocytes,SmoothMuscleCells,Lrpap1,Lrp1,0.525018,1.0,0.27045685,-0.28548667270093475,-0.431372565155606,0.021050164,0.73525596,1.0,0.7747431005400915, ,black,0.722489711221455,brown,0.561942294262648,False,True,True
Fibroblasts,SmoothMuscleCells,Col1a1,Flt4,0.72866815,0.0,0.27049488,0.5369832498490527,0.8202426215400334,0.115404494,0.73526955,0.028541536280802495,0.7750126686984966, ,,,tan,0.230468949826405,False,True,True
Myocytes,Fibroblasts,Adam17,Notch1,0.20945343,1.0,0.03967091,-0.3787012683910511,-0.7864766681075424,0.0053163376,0.5154221,1.0,0.775432684297443, ,magenta,0.772774351318693,yellow,0.264341417098466,False,True,True
Leukocytes,SmoothMuscleCells,Fn1,Itga9,0.20469952,1.0,0.039675362,-0.13841283484695008,-0.12376254823017177,0.012327494,0.51543605,1.0,0.7759770453577272, ,,,brown,0.572216452048973,False,True,True
Fibroblasts,SmoothMuscleCells,Adam15,Itga9,0.40106136,1.0,0.13859682,-0.22862188318232318,-0.45561758866052626,0.017537355,0.66534,1.0,0.7760913488355443, ,,,brown,0.572216452048973,False,True,True
Leukocytes,Leukocytes,Tfpi,Sdc4,0.40095443,1.0,0.13105768,-0.04495409836086492,-0.18247452071585601,0.015824094,0.6590846,1.0,0.7763610117828552, ,brown,0.786058550988916,,,True,False,True
SmoothMuscleCells,EndocardialCells,Lama4,Itga6_Itgb1,0.40075225,1.0,0.15919752,-0.1403416469937788,-0.30468593609890543,0.027126601,0.6805872,1.0,0.776900960953989, ,lightcyan,0.371485020380501,,,True,False,True
Myocytes,EndothelialCells,Fgf13,Fgfr1,0.4554965,0.0,0.11845153,0.5064242641633799,0.22527449452269388,0.043829635,0.64763296,0.1324897745121265,0.776900960953989, ,tan,0.510793532992465,,,True,False,True
Myocytes,EndocardialCells,Lama5,Bcam,0.6527342,0.0,0.2709026,0.39463333358768105,0.33154158547526974,0.042527646,0.73541623,0.14669385440400054,0.776900960953989, ,tan,0.625776798528456,,,True,False,True
Leukocytes,Leukocytes,Tgs1,Rxra,0.40070817,0.0,0.15949947,0.14814350897423686,0.2180155735085325,0.04677641,0.6807931,0.12636204446024182,0.7774409423702777, ,turquoise,0.274240883874761,brown,0.495301817055943,False,True,True
EndocardialCells,EndothelialCells,Hspg2,Dag1,0.67134744,0.837,0.27131104,-0.02960908044756423,-0.098562414106445,0.025147073,0.73556274,1.0,0.7777111359305398, ,brown,0.437670232192996,,,True,False,True
EndocardialCells,Myocytes,B2m,Hfe,0.9162727,1.0,0.3005541,-0.26826991074692436,-0.474069517827501,0.011205214,0.74539715,1.0,0.7781715948673076, ,black,0.76999225884644,tan,0.587981482316645,False,True,True
Myocytes,SmoothMuscleCells,Tfpi,Sdc4,0.57209116,0.0,0.27143857,0.10954398477535357,0.1141574371052203,0.03277389,0.7356084,0.35070516530108325,0.778521873960784, ,brown,0.493469316651968,tan,0.661881494233523,True,True,True
SmoothMuscleCells,Fibroblasts,Ntn1,Unc5b,0.4004175,1.0,0.12088606,-0.09878635917855236,-0.20610872083575726,0.022909582,0.6499508,1.0,0.778521873960784, ,tan,0.0269384866982683,turquoise,0.776803778554489,True,False,True
Fibroblasts,SmoothMuscleCells,Pgf,Nrp1,0.67800814,1.0,0.41411,-0.083849353948558,0.16000940436535943,0.043402016,0.774599,1.0,0.778762429459358, ,turquoise,0.544896813152756,lightcyan,0.26029605688583,False,True,True
SmoothMuscleCells,Leukocytes,Lama4,Itga9_Itgb1,0.4004162,1.0,0.15895338,-0.07879366139297762,-0.07310493829577963,0.026136024,0.68042034,1.0,0.7787923178947932, ,lightcyan,0.371485020380501,,,True,False,True
SmoothMuscleCells,SmoothMuscleCells,Col6a1,Itga1_Itgb1,0.5476875,0.0,0.27180648,0.13148989449428228,0.16057646408261278,0.07333118,0.73574007,0.14978702890922996,0.7790628244529937, ,brown,0.618792290214031,,,True,False,True
SmoothMuscleCells,Leukocytes,Adam15,Itga5,0.40031475,1.0,0.1438026,-0.30908620971344347,-0.42879444211398,0.016052458,0.6694325,1.0,0.7790628244529937, ,lightcyan,0.35510465639107,,,True,False,True
Myocytes,EndothelialCells,B2m,Hfe,0.5250567,1.0,0.27189437,-1.5179322766366115,-0.8165682528845488,0.010136727,0.7357715,1.0,0.7793331752403083, ,lightcyan,0.258422460285535,cyan,0.352700198819641,True,False,True
EndocardialCells,EndocardialCells,Lama4,Dag1,0.58853245,0.0,0.27207524,0.08562378648193003,0.05731111331242156,0.038149063,0.7358362,0.27116634214130186,0.7806867420058758, ,brown,0.394621679147421,,,True,False,True
Fibroblasts,SmoothMuscleCells,Arf1,Pld2,0.81445915,0.66,0.2721111,-0.006981384043934079,-0.08218067535440499,0.025244141,0.73584896,0.9615464366869025,0.7809576870352308, ,black,0.910450519950839,darkorange,0.552633030366007,False,True,True
EndocardialCells,Myocytes,Lamc1,Itga7_Itgb1,0.6775179,1.0,0.44974792,-0.48174481752287956,-0.5102158278508818,0.018352704,0.78172415,1.0,0.7811269537723624, ,brown,0.697901590493492,,,True,False,True
Myocytes,EndocardialCells,Wnt5a,Epha7,0.3999833,0.0,0.13227405,0.5833048880220284,0.8405009594716415,0.24784848,0.66012174,0.026009438294247435,0.7812284759904844, ,tan,0.430635396063789,,,True,False,True
EndothelialCells,SmoothMuscleCells,Sema4c,Plxnb2,0.52711093,0.0,0.2721478,0.3072919325234687,0.5709334127729693,0.07743014,0.7358621,0.028541536280802495,0.7812284759904844, ,turquoise,0.657944295195514,brown,0.400012394284695,False,True,True
Myocytes,EndothelialCells,Alb,B2m_Fcgrt,0.39351177,1.0,0.039811835,-0.08435523527686302,-0.1925292419758179,0.042606436,0.51586485,1.0,0.7814156079747931, ,midnightblue,0.250381300445819,,,True,False,True
SmoothMuscleCells,EndocardialCells,Lama2,Itga6_Itgb1,0.39992586,0.657,0.15847322,-0.01325574514724006,-0.07000067095478624,0.048670445,0.6800914,0.9598393515274866,0.7814995463408445, ,brown,0.472765180178635,,,True,False,True
SmoothMuscleCells,EndocardialCells,Ntn1,Neo1,0.19962278,1.0,0.039844505,-0.173030690333485,-0.30019232642707416,0.009064436,0.5159673,1.0,0.7819589925260353, ,tan,0.0269384866982683,turquoise,0.424230348646036,True,False,True
Fibroblasts,EndocardialCells,Bmp4,Lrp6,0.39981106,0.0,0.15765175,0.08844807029552679,0.1457936184143367,0.05913617,0.6795257,0.22596303537978937,0.7820418751388286, ,yellow,0.321909400792098,darkred,0.737642608147084,True,False,True
EndocardialCells,EndocardialCells,Lamc1,Itga6_Itgb4,0.399664,0.723,0.12678626,0.2344379346270592,0.10643963783224297,0.10854701,0.6553523,0.9934151422100777,0.7823129146422804, ,brown,0.697901590493492,,,True,False,True
SmoothMuscleCells,Leukocytes,Lama2,Itga9_Itgb1,0.39958984,0.071,0.1582302,0.048292240453561106,0.16158032684833956,0.046893153,0.67992437,0.6707607434995236,0.7825842357722019, ,brown,0.472765180178635,,,True,False,True
EndothelialCells,EndocardialCells,Lamc1,Dag1,0.39951023,1.0,0.15262794,-0.21531835232242325,-0.39340313794140935,0.019374307,0.67598915,1.0,0.7828556196277883, ,brown,0.425314090034099,,,True,False,True
SmoothMuscleCells,Leukocytes,Ngf,Maged1,0.71620226,0.0,0.2726072,0.21032064194997135,0.21604562210878775,0.029017048,0.7360259,0.4989303471929945,0.7828556196277883, ,turquoise,0.436097335929085,yellow,0.263599218980149,False,True,True
EndocardialCells,Leukocytes,Ptgs2,Cav1,0.20196995,1.0,0.0398558,-0.37271795359258464,-0.6745711095073827,0.012839041,0.5160027,1.0,0.7830454406286422, ,,,brown,0.71721751830981,False,True,True
EndocardialCells,Myocytes,Agrn,Itgb1,0.67661506,0.995,0.44835058,-0.11036057048557169,0.016075254210526968,0.03705617,0.78145856,1.0,0.7831976660675914, ,brown,0.356244589967685,greenyellow,0.433544316700636,True,False,True
EndocardialCells,Leukocytes,Lamb2,Itga9_Itgb1,0.53038234,0.014,0.27268967,0.06072957760859693,0.14443103501863042,0.033124603,0.7360554,0.5690757601643875,0.7833983563837956, ,brown,0.473770160271624,,,True,False,True
Myocytes,Myocytes,Tgfb2,Tgfbr3,0.24031895,1.0,0.039910067,-0.22436590297304349,-0.4203287234412894,0.010241951,0.5161726,1.0,0.7835885590130098, ,darkgrey,0.502434250975649,brown,0.487576749012742,False,True,True
Myocytes,EndocardialCells,Col1a2,Cd93,0.78502214,0.0,0.11783152,0.053923995202057595,-0.1475942762242911,0.010898617,0.6470339,1.0,0.7836699284092288, ,,,lightcyan,0.582187985085655,False,True,True
EndocardialCells,Myocytes,Efna5,Epha4,0.7691677,0.0,0.29916325,0.7054110982199253,0.8373743378080625,0.117958784,0.74495685,0.028541536280802495,0.7837896074184274, ,black,0.59192138555447,brown,0.571232341148922,False,True,True
SmoothMuscleCells,Fibroblasts,Tgfb3,Acvrl1,0.6764181,0.0,0.4573578,0.16574931698538256,0.1823173247371176,0.073719025,0.7831522,0.12010815536237988,0.784085686468741, ,brown,0.511531512491637,,,True,False,True
Myocytes,Myocytes,Tgs1,Rxra,0.20049745,1.0,0.039925743,-0.16704239380449307,-0.3367692330255687,0.011709022,0.51622164,1.0,0.7841315886865917, ,tan,0.693064510142974,magenta,0.803030041973879,True,False,True
SmoothMuscleCells,SmoothMuscleCells,Col3a1,Itga1_Itgb1,0.5485531,0.001,0.27304515,0.0692768045354599,0.048848191426307364,0.06014703,0.73618186,0.47092931215184725,0.7844848016787371, ,tan,0.742640569981712,,,True,False,True
SmoothMuscleCells,SmoothMuscleCells,Col1a2,Flt4,0.3992954,0.892,0.12668218,-0.036818756188921026,-0.17449035755624026,0.035650402,0.6552595,1.0,0.7844848016787371, ,,,tan,0.230468949826405,False,True,True
Myocytes,SmoothMuscleCells,Alb,B2m_Fcgrt,0.394581,1.0,0.03992803,-0.08278561078704526,-0.16154184604429922,0.04273079,0.5162288,1.0,0.784674529656634, ,midnightblue,0.250381300445819,,,True,False,True
EndocardialCells,EndocardialCells,Lamb2,Itga6_Itgb1,0.5307183,0.54,0.27310848,-0.0008184079922042356,-0.08714996278449538,0.034380052,0.73620445,0.9080376364841455,0.7847566247156321, ,brown,0.473770160271624,,,True,False,True
SmoothMuscleCells,Myocytes,Jag1,Notch2,0.50676495,0.0,0.117704906,0.24280648456672554,0.2079432342745911,0.026185988,0.6469111,0.643300444131176,0.7847566247156321, ,,,midnightblue,0.62811133093121,False,True,True
Myocytes,EndothelialCells,Lama5,Bcam,0.7071803,0.0,0.29908735,0.46769167831367187,0.6774581074725627,0.046952225,0.7449327,0.10235464427494098,0.7849738789869287, ,tan,0.625776798528456,,,True,False,True
Myocytes,Myocytes,Mdk,Ncl,0.45411038,1.0,0.11769847,-0.2925372256370662,-0.36047258434256757,0.014746976,0.6469049,1.0,0.7850282910711344, ,darkgrey,0.327125163115844,darkorange,0.322095469852674,False,True,True
Leukocytes,SmoothMuscleCells,Bgn,Ly96,0.20278487,1.0,0.03995411,-0.5362936735121049,-0.8223548739768223,0.0046911454,0.51631033,1.0,0.7852173271566245, ,lightcyan,0.647405502543849,darkgrey,0.358569329556742,True,False,True
Leukocytes,Fibroblasts,Dcn,Egfr,0.39882547,1.0,0.15543431,-0.10520446004418049,-0.007770477870422177,0.064517505,0.6779813,1.0,0.7855722509908121, ,brown,0.644747610735882,,,True,False,True
SmoothMuscleCells,Fibroblasts,Tgfb1,Lpp,0.56704783,0.015,0.27384114,0.035310348743984574,0.06048826477832009,0.02489143,0.7364645,0.7291977059794467,0.7855722509908121, ,brown,0.732384831866489,,,True,False,True
Myocytes,Myocytes,Adam10,Notch2,0.21630189,1.0,0.03997929,-0.42762467012403016,-0.6231916782363182,0.005116055,0.516389,1.0,0.785760090750272, ,,,midnightblue,0.62811133093121,False,True,True
Fibroblasts,Leukocytes,Il15ra,Axl,0.39881852,1.0,0.12595725,-0.052817731972252854,-0.0748593979667404,0.027581528,0.65461105,1.0,0.7858443251551187, ,,,brown,0.704728587075672,False,True,True
SmoothMuscleCells,Leukocytes,Tgfb1,Itgb5,0.5670576,0.99,0.273848,-0.06871424084309943,-0.09335951266420867,0.025677437,0.73646694,1.0,0.7861162424643059, ,brown,0.732384831866489,turquoise,0.76035177467005,True,False,True
Leukocytes,SmoothMuscleCells,Tfpi,Vldlr,0.20177868,1.0,0.039995365,-0.18516216960665907,-0.3373088532156743,0.0059433216,0.5164392,1.0,0.786302765662115, ,brown,0.786058550988916,,,True,False,True
EndocardialCells,SmoothMuscleCells,Pdgfb,Lrp1,0.3987344,1.0,0.11966429,-0.2610251251494903,-0.6345913719732034,0.016150655,0.6487944,1.0,0.7863884422104472, ,,,brown,0.561942294262648,False,True,True
Fibroblasts,SmoothMuscleCells,Vegfa,Itgb1,0.82629925,0.0,0.29851526,0.289285147492239,0.2607000659493093,0.03490969,0.74475074,0.2870412302831315,0.7870475396186116, ,yellow,0.272486789574581,,,True,False,True
EndocardialCells,SmoothMuscleCells,Ltbp3,Itgb5,0.67565894,0.0,0.43996042,0.14726941968810797,0.14215656834904467,0.059278086,0.7798412,0.15695139694718213,0.7873439743452979, ,,,brown,0.48064539237368,False,True,True
Leukocytes,Fibroblasts,Tgfb1,Cav1,0.5890509,1.0,0.27411696,-0.09867605628956627,-0.5269116476485849,0.015928272,0.7365622,1.0,0.7874776496175914, ,brown,0.780749588439731,,,True,False,True
EndothelialCells,Leukocytes,Adam10,Il6ra,0.6755966,0.0,0.45608503,0.5603911248624962,0.7267691069359142,0.13502397,0.78291553,0.028541536280802495,0.7876403216802141, ,yellow,0.336816268854491,,,True,False,True
SmoothMuscleCells,Myocytes,Fbn1,Itgb1,0.67504334,1.0,0.44591793,-0.36654673159669265,-0.3438542355336518,0.026247278,0.7809936,1.0,0.7885296765952183, ,brown,0.365133974520333,greenyellow,0.433544316700636,True,False,True
EndocardialCells,Myocytes,Bgn,Ly96,0.7237974,0.0,0.11725972,0.15033725070967077,-0.10157800422781466,0.013767855,0.6464782,1.0,0.78856786231704, ,lightcyan,0.368806923816196,tan,0.509725385310724,True,True,True
Myocytes,Fibroblasts,Fgf1,Egfr,0.67502767,0.0,0.4090176,1.2511714899622137,1.3138882573304766,0.38457504,0.77351695,0.00019590713589416026,0.7888262724097106, ,orange,0.689259866805731,,,True,False,True
SmoothMuscleCells,Fibroblasts,Tgfb1,Vasn,0.3984198,0.007,0.1562603,0.1032659860122314,0.22558919079174594,0.04169644,0.6785596,0.5422300974172793,0.7888406276669081, ,brown,0.732384831866489,,,True,False,True
Fibroblasts,SmoothMuscleCells,Hspg2,Ptprs,0.67492336,0.011,0.3294073,0.054067685198499804,0.02398285696513086,0.043493446,0.7539973,0.5587726825702266,0.7891227806949891, ,brown,0.485029372814491,,,True,False,True
Leukocytes,EndothelialCells,Timp3,Kdr,0.90847373,0.003,0.29789376,-0.24258596867188487,0.3886427904254468,0.017607829,0.7445527,1.0,0.7891227806949891, ,lightcyan,0.542032628399973,turquoise,0.856715396468162,True,False,True
EndothelialCells,SmoothMuscleCells,Sema3f,Nrp1,0.6748459,0.981,0.4084716,-0.021493782918469095,0.29306708468316645,0.050239205,0.7734,1.0,0.7894194408457513, ,,,lightcyan,0.26029605688583,False,True,True
EndothelialCells,SmoothMuscleCells,Pf4,Procr,0.20141989,0.98,0.040098365,0.09578773867953565,-0.23813432828746556,0.020361274,0.51676035,1.0,0.7895568438166505, ,brown,0.640686712105496,,,True,False,True
EndothelialCells,Leukocytes,Adam10,Notch1,0.5447972,1.0,0.27448556,-0.04925012685161498,-0.04979058715485535,0.021331333,0.73669255,1.0,0.7896590807725004, ,yellow,0.336816268854491,turquoise,0.391504575553089,True,False,True
SmoothMuscleCells,EndocardialCells,Gpc3,Igf1r,0.39832443,0.0,0.15812771,0.4152128098289601,0.3915009589557732,0.117736906,0.6798538,0.028541536280802495,0.7896590807725004, ,yellow,0.626181888304277,,,True,False,True
Fibroblasts,Myocytes,Ngf,Kidins220,0.6122638,0.0,0.27461156,0.32450587906144074,0.726913343804322,0.066185966,0.73673695,0.028541536280802495,0.7902049570892536, ,cyan,0.480064944402001,tan,0.636823696476143,False,True,True
Fibroblasts,SmoothMuscleCells,Col1a2,Flt4,0.7900978,0.0,0.29731664,0.5420120807043257,0.8007919318876311,0.083669685,0.74436814,0.028541536280802495,0.790309374631407, ,,,tan,0.230468949826405,False,True,True
Myocytes,Myocytes,Jam3,Itgb1,0.56443024,1.0,0.27471894,-0.4778099488321682,-0.5369565978101669,0.013176394,0.7367749,1.0,0.7904780998005354, ,brown,0.527581135398156,greenyellow,0.433544316700636,True,False,True
Myocytes,Myocytes,Gnai2,Adcy1,0.67432415,1.0,0.43882445,0.32084898686875873,0.4640352469841478,0.06730163,0.77961916,0.27921293348964366,0.7906060435048787, ,tan,0.462915726534463,tan,0.727886545703134,True,True,True
EndocardialCells,Leukocytes,Lama4,Dag1,0.49859813,0.773,0.11718965,-0.047840795289648214,-0.1677824120164073,0.016431762,0.64640987,1.0,0.7910243534567916, ,brown,0.394621679147421,,,True,False,True
Leukocytes,Leukocytes,Tgfb1,Acvrl1,0.6742478,0.0,0.42048258,0.11855709503552553,0.0954005777901546,0.045396924,0.7759294,0.21140796613866641,0.7911995972461299, ,brown,0.780749588439731,turquoise,0.449593723252603,True,False,True
SmoothMuscleCells,SmoothMuscleCells,Gnai2,Tbxa2r,0.7309978,1.0,0.29708707,-0.11811238335678308,-0.0684655352104867,0.05159375,0.74429464,1.0,0.7911995972461299, ,black,0.83203351296545,tan,0.583779196602556,False,True,True
EndothelialCells,Myocytes,Timp3,Kdr,0.7104994,1.0,0.10880879,-0.11656782119350961,-0.5762901377455782,0.006431442,0.63788474,1.0,0.7911995972461299, ,yellow,0.308157376549655,grey60,0.666182864454782,True,False,True
Myocytes,Leukocytes,Lgals3,Eng,0.53928983,1.0,0.27498385,0.07150268184856723,-0.22782982584191713,0.025149398,0.7368683,1.0,0.7912976849466002, ,tan,0.579986279067785,turquoise,0.713007366620405,True,False,True
Myocytes,Fibroblasts,Pros1,Axl,0.7225611,0.0,0.1170494,0.07333165797144164,0.15103924397846835,0.010336556,0.646273,1.0,0.7915710793940149, ,black,0.481529619625449,brown,0.528957135069456,False,True,True
Myocytes,Myocytes,Col4a1,Cd47,0.39804503,1.0,0.14592712,-0.902194029499275,-0.9907868887024799,0.006009678,0.67105323,1.0,0.7918443160727326, ,greenyellow,0.52952690899527,orange,0.66133460139945,False,True,True
EndocardialCells,EndothelialCells,Lamb1,Itga1,0.6737825,0.0,0.43693626,0.29433750741528975,0.6513625602605745,0.09061458,0.77924854,0.028541536280802495,0.7923870892483122, ,brown,0.406739902075495,,,True,False,True
Myocytes,Leukocytes,Mfge8,Itgav,0.39786476,1.0,0.15470973,-0.36541551663032895,-0.3697869103158595,0.01413482,0.6774711,1.0,0.7923914197191793, ,tan,0.698770478903018,royalblue,0.339473872711851,True,False,True
EndocardialCells,SmoothMuscleCells,Lama4,Dag1,0.6737148,0.0,0.41877696,0.21203627409819464,0.28189601800341896,0.05871887,0.7755758,0.06555500428760273,0.7926839823393927, ,brown,0.394621679147421,,,True,False,True
SmoothMuscleCells,Myocytes,Efna1,Epha7,0.2004679,0.993,0.04017801,-0.04977733781523577,-0.15860143682244354,0.017950961,0.51700807,1.0,0.7928077861152028, ,tan,0.166951503824429,magenta,0.705436883659445,True,False,True
EndocardialCells,Leukocytes,C1qb,Lrp1,0.4955722,0.97,0.11681543,-0.052750747356532804,-0.32321332726190594,0.015791267,0.6460443,1.0,0.792938554375166, ,brown,0.866130228347949,turquoise,0.663780405167675,True,False,True
SmoothMuscleCells,EndocardialCells,Tgfb1,Acvrl1,0.39766002,1.0,0.15573052,-0.3053229285983985,-0.4187371036099359,0.016813269,0.67818916,1.0,0.793759839048841, ,brown,0.732384831866489,,,True,False,True
Leukocytes,Myocytes,S100a9,Cd36,0.5829406,0.001,0.11668152,0.11290744945900547,-0.0737871580998529,0.051302098,0.6459132,0.583689093831189,0.7940338002883458, ,,,brown,0.500716969407465,False,True,True
EndocardialCells,SmoothMuscleCells,Lamb1,Itga9_Itgb1,0.39755273,0.821,0.13682929,-0.029795356140984854,-0.05698049089630397,0.0301142,0.66390955,1.0,0.7943078245579371, ,brown,0.406739902075495,,,True,False,True
Fibroblasts,EndocardialCells,Hspg2,Dag1,0.673005,0.843,0.32545528,-0.020691444296917234,-0.11449418156279889,0.03016555,0.75287616,1.0,0.7944663715300069, ,brown,0.485029372814491,,,True,False,True
Myocytes,SmoothMuscleCells,Ntn1,Neo1,0.39753437,0.001,0.1579579,0.13982585648283474,0.1503784742440752,0.03593467,0.6797369,0.47092931215184725,0.794581911864865, ,brown,0.721197217912499,red,0.675791603734215,True,False,True
SmoothMuscleCells,EndocardialCells,Col1a1,Flt4,0.39752477,0.142,0.12844378,0.030419290513334835,0.01911445938529155,0.054799516,0.6568176,0.721501471128311,0.7948558409235216, ,brown,0.614930628804247,,,True,False,True
Fibroblasts,EndocardialCells,Efnb1,Ephb4,0.7746137,0.0,0.2962447,0.23821713893078497,-0.03885130410942872,0.041232508,0.7440244,0.4801106845734698,0.7950607565633472, ,,,brown,0.694780356205533,False,True,True
Leukocytes,Fibroblasts,Pdgfa,Pdgfra,0.78268147,0.0,0.2962116,0.5568431056994256,1.1051876977207884,0.10656156,0.7440137,0.028541536280802495,0.7953579368929768, ,turquoise,0.590115998515847,brown,0.735702460496526,False,True,True
SmoothMuscleCells,Fibroblasts,Vegfb,Nrp1,0.67241144,1.0,0.39897317,-0.12068026693206003,-0.22947484348425345,0.02075239,0.77133167,1.0,0.7965472165065601, ,,,yellow,0.250435830471026,False,True,True
Myocytes,Leukocytes,Rarres2,Cmklr1,0.3315326,1.0,0.04034034,-0.17731094400835656,-0.21729503560098307,0.010594828,0.51751155,1.0,0.796596476150786, ,,,brown,0.708625313340797,False,True,True
Fibroblasts,Myocytes,Thbs1,Cd47,0.39662996,1.0,0.14448401,-0.2731847541178961,-0.12128540512832742,0.03629628,0.6699554,1.0,0.79760036937272, ,,,orange,0.66133460139945,False,True,True
EndothelialCells,SmoothMuscleCells,Arf1,Pld2,0.8278211,0.3,0.2771612,0.02033322679859795,-0.03644765394710903,0.025712645,0.7376322,0.8081784448470787,0.79760036937272, ,black,0.776359807551547,darkorange,0.552633030366007,False,True,True
Myocytes,EndocardialCells,Angptl4,Tie1,0.71112674,0.0,0.10923816,0.3345357681992652,0.24582684432519764,0.041608006,0.6383394,0.158834478808776,0.7977370047943482, ,magenta,0.510755344184455,brown,0.559205266266903,False,True,True
EndocardialCells,Fibroblasts,Lama4,Dag1,0.6720815,0.0,0.41596404,0.20961228648581354,0.2817021017350897,0.058324452,0.7749888,0.06774637495444753,0.7980344711890579, ,brown,0.394621679147421,pink,0.439064216849562,True,False,True
EndocardialCells,Myocytes,Fadd,Traf2,0.21046081,0.201,0.04047608,0.022754965158785966,-0.03434142163359857,0.028041465,0.51793087,0.7604332493902689,0.7987595018194338, ,,,tan,0.689086951973111,False,True,True
Fibroblasts,EndothelialCells,Vegfa,Itgb1,0.77618635,0.0,0.27782705,0.20211467015171758,0.2814122913351246,0.03249032,0.7378644,0.3589617810954827,0.7992499372814241, ,yellow,0.272486789574581,,,True,False,True
Myocytes,SmoothMuscleCells,Gnai2,Tbxa2r,0.39608365,1.0,0.13372038,-0.8021949394763865,-0.5358702053010918,0.023222607,0.6613406,1.0,0.7998002241744172, ,tan,0.462915726534463,tan,0.583779196602556,True,True,True
EndothelialCells,Myocytes,Lamc1,Dag1,0.52915186,0.991,0.27787718,-0.022927395572474002,-0.17720700258262118,0.035273217,0.73788184,1.0,0.7998002241744172, ,brown,0.425314090034099,,,True,False,True
Fibroblasts,Fibroblasts,Il15ra,Axl,0.78794,0.0,0.2947483,0.4616971552574527,0.7684052406243551,0.0645426,0.74354184,0.03003704143038892,0.8001179834956035, ,,,brown,0.528957135069456,False,True,True
EndocardialCells,EndocardialCells,Lamb1,Itga1,0.39594376,1.0,0.13508123,-0.08183025383609698,-0.2459375119824896,0.028013991,0.66247356,1.0,0.8006262391981323, ,brown,0.406739902075495,,,True,False,True
Myocytes,Myocytes,Hspg2,Ptprs,0.39563477,1.0,0.15592392,-0.28298266441041575,-0.41564053736981665,0.020587487,0.6783246,1.0,0.8014530452677837, ,,,brown,0.264675304065931,False,True,True
SmoothMuscleCells,SmoothMuscleCells,Tgfb3,Acvrl1,0.54697,0.661,0.27872673,-0.015140018447582254,0.021665138006619067,0.044926453,0.7381769,0.9627671766058866,0.8014530452677837, ,brown,0.511531512491637,blue,0.543721511713247,True,False,True
SmoothMuscleCells,EndothelialCells,Vtn,Plaur,0.60643756,0.0,0.278851,1.4322457611281667,1.1744923245149452,0.31364292,0.73822004,0.0008694184265108728,0.8020043428134196, ,brown,0.715989746853182,,,True,False,True
EndocardialCells,EndothelialCells,Lamb1,Dag1,0.3955076,1.0,0.13460737,-0.07812373263139687,-0.13652995069084478,0.02526308,0.6620805,1.0,0.8020043428134196, ,brown,0.406739902075495,,,True,False,True
SmoothMuscleCells,EndocardialCells,Col6a1,Cd44,0.24348192,1.0,0.040675536,-0.21406203383035582,-0.28565207302032664,0.015114438,0.51854455,1.0,0.8025414305013668, ,brown,0.618792290214031,yellow,0.212459882063522,True,True,True
Myocytes,SmoothMuscleCells,Angptl2,Tie1,0.3950023,1.0,0.15100005,-0.13554871167349722,-0.3643770504438633,0.018458711,0.67481375,1.0,0.8033840269254446, ,tan,0.729352359511854,darkorange,0.471040667965038,True,True,True
Myocytes,SmoothMuscleCells,Bmp10,Eng,0.58205783,0.218,0.27964038,0.572056802917291,0.3696675803296766,0.13210744,0.7384931,0.31644784814291593,0.8033840269254446, ,green,0.130693784386139,lightcyan,0.40613301582679,False,True,True
Leukocytes,Myocytes,Tfpi,Vldlr,0.75622356,0.0,0.29348525,0.8120819625298916,0.6330816623567377,0.043611985,0.7431322,0.1343337241764629,0.8033952367562387, ,brown,0.786058550988916,blue,0.567065344401306,True,False,True
EndocardialCells,SmoothMuscleCells,Mdk,Sdc3,0.39494783,0.897,0.15348738,-0.013140435862433297,-0.06918116998107848,0.036525015,0.6766038,1.0,0.8042125071974644, ,blue,0.553764207837376,brown,0.642736335442684,False,True,True
EndocardialCells,Myocytes,Copa,Cd74,0.43099615,0.952,0.115543276,-0.07650891639900323,-0.15557339369067155,0.014106106,0.6447913,1.0,0.8042125071974644, ,,,brown,0.670405641257664,False,True,True
SmoothMuscleCells,Myocytes,Lama2,Itga7_Itgb1,0.5677412,1.0,0.27984345,-0.4172629097191619,-0.35202670427869953,0.022735218,0.7385631,1.0,0.8044888681659692, ,brown,0.472765180178635,,,True,False,True
Fibroblasts,Myocytes,Lamc1,Itga1,0.70731354,0.0,0.11549415,0.1522744264222694,0.13772187277167613,0.016199987,0.64474267,0.9549815877315354,0.8044888681659692, ,brown,0.533218968575482,darkgreen,0.785762693213249,True,False,True
Leukocytes,Fibroblasts,Tgfb1,Tgfbr1_Tgfbr2,0.67017615,0.0,0.41348758,0.38324117867725116,0.4991478310300023,0.080326915,0.77446765,0.028541536280802495,0.8045879318469542, ,brown,0.780749588439731,,,True,False,True
EndocardialCells,Fibroblasts,Agrn,Dag1,0.53121257,0.0,0.27986804,0.34177727235763894,0.47384940433412476,0.0719544,0.7385716,0.028541536280802495,0.8047650693117434, ,brown,0.356244589967685,pink,0.439064216849562,True,False,True
Myocytes,Myocytes,Gnai2,S1pr1,0.3947026,1.0,0.13220601,-1.169474637325045,-1.1326345594635063,0.0043504364,0.660064,1.0,0.8050415568474372, ,tan,0.462915726534463,,,True,False,True
Fibroblasts,SmoothMuscleCells,Bmp4,Lrp6,0.3946567,0.002,0.153047,0.08079116907543099,0.1563160426399099,0.0574089,0.6762894,0.4939114915418876,0.8053181077031457, ,yellow,0.321909400792098,,,True,False,True
SmoothMuscleCells,Fibroblasts,Gpc3,Igf1r,0.39461735,0.0,0.1553459,0.40923934530617845,0.4121822749421243,0.11566566,0.67791927,0.028541536280802495,0.8055944986045823, ,yellow,0.626181888304277,,,True,False,True
Leukocytes,Leukocytes,Dcn,Tlr2,0.5831057,0.0,0.28022787,0.2525471498160179,0.2305672613887687,0.06310802,0.7386956,0.08671277368003898,0.8055944986045823, ,brown,0.644747610735882,turquoise,0.62716224803749,True,False,True
Myocytes,Myocytes,Angptl2,Tie1,0.2766773,1.0,0.04074433,-0.2747895261722651,-0.6487212304306023,0.004980712,0.51875544,1.0,0.8057795716211982, ,tan,0.729352359511854,darkorange,0.249810980800106,True,True,True
Myocytes,Fibroblasts,Lama2,Cd44,0.21138424,1.0,0.040744808,-0.1912190772804228,-0.40576818329700315,0.015671475,0.5187569,1.0,0.8063189704801009, ,midnightblue,0.3482443250449,salmon,0.221972228338972,True,False,True
SmoothMuscleCells,SmoothMuscleCells,Angpt2,Tek,0.39457738,0.998,0.14560696,-0.0484749964148255,-0.12183491912584321,0.029292237,0.67081076,1.0,0.8064247210362088, ,brown,0.33277543675192,brown,0.708802168860815,True,True,True
EndocardialCells,SmoothMuscleCells,Tgm2,Itga9,0.7073763,0.0,0.29290953,0.24716358054326826,0.19802841411546113,0.033000883,0.7429447,0.34334054244388007,0.8066762963989035, ,,,brown,0.572216452048973,False,True,True
SmoothMuscleCells,EndocardialCells,Adam15,Itgav,0.39454198,1.0,0.13769996,-0.2529962051198664,-0.35693972427856496,0.018131126,0.6646168,1.0,0.8067013650635889, ,lightcyan,0.35510465639107,,,True,False,True
Fibroblasts,Myocytes,Efnb1,Epha4,0.7667047,0.0,0.29271019,0.530456395438165,0.36986729982211886,0.05088507,0.7428797,0.07621399737216202,0.8069747078646143, ,,,brown,0.571232341148922,False,True,True
Fibroblasts,Myocytes,Thbs1,Cd36,0.6693351,0.0,0.29902852,0.21824296249616187,0.16608706730202571,0.075815625,0.74491405,0.13414846824927348,0.807273271094547, ,,,brown,0.500716969407465,False,True,True
SmoothMuscleCells,SmoothMuscleCells,Tgfb1,Itgb5,0.5764816,0.915,0.28041914,-0.05617244657507166,-0.11715121448283533,0.02629358,0.7387615,1.0,0.807532124020942, ,brown,0.732384831866489,brown,0.48064539237368,True,True,True
SmoothMuscleCells,SmoothMuscleCells,Mmrn2,Cd248,0.39443317,0.999,0.15302512,-0.050338600527593466,-0.20014931201814318,0.032486796,0.6762738,1.0,0.8078092449295413, ,brown,0.757581672238273,,,True,False,True
EndocardialCells,Myocytes,Col1a2,Cd36,0.66897345,1.0,0.29826516,-0.16370247243668623,-0.45532056170277035,0.023656717,0.7446711,1.0,0.8078703708721064, ,blue,0.218085546763467,brown,0.500716969407465,False,True,True
SmoothMuscleCells,EndothelialCells,Pltp,Abca1,0.20300956,1.0,0.040812045,-0.34715420816745257,-0.5386116324773002,0.008208426,0.51896274,1.0,0.8079365822483477, ,brown,0.533848142274511,turquoise,0.256433791078161,True,False,True
SmoothMuscleCells,Leukocytes,Fabp5,Rxra,0.56510836,0.012,0.28050938,0.06714391531231934,0.06734412910691695,0.036371846,0.73879254,0.5623545472785579,0.8080864292306358, ,purple,0.588666873305242,brown,0.495301817055943,False,True,True
Fibroblasts,Myocytes,Mdk,Ncl,0.6689302,0.002,0.4406284,0.04998923366532462,0.3630337930840257,0.055208337,0.77997136,0.4939114915418876,0.8081689073655195, ,,,darkorange,0.322095469852674,False,True,True
Myocytes,SmoothMuscleCells,Col4a2,Itgb5,0.5765647,1.0,0.28055286,-0.26931918635700414,-0.4305282980689484,0.019196818,0.7388075,1.0,0.8083636769314753, ,,,brown,0.48064539237368,False,True,True
SmoothMuscleCells,EndocardialCells,Col4a1,Cd44,0.5906684,0.671,0.11502281,-0.048423130518818386,-0.11596741034062008,0.01682568,0.6442741,1.0,0.8083636769314753, ,,,yellow,0.212459882063522,False,True,True
Myocytes,Fibroblasts,Rgmb,Neo1,0.20819987,1.0,0.040819537,-0.09830696867200257,-0.20598778145863667,0.014717584,0.5189857,1.0,0.8084756275337021, ,orange,0.640366075374755,yellow,0.471083556679634,True,True,True
Leukocytes,Leukocytes,Tgfb1,Cxcr4,0.6685332,0.0,0.41066507,0.7592637811376698,0.8619831962136746,0.21534616,0.7738689,0.013041591527136057,0.8090649452092656, ,brown,0.780749588439731,royalblue,0.754656397144664,True,False,True
SmoothMuscleCells,Leukocytes,Arf6,Smap1,0.52995336,1.0,0.28069308,-0.1656781220656986,-0.18469884460003594,0.024901424,0.7388558,1.0,0.809472853882063, ,lightcyan,0.286234066022893,turquoise,0.421997926966034,True,False,True
EndocardialCells,Fibroblasts,Lamc1,Dag1,0.5321154,0.995,0.28074026,-0.02960697467966894,-0.05244167772728403,0.03563665,0.73887193,1.0,0.8097504185879714, ,brown,0.697901590493492,pink,0.439064216849562,True,False,True
SmoothMuscleCells,Leukocytes,C1qb,Lrp1,0.49437934,0.944,0.114777,-0.05451486336404825,-0.31212919573460407,0.015515708,0.64402896,1.0,0.8105832691916974, ,brown,0.693026240051891,turquoise,0.663780405167675,True,False,True
Myocytes,EndothelialCells,Rgmb,Bmpr2,0.20857018,1.0,0.040936496,-0.0963939683353833,-0.10241334065712937,0.021220004,0.5193428,1.0,0.8106308706185831, ,orange,0.640366075374755,turquoise,0.317954120983591,True,False,True
SmoothMuscleCells,SmoothMuscleCells,Adam9,Itgb5,0.66710305,0.0,0.42619705,0.12431409918407592,0.12977820490060055,0.046579394,0.7771007,0.17004844857276988,0.8108576212882876, ,,,brown,0.48064539237368,False,True,True
EndothelialCells,SmoothMuscleCells,Lpl,Vldlr,0.89023167,0.0,0.2808981,0.323764286548244,0.47725071504248656,0.026645904,0.7389262,0.30718581007815704,0.8111389696061443, ,brown,0.487721034349969,,,True,False,True
SmoothMuscleCells,EndothelialCells,Wnt5b,Fzd4,0.666724,0.0,0.43814144,0.9489393531353643,1.4022379116206793,0.28326082,0.77948534,0.001142996330032339,0.8111565899797177, ,,,yellow,0.507915957067658,False,True,True
SmoothMuscleCells,SmoothMuscleCells,Vegfb,Nrp1,0.6666764,1.0,0.39390525,-0.12907180822053116,-0.07434108693234359,0.020488786,0.77020234,1.0,0.8114554690977882, ,,,lightcyan,0.26029605688583,False,True,True
SmoothMuscleCells,EndocardialCells,Pf4,Sdc2,0.20776398,1.0,0.040979717,-0.3715544743967762,-0.7741985254231333,0.005661923,0.5194745,1.0,0.8117079348995896, ,brown,0.697832116664017,purple,0.512843315776489,True,False,True
Fibroblasts,Fibroblasts,Efemp2,Aqp1,0.52880734,0.073,0.11465633,0.0187272863897881,-0.1771685705522839,0.018798808,0.6439084,1.0,0.8119727718834688, ,,,brown,0.52928950293395,False,True,True
Myocytes,EndocardialCells,Cxcl12,Itgav,0.20891151,1.0,0.040981166,-0.5221218778431508,-0.8229703506712995,0.0056485436,0.5194789,1.0,0.8122463617123967, ,tan,0.577984649656319,,,True,False,True
Myocytes,Myocytes,Tfpi,Sdc4,0.47510362,0.297,0.11462592,-0.05975823637999997,-0.08949408125153135,0.013840101,0.6438779,1.0,0.8122509077369511, ,brown,0.493469316651968,black,0.631251519730246,True,False,True
SmoothMuscleCells,Myocytes,Lama4,Itga7_Itgb1,0.5685676,1.0,0.28112245,-0.5443488115657007,-0.5867119694228187,0.012671534,0.7390032,1.0,0.8125288825378915, ,lightcyan,0.371485020380501,,,True,False,True
EndothelialCells,Myocytes,Tgfb1,Acvr1_Tgfbr2,0.43857998,0.002,0.11458807,0.07832331142811097,0.053412059060770956,0.02010889,0.6438401,1.0,0.8125288825378915, ,brown,0.518107180491385,,,True,False,True
EndocardialCells,Leukocytes,C4b,C3ar1,0.7963088,0.0,0.28119564,0.8837408114391825,1.0162956936902021,0.10841715,0.7390282,0.028541536280802495,0.812807145364295, ,brown,0.65851944024539,turquoise,0.835001348891342,True,False,True
Leukocytes,Myocytes,Nppa,Npr2,0.66619784,0.0,0.3452693,0.10628730864072844,0.11966539929267789,0.034110848,0.7583329,0.3106678974014721,0.8129505716858604, ,turquoise,0.639972798269552,orange,0.538241034124533,False,True,True
EndocardialCells,Fibroblasts,Adam10,Notch1,0.65016717,0.0,0.2814108,0.10469216033991013,-0.167280495766796,0.021869522,0.739102,0.9451748774752252,0.8136420902442093, ,lightgreen,0.158989074363781,yellow,0.264341417098466,False,True,True
Myocytes,SmoothMuscleCells,Sparc,Eng,0.6659107,1.0,0.41804242,-0.9013667855579841,-0.8155079925494504,0.011229046,0.775423,1.0,0.813848101881039, ,,,lightcyan,0.40613301582679,False,True,True
Fibroblasts,Fibroblasts,Tgfb1,Itgb5,0.719586,0.0,0.29122907,0.12308547507330769,0.1299381934956611,0.027307179,0.742395,0.5834102337136996,0.814147260023374, ,brown,0.757880766459934,turquoise,0.646285311150696,True,False,True
SmoothMuscleCells,Leukocytes,Col4a5,Cd93,0.3933047,1.0,0.14612742,-0.11475781435001833,-0.19585637310738324,0.024009423,0.6712045,1.0,0.814199187617092, ,brown,0.452711648416098,brown,0.634483899866545,True,True,True
EndothelialCells,Myocytes,Psen1,Notch2,0.22027147,1.0,0.04104152,-0.25598160782067597,-0.34044462734137465,0.010272541,0.51966256,1.0,0.8143991314766397, ,,,midnightblue,0.62811133093121,False,True,True
EndocardialCells,SmoothMuscleCells,Agrn,Dag1,0.5328459,0.0,0.28176063,0.34420125997002005,0.474043320602454,0.07244099,0.73922175,0.028541536280802495,0.8144776067187993, ,brown,0.356244589967685,,,True,False,True
Fibroblasts,Myocytes,Col4a5,Cd47,0.53129315,1.0,0.28181496,-0.18676529866996425,0.16987842862814995,0.03934162,0.73924035,1.0,0.8147563142555727, ,,,orange,0.66133460139945,False,True,True
SmoothMuscleCells,Leukocytes,Col1a2,Cd93,0.5330546,1.0,0.28191715,-0.16445752718507134,-0.3862165626124774,0.026075426,0.7392753,1.0,0.8150350853660457, ,,,brown,0.634483899866545,False,True,True
Myocytes,EndocardialCells,Apoe,Lrp5,0.665504,1.0,0.4420092,-0.20169210301634247,-0.09883998814014422,0.03440909,0.7802397,1.0,0.8156437560020509, ,,,brown,0.483007588578318,False,True,True
Fibroblasts,Myocytes,Col15a1,Itga1_Itgb1,0.67890227,0.0,0.110551015,0.2213579546796417,0.4210664645479979,0.028836906,0.6397172,0.5007474086714591,0.8156437560020509, ,brown,0.692037681267818,,,True,False,True
Fibroblasts,SmoothMuscleCells,Copa,Cd74,0.46522975,0.363,0.114310645,-0.03214571531300567,-0.051701720961564446,0.01395562,0.64356214,1.0,0.8158715550356884, ,,,brown,0.628700992199273,False,True,True
EndocardialCells,SmoothMuscleCells,Comp,Itga5,0.7316229,0.0,0.28205863,0.9484706219453913,0.8051453086708198,0.08613729,0.7393236,0.028541536280802495,0.8158715550356884, ,lightgreen,0.125031208796262,brown,0.546566959140606,False,True,True
EndothelialCells,Myocytes,Jag1,Notch2,0.22051913,1.0,0.04110779,-0.21332404103169744,-0.2505061535597304,0.009145312,0.5198639,1.0,0.8160127681280639, ,,,midnightblue,0.62811133093121,False,True,True
EndocardialCells,SmoothMuscleCells,Ntn1,Adora2b,0.6649901,0.0,0.319963,0.7627974432380915,0.8712974336485799,0.2356805,0.7512894,0.012095005663477407,0.8162425947043106, ,brown,0.425522037629137,,,True,False,True
Leukocytes,EndocardialCells,Col1a2,Cd93,0.7837953,0.0,0.11417298,0.052106811936124875,-0.1819842114423158,0.010560227,0.6434239,1.0,0.8172670929066074, ,,,lightcyan,0.582187985085655,False,True,True
EndothelialCells,EndocardialCells,Calr,Itgav,0.68695825,1.0,0.29005724,-0.19594216043028975,-0.2096560677620703,0.021975318,0.7420093,1.0,0.8177401703672376, ,yellow,0.359407124794825,,,True,False,True
Myocytes,Fibroblasts,Col4a5,Cd47,0.6996257,0.0,0.28999633,0.10764650575128511,0.0821467657371564,0.040483747,0.7419891,0.23218611989999108,0.8183394402506192, ,brown,0.598294810383622,black,0.666387490098312,True,False,True
Myocytes,SmoothMuscleCells,B2m,Hfe,0.39236334,1.0,0.116212726,-1.6927351254022542,-1.135509612810281,0.0043326262,0.6454527,1.0,0.8183843975246198, ,lightcyan,0.258422460285535,darkgrey,0.473678336802123,True,False,True
EndocardialCells,SmoothMuscleCells,Lamc1,Dag1,0.53374875,0.949,0.28263876,-0.027182987067287834,-0.05224776145895477,0.03587764,0.7395216,1.0,0.8183843975246198, ,brown,0.697901590493492,,,True,False,True
Leukocytes,SmoothMuscleCells,Cxcl12,Itgb1,0.82086474,1.0,0.2827966,-0.22912269152045342,-0.5905676349286578,0.0102685755,0.7395754,1.0,0.8186639955473638, ,brown,0.630654513966125,,,True,False,True
SmoothMuscleCells,Fibroblasts,Col1a1,Cd36,0.2039828,1.0,0.041144703,-0.6301093130112975,-1.2859772705954031,0.0049474407,0.51997596,1.0,0.8187004333879236, ,brown,0.614930628804247,,,True,False,True
Myocytes,Leukocytes,Psen1,Notch2,0.3920673,0.247,0.11841861,0.02087360940312681,-0.013965134281465619,0.029639738,0.6476012,0.7817324682567132,0.8189436572452815, ,tan,0.493293969025575,turquoise,0.15772829955518,True,False,True
EndothelialCells,SmoothMuscleCells,Fn1,Itga9,0.20762828,1.0,0.041150782,-0.13274947748967228,-0.19022586393134291,0.012785921,0.5199944,1.0,0.8197749034681736, ,,,brown,0.572216452048973,False,True,True
Fibroblasts,SmoothMuscleCells,Col1a1,Itga5,0.73372155,0.0,0.2830174,0.4249247574413071,0.7008818165522585,0.08141339,0.73965055,0.028541536280802495,0.8200627149867111, ,,,brown,0.546566959140606,False,True,True
SmoothMuscleCells,SmoothMuscleCells,Tfpi,Sdc4,0.3917526,0.999,0.15033558,-0.11553180678933336,-0.1382546761522181,0.018151736,0.6743297,1.0,0.8206225129178079, ,brown,0.39820117315939,tan,0.661881494233523,True,True,True
EndocardialCells,SmoothMuscleCells,Efemp2,Plscr4,0.39168152,1.0,0.14856806,-0.19286365800524943,-0.34521341326303395,0.023260092,0.6730297,1.0,0.8209026204420631, ,brown,0.641190213682498,brown,0.562381595629916,True,True,True
Fibroblasts,EndocardialCells,Lamc1,Itga6_Itgb4,0.77289546,0.0,0.28963184,0.7040404477465079,0.9168274557614198,0.2479659,0.7418687,0.009217409729801467,0.8210376138684478, ,brown,0.533218968575482,,,True,False,True
SmoothMuscleCells,Leukocytes,Gnai2,Cav1,0.7253336,1.0,0.2832879,-0.6163882449544723,-0.8576750088061821,0.0064079757,0.7397425,1.0,0.8214628004932334, ,black,0.83203351296545,brown,0.71721751830981,False,True,True
EndocardialCells,Fibroblasts,Bgn,Tlr4,0.78487456,0.0,0.28356874,0.3237912209167189,0.19548925626107738,0.049302835,0.7398378,0.10980552199550221,0.8220234616362019, ,lightcyan,0.368806923816196,turquoise,0.558224093682133,True,False,True
EndocardialCells,SmoothMuscleCells,Tgm2,Tbxa2r,0.70338017,0.0,0.28361556,0.3545729179299846,0.2995652322987128,0.08211104,0.73985374,0.05239532642066178,0.8223038878472919, ,,,tan,0.583779196602556,False,True,True
Myocytes,Fibroblasts,Pdap1,Pdgfrb,0.66284245,0.0,0.41432792,0.07953285060930218,0.3455723729983674,0.033985276,0.7746449,0.3152114110205111,0.8228378144269967, ,brown,0.915568735615479,turquoise,0.81642700330624,True,False,True
SmoothMuscleCells,EndocardialCells,Adam15,Itga5,0.53275776,1.0,0.2838133,-0.10915315609630702,-0.17800030107306064,0.03168163,0.7399208,1.0,0.8231453226131427, ,lightcyan,0.35510465639107,red,0.410404558740387,True,False,True
SmoothMuscleCells,SmoothMuscleCells,Col1a1,Ddr2,0.39139968,1.0,0.12568098,-0.1633444854725265,-0.23039626859736045,0.041449074,0.6543628,1.0,0.8231453226131427, ,brown,0.614930628804247,,,True,False,True
SmoothMuscleCells,Myocytes,Rgma,Neo1,0.54681635,0.0,0.28388077,0.6131262057679963,0.7706451171941816,0.13835202,0.73994374,0.027838434121082105,0.8234257773295692, ,purple,0.710360077163631,tan,0.718035067895697,False,True,True
Myocytes,Myocytes,Grn,Sort1,0.5566501,0.069,0.28409192,0.23287131834263614,0.12805684622868885,0.029481381,0.74001527,0.6677853746718063,0.8242682038365927, ,greenyellow,0.475706635588847,midnightblue,0.356528030180206,False,True,True
Myocytes,Leukocytes,Fgf13,Fgfr1,0.56537455,0.0,0.28411865,0.6620560559931752,0.5892669083850878,0.10513007,0.7400243,0.028541536280802495,0.8245489135326214, ,tan,0.510793532992465,turquoise,0.430297655390796,True,False,True
SmoothMuscleCells,Myocytes,App,Tspan12,0.6622468,1.0,0.3634255,-0.44094700295540973,-0.4876478049327577,0.017478572,0.7629978,1.0,0.8249393761012525, ,,,tan,0.589192837879818,False,True,True
EndothelialCells,Leukocytes,S100a9,Cd36,0.4874043,0.955,0.11330912,0.040020139335643516,-0.14519756607049888,0.049819335,0.6425522,1.0,0.8253918788454684, ,brown,0.216716678799988,brown,0.783650639892057,True,True,True
EndocardialCells,SmoothMuscleCells,Lama5,Bcam,0.81769717,0.0,0.28417563,0.5975675573751742,0.5559721162582607,0.044611316,0.7400435,0.1233791454963218,0.8253918788454684, ,,,midnightblue,0.277333377441567,False,True,True
SmoothMuscleCells,SmoothMuscleCells,Efna1,Epha2,0.20359482,0.992,0.041450847,-0.0360058075057772,-0.1730853876217214,0.02257164,0.520901,1.0,0.8256780200370422, ,tan,0.166951503824429,red,0.569295246755142,True,False,True
SmoothMuscleCells,SmoothMuscleCells,Tgfb1,Tgfbr3,0.39050937,1.0,0.1507445,-0.15366849621999815,-0.2230464638586957,0.019448213,0.67462796,1.0,0.8262356455706876, ,brown,0.732384831866489,,,True,False,True
Myocytes,EndocardialCells,Efnb1,Ephb4,0.77161556,0.0,0.28829512,0.23435189347049168,0.07971980910233689,0.04012605,0.7414256,0.2371144687156976,0.8264413869594128, ,grey60,0.582635982194929,brown,0.694780356205533,False,True,True
Myocytes,Myocytes,Lama2,Cd44,0.21277243,1.0,0.041505925,-0.18840210806561863,-0.36556544052629414,0.01596422,0.5210667,1.0,0.8267501973475548, ,midnightblue,0.3482443250449,magenta,0.718777026774563,True,False,True
SmoothMuscleCells,Leukocytes,Pdgfb,Itgav,0.3904726,0.77,0.149713,-0.011209118884976867,-0.08587556661555457,0.034946512,0.67387384,1.0,0.8267982488806522, ,darkorange,0.329367356438579,royalblue,0.339473872711851,True,False,True
SmoothMuscleCells,Myocytes,Copa,Cd74,0.42356312,0.966,0.11307527,-0.08739031418713282,-0.1591524625936814,0.013804799,0.64231485,1.0,0.8267982488806522, ,,,brown,0.670405641257664,False,True,True
Myocytes,SmoothMuscleCells,Fgf1,Tgfbr3,0.66169035,0.0,0.3852504,0.9657694857796079,0.7641870386813076,0.09029941,0.7682303,0.028541536280802495,0.827042428051002, ,orange,0.689259866805731,,,True,False,True
SmoothMuscleCells,EndocardialCells,Fn1,Cd44,0.2473788,0.389,0.041510023,0.0025548249550208096,-0.0729514947549022,0.016738806,0.52107906,1.0,0.8272860997244993, ,,,yellow,0.212459882063522,False,True,True
Fibroblasts,Leukocytes,Gnai2,Cav1,0.735489,1.0,0.28801152,-0.5956424393343381,-0.9077906651012653,0.006514824,0.7413312,1.0,0.8273429334130071, ,black,0.78566112490779,brown,0.71721751830981,False,True,True
EndocardialCells,Fibroblasts,Hspg2,Sdc1,0.6774365,0.0,0.28464478,0.18118898744782713,0.21152188427090574,0.058427017,0.7402022,0.09760255451868059,0.8273613348114766, ,brown,0.437670232192996,,,True,False,True
Myocytes,Leukocytes,Gnai2,Cav1,0.39041945,1.0,0.12750931,-1.3004708010740758,-1.3250796788967871,0.002884262,0.65599424,1.0,0.8276427462859128, ,tan,0.462915726534463,brown,0.71721751830981,True,True,True
EndocardialCells,SmoothMuscleCells,Mdk,Sdc4,0.39033872,0.052,0.1493861,0.03854209103492515,0.03505583428106607,0.04698475,0.67363364,0.6446988790501856,0.8279244489530452, ,blue,0.553764207837376,tan,0.661881494233523,False,True,True
Fibroblasts,SmoothMuscleCells,Pdgfa,Pdgfrb,0.98163074,0.0,0.28470787,0.8962149493449919,0.9105951386562474,0.052043557,0.7402235,0.06982188252660519,0.8279244489530452, ,,,brown,0.766275459333072,False,True,True
SmoothMuscleCells,SmoothMuscleCells,Adam15,Itga9,0.39022762,1.0,0.1331391,-0.2422369973618693,-0.3116586658856211,0.016846765,0.6608526,1.0,0.8282062155345421, ,lightcyan,0.35510465639107,brown,0.572216452048973,True,True,True
EndocardialCells,Myocytes,Ltbp1,Itgb5,0.66117775,0.157,0.37909457,0.018716938817664897,-0.07346104497222639,0.03634162,0.7667932,0.7319854360971797,0.8282448738875301, ,darkred,0.658952548515044,tan,0.521580300356519,False,True,True
Myocytes,Myocytes,Efnb1,Epha4,0.76370656,0.0,0.28485543,0.5265911499778717,0.48843841303388447,0.04951959,0.7402733,0.0838132691609951,0.8284878185457724, ,grey60,0.582635982194929,brown,0.571232341148922,False,True,True
SmoothMuscleCells,Leukocytes,Tgfb3,Eng,0.55168295,1.0,0.28523034,-0.2520653034250774,-0.3217141067988073,0.023747621,0.7403998,1.0,0.829333693502475, ,brown,0.511531512491637,turquoise,0.713007366620405,True,False,True
Fibroblasts,Leukocytes,Spon2,Itga4,0.66087884,0.0,0.42256656,0.951332185504767,1.368652485931633,0.6209977,0.7763589,0.0011016970545109938,0.8294476824124917, ,,,midnightblue,0.644281789489508,False,True,True
EndothelialCells,Myocytes,Hspg2,Fgfr1,0.813651,0.325,0.28721216,-0.016719975956188238,-0.01851294164685524,0.021255624,0.7410646,0.9949748618305748,0.8300493286025741, ,brown,0.70755077011452,magenta,0.803121502214596,True,False,True
Fibroblasts,EndocardialCells,Col4a6,Cd44,0.24826317,0.0,0.041699402,0.08647828169023997,0.39042447214759923,0.042719346,0.521647,0.23009765895404077,0.8304999341338242, ,cyan,0.263036518533227,yellow,0.212459882063522,False,True,True
SmoothMuscleCells,EndocardialCells,Col4a5,Cd47,0.62505615,0.703,0.2855389,-0.018839656440767627,0.038554345442420646,0.039861485,0.7405036,0.9849399093013719,0.8313091843282193, ,brown,0.452711648416098,black,0.80126067900723,True,False,True
EndothelialCells,EndocardialCells,Pf4,Fgfr2,0.20596926,0.336,0.041733436,0.21788330470877904,-0.11379581781404591,0.0415813,0.5217488,0.8256700334619514,0.8315704715685441, ,brown,0.640686712105496,pink,0.256779232462863,True,False,True
Myocytes,Myocytes,Adam9,Itgb5,0.38941476,1.0,0.150695,-0.2511167098501095,-0.422785487244169,0.016469568,0.67459184,1.0,0.8321567500913915, ,magenta,0.734090265601589,tan,0.521580300356519,False,True,True
Fibroblasts,EndocardialCells,Lama2,Cd44,0.5777651,0.0,0.11225967,0.30164800281047327,0.6879085895796141,0.043177888,0.64148283,0.13883771423221308,0.8324392478369855, ,,,yellow,0.212459882063522,False,True,True
EndocardialCells,SmoothMuscleCells,Nppa,Npr1,0.66249907,0.683,0.28687724,-0.04607214231512727,-0.22145574529302353,0.018338101,0.7409526,1.0,0.832457118971784, ,brown,0.695639542145225,red,0.491807070359925,True,False,True
SmoothMuscleCells,Myocytes,Col4a5,Itga3_Itgb1,0.2198067,0.0,0.041758623,0.17085322077130585,0.220126612326544,0.055390578,0.52182406,0.0989956762979374,0.8326407107640306, ,brown,0.452711648416098,,,True,False,True
Myocytes,Fibroblasts,Angptl4,Sdc2,0.729069,0.0,0.1121618,0.38076680561149306,0.7239911982233838,0.049174476,0.6413825,0.08698004460100175,0.8327220377758834, ,magenta,0.510755344184455,brown,0.848057536799011,False,True,True
Fibroblasts,SmoothMuscleCells,Adam15,Itga5,0.38932836,1.0,0.12568499,-0.32841031335816817,-0.6246261264721301,0.014030019,0.6543663,1.0,0.8327220377758834, ,,,brown,0.546566959140606,False,True,True
Leukocytes,Fibroblasts,Tgfb1,Egfr,0.6590189,0.0,0.3943198,0.5256874583667485,0.797410460953297,0.20407228,0.7702953,0.028541536280802495,0.833360475853899, ,brown,0.780749588439731,,,True,False,True
SmoothMuscleCells,Fibroblasts,Lum,Itgb1,0.6001991,1.0,0.11207289,-0.46329886876049514,-0.7680331239763939,0.005807172,0.6412914,1.0,0.8335705634257011, ,midnightblue,-0.121414238867851,black,0.76802340300577,True,False,True
Myocytes,SmoothMuscleCells,Pdgfc,Flt4,0.20503062,0.01,0.041861136,0.12826393594275795,0.09364835123358642,0.036184844,0.52212995,0.5558548157865638,0.833710543782358, ,,,tan,0.230468949826405,False,True,True
Leukocytes,Myocytes,Psen1,Ncstn,0.38904688,0.979,0.15124066,-0.04786044938355915,-0.10481239192629471,0.028765341,0.6749885,1.0,0.8338536095067217, ,,,tan,0.790441710487318,False,True,True
EndocardialCells,Myocytes,Lamb1,Itga7_Itgb1,0.6585419,1.0,0.42037827,-0.35569348331961875,-0.32799576393616214,0.025362756,0.7759078,1.0,0.8339629043589796, ,brown,0.406739902075495,,,True,False,True
SmoothMuscleCells,Leukocytes,Pros1,Mertk,0.38896456,0.08,0.13880953,0.11592049784080076,0.2619624478038648,0.056217667,0.6655108,0.6814413625617254,0.8347029035500535, ,lightcyan,0.293353642967409,,,True,False,True
SmoothMuscleCells,EndocardialCells,Nppa,Npr2,0.5493729,0.783,0.28658858,0.009397656144335576,-0.05924758277550146,0.028313488,0.74085605,1.0,0.8347029035500535, ,brown,0.553063856550583,blue,0.598577969516683,True,False,True
SmoothMuscleCells,EndocardialCells,Angptl2,Itga5_Itgb1,0.65832853,0.0,0.41866276,0.34122732053251803,0.4455660195582136,0.07710316,0.7755521,0.028541536280802495,0.8351681210231212, ,brown,0.568414991509247,,,True,False,True
EndocardialCells,SmoothMuscleCells,Lamb2,Itga6_Itgb1,0.40135476,1.0,0.11186886,-0.17925804697374081,-0.35801833859715515,0.014082527,0.6410817,1.0,0.8358362686737497, ,brown,0.473770160271624,,,True,False,True
SmoothMuscleCells,Fibroblasts,Rtn4,Rtn4rl1,0.5928104,0.003,0.28700104,0.08029680933050555,0.2685600140165628,0.046602122,0.7409941,0.5072218096393796,0.8366869082037129, ,brown,0.474151414005685,turquoise,0.742214019614754,True,False,True
EndothelialCells,Leukocytes,Igfbp4,Lrp6,0.38864648,1.0,0.12981375,-0.37018090143079124,-0.5937060993586358,0.010920831,0.65801233,1.0,0.8369706592604967, ,yellow,0.250676856753338,,,True,False,True
SmoothMuscleCells,Fibroblasts,Tgfb1,Tgfbr3,0.5859941,0.0,0.287052,0.12606510737176047,0.26801456864640877,0.037033845,0.7410111,0.2371144687156976,0.8372544744635873, ,brown,0.732384831866489,,,True,False,True
EndothelialCells,SmoothMuscleCells,Vcl,Itgb5,0.65791935,0.0,0.41142374,0.11905508320924213,0.19163643998980878,0.036533874,0.7740304,0.2467671255384706,0.8372783407952749, ,,,brown,0.48064539237368,False,True,True
Fibroblasts,Fibroblasts,Tfpi,Sdc4,0.6577946,0.0,0.42002434,0.3246193730530198,0.4435421454469852,0.05071435,0.7758346,0.07706571208816479,0.83757986798456, ,brown,0.474048497087387,black,0.852742792716059,True,False,True
SmoothMuscleCells,Fibroblasts,Postn,Itgav_Itgb5,0.5370743,0.0,0.28709713,0.3877834982186695,0.5666098677687343,0.08406279,0.74102616,0.028541536280802495,0.8378220681402881, ,brown,0.528578528633459,,,True,False,True
EndocardialCells,Myocytes,Nts,Sort1,0.65774655,0.0,0.4290991,1.0148111943932863,1.1583903936948976,0.22302681,0.7776878,0.001078545470437637,0.8378815467175988, ,red,0.744015989994698,midnightblue,0.356528030180206,False,True,True
EndothelialCells,Myocytes,Lamc1,Itga1,0.28502595,1.0,0.04202251,-0.37905096433605,-0.7892364169489579,0.00589436,0.5226099,1.0,0.8379864631119291, ,brown,0.425314090034099,darkgreen,0.785762693213249,True,False,True
EndocardialCells,SmoothMuscleCells,Adam10,Tspan14,0.6575692,0.0,0.29660094,0.2533208796560925,0.1845943297687172,0.040883236,0.74413884,0.1691653685890572,0.8384848718097129, ,lightgreen,0.158989074363781,yellow,0.48984647322545,False,True,True
EndocardialCells,Fibroblasts,Lama4,Itga9_Itgb1,0.59734374,0.0,0.2872501,0.14482227199279724,0.15101967392733057,0.0472313,0.7410773,0.1464959537854077,0.8386740542218272, ,brown,0.394621679147421,,,True,False,True
EndocardialCells,EndocardialCells,Pf4,Sdc2,0.20987633,1.0,0.042054985,-0.3687203384236246,-0.7959419122908151,0.0058104857,0.5227063,1.0,0.839054589994899, ,brown,0.901042251404365,purple,0.512843315776489,True,False,True
SmoothMuscleCells,Myocytes,Angpt2,Itga5_Itgb1,0.3882593,0.002,0.13935207,0.0915567939044086,0.09892421857864492,0.04593523,0.6659448,0.4939114915418876,0.839242518677973, ,brown,0.33277543675192,,,True,False,True
EndothelialCells,SmoothMuscleCells,Tgfb1,Tgfbr1_Tgfbr2,0.43649554,0.206,0.111597136,0.018349919887528404,0.010980222193177513,0.021679621,0.64080197,0.9598733510972404,0.8393845601762979, ,brown,0.518107180491385,,,True,False,True
EndothelialCells,SmoothMuscleCells,Tgfb1,Acvr1_Tgfbr1_Tgfbr2,0.43649554,0.206,0.111597136,0.018349919887528404,0.010980222193177513,0.021679621,0.64080197,0.9598733510972404,0.8393845601762979, ,brown,0.518107180491385,,,True,False,True
SmoothMuscleCells,Myocytes,App,Ncstn,0.65730625,1.0,0.35417303,-0.4076185710303179,-0.3839845144145342,0.018517338,0.76065826,1.0,0.8396917572187159, ,,,tan,0.790441710487318,False,True,True
Fibroblasts,EndothelialCells,Ptdss1,Jmjd6,0.3881433,0.0,0.15059334,0.08177981452052198,0.16080151652593927,0.04086299,0.67451775,0.2406824516440439,0.8398110103913025, ,yellow,0.4197018519307,,,True,False,True
SmoothMuscleCells,Leukocytes,Icam2,Itgam_Itgb2,0.6572924,0.0,0.35412946,0.7296572859821719,0.5601764542971128,0.09808095,0.760647,0.028541536280802495,0.8399936442306216, ,lightcyan,0.549007994741309,,,True,False,True
Myocytes,EndothelialCells,Fgf13,Fgfr3,0.56774545,0.0,0.28769335,1.011001487825686,1.2043323465162805,0.39192003,0.7412252,0.000667824935620193,0.8400954673006908, ,tan,0.510793532992465,,,True,False,True
SmoothMuscleCells,SmoothMuscleCells,Tgfb1,Eng,0.5869537,1.0,0.28772113,-0.3082259744950638,-0.41948391267702606,0.01604542,0.7412345,1.0,0.8403799884361158, ,brown,0.732384831866489,lightcyan,0.40613301582679,True,True,True
Fibroblasts,EndocardialCells,Pf4,Sdc2,0.20997417,1.0,0.04210479,-0.36858894292369493,-0.92534686644562,0.0058173677,0.522854,1.0,0.8406560667476657, ,brown,0.749903040618126,purple,0.512843315776489,True,False,True
Leukocytes,EndocardialCells,Timp3,Ddr1,0.20664836,1.0,0.042107265,-0.6962304287211518,-0.6582189107438218,0.006218284,0.52286124,1.0,0.8411897343975117, ,lightcyan,0.542032628399973,pink,0.241908366863852,True,False,True
EndothelialCells,Myocytes,Lman1,Mcfd2,0.5395116,1.0,0.28818035,-0.2167929038423771,-0.25504365591383527,0.019571941,0.74138737,1.0,0.8412337074519329, ,yellow,0.27633284088065,,,True,False,True
EndothelialCells,EndocardialCells,Sema6a,Plxna4,0.65688837,0.0,0.41858575,0.5551211401047984,1.085515935308023,0.15806219,0.7755361,0.028541536280802495,0.8415031588669726, ,yellow,0.33122512386204,blue,0.635900220753195,True,False,True
Myocytes,SmoothMuscleCells,Adam9,Itgb5,0.5814673,0.437,0.28843933,0.004472954056679558,-0.07412709104381554,0.03152375,0.74147344,0.8664581686199324,0.8420880044518981, ,magenta,0.734090265601589,brown,0.48064539237368,False,True,True
Fibroblasts,Myocytes,Col4a4,Cd93,0.25851798,1.0,0.04212706,-0.16394427825315905,-0.24331512835451874,0.011400712,0.5229199,1.0,0.8422567520685713, ,,,tan,0.291337625930732,False,True,True
SmoothMuscleCells,SmoothMuscleCells,Ntn1,Unc5b,0.38759977,1.0,0.115712754,-0.11458467918961976,-0.22648727090709275,0.021929167,0.64495915,1.0,0.8423729752688116, ,tan,0.0269384866982683,blue,0.360736270621172,True,False,True
EndothelialCells,Myocytes,Sorbs1,Itgb5,0.6567428,0.025,0.3753673,0.03276470548916435,0.14812705564813056,0.024486857,0.7659086,0.7576182684960258,0.8424091987730509, ,turquoise,0.509842138178652,tan,0.521580300356519,False,True,True
EndocardialCells,Myocytes,Dll1,Notch2,0.22440292,0.945,0.042147063,0.0298301715104696,0.02907204835129723,0.03137976,0.5229791,1.0,0.842790155942393, ,pink,0.459893542479825,midnightblue,0.62811133093121,False,True,True
Leukocytes,Fibroblasts,Adam17,Notch1,0.38740355,1.0,0.13727994,-0.11431004286552136,-0.32723696825680737,0.018397022,0.6642763,1.0,0.8432280432704329, ,turquoise,0.537738563241973,yellow,0.264341417098466,False,True,True
SmoothMuscleCells,EndocardialCells,Apoe,Abca1,0.5448178,1.0,0.28875154,-0.39256447135400974,-0.3544350212446487,0.021872243,0.7415772,1.0,0.8435132712150336, ,,,lightcyan,0.751980973473931,False,True,True
Fibroblasts,EndothelialCells,Tgfb1,Acvr1_Tgfbr1_Tgfbr2,0.20832446,1.0,0.042155627,-0.33369645889914595,-0.6350984896537892,0.00818944,0.5230045,1.0,0.843590096916999, ,brown,0.757880766459934,,,True,False,True
Fibroblasts,EndothelialCells,Tgfb1,Tgfbr1_Tgfbr2,0.20832446,1.0,0.042155627,-0.33369645889914595,-0.6350984896537892,0.00818944,0.5230045,1.0,0.843590096916999, ,brown,0.757880766459934,,,True,False,True
Fibroblasts,Leukocytes,Cxcl12,Itga4,0.6565087,0.0,0.41783157,0.5061266071685991,0.27655736080652726,0.15084943,0.77537906,0.062211938558775826,0.8436177472266544, ,,,midnightblue,0.644281789489508,False,True,True
Myocytes,SmoothMuscleCells,Tln1,Itgb5,0.6560797,1.0,0.4084644,-0.14276443938269928,-0.1793997023545882,0.023561751,0.77339846,1.0,0.8442221986142007, ,,,brown,0.48064539237368,False,True,True
SmoothMuscleCells,Fibroblasts,Postn,Ptk7,0.3870752,0.0,0.11494639,0.33048795030013745,0.5087660351436158,0.09099241,0.644198,0.028541536280802495,0.844369110566068, ,brown,0.528578528633459,,,True,False,True
Myocytes,SmoothMuscleCells,App,Tnfrsf21,0.386674,1.0,0.14581038,-0.6271152358249166,-0.3965873839019198,0.021179417,0.67096484,1.0,0.8457967187008574, ,greenyellow,0.498943422270878,brown,0.729469459126359,False,True,True
SmoothMuscleCells,EndothelialCells,Serpine1,Itgb5,0.20995529,1.0,0.042202644,-0.23382442899165434,-0.4479513419507207,0.020649673,0.5231435,1.0,0.8459886794817739, ,darkorange,0.42575759209786,,,True,False,True
SmoothMuscleCells,SmoothMuscleCells,Sema3f,Nrp1,0.60812956,1.0,0.2895145,-0.13309364086827513,-0.11019653831490794,0.035608295,0.74182993,1.0,0.8460825255677307, ,darkorange,0.470908481252909,lightcyan,0.26029605688583,True,True,True
SmoothMuscleCells,EndothelialCells,Hspg2,Fgfr1,0.43183786,1.0,0.1110168,-0.5102094432997826,-0.7835070647905146,0.008215987,0.6402016,1.0,0.8460825255677307, ,brown,0.289796805062604,,,True,False,True
Fibroblasts,SmoothMuscleCells,Angptl2,Tie1,0.6087482,0.0,0.28955126,0.162775324451882,0.31062653058662054,0.035395637,0.74184203,0.2781382694822341,0.8463683968128513, ,lightyellow,0.332806434997196,darkorange,0.471040667965038,False,True,True
SmoothMuscleCells,EndothelialCells,Nampt,Adora2a,0.5491336,0.0,0.28955194,0.3206485603419533,0.7648455167625963,0.09115831,0.7418423,0.028541536280802495,0.8466541016381426, ,lightcyan,0.281201497523699,cyan,0.515506815090408,True,False,True
EndothelialCells,SmoothMuscleCells,Tgfb1,Acvrl1,0.5607055,0.995,0.2898241,-0.05047263228755286,-0.021678865587701324,0.03129053,0.7419323,1.0,0.8477982569394317, ,brown,0.518107180491385,blue,0.543721511713247,True,False,True
SmoothMuscleCells,Myocytes,Tgfb3,Itgb5,0.555095,0.481,0.28993875,0.00826331180542228,-0.0017223862663751088,0.040587604,0.7419701,0.880764943557253,0.8492299578428272, ,brown,0.511531512491637,tan,0.521580300356519,True,True,True
SmoothMuscleCells,Leukocytes,Thbs1,Itga4,0.38611397,0.0,0.12486482,0.6956132907111862,0.66131750391622,0.2339961,0.65362567,0.028541536280802495,0.8498029503873097, ,red,0.603083405069015,midnightblue,0.644281789489508,False,True,True
SmoothMuscleCells,EndothelialCells,Hbegf,Cd9,0.6542542,0.0,0.37046564,0.3655846120239672,0.26342536481483736,0.084065236,0.7647282,0.06830269619858771,0.8499701699618585, ,midnightblue,0.453211769212941,black,0.824997958045417,True,False,True
Myocytes,Leukocytes,Col4a1,Cd93,0.38600802,1.0,0.13903752,-0.631949243453169,-0.8855400735088838,0.0067392103,0.66569334,1.0,0.8500896590012244, ,greenyellow,0.52952690899527,brown,0.634483899866545,False,True,True
SmoothMuscleCells,Leukocytes,Hbegf,Cd44,0.65425384,0.0,0.37046534,1.085942843217169,0.9799000113538445,0.27021542,0.7647281,0.005118260236816996,0.8502730585174514, ,midnightblue,0.453211769212941,,,True,False,True
SmoothMuscleCells,Fibroblasts,Tfpi,Vldlr,0.38600373,0.022,0.14518757,0.0858660038184451,0.19834453110465636,0.021574913,0.6704921,0.9665738350693653,0.8503764320948604, ,brown,0.39820117315939,turquoise,0.670823606520324,True,False,True
EndothelialCells,Leukocytes,S100a8,Cd36,0.48583657,0.982,0.11067566,0.020823150751394785,-0.16277210511290263,0.042835988,0.6398471,1.0,0.8506632696754675, ,,,brown,0.783650639892057,False,True,True
SmoothMuscleCells,EndothelialCells,Efnb1,Epha4,0.38594773,0.697,0.14804237,-0.006849198728642106,0.04086159788437593,0.025735848,0.67263955,0.9819616377993038,0.8509499401649053, ,brown,0.361961852199938,,,True,False,True
SmoothMuscleCells,EndocardialCells,Vtn,Plaur,0.51345366,0.0,0.11061989,1.2360233055645613,0.8672789989838975,0.1244218,0.63978904,0.028541536280802495,0.8515239377220936, ,brown,0.715989746853182,,,True,False,True
SmoothMuscleCells,Leukocytes,Pros1,Axl,0.54072285,1.0,0.29077902,-0.1620902810967647,-0.21860014349896362,0.025678502,0.742247,1.0,0.8518108015294574, ,lightcyan,0.293353642967409,brown,0.704728587075672,True,True,True
Fibroblasts,Myocytes,Nampt,Insr,0.5735,0.0,0.29081696,0.4562503948172361,0.4383760745500103,0.05228068,0.7422595,0.06835851615375049,0.852097961549508, ,yellow,0.202506159545502,midnightblue,0.494037113570807,True,True,True
SmoothMuscleCells,EndothelialCells,Lama2,Itga1,0.5829818,0.0,0.29086602,0.23276808101574656,0.6273316199180371,0.08122706,0.74227566,0.05212142418970337,0.8523851861000169, ,brown,0.472765180178635,,,True,False,True
EndothelialCells,EndocardialCells,Fat4,Dchs1,0.38570926,0.0,0.14451924,0.1845519832592366,0.4754216112581757,0.11607943,0.6699823,0.0859146556624723,0.8529595968715448, ,blue,0.484493746555015,brown,0.702744912856117,False,True,True
Myocytes,EndocardialCells,Fgf1,Fgfr1,0.65377235,0.0,0.37114054,0.871339854730969,0.6174890445040001,0.07970624,0.7648919,0.028541536280802495,0.8529997565194516, ,orange,0.689259866805731,turquoise,0.150086944065614,True,False,True
Leukocytes,Fibroblasts,Tgfb1,Vasn,0.653592,0.0,0.38499653,0.49721993641637213,0.6963448969545696,0.10273233,0.7681716,0.028541536280802495,0.8536060231097492, ,brown,0.780749588439731,,,True,False,True
SmoothMuscleCells,Myocytes,Col3a1,Ddr1,0.38533077,0.49,0.14846607,0.08658079895293044,0.007267750373364079,0.056064975,0.67295414,0.8848849388653527,0.8538218128508398, ,tan,0.742640569981712,grey60,0.855792764263137,True,False,True
SmoothMuscleCells,Leukocytes,Cp,Slc40a1,0.3852607,0.732,0.14284757,0.15522157891124222,0.1993142378517861,0.038588125,0.66869485,0.9991793220457837,0.8541094246321036, ,lightcyan,0.723047431250866,turquoise,0.417227626956636,True,False,True
SmoothMuscleCells,Myocytes,Tgfb3,Acvr1_Tgfbr2,0.42484456,0.0,0.110200495,0.11365592526808158,0.09675606265509135,0.028872028,0.6393512,0.507665242520064,0.8546848419454669, ,brown,0.511531512491637,,,True,False,True
SmoothMuscleCells,EndocardialCells,Efna1,Epha7,0.38499174,0.0,0.115289986,0.30972240563030495,0.4197020851133401,0.05150992,0.64453995,0.07270194803493045,0.8552602852748405, ,tan,0.166951503824429,,,True,False,True
EndothelialCells,Myocytes,Dll4,Notch2,0.47863883,0.0,0.110178575,0.12244051159917507,0.5282131234995138,0.03267291,0.63932824,0.35395219263674726,0.8552602852748405, ,,,midnightblue,0.62811133093121,False,True,True
SmoothMuscleCells,SmoothMuscleCells,Col6a2,Itga1_Itgb1,0.56163406,0.0,0.29176354,0.15239064813988282,0.182070214656882,0.07721331,0.7425703,0.12096255822354661,0.8555482199824291, ,brown,0.539639213218055,,,True,False,True
Fibroblasts,EndothelialCells,Nampt,Itga5_Itgb1,0.38488248,0.96,0.1480918,-0.016065739178847144,-0.011927896561471474,0.026200477,0.6726764,1.0,0.8555482199824291, ,yellow,0.202506159545502,,,True,False,True
Leukocytes,EndothelialCells,Nucb2,Erap1,0.38480037,0.0,0.12638357,0.05331497966817632,0.14867556188535563,0.0444385,0.6549929,0.3080690864553753,0.8561240507339767, ,turquoise,0.642443664064028,yellow,0.180480376497594,False,True,True
Leukocytes,EndocardialCells,Tgfb1,Acvrl1,0.6528322,0.003,0.38369125,0.08863102180574223,0.052018602552887705,0.041424792,0.7678691,0.5072218096393796,0.8566389735960065, ,brown,0.780749588439731,,,True,False,True
SmoothMuscleCells,SmoothMuscleCells,Mfap5,Notch1,0.4236179,1.0,0.110015556,-0.23486717609797775,-0.4372352708020655,0.013859287,0.6391575,1.0,0.856700372432131, ,darkorange,0.675305102108676,,,True,False,True
EndocardialCells,EndocardialCells,Adam10,Cd44,0.56657296,0.0,0.10986296,0.1916181617243129,0.1287990813961466,0.02099294,0.63899744,0.991023174390721,0.8578535588073757, ,lightgreen,0.158989074363781,yellow,0.212459882063522,False,True,True
EndocardialCells,SmoothMuscleCells,Sost,Lrp5,0.5974102,0.0,0.29218572,0.9141099599877222,1.1232002204624376,0.14852121,0.7427084,0.01095628188075579,0.858141842340093, ,,,lightcyan,0.468034414228244,False,True,True
Leukocytes,EndocardialCells,Dcn,Tlr2,0.23231366,1.0,0.04267343,-0.41378421844164637,-0.6304546800296235,0.009610164,0.524527,1.0,0.8582202802490106, ,brown,0.644747610735882,,,True,False,True
Myocytes,Myocytes,Col4a2,Itgb5,0.3845122,1.0,0.1465747,-0.5249088502637932,-0.7791866942693018,0.010029368,0.6715417,1.0,0.858430423391683, ,,,tan,0.521580300356519,False,True,True
Fibroblasts,EndothelialCells,Bmp4,Rgmb,0.38449192,0.0,0.14396611,0.08470254564645423,0.21071245065889238,0.076641925,0.6695583,0.23386709852478865,0.8587190691331922, ,yellow,0.321909400792098,,,True,False,True
EndocardialCells,Leukocytes,Lama4,Itga6_Itgb1,0.4943275,0.931,0.10983475,-0.052790563994181944,-0.24354597336326228,0.01871539,0.6389678,1.0,0.8587190691331922, ,brown,0.394621679147421,,,True,False,True
EndocardialCells,EndocardialCells,Lpl,Cd44,0.2528158,1.0,0.042674314,-0.557288985437433,-0.7463702655464883,0.0050883996,0.52452964,1.0,0.8587510499222845, ,turquoise,0.390663253961939,yellow,0.212459882063522,False,True,True
Fibroblasts,SmoothMuscleCells,Gpc3,Lrp1,0.3905022,0.903,0.10983443,0.028932499158888986,0.033955740711968246,0.05639955,0.6389675,1.0,0.8590075465268632, ,,,brown,0.561942294262648,False,True,True
EndothelialCells,EndocardialCells,Tgfb1,Lpp,0.6520436,0.0,0.4208838,0.18032102758503368,0.23111031103633456,0.038257215,0.77601224,0.21010879673949923,0.8590673903680575, ,brown,0.518107180491385,sienna3,0.536597374307697,True,False,True
SmoothMuscleCells,Myocytes,Tgfb1,Itgb5,0.38442907,1.0,0.14650483,-0.3117621104818607,-0.46580961068318877,0.013737068,0.6714892,1.0,0.8592963216177342, ,brown,0.732384831866489,tan,0.521580300356519,True,True,True
SmoothMuscleCells,Fibroblasts,Nppa,Npr1,0.55360425,1.0,0.29228184,-0.1299851899025307,-0.3503844407821297,0.01868358,0.7427398,1.0,0.8592963216177342, ,brown,0.553063856550583,,,True,False,True
Leukocytes,Leukocytes,Cxcl12,Sdc4,0.38442892,1.0,0.11210921,-0.33950540821874997,-0.6108790880498443,0.012457613,0.64132863,1.0,0.8595851614202674, ,brown,0.630654513966125,,,True,False,True
EndothelialCells,EndothelialCells,Efna1,Epha4,0.5592855,0.0,0.29231778,0.3084095885407418,0.711802953921435,0.048146963,0.74275166,0.09429063520408681,0.8595851614202674, ,yellow,0.177429009303501,,,True,False,True
EndocardialCells,Myocytes,Jam3,Itgb1,0.4578761,1.0,0.10980214,-0.6074136717152981,-0.805424231266137,0.0052664597,0.6389336,1.0,0.8598740659417137, ,yellow,0.471739559256652,greenyellow,0.433544316700636,True,False,True
SmoothMuscleCells,SmoothMuscleCells,Col4a5,Sdc1,0.3842672,0.0,0.14069085,0.41001957042309495,0.44803414157357274,0.101513915,0.66700745,0.028541536280802495,0.8601628019354182, ,brown,0.452711648416098,purple,0.260770464928019,True,False,True
EndocardialCells,Leukocytes,Col1a2,Cd93,0.3842313,1.0,0.13731112,-0.38488540300463836,-0.6374462189395274,0.012700348,0.66430163,1.0,0.8604518358641888, ,blue,0.218085546763467,brown,0.634483899866545,False,True,True
EndocardialCells,Fibroblasts,Sema3f,Nrp1,0.6518216,1.0,0.36178857,-0.061209507299699345,-0.16668601728829796,0.044497512,0.76258945,1.0,0.8605862244794529, ,,,yellow,0.250435830471026,False,True,True
SmoothMuscleCells,SmoothMuscleCells,Hspg2,Lrp1,0.6517949,1.0,0.42183846,-0.28957748850355447,-0.4118114889663822,0.027586859,0.7762091,1.0,0.8608900038961268, ,brown,0.289796805062604,brown,0.561942294262648,True,True,True
SmoothMuscleCells,Myocytes,Adam15,Itgb1,0.6512168,1.0,0.409041,-0.5681351245405032,-0.5826739389254793,0.014188668,0.77352196,1.0,0.8618016368463338, ,lightcyan,0.35510465639107,greenyellow,0.433544316700636,True,False,True
Leukocytes,SmoothMuscleCells,Timp3,Ddr1,0.20852593,1.0,0.042791557,-0.692158842364452,-0.6396528081569702,0.0063193385,0.5248717,1.0,0.8619337195870659, ,lightcyan,0.542032628399973,,,True,False,True
Fibroblasts,Leukocytes,Penk,Ogfr,0.54620427,0.0,0.2932157,0.34325366487688413,0.7813925205243755,0.18051471,0.74304444,0.028541536280802495,0.8621869320049174, ,tan,0.433324007429215,turquoise,0.238715276973476,True,False,True
Myocytes,Leukocytes,Cxcl12,Itga5,0.2146843,1.0,0.042797383,-0.5782118824367278,-0.8948250685067145,0.0050009587,0.5248887,1.0,0.8624638755550266, ,tan,0.577984649656319,,,True,False,True
SmoothMuscleCells,Myocytes,C3,Cd81,0.6387807,1.0,0.10964606,-0.8392185321134322,-0.7827687803150457,0.006934299,0.6387695,1.0,0.8624764191659464, ,brown,0.818843396923259,black,0.725044587549066,True,False,True
SmoothMuscleCells,Fibroblasts,Sema3f,Nrp1,0.6138646,1.0,0.29323933,-0.124702099579804,-0.2653302948668178,0.036066428,0.7430522,1.0,0.8624764191659464, ,darkorange,0.470908481252909,yellow,0.250435830471026,True,True,True
SmoothMuscleCells,Leukocytes,Tfpi,Lrp1,0.651083,0.039,0.38256052,0.0533234232884094,0.00907321171650044,0.03312809,0.76760596,0.6253914675795696,0.8627136503063981, ,brown,0.39820117315939,turquoise,0.663780405167675,True,False,True
Myocytes,Leukocytes,Wnt5a,Lrp6,0.38393602,0.0,0.124779575,0.26231611592516496,0.35156048976576515,0.10155649,0.6535483,0.038201078631071916,0.8627659711183682, ,tan,0.430635396063789,,,True,False,True
Leukocytes,EndocardialCells,Psen1,Cd44,0.25346288,0.997,0.04281288,-0.07862867504887311,-0.10964567079497206,0.016001133,0.5249339,1.0,0.8629939438772529, ,,,yellow,0.212459882063522,False,True,True
EndocardialCells,EndocardialCells,Adam15,Itga9,0.651013,0.0,0.4224841,0.13038712320876605,0.1511535167399674,0.05345905,0.776342,0.15130116425571846,0.8636257984893103, ,lightcyan,0.176865930443945,blue,0.490558319288106,True,False,True
SmoothMuscleCells,Leukocytes,Col6a2,Cd44,0.6510018,0.0,0.3646494,0.6055314689319584,0.559981557040904,0.13291271,0.76330173,0.028541536280802495,0.8639298640963096, ,brown,0.539639213218055,,,True,False,True
SmoothMuscleCells,Myocytes,Lamb1,Itga6_Itgb1,0.21038562,1.0,0.04282037,-0.32724637739489193,-0.5849783302448737,0.009766344,0.5249557,1.0,0.8640537641473647, ,brown,0.764130236562423,,,True,False,True
Fibroblasts,Fibroblasts,Rgmb,Neo1,0.38354838,0.0,0.13146617,0.1548176340659592,0.2761015416024956,0.04740045,0.65943414,0.11748825008940295,0.86450417578192, ,,,yellow,0.471083556679634,False,True,True
SmoothMuscleCells,EndothelialCells,Col4a5,Cd47,0.6387291,0.395,0.29376397,0.003947939242165955,0.07052777947213384,0.041009713,0.7432228,0.8507669446219807,0.8647941813724139, ,brown,0.452711648416098,,,True,False,True
SmoothMuscleCells,Leukocytes,Angpt2,Itga5_Itgb1,0.38352907,0.0,0.13466917,0.08441623427337112,0.12939701112100194,0.04439158,0.66213197,0.2344294477715826,0.8647941813724139, ,brown,0.33277543675192,,,True,False,True
SmoothMuscleCells,Myocytes,Grn,Sort1,0.65094113,0.0,0.41933775,0.37661758417363767,0.29656612508836344,0.04351639,0.7756923,0.13498363128928786,0.864842477659657, ,blue,0.516576363314691,midnightblue,0.356528030180206,False,True,True
SmoothMuscleCells,EndocardialCells,Col4a2,Cd44,0.5648236,0.115,0.10948835,-0.009668690285117992,-0.07206612587669547,0.018002464,0.63860345,1.0,0.8653741529137133, ,royalblue,0.467210828947921,yellow,0.212459882063522,False,True,True
Myocytes,Leukocytes,Gnai2,Adcy7,0.5423317,1.0,0.29408836,-0.6478531890465332,-0.27344993005054924,0.034440756,0.74332803,1.0,0.8656643530217414, ,tan,0.462915726534463,turquoise,0.708613920984797,True,False,True
Myocytes,Leukocytes,C1qb,Lrp1,0.49125016,0.967,0.10942964,-0.059142567219530665,-0.3083460044964099,0.0147928465,0.6385415,1.0,0.8659546180008929, ,brown,0.759344460789136,turquoise,0.663780405167675,True,False,True
SmoothMuscleCells,EndocardialCells,Hspg2,Fgfr1,0.56154686,1.0,0.29430875,-0.32648900573700557,-0.42945287934371623,0.02178082,0.74339956,1.0,0.8662447135063007, ,brown,0.289796805062604,turquoise,0.150086944065614,True,False,True
Fibroblasts,SmoothMuscleCells,Ptdss1,Jmjd6,0.38324195,0.0,0.14671138,0.0737882704540827,0.08610788009345482,0.039809633,0.6716445,0.25837248408711705,0.8662447135063007, ,yellow,0.4197018519307,,,True,False,True
SmoothMuscleCells,Leukocytes,Sema3f,Nrp1,0.6160646,1.0,0.29466823,-0.12148365271413378,-0.12911952896909906,0.03624217,0.74351597,1.0,0.8668255677807188, ,darkorange,0.470908481252909,turquoise,0.61042256211068,True,False,True
SmoothMuscleCells,EndocardialCells,Sema3f,Nrp2_Plxna2,0.38306427,0.0,0.14333704,0.13529310927408184,0.10437080819048927,0.060558993,0.6690736,0.19943074281353113,0.8671160922644784, ,darkorange,0.470908481252909,,,True,False,True
Fibroblasts,EndocardialCells,Lin7c,Abca1,0.3830024,0.001,0.14151333,0.055700801222957064,-0.0010075136054003564,0.034573503,0.6676545,0.47092931215184725,0.8674064470940055, ,,,lightcyan,0.751980973473931,False,True,True
Leukocytes,EndothelialCells,Col4a2,Itga1_Itgb1,0.4701228,1.0,0.1093108,-0.17961549379265712,-0.020909241872442808,0.013049601,0.6384161,1.0,0.8676971013473525, ,brown,0.55242115377533,,,True,False,True
Fibroblasts,Myocytes,Jag1,Notch2,0.22731596,1.0,0.04292657,-0.2024932616534784,-0.34330373878111964,0.009549939,0.5252645,1.0,0.8677605091062496, ,pink,0.449155476203353,midnightblue,0.62811133093121,False,True,True
Leukocytes,EndothelialCells,Tgfb1,Lpp,0.60117716,0.0,0.29494953,0.11866092780140056,0.05341295546106961,0.026810123,0.7436069,0.6100632017597395,0.8679878205225597, ,brown,0.780749588439731,,,True,False,True
Leukocytes,SmoothMuscleCells,Col4a2,Itgb5,0.47011185,1.0,0.109307826,-0.4075437245512539,-0.6463863978462225,0.007479384,0.638413,1.0,0.8682783699081164, ,brown,0.55242115377533,brown,0.48064539237368,True,True,True
Fibroblasts,EndothelialCells,Rspo1,Lrp6,0.38275325,0.0,0.13421261,0.11973436596716275,0.5028325374489802,0.07055326,0.6617519,0.1696064775299835,0.8682783699081164, ,brown,0.469088038370504,,,True,False,True
EndocardialCells,EndocardialCells,Lama4,Itga6_Itgb1,0.64966863,0.0,0.37736443,0.16148160821452479,0.1059539849354052,0.06430135,0.766384,0.19682606930341817,0.8694088941734477, ,brown,0.394621679147421,,,True,False,True
Myocytes,Fibroblasts,Psen1,Ncstn,0.38229993,0.998,0.11442982,-0.07075842682838729,-0.14488388338864222,0.02176407,0.64368165,1.0,0.8697330293771328, ,tan,0.493293969025575,,,True,False,True
Myocytes,Myocytes,Txlna,Stx4a,0.3822402,1.0,0.10969673,-0.1902312770718209,-0.3262106382390647,0.013281445,0.63882285,1.0,0.8703152067239683, ,greenyellow,0.434635211642019,brown,0.6098277050981,False,True,True
EndocardialCells,Leukocytes,Lama4,Itga9_Itgb1,0.6493326,0.0,0.37678576,0.22302959381532594,0.337534982738531,0.061953265,0.7662465,0.05770913330452079,0.8709325726088846, ,brown,0.394621679147421,,,True,False,True
Myocytes,Myocytes,Igf1,Insr,0.41232738,0.809,0.043044925,0.09862664126561105,-0.17122555555215674,0.008179402,0.5256078,1.0,0.8714629097556452, ,greenyellow,0.542941012327664,midnightblue,0.494037113570807,False,True,True
Myocytes,Myocytes,Gnai2,F2r,0.3821133,1.0,0.11840123,-1.1968489690203734,-1.134928013933441,0.003927997,0.6475845,1.0,0.8717721395960477, ,tan,0.462915726534463,grey60,0.736304505060299,True,False,True
EndothelialCells,Myocytes,Lrpap1,Sort1,0.64877796,0.0,0.416235,0.5310901221074105,0.4646299691295611,0.05493382,0.7750455,0.05567125800083565,0.8718470199220529, ,,,midnightblue,0.356528030180206,False,True,True
Leukocytes,Fibroblasts,Tnf,Notch1,0.38189542,0.0,0.13425864,0.3000806159234701,0.21394310838547087,0.063873574,0.6617903,0.09629636772779003,0.8720637682285978, ,turquoise,0.350511842215774,yellow,0.264341417098466,False,True,True
SmoothMuscleCells,Leukocytes,Pdgfb,Lrp1,0.6486977,0.099,0.37848434,0.04420248943489605,-0.10872337498362727,0.051082656,0.76664907,0.703828263847981,0.8721518510204345, ,darkorange,0.329367356438579,turquoise,0.663780405167675,True,False,True
Fibroblasts,Myocytes,Ahsg,Insr,0.6486963,0.0,0.40641698,0.6168577904137215,0.7903483128585918,0.08900438,0.77295774,0.028541536280802495,0.8724568333441551, ,turquoise,0.644266118721222,midnightblue,0.494037113570807,False,True,True
Myocytes,EndothelialCells,Adm,Ramp3,0.64867043,0.0,0.36751518,0.4933501624730138,0.9887896502972671,0.22605175,0.76400816,0.028541536280802495,0.8727617207267326, ,brown,0.433939583997392,,,True,False,True
EndothelialCells,Leukocytes,Tgfb1,Eng,0.5654184,1.0,0.29658666,-0.28739791726504793,-0.3650581103931277,0.016539825,0.74413425,1.0,0.8732306975267247, ,brown,0.518107180491385,turquoise,0.713007366620405,True,False,True
Myocytes,Myocytes,Gstp2,Traf2,0.21938208,0.068,0.0431288,0.04777779450725795,0.0062596589815599735,0.035686474,0.5258505,0.6664867682224347,0.8741048788197315, ,tan,0.462514063069149,tan,0.689086951973111,True,True,True
Myocytes,Myocytes,Col4a5,Cd47,0.3814497,1.0,0.12900303,-0.42260670220537894,-0.43503185490076035,0.01800894,0.6573071,1.0,0.8741065183828995, ,brown,0.598294810383622,orange,0.66133460139945,True,True,True
SmoothMuscleCells,Myocytes,Col4a1,Cd93,0.5878035,1.0,0.10886755,-0.30773912874942755,-0.652585073285086,0.005276859,0.637947,1.0,0.8741065183828995, ,,,tan,0.291337625930732,False,True,True
EndocardialCells,SmoothMuscleCells,Lamc1,Itga1,0.648327,0.001,0.41581804,0.10812968944697587,0.07385486041045153,0.05832544,0.77495813,0.47092931215184725,0.8742868253697944, ,brown,0.697901590493492,,,True,False,True
EndothelialCells,EndocardialCells,Lamc1,Itga9_Itgb1,0.5487754,0.188,0.29683584,0.05516655227690351,0.007544102327296576,0.044185862,0.7442142,0.7530925249257581,0.8746906455488368, ,brown,0.425314090034099,,,True,False,True
EndocardialCells,Myocytes,Efnb2,Grm1,0.6481332,0.0,0.3801225,1.3555768923204308,1.1154906053423843,0.3899034,0.7670352,0.001446960221505954,0.8748970883222085, ,lightcyan,0.297527702145485,grey60,0.734138703120507,True,False,True
SmoothMuscleCells,Myocytes,Hspg2,Ptprs,0.5633701,0.999,0.29688516,-0.06746555929094919,-0.10536992319543625,0.03919937,0.74423,1.0,0.8749829246558443, ,brown,0.289796805062604,brown,0.264675304065931,True,True,True
Myocytes,Fibroblasts,Bgn,Ly96,0.20810354,1.0,0.043146353,-0.5260634133305144,-0.8194727221807527,0.005065957,0.5259012,1.0,0.8751610220466364, ,darkorange,0.218523360661584,turquoise,0.457138519449582,True,False,True
Myocytes,Fibroblasts,Tfpi,F3,0.5879101,0.0,0.29701516,0.4219653337370053,0.6316551964934808,0.11721822,0.74427164,0.028541536280802495,0.8752752688659164, ,brown,0.493469316651968,,,True,False,True
SmoothMuscleCells,EndocardialCells,Col1a1,Itga5,0.38123798,1.0,0.121097445,-0.11419184727407419,-0.18921200440946734,0.03483515,0.6501495,1.0,0.8752752688659164, ,brown,0.614930628804247,red,0.410404558740387,True,False,True
SmoothMuscleCells,EndothelialCells,Vtn,Itga5,0.64802206,0.0,0.35408765,1.2967019215285907,0.9883721226623929,0.16143364,0.76063627,0.006884863909833172,0.8758127545023164, ,brown,0.715989746853182,,,True,False,True
SmoothMuscleCells,SmoothMuscleCells,Adam10,Tspan12,0.5868791,0.496,0.29718894,-0.020024670869970673,-0.07206740144102047,0.026583167,0.74432725,0.8869503484193613,0.8761524560513447, ,red,0.449991483193517,lightcyan,0.443760185061965,False,True,True
Myocytes,SmoothMuscleCells,Fgf13,Fgfr1,0.6477761,0.0,0.4083584,0.7787698256601155,0.7285644294614049,0.15110147,0.7733757,0.028541536280802495,0.8767285493064032, ,tan,0.510793532992465,,,True,False,True
Myocytes,Myocytes,Cxcl12,Itgav,0.21604864,1.0,0.043226633,-0.5100814287219386,-0.8043825429760441,0.005958042,0.5261329,1.0,0.8772723122474393, ,tan,0.577984649656319,grey60,0.700690341838197,True,False,True
EndothelialCells,Myocytes,Tgfb1,Vasn,0.43447602,0.0,0.108699314,0.09941990676930003,0.14666651915139187,0.029005285,0.6377684,0.49942642505397183,0.8773230291392722, ,brown,0.518107180491385,magenta,0.785252279528657,True,False,True
Fibroblasts,Myocytes,Ltbp3,Itgb5,0.6475636,0.0,0.3676527,0.12385805119581109,0.33705822201849966,0.0495357,0.76404184,0.16243758646376363,0.8773392599570293, ,brown,0.316212515891352,tan,0.521580300356519,True,True,True
Myocytes,SmoothMuscleCells,Gnai2,Igf1r,0.54553604,1.0,0.29760206,-0.738350862018652,-0.46484282120774706,0.01754683,0.7444594,1.0,0.8776156579311625, ,tan,0.462915726534463,,,True,False,True
SmoothMuscleCells,Leukocytes,Tgfb1,Eng,0.38101703,1.0,0.14412569,-0.5720907257123603,-0.7858013312156209,0.008037495,0.6696808,1.0,0.8779085882372575, ,brown,0.732384831866489,turquoise,0.713007366620405,True,False,True
SmoothMuscleCells,Leukocytes,Col4a5,Cd47,0.6459575,0.252,0.29811227,0.01599379209769787,0.07633285216470254,0.04161674,0.7446224,0.7850808022423438,0.878494644383334, ,brown,0.452711648416098,,,True,False,True
EndocardialCells,EndocardialCells,Lamb1,Itga6_Itgb4,0.38068804,0.0,0.11850681,0.36048926883032,0.28865970174696265,0.15000793,0.6476861,0.05673186269811697,0.8790807246280675, ,brown,0.406739902075495,,,True,False,True
SmoothMuscleCells,SmoothMuscleCells,Tgfb3,Tgfbr3,0.56117535,0.0,0.29832923,0.1663569260672848,0.24104076055811796,0.05746178,0.74469155,0.10334073099905638,0.8790807246280675, ,brown,0.511531512491637,,,True,False,True
Myocytes,Leukocytes,Tgm2,Itga4,0.64713126,0.0,0.40767136,0.6152205280578797,0.5225659532145295,0.12519084,0.7732281,0.028541536280802495,0.8791719379234736, ,,,midnightblue,0.644281789489508,False,True,True
Fibroblasts,SmoothMuscleCells,Nampt,Adora2a,0.3806814,0.002,0.14491287,0.07379036399092921,0.07849234397728566,0.045622256,0.67028296,0.4939114915418876,0.8793739808317578, ,yellow,0.202506159545502,,,True,False,True
SmoothMuscleCells,Myocytes,Angpt2,Tie1,0.29122537,1.0,0.043288864,-0.11267647285915852,-0.34464045096569157,0.009471637,0.52631223,1.0,0.8793822034329488, ,brown,0.33277543675192,darkorange,0.249810980800106,True,True,True
Myocytes,Leukocytes,Psen1,Ncstn,0.38064983,0.992,0.11375596,-0.07313184857803873,-0.12121835159535244,0.021635905,0.643004,1.0,0.8796670654804917, ,tan,0.493293969025575,,,True,False,True
Leukocytes,Myocytes,Nampt,Insr,0.6469408,0.0,0.40371823,0.572414001380853,0.6131461325717641,0.07257714,0.7723726,0.028541536280802495,0.8800887760091083, ,turquoise,0.754195842561803,midnightblue,0.494037113570807,False,True,True
Fibroblasts,Myocytes,Trf,Hfe,0.3889485,1.0,0.10849688,-0.1423432630726175,-0.35868302746291864,0.012321556,0.6375531,1.0,0.8802539038705257, ,,,tan,0.587981482316645,False,True,True
Leukocytes,Leukocytes,Selplg,Esam,0.52869,0.0,0.10842282,0.5928338502616763,0.08554319395141796,0.02319573,0.6374741,0.8419904275553655,0.8811344136952239, ,black,0.673163144312154,brown,0.458895229393426,False,True,True
EndothelialCells,EndocardialCells,Nppa,Npr2,0.5638872,0.677,0.29895464,0.023603642529243685,-0.010578636057485102,0.02953519,0.7448906,0.9718368153105188,0.8814281264283389, ,brown,0.342952456137021,blue,0.598577969516683,True,False,True
Myocytes,SmoothMuscleCells,Lama2,Dag1,0.38023365,0.832,0.13332212,-0.023145240905622824,-0.09227849401960309,0.033693597,0.6610065,1.0,0.8823094189911926, ,midnightblue,0.3482443250449,,,True,False,True
EndothelialCells,Leukocytes,Efnb2,Pecam1,0.43876958,1.0,0.10829156,-0.09953483120895518,-0.04516865436445594,0.012112863,0.6373342,1.0,0.8823094189911926, ,,,lightcyan,0.23876749076216,False,True,True
Myocytes,SmoothMuscleCells,Apoe,Lrp1,0.6461574,1.0,0.4151068,-0.5111651499176021,-0.566993581376425,0.019753084,0.7748089,1.0,0.8825346108584836, ,,,brown,0.561942294262648,False,True,True
EndocardialCells,EndocardialCells,Efemp2,Aqp1,0.38022274,1.0,0.13799624,-0.1875466575978347,-0.3731260091521882,0.022625571,0.6648563,1.0,0.8826033927652144, ,brown,0.641190213682498,green,0.272106925519139,True,False,True
EndocardialCells,SmoothMuscleCells,Sema3f,Nrp1,0.6460866,1.0,0.357193,-0.06960104858817048,-0.011552260736388098,0.043932285,0.7614302,1.0,0.8828405420000904, ,,,lightcyan,0.26029605688583,False,True,True
SmoothMuscleCells,Myocytes,Arf6,Pld1,0.31124166,1.0,0.04338905,-0.23172071678862788,-0.36438888174767275,0.009948236,0.5266004,1.0,0.8830711878828972, ,lightcyan,0.286234066022893,black,0.42204512939976,True,False,True
Fibroblasts,Myocytes,Tgfb3,Tgfbr3,0.5870906,0.0,0.29922393,0.2006161254076862,0.4586563770316297,0.057634108,0.74497604,0.07340622009244349,0.8834854684139808, ,turquoise,0.64721209119704,brown,0.487576749012742,False,True,True
Fibroblasts,EndocardialCells,Col4a1,Cd44,0.5586664,1.0,0.10816984,-0.09306811236778233,-0.19776837257004687,0.015823219,0.6372042,1.0,0.8837797033448597, ,,,yellow,0.212459882063522,False,True,True
EndothelialCells,Myocytes,Tgfb1,Cav1,0.6457042,1.0,0.41178754,-0.05890939041639556,-0.16794853284962424,0.02392798,0.77410764,1.0,0.8843702417427421, ,brown,0.518107180491385,,,True,False,True
Myocytes,Leukocytes,Jam3,Itgam_Itgb2,0.64570075,0.0,0.33242047,0.7939988729706131,0.6622159252738979,0.112435326,0.7548408,0.028541536280802495,0.8846762150562306, ,brown,0.527581135398156,,,True,False,True
Myocytes,SmoothMuscleCells,Wnt5a,Ryk,0.3792191,0.0,0.12257666,0.22476952305604542,0.25475945873198425,0.09555681,0.6515291,0.07270194803493045,0.8852513824164541, ,tan,0.430635396063789,purple,0.701710379799029,True,False,True
Leukocytes,SmoothMuscleCells,Tgfb1,Tgfbr3,0.6456815,0.0,0.37140664,0.2402854541841426,0.24770924230412789,0.047916807,0.7649563,0.0956482127447387,0.8852883678716605, ,brown,0.780749588439731,,,True,False,True
Myocytes,Myocytes,Tfpi,Lrp1,0.47100997,1.0,0.10800718,-0.1943380930659905,-0.3739398167084258,0.009352957,0.63703024,1.0,0.8858407014948433, ,brown,0.493469316651968,,,True,False,True
EndothelialCells,Leukocytes,Vcam1,Itga4_Itgb1,0.37912038,0.0,0.11728742,0.3921925201089578,0.20711970711051247,0.058338057,0.64650524,0.1010009644416898,0.8861352211613354, ,lightcyan,0.38028558511622,,,True,False,True
Myocytes,Myocytes,Efnb3,Ephb4,0.37904415,0.001,0.12729219,0.6921853114538242,0.33257917936417264,0.065930314,0.6558019,0.3974527581479945,0.8867249323834236, ,grey60,0.787780544911158,brown,0.458366113710416,False,True,True
SmoothMuscleCells,EndocardialCells,Col6a2,Cd44,0.2574285,1.0,0.043662086,-0.19316128018475529,-0.2641583224460574,0.015914593,0.52738225,1.0,0.8867558385743629, ,brown,0.539639213218055,yellow,0.212459882063522,True,True,True
SmoothMuscleCells,SmoothMuscleCells,Vtn,Itgav_Itgb1,0.64497966,0.0,0.34858325,1.3679886699137398,1.0451283824069886,0.18745884,0.75920707,0.002885466489197863,0.8872786553974281, ,brown,0.715989746853182,,,True,False,True
SmoothMuscleCells,SmoothMuscleCells,Vtn,Itgav_Itgb5,0.64497966,0.0,0.34858325,1.3679886699137398,1.0451283824069886,0.18745884,0.75920707,0.002885466489197863,0.8872786553974281, ,brown,0.715989746853182,,,True,False,True
Fibroblasts,SmoothMuscleCells,Vegfb,Nrp1,0.61399853,1.0,0.29997906,-0.21014416707257838,-0.2033119252145919,0.015603261,0.7452155,1.0,0.887314667040459, ,,,lightcyan,0.26029605688583,False,True,True
SmoothMuscleCells,EndothelialCells,Col1a1,Flt4,0.378959,0.438,0.12006949,0.0023571558898318745,0.2747683101545349,0.051226698,0.6491794,0.8671354638371616,0.8876097514923094, ,brown,0.614930628804247,pink,0.248681072120292,True,False,True
SmoothMuscleCells,Myocytes,Adam10,Tspan12,0.37882802,1.0,0.14342432,-0.27597656561500444,-0.4666846479097981,0.012829121,0.669141,1.0,0.8879049013588959, ,red,0.449991483193517,tan,0.589192837879818,False,True,True
EndocardialCells,Leukocytes,Cxcl12,Itga4,0.37870347,1.0,0.1168357,0.16626625268832373,-0.11417092225153991,0.04218111,0.6460641,1.0,0.8884951590170872, ,,,midnightblue,0.644281789489508,False,True,True
SmoothMuscleCells,EndothelialCells,Col6a1,Itga6,0.64465046,0.0,0.34547758,0.270583552320453,0.6699099880402108,0.10250625,0.7583881,0.03498747403336087,0.8886571119437694, ,brown,0.618792290214031,greenyellow,0.32505515203617,True,False,True
Myocytes,Fibroblasts,Lama2,Dag1,0.37860033,0.907,0.13242659,-0.02556922851800393,-0.09247241028793235,0.033467278,0.66025096,1.0,0.8890856782099854, ,midnightblue,0.3482443250449,pink,0.439064216849562,True,False,True
EndocardialCells,Leukocytes,Adam15,Itga9,0.56254804,0.825,0.3008386,-0.0026919740571647727,0.03043014589737092,0.03806663,0.7454869,1.0,0.8893811551533444, ,lightcyan,0.176865930443945,turquoise,0.699544318835141,True,False,True
SmoothMuscleCells,SmoothMuscleCells,Adam15,Itga5,0.37849468,1.0,0.120735735,-0.3420254275377143,-0.48066720369722493,0.013477541,0.64980924,1.0,0.8893811551533444, ,lightcyan,0.35510465639107,brown,0.546566959140606,True,True,True
SmoothMuscleCells,SmoothMuscleCells,Col18a1,Itgb5,0.6445145,0.0,0.38986003,0.37742008800877797,0.4402859853202682,0.08515321,0.7692875,0.028541536280802495,0.8898829544429327, ,,,brown,0.48064539237368,False,True,True
Fibroblasts,SmoothMuscleCells,Wnt5a,Fzd1,0.20938954,0.007,0.04378417,0.095787263126008,0.27662792198878167,0.07685855,0.5277302,0.5422300974172793,0.8899106903596198, ,,,darkorange,0.304041917479218,False,True,True
EndocardialCells,Fibroblasts,Lamb2,Dag1,0.5531312,0.025,0.30104402,0.04731227027908451,0.08859815401518911,0.031184385,0.74555176,0.6006696670137771,0.889972305421983, ,brown,0.473770160271624,pink,0.439064216849562,True,False,True
Fibroblasts,SmoothMuscleCells,Efemp2,Plscr4,0.62852573,0.0,0.3011269,0.1306168712369279,0.23472950853546182,0.047144987,0.7455779,0.15079518304398454,0.8902677400966679, ,,,brown,0.562381595629916,False,True,True
Fibroblasts,SmoothMuscleCells,Tgfb1,Vasn,0.37825647,0.1,0.12494212,0.08511921545198642,-0.060412356073790974,0.033339508,0.65369564,0.695879989753601,0.8902677400966679, ,brown,0.757880766459934,red,0.620798040751772,True,False,True
Myocytes,Fibroblasts,Wnt5a,Ldlr,0.21050936,0.0,0.043785058,0.2162393979383064,0.2937113860905838,0.1188141,0.52773273,0.06242030995211993,0.8904362112023279, ,tan,0.430635396063789,purple,0.317659001931645,True,False,True
Leukocytes,EndocardialCells,Lin7c,Abca1,0.37815207,0.019,0.13709995,0.0480386277091368,0.030484597667154945,0.033495255,0.66413003,0.584208712317261,0.8905634788635685, ,,,lightcyan,0.751980973473931,False,True,True
SmoothMuscleCells,SmoothMuscleCells,Lrpap1,Lrp1,0.550955,1.0,0.30142766,-0.2475288282973803,-0.3544537117570208,0.02346068,0.7456725,1.0,0.8908592831176856, ,darkred,0.461245395882384,brown,0.561942294262648,False,True,True
EndothelialCells,Fibroblasts,Angpt2,Itga5_Itgb1,0.37809074,0.0,0.13637085,0.07932064874423633,0.23426935407595817,0.044952516,0.66353506,0.24691339040845206,0.8908592831176856, ,brown,0.680260821306767,,,True,False,True
Fibroblasts,Leukocytes,Mfap2,Notch1,0.6439899,0.0,0.35292786,0.22037439776416007,0.4386200111166951,0.0616535,0.7603375,0.059852976087780584,0.8911091102116325, ,brown,0.394264743586134,turquoise,0.391504575553089,True,False,True
Myocytes,SmoothMuscleCells,Adam10,Tspan15,0.37774408,0.998,0.13645965,-0.08626176174072187,-0.1562531415950853,0.028252704,0.66360766,1.0,0.89115515286627, ,,,lightcyan,0.545464577373123,False,True,True
EndothelialCells,Myocytes,Tgfb1,Itgb5,0.5688305,0.978,0.30148253,-0.027069302034548326,-0.0450663898606955,0.028268596,0.7456898,1.0,0.891450849240076, ,brown,0.518107180491385,tan,0.521580300356519,True,True,True
Fibroblasts,Myocytes,Ptdss1,Scarb1,0.25335926,1.0,0.043841913,-0.17048313153231934,-0.35025946340152697,0.01184734,0.5278945,1.0,0.892012197190483, ,yellow,0.4197018519307,magenta,0.89315967987866,True,False,True
EndothelialCells,EndothelialCells,Lamc1,Itga1,0.6437024,0.0,0.38854662,0.10656329557315813,0.3525720245543976,0.054500163,0.76898795,0.18988478926488822,0.8920291679713508, ,brown,0.425314090034099,,,True,False,True
Leukocytes,Fibroblasts,Alcam,Nrp1,0.6434925,1.0,0.34674644,0.036035924735275615,-0.04130059104321132,0.07399841,0.7587238,1.0,0.892335825805784, ,,,yellow,0.250435830471026,False,True,True
Fibroblasts,Leukocytes,Tgfb1,Tgfbr1_Tgfbr2,0.37764925,1.0,0.1246463,-0.06800043496235228,-0.15021509512354986,0.024214638,0.6534273,1.0,0.892338808880037, ,brown,0.757880766459934,,,True,False,True
EndothelialCells,Leukocytes,Tgs1,Rxra,0.37704438,0.0,0.14208128,0.11149452442069074,0.23602248815559607,0.04166818,0.6680987,0.18184598579435174,0.8935237517856195, ,turquoise,0.43571907159245,brown,0.495301817055943,False,True,True
SmoothMuscleCells,EndocardialCells,Tgfb1,Acvr1_Tgfbr2,0.608117,0.376,0.30247784,-0.00199972837734394,-0.08131984212543247,0.026897708,0.7460022,0.841234325416685,0.8935237517856195, ,brown,0.732384831866489,,,True,False,True
Fibroblasts,Fibroblasts,Vegfa,Ret,0.20942749,0.0,0.043850806,0.19531855133570544,0.47015579050646883,0.115654185,0.5279197,0.07780141773006444,0.8935874510435764, ,yellow,0.272486789574581,,,True,False,True
EndocardialCells,Myocytes,Lamb2,Itga6_Itgb1,0.39780936,1.0,0.10744983,-0.1841484493472666,-0.3782214789372055,0.013526239,0.6364319,1.0,0.8941167360851234, ,brown,0.473770160271624,,,True,False,True
SmoothMuscleCells,Fibroblasts,Mfap5,Notch1,0.21718463,1.0,0.043911617,-0.5113797528131896,-0.958426225308338,0.0055317967,0.5280924,1.0,0.8946371312210463, ,darkorange,0.675305102108676,yellow,0.264341417098466,True,True,True
EndocardialCells,Myocytes,Lama4,Itga9_Itgb1,0.4929282,0.324,0.107424885,-0.012251446723519105,-0.15909977635671269,0.017663414,0.636405,1.0,0.8947097432230986, ,brown,0.394621679147421,,,True,False,True
EndocardialCells,SmoothMuscleCells,Lamb2,Dag1,0.5547645,0.076,0.3030798,0.049736257891465616,0.08879207028351838,0.031395268,0.7461904,0.6763663463868885,0.8955998652749398, ,brown,0.473770160271624,,,True,False,True
SmoothMuscleCells,SmoothMuscleCells,Tgfb3,Acvr1_Tgfbr1_Tgfbr2,0.4227601,0.018,0.10732408,0.05368253372749901,0.054324225787497904,0.031127257,0.6362964,0.5808572188449442,0.8960451476047222, ,brown,0.511531512491637,,,True,False,True
SmoothMuscleCells,SmoothMuscleCells,Tgfb3,Tgfbr1_Tgfbr2,0.4227601,0.018,0.10732408,0.05368253372749901,0.054324225787497904,0.031127257,0.6362964,0.5808572188449442,0.8960451476047222, ,brown,0.511531512491637,,,True,False,True
EndocardialCells,Fibroblasts,Tnxb,Itga9_Itgb1,0.2328205,1.0,0.044052187,-0.23965883269924182,-0.44046166738231224,0.0128541365,0.52849066,1.0,0.8962110769352476, ,lightcyan,0.362077206073838,,,True,False,True
EndothelialCells,Leukocytes,Efemp2,Aqp1,0.2103661,1.0,0.044087373,-0.41761253261079817,-0.8024313878689536,0.0072284723,0.52859014,1.0,0.8967354982135756, ,lightyellow,0.503164778516222,brown,0.787663437999586,False,True,True
EndothelialCells,SmoothMuscleCells,Pf4,Lrp1,0.3883713,1.0,0.10728994,-0.21255792227356834,-0.6170328128228528,0.013232522,0.6362596,1.0,0.8967876927060783, ,brown,0.640686712105496,brown,0.561942294262648,True,True,True
SmoothMuscleCells,Leukocytes,Agrn,Lrp1,0.6418754,0.0,0.3668261,0.20782438187520208,0.18948539559030037,0.06654269,0.7638389,0.11417133943841627,0.8969398155346128, ,lightcyan,0.506165819314469,turquoise,0.663780405167675,True,False,True
Fibroblasts,SmoothMuscleCells,Adam10,Tspan14,0.37669313,1.0,0.1342188,-0.1445752281711079,-0.31733966771522554,0.018500611,0.6617571,1.0,0.8973821200377508, ,pink,0.666173092860001,yellow,0.48984647322545,False,True,True
EndocardialCells,EndothelialCells,Efemp2,Plscr4,0.64125943,0.0,0.37882724,0.11323595698747924,0.3039312471372939,0.0593099,0.7667301,0.17976148081212787,0.8987830147110479, ,brown,0.641190213682498,brown,0.56129961252074,True,True,True
Leukocytes,EndothelialCells,Hspg2,Dag1,0.21311966,1.0,0.044217575,-0.6183688537362778,-0.8590096449957758,0.004098405,0.52895755,1.0,0.8988324704797812, ,brown,0.525122764314888,,,True,False,True
Fibroblasts,Fibroblasts,Vegfb,Nrp1,0.6197336,1.0,0.30383852,-0.20175262578410724,-0.35844568176650177,0.01580401,0.7464272,1.0,0.8988688570378229, ,,,yellow,0.250435830471026,False,True,True
SmoothMuscleCells,SmoothMuscleCells,Tgfb1,Acvrl1,0.3763041,1.0,0.14083944,-0.3351654407348652,-0.4424220864101946,0.015205571,0.6671247,1.0,0.8997617350247755, ,brown,0.732384831866489,blue,0.543721511713247,True,False,True
EndothelialCells,Leukocytes,Adm,Ramp2,0.21223724,1.0,0.044245724,-0.6893709668491528,-0.8398364562476944,0.0063902284,0.5290368,1.0,0.8998804601686954, ,turquoise,0.526668318506054,brown,0.554844247941604,False,True,True
SmoothMuscleCells,Myocytes,Hspg2,Dag1,0.64089745,0.964,0.40643921,-0.036125785430475454,-0.08116150695378749,0.03767173,0.7729626,1.0,0.9000124348900355, ,brown,0.289796805062604,,,True,False,True
SmoothMuscleCells,SmoothMuscleCells,C1qa,Cd93,0.4499577,1.0,0.10708587,-0.11920522535101877,-0.39820253521452753,0.010082607,0.63603926,1.0,0.9003574756967319, ,lightcyan,0.307147451351826,,,True,False,True
EndothelialCells,Fibroblasts,Adam10,Gpnmb,0.5662193,0.0,0.3042276,0.3164128684636882,0.6707201198392158,0.16023654,0.7465483,0.028541536280802495,0.9006554446186973, ,yellow,0.336816268854491,,,True,False,True
Myocytes,Myocytes,Cxcl12,Itga5,0.21941452,1.0,0.044285595,-0.5710713228056904,-0.9252978610490715,0.0051748594,0.529149,1.0,0.9009280484833351, ,tan,0.577984649656319,magenta,0.871006489400557,True,False,True
SmoothMuscleCells,Leukocytes,Icam1,Il2rg,0.26861998,1.0,0.044317387,-0.07299812951925158,-0.13017230493325727,0.016096322,0.52923846,1.0,0.9014517383950702, ,darkorange,0.588329109955734,black,0.664757735061961,True,False,True
Fibroblasts,EndocardialCells,Nampt,Insr,0.3760985,0.0,0.14144504,0.11482161823917103,0.12230788806027632,0.025427828,0.6676009,0.6952027256827757,0.9015495051383859, ,yellow,0.202506159545502,blue,0.579915496661264,True,False,True
Myocytes,SmoothMuscleCells,Gnai2,Ednrb,0.5520038,1.0,0.3046943,-0.7868400789202459,-0.4619573951868775,0.012286321,0.7466932,1.0,0.9018474962552216, ,tan,0.462915726534463,brown,0.629102342346487,True,True,True
SmoothMuscleCells,EndocardialCells,Hspg2,Sdc1,0.42894393,1.0,0.106927425,-0.19740673944861614,-0.23863436211269048,0.021948231,0.6358679,1.0,0.9018474962552216, ,brown,0.289796805062604,lightgreen,0.664818986973015,True,False,True
EndothelialCells,Fibroblasts,Nppa,Npr1,0.5681185,1.0,0.30489355,-0.11577920351762258,-0.30171549406411335,0.019489761,0.74675506,1.0,0.9027425862419369, ,brown,0.342952456137021,,,True,False,True
Leukocytes,Myocytes,Tgfb1,Itgb5,0.63960123,0.039,0.36096087,0.08219183992228005,0.0049460954796348156,0.0338456,0.76238203,0.6253914675795696,0.9027801367200037, ,brown,0.780749588439731,tan,0.521580300356519,True,True,True
SmoothMuscleCells,EndocardialCells,Hbegf,Cd44,0.26068047,0.0,0.044358473,0.2872500941004552,0.1557601318668831,0.03235483,0.52935386,0.36285134908866684,0.9035455742135599, ,midnightblue,0.453211769212941,yellow,0.212459882063522,True,True,True
Myocytes,Myocytes,B2m,Hfe,0.3843635,1.0,0.106826976,-1.7032736202630692,-1.204750229861265,0.0039827083,0.635759,1.0,0.9036380272394947, ,lightcyan,0.258422460285535,tan,0.587981482316645,True,True,True
SmoothMuscleCells,SmoothMuscleCells,App,Tnfrsf21,0.6310836,1.0,0.3050647,-0.15701235483884263,-0.03744827751368068,0.044311613,0.7468082,1.0,0.9039364783693072, ,,,brown,0.729469459126359,False,True,True
Myocytes,Fibroblasts,Mfge8,Pdgfrb,0.63940567,1.0,0.37584195,-0.1261707687143736,0.09891069464316504,0.021285286,0.76602185,1.0,0.9040109489789009, ,tan,0.698770478903018,turquoise,0.81642700330624,True,False,True
SmoothMuscleCells,EndothelialCells,Angptl2,Itga5_Itgb1,0.5855653,0.0,0.30519408,0.23138536552943043,0.35792167913641365,0.05620617,0.74684817,0.05303862919080574,0.9042352363611715, ,brown,0.568414991509247,,,True,False,True
SmoothMuscleCells,Leukocytes,Tgm2,Itga4,0.6394011,0.0,0.39929584,0.6049024468184715,0.5342556853958063,0.122618824,0.77140296,0.028541536280802495,0.9043186565842348, ,darkred,0.627944595790189,midnightblue,0.644281789489508,False,True,True
Leukocytes,Leukocytes,Col4a2,Itgb5,0.46068794,1.0,0.10674639,-0.4200855188192817,-0.6225946960275959,0.0073041185,0.6356717,1.0,0.9048329498140468, ,brown,0.55242115377533,turquoise,0.76035177467005,True,False,True
SmoothMuscleCells,EndothelialCells,Col6a1,Itga1_Itgb1,0.592119,0.0,0.3055649,0.19164637825933534,0.555864100018016,0.08243892,0.746963,0.08016593979722668,0.9060286838519982, ,brown,0.618792290214031,,,True,False,True
EndothelialCells,Fibroblasts,Angpt2,Tek,0.37471974,1.0,0.13436872,-0.09935718325818463,-0.18839484344742713,0.027031403,0.66188204,1.0,0.9060286838519982, ,brown,0.680260821306767,,,True,False,True
SmoothMuscleCells,Leukocytes,Vtn,Itgav_Itgb5,0.62130046,0.0,0.30574173,1.328040930027946,1.0223285839047165,0.16441979,0.7470177,0.006164158422740291,0.9064776575033289, ,brown,0.715989746853182,,,True,False,True
SmoothMuscleCells,Leukocytes,Vtn,Itgav_Itgb1,0.62130046,0.0,0.30574173,1.328040930027946,1.0223285839047165,0.16441979,0.7470177,0.006164158422740291,0.9064776575033289, ,brown,0.715989746853182,,,True,False,True
Fibroblasts,EndocardialCells,Col4a4,Cd44,0.26138285,0.0,0.044508882,0.09537171997745014,0.29330253458994715,0.03635207,0.5297755,0.25103527185406,0.9066837421760093, ,,,yellow,0.212459882063522,False,True,True
EndocardialCells,SmoothMuscleCells,Efnb2,Ephb4,0.60431194,0.0,0.30580005,0.22518148573764268,0.09294211635839383,0.04218887,0.7470357,0.2140243702465557,0.9069265378199931, ,lightcyan,0.297527702145485,blue,0.586924059926733,True,False,True
Myocytes,Fibroblasts,Gstp2,Egfr,0.37457216,0.0,0.13316718,0.3551268977741825,0.6307354752177121,0.1969111,0.6608762,0.028541536280802495,0.9072257125517533, ,tan,0.462514063069149,,,True,False,True
EndothelialCells,EndothelialCells,Adam10,Tspan14,0.63868386,0.0,0.40483606,0.24017200143064527,0.507918127409732,0.05580228,0.7726156,0.05257852668801919,0.907705815905927, ,yellow,0.336816268854491,,,True,False,True
SmoothMuscleCells,SmoothMuscleCells,Lamb1,Itga6_Itgb1,0.21393105,1.0,0.04458142,-0.32235597502136615,-0.5647751899048234,0.010168,0.52997833,1.0,0.9077290666560514, ,brown,0.764130236562423,,,True,False,True
Fibroblasts,SmoothMuscleCells,Col5a1,Sdc3,0.61627233,0.0,0.3061942,0.24864747932192985,0.5589497107844985,0.08370331,0.7471574,0.04390908557445928,0.9078247429681217, ,,,brown,0.642736335442684,False,True,True
Leukocytes,SmoothMuscleCells,Hspg2,Lrp1,0.38774157,1.0,0.106538,-0.6288500079083024,-0.9315461431939701,0.006967237,0.6354453,1.0,0.9081243570340995, ,brown,0.525122764314888,brown,0.561942294262648,True,True,True
SmoothMuscleCells,Leukocytes,Angptl2,Tlr4,0.5863333,0.0,0.3063917,0.4064807323731767,0.6458082082672474,0.10228879,0.74721825,0.028541536280802495,0.9087235409656407, ,brown,0.568414991509247,turquoise,0.445876497103553,True,False,True
Myocytes,Myocytes,Lama5,Itga6_Itgb1,0.21562344,0.981,0.044626527,-0.03700076585707365,-0.21246757466444194,0.017318016,0.5301043,1.0,0.9087740957978555, ,tan,0.625776798528456,,,True,False,True
Leukocytes,Leukocytes,Adam10,Axl,0.63820124,0.691,0.40400016,-0.0040300320137999085,-0.02554214241498265,0.033561442,0.77243406,0.9797323705938331,0.9092464599369238, ,turquoise,0.222395601537507,brown,0.704728587075672,False,True,True
SmoothMuscleCells,Myocytes,Bmp1,Bmpr1a,0.37405562,0.605,0.11202678,-0.009261267985027438,-0.09190502813974094,0.027999716,0.641244,0.9349826509741551,0.9099229415655716, ,darkorange,0.451987606072427,grey60,0.74352802902604,True,False,True
SmoothMuscleCells,EndothelialCells,Col3a1,Itga1_Itgb1,0.5929846,0.0,0.30695742,0.12943328830051296,0.44413582736171064,0.067617305,0.7473925,0.15292886427690677,0.9099229415655716, ,tan,0.742640569981712,,,True,False,True
Leukocytes,SmoothMuscleCells,Alcam,Nrp1,0.6377575,0.99,0.34234196,0.027644383446804477,0.11383316550869854,0.07305845,0.75755185,1.0,0.9107878884123113, ,,,lightcyan,0.26029605688583,False,True,True
Leukocytes,SmoothMuscleCells,Cxcl12,Itga5,0.21198335,1.0,0.044666786,-0.5877612583724129,-0.9282382635711725,0.0052194027,0.5302166,1.0,0.9108630573595006, ,brown,0.630654513966125,brown,0.546566959140606,True,True,True
EndothelialCells,Leukocytes,Adam10,Axl,0.6374702,0.721,0.40315104,-0.005065410207062096,0.041547141475248184,0.033490904,0.77224904,0.9929150905533527,0.9114044948509319, ,yellow,0.336816268854491,brown,0.704728587075672,True,True,True
Myocytes,Myocytes,Angptl2,Itga5_Itgb1,0.3737112,0.97,0.13116091,-0.07055625940869797,-0.20515656088626577,0.02415529,0.659173,1.0,0.9123249079523996, ,tan,0.729352359511854,,,True,False,True
SmoothMuscleCells,Leukocytes,Arf6,Pld1,0.37358493,1.0,0.111031994,-0.12252445140145955,-0.11289252078046119,0.025457403,0.6402174,1.0,0.912625268645076, ,lightcyan,0.286234066022893,blue,0.551607271615166,True,False,True
SmoothMuscleCells,Fibroblasts,Col4a5,Cd44,0.22470246,0.833,0.0447037,-0.03879923868361076,-0.061019331152648265,0.022166908,0.5303195,1.0,0.9129506273246175, ,brown,0.452711648416098,salmon,0.221972228338972,True,False,True
SmoothMuscleCells,EndocardialCells,Tgfb3,Acvrl1,0.568326,0.286,0.30819675,0.01470249368888446,0.04535012080687778,0.049676564,0.7477726,0.8002816031163937,0.9135272318625379, ,brown,0.511531512491637,,,True,False,True
EndothelialCells,Leukocytes,Adam10,Notch2,0.63706803,0.0,0.4025927,0.20996120647110805,0.3353929132269341,0.051518828,0.7721271,0.07258506389772443,0.9135639429537339, ,yellow,0.336816268854491,turquoise,0.15772829955518,True,False,True
SmoothMuscleCells,Leukocytes,Col6a1,Cd44,0.6370553,0.0,0.33970684,0.5846307152863579,0.5384878064666347,0.12623012,0.7568415,0.028541536280802495,0.9138724692789129, ,brown,0.618792290214031,,,True,False,True
EndocardialCells,Myocytes,C1qb,C1qbp,0.45638573,0.005,0.10610044,0.09276107980892659,-0.16439387701116198,0.013510074,0.6349685,1.0,0.9141290326515711, ,brown,0.866130228347949,tan,0.625839964451776,True,True,True
SmoothMuscleCells,Fibroblasts,Lama2,Itga1,0.2427291,1.0,0.044782758,-0.22790222468613228,-0.576799713477677,0.012506004,0.5305395,1.0,0.9145153786869911, ,brown,0.472765180178635,,,True,False,True
SmoothMuscleCells,EndothelialCells,Arf6,Smap1,0.55545795,1.0,0.30836576,-0.12713600457611998,-0.10640769516188686,0.02735638,0.74782425,1.0,0.9147308546624991, ,lightcyan,0.286234066022893,,,True,False,True
SmoothMuscleCells,EndocardialCells,Pros1,Axl,0.37321308,1.0,0.12303612,-0.38357944680469047,-0.5645201319062227,0.010865238,0.65195364,1.0,0.9150319862311906, ,lightcyan,0.293353642967409,blue,0.331749975238552,True,False,True
Myocytes,Leukocytes,Lman1,Mcfd2,0.555553,1.0,0.3084164,-0.19687854655722756,-0.25784758316062306,0.020946287,0.7478398,1.0,0.9153331838814491, ,greenyellow,0.341421389708888,brown,0.659553647979944,False,True,True
Myocytes,Myocytes,Cp,Slc40a1,0.3730699,0.89,0.13831463,0.08073128427723128,-0.1012039704710607,0.037363622,0.6651131,1.0,0.9159355342249487, ,midnightblue,0.693431679025001,magenta,0.862475051284496,True,False,True
SmoothMuscleCells,EndothelialCells,Lama4,Itga6_Itgb1,0.63633966,0.0,0.33036172,0.1846193532303255,0.5066922427961127,0.05629228,0.7542655,0.08578217356580306,0.9163419948570803, ,lightcyan,0.371485020380501,,,True,False,True
Myocytes,Fibroblasts,C3,Nrp1,0.5101128,1.0,0.10586685,-0.48943844300526185,-0.8077103655468292,0.009703031,0.634713,1.0,0.9168396768284324, ,magenta,0.669467578637026,yellow,0.250435830471026,False,True,True
Myocytes,EndothelialCells,Adm,Pth1r,0.37282985,0.0,0.1369714,0.15029579936388415,0.2468062983947164,0.07825557,0.66402537,0.12407620108216251,0.9171412710135938, ,brown,0.433939583997392,,,True,False,True
Myocytes,EndothelialCells,Fgf1,Fgfr3,0.63631237,0.0,0.34002677,1.192196640830498,1.2424927110507884,0.26884836,0.756928,0.00042749896565076926,0.9172686065253908, ,orange,0.689259866805731,,,True,False,True
EndocardialCells,Myocytes,Col4a4,Cd47,0.37282234,1.0,0.120204754,-0.3760826767365892,-0.3088946524802274,0.027639525,0.6493076,1.0,0.917744657788078, ,,,orange,0.66133460139945,False,True,True
Leukocytes,Leukocytes,Tgfb1,Eng,0.6361892,1.0,0.3550991,-0.17813677530821959,-0.3150456250527974,0.019802906,0.7608958,1.0,0.918195327740378, ,brown,0.780749588439731,turquoise,0.713007366620405,True,False,True
EndocardialCells,SmoothMuscleCells,Cklf,Lrp6,0.23698339,0.986,0.045000173,-0.07048197953755166,-0.12341768897391789,0.019259978,0.5311426,1.0,0.9186842599569028, ,yellow,0.477238308876693,,,True,False,True
SmoothMuscleCells,EndocardialCells,Fbn1,Itga5,0.55658424,0.001,0.30940038,0.09243523684750353,0.06081940231876681,0.058607094,0.74814004,0.47092931215184725,0.9189517376278411, ,brown,0.365133974520333,red,0.410404558740387,True,False,True
Myocytes,Myocytes,Rgmb,Neo1,0.41386685,0.0,0.10577909,0.2723483003766748,0.1479074309879222,0.03813891,0.634617,0.21349915731543864,0.9192537947845493, ,orange,0.640366075374755,tan,0.718035067895697,True,True,True
Leukocytes,Fibroblasts,Arf6,Pld1,0.6215918,0.0,0.30945364,0.28007724205548085,0.39222913707108686,0.07095149,0.74815625,0.030951345832959155,0.9198581076543384, ,,,yellow,0.10346837273682,False,True,True
Leukocytes,Fibroblasts,Vcam1,Itga9_Itgb1,0.3726594,0.999,0.1373481,-0.051939478719229784,-0.01738880041251284,0.025064142,0.6643317,1.0,0.9198581076543384, ,brown,0.83472210884007,,,True,False,True
SmoothMuscleCells,EndocardialCells,Agrn,Dag1,0.37264264,0.0,0.13564973,0.10008309445419208,0.09473060698636054,0.034875702,0.66294295,0.287861054767566,0.9201601194038704, ,lightcyan,0.506165819314469,,,True,False,True
SmoothMuscleCells,SmoothMuscleCells,Cxcl12,Sdc4,0.62877995,0.997,0.30950686,-0.10259841114421053,-0.19098907179358526,0.034392506,0.7481724,1.0,0.9201601194038704, ,,,tan,0.661881494233523,False,True,True
SmoothMuscleCells,EndothelialCells,Lama2,Itga6_Itgb1,0.6355133,0.0,0.3288587,0.3117052550768642,0.7413775079402318,0.10099939,0.7538427,0.028541536280802495,0.9203586689826033, ,brown,0.472765180178635,,,True,False,True
Fibroblasts,SmoothMuscleCells,Vcl,Itgb5,0.59472543,0.109,0.309767,0.02515427416225184,-0.06295954665629627,0.027506895,0.74825156,0.6983725486144107,0.9210670395456909, ,,,brown,0.48064539237368,False,True,True
SmoothMuscleCells,EndocardialCells,Apoe,Lrp5,0.6352054,1.0,0.40348557,-0.25589870474545495,-0.14234326222350085,0.031410143,0.77232194,1.0,0.9212862928495867, ,,,brown,0.483007588578318,False,True,True
SmoothMuscleCells,Myocytes,Lama2,Itga9_Itgb1,0.24318545,1.0,0.045112807,-0.18698880008528396,-0.3350544322469041,0.013369645,0.53145385,1.0,0.9212870004932392, ,brown,0.472765180178635,,,True,False,True
Myocytes,SmoothMuscleCells,Lama5,Dag1,0.37257862,0.0,0.12587641,0.19688394138165857,0.2545459745562819,0.040196225,0.65453845,0.17746643865537343,0.9213695600290229, ,tan,0.625776798528456,,,True,False,True
EndothelialCells,SmoothMuscleCells,Tgfb1,Tgfbr3,0.57491076,0.0,0.31020707,0.1310243122273142,0.19769675696379757,0.04002118,0.74838525,0.17999220304243985,0.9216721467461327, ,brown,0.518107180491385,,,True,False,True
EndothelialCells,Leukocytes,Adam10,Tspan5,0.42314816,0.005,0.10559031,0.017494125262446744,0.08316199652616568,0.025621256,0.6344098,0.6810033078098098,0.9216721467461327, ,yellow,0.336816268854491,,,True,False,True
Leukocytes,EndocardialCells,Lpl,Cd44,0.264636,1.0,0.04520552,-0.5417914718231335,-0.7148299938373298,0.005390215,0.5317095,1.0,0.9228475817957695, ,royalblue,0.281542101846347,yellow,0.212459882063522,False,True,True
EndothelialCells,SmoothMuscleCells,Adam10,Notch2,0.57065105,0.0,0.31038064,0.10351197316550101,0.21027419655463359,0.03971867,0.7484379,0.19534918801323065,0.9228829116382427, ,yellow,0.336816268854491,,,True,False,True
EndothelialCells,SmoothMuscleCells,Plat,Lrp1,0.63466483,0.964,0.40138376,-0.03990394959933001,-0.056086465110874006,0.04701122,0.7718625,1.0,0.9234514441192341, ,,,brown,0.561942294262648,False,True,True
EndothelialCells,EndocardialCells,Efna1,Epha7,0.6344285,0.0,0.39787903,0.6619422946801028,1.1565606031516151,0.17776667,0.77108943,0.013487248108724162,0.9243797166953462, ,yellow,0.177429009303501,,,True,False,True
Fibroblasts,SmoothMuscleCells,Adam10,Tspan12,0.6342725,0.008,0.37341866,0.0471137423823684,-0.07734768126856473,0.033401817,0.76544166,0.5969086831660256,0.9246891506403834, ,pink,0.666173092860001,lightcyan,0.443760185061965,False,True,True
Myocytes,EndocardialCells,Wnt5a,Fzd7,0.2136797,0.0,0.04526568,0.14324822203763915,0.16734635210054374,0.070244476,0.5318751,0.13377853129390938,0.924927159087741, ,tan,0.430635396063789,blue,0.703444525602224,True,False,True
SmoothMuscleCells,Leukocytes,Serpine1,Plaur,0.21923281,0.0,0.04529415,0.15701343383268213,0.19009112406661244,0.089308225,0.53195333,0.1149114411346506,0.9254468495538521, ,darkorange,0.42575759209786,,,True,False,True
Myocytes,Leukocytes,Fgf1,Fgfr1,0.6339415,0.0,0.3358018,0.8432512089979871,0.6274272729195957,0.072116874,0.75577605,0.028541536280802495,0.9259273928825109, ,orange,0.689259866805731,turquoise,0.430297655390796,True,False,True
SmoothMuscleCells,Myocytes,Lama4,Itga9_Itgb1,0.24401182,1.0,0.04531899,-0.3140747019318227,-0.5697396973910234,0.007451607,0.5320216,1.0,0.9259664532436584, ,lightcyan,0.371485020380501,,,True,False,True
Leukocytes,Fibroblasts,Col4a2,Itga9_Itgb1,0.23474196,1.0,0.045334123,-0.4422986561773713,-0.6731758437533408,0.005743434,0.5320631,1.0,0.9264859177452793, ,brown,0.55242115377533,,,True,False,True
SmoothMuscleCells,Myocytes,Vtn,Itgb6,0.6335741,0.0,0.32794783,2.203706039961189,1.5222713162205506,0.84874946,0.7535853,1.0588087224917e-05,0.9265466677766689, ,brown,0.715989746853182,darkgreen,0.937354247060936,True,False,True
Myocytes,Fibroblasts,Adm,Calcrl,0.37104118,0.036,0.13547644,0.04216956115183209,-0.056395944538171816,0.04566056,0.66280013,0.6215122624477599,0.9268250359558916, ,brown,0.433939583997392,,,True,False,True
EndothelialCells,SmoothMuscleCells,Lman1,Mcfd2,0.55924547,1.0,0.31159627,-0.19018935379078888,-0.19363991961919325,0.02116225,0.7488057,1.0,0.927128815852894, ,yellow,0.27633284088065,red,0.37312757703609,True,False,True
EndocardialCells,SmoothMuscleCells,Col4a2,Itgb5,0.63352644,1.0,0.37218413,-0.19535688183644395,-0.3095628215908024,0.025466684,0.7651443,1.0,0.927475709497684, ,,,brown,0.48064539237368,False,True,True
Myocytes,Fibroblasts,Lama5,Dag1,0.37094527,0.0,0.1250309,0.19445995376927747,0.25435205828795265,0.039926223,0.65377605,0.1810332027090924,0.9277363294532084, ,tan,0.625776798528456,pink,0.439064216849562,True,False,True
Myocytes,Fibroblasts,Wnt5a,Fzd1,0.37087753,0.0,0.11868094,0.3726550689724446,0.6646145531725249,0.20833203,0.6478537,0.028541536280802495,0.9280403084328623, ,tan,0.430635396063789,turquoise,0.535611352683924,True,False,True
EndothelialCells,Myocytes,Adam10,Cd44,0.42279696,0.112,0.10510271,0.0015232307039480808,0.042943678561687376,0.020083336,0.6338728,1.0,0.928344353805755, ,yellow,0.336816268854491,magenta,0.718777026774563,True,False,True
SmoothMuscleCells,EndothelialCells,Gpc3,Igf1r,0.37083185,0.0,0.13749714,0.3709126600387631,0.383578275817315,0.10237604,0.66445255,0.028541536280802495,0.928344353805755, ,yellow,0.626181888304277,turquoise,0.604956185450384,True,False,True
SmoothMuscleCells,Myocytes,Hbegf,Cd9,0.26197278,1.0,0.04542925,-0.2964599126570209,-0.37876211044786146,0.010308703,0.5323241,1.0,0.9285630655334849, ,midnightblue,0.453211769212941,black,0.394541880915654,True,False,True
SmoothMuscleCells,Fibroblasts,Col6a2,Itga9_Itgb1,0.37068474,0.978,0.13603067,-0.05013603047977831,-0.07490875128861268,0.038204126,0.6632562,1.0,0.9292566427730062, ,brown,0.539639213218055,,,True,False,True
SmoothMuscleCells,Leukocytes,Gas6,Axl,0.55913156,1.0,0.31216076,-0.475183717072728,-0.5085629620679237,0.015759341,0.74897593,1.0,0.9295609537377396, ,purple,0.246060441720866,brown,0.704728587075672,False,True,True
SmoothMuscleCells,Myocytes,Ntn1,Mcam,0.21350184,1.0,0.045446154,-0.3311262277765554,-0.6865046272632132,0.0044272495,0.5323703,1.0,0.9296011452111681, ,tan,0.0269384866982683,brown,0.675177279471707,True,True,True
EndothelialCells,EndocardialCells,Adam10,Tspan5,0.57195246,0.0,0.31218743,0.2996710758213526,0.40582024332267513,0.07575159,0.7489839,0.028541536280802495,0.9298650854414101, ,yellow,0.336816268854491,pink,0.357608487922134,True,False,True
Fibroblasts,EndothelialCells,Ptdss1,Scarb1,0.6324537,0.0,0.34409168,0.38550603808352196,0.6975775636031987,0.092983425,0.7580196,0.028541536280802495,0.9302643375478883, ,yellow,0.4197018519307,,,True,False,True
Myocytes,Myocytes,Fgf1,Tgfbr3,0.6324494,0.0,0.333143,0.9239265503665376,0.6880354948558409,0.078085884,0.7550416,0.028541536280802495,0.9305743818914163, ,orange,0.689259866805731,brown,0.487576749012742,True,True,True
SmoothMuscleCells,SmoothMuscleCells,Vtn,Kdr,0.62496,0.0,0.31236267,1.1459080016999454,0.6109452369709211,0.10437147,0.74903667,0.028541536280802495,0.9307783702611636, ,brown,0.715989746853182,,,True,False,True
Fibroblasts,Leukocytes,Thbs2,Itga4,0.63233066,0.0,0.39163527,0.9487596915021936,1.281428232299222,0.54961836,0.7696904,0.0011610038421221833,0.9308843265128657, ,,,midnightblue,0.644281789489508,False,True,True
EndocardialCells,Myocytes,Txlna,Stx4a,0.5590882,0.005,0.31238446,0.0815486358352486,0.05187897305859307,0.037821703,0.7490433,0.5276116531115184,0.9313877228815977, ,,,brown,0.6098277050981,False,True,True
SmoothMuscleCells,SmoothMuscleCells,Tgfb1,Sdc2,0.63222307,0.001,0.31928653,0.06959911062385847,0.007670905989058008,0.03736175,0.75109166,0.47092931215184725,0.9315044170272063, ,brown,0.732384831866489,purple,0.609944118619034,True,False,True
Myocytes,EndocardialCells,Fgf7,Fgfr2,0.21402687,0.0,0.04547596,0.4160735716599441,0.4205954742015724,0.22468552,0.532452,0.028541536280802495,0.9316762116727699, ,brown,0.584610251626662,pink,0.256779232462863,True,False,True
SmoothMuscleCells,Myocytes,Thbs1,Cd47,0.3701971,1.0,0.117527485,-0.33193150385005077,-0.3164457897777842,0.029524446,0.6467388,1.0,0.9316924988976432, ,red,0.603083405069015,orange,0.66133460139945,False,True,True
EndocardialCells,Myocytes,Lamb1,Dag1,0.559232,0.0,0.31248406,0.16484681626965758,0.12158353312355569,0.058646936,0.74907315,0.17907064485505714,0.9319970953279579, ,brown,0.406739902075495,,,True,False,True
Fibroblasts,Leukocytes,Tfpi,Sdc4,0.5592735,0.0,0.31258976,0.15263937995538804,0.14925816896391103,0.037742544,0.749105,0.220806133333953,0.9323020042580261, ,brown,0.474048497087387,,,True,False,True
EndocardialCells,EndothelialCells,Efnb2,Epha4,0.6320935,0.0,0.3529185,0.4398204520482918,0.6183277967259346,0.060813244,0.760335,0.03776983841117708,0.932434680357522, ,lightcyan,0.297527702145485,,,True,False,True
SmoothMuscleCells,Fibroblasts,Pdgfb,Pdgfra_Pdgfrb,0.6320135,0.0,0.36370322,0.22803562903097851,0.38282203834346995,0.052625112,0.7630669,0.06658916811017924,0.9327449022402683, ,darkorange,0.329367356438579,,,True,False,True
SmoothMuscleCells,EndocardialCells,Col4a5,Sdc1,0.22605765,0.107,0.04551892,0.033972112806733165,0.08660873363363955,0.03284367,0.53256947,0.6977967493675719,0.9332315882248959, ,brown,0.452711648416098,lightgreen,0.664818986973015,True,False,True
EndothelialCells,SmoothMuscleCells,Pi16,Tnfrsf21,0.36960268,1.0,0.13468695,0.008227702835626072,-0.14581792364490515,0.05170863,0.6621467,1.0,0.9335220586636328, ,cyan,0.58307844181878,brown,0.729469459126359,False,True,True
SmoothMuscleCells,Myocytes,Col4a5,Cd44,0.22609064,0.749,0.045538772,-0.035982269468806595,-0.02081658838193931,0.022580989,0.53262377,1.0,0.9337498911745638, ,brown,0.452711648416098,magenta,0.718777026774563,True,False,True
EndocardialCells,Myocytes,Col4a5,Cd47,0.3695838,1.0,0.11690205,-0.4412827072306571,-0.4469655983852652,0.01631963,0.646129,1.0,0.933827300086068, ,,,orange,0.66133460139945,False,True,True
Myocytes,Fibroblasts,Adm,Pth1r,0.36957163,0.0,0.13424821,0.1449038368386049,0.14219520845343053,0.07669974,0.66178167,0.15684727462092032,0.9341323615978172, ,brown,0.433939583997392,,,True,False,True
Leukocytes,SmoothMuscleCells,Tgfb1,Acvrl1,0.6314762,0.117,0.34700242,0.05878850966927551,0.02833361975262899,0.03746372,0.7587913,0.7033777484376885,0.9342960152835544, ,brown,0.780749588439731,blue,0.543721511713247,True,False,True
EndocardialCells,EndothelialCells,Nucb2,Erap1,0.36947358,0.071,0.11910234,0.03098970119113464,0.07263864136097914,0.041878298,0.64825785,0.6707607434995236,0.9344377360357079, ,,,yellow,0.180480376497594,False,True,True
Myocytes,Leukocytes,Col4a5,Cd93,0.36941272,1.0,0.12291246,-0.15236191615927305,-0.3297850397071642,0.020195099,0.65183955,1.0,0.9347431770190481, ,brown,0.598294810383622,brown,0.634483899866545,True,True,True
Myocytes,SmoothMuscleCells,C3,Nrp1,0.50437784,1.0,0.104522094,-0.497829984293733,-0.6525766089949192,0.009579779,0.6332298,1.0,0.9359653597879797, ,magenta,0.669467578637026,lightcyan,0.26029605688583,False,True,True
Fibroblasts,Fibroblasts,Adam10,Notch1,0.3692911,1.0,0.12734492,-0.2932039474872903,-0.6692144932507387,0.009896466,0.65584856,1.0,0.9359653597879797, ,pink,0.666173092860001,yellow,0.264341417098466,False,True,True
Myocytes,SmoothMuscleCells,Mfge8,Itgb5,0.63103825,1.0,0.36818156,-0.3237917785944815,-0.36689150076584476,0.017459136,0.7641714,1.0,0.9361582584155815, ,tan,0.698770478903018,brown,0.48064539237368,True,True,True
SmoothMuscleCells,Leukocytes,Col4a5,Itga9_Itgb1,0.36916968,0.0,0.13160884,0.14026791740832054,0.3081093228598638,0.050283924,0.6595559,0.13751252991427518,0.9374944005126331, ,brown,0.452711648416098,,,True,False,True
EndocardialCells,SmoothMuscleCells,Lamc1,Itga6_Itgb1,0.38033897,1.0,0.10432393,-0.2561772919324943,-0.4990581703396283,0.016093122,0.63300943,1.0,0.9374944005126331, ,brown,0.697901590493492,,,True,False,True
Leukocytes,Leukocytes,Pdgfb,S1pr1,0.36915636,1.0,0.13483755,-0.286910056208435,-0.6147585074276304,0.014727288,0.6622717,1.0,0.9378005071878983, ,turquoise,0.576475072819645,lightcyan,0.295561659818741,False,True,True
Leukocytes,Leukocytes,Mfap5,Notch1,0.25547507,1.0,0.045687504,-0.4592631947128972,-0.80399060752401,0.0057555153,0.5330296,1.0,0.9378930911534155, ,brown,0.653289848117782,turquoise,0.391504575553089,True,False,True
SmoothMuscleCells,Myocytes,C1qb,C1qbp,0.45519286,0.018,0.10424898,0.09099696380141115,-0.15330974548386012,0.013274321,0.63292587,1.0,0.9381066804883434, ,brown,0.693026240051891,tan,0.625839964451776,True,True,True
Myocytes,EndocardialCells,Fgf13,Fgfr1,0.5852055,0.0,0.31401843,0.690144701726157,0.5793286799694922,0.11619364,0.7495333,0.028541536280802495,0.9381066804883434, ,tan,0.510793532992465,turquoise,0.150086944065614,True,False,True
Myocytes,Myocytes,Rgma,Hfe,0.21655467,1.0,0.045709174,-0.1806284319526001,-0.3815046647220091,0.012379565,0.5330886,1.0,0.9389279989181245, ,magenta,0.587041033232271,tan,0.587981482316645,False,True,True
SmoothMuscleCells,Leukocytes,Lum,Itgb1,0.56132615,1.0,0.104139976,-0.5309179719425492,-0.7653101782318482,0.00539612,0.6328044,1.0,0.9393317927316533, ,midnightblue,-0.121414238867851,,,True,False,True
Myocytes,SmoothMuscleCells,Gnai2,Unc5b,0.5608357,1.0,0.31437892,-0.8257087349607382,-0.5459777695635838,0.019998522,0.74964094,1.0,0.9393317927316533, ,tan,0.462915726534463,blue,0.360736270621172,True,False,True
EndothelialCells,EndocardialCells,Pf4,Sdc2,0.21711183,1.0,0.045738153,-0.359012084807548,-0.8368390156926937,0.006319367,0.5331675,1.0,0.9394453490283127, ,brown,0.640686712105496,purple,0.512843315776489,True,False,True
Myocytes,Leukocytes,Angptl2,Itga5_Itgb1,0.36898097,0.999,0.12675327,-0.07769681903973545,-0.17468376834390875,0.023343554,0.65532285,1.0,0.9396380518039107, ,tan,0.729352359511854,,,True,False,True
Fibroblasts,EndocardialCells,Col14a1,Cd44,0.5393652,0.0,0.10403663,0.26532376806767943,0.6508541017002426,0.050937742,0.632689,0.07579079721914207,0.9399446249000596, ,skyblue,0.266208192825088,yellow,0.212459882063522,False,True,True
Myocytes,Myocytes,Gnai2,Cav1,0.5611199,1.0,0.3146905,-1.1008293963540614,-1.0260816674905269,0.0071183024,0.74973387,1.0,0.9402512646721253, ,tan,0.462915726534463,,,True,False,True
Myocytes,SmoothMuscleCells,Gstp2,Traf2,0.22390625,0.049,0.045753628,0.056055012922632104,0.048580267793162324,0.03785836,0.5332096,0.6398306974317649,0.9404797895138847, ,tan,0.462514063069149,darkgrey,0.381124746760684,True,False,True
Fibroblasts,EndothelialCells,Penk,Ogfr,0.5637264,0.0,0.31486547,0.37000660970282323,0.8857742158396497,0.19384314,0.749786,0.028541536280802495,0.9405579711273575, ,tan,0.433324007429215,cyan,0.247291338438161,True,False,True
SmoothMuscleCells,SmoothMuscleCells,Gpc3,Flt1,0.36888495,0.194,0.1360362,0.2246873961979937,0.07847861225540126,0.07262166,0.66326076,0.7561446708023065,0.9408644966487401, ,yellow,0.626181888304277,saddlebrown,0.595935361181972,True,False,True
Myocytes,EndocardialCells,Pdap1,Pdgfrb,0.36877918,1.0,0.11754352,-0.3105301755790443,-0.44015904371888936,0.009641515,0.6467544,1.0,0.9414782429326116, ,brown,0.915568735615479,blue,0.615629788388522,True,False,True
Myocytes,SmoothMuscleCells,Fgf7,Fgfr1,0.3687514,0.307,0.10607184,0.037345951378104085,0.04895283830734409,0.07341384,0.6349372,0.8126863518038242,0.9417849683534183, ,brown,0.584610251626662,,,True,False,True
Leukocytes,Leukocytes,Cxcl12,Itga4,0.36864305,1.0,0.10593543,0.15395847155431341,-0.1480871851392267,0.038245793,0.6347881,1.0,0.9420920082255273, ,brown,0.630654513966125,midnightblue,0.644281789489508,True,True,True
Myocytes,EndothelialCells,Tgs1,Rxra,0.2164784,1.0,0.045805458,-0.1412098820037397,-0.23810942629643714,0.013433366,0.53335047,1.0,0.942547579600602, ,tan,0.693064510142974,,,True,False,True
SmoothMuscleCells,Fibroblasts,Agrn,Lrp4,0.36837912,0.0,0.13198885,0.2735841335699746,0.4434635130520706,0.089444146,0.6598795,0.03395174637984964,0.9433205869979797, ,lightcyan,0.506165819314469,black,0.674108425249037,True,False,True
SmoothMuscleCells,Myocytes,Col4a2,Cd93,0.56195873,1.0,0.10362927,-0.2689846885157272,-0.6086837888211614,0.005645921,0.632233,1.0,0.944242659649267, ,royalblue,0.467210828947921,tan,0.291337625930732,False,True,True
EndocardialCells,Fibroblasts,Adam15,Itga5,0.5733768,1.0,0.3157289,-0.06793272698752992,-0.12265474458628273,0.035244323,0.75004286,1.0,0.944550233429804, ,lightcyan,0.176865930443945,turquoise,0.507813729973822,True,False,True
Myocytes,Fibroblasts,Bgn,Tlr4,0.21453151,1.0,0.04598471,-0.4383690982786719,-0.6211036054662261,0.0079951575,0.5338365,1.0,0.9446139851617928, ,darkorange,0.218523360661584,turquoise,0.558224093682133,True,False,True
EndocardialCells,SmoothMuscleCells,Lamb1,Itga1,0.629351,0.0,0.3886641,0.23418102365023666,0.2560749243251712,0.08060359,0.7690147,0.07200275585549626,0.9448603917192315, ,brown,0.406739902075495,,,True,False,True
Myocytes,EndocardialCells,Apoe,Abca1,0.57511646,1.0,0.3163207,-0.3383578696248973,-0.31093174716129207,0.02396054,0.7502184,1.0,0.9463965816562445, ,,,lightcyan,0.751980973473931,False,True,True
SmoothMuscleCells,EndothelialCells,Icam1,Il2rg,0.27729532,0.998,0.046083145,-0.05673223422208404,0.014872832363232447,0.016737653,0.53410256,1.0,0.946679006661129, ,darkorange,0.588329109955734,,,True,False,True
EndocardialCells,SmoothMuscleCells,Plat,Lrp1,0.56346196,1.0,0.31636193,-0.14045220573976275,-0.2636854938345572,0.037053216,0.75023055,1.0,0.9467046229736329, ,blue,0.54401221527385,brown,0.561942294262648,False,True,True
SmoothMuscleCells,Leukocytes,Lama4,Cd44,0.6287445,0.0,0.3248435,0.49866651619623037,0.37527006122253664,0.06932046,0.7527011,0.030400297064938724,0.9473502372452167, ,lightcyan,0.371485020380501,,,True,False,True
Fibroblasts,Myocytes,Col4a2,Itgb5,0.58676624,1.0,0.31655645,-0.2622909800642611,-0.4937637751414875,0.021660363,0.75028807,1.0,0.9476288991573427, ,,,tan,0.521580300356519,False,True,True
Myocytes,Myocytes,Wnt5a,Epha7,0.21545945,0.0,0.04609687,0.2238051445764876,0.2621974375358578,0.08637401,0.53413963,0.06908729348706441,0.9477109725021009, ,tan,0.430635396063789,magenta,0.705436883659445,True,False,True
SmoothMuscleCells,Leukocytes,Lama2,Itga6_Itgb1,0.24458474,1.0,0.046124823,-0.2275279173559468,-0.4195006292534537,0.014165898,0.53421503,1.0,0.9482268517609487, ,brown,0.472765180178635,,,True,False,True
EndothelialCells,SmoothMuscleCells,Lamc1,Itga9_Itgb1,0.3674726,1.0,0.12167577,-0.21756956798311644,-0.35577102660248083,0.018112194,0.65069115,1.0,0.9485537767314249, ,brown,0.425314090034099,,,True,False,True
EndocardialCells,SmoothMuscleCells,Serpine2,Lrp1,0.6284842,0.741,0.3940036,-0.0143617609315118,-0.13308617207175066,0.039505687,0.77022445,1.0,0.9485958141308988, ,darkred,0.598393988350109,brown,0.561942294262648,False,True,True
SmoothMuscleCells,SmoothMuscleCells,Lamb1,Dag1,0.3673408,1.0,0.120781854,-0.0933616701561597,-0.11796478102414987,0.02266831,0.64985275,1.0,0.9488622859407421, ,brown,0.764130236562423,,,True,False,True
EndothelialCells,Myocytes,Lamc1,Itga7_Itgb1,0.6284618,1.0,0.37382236,-0.5434676951617503,-0.626786299642339,0.015254437,0.76553863,1.0,0.9489073326513251, ,brown,0.425314090034099,,,True,False,True
Myocytes,Fibroblasts,Copa,Cd74,0.47352058,0.203,0.103329495,-0.025612307518787014,-0.19982579173254705,0.012614987,0.6318962,1.0,0.9494792558914662, ,midnightblue,0.475185440944878,royalblue,0.414821516669716,True,False,True
SmoothMuscleCells,EndothelialCells,Entpd1,Adora2a,0.6280211,0.0,0.39347184,0.4587756213681461,0.948194556226404,0.11593395,0.7701048,0.028541536280802495,0.9498417839987059, ,midnightblue,0.542302806789485,cyan,0.515506815090408,True,False,True
EndothelialCells,SmoothMuscleCells,Adam10,Tspan15,0.5754355,0.0,0.31702328,0.19379296371538535,0.3057180596867061,0.06563673,0.7504262,0.07854237838752645,0.9500967424701485, ,yellow,0.336816268854491,lightcyan,0.545464577373123,True,True,True
SmoothMuscleCells,Myocytes,Arf6,Smap1,0.31382132,1.0,0.046188004,-0.4922931396010771,-0.6292569135070714,0.0040975255,0.5343853,1.0,0.9502894522764723, ,lightcyan,0.286234066022893,darkred,0.241941440954629,True,False,True
EndothelialCells,Fibroblasts,Adam10,Cd44,0.42140877,0.003,0.10317539,-0.0012937385108560823,0.0027409357909784215,0.019715058,0.6317226,1.0,0.950405586128527, ,yellow,0.336816268854491,salmon,0.221972228338972,True,False,True
Leukocytes,SmoothMuscleCells,Lrpap1,Lrp1,0.627947,1.0,0.39336213,-0.13485409206568738,-0.22480977728199403,0.030616112,0.7700802,1.0,0.9504649160110892, ,turquoise,0.430188196525901,brown,0.561942294262648,False,True,True
SmoothMuscleCells,Leukocytes,Lama2,Cd44,0.62791806,0.0,0.32336557,0.6257524180427692,0.6099553263666558,0.12437452,0.7522765,0.028541536280802495,0.950776455847191, ,brown,0.472765180178635,,,True,False,True
Leukocytes,SmoothMuscleCells,Col4a2,Cd93,0.44734412,1.0,0.10311954,-0.4590142324457136,-0.7548532187872896,0.0056181503,0.6316596,1.0,0.9513322692092702, ,brown,0.55242115377533,,,True,False,True
Fibroblasts,Leukocytes,Tgfb1,Acvrl1,0.36654928,1.0,0.11923869,-0.35649100463090844,-0.5756368088407762,0.012873471,0.6483883,1.0,0.9516411310350166, ,brown,0.757880766459934,turquoise,0.449593723252603,True,False,True
Leukocytes,EndothelialCells,Mfap5,Notch1,0.5035112,1.0,0.1030069,-0.12702407352814793,-0.20795032005885156,0.012976366,0.6315325,1.0,0.9522595544627863, ,brown,0.653289848117782,pink,0.343313799659359,True,False,True
Leukocytes,Fibroblasts,Bgn,Ly96,0.21619028,1.0,0.046307072,-0.5152568513425415,-0.8384229573182532,0.0054370677,0.5347056,1.0,0.953380786451915, ,lightcyan,0.647405502543849,turquoise,0.457138519449582,True,False,True
Myocytes,EndocardialCells,B2m,Hfe,0.6274018,1.0,0.39197004,-1.3831087935842734,-0.6996070411937813,0.014613371,0.7697662,1.0,0.9535819163541319, ,lightcyan,0.258422460285535,blue,0.592888642026484,True,False,True
Leukocytes,Myocytes,Lum,Itgb1,0.4533759,1.0,0.102837086,-0.7264749215128203,-0.9616136147940262,0.005328609,0.63134044,1.0,0.9538062852816453, ,brown,0.636918535342463,greenyellow,0.433544316700636,True,False,True
SmoothMuscleCells,SmoothMuscleCells,Tgfb2,Eng,0.62733686,1.0,0.35437495,-0.08937130203732963,-0.09771479703647185,0.039310124,0.76071006,1.0,0.9538938259549978, ,purple,0.414187267702088,lightcyan,0.40613301582679,False,True,True
Myocytes,Myocytes,Mfge8,Itgav,0.3662709,1.0,0.12578535,-0.4187151700289442,-0.476450646646632,0.011492188,0.6544566,1.0,0.9541159322704847, ,tan,0.698770478903018,grey60,0.700690341838197,True,False,True
Leukocytes,SmoothMuscleCells,Adam10,Tspan15,0.5761666,0.0,0.31769103,0.19482834190864756,0.2386287757964753,0.06577498,0.75062305,0.08200638916510893,0.9541159322704847, ,turquoise,0.222395601537507,lightcyan,0.545464577373123,False,True,True
SmoothMuscleCells,Leukocytes,Lama4,Itga6_Itgb1,0.24541111,1.0,0.046335634,-0.3546138192024855,-0.6541858943975729,0.007895401,0.53478235,1.0,0.9544105054109133, ,lightcyan,0.371485020380501,,,True,False,True
Leukocytes,EndocardialCells,Cxcl12,Itga5,0.36624646,1.0,0.10499814,-0.3548889869310056,-0.6255713609470082,0.01226924,0.63375735,1.0,0.9544256462686567, ,brown,0.630654513966125,red,0.410404558740387,True,False,True
EndocardialCells,SmoothMuscleCells,Sema4d,Plxnb2,0.36596024,0.0,0.12658845,0.44286118553707543,0.3990069716259406,0.073616214,0.65517586,0.028541536280802495,0.9547354272834105, ,greenyellow,0.261828685015424,brown,0.400012394284695,False,True,True
Leukocytes,Myocytes,Hspg2,Dag1,0.37684405,1.0,0.10264882,-0.3753983048352233,-0.6008961611813755,0.009514236,0.6311272,1.0,0.9550450252158413, ,brown,0.525122764314888,,,True,False,True
EndocardialCells,EndocardialCells,Cklf,Lrp6,0.24213776,0.993,0.0463541,-0.06282507831745586,-0.1339401131994911,0.019839456,0.5348319,1.0,0.9554399308524946, ,yellow,0.477238308876693,darkred,0.737642608147084,True,False,True
EndothelialCells,EndocardialCells,Lamc1,Itga1,0.36586362,1.0,0.1201213,-0.2696044656782286,-0.5447280476886665,0.016849022,0.6492285,1.0,0.9556649222852941, ,brown,0.425314090034099,,,True,False,True
Myocytes,Leukocytes,Gnai2,P2ry12,0.56429315,1.0,0.31817016,-0.23569694527474638,0.12528775175491724,0.06356942,0.7507642,1.0,0.9562848372144871, ,tan,0.462915726534463,,,True,False,True
Leukocytes,Fibroblasts,Hspg2,Sdc1,0.21920867,1.0,0.046390675,-0.40757078584088646,-0.5489253466184252,0.009522284,0.53493,1.0,0.9564689589571748, ,brown,0.525122764314888,,,True,False,True
SmoothMuscleCells,Myocytes,S100a8,Cd36,0.5761851,0.001,0.1024232,0.0747667100095062,-0.11929258031134853,0.039641947,0.63087106,0.7424705888247971,0.9565950203727249, ,,,brown,0.500716969407465,False,True,True
SmoothMuscleCells,EndothelialCells,Bmp4,Rgmb,0.23319674,1.0,0.046441462,-0.15267670727828417,-0.21029676039292372,0.024723617,0.53506607,1.0,0.9569833694585099, ,tan,0.262138911546446,,,True,False,True
Myocytes,SmoothMuscleCells,App,Tspan12,0.6258882,1.0,0.359933,-0.6550979891964499,-0.4521696648522192,0.017310604,0.7621236,1.0,0.9570135015926675, ,greenyellow,0.498943422270878,lightcyan,0.443760185061965,False,True,True
Leukocytes,Leukocytes,Dcn,Tlr4,0.3657763,1.0,0.13305362,-0.1909777942733167,-0.20054178880523538,0.029628046,0.6607806,1.0,0.9572153374134904, ,brown,0.644747610735882,turquoise,0.445876497103553,True,False,True
Fibroblasts,Myocytes,Col4a1,Cd93,0.5558015,1.0,0.102381304,-0.35238411059839153,-0.7343860355145128,0.004962467,0.63082343,1.0,0.9575257217412898, ,,,tan,0.291337625930732,False,True,True
SmoothMuscleCells,Fibroblasts,Lamb1,Dag1,0.36570746,1.0,0.11997056,-0.09578565776854081,-0.11815869729247913,0.022516046,0.6490855,1.0,0.9575257217412898, ,brown,0.764130236562423,pink,0.439064216849562,True,False,True
Fibroblasts,EndocardialCells,Nppa,Npr2,0.58720124,0.14,0.31881803,0.0464226296589587,-0.07725656834661809,0.03149759,0.7509544,0.7201252638021826,0.958767679259957, ,brown,0.585297064759349,blue,0.598577969516683,True,False,True
EndothelialCells,EndothelialCells,Lamc1,Dag1,0.36542746,1.0,0.11969993,-0.26589794447352844,-0.43532048639702164,0.015194488,0.6488283,1.0,0.9590783990513941, ,brown,0.425314090034099,,,True,False,True
EndocardialCells,SmoothMuscleCells,Efnb2,Pecam1,0.62509227,0.001,0.3410442,0.1347417175648992,0.026094488645812874,0.03814722,0.7572028,0.47092931215184725,0.9591987386167782, ,lightcyan,0.297527702145485,darkgrey,0.718297256353785,True,False,True
Myocytes,EndocardialCells,Adm,Calcrl,0.59094924,0.0,0.3192726,0.38152894632819884,0.3536187735020401,0.10760665,0.7510876,0.036046719724897563,0.9600107102341954, ,brown,0.433939583997392,,,True,False,True
Myocytes,SmoothMuscleCells,Lama5,Itga6_Itgb1,0.21916884,0.981,0.046461858,-0.032110363483547844,-0.1922644343243916,0.018030247,0.5351207,1.0,0.9600679159956496, ,tan,0.625776798528456,,,True,False,True
SmoothMuscleCells,SmoothMuscleCells,Hspg2,Fgfr1,0.6241175,1.0,0.38272738,-0.23786388180304704,-0.2802171298518036,0.02832439,0.7676448,1.0,0.961697668176436, ,brown,0.289796805062604,,,True,False,True
Myocytes,EndocardialCells,Sema3c,Nrp1_Plxna2,0.2734161,0.127,0.046543147,0.014781486392223635,-0.04654084630743083,0.05381562,0.53533816,0.7105468587417155,0.9628927313543185, ,tan,0.524385254393888,,,True,False,True
Myocytes,EndocardialCells,Sema3c,Nrp2_Plxna2,0.2734161,0.127,0.046543147,0.014781486392223635,-0.04654084630743083,0.05381562,0.53533816,0.7105468587417155,0.9628927313543185, ,tan,0.524385254393888,,,True,False,True
Fibroblasts,SmoothMuscleCells,Adm,Calcrl,0.36467013,0.102,0.12566487,0.03250499260323983,0.15633112993467208,0.042353705,0.6543483,0.6968378752786551,0.9637459969044857, ,,,yellow,0.365118118294976,False,True,True
Myocytes,Fibroblasts,Alb,B2m_Fcgrt,0.6230526,0.0,0.06475685,0.2525686073662333,0.1835931753541321,0.06930247,0.5760841,0.11908885570177609,0.9638854262218786, ,midnightblue,0.250381300445819,,,True,False,True
Leukocytes,SmoothMuscleCells,Adam17,Itga5,0.36448365,0.947,0.11433494,-0.04559692312354703,-0.0669928070240044,0.0256088,0.64358646,1.0,0.9640577912994555, ,turquoise,0.537738563241973,brown,0.546566959140606,False,True,True
Fibroblasts,EndocardialCells,Psen1,Cd44,0.27118263,0.952,0.046607424,-0.050750722045315416,-0.0715969470251479,0.017419329,0.5355098,1.0,0.9646889638215076, ,,,yellow,0.212459882063522,False,True,True
Myocytes,Myocytes,Wnt5a,Fzd3,0.2165741,0.0,0.046617445,0.349850023209645,0.36432859607432466,0.15980624,0.5355365,0.03313337380128463,0.9652019938775798, ,tan,0.430635396063789,grey60,0.629715760930973,True,False,True
EndothelialCells,EndocardialCells,Tgfb1,Acvrl1,0.5820614,0.977,0.32046744,-0.020630120151086145,0.00200611721255739,0.034598906,0.7514366,1.0,0.9653053894702912, ,brown,0.518107180491385,,,True,False,True
SmoothMuscleCells,Leukocytes,Gpc3,Lrp1,0.6148144,0.0,0.32058275,0.4517221901422121,0.3925334582189405,0.16461799,0.7514702,0.028541536280802495,0.96561752008983, ,yellow,0.626181888304277,turquoise,0.663780405167675,True,False,True
Leukocytes,SmoothMuscleCells,Bmp2,Smo,0.21646205,0.001,0.04662151,0.1415559060702764,0.1595175582768996,0.055389334,0.5355474,0.47092931215184725,0.9657149377152308, ,turquoise,0.506612935496998,darkorange,0.272489749513826,False,True,True
EndothelialCells,Myocytes,Tln1,Itgb5,0.62166655,1.0,0.34588796,-0.15613843620758916,-0.22313350665018372,0.01995211,0.7584968,1.0,0.9676385666858904, ,pink,0.721187426052129,tan,0.521580300356519,False,True,True
SmoothMuscleCells,Fibroblasts,Icam1,Egfr,0.28041124,0.986,0.046717353,-0.01770003407369336,0.14128146043664486,0.030725433,0.5358028,1.0,0.9677657993054503, ,darkorange,0.588329109955734,,,True,False,True
SmoothMuscleCells,Fibroblasts,Dcn,Egfr,0.36395878,1.0,0.12342295,-0.15529209545520817,-0.03770386430951267,0.051230263,0.6523097,1.0,0.9678038139455605, ,brown,0.830709760806168,,,True,False,True
Leukocytes,Myocytes,Tgfb1,Tgfbr3,0.61644065,0.0,0.3211717,0.19844251877107233,0.1715576984786612,0.041435774,0.7516416,0.16169080953352583,0.9681164828795414, ,brown,0.780749588439731,brown,0.487576749012742,True,True,True
EndocardialCells,SmoothMuscleCells,Copa,Cd74,0.42081553,0.994,0.10137235,-0.09716677098109781,-0.1718507944686981,0.012376048,0.62966937,1.0,0.9681164828795414, ,,,brown,0.628700992199273,False,True,True
Myocytes,Leukocytes,Mfge8,Itgb5,0.62161434,1.0,0.35955387,-0.33633357286250926,-0.3430997989472181,0.017050013,0.76202804,1.0,0.9682644432885052, ,tan,0.698770478903018,turquoise,0.76035177467005,True,False,True
Myocytes,EndocardialCells,Lin7c,Abca1,0.36380774,0.153,0.12404783,0.025378941262699663,-0.05025062128302393,0.030306458,0.6528822,0.7286102927313783,0.9687417702695289, ,tan,0.579119715089047,lightcyan,0.751980973473931,True,True,True
SmoothMuscleCells,Leukocytes,Pf4,Thbd,0.22575875,1.0,0.046774305,-0.39025361603102104,-0.7226720066370103,0.0054646335,0.53595424,1.0,0.9687906871526553, ,brown,0.697832116664017,lightcyan,0.514446702903986,True,True,True
Myocytes,EndocardialCells,Mif,Cd44_Cd74,0.5264412,0.178,0.10126907,0.009588730952940869,-0.07142098177298595,0.013749422,0.6295505,1.0,0.9690546411774088, ,brown,0.584111510335633,,,True,False,True
Myocytes,Fibroblasts,Wnt5a,Ptk7,0.2169117,0.0,0.04677511,0.25624621011327003,0.4046405017575941,0.13002843,0.5359564,0.040601491843047975,0.9693030276816212, ,tan,0.430635396063789,,,True,False,True
EndocardialCells,EndocardialCells,Fadd,Abca1,0.3636027,0.0,0.123861246,0.1599912307206216,0.167438406368544,0.049268372,0.6527116,0.13322506112519186,0.9693673268421166, ,,,lightcyan,0.751980973473931,False,True,True
EndothelialCells,Fibroblasts,Tgfb1,Vasn,0.5828212,0.0,0.32155764,0.38795879445954373,0.6463324116142393,0.08580432,0.7517537,0.028541536280802495,0.9699934053643595, ,brown,0.518107180491385,,,True,False,True
SmoothMuscleCells,SmoothMuscleCells,Pf4,Thbd,0.22588071,1.0,0.04681358,-0.39008508562441047,-0.7367856851938779,0.0054692216,0.53605866,1.0,0.970327450265422, ,brown,0.697832116664017,,,True,False,True
Fibroblasts,Myocytes,Gstp2,Traf2,0.23183572,0.002,0.046831854,0.07070471898180544,0.1711224394903986,0.038750526,0.5361071,0.4939114915418876,0.9708394806658266, ,,,tan,0.689086951973111,False,True,True
Myocytes,SmoothMuscleCells,Lama5,Sdc1,0.36329392,0.0,0.12107007,0.47762891411356434,0.4501097580051029,0.08561861,0.65012383,0.028541536280802495,0.9709327756359806, ,tan,0.625776798528456,purple,0.260770464928019,True,False,True
Fibroblasts,SmoothMuscleCells,Vegfa,Nrp2,0.21672395,1.0,0.04686302,-0.05916496519275399,-0.13543340305937637,0.017991323,0.53618985,1.0,0.9718633864129376, ,yellow,0.272486789574581,lightyellow,0.0747333749594207,True,False,True
EndocardialCells,Myocytes,Col4a1,Cd47,0.620615,1.0,0.37290633,-0.5916821888615196,-0.6217154937727278,0.015357302,0.7653184,1.0,0.9720215588832641, ,,,orange,0.66133460139945,False,True,True
SmoothMuscleCells,Myocytes,Igf2,Insr,0.5937786,0.0,0.32199144,0.694917688551018,0.7735785906541073,0.09256531,0.7518794,0.028541536280802495,0.9721862968311927, ,blue,0.4698741551107,midnightblue,0.494037113570807,False,True,True
EndothelialCells,Leukocytes,Pros1,Axl,0.62055445,1.0,0.38350344,-0.054602475149439014,-0.02821739440265658,0.03386694,0.7678254,1.0,0.9723347520839021, ,,,brown,0.704728587075672,False,True,True
Leukocytes,EndothelialCells,Pi16,Tnfrsf21,0.21659857,1.0,0.04687983,-0.23489381019388217,-0.3912178321544033,0.017997973,0.5362345,1.0,0.9723752100965215, ,brown,0.683617070582235,cyan,0.183992503376868,True,False,True
SmoothMuscleCells,Fibroblasts,Mfap2,Notch1,0.2226111,1.0,0.046888143,-0.38447251524099024,-0.7413608054162697,0.00819096,0.53625655,1.0,0.9728868960289592, ,,,yellow,0.264341417098466,False,True,True
EndocardialCells,Myocytes,Col4a2,Cd93,0.28203544,1.0,0.04689364,-0.6324530613981475,-1.0622195015998313,0.0025548553,0.5362711,1.0,0.9733985474945028, ,,,tan,0.291337625930732,False,True,True
Myocytes,EndocardialCells,Ntn1,Mcam,0.6200853,0.0,0.33102906,0.15997066076259367,0.08198587138368929,0.032248016,0.75445247,0.3663789085218038,0.9735880122142138, ,brown,0.721197217912499,blue,0.63829955562001,True,False,True
SmoothMuscleCells,Myocytes,Bmp2,Rgmb,0.22758062,0.501,0.04694091,0.12142717837656572,-0.023440747444720134,0.041012675,0.5363964,0.8885592761105345,0.9739101128575497, ,,,orange,0.640366075374755,False,True,True
SmoothMuscleCells,EndocardialCells,Hbegf,Cd82,0.6197961,0.0,0.3419144,0.9495497887197324,0.7853998349834814,0.1677095,0.757437,0.024700725544720702,0.9742147827501979, ,midnightblue,0.453211769212941,,,True,False,True
Fibroblasts,Leukocytes,Col4a2,Cd93,0.61957276,1.0,0.36598366,-0.2182746577193996,-0.4893452120042989,0.019939492,0.76363146,1.0,0.9757820545923749, ,,,brown,0.634483899866545,False,True,True
Fibroblasts,Leukocytes,Pros1,Axl,0.6194873,1.0,0.38226387,-0.05603945400853946,-0.1327631064437138,0.03375747,0.76753676,1.0,0.9760956548503433, ,turquoise,0.157423356662436,brown,0.704728587075672,False,True,True
SmoothMuscleCells,Fibroblasts,Angptl2,Itga5_Itgb1,0.619465,0.0,0.35805807,0.28255974933067973,0.40141452234918046,0.06594188,0.7616499,0.030097356755645472,0.9764091518360551, ,brown,0.568414991509247,,,True,False,True
EndothelialCells,EndocardialCells,Apoe,Abca1,0.6194566,1.0,0.35666642,-0.2590292805589595,-0.3382428196226828,0.027016632,0.7612963,1.0,0.9767227986613667, ,,,lightcyan,0.751980973473931,False,True,True
Fibroblasts,Fibroblasts,Tgfb1,Tgfbr1_Tgfbr2,0.36247763,1.0,0.117255084,-0.09180692098918278,-0.1718895556009284,0.02277877,0.6464737,1.0,0.9768965464812731, ,brown,0.757880766459934,,,True,False,True
SmoothMuscleCells,Myocytes,Tgfb1,Lpp,0.36228758,1.0,0.13106604,-0.2524132346165439,-0.3671026778324959,0.011913554,0.6590917,1.0,0.9772109166909839, ,brown,0.732384831866489,tan,0.741372690125616,True,True,True
EndocardialCells,EndocardialCells,Lamb2,Itga9_Itgb1,0.6188473,0.0,0.38295302,0.19380867487452774,0.2651544058612269,0.04651869,0.7676974,0.1069653643059378,0.9773499089053072, ,brown,0.473770160271624,,,True,False,True
Leukocytes,Myocytes,Tgfb1,Lpp,0.6174598,0.0,0.32292253,0.14154071578759683,0.10365302833032769,0.029352797,0.7521486,0.48107500399783737,0.9778403675680964, ,brown,0.780749588439731,tan,0.741372690125616,True,True,True
SmoothMuscleCells,Fibroblasts,Col6a1,Itga1_Itgb1,0.25186628,1.0,0.047045853,-0.2690239274425435,-0.648267233377698,0.012692587,0.536674,1.0,0.9790208778548435, ,brown,0.618792290214031,,,True,False,True
Myocytes,EndocardialCells,Wnt5a,Ryk,0.36194727,0.0,0.11451028,0.19985578909493476,0.23014999887305018,0.08926851,0.6437622,0.08698004460100175,0.9790998258143118, ,tan,0.430635396063789,brown,0.588256703218047,True,True,True
Myocytes,SmoothMuscleCells,Wnt5a,Fzd1,0.21758416,0.012,0.04708916,0.114839687806536,0.1213548383520511,0.08266011,0.5367884,0.5623545472785579,0.9805524760348789, ,tan,0.430635396063789,darkorange,0.304041917479218,True,True,True
SmoothMuscleCells,SmoothMuscleCells,Angpt2,Itga5_Itgb1,0.36170897,0.053,0.113067366,0.0514770164491003,0.077524249537757,0.03727089,0.64230686,0.6466901555633766,0.9806754778987063, ,brown,0.33277543675192,,,True,False,True
Myocytes,Leukocytes,Pf4,Thbd,0.2264445,1.0,0.04717274,-0.38933353368351176,-0.7162785191609853,0.0055111824,0.53700894,1.0,0.9815730599842912, ,red,0.291590680395649,lightcyan,0.514446702903986,False,True,True
Myocytes,EndothelialCells,Gnai2,Ednrb,0.61791575,1.0,0.37696993,-0.7033573251079784,-0.24415018855189974,0.015200723,0.76629037,1.0,0.9817431617269294, ,tan,0.462915726534463,pink,0.240680175570259,True,False,True
SmoothMuscleCells,Myocytes,Tgfb1,Tgfbr3,0.36126846,1.0,0.13035542,-0.1955114316330684,-0.2991980076841624,0.016817726,0.6584807,1.0,0.9828844334084663, ,brown,0.732384831866489,brown,0.487576749012742,True,True,True
Leukocytes,SmoothMuscleCells,Sema4a,Plxnb2,0.5852243,0.0,0.3246387,0.8759346461491184,0.8950448833425056,0.16871478,0.75264233,0.009840540003803239,0.9838323618195466, ,white,0.554356297859807,brown,0.400012394284695,False,True,True
Leukocytes,Leukocytes,Bst1,Cav1,0.36096728,1.0,0.113810234,0.12296293961946142,-0.09050539301577665,0.031116657,0.6430588,1.0,0.9841482181810306, ,,,brown,0.71721751830981,False,True,True
EndocardialCells,Myocytes,Lamb1,Itga1,0.3151061,1.0,0.047256,-0.19127675249391843,-0.490445881242781,0.009800245,0.5372281,1.0,0.9846328514638418, ,brown,0.406739902075495,darkgreen,0.785762693213249,True,False,True
Fibroblasts,Leukocytes,Tgfb1,Cxcr4,0.3608347,0.0,0.11645468,0.2842156814712358,0.19094580958274393,0.061066967,0.64569056,0.11294578825013722,0.9847806442408343, ,brown,0.757880766459934,royalblue,0.754656397144664,True,False,True
SmoothMuscleCells,EndocardialCells,Adam15,Itga9,0.57153046,0.629,0.3248014,0.030499122898150655,0.05165646304415633,0.041098762,0.752689,0.9455412211551606,0.9850967035209774, ,lightcyan,0.35510465639107,blue,0.490558319288106,True,False,True
SmoothMuscleCells,Fibroblasts,Col3a1,Itga1_Itgb1,0.25273192,1.0,0.04726025,-0.3312370174013659,-0.7599955060340035,0.0104105985,0.5372393,1.0,0.9851424730225717, ,tan,0.742640569981712,,,True,False,True
EndocardialCells,Myocytes,Lamc1,Itga6_Itgb1,0.37679356,1.0,0.10020294,-0.26106769430602006,-0.5192613106796786,0.015457412,0.62831557,1.0,0.9854130857989782, ,brown,0.697901590493492,,,True,False,True
EndocardialCells,Leukocytes,Col4a4,Cd93,0.36078537,1.0,0.114529565,-0.1058378906904833,-0.20364783728663127,0.030994771,0.6437815,1.0,0.9854130857989782, ,,,brown,0.634483899866545,False,True,True
SmoothMuscleCells,SmoothMuscleCells,Col5a1,Sdc3,0.240992,1.0,0.047262825,-0.31874979359496447,-0.49919637416539375,0.012920084,0.53724605,1.0,0.9856520600799514, ,blue,0.572350353326405,brown,0.642736335442684,False,True,True
Myocytes,Myocytes,Lrpap1,Sort1,0.58508456,0.0,0.32487676,0.43787713480908347,0.31941147905328166,0.042876553,0.75271064,0.14132415536888387,0.9857295358111292, ,black,0.722489711221455,midnightblue,0.356528030180206,False,True,True
Fibroblasts,Myocytes,Thbs2,Cd47,0.61641383,0.998,0.36862192,-0.07878510305904324,0.3036649386052178,0.069348074,0.76427907,1.0,0.9858264623083322, ,,,orange,0.66133460139945,False,True,True
Myocytes,Myocytes,Lama2,Itga6_Itgb1,0.2232785,1.0,0.047266226,-0.25702994814435504,-0.559292043240327,0.014516446,0.537255,1.0,0.9861615612087197, ,midnightblue,0.3482443250449,,,True,False,True
Fibroblasts,EndocardialCells,Lpl,Cd44,0.5209766,1.0,0.10009886,-0.20569873308524608,-0.3905909829853028,0.011935588,0.6281943,1.0,0.986679036726017, ,white,0.449250143614266,yellow,0.212459882063522,False,True,True
Fibroblasts,Fibroblasts,Nppa,Npr1,0.5914326,1.0,0.32515153,-0.09296021638790758,-0.36839342635324634,0.020784715,0.75278926,1.0,0.9869957576925699, ,brown,0.585297064759349,,,True,False,True
Myocytes,Myocytes,Gnai2,Unc5b,0.31733188,1.0,0.04736529,-1.1258391600867657,-1.1654156283215995,0.0030130385,0.5375153,1.0,0.9871802543182493, ,tan,0.462915726534463,,,True,False,True
SmoothMuscleCells,Myocytes,Nampt,Itga5_Itgb1,0.3605644,0.942,0.123758726,-0.05056564714501416,-0.13762689215414453,0.021895459,0.65261775,1.0,0.9873122907212042, ,lightcyan,0.281201497523699,,,True,False,True
EndothelialCells,EndothelialCells,Adam10,Tspan17,0.6162435,0.0,0.3736803,0.1399330773248438,0.3544625603606729,0.04056579,0.7655046,0.17361538743878574,0.9873981284946423, ,yellow,0.336816268854491,turquoise,0.627599459875695,True,False,True
SmoothMuscleCells,Myocytes,Col6a1,Itga9_Itgb1,0.25232264,1.0,0.04739258,-0.2281105028416952,-0.40652195214692516,0.013569114,0.5375868,1.0,0.987689497713325, ,brown,0.618792290214031,,,True,False,True
Myocytes,SmoothMuscleCells,Col4a5,Sdc1,0.36037523,0.0,0.11833959,0.37241546861384023,0.31410547497379177,0.08538662,0.647525,0.047712538385010744,0.9882630634627587, ,brown,0.598294810383622,purple,0.260770464928019,True,False,True
Fibroblasts,SmoothMuscleCells,Serpine1,Lrp1,0.38229412,0.99,0.100033335,-0.021036901953410694,-0.030074132268418985,0.054526985,0.62811774,1.0,0.9885798673719222, ,turquoise,0.356587915353449,brown,0.561942294262648,False,True,True
Fibroblasts,SmoothMuscleCells,Tfpi,Lrp1,0.57113767,0.986,0.3255273,-0.054637570684866445,-0.1511784267385483,0.028189262,0.7528968,1.0,0.9888969949601192, ,brown,0.474048497087387,brown,0.561942294262648,True,True,True
SmoothMuscleCells,SmoothMuscleCells,Apoe,Lrp1,0.6158588,1.0,0.3789279,-0.5653717516467145,-0.6104968554597816,0.01803149,0.7667539,1.0,0.9892846759329573, ,,,brown,0.561942294262648,False,True,True
Leukocytes,Myocytes,Cp,Slc40a1,0.3600225,0.995,0.1293476,0.06415477371844666,-0.06801124809197176,0.034941312,0.6576075,1.0,0.9904833939987512, ,brown,0.626112500864183,magenta,0.862475051284496,True,False,True
SmoothMuscleCells,Myocytes,Bmp2,Acvr1,0.22847727,0.01,0.047473945,0.18428824539676347,0.07928243034687249,0.03586652,0.5378001,0.5558548157865638,0.9907431031146392, ,,,brown,0.627682969156437,False,True,True
Myocytes,Leukocytes,Gnai2,Igf1r,0.36519206,1.0,0.09984628,-1.028949557229049,-0.8299550133016727,0.0058870087,0.62789917,1.0,0.9908006722139397, ,tan,0.462915726534463,,,True,False,True
Myocytes,Leukocytes,Ctf1,Il6st_Lifr,0.21842444,1.0,0.047501475,0.03750814170221228,-0.10663968779970939,0.03050266,0.53787214,1.0,0.9912517453731198, ,tan,0.511704079589461,,,True,False,True
EndothelialCells,Myocytes,C1qb,C1qbp,0.45230705,0.001,0.099769905,0.08672919464125145,-0.25709987371362086,0.012703988,0.62780976,1.0,0.9927070476576214, ,lightyellow,0.443566838166862,tan,0.625839964451776,False,True,True
Leukocytes,EndocardialCells,Tnf,Sema4c,0.3596552,0.0,0.11248407,0.4186986414282532,0.48603229565379585,0.12891535,0.6417125,0.028541536280802495,0.9927070476576214, ,turquoise,0.350511842215774,brown,0.775770606649022,False,True,True
Myocytes,Myocytes,Lgi3,Adam22,0.22432277,0.0,0.04753909,0.43545487621184176,0.464254535707675,0.22117266,0.5379705,0.028541536280802495,0.9927770544923744, ,magenta,0.900053126921727,tan,0.541794785603059,False,True,True
Myocytes,EndocardialCells,Angptl2,Tlr4,0.35952508,0.008,0.117942244,0.06805947207529803,0.02821057249785386,0.03937499,0.6471411,0.5470098827999836,0.9933428779566287, ,tan,0.729352359511854,,,True,False,True
EndothelialCells,SmoothMuscleCells,Tgfb1,Vasn,0.6151842,0.0,0.36799482,0.450906173161592,0.5606125452168094,0.0981956,0.7641257,0.028541536280802495,0.9933752032944905, ,brown,0.518107180491385,red,0.620798040751772,True,False,True
Myocytes,EndocardialCells,Tfpi,Sdc4,0.60661805,0.0,0.32726285,0.16981454646388205,0.17037590642078043,0.039514195,0.753391,0.18892547428076942,0.9936610232949858, ,brown,0.493469316651968,lightgreen,0.137793776609083,True,False,True
Leukocytes,Fibroblasts,Timp3,Ddr1,0.22209013,1.0,0.04773515,-0.6627437426538697,-0.5458436260929805,0.0070493943,0.5384819,1.0,0.9948097352962457, ,lightcyan,0.542032628399973,,,True,False,True
SmoothMuscleCells,SmoothMuscleCells,Serpine1,Lrp1,0.38182598,0.976,0.099474326,-0.02217716753559766,-0.11013310072431423,0.054222275,0.62746304,1.0,0.9952522548159459, ,darkorange,0.42575759209786,brown,0.561942294262648,True,True,True
EndothelialCells,Leukocytes,Tgfb1,Tgfbr1_Tgfbr2,0.61457694,0.0,0.3671235,0.2977865227472533,0.47080980616705054,0.071319915,0.763912,0.028541536280802495,0.9952644521095524, ,brown,0.518107180491385,,,True,False,True
Fibroblasts,EndothelialCells,Bmp4,Lrp6,0.35929453,0.007,0.12145553,0.028260876969677454,0.07579259168035268,0.045558736,0.6504853,0.5422300974172793,0.9955708076889674, ,yellow,0.321909400792098,,,True,False,True
Myocytes,Myocytes,C1qb,C1qbp,0.45206365,0.019,0.099392116,0.08636925994592873,-0.14952655424566597,0.012655883,0.62736636,1.0,0.9962081173405333, ,brown,0.759344460789136,tan,0.625839964451776,True,True,True
Myocytes,EndocardialCells,Mfge8,Itgav,0.35913375,1.0,0.119251266,-0.43075561915015637,-0.49503845434188737,0.01089521,0.64840037,1.0,0.9965266168367585, ,tan,0.698770478903018,,,True,False,True
SmoothMuscleCells,EndothelialCells,Col6a2,Itga1_Itgb1,0.6060656,0.0,0.32800063,0.21254713190493588,0.5773578505922853,0.08680322,0.75360024,0.06496181114553531,0.9965266168367585, ,brown,0.539639213218055,,,True,False,True
Myocytes,EndocardialCells,Tgs1,Rxra,0.22205625,1.0,0.047857653,-0.1321935469494935,-0.25857019497920186,0.014035216,0.5388004,1.0,0.9968409408758023, ,tan,0.693064510142974,,,True,False,True
EndocardialCells,Leukocytes,Pf4,Thbd,0.22787109,1.0,0.048001613,-0.3874194800578695,-0.7444153935046921,0.0056080194,0.5391736,1.0,0.9973485534601422, ,brown,0.901042251404365,lightcyan,0.514446702903986,True,True,True
EndocardialCells,SmoothMuscleCells,Vcl,Itgb5,0.61410546,0.02,0.34094268,0.05395142798273251,0.017828618880605718,0.030275255,0.75717545,0.5870688669830089,0.9974695312197797, ,,,brown,0.48064539237368,False,True,True
SmoothMuscleCells,Myocytes,Pdgfb,Itgav,0.35887873,0.976,0.1217228,-0.0645087722835921,-0.1925393029463271,0.028412947,0.650735,1.0,0.9981211629189275, ,darkorange,0.329367356438579,grey60,0.700690341838197,True,False,True
SmoothMuscleCells,SmoothMuscleCells,Copa,Cd74,0.4133825,0.991,0.099207036,-0.1080481687692274,-0.17542986337170796,0.012111695,0.62714857,1.0,0.9981211629189275, ,,,brown,0.628700992199273,False,True,True
Myocytes,EndocardialCells,Timp2,Cd44,0.27773157,1.0,0.048009828,-0.4042543611489994,-0.5358085469151477,0.0073072957,0.5391948,1.0,0.9983635213501549, ,greenyellow,0.434818678150692,yellow,0.212459882063522,False,True,True
EndothelialCells,SmoothMuscleCells,Ntf3,Ntrk3,0.35882854,0.0,0.11812637,0.48670679535875533,0.9123287044589741,0.18812522,0.6473192,0.028541536280802495,0.9984403276379501, ,brown,0.667364288697323,,,True,False,True
EndocardialCells,SmoothMuscleCells,Col18a1,Itgb5,0.6063128,0.0,0.32840702,0.3001727582752772,0.33392003114083596,0.07173064,0.7537151,0.041515775333354106,0.9984403276379501, ,pink,0.24452664031088,brown,0.48064539237368,False,True,True
Leukocytes,Myocytes,Selplg,Esam,0.5237528,0.001,0.09911804,0.5870776791390062,0.10125025377310681,0.021205088,0.62704355,1.0,0.9987593027073147, ,black,0.673163144312154,tan,0.656541068331931,False,True,True
EndocardialCells,SmoothMuscleCells,Pf4,Thbd,0.22799304,1.0,0.04804192,-0.38725094965125884,-0.7585290720615597,0.005612728,0.53927785,1.0,0.9988708766703189, ,brown,0.901042251404365,,,True,False,True
Myocytes,Fibroblasts,Gnai2,Unc5b,0.57365346,1.0,0.3284342,-0.8099104149496708,-0.5255992194922483,0.02089262,0.75372285,1.0,0.9990786034413254, ,tan,0.462915726534463,turquoise,0.776803778554489,True,False,True
Myocytes,EndocardialCells,Pf4,Procr,0.28403986,0.0,0.0658773,0.3579184839692202,0.04336783242542669,0.03345139,0.57817733,0.32823478953324536,1.0, ,red,0.291590680395649,midnightblue,0.267047127373559,False,True,True
SmoothMuscleCells,SmoothMuscleCells,Efnb1,Ephb4,0.35816622,1.0,0.12827711,-0.2214881650392912,-0.4845240824831649,0.017854111,0.6566713,1.0,1.0, ,brown,0.361961852199938,blue,0.586924059926733,True,False,True
SmoothMuscleCells,SmoothMuscleCells,Lama2,Itga6_Itgb1,0.2705623,1.0,0.06491274,-0.19169538412877662,-0.340869046767446,0.01993606,0.57637763,1.0,1.0, ,brown,0.472765180178635,,,True,False,True
Myocytes,EndothelialCells,Sema3c,Nrp2_Plxna2,0.41936088,0.0,0.07732238,0.21684948419289315,0.490914620583107,0.089404166,0.59757966,0.062133933943452235,1.0, ,tan,0.524385254393888,,,True,False,True
Myocytes,EndocardialCells,Sema3c,Nrp1_Plxna4,0.32434273,0.0,0.057283394,0.24933445398065365,0.3806647666385249,0.0811456,0.56104493,0.043709112835023566,1.0, ,tan,0.524385254393888,,,True,False,True
Myocytes,EndocardialCells,Sema3c,Nrp2_Plxna4,0.30308136,0.016,0.05279945,0.037199870663984724,-0.028032443057458667,0.053095818,0.5509845,0.574694994661966,1.0, ,tan,0.524385254393888,,,True,False,True
EndocardialCells,Fibroblasts,Adam15,Itgav,0.593922,0.33,0.34398007,0.049161538075674416,0.09850120189351486,0.04529228,0.7579899,0.8234953588444675,1.0, ,lightcyan,0.176865930443945,,,True,False,True
Myocytes,EndothelialCells,Psen1,Ncstn,0.29316548,1.0,0.07802922,-0.19897174375409174,-0.2809208049381831,0.014840831,0.59867334,1.0,1.0, ,tan,0.493293969025575,,,True,False,True
Myocytes,EndocardialCells,Sema3c,Nrp1_Nrp2_Plxnd1,0.30308136,0.016,0.05279945,0.037199870663984724,-0.028032443057458667,0.053095818,0.5509845,0.574694994661966,1.0, ,tan,0.524385254393888,,,True,False,True
Myocytes,EndothelialCells,Sema3c,Nrp1_Nrp2_Plxnd1,0.47881687,0.0,0.08986143,0.2707677140230514,0.5925093227886115,0.09036583,0.6155099,0.034886220105159474,1.0, ,tan,0.524385254393888,,,True,False,True
SmoothMuscleCells,SmoothMuscleCells,Col6a2,Itga9_Itgb1,0.32983577,1.0,0.102715425,-0.11158573165133871,-0.13098520056459317,0.028847562,0.6312027,1.0,1.0, ,brown,0.539639213218055,,,True,False,True
Myocytes,EndocardialCells,Wnt5a,Fzd4,0.23756406,0.114,0.05642026,0.09122581480576092,-0.010808144809542924,0.0642882,0.5591746,0.7006793098178249,1.0, ,tan,0.430635396063789,,,True,False,True
Myocytes,EndothelialCells,Adm,Adrb2,0.29328936,0.0,0.070492536,0.10252526045284069,0.08052980914097135,0.051372964,0.58641195,0.2351338097716807,1.0, ,brown,0.433939583997392,,,True,False,True
SmoothMuscleCells,SmoothMuscleCells,Hspg2,Sdc1,0.5871535,0.396,0.33049354,0.17864071816774565,0.1227910458272427,0.06783806,0.7543025,0.8516577999851036,1.0, ,brown,0.289796805062604,purple,0.260770464928019,True,False,True
SmoothMuscleCells,SmoothMuscleCells,Lama2,Itga9_Itgb1,0.30675203,0.998,0.09108649,-0.09136478254052803,-0.08101143123884136,0.02699442,0.6171109,1.0,1.0, ,brown,0.472765180178635,,,True,False,True
SmoothMuscleCells,SmoothMuscleCells,Lama4,Itga6_Itgb1,0.27138865,1.0,0.06520942,-0.31878128597531535,-0.5755543119115651,0.011111416,0.5769342,1.0,1.0, ,lightcyan,0.371485020380501,,,True,False,True
EndocardialCells,EndocardialCells,Txlna,Stx4a,0.6064762,0.0,0.3640488,0.14889919806311253,0.12260962286143556,0.044076923,0.7631527,0.17746643865537343,1.0, ,,,brown,0.559606061898428,False,True,True
EndocardialCells,EndocardialCells,Timp2,Cd44,0.37311885,1.0,0.06843627,-0.26693703318901085,-0.39020426742613723,0.010416286,0.58281744,1.0,1.0, ,darkturquoise,0.47424887138256,yellow,0.212459882063522,False,True,True
Myocytes,EndothelialCells,Sema3c,Nrp1_Plxna2,0.41936088,0.0,0.07732238,0.21684948419289315,0.490914620583107,0.089404166,0.59757966,0.062133933943452235,1.0, ,tan,0.524385254393888,,,True,False,True
Myocytes,EndothelialCells,Lin7c,Abca1,0.24784434,1.0,0.060811087,-0.14975958438237041,-0.31143959947185085,0.014856921,0.5683899,1.0,1.0, ,tan,0.579119715089047,turquoise,0.256433791078161,True,False,True
EndocardialCells,EndocardialCells,Fn1,Cd44,0.34835565,0.0,0.06313343,0.19781386260914907,0.13275187747384753,0.025458386,0.572981,0.6923452426635957,1.0, ,,,yellow,0.212459882063522,False,True,True
SmoothMuscleCells,SmoothMuscleCells,Sema3f,Nrp2_Plxna1,0.2758882,0.93,0.07372736,-0.024162613904665786,-0.14971734257152658,0.027091138,0.59184206,1.0,1.0, ,darkorange,0.470908481252909,,,True,False,True
EndocardialCells,EndocardialCells,Sema4c,Plxnb2,0.2424736,1.0,0.0586323,-0.12699377947377855,-0.2579068782454332,0.01668177,0.5639089,1.0,1.0, ,brown,0.775770606649022,,,True,False,True
EndocardialCells,EndocardialCells,Pltp,Abca1,0.29938126,1.0,0.06542525,-0.20171041237075854,-0.3098218751824214,0.013158819,0.57733744,1.0,1.0, ,,,lightcyan,0.751980973473931,False,True,True
EndocardialCells,EndocardialCells,Pf4,Procr,0.28546643,0.0,0.06703484,0.35983253759486244,0.015230958081719814,0.034039166,0.5803,0.3491849067290772,1.0, ,brown,0.901042251404365,midnightblue,0.267047127373559,True,True,True
EndocardialCells,EndocardialCells,Lamb1,Cd44,0.32514545,1.0,0.058163147,-0.11137090467440143,-0.1901536127777682,0.01661337,0.5629208,1.0,1.0, ,brown,0.406739902075495,yellow,0.212459882063522,True,True,True
EndocardialCells,EndocardialCells,Lamb1,Itga9_Itgb1,0.5788555,0.0,0.33380383,0.2429407641190351,0.30633463803347344,0.073465526,0.7552248,0.04944107942437308,1.0, ,brown,0.406739902075495,,,True,False,True
SmoothMuscleCells,SmoothMuscleCells,Ntn1,Neo1,0.3040179,0.848,0.08197879,0.015111205315890053,-0.04318666494415696,0.018649787,0.60459036,1.0,1.0, ,tan,0.0269384866982683,red,0.675791603734215,True,False,True
EndocardialCells,EndocardialCells,Tnxb,Itga9_Itgb1,0.37327436,0.982,0.08114814,-0.02837241361078227,-0.13322298772851532,0.02367849,0.6033724,1.0,1.0, ,lightcyan,0.362077206073838,,,True,False,True
Myocytes,EndocardialCells,Wnt5a,Fzd1,0.22901508,0.0,0.05242768,0.1340647172549353,0.1218579587508378,0.09203133,0.5501102,0.17884080930646862,1.0, ,tan,0.430635396063789,blue,0.47325643403346,True,False,True
SmoothMuscleCells,SmoothMuscleCells,Pi16,Tnfrsf21,0.27274236,1.0,0.07157393,-0.11593568744300364,-0.2943988992522372,0.02747846,0.58825684,1.0,1.0, ,blue,0.609303039438015,brown,0.729469459126359,False,True,True
SmoothMuscleCells,SmoothMuscleCells,Nrxn1,Nlgn2,0.25444514,0.0,0.061990153,0.4674611127939174,0.559142847989551,0.151028,0.5707438,0.028541536280802495,1.0, ,brown,0.757758716445093,blue,0.492953023358417,True,False,True
SmoothMuscleCells,SmoothMuscleCells,Ntn1,Adora2b,0.25857556,0.413,0.063638076,0.22079868983195056,0.1299171911570457,0.04687496,0.57395464,0.8583615351925764,1.0, ,tan,0.0269384866982683,,,True,False,True
SmoothMuscleCells,SmoothMuscleCells,Sema3f,Nrp2_Plxna2,0.2758882,0.93,0.07372736,-0.024162613904665786,-0.14971734257152658,0.027091138,0.59184206,1.0,1.0, ,darkorange,0.470908481252909,,,True,False,True
SmoothMuscleCells,SmoothMuscleCells,Sema4c,Plxnb2,0.34418827,0.181,0.106922895,0.04467394708965927,-0.03271835405202317,0.03042117,0.63586295,0.7480261597392092,1.0, ,blue,0.507941520110845,brown,0.400012394284695,False,True,True
Myocytes,EndocardialCells,Wnt5a,Ptk7,0.26537254,0.0,0.069407515,0.36951429503317007,0.42190043798510646,0.19294344,0.58452964,0.028541536280802495,1.0, ,tan,0.430635396063789,darkred,0.667471774153101,True,False,True
Myocytes,EndocardialCells,Wnt5a,Ptprk,0.334113,0.0,0.101511,0.3570757587597171,0.41554540094356174,0.12499931,0.62982875,0.028541536280802495,1.0, ,tan,0.430635396063789,red,0.556568978731045,True,False,True
SmoothMuscleCells,SmoothMuscleCells,Lgals3,Eng,0.45625246,1.0,0.07199412,-0.3056291737327282,-0.40306702750932744,0.0065844185,0.5889656,1.0,1.0, ,,,lightcyan,0.40613301582679,False,True,True
Fibroblasts,Myocytes,Wnt5a,Mcam,0.22116238,1.0,0.048896484,-0.029667208460225136,-0.061493498499242516,0.023377212,0.54146737,1.0,1.0, ,,,brown,0.675177279471707,False,True,True
Fibroblasts,Myocytes,Wnt5a,Ptprk,0.2456685,0.0,0.05953817,0.19494208424949,0.37339974937131654,0.07331452,0.5657931,0.07798616426256065,1.0, ,,,tan,0.731592591279346,False,True,True
Fibroblasts,SmoothMuscleCells,Adm,Ramp3,0.28999168,0.792,0.05842084,-0.007879891974225062,-0.025691881509045555,0.035933573,0.5634646,1.0,1.0, ,,,darkorange,0.533851006974031,False,True,True
Fibroblasts,SmoothMuscleCells,Angptl1,Tek,0.28744745,1.0,0.08258103,-0.05885068818138153,-0.03930073352492236,0.043728527,0.60546494,1.0,1.0, ,,,brown,0.708802168860815,False,True,True
Fibroblasts,SmoothMuscleCells,Angptl4,Sdc4,0.29334077,0.945,0.08424894,-0.03436353096253558,-0.017168561194586263,0.045973543,0.6078507,1.0,1.0, ,,,tan,0.661881494233523,False,True,True
Fibroblasts,SmoothMuscleCells,Angptl4,Tie1,0.2875092,1.0,0.081322476,-0.10020190895183198,-0.2337924089191925,0.030975128,0.6036292,1.0,1.0, ,,,darkorange,0.471040667965038,False,True,True
Fibroblasts,Myocytes,Serpine1,Itgb5,0.29388368,1.0,0.07040717,-0.1216124024000854,-0.14378067529293864,0.034450095,0.586265,1.0,1.0, ,turquoise,0.356587915353449,tan,0.521580300356519,False,True,True
Myocytes,Myocytes,Wnt5a,Ryk,0.30579785,0.01,0.088287115,0.11886343535791316,0.11397561854926128,0.06882578,0.6134164,0.5558548157865638,1.0, ,tan,0.430635396063789,blue,0.694791871457887,True,False,True
Fibroblasts,Myocytes,Vegfa,Itgav,0.24060233,0.216,0.05672078,0.0317162521793396,0.06534472442070996,0.02517896,0.55982924,0.768652408709394,1.0, ,yellow,0.272486789574581,grey60,0.700690341838197,True,False,True
Fibroblasts,Myocytes,Vegfa,Nrp1,0.2544504,1.0,0.06243771,-0.5990212114598608,-0.6056360813923135,0.008023468,0.5716248,1.0,1.0, ,yellow,0.272486789574581,,,True,False,True
Fibroblasts,Myocytes,Sorbs1,Itgb5,0.3221437,1.0,0.09415793,-0.3916368071520536,-0.8209842750535736,0.0061423345,0.62102133,1.0,1.0, ,,,tan,0.521580300356519,False,True,True
Fibroblasts,SmoothMuscleCells,Agrn,Lrp1,0.37952432,1.0,0.096725985,-0.17068212571280378,-0.41688892298175906,0.01754621,0.62418264,1.0,1.0, ,,,brown,0.561942294262648,False,True,True
Myocytes,Myocytes,Tgfb1,Tgfbr3,0.3039205,1.0,0.08747095,-0.2840494443391942,-0.3883260937397247,0.011285012,0.6123146,1.0,1.0, ,darkred,0.84402401701177,brown,0.487576749012742,False,True,True
SmoothMuscleCells,SmoothMuscleCells,Tgfb1,Acvr1_Tgfbr2,0.27797654,1.0,0.07227767,-0.1708349516443159,-0.27294562139012496,0.012683902,0.5894413,1.0,1.0, ,brown,0.732384831866489,,,True,False,True
EndocardialCells,EndocardialCells,Fat4,Dchs1,0.33244845,0.0,0.09648655,0.09496405202682133,0.1020397521479049,0.07749906,0.6238919,0.2129749116269846,1.0, ,,,brown,0.702744912856117,False,True,True
EndocardialCells,EndocardialCells,Lama4,Cd44,0.4840875,0.005,0.09219935,0.001797022287820249,-0.03822989723011416,0.019675018,0.6185446,1.0,1.0, ,brown,0.394621679147421,yellow,0.212459882063522,True,True,True
Myocytes,EndothelialCells,Lama5,Dag1,0.25331345,0.553,0.06413726,0.01989186161428874,-0.011956278590327774,0.020481007,0.5749097,1.0,1.0, ,tan,0.625776798528456,,,True,False,True
Myocytes,EndothelialCells,Gstp2,Traf2,0.2572118,0.0,0.065076895,0.11698913259073765,0.18781952199291424,0.053847197,0.5766859,0.17417774955833967,1.0, ,tan,0.462514063069149,,,True,False,True
Fibroblasts,SmoothMuscleCells,Angpt1,Itga5,0.27422523,0.944,0.073101334,-0.030337629384072237,0.018021350741581732,0.01766794,0.5908117,1.0,1.0, ,,,brown,0.546566959140606,False,True,True
Fibroblasts,Myocytes,Ptdss1,Jmjd6,0.34257197,0.334,0.11450001,0.007474886782527529,-0.051012431836993444,0.031069186,0.6437519,0.8252347543763348,1.0, ,yellow,0.4197018519307,,,True,False,True
Myocytes,Myocytes,Lrrc4b,Ptprs,0.3345524,0.0,0.1045916,0.6736440037751084,0.6321043434016707,0.23255086,0.6333069,0.028541536280802495,1.0, ,,,brown,0.264675304065931,False,True,True
Fibroblasts,Myocytes,S100a9,Cd36,0.56176066,0.002,0.07197859,0.029892871442502536,-0.14253303419146596,0.03164728,0.58893955,0.8255911697459656,1.0, ,royalblue,0.0983682022796448,brown,0.500716969407465,False,True,True
Fibroblasts,Myocytes,Mfap2,Notch1,0.48888558,0.703,0.076043054,0.012615543282310293,0.0954310486825719,0.013284075,0.595572,1.0,1.0, ,brown,0.394264743586134,green,0.340818001122301,True,False,True
Fibroblasts,Myocytes,Tgfb1,Tgfbr3,0.30874214,1.0,0.09107653,-0.27660558089536164,-0.4994796881522695,0.011750184,0.61709803,1.0,1.0, ,brown,0.757880766459934,brown,0.487576749012742,True,True,True
Fibroblasts,Myocytes,Tgfb1,Eng,0.24460983,1.0,0.059832927,-0.7606607592231753,-1.1279953707806538,0.0033367185,0.56639963,1.0,1.0, ,brown,0.757880766459934,greenyellow,0.444186423819259,True,False,True
Fibroblasts,Myocytes,Tgfb1,Itgav_Itgb6,0.25918788,1.0,0.066934966,-0.2321899872718276,-0.4269920408317297,0.0120922495,0.5801184,1.0,1.0, ,brown,0.757880766459934,,,True,False,True
Fibroblasts,Myocytes,Tgfb1,Itgb5,0.33190274,1.0,0.10235978,-0.39285625974415395,-0.666091291151296,0.009597794,0.63079894,1.0,1.0, ,brown,0.757880766459934,tan,0.521580300356519,True,True,True
Myocytes,EndothelialCells,Cxcl12,Itga5,0.27436405,1.0,0.061573666,-0.48812078382267904,-0.7316752678875951,0.0071950047,0.5699178,1.0,1.0, ,tan,0.577984649656319,,,True,False,True
Myocytes,EndothelialCells,Fgf7,Fgfr3,0.2887208,0.0,0.07472888,0.26957761354367465,0.5247207553622197,0.19041744,0.59347075,0.03532657961609258,1.0, ,brown,0.584610251626662,,,True,False,True
Fibroblasts,SmoothMuscleCells,Adam17,Itga5,0.3103094,1.0,0.08958601,-0.12608720181286848,-0.22122544524424248,0.020065522,0.61514664,1.0,1.0, ,,,brown,0.546566959140606,False,True,True
Fibroblasts,Myocytes,Mdk,Notch2,0.36001334,0.141,0.07843534,0.024384181404509514,0.22390263159166574,0.025558349,0.5992968,0.7209114266807717,1.0, ,,,midnightblue,0.62811133093121,False,True,True
Myocytes,SmoothMuscleCells,Col4a5,Itga10_Itgb1,0.26824763,0.0,0.071724124,0.412088308677255,0.41213591722910764,0.13012359,0.58851075,0.028541536280802495,1.0, ,brown,0.598294810383622,,,True,False,True
Fibroblasts,Myocytes,Nampt,Itga5_Itgb1,0.32993296,1.0,0.10651198,-0.0990162781618585,-0.20555048972294787,0.018844154,0.63541704,1.0,1.0, ,yellow,0.202506159545502,,,True,False,True
Fibroblasts,Myocytes,Rgma,Hfe,0.28855398,1.0,0.07193211,-0.058668771819671034,0.020662896826377952,0.019481609,0.5888613,1.0,1.0, ,turquoise,0.877967135570873,tan,0.587981482316645,False,True,True
Fibroblasts,Myocytes,Psen1,Notch2,0.28454506,1.0,0.05824063,-0.15486151276680785,-0.22892213381451998,0.014577414,0.56308454,1.0,1.0, ,,,midnightblue,0.62811133093121,False,True,True
Fibroblasts,SmoothMuscleCells,Angpt2,Tek,0.2818925,1.0,0.07931298,-0.21503770588981025,-0.39384870526749954,0.015955657,0.60063213,1.0,1.0, ,,,brown,0.708802168860815,False,True,True
Fibroblasts,SmoothMuscleCells,Angpt2,Tie1,0.29686552,1.0,0.08738728,-0.1399983678353754,-0.33231005712060896,0.019120406,0.612201,1.0,1.0, ,,,darkorange,0.471040667965038,False,True,True
Fibroblasts,SmoothMuscleCells,Bmp4,Rgmb,0.3280849,0.597,0.09357382,0.003275899285311426,0.017150208508701748,0.04981504,0.6202888,0.9302126452606201,1.0, ,yellow,0.321909400792098,,,True,False,True
Myocytes,EndothelialCells,Ctf1,Il6st_Lifr,0.31925985,0.514,0.09445819,0.1757976806944395,0.10848894443742657,0.06065551,0.6213959,0.8968683653825102,1.0, ,tan,0.511704079589461,,,True,False,True
Fibroblasts,SmoothMuscleCells,C1qb,Lrp1,0.3512244,1.0,0.06293364,-0.2447034004827548,-0.700529293402243,0.008507455,0.57259315,1.0,1.0, ,royalblue,0.510821296079232,brown,0.561942294262648,False,True,True
Fibroblasts,SmoothMuscleCells,Angptl4,Sdc3,0.29794988,1.0,0.08656193,-0.08604605785989403,-0.12140556545673081,0.035738923,0.6110739,1.0,1.0, ,,,brown,0.642736335442684,False,True,True
Myocytes,Myocytes,Tgfb3,Itgb5,0.3214648,1.0,0.09358737,-0.3140886708064113,-0.5047816605712478,0.013100998,0.62030584,1.0,1.0, ,darkgrey,0.458281786631104,tan,0.521580300356519,False,True,True
EndocardialCells,EndocardialCells,Col4a1,Cd44,0.41919786,1.0,0.07830374,-0.28764424258458055,-0.3882678625805298,0.011454368,0.59909517,1.0,1.0, ,,,yellow,0.212459882063522,False,True,True
Myocytes,SmoothMuscleCells,Adam10,Tspan14,0.29393572,1.0,0.08637446,-0.2618111614707581,-0.4100712430743755,0.011905787,0.6108163,1.0,1.0, ,,,yellow,0.48984647322545,False,True,True
Myocytes,Myocytes,Wnt5a,Fzd6,0.23752376,0.0,0.056401446,0.16671481246118366,0.09616134073036062,0.06678867,0.55913347,0.21023844350571066,1.0, ,tan,0.430635396063789,greenyellow,0.462049335448346,True,False,True
Myocytes,Myocytes,Tgfb3,Tgfbr3,0.2983042,1.0,0.08327111,-0.19783799195761897,-0.3381700575722214,0.016039012,0.6064584,1.0,1.0, ,darkgrey,0.458281786631104,brown,0.487576749012742,False,True,True
Myocytes,Myocytes,Ntn1,Mcam,0.3070183,1.0,0.087566294,-0.20641157660961076,-0.49293948807498106,0.008530487,0.61244386,1.0,1.0, ,brown,0.721197217912499,brown,0.675177279471707,True,True,True
Fibroblasts,SmoothMuscleCells,Col18a1,Itga5,0.2231156,1.0,0.049752437,-0.08841515968007155,-0.13834568682454032,0.017750168,0.54362094,1.0,1.0, ,turquoise,0.447245251399489,brown,0.546566959140606,False,True,True
Myocytes,Myocytes,Psen1,Ncstn,0.29121417,1.0,0.07723236,-0.2017785253490978,-0.34842005880487703,0.01468927,0.5974396,1.0,1.0, ,tan,0.493293969025575,tan,0.790441710487318,True,True,True
Fibroblasts,SmoothMuscleCells,Angpt1,Tek,0.30709362,1.0,0.09413913,-0.13028964224799805,-0.18133781792201847,0.013885731,0.62099785,1.0,1.0, ,,,brown,0.708802168860815,False,True,True
Fibroblasts,SmoothMuscleCells,Angpt1,Tie1,0.32206666,1.0,0.10372278,-0.05525030419356318,-0.11979916977512789,0.016639918,0.63233787,1.0,1.0, ,,,darkorange,0.471040667965038,False,True,True
Fibroblasts,Leukocytes,Tgs1,Rxra,0.31790406,0.117,0.09854993,0.019902034520366756,-0.03264790821521063,0.028901739,0.62637126,0.7033777484376885,1.0, ,,,brown,0.495301817055943,False,True,True
Myocytes,SmoothMuscleCells,Mdk,Lrp1,0.3768151,1.0,0.09349097,-0.1912654693054088,-0.3611913951568263,0.021089017,0.6201844,1.0,1.0, ,darkgrey,0.327125163115844,brown,0.561942294262648,False,True,True
Fibroblasts,SmoothMuscleCells,Lgals3,Eng,0.44924486,1.0,0.06042781,-0.3211733389570912,-0.4843054047950399,0.00552659,0.56761414,1.0,1.0, ,,,lightcyan,0.40613301582679,False,True,True
Fibroblasts,Myocytes,Bmp4,Rgmb,0.30230433,0.968,0.07054227,-0.033939712568509875,-0.08878621104893891,0.037553944,0.5864975,1.0,1.0, ,yellow,0.321909400792098,orange,0.640366075374755,True,True,True
Fibroblasts,Myocytes,C1qb,C1qbp,0.44073153,0.009,0.081803456,0.06961046042684435,-0.3325012078937527,0.010416268,0.6043344,1.0,1.0, ,royalblue,0.510821296079232,tan,0.625839964451776,False,True,True
Fibroblasts,Myocytes,Efnb1,Ephb4,0.23725034,1.0,0.05609727,-0.3686168947716655,-0.9253445612252218,0.007807839,0.5584669,1.0,1.0, ,,,brown,0.458366113710416,False,True,True
Myocytes,SmoothMuscleCells,Cxcl12,Itgav,0.27132168,1.0,0.06061649,-0.4168340354375297,-0.6749190081429995,0.008354933,0.5679966,1.0,1.0, ,tan,0.577984649656319,blue,0.303344082519337,True,False,True
Myocytes,SmoothMuscleCells,Cxcl12,Sdc4,0.24653718,1.0,0.052818853,-0.5702253970811932,-0.8678945028820628,0.005869249,0.5510299,1.0,1.0, ,tan,0.577984649656319,tan,0.661881494233523,True,True,True
Fibroblasts,Myocytes,Nppa,Npr3,0.43292442,1.0,0.08789425,-0.12875608635433572,-0.4863470563474564,0.005174638,0.6128875,1.0,1.0, ,brown,0.585297064759349,,,True,False,True
Myocytes,Myocytes,Wnt5a,Ptprk,0.25386313,0.0,0.06403232,0.21399450893001803,0.21812666573458597,0.07884856,0.5747096,0.09421958640987374,1.0, ,tan,0.430635396063789,tan,0.731592591279346,True,True,True
Myocytes,Myocytes,Wnt5a,Lrp6,0.30256253,0.002,0.08677615,0.14143643762247476,0.10284720892524693,0.07062599,0.6113676,0.4939114915418876,1.0, ,tan,0.430635396063789,greenyellow,0.481143038214187,True,False,True
Fibroblasts,SmoothMuscleCells,Pf4,Thbd,0.2280909,1.0,0.04809882,-0.3871195541513292,-0.8879340262163646,0.005619376,0.5394249,1.0,1.0, ,brown,0.749903040618126,,,True,False,True
Fibroblasts,SmoothMuscleCells,Pf4,Lrp1,0.38123363,1.0,0.09876701,-0.2221347803897153,-0.7055406635757792,0.012181354,0.62662864,1.0,1.0, ,brown,0.749903040618126,brown,0.561942294262648,True,True,True
Fibroblasts,SmoothMuscleCells,Nlgn2,Nrxn1,0.31223193,0.0,0.09746042,0.5658922608167298,0.8103333618355153,0.23744501,0.62506944,0.028541536280802495,1.0, ,turquoise,0.780243732300732,brown,0.757758716445093,False,True,True
Fibroblasts,Myocytes,Angptl2,Tie1,0.49042323,0.843,0.07812959,0.023534509953114124,0.0262823505998816,0.0095508015,0.5988277,1.0,1.0, ,lightyellow,0.332806434997196,darkorange,0.249810980800106,False,True,True
Fibroblasts,Myocytes,Col4a2,Cd93,0.42732778,1.0,0.0763419,-0.44379749571917565,-0.8977620589501629,0.0041592526,0.59604424,1.0,1.0, ,,,tan,0.291337625930732,False,True,True
Fibroblasts,Myocytes,Tfpi,Sdc4,0.34351337,1.0,0.07730938,-0.223992988173823,-0.29294919770627215,0.009334447,0.59755945,1.0,1.0, ,brown,0.474048497087387,black,0.631251519730246,True,False,True
Myocytes,SmoothMuscleCells,Angptl2,Itga5_Itgb1,0.34716088,1.0,0.106421225,-0.11063603686400628,-0.2265565299271537,0.019599099,0.6353183,1.0,1.0, ,tan,0.729352359511854,,,True,False,True
Myocytes,SmoothMuscleCells,Adm,Ramp3,0.27382636,0.913,0.054225635,-0.032993130161712514,-0.23807964208883947,0.03335318,0.5542792,1.0,1.0, ,brown,0.433939583997392,darkorange,0.533851006974031,True,True,True
Fibroblasts,Myocytes,Myoc,Fzd7,0.2527652,0.0,0.054612186,0.1763320774273133,0.33916344132034243,0.10017649,0.5551564,0.0937233684680722,1.0, ,,,tan,0.300864636230134,False,True,True
Fibroblasts,Myocytes,Tgfb3,Itgb5,0.6102512,0.001,0.33629405,0.08436544655889391,0.2920447740326033,0.047076732,0.75591123,0.47092931215184725,1.0, ,turquoise,0.64721209119704,tan,0.521580300356519,False,True,True
Fibroblasts,Myocytes,Tgfb1,Lpp,0.30976126,1.0,0.09157302,-0.33350738387883716,-0.5673843583006031,0.008323744,0.6177401,1.0,1.0, ,brown,0.757880766459934,tan,0.741372690125616,True,True,True
Fibroblasts,Myocytes,Tgfb1,Sdc2,0.22308987,1.0,0.049348958,-0.47228401024294947,-0.8431880874426346,0.005774636,0.54261065,1.0,1.0, ,brown,0.757880766459934,greenyellow,0.317323746848508,True,False,True
Myocytes,SmoothMuscleCells,App,Cd74,0.29660448,1.0,0.065188445,-0.9330360353245776,-0.7841224541721489,0.0048469533,0.576895,1.0,1.0, ,greenyellow,0.498943422270878,brown,0.628700992199273,False,True,True
Fibroblasts,Myocytes,Tfpi,Lrp1,0.33941972,1.0,0.07284537,-0.35857284485981356,-0.5773949331631666,0.006308095,0.59038764,1.0,1.0, ,brown,0.474048497087387,,,True,False,True
Fibroblasts,Myocytes,Lgi4,Adam22,0.32354304,0.0,0.10251977,0.37325889575764754,0.7696922928237242,0.30676877,0.63098073,0.028541536280802495,1.0, ,turquoise,0.716869702528461,tan,0.541794785603059,False,True,True
Fibroblasts,Myocytes,S100a8,Cd36,0.56393045,0.003,0.07655819,0.0277156248651636,-0.14507402829356147,0.029631134,0.5963848,0.8372279983944853,1.0, ,royalblue,0.087613971391631,brown,0.500716969407465,False,True,True
Myocytes,Myocytes,Wnt5a,Mcam,0.229357,1.0,0.052587368,-0.010614783779697129,-0.21676658213597308,0.025141807,0.5504865,1.0,1.0, ,tan,0.430635396063789,brown,0.675177279471707,True,True,True
Myocytes,SmoothMuscleCells,Adm,Calcrl,0.34850484,0.394,0.11664087,0.007391754415752377,-0.05605663064512184,0.03931228,0.64587337,0.8500992618879942,1.0, ,brown,0.433939583997392,yellow,0.365118118294976,True,True,True
Fibroblasts,SmoothMuscleCells,Fn1,Itga9,0.30156898,0.098,0.08847541,0.04890363613152936,0.09875704028501203,0.027490111,0.613669,0.6941582848200412,1.0, ,pink,0.318999323805734,brown,0.572216452048973,False,True,True
Fibroblasts,SmoothMuscleCells,Fn1,Flt4,0.28478262,0.041,0.076682925,0.06117369836342995,0.04910930746118303,0.03117436,0.59658074,0.6284014504523646,1.0, ,pink,0.318999323805734,tan,0.230468949826405,False,True,True
Fibroblasts,SmoothMuscleCells,Fn1,Il17rc,0.32872164,0.0,0.1075503,0.13660365511823397,0.19650500533069798,0.051955175,0.63654,0.14306499699459213,1.0, ,pink,0.318999323805734,yellow,0.338343360761078,False,True,True
Fibroblasts,SmoothMuscleCells,Tgfb1,Tgfbr3,0.33798304,1.0,0.105321944,-0.23476264548229137,-0.4233281443268028,0.0135880485,0.6341146,1.0,1.0, ,brown,0.757880766459934,,,True,False,True
Myocytes,SmoothMuscleCells,Psen1,Notch2,0.32565036,0.996,0.091295354,-0.08557562390248022,-0.13908385095376613,0.02285089,0.6173815,1.0,1.0, ,tan,0.493293969025575,,,True,False,True
Myocytes,SmoothMuscleCells,Psen1,Notch4,0.2767005,0.999,0.07130529,-0.11571201358067806,-0.2457977929495868,0.023057133,0.58780146,1.0,1.0, ,tan,0.493293969025575,,,True,False,True
Myocytes,SmoothMuscleCells,Pi16,Tnfrsf21,0.2470026,1.0,0.054802213,-0.148931012387629,-0.3376558620165809,0.021039512,0.5555853,1.0,1.0, ,darkgrey,0.602751205996115,brown,0.729469459126359,False,True,True
Fibroblasts,SmoothMuscleCells,Ptdss1,Scarb1,0.3342949,0.991,0.107944414,-0.05178107376077033,-0.1318062276396142,0.02916967,0.636963,1.0,1.0, ,yellow,0.4197018519307,,,True,False,True
Fibroblasts,Myocytes,Adam10,Notch2,0.29905933,1.0,0.062124528,-0.31038873682437995,-0.5304601028771683,0.007949928,0.57100904,1.0,1.0, ,pink,0.666173092860001,midnightblue,0.62811133093121,False,True,True
Fibroblasts,Leukocytes,Vegfa,Nrp2,0.31829295,0.0,0.088793956,0.07582899255622103,0.11310509157427248,0.034089155,0.6140949,0.31136368189373403,1.0, ,yellow,0.272486789574581,turquoise,0.688502106027344,True,False,True
Fibroblasts,Leukocytes,Icam1,Cav1,0.33311573,1.0,0.10085563,-0.42135750963356555,-0.7390799770504212,0.0074476167,0.6290734,1.0,1.0, ,lightyellow,-0.0604786695937591,brown,0.71721751830981,False,True,True
Fibroblasts,Myocytes,Col4a5,Cd93,0.32701117,1.0,0.05600945,-0.1420433506236344,-0.13329160312411792,0.009202616,0.55827373,1.0,1.0, ,,,tan,0.291337625930732,False,True,True
Myocytes,SmoothMuscleCells,C1qb,C1qbp,0.34714338,1.0,0.072517045,-0.08328545707812429,-0.2932454166765146,0.0092338035,0.5898413,1.0,1.0, ,brown,0.759344460789136,,,True,False,True
Myocytes,SmoothMuscleCells,C1qb,Lrp1,0.36255652,1.0,0.07646508,-0.22794460096367042,-0.5175546397541563,0.010336652,0.5962384,1.0,1.0, ,brown,0.759344460789136,brown,0.561942294262648,True,True,True
Fibroblasts,Leukocytes,Tgfb1,Cav1,0.23807606,1.0,0.056649834,-0.6243377528460156,-1.0879714455464848,0.003291785,0.55967504,1.0,1.0, ,brown,0.757880766459934,brown,0.71721751830981,True,True,True
Myocytes,SmoothMuscleCells,Mdk,Sdc4,0.24617836,1.0,0.05257789,-0.19131866563901181,-0.2993106477677985,0.01653674,0.5504643,1.0,1.0, ,darkgrey,0.327125163115844,tan,0.661881494233523,False,True,True
Myocytes,SmoothMuscleCells,Wnt5a,Fzd2,0.28279263,0.0,0.07754312,0.2995637838090731,0.4276996310570397,0.16406348,0.5979224,0.028541536280802495,1.0, ,tan,0.430635396063789,red,0.538869719252471,True,False,True
Myocytes,SmoothMuscleCells,Wnt5a,Fzd4,0.33720776,0.0,0.102956325,0.2278525222758759,0.28494320380365734,0.11731383,0.6314753,0.05825198405688001,1.0, ,tan,0.430635396063789,,,True,False,True
Myocytes,Myocytes,Gnai2,Ednra,0.59285635,1.0,0.34949106,-0.34217876754107,-0.07344582389058141,0.023143545,0.7594448,1.0,1.0, ,tan,0.462915726534463,magenta,0.656928022691617,True,False,True
Myocytes,SmoothMuscleCells,Ctf1,Il6st_Lifr,0.315727,0.0,0.09281302,0.28333339851554984,0.24311085978742464,0.0693116,0.6193269,0.07972637433605867,1.0, ,tan,0.511704079589461,,,True,False,True
Fibroblasts,Myocytes,Bmp4,Acvr2a_Bmpr1a,0.31162766,0.0,0.07887143,0.11448478478345828,0.12233033920221972,0.07606372,0.59996235,0.17849647090461873,1.0, ,yellow,0.321909400792098,,,True,False,True
Fibroblasts,Myocytes,Bmp4,Bmpr1a_Bmpr2,0.3050398,0.0,0.07298604,0.08333379070296638,0.08903534897371676,0.05399416,0.59062093,0.23768266248528638,1.0, ,yellow,0.321909400792098,,,True,False,True
Fibroblasts,Myocytes,Rgmb,Neo1,0.58921534,0.0,0.3406793,0.5254729031146366,0.6299967540490545,0.12283275,0.7571044,0.028541536280802495,1.0, ,,,tan,0.718035067895697,False,True,True
Fibroblasts,Myocytes,Rspo1,Znrf3,0.2969977,0.0,0.049554363,0.18959025005193195,0.5537411738850052,0.09416526,0.54312605,0.08213447409060369,1.0, ,brown,0.469088038370504,pink,0.638685139359956,True,False,True
Myocytes,Myocytes,Ltbp1,Itgb5,0.29879758,1.0,0.074536994,-0.44199046617048743,-0.7629043403849101,0.007145433,0.59316057,1.0,1.0, ,greenyellow,0.538885782606253,tan,0.521580300356519,False,True,True
Myocytes,Myocytes,Ltbp3,Itgb5,0.32463247,1.0,0.096249565,-0.33344258121781745,-0.5476383982726579,0.012968188,0.62360334,1.0,1.0, ,grey60,0.708376672896726,tan,0.521580300356519,False,True,True
Fibroblasts,Myocytes,Inhba,Tgfbr3,0.33147246,0.035,0.10807412,0.09283603846042342,0.292902323374866,0.07202562,0.6371018,0.6185270773874316,1.0, ,turquoise,0.68348592224542,brown,0.487576749012742,False,True,True
Myocytes,SmoothMuscleCells,Col4a5,Itga9_Itgb1,0.2524399,0.855,0.06372559,-0.036993207395023334,-0.06841110182709809,0.0243477,0.57412267,1.0,1.0, ,brown,0.598294810383622,,,True,False,True
Myocytes,SmoothMuscleCells,Lama2,Itga6_Itgb1,0.2268239,1.0,0.049210116,-0.25213954577082925,-0.5390889029002766,0.015113456,0.542261,1.0,1.0, ,midnightblue,0.3482443250449,,,True,False,True
Fibroblasts,SmoothMuscleCells,Nampt,Itga5_Itgb1,0.30338264,1.0,0.086421594,-0.13909605561716681,-0.2269504587638358,0.015289754,0.61088115,1.0,1.0, ,yellow,0.202506159545502,,,True,False,True
Myocytes,SmoothMuscleCells,C3,Lrp1,0.35714012,1.0,0.0699975,-0.35810851198368165,-0.6167119930664982,0.012814203,0.5855571,1.0,1.0, ,magenta,0.669467578637026,brown,0.561942294262648,False,True,True
Fibroblasts,Myocytes,Itgb3bp,Itgb5,0.336007,1.0,0.10580914,-0.1306811212615112,-0.16680376235289818,0.027036019,0.6346499,1.0,1.0, ,turquoise,0.473927956371253,tan,0.521580300356519,False,True,True
Fibroblasts,Myocytes,Il16,Kcnd2,0.2781741,0.0,0.04835698,0.8748023187839319,0.619373075628131,0.12584998,0.5400898,0.028541536280802495,1.0, ,pink,0.120550598826743,midnightblue,0.264796017553743,False,True,True
Fibroblasts,Myocytes,Col18a1,Itgb5,0.3190149,1.0,0.09152837,-0.1480117606133378,-0.23512965003019118,0.019991621,0.6176825,1.0,1.0, ,turquoise,0.447245251399489,tan,0.521580300356519,False,True,True
Fibroblasts,Myocytes,Col18a1,Ptprs,0.31900048,0.0,0.09152208,0.17467566904594217,0.18501845876527442,0.044962026,0.61767435,0.11985271941120237,1.0, ,turquoise,0.447245251399489,brown,0.264675304065931,False,True,True
Myocytes,SmoothMuscleCells,Wnt5a,Lrp6,0.28807056,0.015,0.08000804,0.11990861988216492,0.12688654410085567,0.065117516,0.60167813,0.5715497300447717,1.0, ,tan,0.430635396063789,,,True,False,True
Myocytes,SmoothMuscleCells,Wnt5a,Ptprk,0.30303,0.0,0.08699448,0.3016565389797963,0.3784988438649669,0.10712386,0.6116661,0.029677050990488,1.0, ,tan,0.430635396063789,brown,0.34553348757084,True,True,True
Fibroblasts,Leukocytes,Fabp5,Rxra,0.33881402,1.0,0.11394109,-0.252607309054137,-0.48840621116536237,0.014774008,0.6431906,1.0,1.0, ,lightyellow,0.213517301508106,brown,0.495301817055943,False,True,True
Myocytes,SmoothMuscleCells,Tgfb2,Eng,0.4660042,1.0,0.0880897,-0.33708044583503893,-0.5406146284341531,0.009771618,0.61315095,1.0,1.0, ,darkgrey,0.502434250975649,lightcyan,0.40613301582679,False,True,True
Fibroblasts,SmoothMuscleCells,Tgfb1,Acvr1_Tgfbr2,0.22545022,1.0,0.050498854,-0.25192910090660914,-0.4732273018582321,0.008861969,0.54546756,1.0,1.0, ,brown,0.757880766459934,,,True,False,True
Fibroblasts,SmoothMuscleCells,Thbs1,Lrp5,0.31318843,0.0,0.09719694,0.15308321709424516,0.2696696977408321,0.06577774,0.62475216,0.11968265527420999,1.0, ,,,lightcyan,0.468034414228244,False,True,True
Myocytes,Myocytes,Gnai2,Ptpru,0.35128602,1.0,0.08459763,-0.8172417202987797,-0.5482432369920245,0.014872395,0.6083429,1.0,1.0, ,tan,0.462915726534463,paleturquoise,0.339235610059842,True,False,True
Myocytes,Myocytes,Fgf7,Nrp1,0.24915168,1.0,0.059232138,-0.585014346935952,-0.6282296193252115,0.018136714,0.56516004,1.0,1.0, ,brown,0.584610251626662,,,True,False,True
Myocytes,SmoothMuscleCells,Lama2,Itga9_Itgb1,0.26301366,1.0,0.069052346,-0.15180894418258065,-0.27923128737167197,0.020464374,0.5839066,1.0,1.0, ,midnightblue,0.3482443250449,,,True,False,True
Fibroblasts,Leukocytes,Tgfb1,Lpp,0.24853268,1.0,0.061744038,-0.4195440176854206,-0.6981682950562251,0.0056123687,0.5702564,1.0,1.0, ,brown,0.757880766459934,,,True,False,True
Fibroblasts,Myocytes,Adam10,Tspan17,0.3352689,1.0,0.0957504,-0.24727599388864663,-0.5147311013885044,0.0103944205,0.6229929,1.0,1.0, ,pink,0.666173092860001,tan,0.445930867332554,False,True,True
Fibroblasts,SmoothMuscleCells,Vegfa,Itgav,0.29587537,0.0,0.07953926,0.12496364546374851,0.19480825925375453,0.03530833,0.6009738,0.2797413677514019,1.0, ,yellow,0.272486789574581,blue,0.303344082519337,True,False,True
Myocytes,SmoothMuscleCells,Wnt5a,Antxr1,0.25478363,0.007,0.06446223,0.11962031489900551,0.12046676931488257,0.107155405,0.57552713,0.5422300974172793,1.0, ,tan,0.430635396063789,brown,0.486437896771663,True,True,True
Fibroblasts,SmoothMuscleCells,Vegfc,Itga9,0.26538688,0.79,0.0702479,-0.01992061938950942,-0.08237402748583772,0.027734077,0.58599037,1.0,1.0, ,,,brown,0.572216452048973,False,True,True
Myocytes,SmoothMuscleCells,Wnt5a,Fzd7,0.30745274,0.0,0.08905999,0.3002306691436486,0.4525729125020056,0.13820565,0.6144493,0.028541536280802495,1.0, ,tan,0.430635396063789,blue,0.41904159335882,True,False,True
Myocytes,SmoothMuscleCells,Tgs1,Rxra,0.25676107,0.991,0.060626246,-0.07609477131927692,-0.16246085648729972,0.01777986,0.5680164,1.0,1.0, ,tan,0.693064510142974,,,True,False,True
Fibroblasts,Leukocytes,Vegfa,Itga9,0.32198867,0.0,0.09031967,0.17009203381021365,0.3346297332055794,0.038529903,0.61611164,0.2047175582296975,1.0, ,yellow,0.272486789574581,turquoise,0.699544318835141,True,False,True
Fibroblasts,Leukocytes,Vegfa,Itgav,0.27219617,0.0,0.069763735,0.08501590557795483,0.1720084607514825,0.03096887,0.58515114,0.41548146524235174,1.0, ,yellow,0.272486789574581,royalblue,0.339473872711851,True,False,True
Fibroblasts,Leukocytes,Tgfb1,Eng,0.3284907,1.0,0.10069752,-0.6531848749746536,-0.986083011683728,0.005615625,0.6288904,1.0,1.0, ,brown,0.757880766459934,turquoise,0.713007366620405,True,False,True
Fibroblasts,SmoothMuscleCells,Myoc,Fzd1,0.27537197,0.0,0.07039568,0.17923245380029082,0.3861859550949695,0.14606771,0.58624524,0.09147985853810124,1.0, ,,,darkorange,0.304041917479218,False,True,True
Fibroblasts,SmoothMuscleCells,Mdk,Lrp1,0.5916349,0.0,0.35000268,0.15126098999698198,0.362314982269767,0.07895107,0.75957835,0.12242549473391445,1.0, ,,,brown,0.561942294262648,False,True,True
Fibroblasts,SmoothMuscleCells,Sema4c,Plxnb2,0.3520924,0.036,0.11406228,0.0560217660516146,-0.08083393234275604,0.03245243,0.64331263,0.6215122624477599,1.0, ,turquoise,0.594633574112759,brown,0.400012394284695,False,True,True
Myocytes,Myocytes,Itgb3bp,Itgb5,0.34311464,1.0,0.11178268,-0.11732612539060333,-0.2360947301142452,0.02856236,0.6409931,1.0,1.0, ,grey60,0.648926694022968,tan,0.521580300356519,False,True,True
Myocytes,SmoothMuscleCells,Lama5,Itga9_Itgb1,0.25535858,0.064,0.06519595,0.06822023810470075,0.06759318120421304,0.024413852,0.576909,0.7620370947607977,1.0, ,tan,0.625776798528456,,,True,False,True
Fibroblasts,Leukocytes,S100a8,Cd36,0.45622307,1.0,0.060930856,-0.0928762271757892,-0.25089225746132265,0.023582723,0.5686312,1.0,1.0, ,royalblue,0.087613971391631,brown,0.783650639892057,False,True,True
Fibroblasts,Leukocytes,S100a9,Cd36,0.4540533,1.0,0.05728607,-0.09069898059845025,-0.24835126335922714,0.025187327,0.5610507,1.0,1.0, ,royalblue,0.0983682022796448,brown,0.783650639892057,False,True,True
Fibroblasts,Leukocytes,Ptdss1,Jmjd6,0.32502377,0.895,0.10060152,-0.02113776550592988,-0.04893664312972795,0.027297879,0.62877905,1.0,1.0, ,yellow,0.4197018519307,,,True,False,True
Myocytes,SmoothMuscleCells,Psen1,Ncstn,0.2772777,1.0,0.071541004,-0.2218251545145487,-0.3237955371285452,0.013606798,0.58820117,1.0,1.0, ,tan,0.493293969025575,,,True,False,True
Fibroblasts,Leukocytes,Nampt,Insr,0.29285288,0.985,0.07845381,-0.029161457575971883,-0.06474428497188589,0.0141037805,0.59932506,1.0,1.0, ,yellow,0.202506159545502,turquoise,0.443732032238714,True,False,True
Myocytes,SmoothMuscleCells,Pf4,Lrp1,0.37970918,1.0,0.09694672,-0.22418022951528718,-0.5479988350772674,0.011956849,0.62444997,1.0,1.0, ,red,0.291590680395649,brown,0.561942294262648,False,True,True
Myocytes,SmoothMuscleCells,Ntn1,Adora2b,0.35209203,0.0,0.12261874,0.34551334099889525,0.32348233034527785,0.090319335,0.651568,0.04467524601820339,1.0, ,brown,0.721197217912499,,,True,False,True
Myocytes,SmoothMuscleCells,Mdk,Sdc3,0.25078747,1.0,0.05402138,-0.24300119253637026,-0.403547652029943,0.012855334,0.5538129,1.0,1.0, ,darkgrey,0.327125163115844,brown,0.642736335442684,False,True,True
SmoothMuscleCells,EndocardialCells,Col1a1,Ddr1,0.22829866,1.0,0.052112617,-0.13728242207262056,-0.20364966634123,0.027449477,0.5493642,1.0,1.0, ,brown,0.614930628804247,pink,0.241908366863852,True,False,True
SmoothMuscleCells,EndocardialCells,Col1a1,Itga1_Itgb1,0.23709889,1.0,0.056082044,-0.2993105862347486,-0.5118273903082133,0.017231785,0.5584334,1.0,1.0, ,brown,0.614930628804247,,,True,False,True
Fibroblasts,Fibroblasts,Pf4,Thbd,0.33110958,1.0,0.08218317,-0.24471829201201822,-0.7655819051719008,0.009601443,0.60488796,1.0,1.0, ,brown,0.749903040618126,pink,0.340451359910475,True,False,True
Fibroblasts,Fibroblasts,Vegfa,Sirpa,0.261462,0.0,0.06533232,0.06751397398488593,0.07182407424518175,0.026287459,0.577164,0.6376191316543082,1.0, ,yellow,0.272486789574581,,,True,False,True
SmoothMuscleCells,EndocardialCells,Col3a1,Itga1_Itgb1,0.31514585,1.0,0.09489757,-0.24673447295087375,-0.45316424488135343,0.020904258,0.6219416,1.0,1.0, ,tan,0.742640569981712,,,True,False,True
SmoothMuscleCells,EndocardialCells,Col1a2,Cd44,0.34367445,1.0,0.062130988,-0.1306643669542382,-0.2580157466138755,0.017343223,0.5710218,1.0,1.0, ,,,yellow,0.212459882063522,False,True,True
Fibroblasts,SmoothMuscleCells,Wnt5a,Antxr1,0.24658902,0.005,0.0599379,0.10056789021847751,0.27573985295161313,0.099634625,0.5666149,0.5276116531115184,1.0, ,,,brown,0.486437896771663,False,True,True
Fibroblasts,SmoothMuscleCells,Wnt5a,Lrp5,0.2800727,0.0,0.07447805,0.14363327462613146,0.33142895373161557,0.072437756,0.5930651,0.1328570363141695,1.0, ,,,lightcyan,0.468034414228244,False,True,True
Myocytes,SmoothMuscleCells,Serping1,Lrp1,0.35493633,1.0,0.067366,-0.4988918722685008,-0.7891698742034652,0.0064795567,0.58089995,1.0,1.0, ,orange,0.451739080233389,brown,0.561942294262648,True,True,True
Myocytes,SmoothMuscleCells,Rgmb,Neo1,0.28207898,0.511,0.06415412,0.034838792779515876,-0.0453798186375885,0.023130925,0.5749418,0.8954794870283159,1.0, ,orange,0.640366075374755,red,0.675791603734215,True,False,True
Fibroblasts,Leukocytes,Ptdss1,Scarb1,0.34664232,0.99,0.117723815,-0.03367195347415543,-0.09992710930889748,0.031812344,0.64692944,1.0,1.0, ,yellow,0.4197018519307,turquoise,0.454743568625976,True,False,True
Fibroblasts,Fibroblasts,Tgfb1,Cav1,0.28135237,1.0,0.077732936,-0.5737241559560002,-1.1979490342795156,0.004516873,0.59821624,1.0,1.0, ,brown,0.757880766459934,,,True,False,True
Fibroblasts,Fibroblasts,Tgfb1,Egfr,0.3513204,0.509,0.11181956,0.050639358700314496,0.12637307432236627,0.057869967,0.641031,0.8936301592434146,1.0, ,brown,0.757880766459934,,,True,False,True
SmoothMuscleCells,EndocardialCells,Col1a1,Cd36,0.24037498,1.0,0.057559762,-0.5893639186017261,-0.9849197194963195,0.0069212676,0.5616375,1.0,1.0, ,brown,0.614930628804247,,,True,False,True
SmoothMuscleCells,EndocardialCells,C1qb,C1qbp,0.37336898,0.953,0.082265824,-0.04131104657148324,-0.2673832927510368,0.010475143,0.60500807,1.0,1.0, ,brown,0.693026240051891,,,True,False,True
SmoothMuscleCells,EndocardialCells,Col3a1,Ddr1,0.30634564,1.0,0.08818081,-0.08470630878874572,-0.14498652091437003,0.033299565,0.6132735,1.0,1.0, ,tan,0.742640569981712,pink,0.241908366863852,True,False,True
SmoothMuscleCells,EndocardialCells,Agrn,Lrp4,0.34803092,0.0,0.11451692,0.2319159559326569,0.30212982545966705,0.07760403,0.6437688,0.05290028266074661,1.0, ,lightcyan,0.506165819314469,pink,0.645258097405497,True,False,True
Fibroblasts,SmoothMuscleCells,Tgfb1,Acvrl1,0.32377774,1.0,0.098401494,-0.41625958999715845,-0.6427037668783018,0.010623806,0.62619483,1.0,1.0, ,brown,0.757880766459934,blue,0.543721511713247,True,False,True
Fibroblasts,SmoothMuscleCells,Tfpi,Vldlr,0.36009777,0.154,0.0953942,0.012431308709593882,-0.00557616353590723,0.014175603,0.62255514,1.0,1.0, ,brown,0.474048497087387,,,True,False,True
Fibroblasts,SmoothMuscleCells,Thbs1,Sdc4,0.30956012,0.161,0.09514075,0.05356601369641992,0.15513013734162762,0.054876473,0.6222425,0.7353722919196927,1.0, ,,,tan,0.661881494233523,False,True,True
Fibroblasts,SmoothMuscleCells,Tgm2,Itga9,0.31118244,1.0,0.09331841,-0.28169598120790806,-0.5243592785907867,0.010513792,0.6199668,1.0,1.0, ,turquoise,0.576410161308203,brown,0.572216452048973,False,True,True
Fibroblasts,SmoothMuscleCells,Tgm2,Sdc4,0.35312247,1.0,0.124394216,-0.3405587082039476,-0.6145644891944939,0.011757464,0.6531981,1.0,1.0, ,turquoise,0.576410161308203,tan,0.661881494233523,False,True,True
Fibroblasts,SmoothMuscleCells,Tgm2,Tbxa2r,0.3071863,1.0,0.09035743,-0.17428664382119174,-0.4228224604075351,0.026159855,0.61616105,1.0,1.0, ,turquoise,0.576410161308203,tan,0.583779196602556,False,True,True
Fibroblasts,Leukocytes,Nampt,Itga5_Itgb1,0.32520273,1.0,0.10293266,-0.10615683779289597,-0.17507769718059085,0.0182109,0.63144857,1.0,1.0, ,yellow,0.202506159545502,,,True,False,True
Myocytes,Myocytes,Gnai2,Adcy9,0.32757083,1.0,0.058592778,-0.895659003966722,-0.7380124183928001,0.007643417,0.56382596,1.0,1.0, ,tan,0.462915726534463,magenta,0.674401237243507,True,False,True
Fibroblasts,SmoothMuscleCells,Vegfa,Flt1_Kdr,0.2758557,1.0,0.0712745,-0.09711702275004588,-0.23937488618231298,0.019658621,0.5877491,1.0,1.0, ,yellow,0.272486789574581,,,True,False,True
Fibroblasts,SmoothMuscleCells,Vegfa,Itga9,0.22915086,0.301,0.051993243,0.03043501081612453,0.09203797511839848,0.022180047,0.5490804,0.9186341911355561,1.0, ,yellow,0.272486789574581,brown,0.572216452048973,True,True,True
Fibroblasts,Leukocytes,Ptgs2,Cav1,0.2492934,1.0,0.06186736,-0.2664357230998252,-0.38348073592602966,0.019929783,0.57050085,1.0,1.0, ,,,brown,0.71721751830981,False,True,True
Fibroblasts,Leukocytes,Pf4,Thbd,0.22796893,1.0,0.04805847,-0.38728808455793984,-0.873820347659497,0.0056146616,0.53932065,1.0,1.0, ,brown,0.749903040618126,lightcyan,0.514446702903986,True,True,True
Myocytes,SmoothMuscleCells,Sema4d,Plxnb2,0.31271094,0.0,0.078490995,0.2798348983218103,0.24051404171434548,0.045645636,0.599382,0.11351647773476976,1.0, ,,,brown,0.400012394284695,False,True,True
Myocytes,SmoothMuscleCells,Wnt5a,Lrp5,0.28826728,0.0,0.080099925,0.16268569930665946,0.176155870094885,0.07790562,0.60181564,0.1260966942090238,1.0, ,tan,0.430635396063789,lightcyan,0.468034414228244,True,True,True
Fibroblasts,Leukocytes,Adam17,Rhbdf2,0.2953488,0.63,0.07785094,-0.004257402838247423,-0.05118025681837318,0.035682138,0.59839857,0.9462643653593327,1.0, ,,,lightcyan,0.298874813604896,False,True,True
SmoothMuscleCells,EndocardialCells,Lama5,Cd44,0.34821373,0.0,0.06310304,0.3079166256873659,0.3533873755973622,0.030667868,0.57292205,0.3603023404665244,1.0, ,,,yellow,0.212459882063522,False,True,True
Myocytes,Myocytes,Col1a2,Cd36,0.56717163,1.0,0.0833991,-0.3144849600049896,-0.6377814898375784,0.0066147475,0.6066417,1.0,1.0, ,,,brown,0.500716969407465,False,True,True
Leukocytes,EndocardialCells,Cxcl12,Dpp4,0.32156366,1.0,0.08752297,0.0749829142776145,-0.23816170681999727,0.034700222,0.6123852,1.0,1.0, ,brown,0.630654513966125,red,0.503932937873041,True,False,True
SmoothMuscleCells,EndocardialCells,Col6a1,Sdc1,0.265615,1.0,0.057491917,-0.0991252669044375,-0.13138778227790573,0.03108591,0.5614923,1.0,1.0, ,brown,0.618792290214031,lightgreen,0.664818986973015,True,False,True
Fibroblasts,Fibroblasts,Rgma,Neo1,0.32673907,0.0,0.102098525,0.21806131969076376,0.5440976205040702,0.049758695,0.6305012,0.08219857278941087,1.0, ,turquoise,0.877967135570873,yellow,0.471083556679634,False,True,True
SmoothMuscleCells,EndocardialCells,Col6a2,Itga1_Itgb1,0.3282268,1.0,0.101403184,-0.16362062934645083,-0.3199422216507788,0.026835691,0.6297049,1.0,1.0, ,brown,0.539639213218055,,,True,False,True
SmoothMuscleCells,EndocardialCells,Col6a2,Sdc1,0.27956158,0.999,0.06171319,-0.07822451325883695,-0.10989403170363651,0.032731593,0.57019514,1.0,1.0, ,brown,0.539639213218055,lightgreen,0.664818986973015,True,False,True
SmoothMuscleCells,EndocardialCells,Col5a3,Itga1_Itgb1,0.25666946,0.991,0.06581518,-0.05150217034832673,-0.14814955158056337,0.037213434,0.5780623,1.0,1.0, ,brown,0.643060769596358,,,True,False,True
Fibroblasts,Leukocytes,Bmp4,Rgmb,0.32547587,0.761,0.09124299,-0.0004903958523830021,0.011959191708414196,0.0485742,0.61731374,1.0,1.0, ,yellow,0.321909400792098,royalblue,0.727791922360445,True,False,True
SmoothMuscleCells,EndocardialCells,Bmp4,Bmpr1a_Bmpr2,0.25325447,0.433,0.052221864,0.0161400782643307,-0.01665984668556908,0.038633086,0.5496234,0.8657812702424394,1.0, ,tan,0.262138911546446,,,True,False,True
SmoothMuscleCells,EndocardialCells,Bmp4,Lrp6,0.24851587,1.0,0.05085626,-0.14893118262921162,-0.2752155926374794,0.019076506,0.54634166,1.0,1.0, ,tan,0.262138911546446,darkred,0.737642608147084,True,False,True
SmoothMuscleCells,EndocardialCells,Fgf1,Cd44,0.39116272,0.0,0.07230023,0.6163970069159728,0.5796903367764109,0.029596124,0.5894791,0.30718581007815704,1.0, ,,,yellow,0.212459882063522,False,True,True
Leukocytes,EndocardialCells,Fadd,Abca1,0.32911265,0.0,0.092478275,0.0978685017024833,0.12336268589297511,0.036785144,0.6189009,0.24240931433198962,1.0, ,darkturquoise,0.185295613244822,lightcyan,0.751980973473931,False,True,True
SmoothMuscleCells,EndocardialCells,Fadd,Abca1,0.31918648,0.002,0.0834463,0.07998961629376566,0.08671236432286639,0.03319249,0.60670924,0.4939114915418876,1.0, ,darkred,0.520930112465008,lightcyan,0.751980973473931,False,True,True
Fibroblasts,Fibroblasts,Jag1,Notch1,0.29754773,1.0,0.08799231,-0.18530847231638872,-0.48205812915469015,0.0118882395,0.6130197,1.0,1.0, ,pink,0.449155476203353,yellow,0.264341417098466,False,True,True
SmoothMuscleCells,EndocardialCells,Lama4,Itga6_Itgb4,0.2907137,0.999,0.079249874,0.1718339405842381,0.02994349626030607,0.07494575,0.60053664,1.0,1.0, ,lightcyan,0.371485020380501,,,True,False,True
SmoothMuscleCells,EndocardialCells,Col4a5,Itga1_Itgb1,0.27472287,0.988,0.07479379,-0.051424003280880724,-0.12343945631350273,0.026927581,0.5935755,1.0,1.0, ,brown,0.452711648416098,,,True,False,True
Fibroblasts,Fibroblasts,Vegfa,Itga9,0.2699998,0.0,0.068857,0.09188471198768493,0.14811442439437897,0.029374035,0.5835624,0.4801106845734698,1.0, ,yellow,0.272486789574581,turquoise,0.571348483989296,True,False,True
Fibroblasts,Fibroblasts,Vegfa,Itgav,0.35336268,0.0,0.10327187,0.22194554594305285,0.40270078920172336,0.04584349,0.63183135,0.11189164828196059,1.0, ,yellow,0.272486789574581,,,True,False,True
Fibroblasts,Leukocytes,Cytl1,Ccr2,0.32805514,0.0,0.09726505,0.5623705477200246,0.6231528212314075,0.10730138,0.62483424,0.028541536280802495,1.0, ,brown,0.68406614692621,salmon,0.43335933812712,True,False,True
Fibroblasts,Fibroblasts,Tgfb1,Acvr1_Tgfbr1_Tgfbr2,0.25938863,1.0,0.06703278,-0.20125296621089067,-0.4165823043284053,0.011763482,0.5802962,1.0,1.0, ,brown,0.757880766459934,,,True,False,True
Fibroblasts,Fibroblasts,Tgfb1,Acvr1_Tgfbr2,0.25938863,1.0,0.06703278,-0.20125296621089067,-0.4165823043284053,0.011763482,0.5802962,1.0,1.0, ,brown,0.757880766459934,,,True,False,True
SmoothMuscleCells,EndocardialCells,Arf6,Smap1,0.6034266,0.953,0.36041212,-0.054646861185876354,-0.098084658403079,0.031973623,0.76224416,1.0,1.0, ,lightcyan,0.286234066022893,darkred,0.574067740765189,True,False,True
SmoothMuscleCells,EndocardialCells,Bmp1,Bmpr2,0.28473246,0.771,0.07503803,-0.002124499446423983,-0.012425272977413748,0.043863483,0.5939687,1.0,1.0, ,darkorange,0.451987606072427,pink,0.177143333799952,True,False,True
Fibroblasts,SmoothMuscleCells,Wnt5a,Ptprk,0.2948354,0.0,0.0808887,0.2826041142992683,0.5337719275016974,0.09960529,0.6029892,0.030067187749864846,1.0, ,,,brown,0.34553348757084,False,True,True
Leukocytes,EndocardialCells,Adam10,Cd44,0.40136197,0.687,0.07448432,-0.042423775753168316,-0.0709845740553855,0.014232684,0.5930753,1.0,1.0, ,turquoise,0.222395601537507,yellow,0.212459882063522,False,True,True
Fibroblasts,Fibroblasts,Vegfa,Egfr,0.33273485,0.0,0.09475604,0.3145455981514817,0.618709839574806,0.12049914,0.6217662,0.028541536280802495,1.0, ,yellow,0.272486789574581,,,True,False,True
Fibroblasts,Fibroblasts,Tgfb1,Vasn,0.34589347,1.0,0.10917571,0.022171836749938167,0.025307510323638815,0.029132405,0.6382734,1.0,1.0, ,brown,0.757880766459934,,,True,False,True
Myocytes,Myocytes,Efnb1,Ephb4,0.23425224,1.0,0.054591924,-0.37248214023195875,-0.8067734480134563,0.0075983196,0.55511063,1.0,1.0, ,grey60,0.582635982194929,brown,0.458366113710416,False,True,True
Fibroblasts,Leukocytes,Adm,Ramp2,0.3170979,1.0,0.082828596,-0.5264667103787515,-0.45840656509246014,0.011962594,0.60582244,1.0,1.0, ,,,brown,0.554844247941604,False,True,True
Fibroblasts,Leukocytes,C1qa,Cd93,0.30192903,1.0,0.057341073,-0.2962714028128802,-0.8058486427541631,0.005398915,0.5611689,1.0,1.0, ,blue,0.546463244775422,brown,0.634483899866545,False,True,True
Myocytes,Myocytes,Fgf1,Cspg4,0.4947974,0.0,0.087846614,1.0412313341077346,0.8218754612784388,0.036878917,0.6128231,0.24082600338933996,1.0, ,orange,0.689259866805731,,,True,False,True
SmoothMuscleCells,EndocardialCells,Tgfb1,Sdc2,0.30158007,1.0,0.088735916,-0.35764077256916565,-0.57190927052851,0.010383555,0.6140174,1.0,1.0, ,brown,0.732384831866489,purple,0.512843315776489,True,False,True
SmoothMuscleCells,EndocardialCells,Tgfb1,Tgfbr1_Tgfbr2,0.32714897,1.0,0.10656459,-0.1485706277915703,-0.23823069659364798,0.020701962,0.63547426,1.0,1.0, ,brown,0.732384831866489,,,True,False,True
Myocytes,Myocytes,App,Cd74,0.3067851,1.0,0.0743012,-0.912378180742483,-0.7678450533941223,0.0055245133,0.5927782,1.0,1.0, ,greenyellow,0.498943422270878,brown,0.670405641257664,False,True,True
SmoothMuscleCells,EndocardialCells,Lamb1,Itga6_Itgb1,0.34329462,1.0,0.108837835,-0.14391633603982956,-0.2939068140921636,0.024823414,0.63791555,1.0,1.0, ,brown,0.764130236562423,,,True,False,True
SmoothMuscleCells,EndocardialCells,Lamb1,Itga6_Itgb4,0.23325609,1.0,0.0541804,0.16825925153818733,0.04072261826704787,0.06858247,0.55417603,1.0,1.0, ,brown,0.764130236562423,,,True,False,True
SmoothMuscleCells,EndocardialCells,Lamb1,Itga1,0.2485118,1.0,0.061758094,-0.2740602711282296,-0.49387459546240436,0.01280778,0.5702843,1.0,1.0, ,brown,0.764130236562423,,,True,False,True
SmoothMuscleCells,EndocardialCells,Lama4,Dag1,0.33961606,1.0,0.114779495,-0.21619946872637355,-0.35332880772188907,0.016093822,0.64403147,1.0,1.0, ,lightcyan,0.371485020380501,,,True,False,True
Fibroblasts,Fibroblasts,Adam17,Notch1,0.3332293,1.0,0.107564345,-0.1948003215548428,-0.48146960647704545,0.014414803,0.63655514,1.0,1.0, ,,,yellow,0.264341417098466,False,True,True
SmoothMuscleCells,EndocardialCells,Efnb1,Erbb2,0.27468735,0.952,0.0688857,-0.021129769896819,-0.11007703451073658,0.037211757,0.58361304,1.0,1.0, ,brown,0.361961852199938,,,True,False,True
SmoothMuscleCells,EndocardialCells,Col5a2,Ddr1,0.26625076,0.961,0.06965159,-0.022187245996705837,-0.046423307624223864,0.029763713,0.5849559,1.0,1.0, ,lightcyan,0.406604134533021,pink,0.241908366863852,True,False,True
SmoothMuscleCells,EndocardialCells,Col5a2,Itga1_Itgb1,0.275051,1.0,0.07495697,-0.18421541015883386,-0.35460103159120726,0.018684579,0.59383833,1.0,1.0, ,lightcyan,0.406604134533021,,,True,False,True
Fibroblasts,EndothelialCells,Tgfb1,Itgb5,0.2484425,1.0,0.0617001,-0.5039280207535359,-0.8902029893531826,0.0057853274,0.5701692,1.0,1.0, ,brown,0.757880766459934,,,True,False,True
Fibroblasts,EndothelialCells,Tgfb1,Lpp,0.29347864,1.0,0.08364055,-0.35638717186503344,-0.6176244311698611,0.007602703,0.6069866,1.0,1.0, ,brown,0.757880766459934,,,True,False,True
Fibroblasts,EndothelialCells,Tgfb1,Tgfbr3,0.22387639,1.0,0.049732126,-0.3980461234634397,-0.7313667105079027,0.0064161606,0.5435703,1.0,1.0, ,brown,0.757880766459934,,,True,False,True
Fibroblasts,EndothelialCells,Lefty1,Acvr2a,0.3561077,0.0,0.12066111,0.29525842965861304,0.7900035539760653,0.16738409,0.64973885,0.028541536280802495,1.0, ,,,yellow,0.351810671627269,False,True,True
SmoothMuscleCells,EndocardialCells,Tgfb1,Acvr1_Tgfbr1_Tgfbr2,0.32714897,1.0,0.10656459,-0.1485706277915703,-0.23823069659364798,0.020701962,0.63547426,1.0,1.0, ,brown,0.732384831866489,,,True,False,True
Leukocytes,EndocardialCells,Bgn,Ly96,0.2715821,1.0,0.072557785,-0.428331774409064,-0.6526449540688397,0.008519252,0.58990926,1.0,1.0, ,lightcyan,0.647405502543849,,,True,False,True
Leukocytes,EndocardialCells,Bgn,Tlr4,0.2450515,1.0,0.059984688,-0.3892354910357768,-0.5696393162184378,0.010429271,0.5667107,1.0,1.0, ,lightcyan,0.647405502543849,,,True,False,True
SmoothMuscleCells,EndocardialCells,Col6a1,Itga1_Itgb1,0.3142802,1.0,0.09446706,-0.1845213829920514,-0.341435972225048,0.025486443,0.621407,1.0,1.0, ,brown,0.618792290214031,,,True,False,True
SmoothMuscleCells,EndocardialCells,Dcn,Tlr4,0.26100603,1.0,0.0680624,-0.360495604027106,-0.4786171641525164,0.015155965,0.58215135,1.0,1.0, ,brown,0.830709760806168,,,True,False,True
Fibroblasts,Fibroblasts,Sema5a,Plxna1,0.27234158,0.0,0.065309405,0.20265156006278617,0.46231371002826677,0.061631978,0.5771212,0.07211893615597507,1.0, ,turquoise,0.727155318612638,brown,0.526379557724291,False,True,True
Fibroblasts,Fibroblasts,Rspo1,Lgr4,0.34028518,0.0,0.092287935,0.27502955636449566,0.7600032179919053,0.12031018,0.6186578,0.03336100993354934,1.0, ,brown,0.469088038370504,black,0.549073162712934,True,False,True
Fibroblasts,Fibroblasts,Psen1,Notch1,0.35477686,1.0,0.11938358,-0.13767672342971818,-0.3676765241880905,0.01814669,0.6485267,1.0,1.0, ,,,yellow,0.264341417098466,False,True,True
SmoothMuscleCells,EndocardialCells,Efna1,Epha2,0.2314071,0.851,0.052772067,0.02622781170381769,-0.0951788879254521,0.028736496,0.5509203,1.0,1.0, ,tan,0.166951503824429,lightgreen,0.348468333407724,True,False,True
Leukocytes,EndocardialCells,Cxcl12,Sdc4,0.30018324,1.0,0.07916123,-0.486564993504079,-0.7932164670477158,0.008796423,0.6004024,1.0,1.0, ,brown,0.630654513966125,lightgreen,0.137793776609083,True,False,True
Leukocytes,EndocardialCells,Dcn,Tlr4,0.29587272,1.0,0.08571528,-0.31040796861607833,-0.44868377771342594,0.019086866,0.6099053,1.0,1.0, ,brown,0.644747610735882,,,True,False,True
Myocytes,Myocytes,Cd47,Sirpa,0.30712104,1.0,0.053201858,-0.5885451785214456,-0.6710488261433468,0.0050048945,0.55192345,1.0,1.0, ,orange,0.66133460139945,greenyellow,0.450767025063588,True,False,True
Myocytes,Myocytes,Ctf1,Il6st_Lifr,0.25318974,0.188,0.06369086,0.19435258959739732,0.06851616313051934,0.047563538,0.5740561,0.7530925249257581,1.0, ,tan,0.511704079589461,,,True,False,True
Fibroblasts,Fibroblasts,Rspo1,Znrf3,0.34161815,0.0,0.09360385,0.2937962353405128,0.8137451588235101,0.17786993,0.6203265,0.028541536280802495,1.0, ,brown,0.469088038370504,pink,0.457068535131668,True,False,True
Fibroblasts,Fibroblasts,Slit2,Plxna1,0.25308406,0.0,0.0584456,0.2082814768611115,0.5464585622375001,0.11697129,0.56351674,0.06852618131650608,1.0, ,turquoise,0.643042107427045,brown,0.526379557724291,False,True,True
Fibroblasts,Fibroblasts,Nampt,Insr,0.27066034,1.0,0.061660904,-0.06754596693210788,-0.1980322664784573,0.01108489,0.5700913,1.0,1.0, ,yellow,0.202506159545502,turquoise,0.556988809077746,True,False,True
Fibroblasts,Fibroblasts,Ptdss1,Jmjd6,0.33920586,0.33,0.111834005,0.0019864965113204278,-0.053213183112955864,0.030345775,0.64104587,0.8234953588444675,1.0, ,yellow,0.4197018519307,white,0.503973654331625,True,False,True
Fibroblasts,EndocardialCells,Ltbp3,Itgb5,0.47991717,1.0,0.07430212,-0.09925137901092407,-0.005269021501221993,0.010011099,0.5927797,1.0,1.0, ,brown,0.316212515891352,,,True,False,True
Fibroblasts,EndocardialCells,Lamb1,Cd44,0.45008558,0.0,0.084918104,0.05153315878344414,0.13666994471292393,0.024255494,0.6087932,0.7709327080756857,1.0, ,,,yellow,0.212459882063522,False,True,True
Myocytes,Leukocytes,Pros1,Axl,0.33343962,1.0,0.0500197,-0.4411832292582639,-0.6922253946126271,0.0044172066,0.5442854,1.0,1.0, ,black,0.481529619625449,brown,0.704728587075672,False,True,True
Leukocytes,EndothelialCells,Bgn,Ly96,0.26446533,1.0,0.06918508,-0.4395001497381313,-0.619077520170599,0.008123252,0.5841398,1.0,1.0, ,lightcyan,0.647405502543849,turquoise,0.848684740059453,True,False,True
Fibroblasts,EndocardialCells,Vegfa,Nrp2,0.35356528,0.0,0.10335551,0.12270914225775473,0.13716315095261164,0.039679524,0.6319255,0.185714602169483,1.0, ,yellow,0.272486789574581,,,True,False,True
Fibroblasts,EndocardialCells,Vegfa,Sirpa,0.2792781,0.0,0.07268737,0.09742635047556591,0.11816786448112512,0.029246878,0.5901251,0.48737853602377534,1.0, ,yellow,0.272486789574581,,,True,False,True
Fibroblasts,EndocardialCells,Vegfa,Itgav,0.2334652,0.379,0.053774342,0.01967580305812744,0.046756916725454595,0.023871005,0.55324656,0.843001739843829,1.0, ,yellow,0.272486789574581,,,True,False,True
Myocytes,Leukocytes,Tgfb1,Cav1,0.23325443,1.0,0.054407153,-0.6317816162898482,-0.97681785113394,0.003161468,0.5546919,1.0,1.0, ,darkred,0.84402401701177,brown,0.71721751830981,False,True,True
SmoothMuscleCells,EndocardialCells,Hspg2,Ptprs,0.4223823,1.0,0.09765513,-0.3098388116453745,-0.41197740490408497,0.01289394,0.62530327,1.0,1.0, ,brown,0.289796805062604,,,True,False,True
Fibroblasts,Fibroblasts,Bmp4,Bmpr1a_Bmpr2,0.30584306,0.0,0.07370364,0.08470756011461661,0.07733675435140486,0.054525033,0.59180325,0.2401088863304155,1.0, ,yellow,0.321909400792098,,,True,False,True
SmoothMuscleCells,EndocardialCells,Lama2,Dag1,0.33878967,1.0,0.11425729,-0.08911356687983482,-0.11864354257776988,0.028875474,0.6435086,1.0,1.0, ,brown,0.472765180178635,,,True,False,True
SmoothMuscleCells,EndocardialCells,Vtn,Itgav_Itgb5,0.49477512,0.0,0.07682576,0.8909655739502695,0.33423835373465616,0.021443434,0.5968047,0.39523849685257284,1.0, ,brown,0.715989746853182,,,True,False,True
Fibroblasts,EndocardialCells,Tgfb1,Tgfbr1_Tgfbr2,0.27462262,1.0,0.07445438,-0.22966477705386354,-0.4385123770617551,0.014464016,0.59302676,1.0,1.0, ,brown,0.757880766459934,,,True,False,True
Fibroblasts,EndocardialCells,Tgfb1,Acvrl1,0.3451337,1.0,0.10880556,-0.38641707786069174,-0.619018784078043,0.01174707,0.6378813,1.0,1.0, ,brown,0.757880766459934,,,True,False,True
Fibroblasts,EndocardialCells,Tgfb1,Sdc2,0.24905372,1.0,0.061997876,-0.4387349218314589,-0.7721909509966172,0.0072547663,0.5707591,1.0,1.0, ,brown,0.757880766459934,purple,0.512843315776489,True,False,True
Myocytes,Leukocytes,Psen1,Notch1,0.29979646,1.0,0.08073718,-0.2383377239195962,-0.39914863466325506,0.012272311,0.6027647,1.0,1.0, ,tan,0.493293969025575,turquoise,0.391504575553089,True,False,True
SmoothMuscleCells,EndocardialCells,Lamb1,Dag1,0.28215843,1.0,0.078470774,-0.21977415777242432,-0.34254968571514727,0.014727375,0.59935105,1.0,1.0, ,brown,0.764130236562423,,,True,False,True
Fibroblasts,EndothelialCells,Nampt,Insr,0.2875896,1.0,0.074471146,-0.038264870414984775,-0.060126265765682474,0.0133878095,0.59305394,1.0,1.0, ,yellow,0.202506159545502,,,True,False,True
SmoothMuscleCells,EndocardialCells,Lamc1,Cd44,0.4030499,1.0,0.074845776,-0.16327792636066812,-0.2567461179521636,0.014459453,0.5936593,1.0,1.0, ,blue,0.530908174299602,yellow,0.212459882063522,False,True,True
Leukocytes,EndocardialCells,Cxcl12,Itgav,0.22803065,1.0,0.050942786,-0.498732035954565,-0.8045107841525125,0.0070215804,0.54655236,1.0,1.0, ,brown,0.630654513966125,,,True,False,True
Myocytes,Myocytes,B2m,Tfrc,0.5796665,1.0,0.33596486,-0.6580213474853692,-0.19642970449305497,0.045772932,0.7558208,1.0,1.0, ,lightcyan,0.258422460285535,,,True,False,True
Leukocytes,EndocardialCells,Col4a2,Itga9_Itgb1,0.3751958,1.0,0.08350958,-0.23101223708891175,-0.36593716409954385,0.010579929,0.60679966,1.0,1.0, ,brown,0.55242115377533,,,True,False,True
Fibroblasts,EndothelialCells,Tgfb1,Acvr1_Tgfbr2,0.2315921,1.0,0.053491022,-0.2427581272677921,-0.4334685744520433,0.009387061,0.55259365,1.0,1.0, ,brown,0.757880766459934,,,True,False,True
SmoothMuscleCells,EndocardialCells,Il15ra,Axl,0.24491474,1.0,0.059982568,-0.24972164552753012,-0.382522270597438,0.0131347,0.5667064,1.0,1.0, ,lightcyan,0.376867433837853,blue,0.331749975238552,True,False,True
Leukocytes,EndocardialCells,Hspg2,Dag1,0.24720243,1.0,0.0563813,-0.5677892615851725,-0.8170922965401636,0.005225827,0.5590895,1.0,1.0, ,brown,0.525122764314888,,,True,False,True
SmoothMuscleCells,EndocardialCells,Postn,Itgav_Itgb5,0.32938242,1.0,0.048733626,-0.18622149822410525,-0.3521726908515668,0.0074061365,0.54105324,1.0,1.0, ,brown,0.528578528633459,,,True,False,True
SmoothMuscleCells,EndocardialCells,Pf4,Procr,0.2833541,0.0,0.06532089,0.3569984016217108,0.036974344949401716,0.03316885,0.57714266,0.33627692322693364,1.0, ,brown,0.697832116664017,midnightblue,0.267047127373559,True,True,True
SmoothMuscleCells,EndocardialCells,Lama2,Itga1,0.30514306,1.0,0.089922816,-0.14339968023564015,-0.269968452325027,0.025111789,0.61559075,1.0,1.0, ,brown,0.472765180178635,,,True,False,True
SmoothMuscleCells,EndocardialCells,Lama2,Itga6_Itgb4,0.2898873,0.005,0.07888932,0.29891984243077685,0.26462876140442526,0.13446736,0.5999896,0.5276116531115184,1.0, ,brown,0.472765180178635,,,True,False,True
SmoothMuscleCells,EndocardialCells,Lpl,Cd44,0.45495093,1.0,0.08595998,-0.29226672346314025,-0.4146985265143526,0.010249696,0.6102444,1.0,1.0, ,,,yellow,0.212459882063522,False,True,True
SmoothMuscleCells,EndocardialCells,Pltp,Abca1,0.31897295,1.0,0.08325201,-0.17201568252238253,-0.27742265428847324,0.01674427,0.60643107,1.0,1.0, ,brown,0.533848142274511,lightcyan,0.751980973473931,True,True,True
SmoothMuscleCells,EndocardialCells,Pdgfb,Itgav,0.3517416,0.991,0.11539975,-0.07654922140480426,-0.21112711064158246,0.026936997,0.64464897,1.0,1.0, ,darkorange,0.329367356438579,,,True,False,True
SmoothMuscleCells,EndothelialCells,Serpine1,Plaur,0.23743162,0.0,0.051358454,0.1954180889888898,0.2740870835117335,0.10126545,0.54755914,0.07773990855806763,1.0, ,darkorange,0.42575759209786,,,True,False,True
EndothelialCells,SmoothMuscleCells,Vegfc,Itga9,0.29704455,0.123,0.08619614,0.027348698667061282,0.22261574094035602,0.034030486,0.6105706,0.707633889903542,1.0, ,turquoise,0.831750036170972,brown,0.572216452048973,False,True,True
EndothelialCells,SmoothMuscleCells,Fbn1,Itga5,0.23982954,1.0,0.057388026,-0.3652437017182134,-0.6258426499000742,0.010870528,0.56126964,1.0,1.0, ,,,brown,0.546566959140606,False,True,True
SmoothMuscleCells,EndothelialCells,Lamb1,Dag1,0.24807566,1.0,0.061541453,-0.27035374992352956,-0.38446703417075956,0.011550086,0.56985366,1.0,1.0, ,brown,0.764130236562423,,,True,False,True
SmoothMuscleCells,EndothelialCells,Lama2,Dag1,0.3047069,1.0,0.08960737,-0.13969315903094004,-0.16056089103338217,0.022645868,0.6151749,1.0,1.0, ,brown,0.472765180178635,,,True,False,True
EndothelialCells,SmoothMuscleCells,Vwf,Itga9,0.26547092,0.818,0.07029025,-0.02299278105665844,-0.03616603051770051,0.0139811,0.58606344,1.0,1.0, ,,,brown,0.572216452048973,False,True,True
SmoothMuscleCells,EndothelialCells,Efna1,Epha2,0.23229915,0.859,0.053135183,0.028223877209494652,0.05390137685530377,0.028934227,0.5517684,1.0,1.0, ,tan,0.166951503824429,,,True,False,True
SmoothMuscleCells,EndothelialCells,Efna1,Epha4,0.3098488,0.954,0.08470241,-0.04381030050905599,-0.025055564116840012,0.013951133,0.6084903,1.0,1.0, ,tan,0.166951503824429,,,True,False,True
Leukocytes,EndocardialCells,Tfpi,Sdc4,0.31670874,1.0,0.092540905,-0.19201368364619392,-0.3648118997137274,0.011173524,0.6189807,1.0,1.0, ,brown,0.786058550988916,lightgreen,0.137793776609083,True,False,True
Leukocytes,EndocardialCells,Tgfb1,Itgb5,0.47195485,1.0,0.072949715,-0.1409175902844551,-0.33738114804008684,0.0068401503,0.59056073,1.0,1.0, ,brown,0.780749588439731,,,True,False,True
SmoothMuscleCells,EndocardialCells,Tgfb3,Itgb5,0.38744864,1.0,0.05859624,-0.21484611840131287,-0.34404962978609677,0.008202701,0.56383324,1.0,1.0, ,brown,0.511531512491637,,,True,False,True
Fibroblasts,EndocardialCells,Bmp4,Rgmb,0.3407029,0.256,0.10484634,0.021490632640474322,0.021452136238068242,0.05581609,0.63358945,0.787178965841584,1.0, ,yellow,0.321909400792098,,,True,False,True
Fibroblasts,EndocardialCells,Col4a5,Cd44,0.32987604,0.0,0.059176166,0.11727264760697478,0.40332605982034797,0.02934327,0.56504387,0.4820407753457523,1.0, ,,,yellow,0.212459882063522,False,True,True
EndothelialCells,SmoothMuscleCells,Pf4,Thbd,0.23522857,1.0,0.052249424,-0.37754269603518226,-0.7994261754634382,0.00610429,0.54968876,1.0,1.0, ,brown,0.640686712105496,,,True,False,True
EndothelialCells,SmoothMuscleCells,Copa,Cd74,0.30019388,1.0,0.066234075,-0.27375156388769517,-0.3652634155088319,0.00808619,0.57883584,1.0,1.0, ,,,brown,0.628700992199273,False,True,True
SmoothMuscleCells,EndothelialCells,Sema3f,Nrp2_Plxna4,0.27351624,0.0,0.07218679,0.11635844388529208,0.2023948579501778,0.037364714,0.58928907,0.22843706016810117,1.0, ,darkorange,0.470908481252909,,,True,False,True
Myocytes,Leukocytes,Tgs1,Rxra,0.27599728,0.968,0.067703635,-0.045000449091766107,-0.10759204645559525,0.019855445,0.5815084,1.0,1.0, ,tan,0.693064510142974,brown,0.495301817055943,True,True,True
Fibroblasts,EndocardialCells,Vcan,Cd44,0.5011082,0.0,0.09584421,0.2709838422636376,0.6419702487091544,0.05814997,0.6231079,0.04508249266638713,1.0, ,,,yellow,0.212459882063522,False,True,True
Leukocytes,EndothelialCells,Cxcl12,Itga5,0.2934832,1.0,0.07654087,-0.46473094193409326,-0.7132157013688081,0.008943953,0.5963576,1.0,1.0, ,brown,0.630654513966125,,,True,False,True
Leukocytes,EndocardialCells,Hspg2,Fgfr1,0.29749346,1.0,0.074329555,-0.6657615251417535,-0.9491875335713041,0.005500885,0.5928242,1.0,1.0, ,brown,0.525122764314888,turquoise,0.150086944065614,True,False,True
Myocytes,Myocytes,App,Notch2,0.29067504,1.0,0.059880957,-1.0126004684031982,-0.9052820864608226,0.0041200765,0.5664982,1.0,1.0, ,greenyellow,0.498943422270878,midnightblue,0.62811133093121,False,True,True
SmoothMuscleCells,EndocardialCells,Timp2,Cd44,0.33129522,1.0,0.05948007,-0.3271451801109655,-0.4411360239877044,0.009053115,0.56567323,1.0,1.0, ,blue,0.232573942333993,yellow,0.212459882063522,False,True,True
Myocytes,Leukocytes,Wnt5a,Ldlr,0.22506157,0.0,0.050581295,0.2499750204685286,0.3050889028201432,0.1372562,0.5456698,0.04988045534723281,1.0, ,tan,0.430635396063789,,,True,False,True
Myocytes,Myocytes,Adm,Ramp2,0.28563243,1.0,0.064092994,-0.5737238361542465,-0.6977874040969488,0.009256689,0.57482535,1.0,1.0, ,brown,0.433939583997392,,,True,False,True
Fibroblasts,EndocardialCells,Rspo1,Lgr4,0.33132,0.0,0.08343746,0.25409770050885416,0.7053577097697972,0.10877235,0.60669655,0.04120931647886893,1.0, ,brown,0.469088038370504,cyan,0.239567233967608,True,False,True
Fibroblasts,EndocardialCells,Tgfb1,Acvr1_Tgfbr1_Tgfbr2,0.27462262,1.0,0.07445438,-0.22966477705386354,-0.4385123770617551,0.014464016,0.59302676,1.0,1.0, ,brown,0.757880766459934,,,True,False,True
Myocytes,Leukocytes,Serping1,Lrp1,0.48362997,1.0,0.0964079,-0.330089838524361,-0.5799612389457188,0.009272933,0.6237962,1.0,1.0, ,orange,0.451739080233389,turquoise,0.663780405167675,True,False,True
SmoothMuscleCells,EndocardialCells,Nrxn1,Nlgn2,0.28514242,0.0,0.08083252,0.5197492568841057,0.6128948890004585,0.19693409,0.60290605,0.028541536280802495,1.0, ,brown,0.757758716445093,blue,0.630769116043744,True,False,True
Fibroblasts,EndocardialCells,Wnt5a,Ryk,0.35375264,0.0,0.10647329,0.18080336441440675,0.38542308250978075,0.08300313,0.63537496,0.0898238450502127,1.0, ,,,brown,0.588256703218047,False,True,True
Myocytes,Myocytes,Adam10,Tspan17,0.2525115,1.0,0.061618708,-0.36451192718829684,-0.6074626767476543,0.006689171,0.57000744,1.0,1.0, ,,,tan,0.445930867332554,False,True,True
Myocytes,Myocytes,Ahsg,Insr,0.41749826,0.0,0.050994165,0.2700427500687329,0.08679484255324149,0.0111676045,0.54667723,1.0,1.0, ,greenyellow,0.53748389001377,midnightblue,0.494037113570807,False,True,True
Myocytes,Myocytes,Adam10,Tspan12,0.34346402,1.0,0.115973346,-0.3260740856623156,-0.5646965030964923,0.010373667,0.64521664,1.0,1.0, ,,,tan,0.589192837879818,False,True,True
Myocytes,Leukocytes,Gas6,Axl,0.6028796,1.0,0.36297405,-0.4084512405373676,-0.46615883632352073,0.018324636,0.7628854,1.0,1.0, ,,,brown,0.704728587075672,False,True,True
Leukocytes,Fibroblasts,Mfng,Notch1,0.24542907,1.0,0.059404228,-0.25643362447913515,-0.5859099364601456,0.01214264,0.5655165,1.0,1.0, ,,,yellow,0.264341417098466,False,True,True
EndothelialCells,SmoothMuscleCells,Angptl4,Tie1,0.27810138,1.0,0.07522428,-0.1183529778408549,-0.23371854700668726,0.02865237,0.59426755,1.0,1.0, ,turquoise,0.58811011899927,darkorange,0.471040667965038,False,True,True
EndothelialCells,SmoothMuscleCells,Ntf3,Ntrk2,0.35471708,0.0,0.114327885,0.4453718754810845,0.7105251797485823,0.16471393,0.6435794,0.028541536280802495,1.0, ,brown,0.667364288697323,,,True,False,True
EndothelialCells,Myocytes,Tgfb1,Acvr1_Tgfbr1_Tgfbr2,0.40028298,0.939,0.059636265,-0.03847303691235576,-0.09769355868698965,0.011585348,0.5659954,1.0,1.0, ,brown,0.518107180491385,,,True,False,True
EndothelialCells,Myocytes,Sema6a,Plxna2,0.44034478,0.001,0.08487502,0.09126353352794025,0.25693894891529884,0.026160121,0.60873276,0.6451024050565146,1.0, ,yellow,0.33122512386204,pink,0.58379265962743,True,False,True
Myocytes,Leukocytes,Lama5,Itga9_Itgb1,0.3481964,0.0,0.11325465,0.2078772610987899,0.31018493929139396,0.04241034,0.64249694,0.14848399599382373,1.0, ,tan,0.625776798528456,,,True,False,True
Myocytes,Leukocytes,Lama2,Itga9_Itgb1,0.35585147,0.77,0.11995376,-0.01215192118849151,-0.036639529284491046,0.035549533,0.6490695,1.0,1.0, ,midnightblue,0.3482443250449,,,True,False,True
Fibroblasts,EndocardialCells,Col6a3,Cd44,0.41750863,0.0,0.07794201,0.2470186062788482,0.4888721818607862,0.047292806,0.598539,0.0996607564177423,1.0, ,,,yellow,0.212459882063522,False,True,True
SmoothMuscleCells,EndothelialCells,C1qb,C1qbp,0.254988,1.0,0.05046106,-0.23273191171909513,-0.4667028183143539,0.0064253514,0.54537475,1.0,1.0, ,brown,0.693026240051891,,,True,False,True
Fibroblasts,EndocardialCells,Fadd,Abca1,0.32035553,0.0,0.08451004,0.08209530418201491,0.04557762593803427,0.033615615,0.60821944,0.3235509433276598,1.0, ,,,lightcyan,0.751980973473931,False,True,True
SmoothMuscleCells,EndothelialCells,Tgfb1,Tgfbr1_Tgfbr2,0.2608508,1.0,0.06033623,-0.2526023096368527,-0.4348168091856821,0.011721327,0.567428,1.0,1.0, ,brown,0.732384831866489,,,True,False,True
SmoothMuscleCells,EndothelialCells,Tgfb1,Tgfbr3,0.2764027,1.0,0.07118028,-0.3169519742011465,-0.5310850300397956,0.009183281,0.58758885,1.0,1.0, ,brown,0.732384831866489,,,True,False,True
SmoothMuscleCells,EndothelialCells,Tgfb1,Itgb5,0.30096883,1.0,0.08830971,-0.42283387149124263,-0.6899213088850755,0.008280385,0.6134467,1.0,1.0, ,brown,0.732384831866489,,,True,False,True
SmoothMuscleCells,EndothelialCells,Tgfb1,Lpp,0.34600496,1.0,0.1197125,-0.2752930226027402,-0.417342750701754,0.010881547,0.6488402,1.0,1.0, ,brown,0.732384831866489,,,True,False,True
Myocytes,Leukocytes,Gstp2,Traf2,0.25325435,0.0,0.062780865,0.10974887263074067,0.1375907336482316,0.051947366,0.5722957,0.1843007622985007,1.0, ,tan,0.462514063069149,,,True,False,True
SmoothMuscleCells,EndothelialCells,Hbegf,Cd82,0.26634654,0.0,0.049053255,0.2676779376154779,0.09306507040310691,0.024060695,0.54186475,0.7840738019487481,1.0, ,midnightblue,0.453211769212941,,,True,False,True
EndothelialCells,SmoothMuscleCells,Tfpi,Sdc4,0.3274657,1.0,0.1071649,-0.19576657678213766,-0.30956154691768645,0.012939245,0.6361246,1.0,1.0, ,turquoise,0.535579978333253,tan,0.661881494233523,False,True,True
EndothelialCells,SmoothMuscleCells,Serping1,Lrp1,0.34689593,1.0,0.057765115,-0.5097103449024543,-0.9592579679237432,0.005556102,0.5620759,1.0,1.0, ,,,brown,0.561942294262648,False,True,True
SmoothMuscleCells,EndothelialCells,Bmp1,Bmpr2,0.23313321,1.0,0.05367077,-0.09037139324437782,-0.017827280641064258,0.03137325,0.5530083,1.0,1.0, ,darkorange,0.451987606072427,turquoise,0.317954120983591,True,False,True
SmoothMuscleCells,EndothelialCells,Agrn,Dag1,0.33855987,0.044,0.106384605,0.049503502303086866,0.05281325853074825,0.027351607,0.6352784,0.6332043270738231,1.0, ,lightcyan,0.506165819314469,,,True,False,True
Fibroblasts,EndocardialCells,Ptdss1,Jmjd6,0.3446632,0.262,0.116156325,0.010884754984686128,-0.012776351295738675,0.031518623,0.6453971,0.7909662550691575,1.0, ,yellow,0.4197018519307,,,True,False,True
Fibroblasts,EndocardialCells,Ptdss1,Scarb1,0.33119535,0.999,0.10548953,-0.05632694449819181,-0.15507003178228296,0.028506288,0.63429904,1.0,1.0, ,yellow,0.4197018519307,,,True,False,True
Fibroblasts,EndocardialCells,Pf4,Procr,0.28556427,0.0,0.067114234,0.3599639330947921,-0.11417399607308504,0.03407948,0.5804441,0.7239386950650409,1.0, ,brown,0.749903040618126,midnightblue,0.267047127373559,True,True,True
Leukocytes,Fibroblasts,Bgn,Tlr4,0.22261828,1.0,0.049353357,-0.42756253629069885,-0.6400538406037266,0.0085808495,0.54262173,1.0,1.0, ,lightcyan,0.647405502543849,turquoise,0.558224093682133,True,False,True
Leukocytes,Fibroblasts,Dcn,Tlr4,0.27343947,1.0,0.07052361,-0.3487350138710004,-0.5190983020987148,0.015704023,0.5864654,1.0,1.0, ,brown,0.644747610735882,turquoise,0.558224093682133,True,False,True
Leukocytes,Fibroblasts,Cxcl12,Itga5,0.3273829,1.0,0.089798845,-0.4135565581328439,-0.6697228581560413,0.010493172,0.6154275,1.0,1.0, ,brown,0.630654513966125,turquoise,0.507813729973822,True,False,True
Fibroblasts,EndocardialCells,Lama4,Cd44,0.4895626,0.0,0.0933718,0.00843624109889253,0.014330107122140445,0.019925216,0.6200342,1.0,1.0, ,,,yellow,0.212459882063522,False,True,True
SmoothMuscleCells,EndothelialCells,Col1a1,Itga5,0.30847472,1.0,0.08827684,-0.22403380227716183,-0.2768563448312673,0.025393905,0.6134026,1.0,1.0, ,brown,0.614930628804247,,,True,False,True
Fibroblasts,EndocardialCells,Lamb2,Cd44,0.5077212,0.0,0.09726031,0.027458480777711153,0.03584968842353842,0.015333286,0.6248286,1.0,1.0, ,,,yellow,0.212459882063522,False,True,True
EndothelialCells,SmoothMuscleCells,Vcam1,Itga9_Itgb1,0.23419368,1.0,0.05453367,-0.2497387796419235,-0.4040228335098294,0.009951646,0.5549787,1.0,1.0, ,lightcyan,0.38028558511622,,,True,False,True
Fibroblasts,EndocardialCells,Col4a2,Cd44,0.43019265,1.0,0.08065819,-0.18448149748856646,-0.36114439600569703,0.013262106,0.60264754,1.0,1.0, ,,,yellow,0.212459882063522,False,True,True
Leukocytes,Fibroblasts,Tfpi,F3,0.29800075,0.993,0.08398769,0.060137103626929284,0.09646739035897295,0.033146076,0.6074805,1.0,1.0, ,brown,0.786058550988916,,,True,False,True
Leukocytes,Fibroblasts,Tfpi,Vldlr,0.27643293,1.0,0.07412697,-0.050886434726943944,-0.08443116177241308,0.011015288,0.5924948,1.0,1.0, ,brown,0.786058550988916,turquoise,0.670823606520324,True,False,True
Myocytes,Leukocytes,Fgf7,Fgfr1,0.2863499,1.0,0.07380034,-0.07936781828883617,-0.090344682768973,0.051078275,0.59196156,1.0,1.0, ,brown,0.584610251626662,turquoise,0.430297655390796,True,False,True
SmoothMuscleCells,Fibroblasts,Col1a1,Itga11_Itgb1,0.25493538,1.0,0.064127386,-0.026899670760055228,0.13246351278366558,0.12426391,0.5748909,1.0,1.0, ,brown,0.614930628804247,,,True,False,True
SmoothMuscleCells,Fibroblasts,Col1a1,Itga5,0.34237444,1.0,0.10356765,-0.1728594184759125,-0.2333635016185005,0.02979249,0.6321639,1.0,1.0, ,brown,0.614930628804247,turquoise,0.507813729973822,True,False,True
SmoothMuscleCells,Fibroblasts,Col1a1,Itga9_Itgb1,0.2795568,1.0,0.075233124,-0.18582598736807607,-0.2667939199460473,0.024531709,0.5942817,1.0,1.0, ,brown,0.614930628804247,,,True,False,True
SmoothMuscleCells,Fibroblasts,Col1a1,Sdc1,0.24275176,1.0,0.05863183,-0.08480599713465714,-0.09233553063921784,0.036105044,0.5639079,1.0,1.0, ,brown,0.614930628804247,,,True,False,True
Leukocytes,Fibroblasts,Rgmb,Neo1,0.2313714,1.0,0.05279809,-0.0648576519558757,-0.10524237870128356,0.01903648,0.5509813,1.0,1.0, ,royalblue,0.727791922360445,yellow,0.471083556679634,False,True,True
EndothelialCells,SmoothMuscleCells,Angptl4,Sdc3,0.28854206,1.0,0.08007084,-0.10419712674891694,-0.12133170354422557,0.033058938,0.6017721,1.0,1.0, ,turquoise,0.58811011899927,brown,0.642736335442684,False,True,True
EndothelialCells,SmoothMuscleCells,Angptl4,Sdc4,0.28393295,0.989,0.07793129,-0.0525145998515585,-0.017094699282081016,0.04252609,0.5985225,1.0,1.0, ,turquoise,0.58811011899927,tan,0.661881494233523,False,True,True
SmoothMuscleCells,EndothelialCells,Tgfb1,Acvr1_Tgfbr1_Tgfbr2,0.2608508,1.0,0.06033623,-0.2526023096368527,-0.4348168091856821,0.011721327,0.567428,1.0,1.0, ,brown,0.732384831866489,,,True,False,True
EndothelialCells,Myocytes,Psen1,Ncstn,0.342493,1.0,0.11602368,-0.12110259143386962,-0.17828616168332523,0.022067217,0.64526635,1.0,1.0, ,,,tan,0.790441710487318,False,True,True
EndothelialCells,Myocytes,Lamc1,Itga3_Itgb1,0.31094742,1.0,0.06706573,-0.04732724162604199,-0.2011619790486197,0.03465878,0.58035606,1.0,1.0, ,brown,0.425314090034099,,,True,False,True
EndothelialCells,Myocytes,Lamc1,Itga6_Itgb1,0.32773742,1.0,0.083286874,-0.32279057194489086,-0.6358317824711358,0.012847923,0.606481,1.0,1.0, ,brown,0.425314090034099,,,True,False,True
SmoothMuscleCells,Fibroblasts,Adam17,Notch1,0.2926151,1.0,0.08528666,-0.2551430054031082,-0.547593474590319,0.01142935,0.60930884,1.0,1.0, ,blue,0.479866920353048,yellow,0.264341417098466,False,True,True
Myocytes,Leukocytes,Cxcl12,Sdc4,0.36530977,1.0,0.090186775,-0.36289525010733575,-0.6293386545686313,0.010021585,0.6159375,1.0,1.0, ,tan,0.577984649656319,,,True,False,True
EndothelialCells,SmoothMuscleCells,Lamc1,Itga1,0.5992708,0.094,0.34562045,0.046406811808105075,-0.04271561138100566,0.048479054,0.75842595,0.6914864297873875,1.0, ,brown,0.425314090034099,,,True,False,True
EndothelialCells,SmoothMuscleCells,Lamc1,Itga6_Itgb1,0.33128285,1.0,0.086712174,-0.317900169571365,-0.6156286421310855,0.013376313,0.61128,1.0,1.0, ,brown,0.425314090034099,,,True,False,True
SmoothMuscleCells,EndothelialCells,Nampt,Insr,0.31822106,0.29,0.08652975,0.010185760601859568,0.007797331803120866,0.015555605,0.61102974,1.0,1.0, ,lightcyan,0.281201497523699,,,True,False,True
EndothelialCells,SmoothMuscleCells,Fn1,Il17rc,0.23478097,0.95,0.0500227,-0.04504945850296768,-0.09247789888565697,0.024164861,0.54429287,1.0,1.0, ,,,yellow,0.338343360761078,False,True,True
EndothelialCells,SmoothMuscleCells,Efemp2,Plscr4,0.27266815,1.0,0.0719078,-0.35541093371833454,-0.6288890708461492,0.01125802,0.5888204,1.0,1.0, ,lightyellow,0.503164778516222,brown,0.562381595629916,False,True,True
EndothelialCells,SmoothMuscleCells,Igfbp4,Lrp6,0.29278103,1.0,0.08323592,-0.5125883974737913,-0.8183800450235452,0.0070023825,0.606408,1.0,1.0, ,yellow,0.250676856753338,,,True,False,True
SmoothMuscleCells,EndothelialCells,Lama4,Dag1,0.30553326,1.0,0.09001692,-0.26677906087747877,-0.39524615617750136,0.012621735,0.6157145,1.0,1.0, ,lightcyan,0.371485020380501,,,True,False,True
Fibroblasts,EndocardialCells,Adam10,Cd44,0.28569686,1.0,0.049715538,-0.2062779461028875,-0.37313491608779614,0.009499792,0.5435289,1.0,1.0, ,pink,0.666173092860001,yellow,0.212459882063522,False,True,True
Leukocytes,Fibroblasts,Hspg2,Dag1,0.33075148,1.0,0.08619893,-0.44380076158128906,-0.5927013081174954,0.007989541,0.6105745,1.0,1.0, ,brown,0.525122764314888,pink,0.439064216849562,True,False,True
Leukocytes,Fibroblasts,Hspg2,Ptprs,0.33750913,1.0,0.08861066,-0.3410811138734693,-0.36354715460513964,0.011699749,0.61385,1.0,1.0, ,brown,0.525122764314888,,,True,False,True
EndothelialCells,Myocytes,Tfpi,F3,0.2918301,1.0,0.08441757,0.004423538895150597,-0.12827297211662617,0.033315726,0.60808897,1.0,1.0, ,turquoise,0.535579978333253,tan,0.391722513603458,False,True,True
EndothelialCells,SmoothMuscleCells,Angpt2,Itga5_Itgb1,0.2626912,1.0,0.06783214,-0.09488405149533266,-0.024246051339172958,0.022359805,0.58173907,1.0,1.0, ,brown,0.680260821306767,,,True,False,True
EndothelialCells,SmoothMuscleCells,Angpt2,Tek,0.2955596,1.0,0.08735352,-0.19483606435925846,-0.22360522000277316,0.017573198,0.61215514,1.0,1.0, ,brown,0.680260821306767,brown,0.708802168860815,True,True,True
EndothelialCells,SmoothMuscleCells,Angpt2,Tie1,0.31053263,1.0,0.09624637,-0.1197967263048236,-0.16206657185588258,0.021058783,0.6235994,1.0,1.0, ,brown,0.680260821306767,darkorange,0.471040667965038,True,True,True
EndothelialCells,SmoothMuscleCells,Lrpap1,Lrp1,0.5887114,1.0,0.34651175,-0.1922736854026078,-0.28615407507932655,0.026969658,0.7586618,1.0,1.0, ,,,brown,0.561942294262648,False,True,True
EndothelialCells,SmoothMuscleCells,C1qa,Cd93,0.4432505,1.0,0.0969072,-0.1290556413863131,-0.5118955588030345,0.00912424,0.62440217,1.0,1.0, ,brown,0.731589883433342,,,True,False,True
SmoothMuscleCells,Fibroblasts,Col5a2,Ddr1,0.2816925,0.821,0.07896094,0.011299440070576233,0.06595197702661734,0.033741813,0.60009843,1.0,1.0, ,lightcyan,0.406604134533021,,,True,False,True
SmoothMuscleCells,Fibroblasts,Col3a1,Itga11_Itgb1,0.33298236,0.958,0.10851125,0.02567644252381962,0.19112665821052555,0.15074728,0.6375683,1.0,1.0, ,tan,0.742640569981712,,,True,False,True
EndothelialCells,Myocytes,Adam10,Notch2,0.41399336,1.0,0.09287996,-0.14756994466792295,-0.16122047695452674,0.011885628,0.6194119,1.0,1.0, ,yellow,0.336816268854491,midnightblue,0.62811133093121,True,True,True
EndothelialCells,Myocytes,Bmp4,Rgmb,0.23418555,1.0,0.049027063,-0.14081692381075164,-0.23154082758734806,0.026100092,0.5417985,1.0,1.0, ,turquoise,0.64663056258014,orange,0.640366075374755,False,True,True
Myocytes,Leukocytes,Fabp5,Rxra,0.2582904,1.0,0.054670174,-0.3663863217794323,-0.4788963243535053,0.0070887296,0.5552875,1.0,1.0, ,,,brown,0.495301817055943,False,True,True
EndothelialCells,Myocytes,Copa,Cd74,0.3103745,1.0,0.07549299,-0.2530937093056006,-0.34898601473080537,0.009216566,0.59469736,1.0,1.0, ,,,brown,0.670405641257664,False,True,True
Myocytes,Leukocytes,Cxcl12,Cxcr4,0.31769547,1.0,0.07520649,0.006324240021124805,-0.18644469256157048,0.03008866,0.594239,1.0,1.0, ,tan,0.577984649656319,royalblue,0.754656397144664,True,False,True
EndothelialCells,Leukocytes,Vcam1,Itga9_Itgb1,0.3270315,1.0,0.094732754,-0.11008175664783439,-0.1614310754226485,0.017287428,0.6217373,1.0,1.0, ,lightcyan,0.38028558511622,,,True,False,True
EndothelialCells,SmoothMuscleCells,Adam10,Tspan17,0.60719764,0.0,0.36112124,0.127708736884037,0.21189051947090098,0.03920241,0.7624222,0.19436922850614424,1.0, ,yellow,0.336816268854491,,,True,False,True
EndothelialCells,SmoothMuscleCells,Adam17,Itga5,0.30945718,1.0,0.089196675,-0.12735321322219026,-0.13937641650154203,0.019978318,0.61463094,1.0,1.0, ,turquoise,0.53384513727415,brown,0.546566959140606,False,True,True
EndothelialCells,Myocytes,Tgfb1,Tgfbr1_Tgfbr2,0.40028298,0.939,0.059636265,-0.03847303691235576,-0.09769355868698965,0.011585348,0.5659954,1.0,1.0, ,brown,0.518107180491385,,,True,False,True
SmoothMuscleCells,Fibroblasts,Efnb1,Ephb4,0.29375347,1.0,0.082450375,-0.2942283467596626,-0.802313849228631,0.011475768,0.6052758,1.0,1.0, ,brown,0.361961852199938,turquoise,0.762259602602951,True,False,True
SmoothMuscleCells,Fibroblasts,Efnb1,Erbb2,0.26050282,0.998,0.05879405,-0.05089918570544494,-0.11081227583652212,0.031760294,0.5642476,1.0,1.0, ,brown,0.361961852199938,,,True,False,True
EndothelialCells,Myocytes,Adam10,Notch1,0.38969284,1.0,0.0591416,-0.2570089813334648,-0.3929795495889785,0.004596122,0.56497204,1.0,1.0, ,yellow,0.336816268854491,green,0.340818001122301,True,False,True
SmoothMuscleCells,Fibroblasts,Dcn,Tlr4,0.23857279,1.0,0.055999428,-0.3988226492820281,-0.5490316885378053,0.012469812,0.5582517,1.0,1.0, ,brown,0.830709760806168,turquoise,0.558224093682133,True,False,True
SmoothMuscleCells,Fibroblasts,Col4a5,Sdc1,0.28037578,0.0,0.07819431,0.16308058581921073,0.2960524033554928,0.05642024,0.59892726,0.1069653643059378,1.0, ,brown,0.452711648416098,,,True,False,True
SmoothMuscleCells,Fibroblasts,Bmp4,Lrp6,0.2971882,0.997,0.06488305,-0.07662866086970477,-0.1493171688814176,0.024338044,0.5763218,1.0,1.0, ,tan,0.262138911546446,turquoise,0.505701638095615,True,False,True
SmoothMuscleCells,Fibroblasts,Bmp4,Rgmb,0.32635766,0.637,0.07328936,-0.018194362755286506,-0.027706099039622734,0.03901639,0.5911222,0.9496445243010448,1.0, ,tan,0.262138911546446,,,True,False,True
SmoothMuscleCells,Fibroblasts,C1qb,C1qbp,0.33809805,1.0,0.072789766,-0.09834386147756877,-0.30410730354116305,0.00926853,0.5902953,1.0,1.0, ,brown,0.693026240051891,,,True,False,True
EndothelialCells,SmoothMuscleCells,C1qb,Lrp1,0.3627999,1.0,0.076755725,-0.2275846662683477,-0.6251279592221112,0.010375942,0.59669495,1.0,1.0, ,lightyellow,0.443566838166862,brown,0.561942294262648,False,True,True
Leukocytes,Fibroblasts,Cxcl12,Itgav,0.34792817,1.0,0.09783397,-0.29646229306963956,-0.44856691167624374,0.013484717,0.6255176,1.0,1.0, ,brown,0.630654513966125,,,True,False,True
SmoothMuscleCells,Fibroblasts,Arf6,Smap1,0.6033313,0.979,0.3603087,-0.05479097332756482,-0.06261146653047378,0.03196445,0.7622181,1.0,1.0, ,lightcyan,0.286234066022893,,,True,False,True
EndothelialCells,Myocytes,Nppa,Npr3,0.40961033,1.0,0.08241816,-0.15157507348405072,-0.4196691240583234,0.0048522414,0.60522914,1.0,1.0, ,brown,0.342952456137021,,,True,False,True
EndothelialCells,Myocytes,Ltbp1,Itgb5,0.29521593,1.0,0.07152685,-0.44654400958937235,-0.8181033694367613,0.0068568676,0.5881772,1.0,1.0, ,lightyellow,-0.0382315497958927,tan,0.521580300356519,False,True,True
Leukocytes,Fibroblasts,Psen1,Notch1,0.3370571,1.0,0.109663956,-0.16555467643327587,-0.40572524795791465,0.016669275,0.63878834,1.0,1.0, ,,,yellow,0.264341417098466,False,True,True
SmoothMuscleCells,Fibroblasts,Adam10,Notch1,0.32189766,1.0,0.10134871,-0.36034236073962933,-0.6639342134231945,0.0078762,0.62964225,1.0,1.0, ,red,0.449991483193517,yellow,0.264341417098466,False,True,True
EndothelialCells,Myocytes,Mfng,Notch2,0.4276215,0.0,0.09652675,0.10493381325239315,0.38469879349506125,0.03248965,0.62394077,0.3591555134157574,1.0, ,,,midnightblue,0.62811133093121,False,True,True
SmoothMuscleCells,EndothelialCells,Tgfb1,Acvr1_Tgfbr2,0.28411844,1.0,0.07656028,-0.1616639780054989,-0.23318689398393616,0.013435451,0.5963881,1.0,1.0, ,brown,0.732384831866489,,,True,False,True
EndothelialCells,SmoothMuscleCells,Adm,Calcrl,0.25980943,1.0,0.06712818,-0.1303992638671614,-0.22509876122056222,0.022624677,0.5804694,1.0,1.0, ,turquoise,0.526668318506054,yellow,0.365118118294976,False,True,True
EndothelialCells,SmoothMuscleCells,Adm,Ramp2,0.31364128,1.0,0.093021564,-0.5426088894102222,-0.6104813723328091,0.013434722,0.6195914,1.0,1.0, ,turquoise,0.526668318506054,brown,0.775045808065257,False,True,True
SmoothMuscleCells,Fibroblasts,Col1a1,Ddr1,0.24374042,1.0,0.059077777,-0.1037957360053385,-0.09127438169038879,0.031118264,0.56483936,1.0,1.0, ,brown,0.614930628804247,,,True,False,True
SmoothMuscleCells,Fibroblasts,Ceacam1,Egfr,0.32527396,0.009,0.08790614,0.12603850915689493,0.23289086840150447,0.078492805,0.6129035,0.5513386448038875,1.0, ,darkorange,0.635130089818166,,,True,False,True
Myocytes,Leukocytes,Col1a2,Cd36,0.45946425,1.0,0.06637538,-0.4350768120459424,-0.7435997190053396,0.005264522,0.5790956,1.0,1.0, ,,,brown,0.783650639892057,False,True,True
Leukocytes,Leukocytes,Adam17,Rhbdf2,0.34952304,0.0,0.09935795,0.07623287585107402,0.1030523814018649,0.045539647,0.6273262,0.2532645361069855,1.0, ,turquoise,0.537738563241973,lightcyan,0.298874813604896,False,True,True
SmoothMuscleCells,Fibroblasts,Lama4,Cd44,0.255949,1.0,0.053991847,-0.2578608174849089,-0.44223359230829173,0.011521671,0.5537454,1.0,1.0, ,lightcyan,0.371485020380501,salmon,0.221972228338972,True,False,True
SmoothMuscleCells,Fibroblasts,Col6a2,Itga11_Itgb1,0.34606332,0.035,0.115950145,0.10879028612824254,0.3243486814411002,0.19352074,0.64519376,0.6185270773874316,1.0, ,brown,0.539639213218055,,,True,False,True
SmoothMuscleCells,Fibroblasts,Col6a2,Itga1_Itgb1,0.26581287,1.0,0.050500136,-0.24812317379694296,-0.6267734828034288,0.01336453,0.5454707,1.0,1.0, ,brown,0.539639213218055,,,True,False,True
EndothelialCells,Leukocytes,Pf4,Thbd,0.23510659,1.0,0.05220559,-0.3777112264417929,-0.7853124969065706,0.0060991687,0.54958487,1.0,1.0, ,brown,0.640686712105496,lightcyan,0.514446702903986,True,True,True
SmoothMuscleCells,Fibroblasts,Col3a1,Ddr1,0.3217874,1.0,0.099966705,-0.051219622721463645,-0.032611236263528826,0.03775025,0.6280399,1.0,1.0, ,tan,0.742640569981712,,,True,False,True
Myocytes,Leukocytes,Bgn,Tlr4,0.30686834,1.0,0.08675721,-0.28061187868098814,-0.3025470921727467,0.01508409,0.6113417,1.0,1.0, ,darkorange,0.218523360661584,turquoise,0.445876497103553,True,False,True
SmoothMuscleCells,Fibroblasts,C3,Nrp1,0.49775505,1.0,0.08354911,-0.5070761588295821,-0.8357843232269034,0.00765754,0.6068561,1.0,1.0, ,brown,0.818843396923259,yellow,0.250435830471026,True,True,True
EndothelialCells,Myocytes,Lamc1,Itga9_Itgb1,0.30390602,1.0,0.060262892,-0.31319358552787235,-0.6098140276105436,0.0089705065,0.56727874,1.0,1.0, ,brown,0.425314090034099,,,True,False,True
EndothelialCells,Myocytes,Adam9,Itgb5,0.3297197,1.0,0.100525066,-0.3346557608094278,-0.5555784571091553,0.0109864585,0.62869024,1.0,1.0, ,cyan,0.19542258803102,tan,0.521580300356519,False,True,True
Leukocytes,Leukocytes,Cxcl12,Itga5,0.23380344,1.0,0.053200487,-0.5548220405481421,-0.8763655019879275,0.006216582,0.5519203,1.0,1.0, ,brown,0.630654513966125,,,True,False,True
Leukocytes,Leukocytes,Cxcl12,Itgav,0.26676166,1.0,0.06609024,-0.4333919334347376,-0.6792592401264845,0.009109395,0.57857084,1.0,1.0, ,brown,0.630654513966125,royalblue,0.339473872711851,True,False,True
Myocytes,Leukocytes,Bgn,Tlr1,0.22864471,1.0,0.05221657,-0.07276140667926717,-0.1542212677373998,0.04263905,0.5496109,1.0,1.0, ,darkorange,0.218523360661584,lightgreen,0.354888793919323,True,False,True
Leukocytes,Leukocytes,Cd38,Pecam1,0.3515803,1.0,0.08238755,-0.28046819436335996,-0.5465446127847735,0.00857959,0.6051848,1.0,1.0, ,turquoise,0.524608876299554,lightcyan,0.23876749076216,False,True,True
EndothelialCells,Leukocytes,S100a9,Tlr4,0.26393154,0.0,0.053012718,0.25313502267911486,0.3737694972621657,0.10108165,0.55148304,0.041746738756040555,1.0, ,brown,0.216716678799988,turquoise,0.445876497103553,True,False,True
SmoothMuscleCells,Fibroblasts,Col6a1,Itga11_Itgb1,0.33211672,0.147,0.10801898,0.08788953248264199,0.30285493086683096,0.18379089,0.6370429,0.7252468347883575,1.0, ,brown,0.618792290214031,,,True,False,True
Myocytes,Leukocytes,Cxcl12,Itga4,0.3495239,1.0,0.085220255,0.13056862966572763,-0.1665467516580137,0.030767009,0.6092161,1.0,1.0, ,tan,0.577984649656319,midnightblue,0.644281789489508,True,True,True
Myocytes,Leukocytes,Cxcl12,Itgav,0.2476425,1.0,0.053166606,-0.45678177532332337,-0.6977188066452715,0.007328096,0.5518415,1.0,1.0, ,tan,0.577984649656319,royalblue,0.339473872711851,True,False,True
EndothelialCells,Myocytes,Lamc1,Cd44,0.31723136,1.0,0.07313677,-0.25416273186615446,-0.44210517975710306,0.014129289,0.5908703,1.0,1.0, ,brown,0.425314090034099,magenta,0.718777026774563,True,False,True
EndothelialCells,Myocytes,Igfbp4,Lrp6,0.307273,1.0,0.09027709,-0.49106057973348144,-0.842419380199154,0.007594734,0.61605585,1.0,1.0, ,yellow,0.250676856753338,greenyellow,0.481143038214187,True,False,True
EndothelialCells,Myocytes,Il16,Kcnd2,0.29733446,0.0,0.06554527,0.9182016614202988,0.7475345642833786,0.17058283,0.5775611,0.028541536280802495,1.0, ,green,0.642931573111855,midnightblue,0.264796017553743,False,True,True
EndothelialCells,Myocytes,Jag2,Notch2,0.2509728,0.928,0.049256958,-0.0062152151582891835,0.2885649493845433,0.033388257,0.5423791,1.0,1.0, ,lightgreen,0.491876571888715,midnightblue,0.62811133093121,False,True,True
EndothelialCells,Myocytes,Gstp1,Traf2,0.35561132,1.0,0.08363616,-0.28293066946987333,-0.41185280888047293,0.013953971,0.6069803,1.0,1.0, ,black,0.593303302688111,tan,0.689086951973111,False,True,True
SmoothMuscleCells,Fibroblasts,Dkk3,Kremen1,0.26124334,0.999,0.058966327,-0.05511603389693211,-0.03762676811524668,0.019415837,0.56460726,1.0,1.0, ,brown,0.549785677933054,turquoise,0.662781098555966,True,False,True
SmoothMuscleCells,Fibroblasts,Dll4,Notch1,0.23094779,1.0,0.05146097,-0.29064743294471884,-0.7028075929283568,0.009267594,0.54780614,1.0,1.0, ,darkgrey,0.650454194465404,yellow,0.264341417098466,False,True,True
SmoothMuscleCells,Fibroblasts,Efemp2,Aqp1,0.4545961,0.999,0.09645543,-0.08263069435105619,-0.46532292843465484,0.015814628,0.62385404,1.0,1.0, ,blue,0.623558405434503,brown,0.52928950293395,False,True,True
SmoothMuscleCells,Fibroblasts,Col6a2,Sdc1,0.33387968,0.486,0.106013514,0.05088395975364063,0.09954963801821676,0.056227706,0.6348735,0.8835100046089789,1.0, ,brown,0.539639213218055,,,True,False,True
SmoothMuscleCells,Fibroblasts,Col5a2,Itga11_Itgb1,0.2928875,0.119,0.085710034,0.0881955053158595,0.2896898715006717,0.13474047,0.60989803,0.7049232084397559,1.0, ,lightcyan,0.406604134533021,,,True,False,True
SmoothMuscleCells,Fibroblasts,Col5a3,Itga11_Itgb1,0.27450597,0.0,0.075256795,0.22090874512636666,0.4961413515113156,0.26835796,0.59431964,0.05949997371543295,1.0, ,brown,0.643060769596358,,,True,False,True
SmoothMuscleCells,Fibroblasts,Col5a3,Sdc3,0.30831632,1.0,0.09315406,-0.10544276979734225,-0.2617656823979915,0.035479717,0.61975914,1.0,1.0, ,brown,0.643060769596358,turquoise,0.677341986769359,True,False,True
SmoothMuscleCells,Fibroblasts,Col6a1,Cd44,0.26425982,1.0,0.056462266,-0.17189661839478143,-0.2790158470641936,0.020980556,0.5592663,1.0,1.0, ,brown,0.618792290214031,salmon,0.221972228338972,True,False,True
EndothelialCells,Leukocytes,Adam17,Rhbdf2,0.29449657,0.624,0.0775126,-0.005523414247569204,0.030668771924327265,0.035527065,0.59787506,0.9419317152822759,1.0, ,turquoise,0.53384513727415,lightcyan,0.298874813604896,False,True,True
Leukocytes,Leukocytes,Hspg2,Fgfr1,0.27766255,1.0,0.067252144,-0.6938501708747351,-0.9392493051557086,0.0049771094,0.580694,1.0,1.0, ,brown,0.525122764314888,turquoise,0.430297655390796,True,False,True
Leukocytes,Leukocytes,Icam1,Cav1,0.2919735,1.0,0.08171915,-0.48862377543340135,-0.8033075876842364,0.006034496,0.60421115,1.0,1.0, ,,,brown,0.71721751830981,False,True,True
Myocytes,Leukocytes,Adm,Ramp2,0.30093262,1.0,0.07688067,-0.5515799485662389,-0.670794325672254,0.011103559,0.5968906,1.0,1.0, ,brown,0.433939583997392,brown,0.554844247941604,True,True,True
Leukocytes,Leukocytes,Icam2,Itgal_Itgb2,0.34975305,0.997,0.09447148,0.31574972999075174,0.07284745698180484,0.044124566,0.62141246,1.0,1.0, ,lightcyan,0.293876861151423,,,True,False,True
EndothelialCells,Leukocytes,C1qa,Cd93,0.30677226,1.0,0.062047057,-0.28915847505378095,-0.7476685709251323,0.0058420044,0.57085615,1.0,1.0, ,brown,0.731589883433342,brown,0.634483899866545,True,True,True
Leukocytes,Leukocytes,Fabp5,Rxra,0.33537668,1.0,0.11141099,-0.2574644274330482,-0.34926569476410474,0.0144459475,0.6406098,1.0,1.0, ,red,0.580368610270133,brown,0.495301817055943,False,True,True
Myocytes,Leukocytes,C1qb,C1qbp,0.3165417,1.0,0.0646785,-0.132768118084272,-0.33469865694182477,0.008235698,0.5759362,1.0,1.0, ,brown,0.759344460789136,darkturquoise,0.333408315529999,True,False,True
Myocytes,Leukocytes,Col4a5,Itga9_Itgb1,0.3452777,0.0,0.11070042,0.1026638155990658,0.17418065626008283,0.042295426,0.6398729,0.19707302795474904,1.0, ,brown,0.598294810383622,,,True,False,True
Leukocytes,Leukocytes,Col4a1,Cd93,0.30844882,1.0,0.06367612,-0.7401536421529792,-1.0582507039544602,0.00308641,0.5740277,1.0,1.0, ,,,brown,0.634483899866545,False,True,True
EndothelialCells,Leukocytes,Tgfb1,Acvrl1,0.603477,0.658,0.35119635,0.009295953078697156,0.04538809244982428,0.03791652,0.75988907,0.9603268580132658,1.0, ,brown,0.518107180491385,turquoise,0.449593723252603,True,False,True
EndothelialCells,Fibroblasts,Pf4,Thbd,0.33824724,1.0,0.089275025,-0.23514143389587128,-0.6770740544189745,0.010429983,0.61473495,1.0,1.0, ,brown,0.640686712105496,pink,0.340451359910475,True,False,True
EndothelialCells,Fibroblasts,Tgfb1,Tgfbr1_Tgfbr2,0.59940535,0.0,0.34535402,0.2739800367204228,0.449135345689672,0.06709082,0.7583553,0.03375396974231919,1.0, ,brown,0.518107180491385,,,True,False,True
EndothelialCells,Fibroblasts,Rgmb,Neo1,0.29038745,0.097,0.08330651,0.020335289542961533,0.09351088024919463,0.030036366,0.60650915,0.6935850937673019,1.0, ,,,yellow,0.471083556679634,False,True,True
SmoothMuscleCells,Fibroblasts,Pltp,Abca1,0.26219195,1.0,0.06247146,-0.25777143530842594,-0.40283494339354486,0.012564731,0.571691,1.0,1.0, ,brown,0.533848142274511,,,True,False,True
SmoothMuscleCells,Fibroblasts,Ntn1,Neo1,0.23013881,1.0,0.052160896,-0.1180345561356284,-0.20379462776520513,0.011866356,0.5494788,1.0,1.0, ,tan,0.0269384866982683,yellow,0.471083556679634,True,True,True
SmoothMuscleCells,Fibroblasts,Col6a1,Itga9_Itgb1,0.35673815,0.997,0.12672597,-0.07103678412537887,-0.0964025018628819,0.0362833,0.65529853,1.0,1.0, ,brown,0.618792290214031,,,True,False,True
SmoothMuscleCells,Fibroblasts,Col6a1,Sdc1,0.31993312,0.797,0.09876203,0.029983206108040075,0.07805588744394754,0.053400684,0.62662274,1.0,1.0, ,brown,0.618792290214031,,,True,False,True
SmoothMuscleCells,Fibroblasts,Col6a2,Cd44,0.27820638,1.0,0.06060794,-0.15099586474918086,-0.2575220964899243,0.022091262,0.56797934,1.0,1.0, ,brown,0.539639213218055,salmon,0.221972228338972,True,False,True
SmoothMuscleCells,Fibroblasts,Col4a5,Itga11_Itgb1,0.2925594,0.0,0.08552346,0.22098691219381264,0.5208514467783762,0.1941834,0.60963875,0.05939940331961853,1.0, ,brown,0.452711648416098,,,True,False,True
SmoothMuscleCells,Fibroblasts,Col4a5,Itga9_Itgb1,0.3171808,0.006,0.100334615,0.0620605955857918,0.12159401404866338,0.038334947,0.62846893,0.5363782492217403,1.0, ,brown,0.452711648416098,,,True,False,True
EndothelialCells,Myocytes,Angpt2,Itga5_Itgb1,0.28924152,0.987,0.08360104,-0.05480427404002436,-0.0028460822982850353,0.027557775,0.6069302,1.0,1.0, ,brown,0.680260821306767,,,True,False,True
Leukocytes,Leukocytes,Col1a2,Cd36,0.45823738,1.0,0.0643145,-0.4368939953118751,-0.7779896542233643,0.005101064,0.5752469,1.0,1.0, ,,,brown,0.783650639892057,False,True,True
Leukocytes,Leukocytes,Bgn,Tlr1,0.23673147,1.0,0.05604174,-0.06195484469129414,-0.1731715028749003,0.04576261,0.5583447,1.0,1.0, ,lightcyan,0.647405502543849,lightgreen,0.354888793919323,True,False,True
Myocytes,Leukocytes,C1qa,Cd93,0.32152706,1.0,0.07638374,-0.2674890353940725,-0.6055125650173286,0.007191866,0.5961102,1.0,1.0, ,brown,0.782349278403491,brown,0.634483899866545,True,True,True
EndothelialCells,Leukocytes,Lamc1,Itga6_Itgb1,0.3053053,1.0,0.061614774,-0.3537327027985352,-0.6942602246170932,0.009504761,0.56999964,1.0,1.0, ,brown,0.425314090034099,,,True,False,True
Leukocytes,Leukocytes,Cxcl12,Cxcr4,0.3368146,1.0,0.09348753,0.029714081909710588,-0.16798512604278348,0.03740255,0.62018013,1.0,1.0, ,brown,0.630654513966125,royalblue,0.754656397144664,True,False,True
EndothelialCells,Leukocytes,Tgfb1,Cxcr4,0.5977624,0.0,0.34299657,0.6500026391808414,0.8119707108733443,0.17986189,0.7577272,0.02008433307079536,1.0, ,brown,0.518107180491385,royalblue,0.754656397144664,True,False,True
Leukocytes,Leukocytes,Bgn,Tlr4,0.31495512,1.0,0.09311268,-0.2698053166930151,-0.3214973273102472,0.016189087,0.61970675,1.0,1.0, ,lightcyan,0.647405502543849,turquoise,0.445876497103553,True,False,True
Leukocytes,Leukocytes,Col4a2,Cd93,0.31086585,1.0,0.066024646,-0.6191170661131814,-0.9906262309093874,0.0035971496,0.5784498,1.0,1.0, ,brown,0.55242115377533,brown,0.634483899866545,True,True,True
Leukocytes,Leukocytes,Col4a2,Itga9_Itgb1,0.28673083,1.0,0.059464734,-0.3640913343548426,-0.48666053494214034,0.0075336588,0.5656415,1.0,1.0, ,brown,0.55242115377533,,,True,False,True
EndothelialCells,Leukocytes,Vcam1,Itga4_Itgb7,0.22987473,1.0,0.052663554,0.1781692727575195,0.010127668502202536,0.063357376,0.5506657,1.0,1.0, ,lightcyan,0.38028558511622,,,True,False,True
Leukocytes,Myocytes,Adam10,Notch2,0.41472444,1.0,0.093075596,-0.14653456647466073,-0.22830976084475757,0.011910662,0.61965984,1.0,1.0, ,turquoise,0.222395601537507,midnightblue,0.62811133093121,False,True,True
SmoothMuscleCells,Fibroblasts,Tgfb3,Tgfbr1_Tgfbr2,0.58566993,0.0,0.3321304,0.3093126505603934,0.4924793492839924,0.09632794,0.75475997,0.028541536280802495,1.0, ,brown,0.511531512491637,,,True,False,True
EndothelialCells,Fibroblasts,Adam10,Tspan14,0.41512358,1.0,0.09444914,-0.09721074934764055,-0.25066685729450067,0.013018795,0.6213846,1.0,1.0, ,yellow,0.336816268854491,turquoise,0.475941096629944,True,False,True
EndothelialCells,Fibroblasts,Lamc1,Itga1,0.30344966,1.0,0.059822008,-0.3541070101287207,-0.8515593088413165,0.008391038,0.5663772,1.0,1.0, ,brown,0.425314090034099,,,True,False,True
EndothelialCells,Fibroblasts,Igfbp4,Lrp6,0.34660769,1.0,0.1093885,-0.43262897449418863,-0.7030040454930566,0.0092025185,0.6384982,1.0,1.0, ,yellow,0.250676856753338,turquoise,0.505701638095615,True,False,True
SmoothMuscleCells,Fibroblasts,Psen1,Notch1,0.2440745,1.0,0.058661222,-0.31184219102068583,-0.6183430000267196,0.008916696,0.56396955,1.0,1.0, ,blue,0.508038005894282,yellow,0.264341417098466,False,True,True
SmoothMuscleCells,Fibroblasts,Rgmb,Neo1,0.23398043,0.998,0.054146826,-0.06109135681818127,-0.100051361900996,0.019522771,0.55409944,1.0,1.0, ,,,yellow,0.471083556679634,False,True,True
EndothelialCells,Fibroblasts,Jag1,Notch1,0.2907509,1.0,0.084264114,-0.19613925169460777,-0.3892605439333009,0.011384539,0.6078722,1.0,1.0, ,,,yellow,0.264341417098466,False,True,True
SmoothMuscleCells,Fibroblasts,Lamb1,Itga9_Itgb1,0.29096973,1.0,0.082847446,-0.1605756722615571,-0.24884112510023826,0.018233556,0.60584956,1.0,1.0, ,brown,0.764130236562423,,,True,False,True
EndothelialCells,Leukocytes,Lamc1,Dag1,0.30957592,1.0,0.065740705,-0.3487829340940015,-0.6184966632702382,0.008345002,0.5779242,1.0,1.0, ,brown,0.425314090034099,,,True,False,True
EndothelialCells,Leukocytes,Icam1,Cav1,0.33577743,1.0,0.102093674,-0.41700605162722065,-0.6793364733200306,0.007539039,0.6304957,1.0,1.0, ,,,brown,0.71721751830981,False,True,True
EndothelialCells,Fibroblasts,Dcn,Egfr,0.35721955,1.0,0.117235616,-0.1649735037201741,-0.19318333126100917,0.048662033,0.6464547,1.0,1.0, ,brown,0.254128285517728,,,True,False,True
EndothelialCells,Fibroblasts,Dcn,Tlr4,0.23183356,1.0,0.05319211,-0.40850405754699404,-0.7045111554893018,0.011844686,0.5519008,1.0,1.0, ,brown,0.254128285517728,turquoise,0.558224093682133,True,False,True
Leukocytes,Leukocytes,S100a9,Cd36,0.4752332,0.995,0.092864074,-0.0076844025819473305,-0.17960538726761408,0.040830135,0.61939174,1.0,1.0, ,,,brown,0.783650639892057,False,True,True
Leukocytes,Myocytes,Cxcl12,Itgav,0.23516779,1.0,0.05373408,-0.48669158683335284,-0.7859229764572571,0.0074063116,0.553154,1.0,1.0, ,brown,0.630654513966125,grey60,0.700690341838197,True,False,True
Myocytes,Fibroblasts,Tgs1,Rxra,0.23046371,1.0,0.050950926,-0.11860332424344652,-0.24431874221351743,0.014942379,0.54657215,1.0,1.0, ,tan,0.693064510142974,turquoise,0.709798612268855,True,False,True
EndothelialCells,Leukocytes,Adam10,Tspan17,0.58557546,0.0,0.3311014,0.0984880851591748,0.20258017420801422,0.03594353,0.75447273,0.26371097624660966,1.0, ,yellow,0.336816268854491,turquoise,0.7436171722885,True,False,True
Myocytes,Leukocytes,Adm,Calcrl,0.29530808,0.998,0.07217976,-0.07470080879861707,-0.17953345526485887,0.024327245,0.58927727,1.0,1.0, ,brown,0.433939583997392,,,True,False,True
Myocytes,Leukocytes,Adm,Ramp1,0.33998924,0.0,0.10952368,0.260269423192402,0.2714582946303336,0.05496661,0.6386407,0.06485439188591231,1.0, ,brown,0.433939583997392,,,True,False,True
SmoothMuscleCells,Fibroblasts,Lama4,Itga9_Itgb1,0.34842736,1.0,0.12118127,-0.15700098321550635,-0.25962024710698006,0.019925317,0.6502282,1.0,1.0, ,lightcyan,0.371485020380501,,,True,False,True
SmoothMuscleCells,Fibroblasts,Lama2,Cd44,0.2551226,1.0,0.053746205,-0.13077491563837018,-0.2075483271641725,0.020672139,0.5531819,1.0,1.0, ,brown,0.472765180178635,salmon,0.221972228338972,True,False,True
SmoothMuscleCells,Fibroblasts,Lama2,Itga9_Itgb1,0.34760097,0.915,0.120629944,-0.029915081368967627,-0.02493498196286087,0.035749927,0.6497095,1.0,1.0, ,brown,0.472765180178635,,,True,False,True
SmoothMuscleCells,Fibroblasts,Hspg2,Ptprs,0.6015625,0.983,0.35085496,-0.0018085944687214195,0.15618749962244827,0.046325296,0.7598003,1.0,1.0, ,brown,0.289796805062604,,,True,False,True
EndothelialCells,Leukocytes,Dcn,Tlr4,0.3241704,1.0,0.100355074,-0.2507468379493103,-0.3859546421958224,0.022346817,0.62849265,1.0,1.0, ,brown,0.254128285517728,turquoise,0.445876497103553,True,False,True
SmoothMuscleCells,Fibroblasts,Hspg2,Dag1,0.5948049,1.0,0.3413057,-0.10452824217654119,-0.07296665388990753,0.03163468,0.75727326,1.0,1.0, ,brown,0.289796805062604,pink,0.439064216849562,True,False,True
EndothelialCells,Leukocytes,Angpt2,Itga5_Itgb1,0.2845113,1.0,0.080791645,-0.061944833671061836,0.027626710244071984,0.026631698,0.6028455,1.0,1.0, ,brown,0.680260821306767,,,True,False,True
EndothelialCells,Fibroblasts,Psen1,Notch1,0.29050323,1.0,0.084128276,-0.23879681848358633,-0.47919901771494516,0.01278777,0.6076799,1.0,1.0, ,,,yellow,0.264341417098466,False,True,True
SmoothMuscleCells,Fibroblasts,Hbegf,Cd44,0.28145835,0.0,0.061574597,0.3294155095360296,0.16239635782301617,0.04491218,0.5699197,0.13675955410638926,1.0, ,midnightblue,0.453211769212941,salmon,0.221972228338972,True,False,True
SmoothMuscleCells,Fibroblasts,Hbegf,Cd82,0.31236258,0.0,0.08718122,0.3564517063086457,0.23777815542902347,0.042762514,0.6119207,0.14335669343617433,1.0, ,midnightblue,0.453211769212941,,,True,False,True
SmoothMuscleCells,Fibroblasts,Hbegf,Egfr_Erbb2,0.2897842,0.0,0.06847321,0.4325166146348626,0.3811811699695229,0.0835953,0.58288306,0.029113695983827063,1.0, ,midnightblue,0.453211769212941,,,True,False,True
EndothelialCells,Leukocytes,Lman1,Mcfd2,0.58188534,1.0,0.33846042,-0.1596686346442729,-0.1476825401813091,0.022986744,0.75650305,1.0,1.0, ,yellow,0.27633284088065,brown,0.659553647979944,True,True,True
EndothelialCells,Leukocytes,Adam10,Tspan14,0.60008806,0.0,0.35125038,0.1819257083564628,0.29635484573704324,0.048416074,0.75990313,0.09196714672913181,1.0, ,yellow,0.336816268854491,turquoise,0.458062707696827,True,False,True
EndothelialCells,EndocardialCells,Sema6a,Plxna2,0.60596174,0.0,0.34010378,0.3205681725163684,0.6583103223620673,0.10482656,0.75694895,0.028541536280802495,1.0, ,yellow,0.33122512386204,blue,0.723046770066948,True,False,True
SmoothMuscleCells,Fibroblasts,Vtn,Plaur,0.50294673,0.0,0.091610275,1.213850752362759,0.7910074885203243,0.10304038,0.61778814,0.028541536280802495,1.0, ,brown,0.715989746853182,black,0.648933178564793,True,False,True
EndothelialCells,EndocardialCells,Tgfb1,Itgb5,0.40118408,1.0,0.06092922,-0.2501787322412835,-0.38739363338041716,0.0057130456,0.5686279,1.0,1.0, ,brown,0.518107180491385,,,True,False,True
Leukocytes,Myocytes,Copa,Cd74,0.37384927,1.0,0.09656867,-0.16016927562237634,-0.23023446767618924,0.01178959,0.6239917,1.0,1.0, ,turquoise,0.276557549193086,brown,0.670405641257664,False,True,True
Leukocytes,Myocytes,Col4a1,Cd47,0.32048583,1.0,0.06683141,-1.010398428199085,-1.1634975191480563,0.0027523001,0.5799298,1.0,1.0, ,,,orange,0.66133460139945,False,True,True
Leukocytes,Myocytes,Col1a2,Cd36,0.5659448,1.0,0.080809645,-0.3163021432709223,-0.6721714250556031,0.0064093666,0.60287213,1.0,1.0, ,,,brown,0.500716969407465,False,True,True
EndothelialCells,EndothelialCells,Angpt2,Itga5_Itgb1,0.34419104,0.002,0.116236955,0.028146264942987,0.19077651086319136,0.038315695,0.6454765,0.4939114915418876,1.0, ,brown,0.680260821306767,,,True,False,True
SmoothMuscleCells,Leukocytes,Ceacam1,Havcr2,0.27320457,0.0,0.06796416,0.35034015772459315,0.34941924282058495,0.10111123,0.58197564,0.03716517751165356,1.0, ,darkorange,0.635130089818166,turquoise,0.304488465316849,True,False,True
SmoothMuscleCells,Fibroblasts,Nampt,Insr,0.30129176,0.696,0.07164523,-0.019095335915263537,-0.13010866890965395,0.01287979,0.5883775,1.0,1.0, ,lightcyan,0.281201497523699,turquoise,0.556988809077746,True,False,True
Leukocytes,Leukocytes,Pros1,Axl,0.58343244,1.0,0.34038618,-0.10458471171807004,-0.13542932876744684,0.030059278,0.75702524,1.0,1.0, ,turquoise,0.606944874317778,brown,0.704728587075672,False,True,True
Leukocytes,Leukocytes,Pi16,Tnfrsf21,0.27098623,1.0,0.07108495,-0.12077680099092983,-0.3056831287974914,0.027290734,0.5874264,1.0,1.0, ,brown,0.683617070582235,turquoise,0.511632107453073,True,False,True
SmoothMuscleCells,Leukocytes,Col6a1,Itga6,0.25372192,1.0,0.04845574,-0.26864962011235805,-0.49096814915347475,0.014377247,0.54034317,1.0,1.0, ,brown,0.618792290214031,pink,0.386169487254643,True,False,True
SmoothMuscleCells,Leukocytes,Col1a1,Cd93,0.3556807,1.0,0.10956957,-0.3626443973038862,-0.584244307102094,0.015364367,0.638689,1.0,1.0, ,brown,0.614930628804247,brown,0.634483899866545,True,True,True
SmoothMuscleCells,Leukocytes,Col1a1,Itga5,0.24879499,1.0,0.06135769,-0.31412490089121065,-0.4400061454503867,0.017650282,0.5694871,1.0,1.0, ,brown,0.614930628804247,,,True,False,True
SmoothMuscleCells,Leukocytes,Col1a1,Itga9_Itgb1,0.33154568,1.0,0.09868322,-0.10761866554554735,-0.08027861113484686,0.032178223,0.62652934,1.0,1.0, ,brown,0.614930628804247,,,True,False,True
SmoothMuscleCells,Leukocytes,Agrn,Dag1,0.28270835,0.934,0.05842776,-0.03338148731738616,-0.13036291834246833,0.015021844,0.5634792,1.0,1.0, ,lightcyan,0.506165819314469,,,True,False,True
Myocytes,Fibroblasts,Wnt5a,Lrp6,0.34189722,0.0,0.10514642,0.19986804286176757,0.24226254363134428,0.08557732,0.6339211,0.08022888292093874,1.0, ,tan,0.430635396063789,turquoise,0.505701638095615,True,False,True
SmoothMuscleCells,Fibroblasts,Pf4,Thbd,0.32889938,1.0,0.07998717,-0.24768382348509949,-0.6144335641494141,0.009344885,0.60164684,1.0,1.0, ,brown,0.697832116664017,pink,0.340451359910475,True,False,True
EndothelialCells,Fibroblasts,Lamc1,Cd44,0.31584316,1.0,0.07179562,-0.2569797010809586,-0.48230792252781196,0.013870192,0.5886314,1.0,1.0, ,brown,0.425314090034099,salmon,0.221972228338972,True,False,True
EndothelialCells,Fibroblasts,Vcam1,Itga9_Itgb1,0.27504262,1.0,0.0722214,-0.1882890784703631,-0.34794638423384894,0.013179414,0.58934706,1.0,1.0, ,lightcyan,0.38028558511622,,,True,False,True
SmoothMuscleCells,Fibroblasts,Rgma,Neo1,0.3411494,0.0,0.10954795,0.2424709367193189,0.41674990474762275,0.053389244,0.6386662,0.06283862260834973,1.0, ,purple,0.710360077163631,yellow,0.471083556679634,False,True,True
SmoothMuscleCells,Fibroblasts,Mfng,Notch1,0.22938971,1.0,0.050606336,-0.28048721481131117,-0.6611474020469543,0.010344289,0.5457311,1.0,1.0, ,darkgrey,0.554182413045897,yellow,0.264341417098466,False,True,True
SmoothMuscleCells,Fibroblasts,Sema5a,Plxna1,0.34055555,0.0,0.08962239,0.3320053800454414,0.4620064130569676,0.08457595,0.6151947,0.028541536280802495,1.0, ,,,brown,0.526379557724291,False,True,True
SmoothMuscleCells,Fibroblasts,Mmrn2,Clec14a,0.24500993,1.0,0.05024826,-0.4198846654841836,-1.014124801973331,0.0045446623,0.5448508,1.0,1.0, ,brown,0.757581672238273,,,True,False,True
EndothelialCells,Fibroblasts,Jag2,Notch1,0.3212046,1.0,0.100968555,0.010969574178800484,0.1498105590109728,0.041563366,0.629204,1.0,1.0, ,lightgreen,0.491876571888715,yellow,0.264341417098466,False,True,True
SmoothMuscleCells,Fibroblasts,Tnxb,Sdc1,0.23868555,1.0,0.05651762,-0.08142077525333247,-0.12576048659231198,0.031144043,0.5593871,1.0,1.0, ,brown,0.639495460766757,,,True,False,True
Myocytes,Fibroblasts,Wnt5a,Fzd2,0.3026716,0.0,0.0868271,0.33591526862963617,0.6465557800706371,0.18370627,0.6114374,0.028541536280802495,1.0, ,tan,0.430635396063789,turquoise,0.809333875109215,True,False,True
EndothelialCells,Fibroblasts,Tgfb1,Egfr,0.58824813,0.0,0.32934463,0.4164263164099201,0.7473979756129667,0.17044571,0.7539796,0.028541536280802495,1.0, ,brown,0.518107180491385,,,True,False,True
SmoothMuscleCells,Fibroblasts,Nrxn1,Nlgn2,0.31223193,0.0,0.09746042,0.5658922608167298,0.8103333618355153,0.23744501,0.62506944,0.028541536280802495,1.0, ,brown,0.757758716445093,turquoise,0.780243732300732,True,False,True
Myocytes,Fibroblasts,Wnt5a,Fzd4,0.23734722,0.034,0.05631899,0.09092841983176168,-0.07222041843311536,0.06417281,0.55895317,0.6159020324848802,1.0, ,tan,0.430635396063789,,,True,False,True
Myocytes,Fibroblasts,Wnt5a,Fzd7,0.31500256,0.0,0.09258594,0.3128696611123587,0.5862830447421905,0.14367731,0.6190381,0.028541536280802495,1.0, ,tan,0.430635396063789,turquoise,0.822137150090681,True,False,True
Myocytes,Fibroblasts,Wnt5a,Lrp5,0.25246736,0.004,0.06338048,0.11131546455631165,0.04134235592203114,0.061644193,0.5734587,0.5168050422286051,1.0, ,tan,0.430635396063789,turquoise,0.848645369433816,True,False,True
Leukocytes,Myocytes,Pi16,Mfap3l,0.23040292,1.0,0.053023424,0.18438384668936464,-0.1759980346806846,0.06900984,0.55150807,1.0,1.0, ,brown,0.683617070582235,magenta,0.899781738003863,True,False,True
EndocardialCells,SmoothMuscleCells,Vegfc,Itga9,0.33961254,0.0,0.107640676,0.09090852914093914,0.12235043802300105,0.042496853,0.63663715,0.2210753270038221,1.0, ,,,brown,0.572216452048973,False,True,True
SmoothMuscleCells,Leukocytes,Gpc3,Igf1r,0.27865624,0.001,0.068328165,0.22238440669456266,0.14286279113659997,0.050874997,0.58262527,0.47092931215184725,1.0, ,yellow,0.626181888304277,,,True,False,True
EndothelialCells,EndocardialCells,Adam10,Tspan12,0.59168476,0.303,0.3395834,0.01614342098296704,0.010291247995527941,0.030375298,0.756808,0.8113964590320802,1.0, ,yellow,0.336816268854491,sienna3,0.321866608246072,True,False,True
EndothelialCells,EndocardialCells,Dcn,Tlr4,0.2542668,1.0,0.06465036,-0.370177012292072,-0.6340966311040129,0.0143961795,0.5758831,1.0,1.0, ,brown,0.254128285517728,,,True,False,True
SmoothMuscleCells,Leukocytes,Hspg2,Dag1,0.4213215,1.0,0.09615614,-0.36198132395200294,-0.5224511676414045,0.008912447,0.6234894,1.0,1.0, ,brown,0.289796805062604,,,True,False,True
EndocardialCells,SmoothMuscleCells,Pi16,Tnfrsf21,0.30742878,1.0,0.09417517,-0.07147180546828366,-0.22210998126680148,0.036155466,0.62104285,1.0,1.0, ,blue,0.792847245382774,brown,0.729469459126359,False,True,True
Myocytes,Fibroblasts,Psen1,Notch1,0.2392244,1.0,0.05600085,-0.3194727523988145,-0.649332914836497,0.008512311,0.5582548,1.0,1.0, ,tan,0.493293969025575,yellow,0.264341417098466,True,True,True
EndothelialCells,Fibroblasts,Adam17,Notch1,0.33237708,1.0,0.10709687,-0.1960663329641646,-0.399620577734345,0.014352158,0.6360511,1.0,1.0, ,turquoise,0.53384513727415,yellow,0.264341417098466,False,True,True
EndothelialCells,EndocardialCells,Pf4,Procr,0.29270193,0.0,0.07290574,0.369540791210939,-0.025666145320158706,0.037020307,0.59048784,0.44384635610283363,1.0, ,brown,0.640686712105496,midnightblue,0.267047127373559,True,True,True
EndothelialCells,EndothelialCells,Nucb2,Erap1,0.2751738,1.0,0.074303776,-0.10636806985883547,-0.10300763991420087,0.026126403,0.5927824,1.0,1.0, ,turquoise,0.322237783722452,yellow,0.180480376497594,False,True,True
Leukocytes,Myocytes,Tfpi,F3,0.2465462,1.0,0.060462885,-0.05209412965743414,-0.23974179422822725,0.023861917,0.5676853,1.0,1.0, ,brown,0.786058550988916,tan,0.391722513603458,True,True,True
Leukocytes,Myocytes,Tgfb1,Acvr1_Tgfbr1_Tgfbr2,0.47105375,0.002,0.07140168,0.07078810504447261,-0.04768107334665933,0.013870977,0.5879651,1.0,1.0, ,brown,0.780749588439731,,,True,False,True
Leukocytes,Myocytes,Tnf,Traf2,0.3191024,0.0,0.07278034,0.4453436499097221,0.5453918556501329,0.109426804,0.59027964,0.028541536280802495,1.0, ,turquoise,0.350511842215774,tan,0.689086951973111,False,True,True
EndocardialCells,SmoothMuscleCells,Tnxb,Itga8_Itgb1,0.3756368,0.0,0.08177209,0.40814738545777973,0.26655285869311107,0.05687218,0.6042886,0.06675356881736438,1.0, ,lightcyan,0.362077206073838,,,True,False,True
EndocardialCells,SmoothMuscleCells,Tnxb,Sdc1,0.29990688,0.993,0.0617707,0.10830014213806133,-0.11402153985740288,0.034038752,0.57030934,1.0,1.0, ,lightcyan,0.362077206073838,purple,0.260770464928019,True,False,True
Leukocytes,Myocytes,Hspg2,Ptprs,0.2993167,1.0,0.074980244,-0.40673807869569706,-0.6251045774230242,0.009900051,0.59387577,1.0,1.0, ,brown,0.525122764314888,brown,0.264675304065931,True,True,True
Leukocytes,Myocytes,Gstp1,Traf2,0.33056766,1.0,0.076189496,-0.3199626620501484,-0.41377519911110605,0.012711559,0.5958037,1.0,1.0, ,,,tan,0.689086951973111,False,True,True
Leukocytes,Myocytes,Col4a2,Itgb5,0.27805936,1.0,0.05710782,-0.6631333884580429,-0.995044794046576,0.0039076004,0.5606669,1.0,1.0, ,brown,0.55242115377533,tan,0.521580300356519,True,True,True
SmoothMuscleCells,Fibroblasts,Tgfb1,Acvr1_Tgfbr1_Tgfbr2,0.31191498,1.0,0.09594224,-0.12015881694859744,-0.2163006238602982,0.01683676,0.6232279,1.0,1.0, ,brown,0.732384831866489,,,True,False,True
SmoothMuscleCells,Fibroblasts,Tnxb,Itga9_Itgb1,0.2754906,1.0,0.07252028,-0.1824407654867514,-0.3002188758991414,0.021160938,0.58984673,1.0,1.0, ,brown,0.639495460766757,,,True,False,True
SmoothMuscleCells,Fibroblasts,Tgfb1,Acvr1_Tgfbr2,0.31191498,1.0,0.09594224,-0.12015881694859744,-0.2163006238602982,0.01683676,0.6232279,1.0,1.0, ,brown,0.732384831866489,,,True,False,True
SmoothMuscleCells,Fibroblasts,Tgfb1,Cav1,0.3338787,1.0,0.11125709,-0.492630006693707,-0.9976673538114085,0.0064648804,0.6404506,1.0,1.0, ,brown,0.732384831866489,,,True,False,True
SmoothMuscleCells,Fibroblasts,Tfpi,Sdc4,0.60904634,0.0,0.3449176,0.2637783332821559,0.3945851486442876,0.04164585,0.75823945,0.15841455972890156,1.0, ,brown,0.39820117315939,black,0.852742792716059,True,False,True
SmoothMuscleCells,Leukocytes,C3,Nrp1,0.49995506,1.0,0.08395623,-0.5038577119639119,-0.6995735573291847,0.007694853,0.6074358,1.0,1.0, ,brown,0.818843396923259,turquoise,0.61042256211068,True,False,True
EndothelialCells,EndocardialCells,Lamb1,Cd44,0.3037243,1.0,0.05357597,-0.1393009675201342,-0.1671271673382243,0.015303117,0.5527898,1.0,1.0, ,,,yellow,0.212459882063522,False,True,True
EndothelialCells,EndocardialCells,Lamc1,Cd44,0.2950653,1.0,0.051721714,-0.299145116516533,-0.4889441484839451,0.009992116,0.54843205,1.0,1.0, ,brown,0.425314090034099,yellow,0.212459882063522,True,True,True
SmoothMuscleCells,Leukocytes,Adam17,Rhbdf2,0.25473458,0.993,0.061727207,-0.06460008668651279,-0.11730412493164682,0.028292004,0.57022303,1.0,1.0, ,blue,0.479866920353048,lightcyan,0.298874813604896,False,True,True
EndothelialCells,EndothelialCells,Lman1,Mcfd2,0.6024365,1.0,0.3628461,-0.13196345655985436,-0.1060693144455781,0.024642913,0.76285356,1.0,1.0, ,yellow,0.27633284088065,lightyellow,0.661203602538564,True,False,True
EndothelialCells,EndothelialCells,Igfbp4,Lrp6,0.25741884,1.0,0.06605463,-0.5651186895795448,-0.8989034959831025,0.005556973,0.57850516,1.0,1.0, ,yellow,0.250676856753338,,,True,False,True
Leukocytes,Leukocytes,Vcam1,Itga4_Itgb7,0.3274915,0.0,0.10015368,0.31451887250865285,0.34068525232353863,0.12049081,0.62825817,0.03936911166611702,1.0, ,brown,0.83472210884007,,,True,False,True
Leukocytes,Myocytes,Cxcl12,Itga5,0.23853366,1.0,0.05505045,-0.5476814809171047,-0.9068382945302845,0.006432754,0.55614316,1.0,1.0, ,brown,0.630654513966125,magenta,0.871006489400557,True,False,True
EndocardialCells,SmoothMuscleCells,Cxcl12,Sdc4,0.27571675,1.0,0.072413854,-0.5345277740585972,-0.815518673475589,0.008046652,0.58966905,1.0,1.0, ,,,tan,0.661881494233523,False,True,True
SmoothMuscleCells,Leukocytes,S100a9,Cd36,0.45958668,1.0,0.066581026,-0.06901093409016124,-0.2369602668233619,0.029274099,0.57947254,1.0,1.0, ,,,brown,0.783650639892057,False,True,True
EndocardialCells,SmoothMuscleCells,Cxcl12,Itga5,0.22204378,1.0,0.049262792,-0.5754534772384026,-0.8943220006834857,0.0057564545,0.5423938,1.0,1.0, ,,,brown,0.546566959140606,False,True,True
SmoothMuscleCells,Leukocytes,Lama2,Dag1,0.24885535,1.0,0.049213495,-0.22257814865141307,-0.34373706790659875,0.012437394,0.5422695,1.0,1.0, ,brown,0.472765180178635,,,True,False,True
SmoothMuscleCells,Leukocytes,Sema3f,Nrp2_Plxna1,0.25419664,0.0,0.059638925,0.1213020273697418,0.14586259775141508,0.043244075,0.5660009,0.16686364606106763,1.0, ,darkorange,0.470908481252909,,,True,False,True
EndocardialCells,SmoothMuscleCells,C3,Nrp1,0.49495828,1.0,0.08772679,-0.5112740755772285,-0.6893850988935647,0.008040437,0.6126612,1.0,1.0, ,blue,0.258833517861709,lightcyan,0.26029605688583,False,True,True
SmoothMuscleCells,Leukocytes,Sema3f,Nrp2_Plxna4,0.28767753,0.0,0.08138438,0.13872786582472424,0.21930558128253042,0.042125493,0.60372025,0.15272468691647179,1.0, ,darkorange,0.470908481252909,,,True,False,True
SmoothMuscleCells,Leukocytes,S100a8,Cd36,0.4684777,1.0,0.08151621,-0.04582514203144658,-0.22511080947910972,0.03155009,0.6039138,1.0,1.0, ,,,brown,0.783650639892057,False,True,True
SmoothMuscleCells,Leukocytes,C1qa,Cd93,0.31347945,1.0,0.068564184,-0.27930805901848665,-0.6339755473366253,0.0064556208,0.58304447,1.0,1.0, ,lightcyan,0.307147451351826,brown,0.634483899866545,True,True,True
SmoothMuscleCells,Leukocytes,C3,Itgam,0.51446533,0.0,0.086641364,0.628973997478582,0.4354572572903692,0.05096172,0.6111829,0.07567020727130211,1.0, ,brown,0.818843396923259,darkturquoise,0.257147137760542,True,False,True
SmoothMuscleCells,Leukocytes,C3,Lrp1,0.473476,1.0,0.07905625,-0.20694419406386216,-0.43557731548882606,0.014472558,0.60024315,1.0,1.0, ,brown,0.818843396923259,turquoise,0.663780405167675,True,False,True
Myocytes,Fibroblasts,Lin7c,Abca1,0.30702674,0.995,0.09308422,-0.060376811523343774,-0.17566291038809556,0.022741659,0.61967075,1.0,1.0, ,tan,0.579119715089047,,,True,False,True
SmoothMuscleCells,Leukocytes,Tgs1,Rxra,0.33198404,0.082,0.10891376,0.04170816787478568,0.05646434270843498,0.03194114,0.6379961,0.682573011411762,1.0, ,,,brown,0.495301817055943,False,True,True
Leukocytes,SmoothMuscleCells,Cxcl12,Sdc4,0.26565632,1.0,0.06565796,-0.5468355551926074,-0.8494349363632758,0.0072959345,0.5777706,1.0,1.0, ,brown,0.630654513966125,tan,0.661881494233523,True,True,True
Leukocytes,SmoothMuscleCells,Efemp2,Plscr4,0.23795792,1.0,0.049549844,-0.4028178614922263,-0.6789897025362424,0.0077576158,0.5431147,1.0,1.0, ,turquoise,0.643633869750434,brown,0.562381595629916,False,True,True
Myocytes,Fibroblasts,Lama5,Itga9_Itgb1,0.29620755,0.0,0.08634193,0.12966993927626116,0.12366963048019353,0.032332364,0.6107715,0.36402435895928814,1.0, ,tan,0.625776798528456,,,True,False,True
Leukocytes,Myocytes,Psen1,Notch2,0.26682532,1.0,0.053498965,-0.18273946577036554,-0.26697085758434413,0.013390593,0.552612,1.0,1.0, ,,,midnightblue,0.62811133093121,False,True,True
Leukocytes,Myocytes,Mfge8,Itgb5,0.35582438,1.0,0.1224644,-0.700491385662136,-0.876350783465572,0.005807251,0.65142506,1.0,1.0, ,turquoise,0.345147275915014,tan,0.521580300356519,False,True,True
EndothelialCells,EndocardialCells,Adam10,Cd44,0.4006309,0.74,0.07432777,-0.043459153946430504,-0.0038952901651546634,0.01420277,0.59282136,1.0,1.0, ,yellow,0.336816268854491,yellow,0.212459882063522,True,True,True
EndothelialCells,EndocardialCells,Adam10,Tspan14,0.5903094,0.0,0.33767387,0.16716850267277317,0.24000727272363775,0.046544697,0.7562887,0.10657530047887531,1.0, ,yellow,0.336816268854491,,,True,False,True
EndothelialCells,EndocardialCells,Adam10,Tspan17,0.6083715,0.0,0.36275092,0.12929503260249822,0.18990793269028483,0.03937932,0.76282984,0.19108906511366144,1.0, ,yellow,0.336816268854491,,,True,False,True
SmoothMuscleCells,Leukocytes,Efnb2,Pecam1,0.2884004,1.0,0.06361676,-0.311411502087181,-0.6285312751414371,0.0071158004,0.5739137,1.0,1.0, ,,,lightcyan,0.23876749076216,False,True,True
SmoothMuscleCells,Leukocytes,Dcn,Tlr4,0.3309096,1.0,0.105651505,-0.24106542968434438,-0.23047517524432587,0.023526212,0.63447696,1.0,1.0, ,brown,0.830709760806168,turquoise,0.445876497103553,True,False,True
SmoothMuscleCells,Leukocytes,Bmp4,Lrp6,0.339227,0.603,0.07699815,-0.014180587806307363,-0.04001922274699676,0.028882492,0.5970743,0.9337884337352987,1.0, ,tan,0.262138911546446,,,True,False,True
Myocytes,Fibroblasts,Rgma,Neo1,0.25473976,0.0,0.06487839,0.09610165955783467,0.14193005895568317,0.031619105,0.576313,0.38726663831378305,1.0, ,magenta,0.587041033232271,yellow,0.471083556679634,False,True,True
Leukocytes,Myocytes,Tgfb1,Tgfbr1_Tgfbr2,0.47105375,0.002,0.07140168,0.07078810504447261,-0.04768107334665933,0.013870977,0.5879651,1.0,1.0, ,brown,0.780749588439731,,,True,False,True
Myocytes,Fibroblasts,Ntn1,Neo1,0.32365528,0.603,0.10050435,0.006680095031316287,-0.010229488576972978,0.022864264,0.6286662,0.9337884337352987,1.0, ,brown,0.721197217912499,yellow,0.471083556679634,True,True,True
EndothelialCells,EndocardialCells,Lamc1,Itga6_Itgb4,0.35060787,1.0,0.105382465,0.1727150569881884,-0.010130833959214214,0.09022232,0.63418126,1.0,1.0, ,brown,0.425314090034099,,,True,False,True
EndothelialCells,EndocardialCells,Lamb2,Cd44,0.35047194,1.0,0.063586615,-0.17983564146014086,-0.23183179818451904,0.01002456,0.57385576,1.0,1.0, ,,,yellow,0.212459882063522,False,True,True
SmoothMuscleCells,Leukocytes,C1qb,C1qbp,0.31967092,1.0,0.067839056,-0.12814041422878958,-0.3384818481800189,0.008638141,0.5817515,1.0,1.0, ,brown,0.693026240051891,darkturquoise,0.333408315529999,True,False,True
EndothelialCells,EndocardialCells,Igfbp4,Lrp6,0.2979354,1.0,0.08574026,-0.5049314962536955,-0.8289024692491185,0.007213065,0.60994,1.0,1.0, ,yellow,0.250676856753338,darkred,0.737642608147084,True,False,True
EndothelialCells,EndocardialCells,Lama4,Cd44,0.40656626,1.0,0.07559878,-0.0922013837759996,-0.05829681953882482,0.016132515,0.5948661,1.0,1.0, ,turquoise,0.738390664567965,yellow,0.212459882063522,False,True,True
Leukocytes,SmoothMuscleCells,Hspg2,Fgfr1,0.3600641,1.0,0.09666024,-0.5771364012077949,-0.7999517840793915,0.0071535055,0.6241029,1.0,1.0, ,brown,0.525122764314888,,,True,False,True
Leukocytes,SmoothMuscleCells,Hspg2,Ptprs,0.2491208,1.0,0.057065945,-0.49303013208975555,-0.6786152580122338,0.0075347284,0.5605766,1.0,1.0, ,brown,0.525122764314888,,,True,False,True
Leukocytes,SmoothMuscleCells,Hspg2,Sdc1,0.3231001,1.0,0.08346825,-0.16063180123700221,-0.3969436084003452,0.017132934,0.6067406,1.0,1.0, ,brown,0.525122764314888,purple,0.260770464928019,True,False,True
SmoothMuscleCells,Myocytes,Agrn,Lrp1,0.28146386,1.0,0.057359174,-0.2649129260438847,-0.44593974609206427,0.010405024,0.5612078,1.0,1.0, ,lightcyan,0.506165819314469,,,True,False,True
SmoothMuscleCells,Myocytes,Agrn,Lrp4,0.2802312,0.001,0.05630077,0.0930788250278401,0.08702993379695001,0.038153026,0.55891323,0.47092931215184725,1.0, ,lightcyan,0.506165819314469,magenta,0.707501763412421,True,False,True
SmoothMuscleCells,Leukocytes,Tgfb1,Lpp,0.301059,1.0,0.0883726,-0.33844986842312735,-0.49788661458811795,0.008032834,0.6135311,1.0,1.0, ,brown,0.732384831866489,,,True,False,True
SmoothMuscleCells,Leukocytes,Tgfb3,Acvrl1,0.5897416,0.046,0.33774903,0.04462856691866776,0.08873209604414467,0.05443994,0.7563093,0.6362424513981192,1.0, ,brown,0.511531512491637,turquoise,0.449593723252603,True,False,True
SmoothMuscleCells,Leukocytes,Tgfb1,Cav1,0.2906024,1.0,0.081081405,-0.5432436035837224,-0.8876897650783777,0.0047114445,0.603274,1.0,1.0, ,brown,0.732384831866489,brown,0.71721751830981,True,True,True
EndocardialCells,SmoothMuscleCells,Nlgn2,Nrxn1,0.28514242,0.0,0.08083252,0.5197492568841057,0.6128948890004585,0.19693409,0.60290605,0.028541536280802495,1.0, ,blue,0.630769116043744,brown,0.757758716445093,False,True,True
SmoothMuscleCells,Leukocytes,Icam1,Itgal_Itgb2,0.3092111,0.0,0.052579205,0.3478181493342978,0.28246792927678227,0.037818167,0.5504673,0.21906236193652828,1.0, ,darkorange,0.588329109955734,,,True,False,True
EndocardialCells,SmoothMuscleCells,Sema4c,Plxnb2,0.34070212,0.223,0.10377402,0.039668942163932686,-0.05364644729377693,0.029525265,0.6323953,0.7734084910805451,1.0, ,brown,0.775770606649022,brown,0.400012394284695,True,True,True
EndocardialCells,SmoothMuscleCells,Angptl1,Tek,0.2529721,1.0,0.062298723,-0.1362489328850492,-0.2677495729471261,0.032988586,0.57135195,1.0,1.0, ,purple,0.530375146159533,brown,0.708802168860815,False,True,True
EndocardialCells,SmoothMuscleCells,Adm,Ramp2,0.26397792,1.0,0.05460395,-0.6197624193568635,-0.7567462233431635,0.007886225,0.5551378,1.0,1.0, ,,,brown,0.775045808065257,False,True,True
Leukocytes,SmoothMuscleCells,Gdf15,Tgfbr2,0.31665498,1.0,0.08844511,0.06108877077613403,0.1236490644083375,0.064205356,0.6136284,1.0,1.0, ,turquoise,0.465058225761313,lightcyan,0.351666328866558,False,True,True
Leukocytes,SmoothMuscleCells,Fn1,Il17rc,0.2318522,0.952,0.048229184,-0.050712815860245467,-0.026014583184485823,0.023298454,0.53976107,1.0,1.0, ,,,yellow,0.338343360761078,False,True,True
Leukocytes,SmoothMuscleCells,Hspg2,Dag1,0.3323848,1.0,0.086781844,-0.44137677396890795,-0.5925073918491661,0.0080435695,0.61137545,1.0,1.0, ,brown,0.525122764314888,,,True,False,True
Leukocytes,Myocytes,Vcl,Itgb5,0.28633854,1.0,0.06406596,-0.4032983059175243,-0.6334133559734387,0.0056889714,0.5747738,1.0,1.0, ,,,tan,0.521580300356519,False,True,True
Leukocytes,Myocytes,Timp3,Ddr1,0.2856335,1.0,0.0708941,-0.5249433209794756,-0.5059646394560877,0.010469444,0.5871006,1.0,1.0, ,lightcyan,0.542032628399973,grey60,0.855792764263137,True,False,True
EndocardialCells,SmoothMuscleCells,Lamb1,Itga6_Itgb1,0.361363,1.0,0.09751132,-0.13012595772923347,-0.3168381064249086,0.022240097,0.6251306,1.0,1.0, ,brown,0.406739902075495,,,True,False,True
SmoothMuscleCells,Leukocytes,Lamb1,Itga9_Itgb1,0.3429586,1.0,0.10867093,-0.08236835043902839,-0.06232581628903783,0.023916941,0.6377382,1.0,1.0, ,brown,0.764130236562423,,,True,False,True
SmoothMuscleCells,Leukocytes,Lama4,Dag1,0.24968174,1.0,0.04943842,-0.3496640504979518,-0.5784223330507179,0.0069320146,0.5428354,1.0,1.0, ,lightcyan,0.371485020380501,,,True,False,True
EndocardialCells,SmoothMuscleCells,Pdgfb,S1pr1,0.28697366,1.0,0.07486399,-0.38103369699381917,-0.7837513114547103,0.008176828,0.5936886,1.0,1.0, ,,,brown,0.496884663475412,False,True,True
EndocardialCells,SmoothMuscleCells,Pf4,Lrp1,0.38113576,1.0,0.09865017,-0.22226617588964495,-0.5761357094209743,0.012166943,0.6264902,1.0,1.0, ,brown,0.901042251404365,brown,0.561942294262648,True,True,True
SmoothMuscleCells,Leukocytes,Icam1,Itgam_Itgb2,0.51908696,0.0,0.09529685,0.6441000732150969,0.5427668460244439,0.040645067,0.62243515,0.1728303695839477,1.0, ,darkorange,0.588329109955734,,,True,False,True
EndocardialCells,SmoothMuscleCells,C1qb,Lrp1,0.36687857,1.0,0.081625976,-0.22155278110067256,-0.5324219625196522,0.01103431,0.6040748,1.0,1.0, ,brown,0.866130228347949,brown,0.561942294262648,True,True,True
EndocardialCells,SmoothMuscleCells,C3,Lrp1,0.3477206,1.0,0.058749832,-0.37155260326717715,-0.6535204829651435,0.010755132,0.56415516,1.0,1.0, ,blue,0.258833517861709,brown,0.561942294262648,False,True,True
SmoothMuscleCells,Leukocytes,Mfap5,Notch1,0.2777567,1.0,0.06330796,-0.4302447243339714,-0.7082419451350961,0.007975265,0.57331866,1.0,1.0, ,darkorange,0.675305102108676,turquoise,0.391504575553089,True,False,True
EndocardialCells,SmoothMuscleCells,Col1a2,Flt4,0.25047213,1.0,0.06170207,-0.257246632008488,-0.4257200138832902,0.017363954,0.5701731,1.0,1.0, ,blue,0.218085546763467,tan,0.230468949826405,False,True,True
EndocardialCells,SmoothMuscleCells,Fbn1,Itga5,0.26073784,1.0,0.06693977,-0.3363169675581664,-0.5194582445830407,0.012679834,0.5801271,1.0,1.0, ,,,brown,0.546566959140606,False,True,True
SmoothMuscleCells,Leukocytes,Nampt,Insr,0.3234843,0.197,0.091157295,0.01928917344087246,0.0031793125969174496,0.01638751,0.61720276,1.0,1.0, ,lightcyan,0.281201497523699,turquoise,0.443732032238714,True,False,True
SmoothMuscleCells,Leukocytes,Nampt,Itga5_Itgb1,0.3558342,0.991,0.119599834,-0.057706206776051636,-0.10715409961178751,0.021159664,0.64873296,1.0,1.0, ,lightcyan,0.281201497523699,,,True,False,True
Leukocytes,Myocytes,Vcam1,Itga9_Itgb1,0.26824388,1.0,0.051365007,-0.2090131974355461,-0.3275082506965561,0.009373409,0.54757494,1.0,1.0, ,brown,0.83472210884007,,,True,False,True
SmoothMuscleCells,Myocytes,Col6a1,Cd44,0.26564798,1.0,0.05751699,-0.16907964917997725,-0.2388131042934846,0.021372475,0.56154597,1.0,1.0, ,brown,0.618792290214031,magenta,0.718777026774563,True,False,True
SmoothMuscleCells,Myocytes,Col6a1,Itga3_Itgb1,0.25936404,0.914,0.052742537,0.0377558410601352,0.002130096414998728,0.052426126,0.55085105,1.0,1.0, ,brown,0.618792290214031,,,True,False,True
EndocardialCells,Myocytes,Dll4,Notch2,0.2822235,1.0,0.05761939,-0.14338561609452166,-0.27633481370468743,0.017086744,0.56176496,1.0,1.0, ,,,midnightblue,0.62811133093121,False,True,True
Myocytes,Fibroblasts,Gstp2,Traf2,0.24776039,0.0,0.059593353,0.09969733846764993,0.11248558810878789,0.049309894,0.56590694,0.20395593738412277,1.0, ,tan,0.462514063069149,,,True,False,True
Leukocytes,SmoothMuscleCells,Tgm2,Sdc4,0.35231745,1.0,0.12385362,-0.3416332656684816,-0.44590269497310037,0.011706369,0.6527046,1.0,1.0, ,turquoise,0.614831338231344,tan,0.661881494233523,False,True,True
Leukocytes,SmoothMuscleCells,Tgm2,Tbxa2r,0.3063813,1.0,0.089964755,-0.17536120128572574,-0.25416066618614147,0.02604617,0.6156459,1.0,1.0, ,turquoise,0.614831338231344,tan,0.583779196602556,False,True,True
Leukocytes,SmoothMuscleCells,Pi16,Tnfrsf21,0.27415895,1.0,0.07249696,-0.1141197625126012,-0.3079481961596782,0.027832828,0.5898078,1.0,1.0, ,brown,0.683617070582235,brown,0.729469459126359,True,True,True
Leukocytes,SmoothMuscleCells,Pdgfb,S1pr1,0.35237092,1.0,0.12371808,-0.30746333349270116,-0.5862242683740784,0.013512792,0.6525805,1.0,1.0, ,turquoise,0.576475072819645,brown,0.496884663475412,False,True,True
Leukocytes,SmoothMuscleCells,Copa,Cd74,0.36366865,1.0,0.084724896,-0.18082713020447092,-0.2465118684542158,0.010343643,0.60852194,1.0,1.0, ,turquoise,0.276557549193086,brown,0.628700992199273,False,True,True
Leukocytes,SmoothMuscleCells,Cxcl12,Itgav,0.29044083,1.0,0.07535103,-0.39344419354894394,-0.6564594416242125,0.010385834,0.5944705,1.0,1.0, ,brown,0.630654513966125,blue,0.303344082519337,True,False,True
EndocardialCells,SmoothMuscleCells,C1qb,C1qbp,0.35146546,0.998,0.07741147,-0.07689363721512643,-0.3081127394420106,0.009857025,0.59771806,1.0,1.0, ,brown,0.866130228347949,,,True,False,True
EndocardialCells,Myocytes,Mdk,Ncl,0.5982708,0.957,0.33440888,-0.0626764689631292,-0.026106102293703026,0.04189961,0.75539225,1.0,1.0, ,blue,0.553764207837376,darkorange,0.322095469852674,False,True,True
EndocardialCells,Myocytes,Mdk,Notch2,0.28935388,0.999,0.059527423,-0.08828152122394431,-0.16523726378606302,0.019397158,0.565771,1.0,1.0, ,blue,0.553764207837376,midnightblue,0.62811133093121,False,True,True
EndocardialCells,Myocytes,Ntn1,Unc5b,0.55051047,0.0,0.08765381,0.12728364909049367,-0.10454488717357435,0.016611608,0.6125625,1.0,1.0, ,brown,0.425522037629137,,,True,False,True
SmoothMuscleCells,Myocytes,Bmp4,Lrp6,0.25785348,1.0,0.05354725,-0.13506026610899757,-0.28873250358751495,0.020085912,0.55272347,1.0,1.0, ,tan,0.262138911546446,greenyellow,0.481143038214187,True,False,True
SmoothMuscleCells,Myocytes,Bgn,Ly96,0.6046232,0.285,0.09673138,-0.008916610964324612,-0.24556706503290754,0.011357554,0.6241892,1.0,1.0, ,,,tan,0.509725385310724,False,True,True
SmoothMuscleCells,Myocytes,Adam10,Notch2,0.2516659,1.0,0.049442418,-0.377527150076719,-0.525179823049624,0.0063270284,0.5428454,1.0,1.0, ,red,0.449991483193517,midnightblue,0.62811133093121,False,True,True
SmoothMuscleCells,Myocytes,Adam10,Tspan17,0.28787547,1.0,0.0762039,-0.3144144071409857,-0.5094508215609601,0.008272503,0.59582645,1.0,1.0, ,red,0.449991483193517,tan,0.445930867332554,False,True,True
SmoothMuscleCells,Myocytes,Agrn,Itgb1,0.6015942,1.0,0.33223864,-0.22806624838513503,-0.1386525547145691,0.02745952,0.7547901,1.0,1.0, ,lightcyan,0.506165819314469,greenyellow,0.433544316700636,True,False,True
EndocardialCells,SmoothMuscleCells,Angptl2,Tie1,0.31233907,1.0,0.097417325,-0.2509213343553238,-0.5187129806219392,0.011908594,0.6250176,1.0,1.0, ,blue,0.586990939758655,darkorange,0.471040667965038,False,True,True
EndocardialCells,SmoothMuscleCells,Agrn,Lrp1,0.58820266,0.0,0.3459043,0.1567280260306257,0.1350045692576501,0.062747456,0.7585012,0.16436974864961668,1.0, ,brown,0.356244589967685,brown,0.561942294262648,True,True,True
EndocardialCells,SmoothMuscleCells,Ang,Plxnb2,0.3484393,0.027,0.11076265,0.06712180853179084,0.022189018828076,0.031391747,0.6399377,0.6046232655071674,1.0, ,,,brown,0.400012394284695,False,True,True
EndocardialCells,SmoothMuscleCells,Col18a1,Itga5,0.31836098,0.059,0.09326429,0.10417969530175439,0.08204559814613338,0.033273883,0.61989844,0.6550673337320806,1.0, ,pink,0.24452664031088,brown,0.546566959140606,False,True,True
EndocardialCells,SmoothMuscleCells,Angpt2,Tie1,0.30142468,1.0,0.090342544,-0.1332594471991129,-0.3328063886524155,0.01976702,0.61614156,1.0,1.0, ,,,darkorange,0.471040667965038,False,True,True
EndocardialCells,SmoothMuscleCells,Adam17,Itga5,0.2737042,1.0,0.07286331,-0.18047344899495574,-0.29061012403440706,0.016319962,0.59041744,1.0,1.0, ,,,brown,0.546566959140606,False,True,True
EndocardialCells,SmoothMuscleCells,Angpt2,Tek,0.28645164,1.0,0.08199518,-0.20829878525354775,-0.3943450367993061,0.016495245,0.6046143,1.0,1.0, ,,,brown,0.708802168860815,False,True,True
SmoothMuscleCells,Leukocytes,Tgfb3,Tgfbr1_Tgfbr2,0.6008415,0.0,0.35306635,0.3331191365872239,0.5141538097613709,0.102400005,0.7603732,0.028541536280802495,1.0, ,brown,0.511531512491637,,,True,False,True
Myocytes,Fibroblasts,Lama5,Sdc1,0.25940248,0.0,0.06728932,0.2306899295096801,0.29812801978702297,0.04758582,0.5807613,0.09789461357637813,1.0, ,tan,0.625776798528456,,,True,False,True
Myocytes,Fibroblasts,Lama2,Itga9_Itgb1,0.30386257,1.0,0.091449134,-0.09035924301102025,-0.22315483809569148,0.027101893,0.61758024,1.0,1.0, ,midnightblue,0.3482443250449,,,True,False,True
Leukocytes,SmoothMuscleCells,Col4a2,Itga1_Itgb1,0.42569125,1.0,0.09723428,-0.23977197755771018,-0.4161968778078461,0.0116078975,0.62479717,1.0,1.0, ,brown,0.55242115377533,,,True,False,True
Leukocytes,SmoothMuscleCells,Col4a2,Sdc1,0.30182832,1.0,0.06356825,-0.09433968134006815,-0.3467357162284314,0.015209059,0.5738204,1.0,1.0, ,brown,0.55242115377533,purple,0.260770464928019,True,False,True
EndocardialCells,Myocytes,Psen1,Ncstn,0.3162651,1.0,0.09618284,-0.16236648857258293,-0.2858488308968739,0.018293573,0.6235219,1.0,1.0, ,purple,0.639757294643263,tan,0.790441710487318,False,True,True
SmoothMuscleCells,Myocytes,Gpc3,Lrp1,0.25440282,1.0,0.050128285,-0.02101511777687476,-0.24289168346342416,0.025740677,0.54455435,1.0,1.0, ,yellow,0.626181888304277,,,True,False,True
SmoothMuscleCells,Myocytes,Col6a1,Itga6,0.27615404,1.0,0.06549934,-0.23770748925871366,-0.43253970700751737,0.019434234,0.57747555,1.0,1.0, ,brown,0.618792290214031,black,0.316363635887183,True,False,True
SmoothMuscleCells,Myocytes,Col6a2,Cd44,0.27959457,1.0,0.061740104,-0.1481788955343767,-0.21731935371921537,0.02250393,0.5702486,1.0,1.0, ,brown,0.539639213218055,magenta,0.718777026774563,True,False,True
EndocardialCells,Myocytes,Col4a1,Cd93,0.416333,1.0,0.07411344,-0.5469602408151897,-0.9248855255249957,0.0035923114,0.5924728,1.0,1.0, ,,,tan,0.291337625930732,False,True,True
SmoothMuscleCells,Myocytes,Efnb2,Ephb4,0.33965066,1.0,0.10751265,-0.13241384891249763,-0.39791865997154313,0.01483269,0.63649946,1.0,1.0, ,,,brown,0.458366113710416,False,True,True
EndocardialCells,Myocytes,Efnb2,Pecam1,0.47837865,1.0,0.09221244,-0.03928699597509344,-0.3095975350199008,0.010314346,0.6185613,1.0,1.0, ,lightcyan,0.297527702145485,grey60,0.789384948731295,True,False,True
EndocardialCells,Myocytes,Efemp2,Aqp1,0.3110039,1.0,0.07413532,-0.27946751006447473,-0.5426213566461192,0.01215507,0.5925084,1.0,1.0, ,brown,0.641190213682498,tan,0.720394893145201,True,True,True
Leukocytes,SmoothMuscleCells,Serping1,Lrp1,0.38034177,1.0,0.097702086,-0.4647085660401522,-0.7596422361304532,0.0093974145,0.6253596,1.0,1.0, ,,,brown,0.561942294262648,False,True,True
EndocardialCells,Myocytes,Tln1,Itgb5,0.6023874,1.0,0.329685,-0.18576093373410904,-0.3158273894155025,0.019017462,0.7540754,1.0,1.0, ,,,tan,0.521580300356519,False,True,True
EndocardialCells,Myocytes,Lamb1,Cd44,0.34731153,0.96,0.08224524,-0.06638852002402285,-0.14331464405092617,0.02349203,0.6049782,1.0,1.0, ,brown,0.406739902075495,magenta,0.718777026774563,True,False,True
EndocardialCells,Myocytes,Itgb3bp,Itgb5,0.29186493,1.0,0.06871054,-0.21362206484253882,-0.3525662523428819,0.017556703,0.58330363,1.0,1.0, ,red,0.478674602969577,tan,0.521580300356519,False,True,True
EndocardialCells,Leukocytes,Rarres2,Cmklr1,0.37827435,1.0,0.095991105,-0.11291842113322231,-0.1328950002247158,0.025210725,0.62328774,1.0,1.0, ,blue,0.452535938660629,brown,0.708625313340797,False,True,True
SmoothMuscleCells,Myocytes,Dkk3,Kremen1,0.28184974,0.966,0.06576238,-0.019281184936645823,-0.15325081070817764,0.021653572,0.5779644,1.0,1.0, ,brown,0.549785677933054,black,0.723222385148284,True,False,True
SmoothMuscleCells,Myocytes,Hbegf,Cd44,0.28284654,0.0,0.06272482,0.3322324787508338,0.20259910059372513,0.045751147,0.5721864,0.1127831300756118,1.0, ,midnightblue,0.453211769212941,magenta,0.718777026774563,True,False,True
SmoothMuscleCells,Myocytes,Hbegf,Cd82,0.26744506,0.0,0.049963463,0.2697971528760094,0.1324009801232195,0.024507152,0.54414594,0.7555853046988763,1.0, ,midnightblue,0.453211769212941,tan,0.768715332718157,True,True,True
SmoothMuscleCells,Myocytes,Gpc3,Igf1r,0.32111374,0.0,0.100188464,0.2907986543236929,0.2391164130739305,0.074597165,0.6282987,0.08181454273782911,1.0, ,yellow,0.626181888304277,magenta,0.745399090327849,True,False,True
SmoothMuscleCells,Myocytes,Angptl2,Tie1,0.4335819,0.999,0.06818774,-0.055798440217148054,-0.27926558356939923,0.0083354805,0.5823751,1.0,1.0, ,brown,0.568414991509247,darkorange,0.249810980800106,True,True,True
EndocardialCells,Myocytes,Sema6d,Kdr_Plxna1,0.41269663,1.0,0.060437515,-0.07622474223194764,-0.440783670737947,0.0075261085,0.5676338,1.0,1.0, ,brown,0.626638970075587,,,True,False,True
EndocardialCells,Myocytes,Sema4c,Plxnb2,0.33809996,0.25,0.102578185,0.03525385572928412,-0.10092200267604068,0.029185034,0.63104707,0.7840332947297813,1.0, ,brown,0.775770606649022,,,True,False,True
Leukocytes,SmoothMuscleCells,Mfap5,Notch1,0.40133628,1.0,0.079395,-0.2638856464769036,-0.5329839331909795,0.010001841,0.60075605,1.0,1.0, ,brown,0.653289848117782,,,True,False,True
SmoothMuscleCells,Leukocytes,Tnxb,Itga9_Itgb1,0.32747948,1.0,0.095124796,-0.10423344366422267,-0.113703567087941,0.027756788,0.6222228,1.0,1.0, ,brown,0.639495460766757,,,True,False,True
SmoothMuscleCells,Leukocytes,Thbs2,Itga4,0.3530494,0.0,0.089040086,0.49896567212940124,0.41093448543517186,0.12495827,0.61442286,0.028541536280802495,1.0, ,red,0.386470326894574,midnightblue,0.644281789489508,False,True,True
EndocardialCells,Myocytes,Tgfb2,Tgfbr3,0.32274306,1.0,0.10154634,-0.09781242745402868,-0.15675813014379902,0.026059408,0.62986934,1.0,1.0, ,,,brown,0.487576749012742,False,True,True
SmoothMuscleCells,Leukocytes,Vwf,Itga4,0.33995247,0.0,0.074849844,0.513019642753404,0.31596036258113097,0.040579572,0.59366584,0.17350307862871958,1.0, ,,,midnightblue,0.644281789489508,False,True,True
Leukocytes,SmoothMuscleCells,Sema4d,Plxnb2,0.34447736,0.0,0.10718403,0.3770900072812348,0.4382152771813901,0.062331773,0.63614523,0.03415039088016465,1.0, ,greenyellow,0.187813569776524,brown,0.400012394284695,False,True,True
Leukocytes,SmoothMuscleCells,Serpinf1,Plxdc1,0.3234918,0.814,0.09811507,0.0407982039337377,0.1285961150910918,0.062111538,0.62585354,1.0,1.0, ,blue,0.23312485355779,brown,0.564391916760816,False,True,True
Leukocytes,SmoothMuscleCells,Tgm2,Itga9,0.31037742,1.0,0.09291287,-0.28277053867244206,-0.35569748436939314,0.010468101,0.6194536,1.0,1.0, ,turquoise,0.614831338231344,brown,0.572216452048973,False,True,True
SmoothMuscleCells,Myocytes,Adam15,Itga9,0.32666105,1.0,0.065940395,-0.33786101490662523,-0.5657016668936838,0.008343771,0.5782941,1.0,1.0, ,lightcyan,0.35510465639107,,,True,False,True
SmoothMuscleCells,Myocytes,Col1a1,Itga5,0.2535252,1.0,0.06349131,-0.30698434126017315,-0.4704789379927437,0.018264044,0.5736723,1.0,1.0, ,brown,0.614930628804247,magenta,0.871006489400557,True,False,True
EndocardialCells,Myocytes,Lamb2,Cd44,0.3873033,1.0,0.094355,-0.1155206092685302,-0.1844948762231727,0.014875256,0.6212673,1.0,1.0, ,brown,0.473770160271624,magenta,0.718777026774563,True,False,True
EndocardialCells,Myocytes,Lamb2,Dag1,0.5992238,0.0,0.35849413,0.11571472702515025,0.08040330095130915,0.037135497,0.7617603,0.23541599853055223,1.0, ,brown,0.473770160271624,,,True,False,True
Myocytes,Fibroblasts,Gnai2,S1pr3,0.5768783,1.0,0.33197036,-0.6604028566004491,-0.1338805199267467,0.019940771,0.75471544,1.0,1.0, ,tan,0.462915726534463,,,True,False,True
Myocytes,EndocardialCells,Bmp1,Bmpr1a,0.4356838,0.003,0.09218714,0.08197325127012886,0.008262384656720634,0.023041042,0.61852896,0.8545420799498035,1.0, ,,,brown,0.63259098022929,False,True,True
SmoothMuscleCells,Myocytes,Inhba,Tgfbr3,0.30095452,0.53,0.085252985,0.02972579351327817,0.04175477449858292,0.05681655,0.6092618,0.9052355937919994,1.0, ,darkturquoise,0.210882516537359,brown,0.487576749012742,False,True,True
SmoothMuscleCells,Myocytes,Itgb3bp,Itgb5,0.3018789,1.0,0.07712665,-0.19480624408301064,-0.2995809487825991,0.01970716,0.5972749,1.0,1.0, ,blue,0.523607479933309,tan,0.521580300356519,False,True,True
EndocardialCells,Myocytes,Agrn,Lrp4,0.3552521,0.0,0.07597696,0.21078450292740344,0.2417577427220461,0.05148688,0.59546727,0.08035488035709741,1.0, ,brown,0.356244589967685,magenta,0.707501763412421,True,False,True
SmoothMuscleCells,Myocytes,Lama4,Cd44,0.25733718,1.0,0.05500042,-0.25504384827010473,-0.4020308495375827,0.011736898,0.5560309,1.0,1.0, ,lightcyan,0.371485020380501,magenta,0.718777026774563,True,False,True
SmoothMuscleCells,Myocytes,Lama4,Itga3_Itgb1,0.2510532,1.0,0.05043487,-0.04820835802999229,-0.16108764882909943,0.028790304,0.5453104,1.0,1.0, ,lightcyan,0.371485020380501,,,True,False,True
SmoothMuscleCells,Myocytes,Lama4,Itga6_Itgb1,0.26784325,1.0,0.06263352,-0.3236716883488412,-0.5957574522516156,0.010672494,0.57200813,1.0,1.0, ,lightcyan,0.371485020380501,,,True,False,True
Myocytes,Fibroblasts,Cxcl12,Itga5,0.30826375,1.0,0.0722391,-0.4369464000214297,-0.6881824246748283,0.008441282,0.58937675,1.0,1.0, ,tan,0.577984649656319,turquoise,0.507813729973822,True,False,True
SmoothMuscleCells,Myocytes,Col1a1,Ddr1,0.30728382,0.931,0.08773966,0.034004685669055595,-0.051395395053495885,0.046215445,0.6126786,1.0,1.0, ,brown,0.614930628804247,grey60,0.855792764263137,True,False,True
EndocardialCells,Myocytes,Lamc1,Cd44,0.3662875,1.0,0.08799128,-0.19243985422728366,-0.3255347079656459,0.016999032,0.61301833,1.0,1.0, ,brown,0.697901590493492,magenta,0.718777026774563,True,False,True
EndocardialCells,Myocytes,Lamc1,Dag1,0.57820797,0.312,0.33431572,0.0387954820663968,-0.06063653079116399,0.04243742,0.75536644,0.8144086004225578,1.0, ,brown,0.697901590493492,,,True,False,True
Myocytes,Fibroblasts,Ctf1,Il6st_Lifr,0.23052832,0.792,0.053137973,0.16210895729184527,-0.03596899138772314,0.03968277,0.5517749,1.0,1.0, ,tan,0.511704079589461,,,True,False,True
Myocytes,EndocardialCells,Bgn,Ly96,0.26349533,1.0,0.06760531,-0.43913833639703703,-0.6336947189313391,0.007937764,0.58133155,1.0,1.0, ,darkorange,0.218523360661584,,,True,False,True
Myocytes,Fibroblasts,C1qb,C1qbp,0.33496884,1.0,0.06939856,-0.10297156533305118,-0.3003241123029689,0.008836717,0.584514,1.0,1.0, ,brown,0.759344460789136,,,True,False,True
SmoothMuscleCells,Myocytes,Hspg2,Lrp1,0.42007703,1.0,0.094397545,-0.5935127626785015,-0.8380279953910005,0.0061732912,0.62132037,1.0,1.0, ,brown,0.289796805062604,,,True,False,True
Myocytes,EndocardialCells,Bgn,Tlr4,0.23696476,1.0,0.055890393,-0.40004205302374984,-0.5506890810809373,0.009717414,0.5580113,1.0,1.0, ,darkorange,0.218523360661584,,,True,False,True
EndocardialCells,Myocytes,Lamb2,Itga3_Itgb1,0.38101935,0.317,0.086522646,0.09131488097158226,0.05644832448531062,0.03648862,0.61102,0.8161335849399681,1.0, ,brown,0.473770160271624,,,True,False,True
EndocardialCells,Myocytes,Lamb2,Itga9_Itgb1,0.37397793,1.0,0.07774619,-0.17455146293024815,-0.35220372407661327,0.009444112,0.59823674,1.0,1.0, ,brown,0.473770160271624,,,True,False,True
Myocytes,Fibroblasts,Fgf13,Egfr,0.6064608,0.0,0.34606582,1.0699763369574018,1.2757278927959688,0.5606233,0.75854397,0.00039114276037678316,1.0, ,tan,0.510793532992465,,,True,False,True
EndocardialCells,Myocytes,Lamb1,Itga6_Itgb1,0.3578176,1.0,0.09365944,-0.13501636010275928,-0.33704124676495895,0.02136157,0.62039644,1.0,1.0, ,brown,0.406739902075495,,,True,False,True
EndocardialCells,Myocytes,Lamb1,Itga9_Itgb1,0.33398616,1.0,0.067768045,-0.1254193736857408,-0.31102349190436673,0.014914792,0.5816241,1.0,1.0, ,brown,0.406739902075495,,,True,False,True
SmoothMuscleCells,Myocytes,Col6a2,Itga9_Itgb1,0.2662692,1.0,0.050872322,-0.20720974919609464,-0.38502820157265594,0.014287459,0.5463808,1.0,1.0, ,brown,0.539639213218055,,,True,False,True
SmoothMuscleCells,Myocytes,Cp,Slc40a1,0.32710314,1.0,0.10672322,0.02233174386447151,-0.15297562537317114,0.028829675,0.63564646,1.0,1.0, ,lightcyan,0.723047431250866,magenta,0.862475051284496,True,False,True
EndocardialCells,Myocytes,Jag1,Notch2,0.26555592,1.0,0.053159278,-0.14155839234271905,-0.2532874902178063,0.011826426,0.55182445,1.0,1.0, ,,,midnightblue,0.62811133093121,False,True,True
Leukocytes,SmoothMuscleCells,Tfpi,Sdc4,0.2821818,1.0,0.07675534,-0.2522842453347224,-0.42103036902928753,0.009267551,0.59669435,1.0,1.0, ,brown,0.786058550988916,tan,0.661881494233523,True,True,True
SmoothMuscleCells,Myocytes,Col1a2,Cd93,0.34080958,1.0,0.05880615,-0.38998036518484736,-0.7946334095583414,0.00543917,0.56427294,1.0,1.0, ,,,tan,0.291337625930732,False,True,True
SmoothMuscleCells,Myocytes,Col5a2,Ddr1,0.34523588,0.001,0.11726924,0.1490998617449703,0.10583096366351025,0.05011182,0.64648753,0.47092931215184725,1.0, ,lightcyan,0.406604134533021,grey60,0.855792764263137,True,False,True
EndocardialCells,Myocytes,Lamc1,Itga1,0.33408207,1.0,0.05055753,-0.3173280866971792,-0.6726659451575007,0.00709154,0.5456115,1.0,1.0, ,brown,0.697901590493492,darkgreen,0.785762693213249,True,False,True
EndocardialCells,Myocytes,Lamb1,Itga3_Itgb1,0.34102756,0.002,0.07541811,0.1404469702160896,0.09762855665755715,0.057625342,0.5945777,0.4939114915418876,1.0, ,brown,0.406739902075495,,,True,False,True
Leukocytes,SmoothMuscleCells,Pdgfc,Flt4,0.3262797,0.0,0.094801635,0.434690239491064,0.5861448362322417,0.081946716,0.6218228,0.028541536280802495,1.0, ,turquoise,0.457476793126377,tan,0.230468949826405,False,True,True
EndocardialCells,Myocytes,Lamc1,Itga3_Itgb1,0.36000353,0.999,0.08068718,0.01439563601282881,-0.08459150725716252,0.041698184,0.6026906,1.0,1.0, ,brown,0.697901590493492,,,True,False,True
EndocardialCells,Myocytes,Lamc1,Itga9_Itgb1,0.35296214,1.0,0.07250264,-0.2514707078890016,-0.4932435558190864,0.01079247,0.5898173,1.0,1.0, ,brown,0.697901590493492,,,True,False,True
Myocytes,EndocardialCells,Fgf1,Cd44,0.4990364,0.0,0.09540054,0.88548535409344,0.654043270992605,0.039052248,0.62256294,0.1962096881298014,1.0, ,orange,0.689259866805731,yellow,0.212459882063522,True,True,True
Myocytes,EndocardialCells,Fadd,Abca1,0.3565585,0.0,0.11745163,0.14730346352500545,0.1369278016583344,0.046718817,0.6466651,0.16222395823492913,1.0, ,grey60,0.779897975963438,lightcyan,0.751980973473931,False,True,True
EndocardialCells,Leukocytes,C1qb,C1qbp,0.32086378,1.0,0.069043875,-0.12637629822127414,-0.3495659797073208,0.008791555,0.58389163,1.0,1.0, ,brown,0.866130228347949,darkturquoise,0.333408315529999,True,False,True
SmoothMuscleCells,Myocytes,Serpine1,Itgb5,0.29341555,1.0,0.07001372,-0.12275266798227237,-0.2238396437488339,0.03425758,0.5855852,1.0,1.0, ,darkorange,0.42575759209786,tan,0.521580300356519,True,True,True
SmoothMuscleCells,Myocytes,S100a9,Cd36,0.56729406,0.002,0.083657496,0.051580917950791554,-0.13114203765560073,0.036782213,0.6070107,0.7802526596642387,1.0, ,,,brown,0.500716969407465,False,True,True
SmoothMuscleCells,Myocytes,Sema3f,Nrp1,0.31361467,1.0,0.09823029,-0.5640188601717725,-0.6199200209044637,0.012081651,0.625991,1.0,1.0, ,darkorange,0.470908481252909,,,True,False,True
EndocardialCells,Leukocytes,Col4a5,Cd93,0.3575468,1.0,0.1113828,-0.17103792118455124,-0.34171878319166904,0.01830072,0.64058065,1.0,1.0, ,,,brown,0.634483899866545,False,True,True
EndocardialCells,Leukocytes,Col4a1,Cd93,0.60857797,1.0,0.35530043,-0.32143740281541366,-0.5164686785791317,0.01722157,0.7609474,1.0,1.0, ,,,brown,0.634483899866545,False,True,True
Myocytes,Fibroblasts,Col4a5,Sdc1,0.2564838,0.0,0.06577175,0.125476484009956,0.16212373675571184,0.047456883,0.57798177,0.15936055098865298,1.0, ,brown,0.598294810383622,,,True,False,True
Leukocytes,SmoothMuscleCells,Timp3,Kdr,0.2637624,1.0,0.062922984,-0.9337757287543381,-1.108852474925331,0.0037192355,0.57257247,1.0,1.0, ,lightcyan,0.542032628399973,,,True,False,True
Leukocytes,SmoothMuscleCells,Tnf,Flt4,0.35392213,0.0,0.10687103,0.48085222807319,0.5935480746060486,0.1260346,0.6358068,0.028541536280802495,1.0, ,turquoise,0.350511842215774,tan,0.230468949826405,False,True,True
SmoothMuscleCells,Myocytes,Lrpap1,Sort1,0.6110215,0.0,0.36207935,0.47583497921263795,0.3963303324518669,0.04778647,0.7626621,0.09636858774353789,1.0, ,darkred,0.461245395882384,midnightblue,0.356528030180206,False,True,True
Myocytes,EndocardialCells,C1qb,C1qbp,0.3702398,0.967,0.07843313,-0.04593875042696566,-0.26360010151284263,0.009987116,0.5992934,1.0,1.0, ,brown,0.759344460789136,,,True,False,True
EndocardialCells,Leukocytes,C1qa,Cd93,0.31634519,1.0,0.07134873,-0.27509934611508646,-0.6441487807813757,0.006717797,0.5878752,1.0,1.0, ,blue,0.599536949839547,brown,0.634483899866545,False,True,True
Myocytes,EndocardialCells,Cxcl12,Sdc4,0.2810641,1.0,0.063681625,-0.5099548353926647,-0.8116760335665028,0.007076324,0.5740383,1.0,1.0, ,tan,0.577984649656319,lightgreen,0.137793776609083,True,False,True
Myocytes,EndocardialCells,Col4a5,Itga1_Itgb1,0.2508309,1.0,0.062911466,-0.08902810509013545,-0.2573681229132837,0.022649655,0.57255,1.0,1.0, ,brown,0.598294810383622,,,True,False,True
SmoothMuscleCells,Myocytes,Hbegf,Prlr,0.30627462,0.0,0.08213686,0.8561621127332588,0.5546511260287321,0.36114782,0.60482067,0.028541536280802495,1.0, ,midnightblue,0.453211769212941,darkgreen,0.848270237764709,True,False,True
SmoothMuscleCells,Myocytes,Col6a2,Itga3_Itgb1,0.2733106,0.736,0.05661509,0.058656594705735754,0.02362384698926795,0.055201553,0.55959946,1.0,1.0, ,brown,0.539639213218055,,,True,False,True
EndocardialCells,Myocytes,Agrn,Lrp1,0.3564847,1.0,0.07740526,-0.1472072481443214,-0.2912119371669682,0.014041408,0.59770846,1.0,1.0, ,brown,0.356244589967685,,,True,False,True
SmoothMuscleCells,Myocytes,Efnb1,Ephb4,0.303389,1.0,0.08930561,-0.2833470924192143,-0.6267498784544148,0.012429906,0.61477554,1.0,1.0, ,brown,0.361961852199938,brown,0.458366113710416,True,True,True
SmoothMuscleCells,Myocytes,Efnb1,Erbb2,0.28823814,0.833,0.07852646,0.0073096423971144575,-0.07823622740695566,0.042419653,0.5994362,1.0,1.0, ,brown,0.361961852199938,magenta,0.715690963110844,True,False,True
EndocardialCells,Myocytes,Cklf,Lrp6,0.25147536,0.938,0.048806865,-0.04895416179724183,-0.14745702414952663,0.020889234,0.5412397,1.0,1.0, ,yellow,0.477238308876693,greenyellow,0.481143038214187,True,False,True
EndocardialCells,Myocytes,C4b,Nrp1,0.25236475,1.0,0.06117596,-0.7776457591759942,-1.0042487545027567,0.005392277,0.5691235,1.0,1.0, ,brown,0.65851944024539,,,True,False,True
Myocytes,Fibroblasts,Col4a5,Itga9_Itgb1,0.29328883,0.125,0.08439467,0.024456493776537067,-0.012334652551117598,0.032244757,0.60805666,0.7089921585047191,1.0, ,brown,0.598294810383622,,,True,False,True
Myocytes,Fibroblasts,Col4a5,Itga11_Itgb1,0.2686674,0.0,0.071936525,0.18338281038455792,0.38692278017859527,0.16333391,0.58886874,0.0871139115167654,1.0, ,brown,0.598294810383622,,,True,False,True
EndocardialCells,Leukocytes,Tnxb,Itga9_Itgb1,0.28480935,1.0,0.05778322,-0.1614515108767131,-0.2539463585711118,0.016860763,0.5621145,1.0,1.0, ,lightcyan,0.362077206073838,,,True,False,True
Myocytes,Fibroblasts,Cxcl12,Itgav,0.32880902,1.0,0.07870299,-0.3198521349582254,-0.46702647819503074,0.010847845,0.59970576,1.0,1.0, ,tan,0.577984649656319,,,True,False,True
Leukocytes,SmoothMuscleCells,Vcam1,Itga9_Itgb1,0.33181044,1.0,0.103710204,-0.11338917989079018,-0.07346524968849333,0.01892569,0.63232374,1.0,1.0, ,brown,0.83472210884007,,,True,False,True
EndocardialCells,Myocytes,Adam9,Itgb5,0.33673012,1.0,0.10641688,-0.3248450884870206,-0.5221604409345956,0.0116303805,0.6353136,1.0,1.0, ,blue,0.616294457204061,tan,0.521580300356519,False,True,True
EndocardialCells,Myocytes,Agrn,Dag1,0.5773052,0.0,0.33327702,0.4101797291037047,0.4656545512702448,0.085685916,0.7550788,0.028541536280802495,1.0, ,brown,0.356244589967685,,,True,False,True
EndocardialCells,Myocytes,Adam15,Itga9,0.40614364,1.0,0.0857717,-0.23797301459600984,-0.46620461319787276,0.010853127,0.60998356,1.0,1.0, ,lightcyan,0.176865930443945,,,True,False,True
EndocardialCells,Leukocytes,Pdgfb,S1pr1,0.30375907,1.0,0.081592575,-0.360480419709553,-0.8122855505082625,0.008911741,0.6040258,1.0,1.0, ,,,lightcyan,0.295561659818741,False,True,True
EndocardialCells,Fibroblasts,Pf4,Thbd,0.3310117,1.0,0.082085945,-0.2448496875119479,-0.636176951017096,0.009590086,0.6047465,1.0,1.0, ,brown,0.901042251404365,pink,0.340451359910475,True,False,True
SmoothMuscleCells,Myocytes,Tnxb,Itgav_Itgb6,0.24609312,1.0,0.059738398,-0.24260922529509674,-0.38298857587281043,0.018138822,0.5662055,1.0,1.0, ,brown,0.639495460766757,,,True,False,True
Myocytes,EndocardialCells,Gstp2,Traf2,0.24245821,0.001,0.056517135,0.08999672500471029,0.09035660213679003,0.046764508,0.559386,0.47092931215184725,1.0, ,tan,0.462514063069149,darkred,0.664476666928195,True,False,True
Myocytes,EndocardialCells,Lama2,Dag1,0.29505128,1.0,0.08661805,-0.14955772852188742,-0.3168633987106005,0.021890394,0.611151,1.0,1.0, ,midnightblue,0.3482443250449,,,True,False,True
SmoothMuscleCells,Myocytes,Tgfb1,Vasn,0.25007463,1.0,0.052822217,-0.18527290167801233,-0.27407670167110143,0.0140950605,0.5510378,1.0,1.0, ,brown,0.732384831866489,magenta,0.785252279528657,True,False,True
SmoothMuscleCells,Myocytes,Tgfb1,Acvr1_Tgfbr2,0.25417858,1.0,0.055683844,-0.20636949701920138,-0.3673311617617223,0.009771875,0.5575547,1.0,1.0, ,brown,0.732384831866489,,,True,False,True
SmoothMuscleCells,Myocytes,Tgfb1,Eng,0.2971362,1.0,0.08563729,-0.6795666099608821,-0.9277136903125467,0.004775757,0.609797,1.0,1.0, ,brown,0.732384831866489,greenyellow,0.444186423819259,True,False,True
SmoothMuscleCells,Myocytes,Tgfb3,Acvr1_Tgfbr1_Tgfbr2,0.38654754,0.247,0.057352792,-0.0031404230723851567,-0.054349555092669255,0.01663406,0.56119406,1.0,1.0, ,brown,0.511531512491637,,,True,False,True
EndocardialCells,Leukocytes,Agrn,Dag1,0.35772923,0.0,0.07884729,0.08432419058217719,0.024364890582627752,0.020271732,0.59992564,1.0,1.0, ,brown,0.356244589967685,,,True,False,True
EndocardialCells,Leukocytes,Lamc1,Itga6_Itgb1,0.35436141,1.0,0.074129105,-0.29200982515966445,-0.577689752825636,0.011435235,0.59249824,1.0,1.0, ,brown,0.697901590493492,,,True,False,True
EndocardialCells,Leukocytes,Lamb1,Dag1,0.33965608,1.0,0.07392806,-0.1610087222518699,-0.31970612756406136,0.0138748,0.59217036,1.0,1.0, ,brown,0.406739902075495,,,True,False,True
EndocardialCells,Fibroblasts,Sema4c,Plxnb2,0.29988807,0.981,0.0850176,-0.02957969462571826,-0.11135684620059239,0.024188783,0.6089326,1.0,1.0, ,brown,0.775770606649022,,,True,False,True
EndocardialCells,Fibroblasts,Dll1,Notch1,0.2946347,1.0,0.08639445,0.04701496084755927,-0.10968234202227328,0.039063085,0.6108438,1.0,1.0, ,pink,0.459893542479825,yellow,0.264341417098466,False,True,True
EndocardialCells,Fibroblasts,Dll4,Notch1,0.35245526,1.0,0.11811014,-0.126200826757432,-0.41508920407825795,0.021270428,0.6473035,1.0,1.0, ,,,yellow,0.264341417098466,False,True,True
EndocardialCells,Fibroblasts,Rgmb,Neo1,0.24659842,0.996,0.060669713,-0.042876623463018376,-0.09574943417162951,0.021874616,0.56810427,1.0,1.0, ,,,yellow,0.471083556679634,False,True,True
EndocardialCells,Fibroblasts,Psen1,Notch1,0.2642753,1.0,0.06974176,-0.2800607156222996,-0.5867616869284938,0.010600974,0.5851129,1.0,1.0, ,purple,0.639757294643263,yellow,0.264341417098466,False,True,True
SmoothMuscleCells,Myocytes,Tfpi,Sdc4,0.2947651,1.0,0.06348529,-0.28483402794468693,-0.34190619450896975,0.0076653054,0.57366073,1.0,1.0, ,brown,0.39820117315939,black,0.631251519730246,True,False,True
SmoothMuscleCells,Myocytes,Ltbp3,Itgb5,0.35579193,1.0,0.122437134,-0.2893178221013839,-0.43500400944860185,0.01649657,0.65139973,1.0,1.0, ,,,tan,0.521580300356519,False,True,True
SmoothMuscleCells,Myocytes,Lum,Itgb1,0.43795022,1.0,0.0789623,-0.7455299603312288,-0.955933668994755,0.0040915124,0.6001005,1.0,1.0, ,midnightblue,-0.121414238867851,greenyellow,0.433544316700636,True,False,True
SmoothMuscleCells,Myocytes,Icam1,Cav1,0.33786735,1.0,0.058411833,-0.493035740900009,-0.7740650480259461,0.0043133823,0.5634456,1.0,1.0, ,darkorange,0.588329109955734,,,True,False,True
SmoothMuscleCells,Myocytes,Lama2,Cd44,0.2565108,1.0,0.05475019,-0.127957946423566,-0.16734558439346356,0.021058297,0.555468,1.0,1.0, ,brown,0.472765180178635,magenta,0.718777026774563,True,False,True
SmoothMuscleCells,Myocytes,Lama2,Itga3_Itgb1,0.25022686,0.526,0.05020541,0.07887754381654644,0.07359761631501976,0.051655453,0.544745,0.9024400410623276,1.0, ,brown,0.472765180178635,,,True,False,True
SmoothMuscleCells,Myocytes,Lama2,Itga6_Itgb1,0.26701686,1.0,0.062348563,-0.19658578650230243,-0.36107218710749633,0.019148547,0.5714499,1.0,1.0, ,brown,0.472765180178635,,,True,False,True
EndocardialCells,Leukocytes,Efemp2,Aqp1,0.32937947,1.0,0.09108852,-0.2550652568977131,-0.5187557302858383,0.014934681,0.61711353,1.0,1.0, ,brown,0.641190213682498,brown,0.787663437999586,True,True,True
EndocardialCells,Leukocytes,Cklf,Lrp6,0.33284885,0.0,0.07018173,0.0719255165054484,0.10125625669099156,0.030037628,0.585876,0.4488640965361903,1.0, ,yellow,0.477238308876693,,,True,False,True
SmoothMuscleCells,Myocytes,Nampt,Insr,0.6041314,0.0,0.33790696,0.5047010258340805,0.5062996721188137,0.06074613,0.7563523,0.03802094890282767,1.0, ,lightcyan,0.281201497523699,midnightblue,0.494037113570807,True,True,True
SmoothMuscleCells,Myocytes,Ntrk3,Ptprs,0.33795428,0.0,0.10745048,0.4837593140654139,0.6203965642208228,0.192878,0.63643265,0.028541536280802495,1.0, ,,,brown,0.264675304065931,False,True,True
EndocardialCells,Leukocytes,Lamb1,Itga6_Itgb1,0.33538544,1.0,0.06928829,-0.16595849095640364,-0.39546968891091633,0.01580307,0.5843209,1.0,1.0, ,brown,0.406739902075495,,,True,False,True
EndocardialCells,Leukocytes,Lamb2,Dag1,0.37964785,1.0,0.08481321,-0.21014081149637726,-0.3608863597363079,0.008785584,0.60864604,1.0,1.0, ,brown,0.473770160271624,,,True,False,True
EndocardialCells,Leukocytes,Lamb2,Itga6_Itgb1,0.37537724,1.0,0.079490274,-0.21509058020091099,-0.43664992108316286,0.010006573,0.6008999,1.0,1.0, ,brown,0.473770160271624,,,True,False,True
EndocardialCells,Leukocytes,Lamc1,Dag1,0.35863206,1.0,0.07909303,-0.28706005645513066,-0.501926191478781,0.010039922,0.600299,1.0,1.0, ,brown,0.697901590493492,,,True,False,True
SmoothMuscleCells,Myocytes,Rgma,Hfe,0.30296427,0.994,0.0771805,-0.03425915479111588,-0.10668481893006954,0.020903047,0.5973588,1.0,1.0, ,purple,0.710360077163631,tan,0.587981482316645,False,True,True
SmoothMuscleCells,SmoothMuscleCells,Col4a5,Itga10_Itgb1,0.29213962,0.0,0.085270934,0.4496924104865097,0.5460645838288887,0.15470053,0.60928684,0.028541536280802495,1.0, ,brown,0.452711648416098,,,True,False,True
SmoothMuscleCells,SmoothMuscleCells,Col4a5,Itga9_Itgb1,0.27633187,0.503,0.07576169,0.0006108944142313964,0.06551756477268289,0.028946344,0.5951255,0.8901703917554542,1.0, ,brown,0.452711648416098,,,True,False,True
Myocytes,EndothelialCells,Wnt5a,Lrp6,0.25270838,0.218,0.063493036,0.0673783277764114,0.04636309314129847,0.051676165,0.5736757,0.7707175671613367,1.0, ,tan,0.430635396063789,,,True,False,True
Myocytes,EndothelialCells,Wnt5a,Ryk,0.26295042,0.523,0.06827632,0.0570584375728677,0.024479101601094705,0.053226016,0.58253294,0.901044695299082,1.0, ,tan,0.430635396063789,,,True,False,True
Myocytes,EndothelialCells,Wnt5a,Fzd6,0.33802992,0.0,0.10334029,0.3259307976624588,0.6462752693866021,0.12237204,0.6319083,0.028541536280802495,1.0, ,tan,0.430635396063789,turquoise,0.674595821785095,True,False,True
Myocytes,EndothelialCells,Wnt5a,Lrp5,0.32885095,0.0,0.09905349,0.22092018552248988,0.36735081213493115,0.09633996,0.6269674,0.05944967256747411,1.0, ,tan,0.430635396063789,turquoise,0.654330815197872,True,False,True
EndocardialCells,Fibroblasts,Efemp2,Aqp1,0.29196313,1.0,0.056568407,-0.30475324285238925,-0.7571114923507797,0.009274836,0.5594978,1.0,1.0, ,brown,0.641190213682498,brown,0.52928950293395,True,True,True
EndocardialCells,Fibroblasts,Lamb1,Cd44,0.34592333,0.992,0.080737054,-0.06920548923882701,-0.18351738682163513,0.023061244,0.60276455,1.0,1.0, ,brown,0.406739902075495,salmon,0.221972228338972,True,False,True
EndocardialCells,Fibroblasts,Rarres2,Cmklr1,0.35059637,1.0,0.087065056,-0.1537356777236168,-0.08958493955277325,0.022866422,0.6117624,1.0,1.0, ,blue,0.452535938660629,brown,0.650459053776178,False,True,True
SmoothMuscleCells,Myocytes,Thbs2,Cd47,0.3371325,1.0,0.0838079,-0.5285791224318357,-0.5668288082588323,0.015766604,0.607225,1.0,1.0, ,red,0.386470326894574,orange,0.66133460139945,False,True,True
SmoothMuscleCells,Myocytes,Tfpi,F3,0.356117,0.09,0.11842464,0.0846583088879549,0.04303389864884219,0.04673675,0.647607,0.6884423340139553,1.0, ,brown,0.39820117315939,tan,0.391722513603458,True,True,True
EndocardialCells,Fibroblasts,C3,Nrp1,0.5006933,1.0,0.08885546,-0.5028825342887573,-0.8445188554454746,0.008143883,0.6141769,1.0,1.0, ,blue,0.258833517861709,yellow,0.250435830471026,False,True,True
Myocytes,EndocardialCells,Lamb2,Cd44,0.49817336,0.025,0.09521572,0.014872501569506286,-0.03950115288720124,0.015010952,0.6223351,1.0,1.0, ,magenta,0.599870099634109,yellow,0.212459882063522,False,True,True
SmoothMuscleCells,SmoothMuscleCells,Col5a2,Ddr1,0.26812834,0.928,0.07078351,-0.018115659640006082,-0.027857205037372323,0.03024741,0.5869114,1.0,1.0, ,lightcyan,0.406604134533021,,,True,False,True
SmoothMuscleCells,SmoothMuscleCells,Col5a2,Itga10_Itgb1,0.2924677,0.0,0.08545697,0.31690100360855655,0.3149030085511841,0.107343994,0.60954624,0.047499702591340884,1.0, ,lightcyan,0.406604134533021,,,True,False,True
SmoothMuscleCells,SmoothMuscleCells,Col5a3,Itga10_Itgb1,0.27408618,0.0,0.07503459,0.4496142434190637,0.521354488561828,0.21379335,0.59396315,0.028541536280802495,1.0, ,brown,0.643060769596358,,,True,False,True
SmoothMuscleCells,Myocytes,Tgfb1,Itgav_Itgb6,0.3117142,1.0,0.09580225,-0.15109583800953436,-0.22671036036362258,0.017307315,0.6230565,1.0,1.0, ,brown,0.732384831866489,,,True,False,True
SmoothMuscleCells,Myocytes,Tgfb3,Tgfbr1_Tgfbr2,0.38654754,0.247,0.057352792,-0.0031404230723851567,-0.054349555092669255,0.01663406,0.56119406,1.0,1.0, ,brown,0.511531512491637,,,True,False,True
Myocytes,EndocardialCells,Lama2,Itga6_Itgb4,0.24614894,0.423,0.059805714,0.23847568078872422,0.06640890527159465,0.10193923,0.56634384,0.8619530011492925,1.0, ,midnightblue,0.3482443250449,,,True,False,True
SmoothMuscleCells,Myocytes,Pdgfb,Lrp1,0.28828612,1.0,0.059182134,-0.4285348184841908,-0.7441485166659919,0.007987598,0.56505626,1.0,1.0, ,darkorange,0.329367356438579,,,True,False,True
SmoothMuscleCells,Myocytes,Pdgfb,S1pr1,0.3420501,1.0,0.10681367,-0.3256603741087493,-0.6610735882278015,0.011666451,0.6357446,1.0,1.0, ,darkorange,0.329367356438579,,,True,False,True
SmoothMuscleCells,Myocytes,Nppa,Npr3,0.39509603,1.0,0.07900899,-0.16578105986895883,-0.46833807077633977,0.0046515316,0.60017145,1.0,1.0, ,brown,0.553063856550583,,,True,False,True
SmoothMuscleCells,Myocytes,Psen1,Ncstn,0.2960643,1.0,0.080901355,-0.19414796397096912,-0.31743014399509967,0.015387098,0.6030079,1.0,1.0, ,blue,0.508038005894282,tan,0.790441710487318,False,True,True
EndocardialCells,Leukocytes,Cd38,Pecam1,0.34976527,1.0,0.08184831,-0.2830868018132362,-0.6250832441678089,0.008523435,0.6044,1.0,1.0, ,,,lightcyan,0.23876749076216,False,True,True
SmoothMuscleCells,Myocytes,Tgfb1,Sdc2,0.27561623,1.0,0.070631854,-0.3911898609806562,-0.6429064069745275,0.008265083,0.5866513,1.0,1.0, ,brown,0.732384831866489,greenyellow,0.317323746848508,True,False,True
EndocardialCells,Fibroblasts,Mfap5,Notch1,0.27793354,1.0,0.07723355,-0.4322633905432989,-0.8586521348955549,0.009729551,0.59744143,1.0,1.0, ,,,yellow,0.264341417098466,False,True,True
EndocardialCells,Fibroblasts,Mfng,Notch1,0.23600683,1.0,0.054235946,-0.27056379726980934,-0.6126811477839275,0.011086207,0.55430263,1.0,1.0, ,,,yellow,0.264341417098466,False,True,True
SmoothMuscleCells,Myocytes,Tfpi,Lrp1,0.29067147,1.0,0.05981951,-0.41941388463067747,-0.6263519299658642,0.0051801116,0.56637216,1.0,1.0, ,brown,0.39820117315939,,,True,False,True
EndocardialCells,Leukocytes,Adam17,Rhbdf2,0.25874358,0.997,0.06331878,-0.05864365002033469,-0.12056493560853776,0.029021483,0.5733396,1.0,1.0, ,,,lightcyan,0.298874813604896,False,True,True
Myocytes,EndocardialCells,Cxcl12,Dpp4,0.30244452,1.0,0.07040827,0.051593072389028716,-0.25662127333878426,0.027914759,0.5862669,1.0,1.0, ,tan,0.577984649656319,red,0.503932937873041,True,False,True
Myocytes,EndocardialCells,Cxcl12,Itga5,0.34712732,1.0,0.08446625,-0.3782788288195914,-0.6440309274657952,0.009870049,0.6081577,1.0,1.0, ,tan,0.577984649656319,red,0.410404558740387,True,False,True
Myocytes,Fibroblasts,Arf6,Pld1,0.302104,1.0,0.089491196,-0.2225269061573671,-0.15737312568681233,0.02051853,0.6150213,1.0,1.0, ,,,yellow,0.10346837273682,False,True,True
SmoothMuscleCells,SmoothMuscleCells,Col6a1,Itga6,0.27969947,1.0,0.0681931,-0.23281708688518787,-0.41233656666746704,0.020233497,0.58238465,1.0,1.0, ,brown,0.618792290214031,darkgrey,0.528982552047609,True,False,True
SmoothMuscleCells,SmoothMuscleCells,Col6a1,Itga9_Itgb1,0.3158892,1.0,0.09568954,-0.13248648529693927,-0.1524789511388624,0.027397163,0.62291825,1.0,1.0, ,brown,0.618792290214031,,,True,False,True
SmoothMuscleCells,SmoothMuscleCells,Col6a2,Itga10_Itgb1,0.34564352,0.0,0.11560778,0.33749578442093964,0.34956181849161255,0.1541726,0.64485526,0.03705923099862567,1.0, ,brown,0.539639213218055,,,True,False,True
SmoothMuscleCells,SmoothMuscleCells,Col18a1,Itga5,0.35656267,0.001,0.110716335,0.18142702503525518,0.1884115523255656,0.039500248,0.6398895,0.47092931215184725,1.0, ,,,brown,0.546566959140606,False,True,True
SmoothMuscleCells,SmoothMuscleCells,Col1a1,Itga9_Itgb1,0.23870787,1.0,0.056807794,-0.24727568853963647,-0.3228703692220278,0.018523652,0.56001806,1.0,1.0, ,brown,0.614930628804247,,,True,False,True
SmoothMuscleCells,SmoothMuscleCells,Col1a1,Sdc1,0.3466432,0.194,0.10549311,0.16213298746922708,0.059646207578862076,0.064961866,0.634303,0.7561446708023065,1.0, ,brown,0.614930628804247,purple,0.260770464928019,True,False,True
SmoothMuscleCells,SmoothMuscleCells,Col1a1,Itga10_Itgb1,0.25451562,0.889,0.06393804,0.20180582753264184,0.15767664983417795,0.098997615,0.5745295,0.8787748596194052,1.0, ,brown,0.614930628804247,,,True,False,True
SmoothMuscleCells,SmoothMuscleCells,Col1a1,Itga5,0.2269749,1.0,0.05151552,-0.3470641187154815,-0.49187890703363163,0.014819064,0.5479374,1.0,1.0, ,brown,0.614930628804247,brown,0.546566959140606,True,True,True
SmoothMuscleCells,SmoothMuscleCells,Bmp4,Lrp6,0.2433615,1.0,0.04937083,-0.15658808384930742,-0.2646931684119062,0.018519312,0.5426656,1.0,1.0, ,tan,0.262138911546446,,,True,False,True
SmoothMuscleCells,SmoothMuscleCells,C1qb,C1qbp,0.3502726,0.996,0.07606064,-0.07865775322264187,-0.29702860791470875,0.009685019,0.59559983,1.0,1.0, ,brown,0.693026240051891,,,True,False,True
SmoothMuscleCells,SmoothMuscleCells,C1qb,Lrp1,0.3656857,1.0,0.080201596,-0.223316897108188,-0.5213378309923504,0.01084176,0.60196763,1.0,1.0, ,brown,0.693026240051891,brown,0.561942294262648,True,True,True
SmoothMuscleCells,SmoothMuscleCells,Efnb1,Epha4,0.26485723,1.0,0.061892014,-0.17554183263357992,-0.4198883010340709,0.010759376,0.5705497,1.0,1.0, ,brown,0.361961852199938,blue,0.472693136126275,True,False,True
SmoothMuscleCells,SmoothMuscleCells,Fn1,Itga9,0.31978607,0.03,0.09765267,0.08413037348843738,0.06022162712656204,0.030341571,0.62530035,0.6117193512912593,1.0, ,,,brown,0.572216452048973,False,True,True
EndocardialCells,Fibroblasts,Adam17,Notch1,0.29662412,1.0,0.087485686,-0.24918656873693007,-0.55085428526721,0.011724044,0.6123346,1.0,1.0, ,,,yellow,0.264341417098466,False,True,True
SmoothMuscleCells,SmoothMuscleCells,Col5a3,Sdc3,0.30482754,1.0,0.0913073,-0.1100125265466126,-0.15363474536022953,0.034776337,0.61739695,1.0,1.0, ,brown,0.643060769596358,brown,0.642736335442684,True,True,True
SmoothMuscleCells,SmoothMuscleCells,Col6a1,Itga10_Itgb1,0.33169696,0.0,0.107700035,0.31659503077533907,0.32806806791734333,0.1464211,0.6367009,0.04343029947212538,1.0, ,brown,0.618792290214031,,,True,False,True
EndocardialCells,Fibroblasts,Lamb1,Itga1,0.33352983,1.0,0.06727225,-0.16633279828658912,-0.5527687731351396,0.01395134,0.58073044,1.0,1.0, ,brown,0.406739902075495,,,True,False,True
EndocardialCells,Fibroblasts,Lamb2,Cd44,0.3859151,1.0,0.09262476,-0.11833757848333436,-0.22469761899388166,0.01460248,0.6190875,1.0,1.0, ,brown,0.473770160271624,salmon,0.221972228338972,True,False,True
Myocytes,EndocardialCells,Lamb3,Cd44,0.37592864,0.0,0.069037974,1.0034209568573842,0.6255763569671161,0.0661553,0.58388126,0.028541536280802495,1.0, ,,,yellow,0.212459882063522,False,True,True
Myocytes,Fibroblasts,Angptl2,Tlr4,0.33709186,0.113,0.097038865,0.02973242682037594,-0.042203951887434976,0.032396402,0.62456137,0.7001020845906369,1.0, ,tan,0.729352359511854,turquoise,0.558224093682133,True,False,True
Myocytes,EndocardialCells,Fgf7,Fgfr1,0.3061808,1.0,0.08156686,-0.051279172555854416,-0.10028291118456856,0.056453597,0.6039881,1.0,1.0, ,brown,0.584610251626662,turquoise,0.150086944065614,True,False,True
SmoothMuscleCells,SmoothMuscleCells,Arf6,Smap1,0.5874717,0.986,0.34310097,-0.07875726209892178,-0.1099214814898144,0.030437881,0.7577551,1.0,1.0, ,lightcyan,0.286234066022893,,,True,False,True
SmoothMuscleCells,SmoothMuscleCells,Adam10,Tspan14,0.3292997,1.0,0.106819354,-0.21171364142344695,-0.3120593878876813,0.014723894,0.6357508,1.0,1.0, ,red,0.449991483193517,yellow,0.48984647322545,False,True,True
SmoothMuscleCells,SmoothMuscleCells,Bmp2,Smo,0.2491961,0.0,0.059790753,0.22763175881645276,0.20020015408463765,0.071035236,0.5663131,0.10618630444145437,1.0, ,,,darkorange,0.272489749513826,False,True,True
EndocardialCells,Fibroblasts,Jag1,Notch1,0.33578768,1.0,0.10896766,-0.12437360300562937,-0.3920418805913768,0.014722123,0.6380532,1.0,1.0, ,,,yellow,0.264341417098466,False,True,True
SmoothMuscleCells,SmoothMuscleCells,Col3a1,Itga10_Itgb1,0.33256257,0.344,0.10819085,0.25438194081651666,0.21633979526103791,0.120096184,0.63722664,0.6839940692699625,1.0, ,tan,0.742640569981712,,,True,False,True
EndocardialCells,Fibroblasts,Cklf,Lrp6,0.29081005,0.087,0.059139144,0.009477443442050995,-0.008041689443429284,0.025311427,0.5649669,0.7015843497331524,1.0, ,yellow,0.477238308876693,turquoise,0.505701638095615,True,False,True
EndocardialCells,Fibroblasts,Lamc1,Cd44,0.3648993,1.0,0.08637773,-0.1952568234420878,-0.3657374507363548,0.016687311,0.61082083,1.0,1.0, ,brown,0.697901590493492,salmon,0.221972228338972,True,False,True
EndocardialCells,Fibroblasts,Mfap2,Notch1,0.28869355,1.0,0.08313563,-0.28855377440731644,-0.5970457111281467,0.014523087,0.6062641,1.0,1.0, ,,,yellow,0.264341417098466,False,True,True
SmoothMuscleCells,Myocytes,Vtn,Kdr,0.49291912,0.0,0.07346783,1.0043479408631908,0.2189524886030274,0.024548214,0.5914161,0.5376027206169894,1.0, ,brown,0.715989746853182,grey60,0.666182864454782,True,False,True
SmoothMuscleCells,SmoothMuscleCells,Adam17,Itga5,0.26969516,1.0,0.07103183,-0.18642988566113383,-0.2873493133575161,0.015909746,0.5873358,1.0,1.0, ,blue,0.479866920353048,brown,0.546566959140606,False,True,True
EndocardialCells,Fibroblasts,Lamc1,Itga1,0.3525058,1.0,0.07197221,-0.2923841324898499,-0.7349888370498593,0.010095307,0.58892876,1.0,1.0, ,brown,0.697901590493492,,,True,False,True
EndocardialCells,EndocardialCells,Lamc1,Itga9_Itgb1,0.5978315,0.0,0.35712498,0.1168894299157743,0.12411457411875376,0.053160273,0.761413,0.175759632692443,1.0, ,brown,0.697901590493492,,,True,False,True
EndocardialCells,EndocardialCells,Lamb2,Cd44,0.36513722,1.0,0.06672707,-0.16050299391890877,-0.23133384495001474,0.010519659,0.5797395,1.0,1.0, ,brown,0.473770160271624,yellow,0.212459882063522,True,True,True
EndocardialCells,EndocardialCells,Lamc1,Cd44,0.34412143,1.0,0.062226705,-0.23742223887766223,-0.3723736766924879,0.012021575,0.5712103,1.0,1.0, ,brown,0.697901590493492,yellow,0.212459882063522,True,True,True
Myocytes,EndocardialCells,Rgmb,Bmpr2,0.26016942,0.859,0.057234023,-0.008147074537429466,-0.09701133299347886,0.029668052,0.5609388,1.0,1.0, ,orange,0.640366075374755,pink,0.177143333799952,True,False,True
Myocytes,EndocardialCells,Wnt5a,Lrp6,0.29322493,0.002,0.08241526,0.12756552110226071,0.11636411987528247,0.06707672,0.6052249,0.4939114915418876,1.0, ,tan,0.430635396063789,darkred,0.737642608147084,True,False,True
Myocytes,EndocardialCells,Vegfa,Cd44,0.4290293,0.0,0.080409065,0.539660399888368,0.41824014464713144,0.04451825,0.6022771,0.12425092550655716,1.0, ,,,yellow,0.212459882063522,False,True,True
Myocytes,EndocardialCells,Timp3,Cd44,0.3297972,1.0,0.059159283,-0.5810959531020874,-0.5955194898598914,0.0070191016,0.5650088,1.0,1.0, ,,,yellow,0.212459882063522,False,True,True
Myocytes,EndothelialCells,Mfge8,Itgb5,0.3555255,1.0,0.115947895,-0.6904532035106525,-0.939661595168085,0.005498239,0.64519155,1.0,1.0, ,tan,0.698770478903018,,,True,False,True
Myocytes,EndocardialCells,Lama5,Itga6_Itgb1,0.34853244,0.0,0.11342859,0.14632927549798871,0.07860394148826816,0.04401773,0.64267313,0.23839433999484622,1.0, ,tan,0.625776798528456,,,True,False,True
Myocytes,EndocardialCells,Lama5,Itga6_Itgb4,0.23849389,0.0,0.056465715,0.4585048630760056,0.41323337384747966,0.12161278,0.5592739,0.028541536280802495,1.0, ,tan,0.625776798528456,,,True,False,True
Myocytes,EndocardialCells,Lama2,Itga1,0.26140466,1.0,0.06817017,-0.20384384187769278,-0.4681883084578576,0.019037157,0.58234376,1.0,1.0, ,midnightblue,0.3482443250449,,,True,False,True
SmoothMuscleCells,SmoothMuscleCells,Hspg2,Dag1,0.59643817,1.0,0.34361374,-0.10210425456416009,-0.07277273762157827,0.03184861,0.75789213,1.0,1.0, ,brown,0.289796805062604,,,True,False,True
SmoothMuscleCells,SmoothMuscleCells,Lamb1,Itga9_Itgb1,0.2501208,1.0,0.062557295,-0.2220253734331175,-0.30491757437621875,0.013767979,0.57185906,1.0,1.0, ,brown,0.764130236562423,,,True,False,True
SmoothMuscleCells,SmoothMuscleCells,Lama4,Itga9_Itgb1,0.30757838,1.0,0.09150279,-0.21845068438706675,-0.31569669638296055,0.015045412,0.6176495,1.0,1.0, ,lightcyan,0.371485020380501,,,True,False,True
EndocardialCells,EndothelialCells,C1qb,C1qbp,0.25618088,1.0,0.051357247,-0.2309677957115797,-0.47778694984165576,0.006539466,0.5475563,1.0,1.0, ,brown,0.866130228347949,,,True,False,True
SmoothMuscleCells,SmoothMuscleCells,Nlgn2,Nrxn1,0.25444514,0.0,0.061990153,0.4674611127939174,0.559142847989551,0.151028,0.5707438,0.028541536280802495,1.0, ,blue,0.492953023358417,brown,0.757758716445093,False,True,True
Myocytes,EndocardialCells,Ntn1,Neo1,0.29313925,0.958,0.07677296,-0.048316039166540314,-0.10662718723884201,0.017465483,0.59672195,1.0,1.0, ,brown,0.721197217912499,turquoise,0.424230348646036,True,False,True
Myocytes,EndocardialCells,Mfge8,Pdgfrb,0.34534237,1.0,0.10662518,-0.51623379490272,-0.6868207220740917,0.0060385684,0.63554,1.0,1.0, ,tan,0.698770478903018,blue,0.615629788388522,True,False,True
SmoothMuscleCells,SmoothMuscleCells,Col3a1,Ddr1,0.3082232,1.0,0.089613855,-0.08063472243204596,-0.1264204183275185,0.033840723,0.6151834,1.0,1.0, ,tan,0.742640569981712,,,True,False,True
Myocytes,EndothelialCells,Wnt5a,Ptprk,0.2641592,0.0,0.06884085,0.23235183365048223,0.3848550886277803,0.08476971,0.5835339,0.05253268165384921,1.0, ,tan,0.430635396063789,,,True,False,True
SmoothMuscleCells,SmoothMuscleCells,C3,Lrp1,0.34478235,1.0,0.05524136,-0.37574622780800193,-0.6447859507465724,0.010112847,0.5565704,1.0,1.0, ,brown,0.818843396923259,brown,0.561942294262648,True,True,True
SmoothMuscleCells,SmoothMuscleCells,C3,Nrp1,0.49202007,1.0,0.082487844,-0.5154677001180532,-0.6806505666749936,0.007560271,0.6053301,1.0,1.0, ,brown,0.818843396923259,lightcyan,0.26029605688583,True,True,True
Myocytes,Fibroblasts,Adam10,Notch1,0.28653365,1.0,0.08195088,-0.4104398807869405,-0.7619460686098887,0.0063687195,0.6045497,1.0,1.0, ,,,yellow,0.264341417098466,False,True,True
Myocytes,EndocardialCells,Lama5,Dag1,0.28739625,0.028,0.08178065,0.07047145376539396,0.029961069865284518,0.026115084,0.6043011,0.6490196385151028,1.0, ,tan,0.625776798528456,,,True,False,True
EndocardialCells,Fibroblasts,C1qb,C1qbp,0.33929092,1.0,0.074082516,-0.09657974547005332,-0.3151914350684649,0.009433139,0.59242237,1.0,1.0, ,brown,0.866130228347949,,,True,False,True
SmoothMuscleCells,SmoothMuscleCells,Fn1,Flt4,0.30299973,0.011,0.08463699,0.09640043572033798,0.010573894302733033,0.034407973,0.60839826,0.5587726825702266,1.0, ,,,tan,0.230468949826405,False,True,True
SmoothMuscleCells,SmoothMuscleCells,Fn1,Il17rc,0.3469388,0.0,0.11870614,0.17183039247514198,0.15796959217224799,0.057344314,0.6478779,0.14065147039999917,1.0, ,,,yellow,0.338343360761078,False,True,True
Myocytes,EndocardialCells,Lama2,Itga6_Itgb1,0.35618746,0.996,0.120138,-0.07369990678929267,-0.26822052708761684,0.036896892,0.6492443,1.0,1.0, ,midnightblue,0.3482443250449,,,True,False,True
Myocytes,EndocardialCells,Psen1,Notch2,0.25234073,1.0,0.061357286,-0.20307207796497934,-0.31105369890106455,0.015357502,0.5694863,1.0,1.0, ,tan,0.493293969025575,black,0.527004252006935,True,False,True
Myocytes,EndocardialCells,Psen1,Notch4,0.29282346,0.997,0.077889554,-0.0949486493815408,-0.2230519660884117,0.025186209,0.5984581,1.0,1.0, ,tan,0.493293969025575,blue,0.528754668171231,True,False,True
SmoothMuscleCells,SmoothMuscleCells,Col1a1,Ddr1,0.23017623,1.0,0.05295951,-0.1332108357159208,-0.18508356375437846,0.027895566,0.5513588,1.0,1.0, ,brown,0.614930628804247,,,True,False,True
SmoothMuscleCells,SmoothMuscleCells,Col1a1,Flt4,0.22192152,1.0,0.049236137,-0.2350056263077359,-0.3725181020458568,0.021006208,0.5423266,1.0,1.0, ,brown,0.614930628804247,tan,0.230468949826405,True,True,True
Myocytes,Myocytes,Tgfb1,Lpp,0.30493963,1.0,0.087947786,-0.34095124732266974,-0.4562307638880582,0.007994219,0.6129597,1.0,1.0, ,darkred,0.84402401701177,tan,0.741372690125616,False,True,True
Myocytes,Myocytes,Sirpa,Cd47,0.30712104,1.0,0.053201858,-0.5885451785214456,-0.6710488261433468,0.0050048945,0.55192345,1.0,1.0, ,greenyellow,0.450767025063588,orange,0.66133460139945,False,True,True
Fibroblasts,SmoothMuscleCells,Bmp4,Acvr2b_Bmpr1a,0.35096672,0.0,0.114015736,0.24740306271494367,0.42921970009874116,0.12757593,0.6432658,0.0443110887728621,1.0, ,yellow,0.321909400792098,,,True,False,True
SmoothMuscleCells,SmoothMuscleCells,Tfpi,Vldlr,0.3113495,0.916,0.07833626,-0.04840973106127003,-0.054533160338604836,0.011640789,0.59914505,1.0,1.0, ,brown,0.39820117315939,,,True,False,True
SmoothMuscleCells,SmoothMuscleCells,Tgfb1,Acvr1_Tgfbr1_Tgfbr2,0.25209415,1.0,0.054230407,-0.26634288855978394,-0.40976299862931576,0.010535168,0.55429,1.0,1.0, ,brown,0.732384831866489,,,True,False,True
Myocytes,EndothelialCells,Adm,Gpr182,0.32840836,0.0,0.09984451,0.09558434364370133,0.05397581140345559,0.029608356,0.6278971,0.47030978056980605,1.0, ,brown,0.433939583997392,,,True,False,True
Myocytes,EndothelialCells,Gnai2,F2r,0.60008824,1.0,0.35742113,-0.9260279140313501,-0.6785499504221718,0.011857556,0.7614882,1.0,1.0, ,tan,0.462915726534463,turquoise,0.486280577266979,True,False,True
Myocytes,EndothelialCells,Gnai2,Unc5b,0.59532714,1.0,0.35220042,-0.7831961948053972,-0.333097241286772,0.022404455,0.76014936,1.0,1.0, ,tan,0.462915726534463,turquoise,0.858514682671242,True,False,True
EndocardialCells,EndocardialCells,Adam15,Itga5,0.6122403,0.861,0.369169,-0.00926515578569162,-0.07850324737724956,0.041209754,0.76441264,1.0,1.0, ,lightcyan,0.176865930443945,red,0.410404558740387,True,False,True
SmoothMuscleCells,SmoothMuscleCells,Vegfc,Itga9,0.24476825,0.924,0.059860837,-0.05070710840607361,-0.061165116616839155,0.023633232,0.5664569,1.0,1.0, ,darkgrey,0.720801873421514,brown,0.572216452048973,False,True,True
SmoothMuscleCells,SmoothMuscleCells,Tnxb,Itga9_Itgb1,0.23464167,1.0,0.054759353,-0.2438904666583118,-0.3562953251751219,0.015978416,0.5554887,1.0,1.0, ,brown,0.639495460766757,,,True,False,True
SmoothMuscleCells,SmoothMuscleCells,Tnxb,Sdc1,0.34257698,0.477,0.10168912,0.16551820935055175,0.02622125162576794,0.056035805,0.63003314,0.8791666148966354,1.0, ,brown,0.639495460766757,purple,0.260770464928019,True,False,True
Myocytes,Myocytes,Tgfb1,Itgb5,0.3270811,1.0,0.09830751,-0.4003001231879865,-0.5549376967387512,0.009217831,0.626083,1.0,1.0, ,darkred,0.84402401701177,tan,0.521580300356519,False,True,True
SmoothMuscleCells,SmoothMuscleCells,Nampt,Itga5_Itgb1,0.3340141,0.998,0.100415245,-0.09064542460032246,-0.15902686119503245,0.017765518,0.6285627,1.0,1.0, ,lightcyan,0.281201497523699,,,True,False,True
SmoothMuscleCells,SmoothMuscleCells,Mmrn2,Clec14a,0.30773178,1.0,0.09338985,-0.34333043219704446,-0.6925028626042187,0.008446568,0.6200569,1.0,1.0, ,brown,0.757581672238273,tan,0.212020860702749,True,True,True
SmoothMuscleCells,SmoothMuscleCells,Pf4,Lrp1,0.37902343,1.0,0.096127875,-0.22510031186279653,-0.5543923225532924,0.011855858,0.62345487,1.0,1.0, ,brown,0.697832116664017,brown,0.561942294262648,True,True,True
SmoothMuscleCells,SmoothMuscleCells,Tgfb1,Tgfbr1_Tgfbr2,0.25209415,1.0,0.054230407,-0.26634288855978394,-0.40976299862931576,0.010535168,0.55429,1.0,1.0, ,brown,0.732384831866489,,,True,False,True
SmoothMuscleCells,SmoothMuscleCells,Plat,Lrp1,0.59029365,0.997,0.34840113,-0.10256233940000725,-0.19870271764147618,0.040805735,0.75915927,1.0,1.0, ,blue,0.580251883670095,brown,0.561942294262648,False,True,True
Myocytes,EndothelialCells,C1qb,C1qbp,0.2518588,1.0,0.048110127,-0.23735961557457755,-0.46291962707615975,0.0061260005,0.53945404,1.0,1.0, ,brown,0.759344460789136,,,True,False,True
Myocytes,EndothelialCells,Bgn,Ly96,0.25637856,1.0,0.06446281,-0.4503067117261043,-0.6001272850330985,0.0075687934,0.57552826,1.0,1.0, ,darkorange,0.218523360661584,turquoise,0.848684740059453,True,False,True
SmoothMuscleCells,SmoothMuscleCells,Vwf,Lrp1,0.36760253,1.0,0.08249043,-0.18772118765991389,-0.447268136031946,0.009872136,0.60533386,1.0,1.0, ,,,brown,0.561942294262648,False,True,True
Myocytes,EndothelialCells,Lama2,Dag1,0.2609685,1.0,0.06793103,-0.20013732067299267,-0.3587807471662128,0.017167753,0.58191633,1.0,1.0, ,midnightblue,0.3482443250449,,,True,False,True
SmoothMuscleCells,SmoothMuscleCells,Thbs1,Sdc4,0.28312725,0.772,0.077390246,-0.005180736035734712,-0.04003024730782917,0.044638116,0.59768516,1.0,1.0, ,red,0.603083405069015,tan,0.661881494233523,False,True,True
SmoothMuscleCells,SmoothMuscleCells,Thbs1,Lrp5,0.28675556,0.018,0.079062805,0.09433646736209053,0.07450931309137532,0.053505525,0.6002531,0.5808572188449442,1.0, ,red,0.603083405069015,lightcyan,0.468034414228244,False,True,True
EndocardialCells,EndocardialCells,C1qb,C1qbp,0.37456185,0.969,0.08372686,-0.0395469305639678,-0.27846742427833865,0.010661181,0.6071096,1.0,1.0, ,brown,0.866130228347949,,,True,False,True
EndocardialCells,EndocardialCells,Col4a2,Cd44,0.2849003,1.0,0.04954496,-0.3731370631675383,-0.5256018386553654,0.008146358,0.5431025,1.0,1.0, ,,,yellow,0.212459882063522,False,True,True
