"test_ligand","auroc","aupr","aupr_corrected","pearson","sender","approach"
"Ccl19",0.499505859099236,0.0121058019959592,0.00551393663831548,0.0450273777065643,"Fibroblasts","sender-focused"
"Cd59a",0.444958110669548,0.0111142592372625,0.00452239387961877,0.00730820482356971,"Fibroblasts","sender-focused"
"Cd59a",0.444958110669548,0.0111142592372625,0.00452239387961877,0.00730820482356971,"EndothelialCells","sender-focused"
"Cd59a",0.444958110669548,0.0111142592372625,0.00452239387961877,0.00730820482356971,"Myocytes","sender-focused"
"Cd59a",0.444958110669548,0.0111142592372625,0.00452239387961877,0.00730820482356971,"SmoothMuscleCells","sender-focused"
"Cd59b",0.44499716131824,0.0111138813408625,0.00452201598321876,0.00731189423834004,"Myocytes","sender-focused"
"Igsf3",0.456846029299993,0.00995488939026585,0.00336302403262209,-0.00410355888515736,"Fibroblasts","sender-focused"
"Igsf3",0.456846029299993,0.00995488939026585,0.00336302403262209,-0.00410355888515736,"Myocytes","sender-focused"
"Thbs1",0.470749562182149,0.00968592828631664,0.00309406292867288,-0.0034331520454357,"Fibroblasts","sender-focused"
"Thbs1",0.470749562182149,0.00968592828631664,0.00309406292867288,-0.0034331520454357,"SmoothMuscleCells","sender-focused"
"Adm",0.508646714789053,0.00871859750602476,0.002126732148381,0.0255407799535552,"Fibroblasts","sender-focused"
"Adm",0.508646714789053,0.00871859750602476,0.002126732148381,0.0255407799535552,"EndothelialCells","sender-focused"
"Adm",0.508646714789053,0.00871859750602476,0.002126732148381,0.0255407799535552,"Myocytes","sender-focused"
"Calr",0.482140336015806,0.00871720258981472,0.00212533723217096,0.0302031865194031,"Fibroblasts","sender-focused"
"Calr",0.482140336015806,0.00871720258981472,0.00212533723217096,0.0302031865194031,"EndothelialCells","sender-focused"
"Calr",0.482140336015806,0.00871720258981472,0.00212533723217096,0.0302031865194031,"Myocytes","sender-focused"
"Calr",0.482140336015806,0.00871720258981472,0.00212533723217096,0.0302031865194031,"Leukocytes","sender-focused"
"Calr",0.482140336015806,0.00871720258981472,0.00212533723217096,0.0302031865194031,"SmoothMuscleCells","sender-focused"
"Bmp2",0.475156277692157,0.00841100331844453,0.00181913796080078,0.0246395293063599,"Leukocytes","sender-focused"
"Bmp2",0.475156277692157,0.00841100331844453,0.00181913796080078,0.0246395293063599,"SmoothMuscleCells","sender-focused"
"Vegfa",0.452047305355036,0.00839732866629978,0.00180546330865602,0.0265983126761914,"Fibroblasts","sender-focused"
"Vegfa",0.452047305355036,0.00839732866629978,0.00180546330865602,0.0265983126761914,"Myocytes","sender-focused"
"Lama2",0.487586399560224,0.00766454002957782,0.00107267467193406,0.0147065522816964,"Fibroblasts","sender-focused"
"Lama2",0.487586399560224,0.00766454002957782,0.00107267467193406,0.0147065522816964,"Myocytes","sender-focused"
"Lama2",0.487586399560224,0.00766454002957782,0.00107267467193406,0.0147065522816964,"SmoothMuscleCells","sender-focused"
"Angpt2",0.473678360833988,0.00737703049330647,0.000785165135662708,-0.00650349543200833,"Fibroblasts","sender-focused"
"Angpt2",0.473678360833988,0.00737703049330647,0.000785165135662708,-0.00650349543200833,"EndothelialCells","sender-focused"
"Angpt2",0.473678360833988,0.00737703049330647,0.000785165135662708,-0.00650349543200833,"SmoothMuscleCells","sender-focused"
"Cklf",0.416231852712956,0.00722521522350888,0.000633349865865122,-0.0160302532265069,"Leukocytes","sender-focused"
"Tgfb1",0.517658402948615,0.00712880353257697,0.000536938174933208,0.0037519961140688,"Fibroblasts","sender-focused"
"Tgfb1",0.517658402948615,0.00712880353257697,0.000536938174933208,0.0037519961140688,"EndothelialCells","sender-focused"
"Tgfb1",0.517658402948615,0.00712880353257697,0.000536938174933208,0.0037519961140688,"Myocytes","sender-focused"
"Tgfb1",0.517658402948615,0.00712880353257697,0.000536938174933208,0.0037519961140688,"Leukocytes","sender-focused"
"Tgfb1",0.517658402948615,0.00712880353257697,0.000536938174933208,0.0037519961140688,"SmoothMuscleCells","sender-focused"
"Scube2",0.511890922526501,0.00703788585136058,0.000446020493716818,-0.0023518363776775,"Myocytes","sender-focused"
"Bgn",0.459070414327368,0.00699625555016909,0.000404390192525332,0.0025495328367233,"Fibroblasts","sender-focused"
"Bgn",0.459070414327368,0.00699625555016909,0.000404390192525332,0.0025495328367233,"EndothelialCells","sender-focused"
"Bgn",0.459070414327368,0.00699625555016909,0.000404390192525332,0.0025495328367233,"Myocytes","sender-focused"
"Bgn",0.459070414327368,0.00699625555016909,0.000404390192525332,0.0025495328367233,"Leukocytes","sender-focused"
"Bgn",0.459070414327368,0.00699625555016909,0.000404390192525332,0.0025495328367233,"SmoothMuscleCells","sender-focused"
"Col5a3",0.47162369593363,0.00696477678534256,0.000372911427698797,-0.0105712014185963,"Fibroblasts","sender-focused"
"Col5a3",0.47162369593363,0.00696477678534256,0.000372911427698797,-0.0105712014185963,"SmoothMuscleCells","sender-focused"
"Igf2",0.452086356003734,0.00686143080702422,0.000269565449380457,0.0150544955757585,"SmoothMuscleCells","sender-focused"
"Tspan3",0.458298413041712,0.006805293421957,0.00021342806431324,-0.0110104159872508,"Fibroblasts","sender-focused"
"Tspan3",0.458298413041712,0.006805293421957,0.00021342806431324,-0.0110104159872508,"EndothelialCells","sender-focused"
"Tspan3",0.458298413041712,0.006805293421957,0.00021342806431324,-0.0110104159872508,"Myocytes","sender-focused"
"Tspan3",0.458298413041712,0.006805293421957,0.00021342806431324,-0.0110104159872508,"Leukocytes","sender-focused"
"Tspan3",0.458298413041712,0.006805293421957,0.00021342806431324,-0.0110104159872508,"SmoothMuscleCells","sender-focused"
"Angptl2",0.487171861904883,0.00678182562660878,0.000189960268965024,0.00448253932235845,"Fibroblasts","sender-focused"
"Angptl2",0.487171861904883,0.00678182562660878,0.000189960268965024,0.00448253932235845,"Myocytes","sender-focused"
"Angptl2",0.487171861904883,0.00678182562660878,0.000189960268965024,0.00448253932235845,"SmoothMuscleCells","sender-focused"
"Sema6d",0.439629199071183,0.00675733669156658,0.000165471333922822,-0.015298908407597,"Fibroblasts","sender-focused"
"Sema6d",0.439629199071183,0.00675733669156658,0.000165471333922822,-0.015298908407597,"EndothelialCells","sender-focused"
"Sema6d",0.439629199071183,0.00675733669156658,0.000165471333922822,-0.015298908407597,"Myocytes","sender-focused"
"Sema6d",0.439629199071183,0.00675733669156658,0.000165471333922822,-0.015298908407597,"Leukocytes","sender-focused"
"Sema6d",0.439629199071183,0.00675733669156658,0.000165471333922822,-0.015298908407597,"SmoothMuscleCells","sender-focused"
"Fgf18",0.468280359626428,0.0066881719606463,9.63066030025368e-05,3.71751798939702e-05,"Fibroblasts","sender-focused"
"Fgf18",0.468280359626428,0.0066881719606463,9.63066030025368e-05,3.71751798939702e-05,"Myocytes","sender-focused"
"Tnf",0.472215463456099,0.00667770201024638,8.58366526026201e-05,0.00251881389640623,"Leukocytes","sender-focused"
"Siglec1",0.485392053493367,0.00655011118782054,-4.17541698232186e-05,-0.0103261055270816,"Leukocytes","sender-focused"
"Gpi1",0.464092928528288,0.00645243367484645,-0.000139431682797311,-0.0104505129588031,"Fibroblasts","sender-focused"
"Gpi1",0.464092928528288,0.00645243367484645,-0.000139431682797311,-0.0104505129588031,"EndothelialCells","sender-focused"
"Gpi1",0.464092928528288,0.00645243367484645,-0.000139431682797311,-0.0104505129588031,"Myocytes","sender-focused"
"Gpi1",0.464092928528288,0.00645243367484645,-0.000139431682797311,-0.0104505129588031,"Leukocytes","sender-focused"
"Gpi1",0.464092928528288,0.00645243367484645,-0.000139431682797311,-0.0104505129588031,"SmoothMuscleCells","sender-focused"
"Sema3c",0.472702094616698,0.00644725363135896,-0.000144611726284796,-0.0125328506915432,"Fibroblasts","sender-focused"
"Sema3c",0.472702094616698,0.00644725363135896,-0.000144611726284796,-0.0125328506915432,"Myocytes","sender-focused"
"Inhba",0.481885004851294,0.00644104113842355,-0.000150824219220212,0.000596036660032327,"Fibroblasts","sender-focused"
"Inhba",0.481885004851294,0.00644104113842355,-0.000150824219220212,0.000596036660032327,"SmoothMuscleCells","sender-focused"
"Angptl4",0.466249725894472,0.00641718692035501,-0.000174678437288747,-0.00223863919242974,"Fibroblasts","sender-focused"
"Angptl4",0.466249725894472,0.00641718692035501,-0.000174678437288747,-0.00223863919242974,"EndothelialCells","sender-focused"
"Angptl4",0.466249725894472,0.00641718692035501,-0.000174678437288747,-0.00223863919242974,"Myocytes","sender-focused"
"Cdh5",0.471503540091504,0.00638801032221421,-0.000203855035429553,-0.0125254032815397,"EndothelialCells","sender-focused"
"Cdh5",0.471503540091504,0.00638801032221421,-0.000203855035429553,-0.0125254032815397,"Myocytes","sender-focused"
"Cdh5",0.471503540091504,0.00638801032221421,-0.000203855035429553,-0.0125254032815397,"Leukocytes","sender-focused"
"Cdh5",0.471503540091504,0.00638801032221421,-0.000203855035429553,-0.0125254032815397,"SmoothMuscleCells","sender-focused"
"Pltp",0.478391473741434,0.00638293349000106,-0.000208931867642701,-0.0126485245465891,"Fibroblasts","sender-focused"
"Pltp",0.478391473741434,0.00638293349000106,-0.000208931867642701,-0.0126485245465891,"EndothelialCells","sender-focused"
"Pltp",0.478391473741434,0.00638293349000106,-0.000208931867642701,-0.0126485245465891,"Leukocytes","sender-focused"
"Pltp",0.478391473741434,0.00638293349000106,-0.000208931867642701,-0.0126485245465891,"SmoothMuscleCells","sender-focused"
"Crlf1",0.468652842737016,0.00636452551306749,-0.00022733984457627,-0.0131791098643662,"Fibroblasts","sender-focused"
"Tgm2",0.475763064694894,0.0063452253368876,-0.000246640020756157,-0.00728224659845177,"Fibroblasts","sender-focused"
"Tgm2",0.475763064694894,0.0063452253368876,-0.000246640020756157,-0.00728224659845177,"EndothelialCells","sender-focused"
"Tgm2",0.475763064694894,0.0063452253368876,-0.000246640020756157,-0.00728224659845177,"Myocytes","sender-focused"
"Tgm2",0.475763064694894,0.0063452253368876,-0.000246640020756157,-0.00728224659845177,"Leukocytes","sender-focused"
"Tgm2",0.475763064694894,0.0063452253368876,-0.000246640020756157,-0.00728224659845177,"SmoothMuscleCells","sender-focused"
"Copa",0.464606594753405,0.00634518936855824,-0.00024667598908552,-0.0125973123907122,"Fibroblasts","sender-focused"
"Copa",0.464606594753405,0.00634518936855824,-0.00024667598908552,-0.0125973123907122,"EndothelialCells","sender-focused"
"Copa",0.464606594753405,0.00634518936855824,-0.00024667598908552,-0.0125973123907122,"Myocytes","sender-focused"
"Copa",0.464606594753405,0.00634518936855824,-0.00024667598908552,-0.0125973123907122,"Leukocytes","sender-focused"
"Copa",0.464606594753405,0.00634518936855824,-0.00024667598908552,-0.0125973123907122,"SmoothMuscleCells","sender-focused"
"Pdgfc",0.457625540325809,0.00631593348250473,-0.000275931875139028,0.000118065918221802,"Myocytes","sender-focused"
"Pdgfc",0.457625540325809,0.00631593348250473,-0.000275931875139028,0.000118065918221802,"Leukocytes","sender-focused"
"Dll4",0.486492981396878,0.00630931563387866,-0.000282549723765101,-0.00741027564981521,"EndothelialCells","sender-focused"
"Dll4",0.486492981396878,0.00630931563387866,-0.000282549723765101,-0.00741027564981521,"SmoothMuscleCells","sender-focused"
"Tgfb3",0.464843902541587,0.00629937405961151,-0.000292491298032244,-7.81672116624765e-05,"Fibroblasts","sender-focused"
"Tgfb3",0.464843902541587,0.00629937405961151,-0.000292491298032244,-7.81672116624765e-05,"Myocytes","sender-focused"
"Tgfb3",0.464843902541587,0.00629937405961151,-0.000292491298032244,-7.81672116624765e-05,"SmoothMuscleCells","sender-focused"
"Apoa1",0.475315484182976,0.00628203013052111,-0.000309835227122646,-0.0124815503748704,"Myocytes","sender-focused"
"Itga4",0.463080615558386,0.00627900710365535,-0.000312858253988413,-0.0163859562445934,"Leukocytes","sender-focused"
"Csf1",0.432170525171131,0.00627113310154994,-0.000320732256093819,0.00665305930710718,"Fibroblasts","sender-focused"
"Csf1",0.432170525171131,0.00627113310154994,-0.000320732256093819,0.00665305930710718,"EndothelialCells","sender-focused"
"Csf1",0.432170525171131,0.00627113310154994,-0.000320732256093819,0.00665305930710718,"Myocytes","sender-focused"
"Csf1",0.432170525171131,0.00627113310154994,-0.000320732256093819,0.00665305930710718,"SmoothMuscleCells","sender-focused"
"Flrt2",0.455327559845115,0.00626712836884012,-0.00032473698880364,-0.0168730440386373,"Fibroblasts","sender-focused"
"Bace2",0.475949306250199,0.00626448571615086,-0.000327379641492894,-0.0101424781282858,"Fibroblasts","sender-focused"
"Bace2",0.475949306250199,0.00626448571615086,-0.000327379641492894,-0.0101424781282858,"EndothelialCells","sender-focused"
"Ezr",0.46774266223291,0.00626178651721608,-0.000330078840427678,-0.0140036272956736,"Fibroblasts","sender-focused"
"Ezr",0.46774266223291,0.00626178651721608,-0.000330078840427678,-0.0140036272956736,"Myocytes","sender-focused"
"Ezr",0.46774266223291,0.00626178651721608,-0.000330078840427678,-0.0140036272956736,"Leukocytes","sender-focused"
"Ezr",0.46774266223291,0.00626178651721608,-0.000330078840427678,-0.0140036272956736,"SmoothMuscleCells","sender-focused"
"Inhbb",0.483582206121334,0.0062535541751987,-0.000338311182445063,-0.0109797810979204,"Fibroblasts","sender-focused"
"Furin",0.473483107590543,0.00624719970804071,-0.000344665649603047,-0.00572232779054635,"Fibroblasts","sender-focused"
"Furin",0.473483107590543,0.00624719970804071,-0.000344665649603047,-0.00572232779054635,"EndothelialCells","sender-focused"
"Furin",0.473483107590543,0.00624719970804071,-0.000344665649603047,-0.00572232779054635,"Myocytes","sender-focused"
"Furin",0.473483107590543,0.00624719970804071,-0.000344665649603047,-0.00572232779054635,"Leukocytes","sender-focused"
"Furin",0.473483107590543,0.00624719970804071,-0.000344665649603047,-0.00572232779054635,"SmoothMuscleCells","sender-focused"
"Nts",0.459773326003831,0.0062393590004281,-0.000352506357215659,-0.0128675618945487,"EndothelialCells","sender-focused"
"Lrfn4",0.464381302549413,0.00622749130678165,-0.000364374050862107,-0.0164440898462018,"Myocytes","sender-focused"
"Lgals3",0.459103457183972,0.00620979902229031,-0.000382066335353447,-0.0131963059041253,"Fibroblasts","sender-focused"
"Lgals3",0.459103457183972,0.00620979902229031,-0.000382066335353447,-0.0131963059041253,"Myocytes","sender-focused"
"Lgals3",0.459103457183972,0.00620979902229031,-0.000382066335353447,-0.0131963059041253,"Leukocytes","sender-focused"
"Lgals3",0.459103457183972,0.00620979902229031,-0.000382066335353447,-0.0131963059041253,"SmoothMuscleCells","sender-focused"
"Lfng",0.468037044046107,0.00620922889065234,-0.000382636466991417,-0.0143530653486107,"EndothelialCells","sender-focused"
"Lfng",0.468037044046107,0.00620922889065234,-0.000382636466991417,-0.0143530653486107,"Leukocytes","sender-focused"
"Lama4",0.477105806230671,0.00619633776130618,-0.00039552759633758,-0.0131533635073214,"Fibroblasts","sender-focused"
"Lama4",0.477105806230671,0.00619633776130618,-0.00039552759633758,-0.0131533635073214,"EndothelialCells","sender-focused"
"Lama4",0.477105806230671,0.00619633776130618,-0.00039552759633758,-0.0131533635073214,"Myocytes","sender-focused"
"Lama4",0.477105806230671,0.00619633776130618,-0.00039552759633758,-0.0131533635073214,"SmoothMuscleCells","sender-focused"
"Bmp3",0.480713485390547,0.00619299037646049,-0.00039887498118327,-0.0121356059985308,"Myocytes","sender-focused"
"Cxcl12",0.462239524663491,0.00616820936990315,-0.000423655987740608,-0.00247656346601636,"Fibroblasts","sender-focused"
"Cxcl12",0.462239524663491,0.00616820936990315,-0.000423655987740608,-0.00247656346601636,"EndothelialCells","sender-focused"
"Cxcl12",0.462239524663491,0.00616820936990315,-0.000423655987740608,-0.00247656346601636,"Myocytes","sender-focused"
"Cxcl12",0.462239524663491,0.00616820936990315,-0.000423655987740608,-0.00247656346601636,"Leukocytes","sender-focused"
"Cxcl12",0.462239524663491,0.00616820936990315,-0.000423655987740608,-0.00247656346601636,"SmoothMuscleCells","sender-focused"
"Bmp1",0.480587321756296,0.00616067099759478,-0.000431194360048983,-0.0140482931161941,"Fibroblasts","sender-focused"
"Bmp1",0.480587321756296,0.00616067099759478,-0.000431194360048983,-0.0140482931161941,"EndothelialCells","sender-focused"
"Bmp1",0.480587321756296,0.00616067099759478,-0.000431194360048983,-0.0140482931161941,"Myocytes","sender-focused"
"Bmp1",0.480587321756296,0.00616067099759478,-0.000431194360048983,-0.0140482931161941,"SmoothMuscleCells","sender-focused"
"Cd55",0.44580821325259,0.00614174002249259,-0.000450125335151166,-0.0168773448174058,"Fibroblasts","sender-focused"
"Cd55",0.44580821325259,0.00614174002249259,-0.000450125335151166,-0.0168773448174058,"Leukocytes","sender-focused"
"Has1",0.462005220771345,0.00614002864141883,-0.000451836716224927,-0.0154352679086889,"Fibroblasts","sender-focused"
"Robo1",0.459566057176142,0.00613872569833905,-0.00045313965930471,-0.0168837405812375,"Fibroblasts","sender-focused"
"Fst",0.471440458274385,0.00612734602175498,-0.000464519335888778,-0.0147319958589755,"Fibroblasts","sender-focused"
"Prnp",0.44269617694149,0.00612578311200033,-0.000466082245643428,-0.00233733996055675,"Fibroblasts","sender-focused"
"Prnp",0.44269617694149,0.00612578311200033,-0.000466082245643428,-0.00233733996055675,"EndothelialCells","sender-focused"
"Prnp",0.44269617694149,0.00612578311200033,-0.000466082245643428,-0.00233733996055675,"Myocytes","sender-focused"
"Prnp",0.44269617694149,0.00612578311200033,-0.000466082245643428,-0.00233733996055675,"Leukocytes","sender-focused"
"Prnp",0.44269617694149,0.00612578311200033,-0.000466082245643428,-0.00233733996055675,"SmoothMuscleCells","sender-focused"
"Adam9",0.465141288250867,0.00611542661371847,-0.000476438743925291,-0.0164093478161823,"Fibroblasts","sender-focused"
"Adam9",0.465141288250867,0.00611542661371847,-0.000476438743925291,-0.0164093478161823,"EndothelialCells","sender-focused"
"Adam9",0.465141288250867,0.00611542661371847,-0.000476438743925291,-0.0164093478161823,"Myocytes","sender-focused"
"Adam9",0.465141288250867,0.00611542661371847,-0.000476438743925291,-0.0164093478161823,"Leukocytes","sender-focused"
"Adam9",0.465141288250867,0.00611542661371847,-0.000476438743925291,-0.0164093478161823,"SmoothMuscleCells","sender-focused"
"Vegfc",0.447598535300281,0.00611459136461503,-0.000477273993028733,-0.00811465819904161,"Fibroblasts","sender-focused"
"Vegfc",0.447598535300281,0.00611459136461503,-0.000477273993028733,-0.00811465819904161,"EndothelialCells","sender-focused"
"Vegfc",0.447598535300281,0.00611459136461503,-0.000477273993028733,-0.00811465819904161,"SmoothMuscleCells","sender-focused"
"Ctsd",0.457406255913923,0.00610517425007542,-0.000486691107568342,-0.0148807771599432,"Fibroblasts","sender-focused"
"Ctsd",0.457406255913923,0.00610517425007542,-0.000486691107568342,-0.0148807771599432,"EndothelialCells","sender-focused"
"Ctsd",0.457406255913923,0.00610517425007542,-0.000486691107568342,-0.0148807771599432,"Myocytes","sender-focused"
"Ctsd",0.457406255913923,0.00610517425007542,-0.000486691107568342,-0.0148807771599432,"Leukocytes","sender-focused"
"Ctsd",0.457406255913923,0.00610517425007542,-0.000486691107568342,-0.0148807771599432,"SmoothMuscleCells","sender-focused"
"Fn1",0.464267154499385,0.00610503923956857,-0.00048682611807519,-0.0146218609328303,"Fibroblasts","sender-focused"
"Fn1",0.464267154499385,0.00610503923956857,-0.00048682611807519,-0.0146218609328303,"EndothelialCells","sender-focused"
"Fn1",0.464267154499385,0.00610503923956857,-0.00048682611807519,-0.0146218609328303,"Leukocytes","sender-focused"
"Fn1",0.464267154499385,0.00610503923956857,-0.00048682611807519,-0.0146218609328303,"SmoothMuscleCells","sender-focused"
"S100a8",0.462566949333267,0.00610150385851681,-0.000490361499126947,-0.015306378866641,"Fibroblasts","sender-focused"
"S100a8",0.462566949333267,0.00610150385851681,-0.000490361499126947,-0.015306378866641,"EndothelialCells","sender-focused"
"S100a8",0.462566949333267,0.00610150385851681,-0.000490361499126947,-0.015306378866641,"Leukocytes","sender-focused"
"S100a8",0.462566949333267,0.00610150385851681,-0.000490361499126947,-0.015306378866641,"SmoothMuscleCells","sender-focused"
"Fgf14",0.482672025617207,0.00608844205218196,-0.000503423305461795,-0.0162852922399731,"Myocytes","sender-focused"
"Fgf1",0.459758306523553,0.00608787087347163,-0.000503994484172131,-0.00770520114103807,"Myocytes","sender-focused"
"Fgf1",0.459758306523553,0.00608787087347163,-0.000503994484172131,-0.00770520114103807,"SmoothMuscleCells","sender-focused"
"Timp3",0.442738231486252,0.00608565395129043,-0.000506211406353332,-0.0172473157896335,"Fibroblasts","sender-focused"
"Timp3",0.442738231486252,0.00608565395129043,-0.000506211406353332,-0.0172473157896335,"EndothelialCells","sender-focused"
"Timp3",0.442738231486252,0.00608565395129043,-0.000506211406353332,-0.0172473157896335,"Myocytes","sender-focused"
"Timp3",0.442738231486252,0.00608565395129043,-0.000506211406353332,-0.0172473157896335,"Leukocytes","sender-focused"
"Timp3",0.442738231486252,0.00608565395129043,-0.000506211406353332,-0.0172473157896335,"SmoothMuscleCells","sender-focused"
"Neo1",0.469004298575255,0.00608441606954906,-0.000507449288094701,-0.0152755649124817,"Fibroblasts","sender-focused"
"Neo1",0.469004298575255,0.00608441606954906,-0.000507449288094701,-0.0152755649124817,"Myocytes","sender-focused"
"Neo1",0.469004298575255,0.00608441606954906,-0.000507449288094701,-0.0152755649124817,"SmoothMuscleCells","sender-focused"
"Nrxn1",0.458601806543089,0.00607768846601164,-0.000514176891632122,-0.0157335210126828,"SmoothMuscleCells","sender-focused"
"Slc6a8",0.458496670181221,0.00607196784404982,-0.000519897513593937,-0.0165028360350814,"Fibroblasts","sender-focused"
"Slc6a8",0.458496670181221,0.00607196784404982,-0.000519897513593937,-0.0165028360350814,"Myocytes","sender-focused"
"Slc6a8",0.458496670181221,0.00607196784404982,-0.000519897513593937,-0.0165028360350814,"SmoothMuscleCells","sender-focused"
"Calm1",0.466802442768267,0.00605758649422602,-0.000534278863417735,-0.0150904843684885,"Fibroblasts","sender-focused"
"Calm1",0.466802442768267,0.00605758649422602,-0.000534278863417735,-0.0150904843684885,"EndothelialCells","sender-focused"
"Calm1",0.466802442768267,0.00605758649422602,-0.000534278863417735,-0.0150904843684885,"Myocytes","sender-focused"
"Calm1",0.466802442768267,0.00605758649422602,-0.000534278863417735,-0.0150904843684885,"Leukocytes","sender-focused"
"Calm1",0.466802442768267,0.00605758649422602,-0.000534278863417735,-0.0150904843684885,"SmoothMuscleCells","sender-focused"
"Fam3c",0.441584735401816,0.00605378743037217,-0.000538077927271591,-0.0173804398783218,"Fibroblasts","sender-focused"
"Fam3c",0.441584735401816,0.00605378743037217,-0.000538077927271591,-0.0173804398783218,"EndothelialCells","sender-focused"
"Fam3c",0.441584735401816,0.00605378743037217,-0.000538077927271591,-0.0173804398783218,"Myocytes","sender-focused"
"Fam3c",0.441584735401816,0.00605378743037217,-0.000538077927271591,-0.0173804398783218,"Leukocytes","sender-focused"
"Fam3c",0.441584735401816,0.00605378743037217,-0.000538077927271591,-0.0173804398783218,"SmoothMuscleCells","sender-focused"
"Epha4",0.454342281939673,0.00605195712399788,-0.000539908233645875,-0.020347107535788,"EndothelialCells","sender-focused"
"Epha4",0.454342281939673,0.00605195712399788,-0.000539908233645875,-0.020347107535788,"Myocytes","sender-focused"
"Epha4",0.454342281939673,0.00605195712399788,-0.000539908233645875,-0.020347107535788,"SmoothMuscleCells","sender-focused"
"Eng",0.474732728348672,0.00604787857679999,-0.000543986780843769,-0.0142709535545438,"Fibroblasts","sender-focused"
"Eng",0.474732728348672,0.00604787857679999,-0.000543986780843769,-0.0142709535545438,"EndothelialCells","sender-focused"
"Eng",0.474732728348672,0.00604787857679999,-0.000543986780843769,-0.0142709535545438,"Myocytes","sender-focused"
"Eng",0.474732728348672,0.00604787857679999,-0.000543986780843769,-0.0142709535545438,"Leukocytes","sender-focused"
"Eng",0.474732728348672,0.00604787857679999,-0.000543986780843769,-0.0142709535545438,"SmoothMuscleCells","sender-focused"
"Dcn",0.450542353432404,0.00603374055723796,-0.0005581248004058,-0.016884407227245,"Fibroblasts","sender-focused"
"Dcn",0.450542353432404,0.00603374055723796,-0.0005581248004058,-0.016884407227245,"EndothelialCells","sender-focused"
"Dcn",0.450542353432404,0.00603374055723796,-0.0005581248004058,-0.016884407227245,"Myocytes","sender-focused"
"Dcn",0.450542353432404,0.00603374055723796,-0.0005581248004058,-0.016884407227245,"Leukocytes","sender-focused"
"Dcn",0.450542353432404,0.00603374055723796,-0.0005581248004058,-0.016884407227245,"SmoothMuscleCells","sender-focused"
"Ptprm",0.450782665116638,0.00603217550800525,-0.000559689849638514,-0.0170019856886141,"Fibroblasts","sender-focused"
"Ptprm",0.450782665116638,0.00603217550800525,-0.000559689849638514,-0.0170019856886141,"EndothelialCells","sender-focused"
"Ptprm",0.450782665116638,0.00603217550800525,-0.000559689849638514,-0.0170019856886141,"Myocytes","sender-focused"
"Ptprm",0.450782665116638,0.00603217550800525,-0.000559689849638514,-0.0170019856886141,"SmoothMuscleCells","sender-focused"
"Angptl1",0.443972832764097,0.00602908767063869,-0.000562777687005067,-0.0205162135123462,"Fibroblasts","sender-focused"
"Bmp10",0.473849582909028,0.00602817999564529,-0.000563685361998465,-0.0170315125195767,"Myocytes","sender-focused"
"Ahsg",0.458733977969424,0.00602130878118984,-0.000570556576453918,-0.0178212830931229,"Fibroblasts","sender-focused"
"Ahsg",0.458733977969424,0.00602130878118984,-0.000570556576453918,-0.0178212830931229,"Myocytes","sender-focused"
"Ang",0.460353077942091,0.00601737386340232,-0.000574491494241438,-0.0135364684907895,"Fibroblasts","sender-focused"
"Ang",0.460353077942091,0.00601737386340232,-0.000574491494241438,-0.0135364684907895,"Leukocytes","sender-focused"
"Col4a2",0.453089657285503,0.0060158819253571,-0.000575983432286662,-0.0176485873290903,"Fibroblasts","sender-focused"
"Col4a2",0.453089657285503,0.0060158819253571,-0.000575983432286662,-0.0176485873290903,"EndothelialCells","sender-focused"
"Col4a2",0.453089657285503,0.0060158819253571,-0.000575983432286662,-0.0176485873290903,"Myocytes","sender-focused"
"Col4a2",0.453089657285503,0.0060158819253571,-0.000575983432286662,-0.0176485873290903,"Leukocytes","sender-focused"
"Col4a2",0.453089657285503,0.0060158819253571,-0.000575983432286662,-0.0176485873290903,"SmoothMuscleCells","sender-focused"
"Rspo1",0.455462735167494,0.00601399171021246,-0.000577873647431301,-0.0170600573229526,"Fibroblasts","sender-focused"
"Hp",0.466138581740508,0.00601393182306377,-0.000577933534579992,-0.0164789495982148,"Leukocytes","sender-focused"
"Tfpi",0.460335054565765,0.00601352865170386,-0.000578336705939902,-0.0144669084884931,"Fibroblasts","sender-focused"
"Tfpi",0.460335054565765,0.00601352865170386,-0.000578336705939902,-0.0144669084884931,"EndothelialCells","sender-focused"
"Tfpi",0.460335054565765,0.00601352865170386,-0.000578336705939902,-0.0144669084884931,"Myocytes","sender-focused"
"Tfpi",0.460335054565765,0.00601352865170386,-0.000578336705939902,-0.0144669084884931,"Leukocytes","sender-focused"
"Tfpi",0.460335054565765,0.00601352865170386,-0.000578336705939902,-0.0144669084884931,"SmoothMuscleCells","sender-focused"
"Arf1",0.457989011748229,0.00601330018167203,-0.000578565175971725,-0.0179440045502984,"Fibroblasts","sender-focused"
"Arf1",0.457989011748229,0.00601330018167203,-0.000578565175971725,-0.0179440045502984,"EndothelialCells","sender-focused"
"Arf1",0.457989011748229,0.00601330018167203,-0.000578565175971725,-0.0179440045502984,"Myocytes","sender-focused"
"Arf1",0.457989011748229,0.00601330018167203,-0.000578565175971725,-0.0179440045502984,"Leukocytes","sender-focused"
"Arf1",0.457989011748229,0.00601330018167203,-0.000578565175971725,-0.0179440045502984,"SmoothMuscleCells","sender-focused"
"S100a4",0.449004358653182,0.00600632115825745,-0.000585544199386308,-0.0170592146488401,"Fibroblasts","sender-focused"
"S100a4",0.449004358653182,0.00600632115825745,-0.000585544199386308,-0.0170592146488401,"Leukocytes","sender-focused"
"S100a4",0.449004358653182,0.00600632115825745,-0.000585544199386308,-0.0170592146488401,"SmoothMuscleCells","sender-focused"
"Cx3cl1",0.432437871919871,0.00600030637255845,-0.000591558985085307,0.000273638595867046,"Fibroblasts","sender-focused"
"Cx3cl1",0.432437871919871,0.00600030637255845,-0.000591558985085307,0.000273638595867046,"EndothelialCells","sender-focused"
"Cx3cl1",0.432437871919871,0.00600030637255845,-0.000591558985085307,0.000273638595867046,"SmoothMuscleCells","sender-focused"
"Lrig1",0.440266025034476,0.00599318514888942,-0.000598680208754337,-0.016676195674292,"Fibroblasts","sender-focused"
"Lrig1",0.440266025034476,0.00599318514888942,-0.000598680208754337,-0.016676195674292,"Myocytes","sender-focused"
"Lrig1",0.440266025034476,0.00599318514888942,-0.000598680208754337,-0.016676195674292,"SmoothMuscleCells","sender-focused"
"Calm3",0.468595768712012,0.00599205624184089,-0.000599809115802872,-0.0166290365344136,"Fibroblasts","sender-focused"
"Calm3",0.468595768712012,0.00599205624184089,-0.000599809115802872,-0.0166290365344136,"EndothelialCells","sender-focused"
"Calm3",0.468595768712012,0.00599205624184089,-0.000599809115802872,-0.0166290365344136,"Myocytes","sender-focused"
"Calm3",0.468595768712012,0.00599205624184089,-0.000599809115802872,-0.0166290365344136,"Leukocytes","sender-focused"
"Calm3",0.468595768712012,0.00599205624184089,-0.000599809115802872,-0.0166290365344136,"SmoothMuscleCells","sender-focused"
"Anxa2",0.455781148149151,0.00598988499420569,-0.00060198036343807,-0.0165312067913563,"Fibroblasts","sender-focused"
"Anxa2",0.455781148149151,0.00598988499420569,-0.00060198036343807,-0.0165312067913563,"EndothelialCells","sender-focused"
"Anxa2",0.455781148149151,0.00598988499420569,-0.00060198036343807,-0.0165312067913563,"Myocytes","sender-focused"
"Anxa2",0.455781148149151,0.00598988499420569,-0.00060198036343807,-0.0165312067913563,"Leukocytes","sender-focused"
"Anxa2",0.455781148149151,0.00598988499420569,-0.00060198036343807,-0.0165312067913563,"SmoothMuscleCells","sender-focused"
"Boc",0.446321879477673,0.00598896847481831,-0.000602896882825451,-0.0189537886640246,"Fibroblasts","sender-focused"
"Boc",0.446321879477673,0.00598896847481831,-0.000602896882825451,-0.0189537886640246,"SmoothMuscleCells","sender-focused"
"Rgma",0.463182748024181,0.00598564025364497,-0.000606225103998793,-0.0176518274445372,"Fibroblasts","sender-focused"
"Rgma",0.463182748024181,0.00598564025364497,-0.000606225103998793,-0.0176518274445372,"Myocytes","sender-focused"
"Rgma",0.463182748024181,0.00598564025364497,-0.000606225103998793,-0.0176518274445372,"SmoothMuscleCells","sender-focused"
"Fbln1",0.465174331107438,0.00598331287946188,-0.000608552478181881,-0.0180732990271519,"Fibroblasts","sender-focused"
"Fbln1",0.465174331107438,0.00598331287946188,-0.000608552478181881,-0.0180732990271519,"Myocytes","sender-focused"
"Fbln1",0.465174331107438,0.00598331287946188,-0.000608552478181881,-0.0180732990271519,"Leukocytes","sender-focused"
"Ptdss1",0.424946155163241,0.00598131541226637,-0.000610549945377387,-0.0224587430218686,"Fibroblasts","sender-focused"
"Ptdss1",0.424946155163241,0.00598131541226637,-0.000610549945377387,-0.0224587430218686,"EndothelialCells","sender-focused"
"Ptdss1",0.424946155163241,0.00598131541226637,-0.000610549945377387,-0.0224587430218686,"Myocytes","sender-focused"
"Ptdss1",0.424946155163241,0.00598131541226637,-0.000610549945377387,-0.0224587430218686,"Leukocytes","sender-focused"
"Ptdss1",0.424946155163241,0.00598131541226637,-0.000610549945377387,-0.0224587430218686,"SmoothMuscleCells","sender-focused"
"Sema4d",0.448325478145145,0.00598036029994618,-0.00061150505769758,-0.0170179215179141,"Myocytes","sender-focused"
"Sema4d",0.448325478145145,0.00598036029994618,-0.00061150505769758,-0.0170179215179141,"Leukocytes","sender-focused"
"Thy1",0.456784449430909,0.00597596053838932,-0.000615904819254443,-0.0179987025159509,"SmoothMuscleCells","sender-focused"
"Il15",0.436333925100856,0.0059743651355691,-0.000617500222074656,-0.00434759837696462,"Fibroblasts","sender-focused"
"Il15",0.436333925100856,0.0059743651355691,-0.000617500222074656,-0.00434759837696462,"EndothelialCells","sender-focused"
"Il15",0.436333925100856,0.0059743651355691,-0.000617500222074656,-0.00434759837696462,"Myocytes","sender-focused"
"Il15",0.436333925100856,0.0059743651355691,-0.000617500222074656,-0.00434759837696462,"Leukocytes","sender-focused"
"Sema3b",0.457652575390286,0.00597399439146462,-0.000617870966179138,-0.0201960733118452,"Fibroblasts","sender-focused"
"Sema7a",0.454582593623929,0.0059732377474866,-0.00061862761015716,-0.0192391750500986,"EndothelialCells","sender-focused"
"Sema7a",0.454582593623929,0.0059732377474866,-0.00061862761015716,-0.0192391750500986,"SmoothMuscleCells","sender-focused"
"Col14a1",0.457730676687661,0.00597112969836063,-0.000620735659283129,-0.02019255092376,"Fibroblasts","sender-focused"
"Col14a1",0.457730676687661,0.00597112969836063,-0.000620735659283129,-0.02019255092376,"Leukocytes","sender-focused"
"Efnb2",0.446670331419857,0.00596860207922963,-0.000623263278414134,-0.0193902191099444,"EndothelialCells","sender-focused"
"Efnb2",0.446670331419857,0.00596860207922963,-0.000623263278414134,-0.0193902191099444,"SmoothMuscleCells","sender-focused"
"Lrpap1",0.458223315640381,0.00596552979701447,-0.00062633556062929,-0.0207414050924697,"Fibroblasts","sender-focused"
"Lrpap1",0.458223315640381,0.00596552979701447,-0.00062633556062929,-0.0207414050924697,"EndothelialCells","sender-focused"
"Lrpap1",0.458223315640381,0.00596552979701447,-0.00062633556062929,-0.0207414050924697,"Myocytes","sender-focused"
"Lrpap1",0.458223315640381,0.00596552979701447,-0.00062633556062929,-0.0207414050924697,"Leukocytes","sender-focused"
"Lrpap1",0.458223315640381,0.00596552979701447,-0.00062633556062929,-0.0207414050924697,"SmoothMuscleCells","sender-focused"
"Col27a1",0.455970393600502,0.00596176010742513,-0.000630105250218633,-0.0205315023033259,"Fibroblasts","sender-focused"
"Col27a1",0.455970393600502,0.00596176010742513,-0.000630105250218633,-0.0205315023033259,"SmoothMuscleCells","sender-focused"
"Col4a6",0.457751703960031,0.00596046168891879,-0.00063140366872497,-0.019709301659146,"Fibroblasts","sender-focused"
"Jam2",0.454531527391031,0.00596008422807029,-0.00063178112957347,-0.0175450670598294,"Fibroblasts","sender-focused"
"Jam2",0.454531527391031,0.00596008422807029,-0.00063178112957347,-0.0175450670598294,"EndothelialCells","sender-focused"
"Jam2",0.454531527391031,0.00596008422807029,-0.00063178112957347,-0.0175450670598294,"Myocytes","sender-focused"
"Jam2",0.454531527391031,0.00596008422807029,-0.00063178112957347,-0.0175450670598294,"SmoothMuscleCells","sender-focused"
"Lin7c",0.460199879243364,0.00595710032920478,-0.000634765028438975,-0.0185721230560636,"Fibroblasts","sender-focused"
"Lin7c",0.460199879243364,0.00595710032920478,-0.000634765028438975,-0.0185721230560636,"EndothelialCells","sender-focused"
"Lin7c",0.460199879243364,0.00595710032920478,-0.000634765028438975,-0.0185721230560636,"Myocytes","sender-focused"
"Lin7c",0.460199879243364,0.00595710032920478,-0.000634765028438975,-0.0185721230560636,"Leukocytes","sender-focused"
"Lin7c",0.460199879243364,0.00595710032920478,-0.000634765028438975,-0.0185721230560636,"SmoothMuscleCells","sender-focused"
"Pf4",0.462693112967516,0.00595580520155125,-0.000636060156092511,-0.0107199132078174,"Fibroblasts","sender-focused"
"Pf4",0.462693112967516,0.00595580520155125,-0.000636060156092511,-0.0107199132078174,"EndothelialCells","sender-focused"
"Pf4",0.462693112967516,0.00595580520155125,-0.000636060156092511,-0.0107199132078174,"Myocytes","sender-focused"
"Pf4",0.462693112967516,0.00595580520155125,-0.000636060156092511,-0.0107199132078174,"Leukocytes","sender-focused"
"Pf4",0.462693112967516,0.00595580520155125,-0.000636060156092511,-0.0107199132078174,"SmoothMuscleCells","sender-focused"
"Ncam1",0.447454348289726,0.00595504996986557,-0.00063681538777819,-0.01984862909131,"Fibroblasts","sender-focused"
"Ncam1",0.447454348289726,0.00595504996986557,-0.00063681538777819,-0.01984862909131,"Myocytes","sender-focused"
"Ncam1",0.447454348289726,0.00595504996986557,-0.00063681538777819,-0.01984862909131,"SmoothMuscleCells","sender-focused"
"Mfge8",0.440848780868773,0.00594618164204211,-0.000645683715601648,-0.019148788985982,"Fibroblasts","sender-focused"
"Mfge8",0.440848780868773,0.00594618164204211,-0.000645683715601648,-0.019148788985982,"EndothelialCells","sender-focused"
"Mfge8",0.440848780868773,0.00594618164204211,-0.000645683715601648,-0.019148788985982,"Myocytes","sender-focused"
"Mfge8",0.440848780868773,0.00594618164204211,-0.000645683715601648,-0.019148788985982,"Leukocytes","sender-focused"
"Mfge8",0.440848780868773,0.00594618164204211,-0.000645683715601648,-0.019148788985982,"SmoothMuscleCells","sender-focused"
"Pdgfd",0.431119161552543,0.0059460629129096,-0.000645802444734155,-0.00137671939585735,"EndothelialCells","sender-focused"
"Pdgfd",0.431119161552543,0.0059460629129096,-0.000645802444734155,-0.00137671939585735,"SmoothMuscleCells","sender-focused"
"Col4a4",0.446484089864552,0.00594595343232319,-0.000645911925320565,-0.0195101413245638,"Fibroblasts","sender-focused"
"Lamb1",0.455522813088573,0.00594409429134904,-0.00064777106629472,-0.0205768110907328,"Fibroblasts","sender-focused"
"Lamb1",0.455522813088573,0.00594409429134904,-0.00064777106629472,-0.0205768110907328,"EndothelialCells","sender-focused"
"Lamb1",0.455522813088573,0.00594409429134904,-0.00064777106629472,-0.0205768110907328,"Myocytes","sender-focused"
"Lamb1",0.455522813088573,0.00594409429134904,-0.00064777106629472,-0.0205768110907328,"SmoothMuscleCells","sender-focused"
"Nrp1",0.446249785972408,0.00594384158573985,-0.000648023771903905,-0.0160186498993399,"Fibroblasts","sender-focused"
"Nrp1",0.446249785972408,0.00594384158573985,-0.000648023771903905,-0.0160186498993399,"EndothelialCells","sender-focused"
"Nrp1",0.446249785972408,0.00594384158573985,-0.000648023771903905,-0.0160186498993399,"Myocytes","sender-focused"
"Nrp1",0.446249785972408,0.00594384158573985,-0.000648023771903905,-0.0160186498993399,"Leukocytes","sender-focused"
"Nrp1",0.446249785972408,0.00594384158573985,-0.000648023771903905,-0.0160186498993399,"SmoothMuscleCells","sender-focused"
"Cd47",0.440199939321305,0.0059425575503348,-0.000649307807308956,-0.0185999731034608,"Fibroblasts","sender-focused"
"Cd47",0.440199939321305,0.0059425575503348,-0.000649307807308956,-0.0185999731034608,"EndothelialCells","sender-focused"
"Cd47",0.440199939321305,0.0059425575503348,-0.000649307807308956,-0.0185999731034608,"Myocytes","sender-focused"
"Cd47",0.440199939321305,0.0059425575503348,-0.000649307807308956,-0.0185999731034608,"Leukocytes","sender-focused"
"Cd47",0.440199939321305,0.0059425575503348,-0.000649307807308956,-0.0185999731034608,"SmoothMuscleCells","sender-focused"
"Col6a1",0.452305640415603,0.00593656654842777,-0.000655298809215993,-0.01762475821429,"Fibroblasts","sender-focused"
"Col6a1",0.452305640415603,0.00593656654842777,-0.000655298809215993,-0.01762475821429,"SmoothMuscleCells","sender-focused"
"Dchs1",0.44214195811968,0.00592814338933862,-0.000663721968305136,-0.018834064073289,"Fibroblasts","sender-focused"
"Dchs1",0.44214195811968,0.00592814338933862,-0.000663721968305136,-0.018834064073289,"EndothelialCells","sender-focused"
"Sema3d",0.451458541728613,0.00592257756077733,-0.000669287796866432,-0.0199430317913779,"Fibroblasts","sender-focused"
"Col6a6",0.449692250849351,0.00592217704372348,-0.000669688313920283,-0.0207981126735909,"Fibroblasts","sender-focused"
"Vcam1",0.450160858633647,0.00591295533342813,-0.000678910024215631,-0.0169475340434445,"Fibroblasts","sender-focused"
"Vcam1",0.450160858633647,0.00591295533342813,-0.000678910024215631,-0.0169475340434445,"EndothelialCells","sender-focused"
"Vcam1",0.450160858633647,0.00591295533342813,-0.000678910024215631,-0.0169475340434445,"Leukocytes","sender-focused"
"Nlgn2",0.450848750829829,0.00591169895851419,-0.00068016639912957,-0.0197508376722234,"Fibroblasts","sender-focused"
"Nlgn2",0.450848750829829,0.00591169895851419,-0.00068016639912957,-0.0197508376722234,"SmoothMuscleCells","sender-focused"
"Col5a2",0.45158170146679,0.00591166436127064,-0.000680200996373117,-0.0174254416141213,"Fibroblasts","sender-focused"
"Col5a2",0.45158170146679,0.00591166436127064,-0.000680200996373117,-0.0174254416141213,"SmoothMuscleCells","sender-focused"
"Jag1",0.461072511046822,0.00591049614131892,-0.00068136921632484,-0.0151506385971436,"Fibroblasts","sender-focused"
"Jag1",0.461072511046822,0.00591049614131892,-0.00068136921632484,-0.0151506385971436,"EndothelialCells","sender-focused"
"Jag1",0.461072511046822,0.00591049614131892,-0.00068136921632484,-0.0151506385971436,"SmoothMuscleCells","sender-focused"
"Fndc5",0.449962601494145,0.0059042505970482,-0.000687614760595557,-0.0192001828224999,"Myocytes","sender-focused"
"Ildr2",0.455636961138582,0.00590269526440811,-0.000689170093235653,-0.0188228421759629,"Fibroblasts","sender-focused"
"Lamb2",0.443981844452252,0.00590012928787691,-0.000691736069766848,-0.0203860636453746,"Fibroblasts","sender-focused"
"Lamb2",0.443981844452252,0.00590012928787691,-0.000691736069766848,-0.0203860636453746,"EndothelialCells","sender-focused"
"Lamb2",0.443981844452252,0.00590012928787691,-0.000691736069766848,-0.0203860636453746,"Myocytes","sender-focused"
"Lamb2",0.443981844452252,0.00590012928787691,-0.000691736069766848,-0.0203860636453746,"Leukocytes","sender-focused"
"Lamb2",0.443981844452252,0.00590012928787691,-0.000691736069766848,-0.0203860636453746,"SmoothMuscleCells","sender-focused"
"Hbegf",0.441113123721467,0.00589950598884932,-0.000692359368794442,-0.0122251262609508,"EndothelialCells","sender-focused"
"Hbegf",0.441113123721467,0.00589950598884932,-0.000692359368794442,-0.0122251262609508,"Myocytes","sender-focused"
"Hbegf",0.441113123721467,0.00589950598884932,-0.000692359368794442,-0.0122251262609508,"SmoothMuscleCells","sender-focused"
"Mfap2",0.457598505261309,0.00589743555248614,-0.000694429805157616,-0.0168377178869013,"Fibroblasts","sender-focused"
"Mfap2",0.457598505261309,0.00589743555248614,-0.000694429805157616,-0.0168377178869013,"SmoothMuscleCells","sender-focused"
"Thbs2",0.444480491197069,0.00589598385579137,-0.000695881501852394,-0.0155786065225578,"Fibroblasts","sender-focused"
"Thbs2",0.444480491197069,0.00589598385579137,-0.000695881501852394,-0.0155786065225578,"SmoothMuscleCells","sender-focused"
"B2m",0.446141645714482,0.00589191957536177,-0.000699945782281987,-0.0167809398682408,"Fibroblasts","sender-focused"
"B2m",0.446141645714482,0.00589191957536177,-0.000699945782281987,-0.0167809398682408,"EndothelialCells","sender-focused"
"B2m",0.446141645714482,0.00589191957536177,-0.000699945782281987,-0.0167809398682408,"Myocytes","sender-focused"
"B2m",0.446141645714482,0.00589191957536177,-0.000699945782281987,-0.0167809398682408,"Leukocytes","sender-focused"
"B2m",0.446141645714482,0.00589191957536177,-0.000699945782281987,-0.0167809398682408,"SmoothMuscleCells","sender-focused"
"Efnb1",0.443155773037641,0.00589117359757706,-0.000700691760066703,-0.0195267784609111,"Fibroblasts","sender-focused"
"Efnb1",0.443155773037641,0.00589117359757706,-0.000700691760066703,-0.0195267784609111,"EndothelialCells","sender-focused"
"Efnb1",0.443155773037641,0.00589117359757706,-0.000700691760066703,-0.0195267784609111,"Myocytes","sender-focused"
"Efnb1",0.443155773037641,0.00589117359757706,-0.000700691760066703,-0.0195267784609111,"SmoothMuscleCells","sender-focused"
"Vegfb",0.427514486288714,0.0058893431598949,-0.000702522197748863,-0.0189222898122364,"Fibroblasts","sender-focused"
"Vegfb",0.427514486288714,0.0058893431598949,-0.000702522197748863,-0.0189222898122364,"Myocytes","sender-focused"
"Vegfb",0.427514486288714,0.0058893431598949,-0.000702522197748863,-0.0189222898122364,"Leukocytes","sender-focused"
"Vegfb",0.427514486288714,0.0058893431598949,-0.000702522197748863,-0.0189222898122364,"SmoothMuscleCells","sender-focused"
"Plxna2",0.451095070306177,0.00588293137541846,-0.000708933982225295,-0.0190833104090813,"Fibroblasts","sender-focused"
"Plxna2",0.451095070306177,0.00588293137541846,-0.000708933982225295,-0.0190833104090813,"EndothelialCells","sender-focused"
"Plxna2",0.451095070306177,0.00588293137541846,-0.000708933982225295,-0.0190833104090813,"Myocytes","sender-focused"
"Plxna2",0.451095070306177,0.00588293137541846,-0.000708933982225295,-0.0190833104090813,"SmoothMuscleCells","sender-focused"
"Efnb3",0.442176502924293,0.00588225312370342,-0.000709612233940339,-0.0187429679832175,"Myocytes","sender-focused"
"Penk",0.438673960126264,0.00587734018050016,-0.000714525177143599,-0.0180040979230991,"Fibroblasts","sender-focused"
"F13a1",0.448532746972818,0.00587573884796944,-0.000716126509674319,-0.019070370521472,"Leukocytes","sender-focused"
"Mpdz",0.4580550974614,0.0058751007091635,-0.000716764648480263,-0.0179019628959568,"Fibroblasts","sender-focused"
"Mpdz",0.4580550974614,0.0058751007091635,-0.000716764648480263,-0.0179019628959568,"EndothelialCells","sender-focused"
"Mpdz",0.4580550974614,0.0058751007091635,-0.000716764648480263,-0.0179019628959568,"Myocytes","sender-focused"
"Mpdz",0.4580550974614,0.0058751007091635,-0.000716764648480263,-0.0179019628959568,"SmoothMuscleCells","sender-focused"
"Gdf10",0.451010961216691,0.00587492223421056,-0.000716943123433197,-0.0177683299754106,"SmoothMuscleCells","sender-focused"
"Cd72",0.429824482353609,0.00587431411969624,-0.000717551237947521,-0.0208479262801009,"Leukocytes","sender-focused"
"Gstp1",0.45647204424137,0.0058662302445748,-0.000725635113068962,-0.0197735858051931,"Fibroblasts","sender-focused"
"Gstp2",0.45647204424137,0.0058662302445748,-0.000725635113068962,-0.0197735858051931,"Fibroblasts","sender-focused"
"Gstp1",0.45647204424137,0.0058662302445748,-0.000725635113068962,-0.0197735858051931,"EndothelialCells","sender-focused"
"Gstp1",0.45647204424137,0.0058662302445748,-0.000725635113068962,-0.0197735858051931,"Myocytes","sender-focused"
"Gstp2",0.45647204424137,0.0058662302445748,-0.000725635113068962,-0.0197735858051931,"Myocytes","sender-focused"
"Gstp1",0.45647204424137,0.0058662302445748,-0.000725635113068962,-0.0197735858051931,"Leukocytes","sender-focused"
"Gstp1",0.45647204424137,0.0058662302445748,-0.000725635113068962,-0.0197735858051931,"SmoothMuscleCells","sender-focused"
"Cp",0.458908203940501,0.00585658566059637,-0.000735279697047384,-0.0168708231590555,"Fibroblasts","sender-focused"
"Cp",0.458908203940501,0.00585658566059637,-0.000735279697047384,-0.0168708231590555,"Myocytes","sender-focused"
"Cp",0.458908203940501,0.00585658566059637,-0.000735279697047384,-0.0168708231590555,"Leukocytes","sender-focused"
"Cp",0.458908203940501,0.00585658566059637,-0.000735279697047384,-0.0168708231590555,"SmoothMuscleCells","sender-focused"
"Fgf12",0.453173766374964,0.00585176515894936,-0.000740100198694403,-0.0186096892280255,"Myocytes","sender-focused"
"Plekho2",0.43679952898911,0.00585037378528785,-0.00074149157235591,-0.0207647471949021,"Fibroblasts","sender-focused"
"Plekho2",0.43679952898911,0.00585037378528785,-0.00074149157235591,-0.0207647471949021,"EndothelialCells","sender-focused"
"Plekho2",0.43679952898911,0.00585037378528785,-0.00074149157235591,-0.0207647471949021,"Leukocytes","sender-focused"
"Plekho2",0.43679952898911,0.00585037378528785,-0.00074149157235591,-0.0207647471949021,"SmoothMuscleCells","sender-focused"
"Pgf",0.459569061072196,0.00584912056207376,-0.000742744795570001,-0.0149418270414765,"Fibroblasts","sender-focused"
"Pgf",0.459569061072196,0.00584912056207376,-0.000742744795570001,-0.0149418270414765,"SmoothMuscleCells","sender-focused"
"Efna1",0.441834058774231,0.0058471088270819,-0.000744756530561854,-0.019615539847975,"Fibroblasts","sender-focused"
"Efna1",0.441834058774231,0.0058471088270819,-0.000744756530561854,-0.019615539847975,"EndothelialCells","sender-focused"
"Efna1",0.441834058774231,0.0058471088270819,-0.000744756530561854,-0.019615539847975,"Myocytes","sender-focused"
"Efna1",0.441834058774231,0.0058471088270819,-0.000744756530561854,-0.019615539847975,"SmoothMuscleCells","sender-focused"
"Crhr2",0.432987584897608,0.0058450018007084,-0.000746863556935354,-0.0169759407928083,"Myocytes","sender-focused"
"Col4a5",0.441224267875425,0.00584361153961236,-0.000748253818031395,-0.0210637075156007,"Fibroblasts","sender-focused"
"Col4a5",0.441224267875425,0.00584361153961236,-0.000748253818031395,-0.0210637075156007,"Myocytes","sender-focused"
"Col4a5",0.441224267875425,0.00584361153961236,-0.000748253818031395,-0.0210637075156007,"SmoothMuscleCells","sender-focused"
"Agrn",0.431275364147296,0.00584067566049681,-0.000751189697146952,-0.0177696638939187,"Fibroblasts","sender-focused"
"Agrn",0.431275364147296,0.00584067566049681,-0.000751189697146952,-0.0177696638939187,"EndothelialCells","sender-focused"
"Agrn",0.431275364147296,0.00584067566049681,-0.000751189697146952,-0.0177696638939187,"SmoothMuscleCells","sender-focused"
"Il1b",0.434234201759684,0.00583749568943838,-0.000754369668205379,-0.00482527908402618,"Leukocytes","sender-focused"
"Sema4c",0.434300287472847,0.00583736080641003,-0.000754504551233726,-0.0205482352878697,"Fibroblasts","sender-focused"
"Sema4c",0.434300287472847,0.00583736080641003,-0.000754504551233726,-0.0205482352878697,"EndothelialCells","sender-focused"
"Sema4c",0.434300287472847,0.00583736080641003,-0.000754504551233726,-0.0205482352878697,"SmoothMuscleCells","sender-focused"
"H2-K1",0.452011258602405,0.00583665311272034,-0.000755212244923419,-0.0175800693455822,"Fibroblasts","sender-focused"
"H2-K1",0.452011258602405,0.00583665311272034,-0.000755212244923419,-0.0175800693455822,"EndothelialCells","sender-focused"
"H2-K1",0.452011258602405,0.00583665311272034,-0.000755212244923419,-0.0175800693455822,"Myocytes","sender-focused"
"H2-K1",0.452011258602405,0.00583665311272034,-0.000755212244923419,-0.0175800693455822,"Leukocytes","sender-focused"
"H2-K1",0.452011258602405,0.00583665311272034,-0.000755212244923419,-0.0175800693455822,"SmoothMuscleCells","sender-focused"
"Col18a1",0.447292137902862,0.00583393148785791,-0.000757933869785853,-0.0191803342187375,"Fibroblasts","sender-focused"
"Col18a1",0.447292137902862,0.00583393148785791,-0.000757933869785853,-0.0191803342187375,"SmoothMuscleCells","sender-focused"
"Dsc2",0.440004686077849,0.00583360528767005,-0.000758260069973712,-0.0222611932340312,"Myocytes","sender-focused"
"Gnas",0.432344751142233,0.00583224452272112,-0.000759620834922643,-0.0146607716869946,"Fibroblasts","sender-focused"
"Gnas",0.432344751142233,0.00583224452272112,-0.000759620834922643,-0.0146607716869946,"EndothelialCells","sender-focused"
"Gnas",0.432344751142233,0.00583224452272112,-0.000759620834922643,-0.0146607716869946,"Myocytes","sender-focused"
"Gnas",0.432344751142233,0.00583224452272112,-0.000759620834922643,-0.0146607716869946,"Leukocytes","sender-focused"
"Gnas",0.432344751142233,0.00583224452272112,-0.000759620834922643,-0.0146607716869946,"SmoothMuscleCells","sender-focused"
"Adam10",0.434237205655736,0.00582877105844799,-0.000763094299195768,-0.0183375384232161,"Fibroblasts","sender-focused"
"Adam10",0.434237205655736,0.00582877105844799,-0.000763094299195768,-0.0183375384232161,"EndothelialCells","sender-focused"
"Adam10",0.434237205655736,0.00582877105844799,-0.000763094299195768,-0.0183375384232161,"Myocytes","sender-focused"
"Adam10",0.434237205655736,0.00582877105844799,-0.000763094299195768,-0.0183375384232161,"Leukocytes","sender-focused"
"Adam10",0.434237205655736,0.00582877105844799,-0.000763094299195768,-0.0183375384232161,"SmoothMuscleCells","sender-focused"
"Msn",0.446871592455407,0.00582735891014935,-0.000764506447494409,-0.0214949505087422,"Fibroblasts","sender-focused"
"Msn",0.446871592455407,0.00582735891014935,-0.000764506447494409,-0.0214949505087422,"EndothelialCells","sender-focused"
"Msn",0.446871592455407,0.00582735891014935,-0.000764506447494409,-0.0214949505087422,"Myocytes","sender-focused"
"Msn",0.446871592455407,0.00582735891014935,-0.000764506447494409,-0.0214949505087422,"Leukocytes","sender-focused"
"Msn",0.446871592455407,0.00582735891014935,-0.000764506447494409,-0.0214949505087422,"SmoothMuscleCells","sender-focused"
"H2-D1",0.451086058618025,0.00582437124405262,-0.000767494113591135,-0.0178090150535217,"Fibroblasts","sender-focused"
"H2-D1",0.451086058618025,0.00582437124405262,-0.000767494113591135,-0.0178090150535217,"EndothelialCells","sender-focused"
"H2-D1",0.451086058618025,0.00582437124405262,-0.000767494113591135,-0.0178090150535217,"Myocytes","sender-focused"
"H2-D1",0.451086058618025,0.00582437124405262,-0.000767494113591135,-0.0178090150535217,"Leukocytes","sender-focused"
"H2-D1",0.451086058618025,0.00582437124405262,-0.000767494113591135,-0.0178090150535217,"SmoothMuscleCells","sender-focused"
"H2-Q4",0.451083054721972,0.00582392547611983,-0.000767939881523932,-0.0178125055438241,"Fibroblasts","sender-focused"
"H2-Q4",0.451083054721972,0.00582392547611983,-0.000767939881523932,-0.0178125055438241,"EndothelialCells","sender-focused"
"H2-Q4",0.451083054721972,0.00582392547611983,-0.000767939881523932,-0.0178125055438241,"Leukocytes","sender-focused"
"H2-Q4",0.451083054721972,0.00582392547611983,-0.000767939881523932,-0.0178125055438241,"SmoothMuscleCells","sender-focused"
"Nampt",0.439298770505359,0.00582389624780443,-0.00076796910983933,-0.0181819069069998,"Fibroblasts","sender-focused"
"Nampt",0.439298770505359,0.00582389624780443,-0.00076796910983933,-0.0181819069069998,"EndothelialCells","sender-focused"
"Nampt",0.439298770505359,0.00582389624780443,-0.00076796910983933,-0.0181819069069998,"Myocytes","sender-focused"
"Nampt",0.439298770505359,0.00582389624780443,-0.00076796910983933,-0.0181819069069998,"Leukocytes","sender-focused"
"Nampt",0.439298770505359,0.00582389624780443,-0.00076796910983933,-0.0181819069069998,"SmoothMuscleCells","sender-focused"
"Sema4a",0.447733710622672,0.00582317132657422,-0.000768694031069535,-0.0210889278725924,"Leukocytes","sender-focused"
"Tslp",0.457111874100705,0.00582127072537416,-0.000770594632269602,-0.0154425822464774,"Fibroblasts","sender-focused"
"Tslp",0.457111874100705,0.00582127072537416,-0.000770594632269602,-0.0154425822464774,"Leukocytes","sender-focused"
"Tslp",0.457111874100705,0.00582127072537416,-0.000770594632269602,-0.0154425822464774,"SmoothMuscleCells","sender-focused"
"Itgb1",0.444056941853583,0.00581867671669995,-0.00077318864094381,-0.0175260473111974,"Fibroblasts","sender-focused"
"Itgb1",0.444056941853583,0.00581867671669995,-0.00077318864094381,-0.0175260473111974,"EndothelialCells","sender-focused"
"Itgb1",0.444056941853583,0.00581867671669995,-0.00077318864094381,-0.0175260473111974,"Myocytes","sender-focused"
"Itgb1",0.444056941853583,0.00581867671669995,-0.00077318864094381,-0.0175260473111974,"Leukocytes","sender-focused"
"Itgb1",0.444056941853583,0.00581867671669995,-0.00077318864094381,-0.0175260473111974,"SmoothMuscleCells","sender-focused"
"Apoc2",0.4453396054683,0.00581854082084229,-0.000773324536801467,-0.0202717863680319,"Leukocytes","sender-focused"
"Hspg2",0.443792599000899,0.00581791305988293,-0.000773952297760828,-0.0217984140153012,"Fibroblasts","sender-focused"
"Hspg2",0.443792599000899,0.00581791305988293,-0.000773952297760828,-0.0217984140153012,"EndothelialCells","sender-focused"
"Hspg2",0.443792599000899,0.00581791305988293,-0.000773952297760828,-0.0217984140153012,"Myocytes","sender-focused"
"Hspg2",0.443792599000899,0.00581791305988293,-0.000773952297760828,-0.0217984140153012,"Leukocytes","sender-focused"
"Hspg2",0.443792599000899,0.00581791305988293,-0.000773952297760828,-0.0217984140153012,"SmoothMuscleCells","sender-focused"
"App",0.444378358731266,0.00581209682465349,-0.000779768532990273,-0.0089608151391625,"Fibroblasts","sender-focused"
"App",0.444378358731266,0.00581209682465349,-0.000779768532990273,-0.0089608151391625,"EndothelialCells","sender-focused"
"App",0.444378358731266,0.00581209682465349,-0.000779768532990273,-0.0089608151391625,"Myocytes","sender-focused"
"App",0.444378358731266,0.00581209682465349,-0.000779768532990273,-0.0089608151391625,"Leukocytes","sender-focused"
"App",0.444378358731266,0.00581209682465349,-0.000779768532990273,-0.0089608151391625,"SmoothMuscleCells","sender-focused"
"Lgals1",0.437953025073523,0.00581078280528151,-0.000781082552362249,-0.014558900650407,"Fibroblasts","sender-focused"
"Lgals1",0.437953025073523,0.00581078280528151,-0.000781082552362249,-0.014558900650407,"EndothelialCells","sender-focused"
"Lgals1",0.437953025073523,0.00581078280528151,-0.000781082552362249,-0.014558900650407,"Myocytes","sender-focused"
"Lgals1",0.437953025073523,0.00581078280528151,-0.000781082552362249,-0.014558900650407,"Leukocytes","sender-focused"
"Lgals1",0.437953025073523,0.00581078280528151,-0.000781082552362249,-0.014558900650407,"SmoothMuscleCells","sender-focused"
"Plxna1",0.450413185902109,0.00580664229226282,-0.000785223065380942,-0.0192834881640443,"Fibroblasts","sender-focused"
"Plxna1",0.450413185902109,0.00580664229226282,-0.000785223065380942,-0.0192834881640443,"Myocytes","sender-focused"
"Plxna1",0.450413185902109,0.00580664229226282,-0.000785223065380942,-0.0192834881640443,"Leukocytes","sender-focused"
"Plxna1",0.450413185902109,0.00580664229226282,-0.000785223065380942,-0.0192834881640443,"SmoothMuscleCells","sender-focused"
"Fgf13",0.458601806543065,0.00580623385541516,-0.000785631502228603,-0.0199429579830817,"Myocytes","sender-focused"
"Adam15",0.442774278238874,0.00580528142507346,-0.000786583932570297,-0.0225365981593709,"Fibroblasts","sender-focused"
"Adam15",0.442774278238874,0.00580528142507346,-0.000786583932570297,-0.0225365981593709,"EndothelialCells","sender-focused"
"Adam15",0.442774278238874,0.00580528142507346,-0.000786583932570297,-0.0225365981593709,"Myocytes","sender-focused"
"Adam15",0.442774278238874,0.00580528142507346,-0.000786583932570297,-0.0225365981593709,"Leukocytes","sender-focused"
"Adam15",0.442774278238874,0.00580528142507346,-0.000786583932570297,-0.0225365981593709,"SmoothMuscleCells","sender-focused"
"Col16a1",0.443375057449503,0.00580132616625634,-0.000790539191387415,-0.0194177787616306,"Fibroblasts","sender-focused"
"Fgf16",0.451637273543788,0.00579912432264963,-0.00079274103499413,-0.0183859901422478,"Myocytes","sender-focused"
"Bmp4",0.452566979372248,0.0057975639110828,-0.000794301446560958,-0.00866249232845235,"Fibroblasts","sender-focused"
"Bmp4",0.452566979372248,0.0057975639110828,-0.000794301446560958,-0.00866249232845235,"EndothelialCells","sender-focused"
"Bmp4",0.452566979372248,0.0057975639110828,-0.000794301446560958,-0.00866249232845235,"SmoothMuscleCells","sender-focused"
"Psen1",0.443999867828572,0.00579029495523809,-0.000801570402405668,-0.0153662919047825,"Fibroblasts","sender-focused"
"Psen1",0.443999867828572,0.00579029495523809,-0.000801570402405668,-0.0153662919047825,"EndothelialCells","sender-focused"
"Psen1",0.443999867828572,0.00579029495523809,-0.000801570402405668,-0.0153662919047825,"Myocytes","sender-focused"
"Psen1",0.443999867828572,0.00579029495523809,-0.000801570402405668,-0.0153662919047825,"Leukocytes","sender-focused"
"Psen1",0.443999867828572,0.00579029495523809,-0.000801570402405668,-0.0153662919047825,"SmoothMuscleCells","sender-focused"
"Sema3f",0.44942190020456,0.00578487261212992,-0.000806992745513837,-0.0207991195715841,"EndothelialCells","sender-focused"
"Sema3f",0.44942190020456,0.00578487261212992,-0.000806992745513837,-0.0207991195715841,"SmoothMuscleCells","sender-focused"
"Itga9",0.435564927711238,0.00578484404549992,-0.000807021312143839,-0.0226001053344374,"Fibroblasts","sender-focused"
"Itga9",0.435564927711238,0.00578484404549992,-0.000807021312143839,-0.0226001053344374,"Myocytes","sender-focused"
"Itga9",0.435564927711238,0.00578484404549992,-0.000807021312143839,-0.0226001053344374,"Leukocytes","sender-focused"
"Itga9",0.435564927711238,0.00578484404549992,-0.000807021312143839,-0.0226001053344374,"SmoothMuscleCells","sender-focused"
"Apoe",0.441698883451833,0.00578330793025126,-0.000808557427392499,-0.0162847329107691,"Fibroblasts","sender-focused"
"Apoe",0.441698883451833,0.00578330793025126,-0.000808557427392499,-0.0162847329107691,"EndothelialCells","sender-focused"
"Apoe",0.441698883451833,0.00578330793025126,-0.000808557427392499,-0.0162847329107691,"Myocytes","sender-focused"
"Apoe",0.441698883451833,0.00578330793025126,-0.000808557427392499,-0.0162847329107691,"Leukocytes","sender-focused"
"Apoe",0.441698883451833,0.00578330793025126,-0.000808557427392499,-0.0162847329107691,"SmoothMuscleCells","sender-focused"
"Col8a1",0.436015512119218,0.00577917616701593,-0.000812689190627833,-0.0198315923105445,"Fibroblasts","sender-focused"
"Col8a1",0.436015512119218,0.00577917616701593,-0.000812689190627833,-0.0198315923105445,"SmoothMuscleCells","sender-focused"
"Col1a1",0.441650821114983,0.00577080093699173,-0.000821064420652032,-0.019889099575778,"Fibroblasts","sender-focused"
"Col1a1",0.441650821114983,0.00577080093699173,-0.000821064420652032,-0.019889099575778,"SmoothMuscleCells","sender-focused"
"Vsig10",0.443975836660155,0.00576837747492399,-0.00082348788271977,-0.0199493703857503,"Fibroblasts","sender-focused"
"Vsig10",0.443975836660155,0.00576837747492399,-0.00082348788271977,-0.0199493703857503,"EndothelialCells","sender-focused"
"Vsig10",0.443975836660155,0.00576837747492399,-0.00082348788271977,-0.0199493703857503,"SmoothMuscleCells","sender-focused"
"Gpc3",0.447132931412038,0.00576703982594771,-0.000824825531696054,-0.0212679102793381,"Fibroblasts","sender-focused"
"Gpc3",0.447132931412038,0.00576703982594771,-0.000824825531696054,-0.0212679102793381,"SmoothMuscleCells","sender-focused"
"Wnt5a",0.433777609559598,0.00576601359741087,-0.000825851760232884,0.00109824513032714,"Fibroblasts","sender-focused"
"Wnt5a",0.433777609559598,0.00576601359741087,-0.000825851760232884,0.00109824513032714,"Myocytes","sender-focused"
"Fgf7",0.447823827504274,0.00576580531915638,-0.000826060038487383,-0.00918627275990005,"Fibroblasts","sender-focused"
"Fgf7",0.447823827504274,0.00576580531915638,-0.000826060038487383,-0.00918627275990005,"Myocytes","sender-focused"
"Il16",0.439346832842202,0.00576533060482945,-0.000826534752814307,-0.0209835748471082,"Fibroblasts","sender-focused"
"Il16",0.439346832842202,0.00576533060482945,-0.000826534752814307,-0.0209835748471082,"EndothelialCells","sender-focused"
"Il16",0.439346832842202,0.00576533060482945,-0.000826534752814307,-0.0209835748471082,"Leukocytes","sender-focused"
"Mfng",0.433146791388428,0.00576421448852813,-0.000827650869115627,-0.0182534711840838,"EndothelialCells","sender-focused"
"Mfng",0.433146791388428,0.00576421448852813,-0.000827650869115627,-0.0182534711840838,"Leukocytes","sender-focused"
"Mfng",0.433146791388428,0.00576421448852813,-0.000827650869115627,-0.0182534711840838,"SmoothMuscleCells","sender-focused"
"Spon1",0.433134775804224,0.00576390105310115,-0.000827964304542612,-0.0187395756579271,"Fibroblasts","sender-focused"
"Spon1",0.433134775804224,0.00576390105310115,-0.000827964304542612,-0.0187395756579271,"SmoothMuscleCells","sender-focused"
"Igfbp4",0.447613554780547,0.00575990550281085,-0.000831959854832906,-0.0222834063006762,"Fibroblasts","sender-focused"
"Igfbp4",0.447613554780547,0.00575990550281085,-0.000831959854832906,-0.0222834063006762,"EndothelialCells","sender-focused"
"Igfbp4",0.447613554780547,0.00575990550281085,-0.000831959854832906,-0.0222834063006762,"Myocytes","sender-focused"
"Igfbp4",0.447613554780547,0.00575990550281085,-0.000831959854832906,-0.0222834063006762,"Leukocytes","sender-focused"
"Igfbp4",0.447613554780547,0.00575990550281085,-0.000831959854832906,-0.0222834063006762,"SmoothMuscleCells","sender-focused"
"Dkk3",0.434813953697942,0.0057551826136456,-0.000836682743998158,-0.0207725540927285,"Fibroblasts","sender-focused"
"Dkk3",0.434813953697942,0.0057551826136456,-0.000836682743998158,-0.0207725540927285,"Myocytes","sender-focused"
"Dkk3",0.434813953697942,0.0057551826136456,-0.000836682743998158,-0.0207725540927285,"SmoothMuscleCells","sender-focused"
"Vwf",0.440812734116142,0.00575297446662324,-0.000838890891020514,-0.0155876150032441,"EndothelialCells","sender-focused"
"Vwf",0.440812734116142,0.00575297446662324,-0.000838890891020514,-0.0155876150032441,"SmoothMuscleCells","sender-focused"
"Slit2",0.435543900438856,0.00574877308197259,-0.000843092275671174,-0.0230860917770609,"Fibroblasts","sender-focused"
"Col5a1",0.441945202928191,0.00574469047796483,-0.000847174879678928,-0.018615748501922,"Fibroblasts","sender-focused"
"Col5a1",0.441945202928191,0.00574469047796483,-0.000847174879678928,-0.018615748501922,"SmoothMuscleCells","sender-focused"
"Col15a1",0.439875518547551,0.00574165653578648,-0.000850208821857279,-0.0208590240544978,"Fibroblasts","sender-focused"
"Col15a1",0.439875518547551,0.00574165653578648,-0.000850208821857279,-0.0208590240544978,"EndothelialCells","sender-focused"
"Col15a1",0.439875518547551,0.00574165653578648,-0.000850208821857279,-0.0208590240544978,"SmoothMuscleCells","sender-focused"
"Vtn",0.446183700259225,0.00574056154863656,-0.000851303809007197,-0.0177696790004326,"SmoothMuscleCells","sender-focused"
"Mfap5",0.445709084682823,0.00573924302388113,-0.000852622333762632,-0.016180063509458,"Fibroblasts","sender-focused"
"Mfap5",0.445709084682823,0.00573924302388113,-0.000852622333762632,-0.016180063509458,"EndothelialCells","sender-focused"
"Mfap5",0.445709084682823,0.00573924302388113,-0.000852622333762632,-0.016180063509458,"Myocytes","sender-focused"
"Mfap5",0.445709084682823,0.00573924302388113,-0.000852622333762632,-0.016180063509458,"Leukocytes","sender-focused"
"Mfap5",0.445709084682823,0.00573924302388113,-0.000852622333762632,-0.016180063509458,"SmoothMuscleCells","sender-focused"
"Znrf3",0.432140486210607,0.00573896150828342,-0.000852903849360344,-0.0219504679076366,"Fibroblasts","sender-focused"
"Znrf3",0.432140486210607,0.00573896150828342,-0.000852903849360344,-0.0219504679076366,"Myocytes","sender-focused"
"Mmp14",0.445790189876279,0.00573365835562557,-0.000858207002018189,-0.0191284829181953,"Fibroblasts","sender-focused"
"Mmp14",0.445790189876279,0.00573365835562557,-0.000858207002018189,-0.0191284829181953,"Leukocytes","sender-focused"
"Mmp14",0.445790189876279,0.00573365835562557,-0.000858207002018189,-0.0191284829181953,"SmoothMuscleCells","sender-focused"
"Cdh2",0.436787513404879,0.00572908940586782,-0.00086277595177594,-0.0192890964707216,"Myocytes","sender-focused"
"Sirpb1b",0.436478112111408,0.0057246966304509,-0.000867168727192855,-0.0220376080460864,"Leukocytes","sender-focused"
"Bace1",0.423891787648578,0.00572407817306042,-0.000867787184583343,-0.022055772964595,"Fibroblasts","sender-focused"
"Bace1",0.423891787648578,0.00572407817306042,-0.000867787184583343,-0.022055772964595,"Myocytes","sender-focused"
"Bace1",0.423891787648578,0.00572407817306042,-0.000867787184583343,-0.022055772964595,"SmoothMuscleCells","sender-focused"
"Lama5",0.43851775753152,0.00572387741009089,-0.000867987947552873,-0.023585490872531,"EndothelialCells","sender-focused"
"Lama5",0.43851775753152,0.00572387741009089,-0.000867987947552873,-0.023585490872531,"Myocytes","sender-focused"
"Lama5",0.43851775753152,0.00572387741009089,-0.000867987947552873,-0.023585490872531,"SmoothMuscleCells","sender-focused"
"Lum",0.432185544651418,0.00572317147380119,-0.000868693883842564,-0.0230489200070062,"Fibroblasts","sender-focused"
"Lum",0.432185544651418,0.00572317147380119,-0.000868693883842564,-0.0230489200070062,"EndothelialCells","sender-focused"
"Lum",0.432185544651418,0.00572317147380119,-0.000868693883842564,-0.0230489200070062,"Myocytes","sender-focused"
"Lum",0.432185544651418,0.00572317147380119,-0.000868693883842564,-0.0230489200070062,"Leukocytes","sender-focused"
"Lum",0.432185544651418,0.00572317147380119,-0.000868693883842564,-0.0230489200070062,"SmoothMuscleCells","sender-focused"
"Psap",0.429037461587685,0.00572150770149795,-0.000870357656145807,-0.0209441045920874,"Fibroblasts","sender-focused"
"Psap",0.429037461587685,0.00572150770149795,-0.000870357656145807,-0.0209441045920874,"EndothelialCells","sender-focused"
"Psap",0.429037461587685,0.00572150770149795,-0.000870357656145807,-0.0209441045920874,"Myocytes","sender-focused"
"Psap",0.429037461587685,0.00572150770149795,-0.000870357656145807,-0.0209441045920874,"Leukocytes","sender-focused"
"Psap",0.429037461587685,0.00572150770149795,-0.000870357656145807,-0.0209441045920874,"SmoothMuscleCells","sender-focused"
"Sparc",0.451356409262809,0.0057183976883711,-0.000873467669272657,-0.0155468412426875,"Fibroblasts","sender-focused"
"Sparc",0.451356409262809,0.0057183976883711,-0.000873467669272657,-0.0155468412426875,"EndothelialCells","sender-focused"
"Sparc",0.451356409262809,0.0057183976883711,-0.000873467669272657,-0.0155468412426875,"Myocytes","sender-focused"
"Sparc",0.451356409262809,0.0057183976883711,-0.000873467669272657,-0.0155468412426875,"Leukocytes","sender-focused"
"Sparc",0.451356409262809,0.0057183976883711,-0.000873467669272657,-0.0155468412426875,"SmoothMuscleCells","sender-focused"
"Pros1",0.440872812037208,0.00571772336911305,-0.000874141988530707,-0.0203324373239777,"Fibroblasts","sender-focused"
"Pros1",0.440872812037208,0.00571772336911305,-0.000874141988530707,-0.0203324373239777,"EndothelialCells","sender-focused"
"Pros1",0.440872812037208,0.00571772336911305,-0.000874141988530707,-0.0203324373239777,"Myocytes","sender-focused"
"Pros1",0.440872812037208,0.00571772336911305,-0.000874141988530707,-0.0203324373239777,"Leukocytes","sender-focused"
"Pros1",0.440872812037208,0.00571772336911305,-0.000874141988530707,-0.0203324373239777,"SmoothMuscleCells","sender-focused"
"Calm2",0.447150954788352,0.00571495176816138,-0.000876913589482374,-0.0156543128406718,"Fibroblasts","sender-focused"
"Calm2",0.447150954788352,0.00571495176816138,-0.000876913589482374,-0.0156543128406718,"EndothelialCells","sender-focused"
"Calm2",0.447150954788352,0.00571495176816138,-0.000876913589482374,-0.0156543128406718,"Myocytes","sender-focused"
"Calm2",0.447150954788352,0.00571495176816138,-0.000876913589482374,-0.0156543128406718,"Leukocytes","sender-focused"
"Calm2",0.447150954788352,0.00571495176816138,-0.000876913589482374,-0.0156543128406718,"SmoothMuscleCells","sender-focused"
"Grn",0.439076482197407,0.00571208048292729,-0.000879784874716469,-0.0158706952774888,"Fibroblasts","sender-focused"
"Grn",0.439076482197407,0.00571208048292729,-0.000879784874716469,-0.0158706952774888,"EndothelialCells","sender-focused"
"Grn",0.439076482197407,0.00571208048292729,-0.000879784874716469,-0.0158706952774888,"Myocytes","sender-focused"
"Grn",0.439076482197407,0.00571208048292729,-0.000879784874716469,-0.0158706952774888,"Leukocytes","sender-focused"
"Grn",0.439076482197407,0.00571208048292729,-0.000879784874716469,-0.0158706952774888,"SmoothMuscleCells","sender-focused"
"Col6a3",0.442780286030981,0.00570451799438015,-0.000887347363263605,-0.0231026221195481,"Fibroblasts","sender-focused"
"Col6a3",0.442780286030981,0.00570451799438015,-0.000887347363263605,-0.0231026221195481,"SmoothMuscleCells","sender-focused"
"Fbn1",0.440614476976647,0.00570046125633647,-0.000891404101307285,-0.0201183803168159,"Fibroblasts","sender-focused"
"Fbn1",0.440614476976647,0.00570046125633647,-0.000891404101307285,-0.0201183803168159,"EndothelialCells","sender-focused"
"Fbn1",0.440614476976647,0.00570046125633647,-0.000891404101307285,-0.0201183803168159,"SmoothMuscleCells","sender-focused"
"Gdf15",0.445118819108379,0.00569456962759166,-0.000897295730052095,-0.0197234861880167,"Leukocytes","sender-focused"
"Myoc",0.435420740700682,0.00569409926539351,-0.000897766092250245,-0.00579057910023594,"Fibroblasts","sender-focused"
"Nid1",0.444537565222084,0.00569225272602309,-0.000899612631620673,-0.0218848900118148,"Fibroblasts","sender-focused"
"Nid1",0.444537565222084,0.00569225272602309,-0.000899612631620673,-0.0218848900118148,"EndothelialCells","sender-focused"
"Nid1",0.444537565222084,0.00569225272602309,-0.000899612631620673,-0.0218848900118148,"Myocytes","sender-focused"
"Nid1",0.444537565222084,0.00569225272602309,-0.000899612631620673,-0.0218848900118148,"SmoothMuscleCells","sender-focused"
"Mif",0.445850267797313,0.00569144824768829,-0.000900417109955472,-0.0132534461612434,"Fibroblasts","sender-focused"
"Mif",0.445850267797313,0.00569144824768829,-0.000900417109955472,-0.0132534461612434,"EndothelialCells","sender-focused"
"Mif",0.445850267797313,0.00569144824768829,-0.000900417109955472,-0.0132534461612434,"Myocytes","sender-focused"
"Mif",0.445850267797313,0.00569144824768829,-0.000900417109955472,-0.0132534461612434,"Leukocytes","sender-focused"
"Mif",0.445850267797313,0.00569144824768829,-0.000900417109955472,-0.0132534461612434,"SmoothMuscleCells","sender-focused"
"Cxcl9",0.44372350939167,0.00569101131019339,-0.000900854047450372,-0.017221350727399,"EndothelialCells","sender-focused"
"Zdhhc5",0.433233904373963,0.00568811083701547,-0.000903754520628292,-0.0219461056159412,"Fibroblasts","sender-focused"
"Zdhhc5",0.433233904373963,0.00568811083701547,-0.000903754520628292,-0.0219461056159412,"EndothelialCells","sender-focused"
"Zdhhc5",0.433233904373963,0.00568811083701547,-0.000903754520628292,-0.0219461056159412,"Myocytes","sender-focused"
"Zdhhc5",0.433233904373963,0.00568811083701547,-0.000903754520628292,-0.0219461056159412,"Leukocytes","sender-focused"
"Zdhhc5",0.433233904373963,0.00568811083701547,-0.000903754520628292,-0.0219461056159412,"SmoothMuscleCells","sender-focused"
"Jam3",0.442119428899282,0.00568451015091908,-0.000907355206724679,-0.0213865890010239,"Fibroblasts","sender-focused"
"Jam3",0.442119428899282,0.00568451015091908,-0.000907355206724679,-0.0213865890010239,"EndothelialCells","sender-focused"
"Jam3",0.442119428899282,0.00568451015091908,-0.000907355206724679,-0.0213865890010239,"Myocytes","sender-focused"
"Jam3",0.442119428899282,0.00568451015091908,-0.000907355206724679,-0.0213865890010239,"SmoothMuscleCells","sender-focused"
"Timp1",0.450419193694203,0.00568419200615275,-0.000907673351491011,-0.0156148474857365,"Fibroblasts","sender-focused"
"Col1a2",0.445447745726207,0.0056769480240825,-0.000914917333561258,-0.0243859425520947,"Fibroblasts","sender-focused"
"Col1a2",0.445447745726207,0.0056769480240825,-0.000914917333561258,-0.0243859425520947,"Myocytes","sender-focused"
"Col1a2",0.445447745726207,0.0056769480240825,-0.000914917333561258,-0.0243859425520947,"Leukocytes","sender-focused"
"Col1a2",0.445447745726207,0.0056769480240825,-0.000914917333561258,-0.0243859425520947,"SmoothMuscleCells","sender-focused"
"Mmp16",0.441665840595255,0.00567341848009307,-0.00091844687755069,-0.0219980236005447,"Fibroblasts","sender-focused"
"Ifitm6",0.440692578274022,0.00567003248043471,-0.000921832877209046,-0.0198775392769443,"Leukocytes","sender-focused"
"Serpine1",0.445138344432719,0.00566730349162036,-0.000924561866023397,-0.0210823911511285,"Fibroblasts","sender-focused"
"Serpine1",0.445138344432719,0.00566730349162036,-0.000924561866023397,-0.0210823911511285,"SmoothMuscleCells","sender-focused"
"Ptprc",0.438505741947296,0.00566534938892611,-0.00092651596871765,-0.0196317168860068,"Leukocytes","sender-focused"
"Pdgfb",0.425015244772465,0.00566367394351193,-0.000928191414131828,-0.00684137344301648,"EndothelialCells","sender-focused"
"Pdgfb",0.425015244772465,0.00566367394351193,-0.000928191414131828,-0.00684137344301648,"Leukocytes","sender-focused"
"Pdgfb",0.425015244772465,0.00566367394351193,-0.000928191414131828,-0.00684137344301648,"SmoothMuscleCells","sender-focused"
"C3",0.436838579637776,0.00566045525225024,-0.000931410105393519,-0.0207925489764179,"Fibroblasts","sender-focused"
"C3",0.436838579637776,0.00566045525225024,-0.000931410105393519,-0.0207925489764179,"Myocytes","sender-focused"
"C3",0.436838579637776,0.00566045525225024,-0.000931410105393519,-0.0207925489764179,"Leukocytes","sender-focused"
"C3",0.436838579637776,0.00566045525225024,-0.000931410105393519,-0.0207925489764179,"SmoothMuscleCells","sender-focused"
"Wnt5b",0.430314117410275,0.00565756009321929,-0.000934305264424473,-0.0162201276929613,"SmoothMuscleCells","sender-focused"
"Serping1",0.437235093916811,0.00565701909719728,-0.000934846260446483,-0.0230815899132579,"Fibroblasts","sender-focused"
"Serping1",0.437235093916811,0.00565701909719728,-0.000934846260446483,-0.0230815899132579,"EndothelialCells","sender-focused"
"Serping1",0.437235093916811,0.00565701909719728,-0.000934846260446483,-0.0230815899132579,"Myocytes","sender-focused"
"Serping1",0.437235093916811,0.00565701909719728,-0.000934846260446483,-0.0230815899132579,"Leukocytes","sender-focused"
"Serping1",0.437235093916811,0.00565701909719728,-0.000934846260446483,-0.0230815899132579,"SmoothMuscleCells","sender-focused"
"Sfrp1",0.43738829261551,0.00565626414487191,-0.000935601212771853,-0.0211087228446592,"Fibroblasts","sender-focused"
"Sfrp1",0.43738829261551,0.00565626414487191,-0.000935601212771853,-0.0211087228446592,"Myocytes","sender-focused"
"Pdgfa",0.432158509586935,0.00565092995548296,-0.000940935402160797,-0.00935609074119471,"Fibroblasts","sender-focused"
"Pdgfa",0.432158509586935,0.00565092995548296,-0.000940935402160797,-0.00935609074119471,"Myocytes","sender-focused"
"Pdgfa",0.432158509586935,0.00565092995548296,-0.000940935402160797,-0.00935609074119471,"Leukocytes","sender-focused"
"Pdgfa",0.432158509586935,0.00565092995548296,-0.000940935402160797,-0.00935609074119471,"SmoothMuscleCells","sender-focused"
"Jag2",0.429893571962837,0.00565088508701228,-0.000940980270631476,-0.0213563437062657,"EndothelialCells","sender-focused"
"Vcan",0.433580854368114,0.00565080518182318,-0.000941060175820582,-0.0223341053423384,"Fibroblasts","sender-focused"
"Sema5a",0.427589583690047,0.00564599992035068,-0.000945865437293075,-0.021672266360833,"Fibroblasts","sender-focused"
"Sema5a",0.427589583690047,0.00564599992035068,-0.000945865437293075,-0.021672266360833,"SmoothMuscleCells","sender-focused"
"Efna5",0.432864425159429,0.00564558533569608,-0.000946280021947683,-0.0205535376312927,"Fibroblasts","sender-focused"
"Efna5",0.432864425159429,0.00564558533569608,-0.000946280021947683,-0.0205535376312927,"Myocytes","sender-focused"
"Mfap3l",0.449726795653947,0.00564546456315537,-0.000946400794488385,-0.0209643093796682,"Myocytes","sender-focused"
"Sema6b",0.435673067969157,0.005641734072985,-0.000950131284658757,-0.023003166165121,"EndothelialCells","sender-focused"
"Ecm1",0.433954839426735,0.00563852532366271,-0.000953340033981049,-0.02474838731877,"Fibroblasts","sender-focused"
"Ecm1",0.433954839426735,0.00563852532366271,-0.000953340033981049,-0.02474838731877,"EndothelialCells","sender-focused"
"Ecm1",0.433954839426735,0.00563852532366271,-0.000953340033981049,-0.02474838731877,"Myocytes","sender-focused"
"Ecm1",0.433954839426735,0.00563852532366271,-0.000953340033981049,-0.02474838731877,"Leukocytes","sender-focused"
"Ecm1",0.433954839426735,0.00563852532366271,-0.000953340033981049,-0.02474838731877,"SmoothMuscleCells","sender-focused"
"Sdc2",0.440806726324047,0.00563437424667402,-0.000957491110969739,-0.0229663629360682,"Fibroblasts","sender-focused"
"Sdc2",0.440806726324047,0.00563437424667402,-0.000957491110969739,-0.0229663629360682,"Myocytes","sender-focused"
"Sdc2",0.440806726324047,0.00563437424667402,-0.000957491110969739,-0.0229663629360682,"SmoothMuscleCells","sender-focused"
"Edn1",0.435739153682328,0.00562870280044582,-0.000963162557197935,-0.0133466417817274,"EndothelialCells","sender-focused"
"Lamc1",0.436159699129756,0.00562513857427319,-0.000966726783370569,-0.0215710188964413,"Fibroblasts","sender-focused"
"Lamc1",0.436159699129756,0.00562513857427319,-0.000966726783370569,-0.0215710188964413,"EndothelialCells","sender-focused"
"Lamc1",0.436159699129756,0.00562513857427319,-0.000966726783370569,-0.0215710188964413,"Myocytes","sender-focused"
"Lamc1",0.436159699129756,0.00562513857427319,-0.000966726783370569,-0.0215710188964413,"Leukocytes","sender-focused"
"Lamc1",0.436159699129756,0.00562513857427319,-0.000966726783370569,-0.0215710188964413,"SmoothMuscleCells","sender-focused"
"Sema6a",0.439289758817183,0.0056229682166704,-0.000968897140973354,-0.0231853100923762,"EndothelialCells","sender-focused"
"Sema6a",0.439289758817183,0.0056229682166704,-0.000968897140973354,-0.0231853100923762,"SmoothMuscleCells","sender-focused"
"F11r",0.432966557625239,0.00562241634674088,-0.000969449010902876,-0.0196927813865437,"EndothelialCells","sender-focused"
"F11r",0.432966557625239,0.00562241634674088,-0.000969449010902876,-0.0196927813865437,"Myocytes","sender-focused"
"F11r",0.432966557625239,0.00562241634674088,-0.000969449010902876,-0.0196927813865437,"Leukocytes","sender-focused"
"F11r",0.432966557625239,0.00562241634674088,-0.000969449010902876,-0.0196927813865437,"SmoothMuscleCells","sender-focused"
"Tnxb",0.435105331615103,0.00561176844944331,-0.000980096908200447,-0.0214902647526121,"Fibroblasts","sender-focused"
"Tnxb",0.435105331615103,0.00561176844944331,-0.000980096908200447,-0.0214902647526121,"SmoothMuscleCells","sender-focused"
"Prg4",0.435441767973062,0.00561029108402083,-0.000981574273622927,-0.0240217134614701,"Fibroblasts","sender-focused"
"Prg4",0.435441767973062,0.00561029108402083,-0.000981574273622927,-0.0240217134614701,"EndothelialCells","sender-focused"
"Itgam",0.437916978320885,0.00560931549586865,-0.000982549861775106,-0.0210340674857268,"Leukocytes","sender-focused"
"Cd14",0.423648472068278,0.00560806667869166,-0.000983798678952102,-0.0202991787661871,"Leukocytes","sender-focused"
"Adam17",0.438872217265793,0.00560245997253197,-0.000989405385111791,-0.0132679155674458,"Fibroblasts","sender-focused"
"Adam17",0.438872217265793,0.00560245997253197,-0.000989405385111791,-0.0132679155674458,"EndothelialCells","sender-focused"
"Adam17",0.438872217265793,0.00560245997253197,-0.000989405385111791,-0.0132679155674458,"Myocytes","sender-focused"
"Adam17",0.438872217265793,0.00560245997253197,-0.000989405385111791,-0.0132679155674458,"Leukocytes","sender-focused"
"Adam17",0.438872217265793,0.00560245997253197,-0.000989405385111791,-0.0132679155674458,"SmoothMuscleCells","sender-focused"
"C1qa",0.425652070735746,0.00560147748989369,-0.000990387867750074,-0.0167459714972589,"Fibroblasts","sender-focused"
"C1qa",0.425652070735746,0.00560147748989369,-0.000990387867750074,-0.0167459714972589,"EndothelialCells","sender-focused"
"C1qa",0.425652070735746,0.00560147748989369,-0.000990387867750074,-0.0167459714972589,"Myocytes","sender-focused"
"C1qa",0.425652070735746,0.00560147748989369,-0.000990387867750074,-0.0167459714972589,"Leukocytes","sender-focused"
"C1qa",0.425652070735746,0.00560147748989369,-0.000990387867750074,-0.0167459714972589,"SmoothMuscleCells","sender-focused"
"Dusp18",0.425003229188246,0.00560065635344402,-0.000991209004199739,-0.0237474387009729,"Myocytes","sender-focused"
"H2-DMa",0.431218290122284,0.00559914035254937,-0.000992725005094387,-0.0249327265757416,"Leukocytes","sender-focused"
"Ccl11",0.434621704350537,0.00559257458838408,-0.000999290769259676,-0.0219696099246777,"Fibroblasts","sender-focused"
"Cd9",0.423011646104998,0.0055891276926006,-0.00100273766504316,-0.0146835887562156,"Fibroblasts","sender-focused"
"Cd9",0.423011646104998,0.0055891276926006,-0.00100273766504316,-0.0146835887562156,"EndothelialCells","sender-focused"
"Cd9",0.423011646104998,0.0055891276926006,-0.00100273766504316,-0.0146835887562156,"Myocytes","sender-focused"
"Cd9",0.423011646104998,0.0055891276926006,-0.00100273766504316,-0.0146835887562156,"Leukocytes","sender-focused"
"Cd9",0.423011646104998,0.0055891276926006,-0.00100273766504316,-0.0146835887562156,"SmoothMuscleCells","sender-focused"
"Mdk",0.440238989969974,0.00557886098603152,-0.00101300437161223,-0.0188972950356811,"Fibroblasts","sender-focused"
"Mdk",0.440238989969974,0.00557886098603152,-0.00101300437161223,-0.0188972950356811,"Myocytes","sender-focused"
"Fat4",0.430239020008952,0.00557871656361584,-0.00101314879402792,-0.0242465770963055,"EndothelialCells","sender-focused"
"Enpp1",0.430617510911663,0.0055781007791432,-0.00101376457850056,-0.0229871402229996,"Fibroblasts","sender-focused"
"Col4a3",0.423639460380103,0.00557781394657323,-0.00101405141107053,-0.0261140452687222,"Fibroblasts","sender-focused"
"Fgfrl1",0.428109257707239,0.00557526355734362,-0.00101660180030014,-0.0219227211703235,"Fibroblasts","sender-focused"
"Fgfrl1",0.428109257707239,0.00557526355734362,-0.00101660180030014,-0.0219227211703235,"Myocytes","sender-focused"
"Angpt1",0.411798102138474,0.00556484246729065,-0.00102702289035311,-0.00465457184664916,"Fibroblasts","sender-focused"
"Angpt1",0.411798102138474,0.00556484246729065,-0.00102702289035311,-0.00465457184664916,"Myocytes","sender-focused"
"Pecam1",0.426550235655652,0.00556299011736309,-0.00102887524028067,-0.0225570023512634,"Fibroblasts","sender-focused"
"Pecam1",0.426550235655652,0.00556299011736309,-0.00102887524028067,-0.0225570023512634,"EndothelialCells","sender-focused"
"Pecam1",0.426550235655652,0.00556299011736309,-0.00102887524028067,-0.0225570023512634,"Myocytes","sender-focused"
"Pecam1",0.426550235655652,0.00556299011736309,-0.00102887524028067,-0.0225570023512634,"Leukocytes","sender-focused"
"Pecam1",0.426550235655652,0.00556299011736309,-0.00102887524028067,-0.0225570023512634,"SmoothMuscleCells","sender-focused"
"Col3a1",0.426535216175378,0.00556221898756355,-0.00102964637008021,-0.0248653830731066,"Fibroblasts","sender-focused"
"Col3a1",0.426535216175378,0.00556221898756355,-0.00102964637008021,-0.0248653830731066,"EndothelialCells","sender-focused"
"Col3a1",0.426535216175378,0.00556221898756355,-0.00102964637008021,-0.0248653830731066,"Myocytes","sender-focused"
"Col3a1",0.426535216175378,0.00556221898756355,-0.00102964637008021,-0.0248653830731066,"Leukocytes","sender-focused"
"Col3a1",0.426535216175378,0.00556221898756355,-0.00102964637008021,-0.0248653830731066,"SmoothMuscleCells","sender-focused"
"Ltbp1",0.433408130345048,0.00556036821108318,-0.00103149714656058,-0.0257900908538585,"Fibroblasts","sender-focused"
"Ltbp1",0.433408130345048,0.00556036821108318,-0.00103149714656058,-0.0257900908538585,"EndothelialCells","sender-focused"
"Ltbp1",0.433408130345048,0.00556036821108318,-0.00103149714656058,-0.0257900908538585,"Myocytes","sender-focused"
"Ltbp1",0.433408130345048,0.00556036821108318,-0.00103149714656058,-0.0257900908538585,"SmoothMuscleCells","sender-focused"
"Slit3",0.431924205694789,0.00555969468243109,-0.00103217067521267,-0.0234908457747547,"Fibroblasts","sender-focused"
"Slit3",0.431924205694789,0.00555969468243109,-0.00103217067521267,-0.0234908457747547,"Myocytes","sender-focused"
"Slit3",0.431924205694789,0.00555969468243109,-0.00103217067521267,-0.0234908457747547,"SmoothMuscleCells","sender-focused"
"Nrxn2",0.420830817570383,0.00555718587715234,-0.00103467948049142,-0.0180076249136349,"Fibroblasts","sender-focused"
"Nrxn2",0.420830817570383,0.00555718587715234,-0.00103467948049142,-0.0180076249136349,"Myocytes","sender-focused"
"Lgals3bp",0.428598892763909,0.00555261416499837,-0.00103925119264539,-0.0225559684660161,"Fibroblasts","sender-focused"
"Lgals3bp",0.428598892763909,0.00555261416499837,-0.00103925119264539,-0.0225559684660161,"EndothelialCells","sender-focused"
"Lgals3bp",0.428598892763909,0.00555261416499837,-0.00103925119264539,-0.0225559684660161,"Myocytes","sender-focused"
"Lgals3bp",0.428598892763909,0.00555261416499837,-0.00103925119264539,-0.0225559684660161,"Leukocytes","sender-focused"
"Lgals3bp",0.428598892763909,0.00555261416499837,-0.00103925119264539,-0.0225559684660161,"SmoothMuscleCells","sender-focused"
"C4b",0.421897200669274,0.0055416903197725,-0.00105017503787126,-0.0237219407027343,"Fibroblasts","sender-focused"
"C4b",0.421897200669274,0.0055416903197725,-0.00105017503787126,-0.0237219407027343,"Leukocytes","sender-focused"
"Wnt9a",0.425664086319957,0.00553726829979542,-0.00105459705784834,-0.0173699013981075,"Fibroblasts","sender-focused"
"Siglece",0.427184057722867,0.00553632898447784,-0.00105553637316592,-0.02488906835485,"Leukocytes","sender-focused"
"Shisa4",0.420464342251898,0.00553353934894509,-0.00105832600869867,-0.0267762488731021,"Fibroblasts","sender-focused"
"Shisa4",0.420464342251898,0.00553353934894509,-0.00105832600869867,-0.0267762488731021,"Myocytes","sender-focused"
"Col6a2",0.429055484964001,0.00553177813519237,-0.00106008722245139,-0.0258727961952536,"Fibroblasts","sender-focused"
"Col6a2",0.429055484964001,0.00553177813519237,-0.00106008722245139,-0.0258727961952536,"Myocytes","sender-focused"
"Col6a2",0.429055484964001,0.00553177813519237,-0.00106008722245139,-0.0258727961952536,"SmoothMuscleCells","sender-focused"
"Cxcl1",0.419947672130742,0.00553000610354556,-0.0010618592540982,-0.0189596023980547,"Fibroblasts","sender-focused"
"Cxcl1",0.419947672130742,0.00553000610354556,-0.0010618592540982,-0.0189596023980547,"EndothelialCells","sender-focused"
"Cxcl1",0.419947672130742,0.00553000610354556,-0.0010618592540982,-0.0189596023980547,"Leukocytes","sender-focused"
"Cxcl1",0.419947672130742,0.00553000610354556,-0.0010618592540982,-0.0189596023980547,"SmoothMuscleCells","sender-focused"
"Itgal",0.424050994139393,0.00552417151508269,-0.00106769384256107,-0.0174246884493632,"Leukocytes","sender-focused"
"Serpinf1",0.432612097890961,0.00552117130230608,-0.00107069405533768,-0.0209409970239458,"Fibroblasts","sender-focused"
"Serpinf1",0.432612097890961,0.00552117130230608,-0.00107069405533768,-0.0209409970239458,"Myocytes","sender-focused"
"Serpinf1",0.432612097890961,0.00552117130230608,-0.00107069405533768,-0.0209409970239458,"Leukocytes","sender-focused"
"Il1rn",0.417760835804047,0.00551979663955973,-0.00107206871808403,-0.0194815778923984,"Leukocytes","sender-focused"
"Cd38",0.423771631806449,0.00550989013585603,-0.00108197522178773,-0.021701725134473,"EndothelialCells","sender-focused"
"Cd38",0.423771631806449,0.00550989013585603,-0.00108197522178773,-0.021701725134473,"Leukocytes","sender-focused"
"Cd38",0.423771631806449,0.00550989013585603,-0.00108197522178773,-0.021701725134473,"SmoothMuscleCells","sender-focused"
"Ntn1",0.426616321368804,0.0055079925708991,-0.00108387278674466,-0.0223662679588664,"Fibroblasts","sender-focused"
"Ntn1",0.426616321368804,0.0055079925708991,-0.00108387278674466,-0.0223662679588664,"Myocytes","sender-focused"
"Ntn1",0.426616321368804,0.0055079925708991,-0.00108387278674466,-0.0223662679588664,"SmoothMuscleCells","sender-focused"
"Lrrc4b",0.408589941153679,0.00550739637523575,-0.001084468982408,-0.0255583767019939,"Myocytes","sender-focused"
"Cd320",0.432645140747547,0.00549965949007496,-0.0010922058675688,-0.0243517789267722,"Fibroblasts","sender-focused"
"Cd320",0.432645140747547,0.00549965949007496,-0.0010922058675688,-0.0243517789267722,"EndothelialCells","sender-focused"
"Cd320",0.432645140747547,0.00549965949007496,-0.0010922058675688,-0.0243517789267722,"Myocytes","sender-focused"
"Cd320",0.432645140747547,0.00549965949007496,-0.0010922058675688,-0.0243517789267722,"SmoothMuscleCells","sender-focused"
"Ngf",0.402428950348609,0.0054978467530715,-0.00109401860457226,-0.00189407055958152,"Fibroblasts","sender-focused"
"Ngf",0.402428950348609,0.0054978467530715,-0.00109401860457226,-0.00189407055958152,"SmoothMuscleCells","sender-focused"
"Wnt11",0.435093316030883,0.00549685926089791,-0.00109500609674585,-0.0180891749257587,"Fibroblasts","sender-focused"
"Mxra8",0.430261549229349,0.00549399963809991,-0.00109786571954385,-0.0247111154092253,"Fibroblasts","sender-focused"
"Mxra8",0.430261549229349,0.00549399963809991,-0.00109786571954385,-0.0247111154092253,"EndothelialCells","sender-focused"
"Mxra8",0.430261549229349,0.00549399963809991,-0.00109786571954385,-0.0247111154092253,"SmoothMuscleCells","sender-focused"
"Tspan5",0.416403074787996,0.00549171547678458,-0.00110014988085918,-0.0253747974854171,"Fibroblasts","sender-focused"
"Tspan5",0.416403074787996,0.00549171547678458,-0.00110014988085918,-0.0253747974854171,"EndothelialCells","sender-focused"
"Tspan5",0.416403074787996,0.00549171547678458,-0.00110014988085918,-0.0253747974854171,"Leukocytes","sender-focused"
"Efemp2",0.430320125202393,0.00548672955774245,-0.00110513579990131,-0.0226621350293957,"Fibroblasts","sender-focused"
"Efemp2",0.430320125202393,0.00548672955774245,-0.00110513579990131,-0.0226621350293957,"EndothelialCells","sender-focused"
"Efemp2",0.430320125202393,0.00548672955774245,-0.00110513579990131,-0.0226621350293957,"Leukocytes","sender-focused"
"Efemp2",0.430320125202393,0.00548672955774245,-0.00110513579990131,-0.0226621350293957,"SmoothMuscleCells","sender-focused"
"Rarres2",0.427247139539974,0.00548161238910787,-0.00111025296853589,-0.020541808177921,"Fibroblasts","sender-focused"
"Rarres2",0.427247139539974,0.00548161238910787,-0.00111025296853589,-0.020541808177921,"Myocytes","sender-focused"
"Rarres2",0.427247139539974,0.00548161238910787,-0.00111025296853589,-0.020541808177921,"SmoothMuscleCells","sender-focused"
"Gpc6",0.412041417718776,0.00547662448881034,-0.00111524086883342,-0.0262734965783733,"Fibroblasts","sender-focused"
"Gpc6",0.412041417718776,0.00547662448881034,-0.00111524086883342,-0.0262734965783733,"SmoothMuscleCells","sender-focused"
"H2-DMb1",0.410743734623805,0.00547345713572769,-0.00111840822191606,-0.0255446838205159,"Leukocytes","sender-focused"
"Lamb3",0.425495868140969,0.00547314956886793,-0.00111871578877583,-0.0257889147084648,"Myocytes","sender-focused"
"S100a9",0.415399773506247,0.00546450773247787,-0.00112735762516589,-0.0235905164498991,"Fibroblasts","sender-focused"
"S100a9",0.415399773506247,0.00546450773247787,-0.00112735762516589,-0.0235905164498991,"EndothelialCells","sender-focused"
"S100a9",0.415399773506247,0.00546450773247787,-0.00112735762516589,-0.0235905164498991,"Leukocytes","sender-focused"
"S100a9",0.415399773506247,0.00546450773247787,-0.00112735762516589,-0.0235905164498991,"SmoothMuscleCells","sender-focused"
"Osm",0.416487183877499,0.0054553287358906,-0.00113653662175316,-0.0131196227604562,"Leukocytes","sender-focused"
"Lpl",0.418836230591076,0.00544200169881147,-0.00114986365883228,-0.0224416993718258,"Fibroblasts","sender-focused"
"Lpl",0.418836230591076,0.00544200169881147,-0.00114986365883228,-0.0224416993718258,"EndothelialCells","sender-focused"
"Lpl",0.418836230591076,0.00544200169881147,-0.00114986365883228,-0.0224416993718258,"Myocytes","sender-focused"
"Lpl",0.418836230591076,0.00544200169881147,-0.00114986365883228,-0.0224416993718258,"Leukocytes","sender-focused"
"Lpl",0.418836230591076,0.00544200169881147,-0.00114986365883228,-0.0224416993718258,"SmoothMuscleCells","sender-focused"
"Angptl6",0.427202081099177,0.00544107973692971,-0.00115078562071405,-0.0236236520401136,"Myocytes","sender-focused"
"Traf2",0.42176502924292,0.00543494303391915,-0.00115692232372461,-0.0202015019419596,"Fibroblasts","sender-focused"
"Traf2",0.42176502924292,0.00543494303391915,-0.00115692232372461,-0.0202015019419596,"EndothelialCells","sender-focused"
"Traf2",0.42176502924292,0.00543494303391915,-0.00115692232372461,-0.0202015019419596,"Myocytes","sender-focused"
"Traf2",0.42176502924292,0.00543494303391915,-0.00115692232372461,-0.0202015019419596,"Leukocytes","sender-focused"
"Traf2",0.42176502924292,0.00543494303391915,-0.00115692232372461,-0.0202015019419596,"SmoothMuscleCells","sender-focused"
"Col4a1",0.424432488938147,0.00543349297413673,-0.00115837238350703,-0.0220538806584001,"Fibroblasts","sender-focused"
"Col4a1",0.424432488938147,0.00543349297413673,-0.00115837238350703,-0.0220538806584001,"EndothelialCells","sender-focused"
"Col4a1",0.424432488938147,0.00543349297413673,-0.00115837238350703,-0.0220538806584001,"Myocytes","sender-focused"
"Col4a1",0.424432488938147,0.00543349297413673,-0.00115837238350703,-0.0220538806584001,"Leukocytes","sender-focused"
"Col4a1",0.424432488938147,0.00543349297413673,-0.00115837238350703,-0.0220538806584001,"SmoothMuscleCells","sender-focused"
"Tgfbi",0.417754828011926,0.00543195344364236,-0.0011599119140014,-0.0248412727738465,"Fibroblasts","sender-focused"
"Tgfbi",0.417754828011926,0.00543195344364236,-0.0011599119140014,-0.0248412727738465,"Leukocytes","sender-focused"
"Cd79b",0.411671938504233,0.0054084397961003,-0.00118342556154346,-0.0268957070669281,"Leukocytes","sender-focused"
"Ebi3",0.432419848543555,0.00537791497745259,-0.00121395038019117,-0.0224895171463186,"Leukocytes","sender-focused"
"Tnfsf9",0.406670451575689,0.00537029189752726,-0.0012215734601165,-0.00585386491579599,"Leukocytes","sender-focused"
"Esam",0.426421068125343,0.00536824309675314,-0.00122362226089062,-0.0244962407131484,"EndothelialCells","sender-focused"
"Esam",0.426421068125343,0.00536824309675314,-0.00122362226089062,-0.0244962407131484,"Myocytes","sender-focused"
"Esam",0.426421068125343,0.00536824309675314,-0.00122362226089062,-0.0244962407131484,"Leukocytes","sender-focused"
"Esam",0.426421068125343,0.00536824309675314,-0.00122362226089062,-0.0244962407131484,"SmoothMuscleCells","sender-focused"
"Itgb2",0.413873794311223,0.00536323225659376,-0.00122863310104999,-0.0262240844903673,"Leukocytes","sender-focused"
"Ltbp3",0.431368484924949,0.0053617658655986,-0.00123009949204516,-0.0260188492049318,"Fibroblasts","sender-focused"
"Ltbp3",0.431368484924949,0.0053617658655986,-0.00123009949204516,-0.0260188492049318,"Myocytes","sender-focused"
"Ltbp3",0.431368484924949,0.0053617658655986,-0.00123009949204516,-0.0260188492049318,"SmoothMuscleCells","sender-focused"
"Nucb2",0.404690884076644,0.00535719547309012,-0.00123466988455364,-0.0278787350893866,"Fibroblasts","sender-focused"
"Nucb2",0.404690884076644,0.00535719547309012,-0.00123466988455364,-0.0278787350893866,"EndothelialCells","sender-focused"
"Nucb2",0.404690884076644,0.00535719547309012,-0.00123466988455364,-0.0278787350893866,"Leukocytes","sender-focused"
"Nucb2",0.404690884076644,0.00535719547309012,-0.00123466988455364,-0.0278787350893866,"SmoothMuscleCells","sender-focused"
"Icam1",0.413924860544125,0.00535106400349528,-0.00124080135414848,-0.0231898314178425,"Fibroblasts","sender-focused"
"Icam1",0.413924860544125,0.00535106400349528,-0.00124080135414848,-0.0231898314178425,"EndothelialCells","sender-focused"
"Icam1",0.413924860544125,0.00535106400349528,-0.00124080135414848,-0.0231898314178425,"Leukocytes","sender-focused"
"Icam1",0.413924860544125,0.00535106400349528,-0.00124080135414848,-0.0231898314178425,"SmoothMuscleCells","sender-focused"
"Timp2",0.419497087722767,0.00534861185411447,-0.00124325350352929,-0.0220640678958428,"Fibroblasts","sender-focused"
"Timp2",0.419497087722767,0.00534861185411447,-0.00124325350352929,-0.0220640678958428,"EndothelialCells","sender-focused"
"Timp2",0.419497087722767,0.00534861185411447,-0.00124325350352929,-0.0220640678958428,"Myocytes","sender-focused"
"Timp2",0.419497087722767,0.00534861185411447,-0.00124325350352929,-0.0220640678958428,"Leukocytes","sender-focused"
"Timp2",0.419497087722767,0.00534861185411447,-0.00124325350352929,-0.0220640678958428,"SmoothMuscleCells","sender-focused"
"Nppb",0.39376871802729,0.00534456417375266,-0.0012473011838911,-0.0274114885963271,"Myocytes","sender-focused"
"Mmp2",0.404005995776524,0.00532509876835864,-0.00126676658928512,-0.0259545476004539,"Fibroblasts","sender-focused"
"Mmp2",0.404005995776524,0.00532509876835864,-0.00126676658928512,-0.0259545476004539,"Myocytes","sender-focused"
"Mmp2",0.404005995776524,0.00532509876835864,-0.00126676658928512,-0.0259545476004539,"Leukocytes","sender-focused"
"Mmp2",0.404005995776524,0.00532509876835864,-0.00126676658928512,-0.0259545476004539,"SmoothMuscleCells","sender-focused"
"Postn",0.424657781142153,0.00531769186049805,-0.00127417349714571,-0.012784370066581,"Fibroblasts","sender-focused"
"Postn",0.424657781142153,0.00531769186049805,-0.00127417349714571,-0.012784370066581,"SmoothMuscleCells","sender-focused"
"Tgfb2",0.428965368082393,0.0053103913215956,-0.00128147403604816,-0.0191378159615611,"Fibroblasts","sender-focused"
"Tgfb2",0.428965368082393,0.0053103913215956,-0.00128147403604816,-0.0191378159615611,"Myocytes","sender-focused"
"Tgfb2",0.428965368082393,0.0053103913215956,-0.00128147403604816,-0.0191378159615611,"SmoothMuscleCells","sender-focused"
"Nppa",0.41374462678093,0.00529869613215598,-0.00129316922548778,-0.0219515730915392,"Fibroblasts","sender-focused"
"Nppa",0.41374462678093,0.00529869613215598,-0.00129316922548778,-0.0219515730915392,"EndothelialCells","sender-focused"
"Nppa",0.41374462678093,0.00529869613215598,-0.00129316922548778,-0.0219515730915392,"Myocytes","sender-focused"
"Nppa",0.41374462678093,0.00529869613215598,-0.00129316922548778,-0.0219515730915392,"Leukocytes","sender-focused"
"Nppa",0.41374462678093,0.00529869613215598,-0.00129316922548778,-0.0219515730915392,"SmoothMuscleCells","sender-focused"
"Ctf1",0.410787291116578,0.00529686209989312,-0.00129500325775064,-0.0250320397704778,"Myocytes","sender-focused"
"Spon2",0.412380857972781,0.00528487457440071,-0.00130699078324305,-0.0238408293088597,"Fibroblasts","sender-focused"
"Lrrn2",0.405934497042655,0.00527438879645061,-0.00131747656119315,-0.0283784261012618,"Fibroblasts","sender-focused"
"Lrrn2",0.405934497042655,0.00527438879645061,-0.00131747656119315,-0.0283784261012618,"Myocytes","sender-focused"
"Fap",0.416349004659039,0.00523484706352238,-0.00135701829412138,-0.0261844717855185,"Fibroblasts","sender-focused"
"Sirpa",0.412756344979441,0.00519909887623695,-0.00139276648140681,-0.028185823224535,"Fibroblasts","sender-focused"
"Sirpa",0.412756344979441,0.00519909887623695,-0.00139276648140681,-0.028185823224535,"Myocytes","sender-focused"
"Sirpa",0.412756344979441,0.00519909887623695,-0.00139276648140681,-0.028185823224535,"Leukocytes","sender-focused"
"Igf1",0.414474573521852,0.00518476920230218,-0.00140709615534158,-0.0202388153218305,"Fibroblasts","sender-focused"
"Igf1",0.414474573521852,0.00518476920230218,-0.00140709615534158,-0.0202388153218305,"Myocytes","sender-focused"
"Igf1",0.414474573521852,0.00518476920230218,-0.00140709615534158,-0.0202388153218305,"Leukocytes","sender-focused"
"Cntf",0.408043232071989,0.00516839103114203,-0.00142347432650172,-0.0210123893126789,"Myocytes","sender-focused"
"Tnfsf12",0.408334609989156,0.00515056451885256,-0.00144130083879119,-0.0160673607019432,"Fibroblasts","sender-focused"
"Tnfsf12",0.408334609989156,0.00515056451885256,-0.00144130083879119,-0.0160673607019432,"EndothelialCells","sender-focused"
"Tnfsf12",0.408334609989156,0.00515056451885256,-0.00144130083879119,-0.0160673607019432,"Myocytes","sender-focused"
"Tnfsf12",0.408334609989156,0.00515056451885256,-0.00144130083879119,-0.0160673607019432,"Leukocytes","sender-focused"
"Tnfsf12",0.408334609989156,0.00515056451885256,-0.00144130083879119,-0.0160673607019432,"SmoothMuscleCells","sender-focused"
"Mmp15",0.391807173904556,0.0050890379954098,-0.00150282736223396,-0.0321923784665355,"EndothelialCells","sender-focused"
"Mmp15",0.391807173904556,0.0050890379954098,-0.00150282736223396,-0.0321923784665355,"Myocytes","sender-focused"
"Mmp15",0.391807173904556,0.0050890379954098,-0.00150282736223396,-0.0321923784665355,"SmoothMuscleCells","sender-focused"
"Mmrn2",0.385021372720419,0.00504571865240227,-0.00154614670524148,-0.0284751836674338,"EndothelialCells","sender-focused"
"Mmrn2",0.385021372720419,0.00504571865240227,-0.00154614670524148,-0.0284751836674338,"SmoothMuscleCells","sender-focused"
"Pam",0.389238842779076,0.00499188348212068,-0.00159998187552308,-0.035175885948354,"Fibroblasts","sender-focused"
"Pam",0.389238842779076,0.00499188348212068,-0.00159998187552308,-0.035175885948354,"EndothelialCells","sender-focused"
"Pam",0.389238842779076,0.00499188348212068,-0.00159998187552308,-0.035175885948354,"Myocytes","sender-focused"
"Pam",0.389238842779076,0.00499188348212068,-0.00159998187552308,-0.035175885948354,"Leukocytes","sender-focused"
"Pam",0.389238842779076,0.00499188348212068,-0.00159998187552308,-0.035175885948354,"SmoothMuscleCells","sender-focused"
"Gas6",0.396661469926492,0.00495922336420348,-0.00163264199344028,-0.0329827239571942,"Fibroblasts","sender-focused"
"Gas6",0.396661469926492,0.00495922336420348,-0.00163264199344028,-0.0329827239571942,"EndothelialCells","sender-focused"
"Gas6",0.396661469926492,0.00495922336420348,-0.00163264199344028,-0.0329827239571942,"Myocytes","sender-focused"
"Gas6",0.396661469926492,0.00495922336420348,-0.00163264199344028,-0.0329827239571942,"Leukocytes","sender-focused"
"Gas6",0.396661469926492,0.00495922336420348,-0.00163264199344028,-0.0329827239571942,"SmoothMuscleCells","sender-focused"
"Mmp9",0.377824037776995,0.00485331927822827,-0.00173854607941549,-0.02639582120531,"Leukocytes","sender-focused"
"Clec11a",0.360882064037051,0.00474472830652684,-0.00184713705111692,-0.0370767976592632,"Fibroblasts","sender-focused"
"Alcam",0.366129870441971,0.00472520403838299,-0.00186666131926077,-0.0328976331685327,"Fibroblasts","sender-focused"
"Alcam",0.366129870441971,0.00472520403838299,-0.00186666131926077,-0.0328976331685327,"Leukocytes","sender-focused"
