"test_ligand","auroc","aupr","aupr_corrected","pearson","sender","approach"
"Ahsg",0.646536455530244,0.0468282884987315,0.0435317245327115,0.060680934531767,"Fibroblasts","sender-focused"
"Ahsg",0.646536455530244,0.0468282884987315,0.0435317245327115,0.060680934531767,"EndocardialCells","sender-focused"
"Mmp15",0.557993208928203,0.0153684026125252,0.0120718386465052,0.032341621178698,"EndothelialCells","sender-focused"
"Mmp15",0.557993208928203,0.0153684026125252,0.0120718386465052,0.032341621178698,"SmoothMuscleCells","sender-focused"
"Jag1",0.653836368440091,0.012180642726184,0.00888407876016397,0.0353762767640552,"Fibroblasts","sender-focused"
"Jag1",0.653836368440091,0.012180642726184,0.00888407876016397,0.0353762767640552,"EndothelialCells","sender-focused"
"Jag1",0.653836368440091,0.012180642726184,0.00888407876016397,0.0353762767640552,"SmoothMuscleCells","sender-focused"
"Jag1",0.653836368440091,0.012180642726184,0.00888407876016397,0.0353762767640552,"EndocardialCells","sender-focused"
"Furin",0.626950965330314,0.00894574206662632,0.00564917810060629,0.0387009909246851,"Fibroblasts","sender-focused"
"Furin",0.626950965330314,0.00894574206662632,0.00564917810060629,0.0387009909246851,"EndothelialCells","sender-focused"
"Furin",0.626950965330314,0.00894574206662632,0.00564917810060629,0.0387009909246851,"Leukocytes","sender-focused"
"Furin",0.626950965330314,0.00894574206662632,0.00564917810060629,0.0387009909246851,"SmoothMuscleCells","sender-focused"
"Furin",0.626950965330314,0.00894574206662632,0.00564917810060629,0.0387009909246851,"EndocardialCells","sender-focused"
"Tnf",0.652904308514277,0.00855904058102396,0.00526247661500392,0.0393288368353781,"Leukocytes","sender-focused"
"Ltbp1",0.655901089115689,0.00789887757614651,0.00460231361012648,0.0309602757840971,"Fibroblasts","sender-focused"
"Ltbp1",0.655901089115689,0.00789887757614651,0.00460231361012648,0.0309602757840971,"EndothelialCells","sender-focused"
"Ltbp1",0.655901089115689,0.00789887757614651,0.00460231361012648,0.0309602757840971,"SmoothMuscleCells","sender-focused"
"Ltbp1",0.655901089115689,0.00789887757614651,0.00460231361012648,0.0309602757840971,"EndocardialCells","sender-focused"
"Jam2",0.623438004560001,0.00781070131213834,0.0045141373461183,0.028962026291195,"Fibroblasts","sender-focused"
"Jam2",0.623438004560001,0.00781070131213834,0.0045141373461183,0.028962026291195,"EndothelialCells","sender-focused"
"Jam2",0.623438004560001,0.00781070131213834,0.0045141373461183,0.028962026291195,"SmoothMuscleCells","sender-focused"
"Jam2",0.623438004560001,0.00781070131213834,0.0045141373461183,0.028962026291195,"EndocardialCells","sender-focused"
"Mxra8",0.618334915307321,0.00750300141230293,0.0042064374462829,0.0306782610042132,"Fibroblasts","sender-focused"
"Mxra8",0.618334915307321,0.00750300141230293,0.0042064374462829,0.0306782610042132,"EndothelialCells","sender-focused"
"Mxra8",0.618334915307321,0.00750300141230293,0.0042064374462829,0.0306782610042132,"SmoothMuscleCells","sender-focused"
"Mxra8",0.618334915307321,0.00750300141230293,0.0042064374462829,0.0306782610042132,"EndocardialCells","sender-focused"
"Il1b",0.604605990625584,0.00743063932654003,0.00413407536052,0.0322278416755425,"Leukocytes","sender-focused"
"Jag2",0.617282984157429,0.00732334905387308,0.00402678508785305,0.0282908320942721,"EndothelialCells","sender-focused"
"Edn1",0.662097697493967,0.00731596918207297,0.00401940521605293,0.0397247019750132,"EndothelialCells","sender-focused"
"Edn1",0.662097697493967,0.00731596918207297,0.00401940521605293,0.0397247019750132,"EndocardialCells","sender-focused"
"Cd14",0.630684097736615,0.00725396295074779,0.00395739898472775,0.025847903535837,"Leukocytes","sender-focused"
"Lfng",0.625713111465547,0.00718997729709735,0.00389341333107732,0.028641266013779,"EndothelialCells","sender-focused"
"Lfng",0.625713111465547,0.00718997729709735,0.00389341333107732,0.028641266013779,"Leukocytes","sender-focused"
"Igsf3",0.644178172673256,0.0068815331005119,0.00358496913449187,0.0305388432915039,"Fibroblasts","sender-focused"
"Igsf3",0.644178172673256,0.0068815331005119,0.00358496913449187,0.0305388432915039,"EndocardialCells","sender-focused"
"Dll1",0.620360494358702,0.00673241403297711,0.00343585006695707,0.0204348968818178,"EndocardialCells","sender-focused"
"Igf1",0.62237139530106,0.00669908105600883,0.0034025170899888,0.0211022580661429,"Fibroblasts","sender-focused"
"Igf1",0.62237139530106,0.00669908105600883,0.0034025170899888,0.0211022580661429,"Leukocytes","sender-focused"
"Mdk",0.625326587926737,0.00668469211632281,0.00338812815030278,0.0214549156530282,"Fibroblasts","sender-focused"
"Mdk",0.625326587926737,0.00668469211632281,0.00338812815030278,0.0214549156530282,"EndocardialCells","sender-focused"
"Gdf15",0.647045296644564,0.00665500763457855,0.00335844366855851,0.0236316670618727,"Leukocytes","sender-focused"
"Mmp9",0.649545467889171,0.00657556861056526,0.00327900464454523,0.0196146958106437,"Leukocytes","sender-focused"
"Pdgfb",0.616568649516107,0.00650744103620088,0.00321087707018085,0.0295654682411628,"EndothelialCells","sender-focused"
"Pdgfb",0.616568649516107,0.00650744103620088,0.00321087707018085,0.0295654682411628,"Leukocytes","sender-focused"
"Pdgfb",0.616568649516107,0.00650744103620088,0.00321087707018085,0.0295654682411628,"SmoothMuscleCells","sender-focused"
"Pdgfb",0.616568649516107,0.00650744103620088,0.00321087707018085,0.0295654682411628,"EndocardialCells","sender-focused"
"Pi16",0.637198731811358,0.00639603641497876,0.00309947244895873,0.0282998224793788,"Fibroblasts","sender-focused"
"Pi16",0.637198731811358,0.00639603641497876,0.00309947244895873,0.0282998224793788,"EndothelialCells","sender-focused"
"Pi16",0.637198731811358,0.00639603641497876,0.00309947244895873,0.0282998224793788,"Leukocytes","sender-focused"
"Pi16",0.637198731811358,0.00639603641497876,0.00309947244895873,0.0282998224793788,"SmoothMuscleCells","sender-focused"
"Pi16",0.637198731811358,0.00639603641497876,0.00309947244895873,0.0282998224793788,"EndocardialCells","sender-focused"
"Thbs1",0.651884179934008,0.00637477788736862,0.00307821392134859,0.0236306660668075,"Fibroblasts","sender-focused"
"Thbs1",0.651884179934008,0.00637477788736862,0.00307821392134859,0.0236306660668075,"SmoothMuscleCells","sender-focused"
"Mmp16",0.642167271730931,0.00634566155239822,0.00304909758637819,0.0259993153476635,"Fibroblasts","sender-focused"
"Tslp",0.60341706379107,0.00628482040456618,0.00298825643854615,0.0239835911514704,"Fibroblasts","sender-focused"
"Tslp",0.60341706379107,0.00628482040456618,0.00298825643854615,0.0239835911514704,"Leukocytes","sender-focused"
"Tslp",0.60341706379107,0.00628482040456618,0.00298825643854615,0.0239835911514704,"SmoothMuscleCells","sender-focused"
"Gpc6",0.602981613222044,0.00627852363524342,0.00298195966922339,0.0240068281231349,"Fibroblasts","sender-focused"
"Gpc6",0.602981613222044,0.00627852363524342,0.00298195966922339,0.0240068281231349,"SmoothMuscleCells","sender-focused"
"Gpc6",0.602981613222044,0.00627852363524342,0.00298195966922339,0.0240068281231349,"EndocardialCells","sender-focused"
"Fap",0.629774054974402,0.00624173988610535,0.00294517592008532,0.0239883651579431,"Fibroblasts","sender-focused"
"Mfng",0.590632430792697,0.00622495947260253,0.00292839550658249,0.0245286098805095,"EndothelialCells","sender-focused"
"Mfng",0.590632430792697,0.00622495947260253,0.00292839550658249,0.0245286098805095,"Leukocytes","sender-focused"
"Mfng",0.590632430792697,0.00622495947260253,0.00292839550658249,0.0245286098805095,"SmoothMuscleCells","sender-focused"
"Mfng",0.590632430792697,0.00622495947260253,0.00292839550658249,0.0245286098805095,"EndocardialCells","sender-focused"
"A2m",0.647138258001999,0.0062089555394603,0.00291239157344027,0.0270879458815822,"EndocardialCells","sender-focused"
"Nrxn1",0.642800876772388,0.00618995393324489,0.00289338996722486,0.0273321495574195,"SmoothMuscleCells","sender-focused"
"Gpc3",0.621896803107841,0.00618291017323584,0.00288634620721581,0.0248342222233972,"Fibroblasts","sender-focused"
"Gpc3",0.621896803107841,0.00618291017323584,0.00288634620721581,0.0248342222233972,"SmoothMuscleCells","sender-focused"
"Nid1",0.613899680017223,0.00614618544639186,0.00284962148037183,0.0240664557516792,"Fibroblasts","sender-focused"
"Nid1",0.613899680017223,0.00614618544639186,0.00284962148037183,0.0240664557516792,"EndothelialCells","sender-focused"
"Nid1",0.613899680017223,0.00614618544639186,0.00284962148037183,0.0240664557516792,"SmoothMuscleCells","sender-focused"
"Nid1",0.613899680017223,0.00614618544639186,0.00284962148037183,0.0240664557516792,"EndocardialCells","sender-focused"
"Igf2",0.608691397649536,0.00613893418108494,0.00284237021506491,0.00431455890322627,"SmoothMuscleCells","sender-focused"
"Igf2",0.608691397649536,0.00613893418108494,0.00284237021506491,0.00431455890322627,"EndocardialCells","sender-focused"
"Alox5ap",0.602957149706902,0.00613282298365798,0.00283625901763794,0.0238081645936312,"Leukocytes","sender-focused"
"Timp2",0.648875167575077,0.00612954601346377,0.00283298204744374,0.0242478044517873,"Fibroblasts","sender-focused"
"Timp2",0.648875167575077,0.00612954601346377,0.00283298204744374,0.0242478044517873,"EndothelialCells","sender-focused"
"Timp2",0.648875167575077,0.00612954601346377,0.00283298204744374,0.0242478044517873,"Leukocytes","sender-focused"
"Timp2",0.648875167575077,0.00612954601346377,0.00283298204744374,0.0242478044517873,"SmoothMuscleCells","sender-focused"
"Timp2",0.648875167575077,0.00612954601346377,0.00283298204744374,0.0242478044517873,"EndocardialCells","sender-focused"
"Adam10",0.621099292515117,0.00611897136437663,0.00282240739835659,0.0220161217306193,"Fibroblasts","sender-focused"
"Adam10",0.621099292515117,0.00611897136437663,0.00282240739835659,0.0220161217306193,"EndothelialCells","sender-focused"
"Adam10",0.621099292515117,0.00611897136437663,0.00282240739835659,0.0220161217306193,"Leukocytes","sender-focused"
"Adam10",0.621099292515117,0.00611897136437663,0.00282240739835659,0.0220161217306193,"SmoothMuscleCells","sender-focused"
"Adam10",0.621099292515117,0.00611897136437663,0.00282240739835659,0.0220161217306193,"EndocardialCells","sender-focused"
"Dcn",0.655891303709608,0.00611580840419762,0.00281924443817759,0.0215079672750169,"Fibroblasts","sender-focused"
"Dcn",0.655891303709608,0.00611580840419762,0.00281924443817759,0.0215079672750169,"EndothelialCells","sender-focused"
"Dcn",0.655891303709608,0.00611580840419762,0.00281924443817759,0.0215079672750169,"Leukocytes","sender-focused"
"Dcn",0.655891303709608,0.00611580840419762,0.00281924443817759,0.0215079672750169,"SmoothMuscleCells","sender-focused"
"Dcn",0.655891303709608,0.00611580840419762,0.00281924443817759,0.0215079672750169,"EndocardialCells","sender-focused"
"Col4a6",0.637357744659604,0.00610442915462542,0.00280786518860539,0.0246843424058223,"Fibroblasts","sender-focused"
"Lilra6",0.635777401583251,0.00610058993460077,0.00280402596858074,0.0248881052987424,"Leukocytes","sender-focused"
"Lilra5",0.63497499828753,0.00609406992746963,0.00279750596144959,0.0248648447790783,"Leukocytes","sender-focused"
"Tspan3",0.612571311146523,0.00609175868226709,0.00279519471624705,0.0244903395362517,"Fibroblasts","sender-focused"
"Tspan3",0.612571311146523,0.00609175868226709,0.00279519471624705,0.0244903395362517,"EndothelialCells","sender-focused"
"Tspan3",0.612571311146523,0.00609175868226709,0.00279519471624705,0.0244903395362517,"Leukocytes","sender-focused"
"Tspan3",0.612571311146523,0.00609175868226709,0.00279519471624705,0.0244903395362517,"SmoothMuscleCells","sender-focused"
"Tspan3",0.612571311146523,0.00609175868226709,0.00279519471624705,0.0244903395362517,"EndocardialCells","sender-focused"
"Mmp14",0.629025471411913,0.00608270872965437,0.00278614476363434,0.021799866619674,"Fibroblasts","sender-focused"
"Mmp14",0.629025471411913,0.00608270872965437,0.00278614476363434,0.021799866619674,"Leukocytes","sender-focused"
"Mmp14",0.629025471411913,0.00608270872965437,0.00278614476363434,0.021799866619674,"SmoothMuscleCells","sender-focused"
"Mmp14",0.629025471411913,0.00608270872965437,0.00278614476363434,0.021799866619674,"EndocardialCells","sender-focused"
"Msn",0.636636070963747,0.00607357695507471,0.00277701298905467,0.0256412341068023,"Fibroblasts","sender-focused"
"Msn",0.636636070963747,0.00607357695507471,0.00277701298905467,0.0256412341068023,"EndothelialCells","sender-focused"
"Msn",0.636636070963747,0.00607357695507471,0.00277701298905467,0.0256412341068023,"Leukocytes","sender-focused"
"Msn",0.636636070963747,0.00607357695507471,0.00277701298905467,0.0256412341068023,"SmoothMuscleCells","sender-focused"
"Msn",0.636636070963747,0.00607357695507471,0.00277701298905467,0.0256412341068023,"EndocardialCells","sender-focused"
"Nampt",0.627371737790244,0.00606390321655232,0.00276733925053229,0.0215421743664929,"Fibroblasts","sender-focused"
"Nampt",0.627371737790244,0.00606390321655232,0.00276733925053229,0.0215421743664929,"EndothelialCells","sender-focused"
"Nampt",0.627371737790244,0.00606390321655232,0.00276733925053229,0.0215421743664929,"Leukocytes","sender-focused"
"Nampt",0.627371737790244,0.00606390321655232,0.00276733925053229,0.0215421743664929,"SmoothMuscleCells","sender-focused"
"Nampt",0.627371737790244,0.00606390321655232,0.00276733925053229,0.0215421743664929,"EndocardialCells","sender-focused"
"Mfap5",0.610041783683789,0.00606349856668324,0.00276693460066321,0.0213394998059033,"Fibroblasts","sender-focused"
"Mfap5",0.610041783683789,0.00606349856668324,0.00276693460066321,0.0213394998059033,"EndothelialCells","sender-focused"
"Mfap5",0.610041783683789,0.00606349856668324,0.00276693460066321,0.0213394998059033,"Leukocytes","sender-focused"
"Mfap5",0.610041783683789,0.00606349856668324,0.00276693460066321,0.0213394998059033,"SmoothMuscleCells","sender-focused"
"Mfap5",0.610041783683789,0.00606349856668324,0.00276693460066321,0.0213394998059033,"EndocardialCells","sender-focused"
"Cd72",0.625845214447173,0.0060433723687721,0.00274680840275206,0.0243109014068849,"Leukocytes","sender-focused"
"Dll4",0.613153542806256,0.00603449104696727,0.00273792708094724,0.0212560730920006,"EndothelialCells","sender-focused"
"Dll4",0.613153542806256,0.00603449104696727,0.00273792708094724,0.0212560730920006,"SmoothMuscleCells","sender-focused"
"Dll4",0.613153542806256,0.00603449104696727,0.00273792708094724,0.0212560730920006,"EndocardialCells","sender-focused"
"Fam3c",0.624122982983146,0.0060335636244183,0.00273699965839826,0.0211542394496998,"Fibroblasts","sender-focused"
"Fam3c",0.624122982983146,0.0060335636244183,0.00273699965839826,0.0211542394496998,"EndothelialCells","sender-focused"
"Fam3c",0.624122982983146,0.0060335636244183,0.00273699965839826,0.0211542394496998,"Leukocytes","sender-focused"
"Fam3c",0.624122982983146,0.0060335636244183,0.00273699965839826,0.0211542394496998,"SmoothMuscleCells","sender-focused"
"Fam3c",0.624122982983146,0.0060335636244183,0.00273699965839826,0.0211542394496998,"EndocardialCells","sender-focused"
"Hp",0.601068566340158,0.00602537445049664,0.00272881048447661,0.0227829158855397,"Leukocytes","sender-focused"
"H2-K1",0.59807912479327,0.00602516044736289,0.00272859648134286,0.0234300135461393,"Fibroblasts","sender-focused"
"H2-K1",0.59807912479327,0.00602516044736289,0.00272859648134286,0.0234300135461393,"EndothelialCells","sender-focused"
"H2-K1",0.59807912479327,0.00602516044736289,0.00272859648134286,0.0234300135461393,"Leukocytes","sender-focused"
"H2-K1",0.59807912479327,0.00602516044736289,0.00272859648134286,0.0234300135461393,"SmoothMuscleCells","sender-focused"
"H2-K1",0.59807912479327,0.00602516044736289,0.00272859648134286,0.0234300135461393,"EndocardialCells","sender-focused"
"Serping1",0.609498693648296,0.00602420801246101,0.00272764404644098,0.0242242829906467,"Fibroblasts","sender-focused"
"Serping1",0.609498693648296,0.00602420801246101,0.00272764404644098,0.0242242829906467,"EndothelialCells","sender-focused"
"Serping1",0.609498693648296,0.00602420801246101,0.00272764404644098,0.0242242829906467,"Leukocytes","sender-focused"
"Serping1",0.609498693648296,0.00602420801246101,0.00272764404644098,0.0242242829906467,"SmoothMuscleCells","sender-focused"
"Serping1",0.609498693648296,0.00602420801246101,0.00272764404644098,0.0242242829906467,"EndocardialCells","sender-focused"
"Bmp2",0.626784613427528,0.00600192574247562,0.00270536177645558,0.0215278363965976,"Leukocytes","sender-focused"
"Bmp2",0.626784613427528,0.00600192574247562,0.00270536177645558,0.0215278363965976,"SmoothMuscleCells","sender-focused"
"H2-Q4",0.598157408041632,0.00600064379745367,0.00270407983143364,0.0234535638088944,"Fibroblasts","sender-focused"
"H2-Q4",0.598157408041632,0.00600064379745367,0.00270407983143364,0.0234535638088944,"EndothelialCells","sender-focused"
"H2-Q4",0.598157408041632,0.00600064379745367,0.00270407983143364,0.0234535638088944,"Leukocytes","sender-focused"
"H2-Q4",0.598157408041632,0.00600064379745367,0.00270407983143364,0.0234535638088944,"SmoothMuscleCells","sender-focused"
"H2-Q4",0.598157408041632,0.00600064379745367,0.00270407983143364,0.0234535638088944,"EndocardialCells","sender-focused"
"H2-Q6",0.598157408041632,0.00600064379745367,0.00270407983143364,0.0234535638088944,"EndocardialCells","sender-focused"
"H2-D1",0.598152515338609,0.00599803134959787,0.00270146738357784,0.0234522853274319,"Fibroblasts","sender-focused"
"H2-D1",0.598152515338609,0.00599803134959787,0.00270146738357784,0.0234522853274319,"EndothelialCells","sender-focused"
"H2-D1",0.598152515338609,0.00599803134959787,0.00270146738357784,0.0234522853274319,"Leukocytes","sender-focused"
"H2-D1",0.598152515338609,0.00599803134959787,0.00270146738357784,0.0234522853274319,"SmoothMuscleCells","sender-focused"
"H2-D1",0.598152515338609,0.00599803134959787,0.00270146738357784,0.0234522853274319,"EndocardialCells","sender-focused"
"Angptl1",0.608564187370933,0.00598405250575,0.00268748853972997,0.0229083573899698,"Fibroblasts","sender-focused"
"Angptl1",0.608564187370933,0.00598405250575,0.00268748853972997,0.0229083573899698,"EndocardialCells","sender-focused"
"Col6a3",0.610668049670698,0.00597220078165698,0.00267563681563695,0.0222200969465538,"Fibroblasts","sender-focused"
"Col6a3",0.610668049670698,0.00597220078165698,0.00267563681563695,0.0222200969465538,"SmoothMuscleCells","sender-focused"
"Col6a3",0.610668049670698,0.00597220078165698,0.00267563681563695,0.0222200969465538,"EndocardialCells","sender-focused"
"Sost",0.624470364897785,0.00596538203687539,0.00266881807085536,0.0233083211454735,"EndocardialCells","sender-focused"
"Tnfsf12",0.602575518871175,0.0059631546936425,0.00266659072762247,0.0273895966771933,"Fibroblasts","sender-focused"
"Tnfsf12",0.602575518871175,0.0059631546936425,0.00266659072762247,0.0273895966771933,"EndothelialCells","sender-focused"
"Tnfsf12",0.602575518871175,0.0059631546936425,0.00266659072762247,0.0273895966771933,"Leukocytes","sender-focused"
"Tnfsf12",0.602575518871175,0.0059631546936425,0.00266659072762247,0.0273895966771933,"SmoothMuscleCells","sender-focused"
"Tnfsf12",0.602575518871175,0.0059631546936425,0.00266659072762247,0.0273895966771933,"EndocardialCells","sender-focused"
"Sirpa",0.622571996124976,0.00596186436828963,0.0026653004022696,0.0254142113988628,"Fibroblasts","sender-focused"
"Sirpa",0.622571996124976,0.00596186436828963,0.0026653004022696,0.0254142113988628,"Leukocytes","sender-focused"
"Sirpa",0.622571996124976,0.00596186436828963,0.0026653004022696,0.0254142113988628,"EndocardialCells","sender-focused"
"Mmp2",0.627993111074131,0.00595355759329684,0.00265699362727681,0.0247831287202664,"Fibroblasts","sender-focused"
"Mmp2",0.627993111074131,0.00595355759329684,0.00265699362727681,0.0247831287202664,"Leukocytes","sender-focused"
"Mmp2",0.627993111074131,0.00595355759329684,0.00265699362727681,0.0247831287202664,"SmoothMuscleCells","sender-focused"
"Mmp2",0.627993111074131,0.00595355759329684,0.00265699362727681,0.0247831287202664,"EndocardialCells","sender-focused"
"Jam3",0.618178348810562,0.00594523693459212,0.00264867296857209,0.0236462452239777,"Fibroblasts","sender-focused"
"Jam3",0.618178348810562,0.00594523693459212,0.00264867296857209,0.0236462452239777,"EndothelialCells","sender-focused"
"Jam3",0.618178348810562,0.00594523693459212,0.00264867296857209,0.0236462452239777,"SmoothMuscleCells","sender-focused"
"Jam3",0.618178348810562,0.00594523693459212,0.00264867296857209,0.0236462452239777,"EndocardialCells","sender-focused"
"Hsp90b1",0.59973285841497,0.00594487337928728,0.00264830941326725,0.0220149510509744,"Fibroblasts","sender-focused"
"Hsp90b1",0.59973285841497,0.00594487337928728,0.00264830941326725,0.0220149510509744,"EndothelialCells","sender-focused"
"Hsp90b1",0.59973285841497,0.00594487337928728,0.00264830941326725,0.0220149510509744,"Leukocytes","sender-focused"
"Hsp90b1",0.59973285841497,0.00594487337928728,0.00264830941326725,0.0220149510509744,"SmoothMuscleCells","sender-focused"
"Hsp90b1",0.59973285841497,0.00594487337928728,0.00264830941326725,0.0220149510509744,"EndocardialCells","sender-focused"
"Timp3",0.582598612429424,0.00593847922983908,0.00264191526381905,0.02123890329175,"Fibroblasts","sender-focused"
"Timp3",0.582598612429424,0.00593847922983908,0.00264191526381905,0.02123890329175,"EndothelialCells","sender-focused"
"Timp3",0.582598612429424,0.00593847922983908,0.00264191526381905,0.02123890329175,"Leukocytes","sender-focused"
"Timp3",0.582598612429424,0.00593847922983908,0.00264191526381905,0.02123890329175,"SmoothMuscleCells","sender-focused"
"Timp3",0.582598612429424,0.00593847922983908,0.00264191526381905,0.02123890329175,"EndocardialCells","sender-focused"
"Timp1",0.57961895628857,0.00593116149742778,0.00263459753140775,0.013577528445134,"Fibroblasts","sender-focused"
"Timp1",0.57961895628857,0.00593116149742778,0.00263459753140775,0.013577528445134,"EndocardialCells","sender-focused"
"Serpine2",0.60341706379104,0.00592738732826295,0.00263082336224292,0.0187405618035472,"Fibroblasts","sender-focused"
"Serpine2",0.60341706379104,0.00592738732826295,0.00263082336224292,0.0187405618035472,"SmoothMuscleCells","sender-focused"
"Serpine2",0.60341706379104,0.00592738732826295,0.00263082336224292,0.0187405618035472,"EndocardialCells","sender-focused"
"Fst",0.654619200923723,0.00592686557866202,0.00263030161264199,0.0241757601724526,"Fibroblasts","sender-focused"
"Pf4",0.648562034581627,0.00592594023187028,0.00262937626585024,0.0167773596308207,"Fibroblasts","sender-focused"
"Pf4",0.648562034581627,0.00592594023187028,0.00262937626585024,0.0167773596308207,"EndothelialCells","sender-focused"
"Pf4",0.648562034581627,0.00592594023187028,0.00262937626585024,0.0167773596308207,"Leukocytes","sender-focused"
"Pf4",0.648562034581627,0.00592594023187028,0.00262937626585024,0.0167773596308207,"SmoothMuscleCells","sender-focused"
"Pf4",0.648562034581627,0.00592594023187028,0.00262937626585024,0.0167773596308207,"EndocardialCells","sender-focused"
"B2m",0.593614533285039,0.00592541252806421,0.00262884856204418,0.0178595525486897,"Fibroblasts","sender-focused"
"B2m",0.593614533285039,0.00592541252806421,0.00262884856204418,0.0178595525486897,"EndothelialCells","sender-focused"
"B2m",0.593614533285039,0.00592541252806421,0.00262884856204418,0.0178595525486897,"Leukocytes","sender-focused"
"B2m",0.593614533285039,0.00592541252806421,0.00262884856204418,0.0178595525486897,"SmoothMuscleCells","sender-focused"
"B2m",0.593614533285039,0.00592541252806421,0.00262884856204418,0.0178595525486897,"EndocardialCells","sender-focused"
"Sdc2",0.615291654027187,0.00591966188728735,0.00262309792126732,0.0234323197795084,"Fibroblasts","sender-focused"
"Sdc2",0.615291654027187,0.00591966188728735,0.00262309792126732,0.0234323197795084,"SmoothMuscleCells","sender-focused"
"Sdc2",0.615291654027187,0.00591966188728735,0.00262309792126732,0.0234323197795084,"EndocardialCells","sender-focused"
"Plxna1",0.630605814488269,0.00591272260936635,0.00261615864334632,0.0231191504829889,"Fibroblasts","sender-focused"
"Plxna1",0.630605814488269,0.00591272260936635,0.00261615864334632,0.0231191504829889,"Leukocytes","sender-focused"
"Plxna1",0.630605814488269,0.00591272260936635,0.00261615864334632,0.0231191504829889,"SmoothMuscleCells","sender-focused"
"Esam",0.594453631853427,0.00587945804720061,0.00258289408118058,0.0218466875907368,"EndothelialCells","sender-focused"
"Esam",0.594453631853427,0.00587945804720061,0.00258289408118058,0.0218466875907368,"Leukocytes","sender-focused"
"Esam",0.594453631853427,0.00587945804720061,0.00258289408118058,0.0218466875907368,"SmoothMuscleCells","sender-focused"
"Esam",0.594453631853427,0.00587945804720061,0.00258289408118058,0.0218466875907368,"EndocardialCells","sender-focused"
"Gstp1",0.617667061344717,0.00586599173071074,0.00256942776469071,0.0230771230380532,"Fibroblasts","sender-focused"
"Gstp2",0.617667061344717,0.00586599173071074,0.00256942776469071,0.0230771230380532,"Fibroblasts","sender-focused"
"Gstp1",0.617667061344717,0.00586599173071074,0.00256942776469071,0.0230771230380532,"EndothelialCells","sender-focused"
"Gstp1",0.617667061344717,0.00586599173071074,0.00256942776469071,0.0230771230380532,"Leukocytes","sender-focused"
"Gstp1",0.617667061344717,0.00586599173071074,0.00256942776469071,0.0230771230380532,"SmoothMuscleCells","sender-focused"
"Gstp1",0.617667061344717,0.00586599173071074,0.00256942776469071,0.0230771230380532,"EndocardialCells","sender-focused"
"Lama5",0.616842640885361,0.00586537975310271,0.00256881578708268,0.0235679811640709,"EndothelialCells","sender-focused"
"Lama5",0.616842640885361,0.00586537975310271,0.00256881578708268,0.0235679811640709,"SmoothMuscleCells","sender-focused"
"Lama5",0.616842640885361,0.00586537975310271,0.00256881578708268,0.0235679811640709,"EndocardialCells","sender-focused"
"Apoe",0.636183495934149,0.00585685070212054,0.00256028673610051,0.016491506480891,"Fibroblasts","sender-focused"
"Apoe",0.636183495934149,0.00585685070212054,0.00256028673610051,0.016491506480891,"EndothelialCells","sender-focused"
"Apoe",0.636183495934149,0.00585685070212054,0.00256028673610051,0.016491506480891,"Leukocytes","sender-focused"
"Apoe",0.636183495934149,0.00585685070212054,0.00256028673610051,0.016491506480891,"SmoothMuscleCells","sender-focused"
"Apoe",0.636183495934149,0.00585685070212054,0.00256028673610051,0.016491506480891,"EndocardialCells","sender-focused"
"Col4a5",0.601616549078692,0.00585099011920419,0.00255442615318416,0.0222031531255185,"Fibroblasts","sender-focused"
"Col4a5",0.601616549078692,0.00585099011920419,0.00255442615318416,0.0222031531255185,"SmoothMuscleCells","sender-focused"
"Col4a5",0.601616549078692,0.00585099011920419,0.00255442615318416,0.0222031531255185,"EndocardialCells","sender-focused"
"Enpp1",0.617701310265867,0.00584991661347839,0.00255335264745836,0.0234066816583107,"Fibroblasts","sender-focused"
"Tfpi",0.573488399401113,0.00584677456040262,0.00255021059438258,0.0135336637588603,"Fibroblasts","sender-focused"
"Tfpi",0.573488399401113,0.00584677456040262,0.00255021059438258,0.0135336637588603,"EndothelialCells","sender-focused"
"Tfpi",0.573488399401113,0.00584677456040262,0.00255021059438258,0.0135336637588603,"Leukocytes","sender-focused"
"Tfpi",0.573488399401113,0.00584677456040262,0.00255021059438258,0.0135336637588603,"SmoothMuscleCells","sender-focused"
"Tfpi",0.573488399401113,0.00584677456040262,0.00255021059438258,0.0135336637588603,"EndocardialCells","sender-focused"
"Apoc1",0.615232941590928,0.00584144788323984,0.00254488391721981,0.0231330648431509,"EndocardialCells","sender-focused"
"Sema3f",0.623264313602701,0.005836044881057,0.00253948091503697,0.0236201664500176,"EndothelialCells","sender-focused"
"Sema3f",0.623264313602701,0.005836044881057,0.00253948091503697,0.0236201664500176,"SmoothMuscleCells","sender-focused"
"Sema3f",0.623264313602701,0.005836044881057,0.00253948091503697,0.0236201664500176,"EndocardialCells","sender-focused"
"Gdf10",0.643953108334225,0.00583311563906686,0.00253655167304683,0.0223420018425436,"SmoothMuscleCells","sender-focused"
"Lgals3",0.615223156184857,0.005831065881679,0.00253450191565897,0.016289289082356,"Fibroblasts","sender-focused"
"Lgals3",0.615223156184857,0.005831065881679,0.00253450191565897,0.016289289082356,"Leukocytes","sender-focused"
"Lgals3",0.615223156184857,0.005831065881679,0.00253450191565897,0.016289289082356,"SmoothMuscleCells","sender-focused"
"Tgfb1",0.653107355689721,0.00582840087717601,0.00253183691115597,0.01992730910501,"Fibroblasts","sender-focused"
"Tgfb1",0.653107355689721,0.00582840087717601,0.00253183691115597,0.01992730910501,"EndothelialCells","sender-focused"
"Tgfb1",0.653107355689721,0.00582840087717601,0.00253183691115597,0.01992730910501,"Leukocytes","sender-focused"
"Tgfb1",0.653107355689721,0.00582840087717601,0.00253183691115597,0.01992730910501,"SmoothMuscleCells","sender-focused"
"Tgfb1",0.653107355689721,0.00582840087717601,0.00253183691115597,0.01992730910501,"EndocardialCells","sender-focused"
"Sema7a",0.607707964341983,0.00582746874503288,0.00253090477901285,0.021205604376974,"EndothelialCells","sender-focused"
"Sema7a",0.607707964341983,0.00582746874503288,0.00253090477901285,0.021205604376974,"SmoothMuscleCells","sender-focused"
"Mpdz",0.588049083596728,0.00580915752629773,0.00251259356027769,0.0196062997637208,"Fibroblasts","sender-focused"
"Mpdz",0.588049083596728,0.00580915752629773,0.00251259356027769,0.0196062997637208,"EndothelialCells","sender-focused"
"Mpdz",0.588049083596728,0.00580915752629773,0.00251259356027769,0.0196062997637208,"SmoothMuscleCells","sender-focused"
"Mpdz",0.588049083596728,0.00580915752629773,0.00251259356027769,0.0196062997637208,"EndocardialCells","sender-focused"
"Nlgn2",0.647463622753033,0.00579709139211691,0.00250052742609688,0.0251991716887982,"Fibroblasts","sender-focused"
"Nlgn2",0.647463622753033,0.00579709139211691,0.00250052742609688,0.0251991716887982,"SmoothMuscleCells","sender-focused"
"Nlgn2",0.647463622753033,0.00579709139211691,0.00250052742609688,0.0251991716887982,"EndocardialCells","sender-focused"
"Serpine1",0.602272171283754,0.00579458587554201,0.00249802190952198,0.0181767391605769,"Fibroblasts","sender-focused"
"Serpine1",0.602272171283754,0.00579458587554201,0.00249802190952198,0.0181767391605769,"SmoothMuscleCells","sender-focused"
"Wnt2",0.619342812129997,0.00579060286659573,0.00249403890057569,0.0193642062449999,"EndocardialCells","sender-focused"
"Adam17",0.622381180707082,0.00578499486513335,0.00248843089911332,0.00788230468218249,"Fibroblasts","sender-focused"
"Adam17",0.622381180707082,0.00578499486513335,0.00248843089911332,0.00788230468218249,"EndothelialCells","sender-focused"
"Adam17",0.622381180707082,0.00578499486513335,0.00248843089911332,0.00788230468218249,"Leukocytes","sender-focused"
"Adam17",0.622381180707082,0.00578499486513335,0.00248843089911332,0.00788230468218249,"SmoothMuscleCells","sender-focused"
"Adam17",0.622381180707082,0.00578499486513335,0.00248843089911332,0.00788230468218249,"EndocardialCells","sender-focused"
"Ncam1",0.645709588719401,0.00578412354080887,0.00248755957478884,0.024909443528885,"Fibroblasts","sender-focused"
"Ncam1",0.645709588719401,0.00578412354080887,0.00248755957478884,0.024909443528885,"SmoothMuscleCells","sender-focused"
"Ncam1",0.645709588719401,0.00578412354080887,0.00248755957478884,0.024909443528885,"EndocardialCells","sender-focused"
"Sema3b",0.625757145792732,0.00578029493596327,0.00248373096994324,0.0179810975782791,"Fibroblasts","sender-focused"
"C1qb",0.613540066345028,0.00578008420589384,0.00248352023987381,0.0222937332233538,"Fibroblasts","sender-focused"
"C1qb",0.613540066345028,0.00578008420589384,0.00248352023987381,0.0222937332233538,"EndothelialCells","sender-focused"
"C1qb",0.613540066345028,0.00578008420589384,0.00248352023987381,0.0222937332233538,"Leukocytes","sender-focused"
"C1qb",0.613540066345028,0.00578008420589384,0.00248352023987381,0.0222937332233538,"SmoothMuscleCells","sender-focused"
"C1qb",0.613540066345028,0.00578008420589384,0.00248352023987381,0.0222937332233538,"EndocardialCells","sender-focused"
"Cd38",0.616725216012832,0.0057759500029561,0.00247938603693607,0.0200101615555015,"EndothelialCells","sender-focused"
"Cd38",0.616725216012832,0.0057759500029561,0.00247938603693607,0.0200101615555015,"Leukocytes","sender-focused"
"Cd38",0.616725216012832,0.0057759500029561,0.00247938603693607,0.0200101615555015,"SmoothMuscleCells","sender-focused"
"Cd38",0.616725216012832,0.0057759500029561,0.00247938603693607,0.0200101615555015,"EndocardialCells","sender-focused"
"Cd79b",0.585947667648476,0.0057659858383013,0.00246942187228126,0.0207174266834246,"Leukocytes","sender-focused"
"Fgf14",0.613009208067072,0.00576524041758792,0.00246867645156789,0.0227330119560995,"EndocardialCells","sender-focused"
"Thbs2",0.640048731322067,0.00576518857577396,0.00246862460975393,0.0204149619033355,"Fibroblasts","sender-focused"
"Thbs2",0.640048731322067,0.00576518857577396,0.00246862460975393,0.0204149619033355,"SmoothMuscleCells","sender-focused"
"Wnt11",0.635518088323072,0.00574770630247499,0.00245114233645496,0.0173316249887085,"Fibroblasts","sender-focused"
"Sema4c",0.598203888720367,0.00574056867002531,0.00244400470400528,0.020882452107615,"Fibroblasts","sender-focused"
"Sema4c",0.598203888720367,0.00574056867002531,0.00244400470400528,0.020882452107615,"EndothelialCells","sender-focused"
"Sema4c",0.598203888720367,0.00574056867002531,0.00244400470400528,0.020882452107615,"SmoothMuscleCells","sender-focused"
"Sema4c",0.598203888720367,0.00574056867002531,0.00244400470400528,0.020882452107615,"EndocardialCells","sender-focused"
"Nrxn2",0.663837053418523,0.00572505479497002,0.00242849082894999,0.0190750982387753,"Fibroblasts","sender-focused"
"Nrxn2",0.663837053418523,0.00572505479497002,0.00242849082894999,0.0190750982387753,"EndocardialCells","sender-focused"
"Shisa4",0.61123315686985,0.00572322539704937,0.00242666143102934,0.022201517542409,"Fibroblasts","sender-focused"
"Psap",0.637758946307476,0.00571804094859053,0.0024214769825705,0.0226000063557531,"Fibroblasts","sender-focused"
"Psap",0.637758946307476,0.00571804094859053,0.0024214769825705,0.0226000063557531,"EndothelialCells","sender-focused"
"Psap",0.637758946307476,0.00571804094859053,0.0024214769825705,0.0226000063557531,"Leukocytes","sender-focused"
"Psap",0.637758946307476,0.00571804094859053,0.0024214769825705,0.0226000063557531,"SmoothMuscleCells","sender-focused"
"Psap",0.637758946307476,0.00571804094859053,0.0024214769825705,0.0226000063557531,"EndocardialCells","sender-focused"
"Angpt2",0.586845478653124,0.00571798029357819,0.00242141632755816,0.0139826034322325,"Fibroblasts","sender-focused"
"Angpt2",0.586845478653124,0.00571798029357819,0.00242141632755816,0.0139826034322325,"EndothelialCells","sender-focused"
"Angpt2",0.586845478653124,0.00571798029357819,0.00242141632755816,0.0139826034322325,"SmoothMuscleCells","sender-focused"
"Angpt2",0.586845478653124,0.00571798029357819,0.00242141632755816,0.0139826034322325,"EndocardialCells","sender-focused"
"Pltp",0.623384184826747,0.0057176702929373,0.00242110632691727,0.015951482107155,"Fibroblasts","sender-focused"
"Pltp",0.623384184826747,0.0057176702929373,0.00242110632691727,0.015951482107155,"EndothelialCells","sender-focused"
"Pltp",0.623384184826747,0.0057176702929373,0.00242110632691727,0.015951482107155,"Leukocytes","sender-focused"
"Pltp",0.623384184826747,0.0057176702929373,0.00242110632691727,0.015951482107155,"SmoothMuscleCells","sender-focused"
"Pltp",0.623384184826747,0.0057176702929373,0.00242110632691727,0.015951482107155,"EndocardialCells","sender-focused"
"Siglec1",0.633600148738184,0.00571732933598396,0.00242076536996393,0.0231877050748095,"Leukocytes","sender-focused"
"Siglece",0.622870451009343,0.00568567020744633,0.0023891062414263,0.0232229552215212,"Leukocytes","sender-focused"
"Grn",0.645846584404007,0.0056840080912859,0.00238744412526587,0.0144727942282641,"Fibroblasts","sender-focused"
"Grn",0.645846584404007,0.0056840080912859,0.00238744412526587,0.0144727942282641,"EndothelialCells","sender-focused"
"Grn",0.645846584404007,0.0056840080912859,0.00238744412526587,0.0144727942282641,"Leukocytes","sender-focused"
"Grn",0.645846584404007,0.0056840080912859,0.00238744412526587,0.0144727942282641,"SmoothMuscleCells","sender-focused"
"Grn",0.645846584404007,0.0056840080912859,0.00238744412526587,0.0144727942282641,"EndocardialCells","sender-focused"
"Cd47",0.608133629504959,0.00568208494156058,0.00238552097554054,0.0187664696912421,"Fibroblasts","sender-focused"
"Cd47",0.608133629504959,0.00568208494156058,0.00238552097554054,0.0187664696912421,"EndothelialCells","sender-focused"
"Cd47",0.608133629504959,0.00568208494156058,0.00238552097554054,0.0187664696912421,"Leukocytes","sender-focused"
"Cd47",0.608133629504959,0.00568208494156058,0.00238552097554054,0.0187664696912421,"SmoothMuscleCells","sender-focused"
"Cd47",0.608133629504959,0.00568208494156058,0.00238552097554054,0.0187664696912421,"EndocardialCells","sender-focused"
"Sema6b",0.62094761872144,0.00568120517453402,0.00238464120851399,0.0237831997004987,"EndothelialCells","sender-focused"
"Sema6b",0.62094761872144,0.00568120517453402,0.00238464120851399,0.0237831997004987,"EndocardialCells","sender-focused"
"Lamb2",0.598578180501571,0.00568010376727039,0.00238353980125036,0.0208260512292605,"Fibroblasts","sender-focused"
"Lamb2",0.598578180501571,0.00568010376727039,0.00238353980125036,0.0208260512292605,"EndothelialCells","sender-focused"
"Lamb2",0.598578180501571,0.00568010376727039,0.00238353980125036,0.0208260512292605,"Leukocytes","sender-focused"
"Lamb2",0.598578180501571,0.00568010376727039,0.00238353980125036,0.0208260512292605,"SmoothMuscleCells","sender-focused"
"Lamb2",0.598578180501571,0.00568010376727039,0.00238353980125036,0.0208260512292605,"EndocardialCells","sender-focused"
"Sema6a",0.618217490434745,0.00566860033632178,0.00237203637030175,0.0241167111950905,"EndothelialCells","sender-focused"
"Sema6a",0.618217490434745,0.00566860033632178,0.00237203637030175,0.0241167111950905,"SmoothMuscleCells","sender-focused"
"Sema6a",0.618217490434745,0.00566860033632178,0.00237203637030175,0.0241167111950905,"EndocardialCells","sender-focused"
"Osm",0.587011830555917,0.00566752232910278,0.00237095836308275,0.0203682888404402,"Leukocytes","sender-focused"
"Col27a1",0.605312986212349,0.00566722828827537,0.00237066432225534,0.0218522971558434,"Fibroblasts","sender-focused"
"Col27a1",0.605312986212349,0.00566722828827537,0.00237066432225534,0.0218522971558434,"SmoothMuscleCells","sender-focused"
"Gpi1",0.60613740667169,0.00566647881200329,0.00236991484598326,0.0135535783122005,"Fibroblasts","sender-focused"
"Gpi1",0.60613740667169,0.00566647881200329,0.00236991484598326,0.0135535783122005,"EndothelialCells","sender-focused"
"Gpi1",0.60613740667169,0.00566647881200329,0.00236991484598326,0.0135535783122005,"Leukocytes","sender-focused"
"Gpi1",0.60613740667169,0.00566647881200329,0.00236991484598326,0.0135535783122005,"SmoothMuscleCells","sender-focused"
"Gpi1",0.60613740667169,0.00566647881200329,0.00236991484598326,0.0135535783122005,"EndocardialCells","sender-focused"
"Mfap2",0.622689420997516,0.00565639636469864,0.00235983239867861,0.0187097406828869,"Fibroblasts","sender-focused"
"Mfap2",0.622689420997516,0.00565639636469864,0.00235983239867861,0.0187097406828869,"SmoothMuscleCells","sender-focused"
"Mfap2",0.622689420997516,0.00565639636469864,0.00235983239867861,0.0187097406828869,"EndocardialCells","sender-focused"
"C4b",0.606484788586295,0.00565289043374028,0.00235632646772025,0.0204752966087353,"Fibroblasts","sender-focused"
"C4b",0.606484788586295,0.00565289043374028,0.00235632646772025,0.0204752966087353,"Leukocytes","sender-focused"
"C4b",0.606484788586295,0.00565289043374028,0.00235632646772025,0.0204752966087353,"EndocardialCells","sender-focused"
"F11r",0.586221659017756,0.00565105062072289,0.00235448665470285,0.0168703503285607,"EndothelialCells","sender-focused"
"F11r",0.586221659017756,0.00565105062072289,0.00235448665470285,0.0168703503285607,"Leukocytes","sender-focused"
"F11r",0.586221659017756,0.00565105062072289,0.00235448665470285,0.0168703503285607,"SmoothMuscleCells","sender-focused"
"F11r",0.586221659017756,0.00565105062072289,0.00235448665470285,0.0168703503285607,"EndocardialCells","sender-focused"
"Sema3d",0.607522041627106,0.0056404232808275,0.00234385931480746,0.0217790746316376,"Fibroblasts","sender-focused"
"Nts",0.582564363508239,0.00562559237769201,0.00232902841167198,0.0162859528907471,"EndothelialCells","sender-focused"
"Nts",0.582564363508239,0.00562559237769201,0.00232902841167198,0.0162859528907471,"EndocardialCells","sender-focused"
"Rgma",0.644642979460415,0.00562378849038624,0.00232722452436621,0.0233753853959625,"Fibroblasts","sender-focused"
"Rgma",0.644642979460415,0.00562378849038624,0.00232722452436621,0.0233753853959625,"SmoothMuscleCells","sender-focused"
"Dkk3",0.638292250936955,0.00561248238343583,0.00231591841741579,0.0247026201011332,"Fibroblasts","sender-focused"
"Dkk3",0.638292250936955,0.00561248238343583,0.00231591841741579,0.0247026201011332,"SmoothMuscleCells","sender-focused"
"Sema3c",0.60142573366079,0.00560707850220108,0.00231051453618104,0.0212180387623354,"Fibroblasts","sender-focused"
"Apoc2",0.616666503576561,0.00560434478933498,0.00230778082331495,0.0219970862326972,"Leukocytes","sender-focused"
"Prg4",0.572377755814966,0.00559768523591021,0.00230112126989018,0.0184008605887086,"Fibroblasts","sender-focused"
"Prg4",0.572377755814966,0.00559768523591021,0.00230112126989018,0.0184008605887086,"EndothelialCells","sender-focused"
"S100a9",0.602321098313978,0.0055965659888541,0.00230000202283406,0.0192192262193862,"Fibroblasts","sender-focused"
"S100a9",0.602321098313978,0.0055965659888541,0.00230000202283406,0.0192192262193862,"EndothelialCells","sender-focused"
"S100a9",0.602321098313978,0.0055965659888541,0.00230000202283406,0.0192192262193862,"Leukocytes","sender-focused"
"S100a9",0.602321098313978,0.0055965659888541,0.00230000202283406,0.0192192262193862,"SmoothMuscleCells","sender-focused"
"Nrp1",0.612488135195185,0.00559426576942409,0.00229770180340406,0.0201469680053758,"Fibroblasts","sender-focused"
"Nrp1",0.612488135195185,0.00559426576942409,0.00229770180340406,0.0201469680053758,"EndothelialCells","sender-focused"
"Nrp1",0.612488135195185,0.00559426576942409,0.00229770180340406,0.0201469680053758,"Leukocytes","sender-focused"
"Nrp1",0.612488135195185,0.00559426576942409,0.00229770180340406,0.0201469680053758,"SmoothMuscleCells","sender-focused"
"Nrp1",0.612488135195185,0.00559426576942409,0.00229770180340406,0.0201469680053758,"EndocardialCells","sender-focused"
"Inhbb",0.638287358233937,0.00559398877802358,0.00229742481200355,0.0245329498702315,"Fibroblasts","sender-focused"
"Inhbb",0.638287358233937,0.00559398877802358,0.00229742481200355,0.0245329498702315,"EndocardialCells","sender-focused"
"F13a1",0.627398647656892,0.00558530362596158,0.00228873965994154,0.0227525769502858,"Leukocytes","sender-focused"
"Pgf",0.594399812120182,0.0055851298047774,0.00228856583875736,0.0148263405736613,"Fibroblasts","sender-focused"
"Pgf",0.594399812120182,0.0055851298047774,0.00228856583875736,0.0148263405736613,"SmoothMuscleCells","sender-focused"
"Vsig10",0.6071306253853,0.00558281831528843,0.0022862543492684,0.0230546713022447,"Fibroblasts","sender-focused"
"Vsig10",0.6071306253853,0.00558281831528843,0.0022862543492684,0.0230546713022447,"EndothelialCells","sender-focused"
"Vsig10",0.6071306253853,0.00558281831528843,0.0022862543492684,0.0230546713022447,"SmoothMuscleCells","sender-focused"
"Vsig10",0.6071306253853,0.00558281831528843,0.0022862543492684,0.0230546713022447,"EndocardialCells","sender-focused"
"H2-DMa",0.614645817228168,0.00558084948278735,0.00228428551676732,0.0227068614737298,"Leukocytes","sender-focused"
"Vwf",0.620350708952659,0.00557209472124847,0.00227553075522843,0.0167348780879737,"EndothelialCells","sender-focused"
"Vwf",0.620350708952659,0.00557209472124847,0.00227553075522843,0.0167348780879737,"SmoothMuscleCells","sender-focused"
"Vwf",0.620350708952659,0.00557209472124847,0.00227553075522843,0.0167348780879737,"EndocardialCells","sender-focused"
"Col1a2",0.660872075386759,0.00556983369550485,0.00227326972948482,0.0242184732816575,"Fibroblasts","sender-focused"
"Col1a2",0.660872075386759,0.00556983369550485,0.00227326972948482,0.0242184732816575,"Leukocytes","sender-focused"
"Col1a2",0.660872075386759,0.00556983369550485,0.00227326972948482,0.0242184732816575,"SmoothMuscleCells","sender-focused"
"Col1a2",0.660872075386759,0.00556983369550485,0.00227326972948482,0.0242184732816575,"EndocardialCells","sender-focused"
"Col4a2",0.614714315070491,0.00556896971398103,0.00227240574796099,0.0199051939740891,"Fibroblasts","sender-focused"
"Col4a2",0.614714315070491,0.00556896971398103,0.00227240574796099,0.0199051939740891,"EndothelialCells","sender-focused"
"Col4a2",0.614714315070491,0.00556896971398103,0.00227240574796099,0.0199051939740891,"Leukocytes","sender-focused"
"Col4a2",0.614714315070491,0.00556896971398103,0.00227240574796099,0.0199051939740891,"SmoothMuscleCells","sender-focused"
"Col4a2",0.614714315070491,0.00556896971398103,0.00227240574796099,0.0199051939740891,"EndocardialCells","sender-focused"
"Psen1",0.623993326353075,0.00556870788257165,0.00227214391655161,0.0146003177717701,"Fibroblasts","sender-focused"
"Psen1",0.623993326353075,0.00556870788257165,0.00227214391655161,0.0146003177717701,"EndothelialCells","sender-focused"
"Psen1",0.623993326353075,0.00556870788257165,0.00227214391655161,0.0146003177717701,"Leukocytes","sender-focused"
"Psen1",0.623993326353075,0.00556870788257165,0.00227214391655161,0.0146003177717701,"SmoothMuscleCells","sender-focused"
"Psen1",0.623993326353075,0.00556870788257165,0.00227214391655161,0.0146003177717701,"EndocardialCells","sender-focused"
"Ebi3",0.619489593220666,0.00556291757686414,0.0022663536108441,0.0242973693295657,"Leukocytes","sender-focused"
"Lpl",0.596709167946925,0.00555478950913918,0.00225822554311915,0.0184974942469577,"Fibroblasts","sender-focused"
"Lpl",0.596709167946925,0.00555478950913918,0.00225822554311915,0.0184974942469577,"EndothelialCells","sender-focused"
"Lpl",0.596709167946925,0.00555478950913918,0.00225822554311915,0.0184974942469577,"Leukocytes","sender-focused"
"Lpl",0.596709167946925,0.00555478950913918,0.00225822554311915,0.0184974942469577,"SmoothMuscleCells","sender-focused"
"Lpl",0.596709167946925,0.00555478950913918,0.00225822554311915,0.0184974942469577,"EndocardialCells","sender-focused"
"Adam15",0.60675388725255,0.00554190545995123,0.00224534149393119,0.0205237203581514,"Fibroblasts","sender-focused"
"Adam15",0.60675388725255,0.00554190545995123,0.00224534149393119,0.0205237203581514,"EndothelialCells","sender-focused"
"Adam15",0.60675388725255,0.00554190545995123,0.00224534149393119,0.0205237203581514,"Leukocytes","sender-focused"
"Adam15",0.60675388725255,0.00554190545995123,0.00224534149393119,0.0205237203581514,"SmoothMuscleCells","sender-focused"
"Adam15",0.60675388725255,0.00554190545995123,0.00224534149393119,0.0205237203581514,"EndocardialCells","sender-focused"
"Comp",0.60701809321578,0.00553835062650062,0.00224178666048059,0.0191792554413561,"EndocardialCells","sender-focused"
"Ccl19",0.614017104889752,0.00553803749195137,0.00224147352593134,0.0105150043647996,"Fibroblasts","sender-focused"
"Ccl19",0.614017104889752,0.00553803749195137,0.00224147352593134,0.0105150043647996,"EndocardialCells","sender-focused"
"Col5a3",0.634348732300647,0.00552739443154248,0.00223083046552245,0.0221857605473153,"Fibroblasts","sender-focused"
"Col5a3",0.634348732300647,0.00552739443154248,0.00223083046552245,0.0221857605473153,"SmoothMuscleCells","sender-focused"
"Lin7c",0.584511659311293,0.00552055545323046,0.00222399148721043,0.0192022025143267,"Fibroblasts","sender-focused"
"Lin7c",0.584511659311293,0.00552055545323046,0.00222399148721043,0.0192022025143267,"EndothelialCells","sender-focused"
"Lin7c",0.584511659311293,0.00552055545323046,0.00222399148721043,0.0192022025143267,"Leukocytes","sender-focused"
"Lin7c",0.584511659311293,0.00552055545323046,0.00222399148721043,0.0192022025143267,"SmoothMuscleCells","sender-focused"
"Lin7c",0.584511659311293,0.00552055545323046,0.00222399148721043,0.0192022025143267,"EndocardialCells","sender-focused"
"Ctsd",0.593284275831005,0.00551362861152957,0.00221706464550954,0.0192161876218771,"Fibroblasts","sender-focused"
"Ctsd",0.593284275831005,0.00551362861152957,0.00221706464550954,0.0192161876218771,"EndothelialCells","sender-focused"
"Ctsd",0.593284275831005,0.00551362861152957,0.00221706464550954,0.0192161876218771,"Leukocytes","sender-focused"
"Ctsd",0.593284275831005,0.00551362861152957,0.00221706464550954,0.0192161876218771,"SmoothMuscleCells","sender-focused"
"Ctsd",0.593284275831005,0.00551362861152957,0.00221706464550954,0.0192161876218771,"EndocardialCells","sender-focused"
"Slit2",0.58333496423435,0.00551323873559924,0.00221667476957921,0.017017200017841,"Fibroblasts","sender-focused"
"Tgfbi",0.621720665799033,0.00551127838624646,0.00221471442022643,0.0216671002954303,"Fibroblasts","sender-focused"
"Tgfbi",0.621720665799033,0.00551127838624646,0.00221471442022643,0.0216671002954303,"Leukocytes","sender-focused"
"Tgfbi",0.621720665799033,0.00551127838624646,0.00221471442022643,0.0216671002954303,"EndocardialCells","sender-focused"
"Mcam",0.605530711496836,0.00550688260502692,0.00221031863900689,0.0144694177292889,"EndothelialCells","sender-focused"
"Mcam",0.605530711496836,0.00550688260502692,0.00221031863900689,0.0144694177292889,"SmoothMuscleCells","sender-focused"
"Mcam",0.605530711496836,0.00550688260502692,0.00221031863900689,0.0144694177292889,"EndocardialCells","sender-focused"
"Eng",0.651845038309827,0.00550161780038043,0.0022050538343604,0.0228194489426667,"Fibroblasts","sender-focused"
"Eng",0.651845038309827,0.00550161780038043,0.0022050538343604,0.0228194489426667,"EndothelialCells","sender-focused"
"Eng",0.651845038309827,0.00550161780038043,0.0022050538343604,0.0228194489426667,"Leukocytes","sender-focused"
"Eng",0.651845038309827,0.00550161780038043,0.0022050538343604,0.0228194489426667,"SmoothMuscleCells","sender-focused"
"Eng",0.651845038309827,0.00550161780038043,0.0022050538343604,0.0228194489426667,"EndocardialCells","sender-focused"
"Col6a2",0.616260409225647,0.00549690609118452,0.00220034212516449,0.0216604525244325,"Fibroblasts","sender-focused"
"Col6a2",0.616260409225647,0.00549690609118452,0.00220034212516449,0.0216604525244325,"SmoothMuscleCells","sender-focused"
"Lgals3bp",0.621764700126229,0.00549220854140456,0.00219564457538452,0.0205887197230032,"Fibroblasts","sender-focused"
"Lgals3bp",0.621764700126229,0.00549220854140456,0.00219564457538452,0.0205887197230032,"EndothelialCells","sender-focused"
"Lgals3bp",0.621764700126229,0.00549220854140456,0.00219564457538452,0.0205887197230032,"Leukocytes","sender-focused"
"Lgals3bp",0.621764700126229,0.00549220854140456,0.00219564457538452,0.0205887197230032,"SmoothMuscleCells","sender-focused"
"Lgals3bp",0.621764700126229,0.00549220854140456,0.00219564457538452,0.0205887197230032,"EndocardialCells","sender-focused"
"Efnb1",0.581881831436569,0.00549006821074643,0.0021935042447264,0.0194577401268639,"Fibroblasts","sender-focused"
"Efnb1",0.581881831436569,0.00549006821074643,0.0021935042447264,0.0194577401268639,"EndothelialCells","sender-focused"
"Efnb1",0.581881831436569,0.00549006821074643,0.0021935042447264,0.0194577401268639,"SmoothMuscleCells","sender-focused"
"Efnb1",0.581881831436569,0.00549006821074643,0.0021935042447264,0.0194577401268639,"EndocardialCells","sender-focused"
"Efna5",0.633764054289429,0.00548840987962038,0.00219184591360035,0.0193478291650897,"Fibroblasts","sender-focused"
"Efna5",0.633764054289429,0.00548840987962038,0.00219184591360035,0.0193478291650897,"EndocardialCells","sender-focused"
"Lefty1",0.635092423160091,0.00548208645908658,0.00218552249306655,0.0227542487890863,"Fibroblasts","sender-focused"
"Robo1",0.610413629113529,0.00547957326826941,0.00218300930224937,0.021206843019142,"Fibroblasts","sender-focused"
"Sema5a",0.607333672560736,0.00547917843097833,0.0021826144649583,0.0193512033366635,"Fibroblasts","sender-focused"
"Sema5a",0.607333672560736,0.00547917843097833,0.0021826144649583,0.0193512033366635,"SmoothMuscleCells","sender-focused"
"Gnas",0.603725304081486,0.00547134487463309,0.00217478090861305,0.0137921754552552,"Fibroblasts","sender-focused"
"Gnas",0.603725304081486,0.00547134487463309,0.00217478090861305,0.0137921754552552,"EndothelialCells","sender-focused"
"Gnas",0.603725304081486,0.00547134487463309,0.00217478090861305,0.0137921754552552,"Leukocytes","sender-focused"
"Gnas",0.603725304081486,0.00547134487463309,0.00217478090861305,0.0137921754552552,"SmoothMuscleCells","sender-focused"
"Gnas",0.603725304081486,0.00547134487463309,0.00217478090861305,0.0137921754552552,"EndocardialCells","sender-focused"
"Col1a1",0.646404352548612,0.00546000704307042,0.00216344307705039,0.0188776697228559,"Fibroblasts","sender-focused"
"Col1a1",0.646404352548612,0.00546000704307042,0.00216344307705039,0.0188776697228559,"SmoothMuscleCells","sender-focused"
"Vcan",0.623102854402928,0.00545001139481452,0.00215344742879449,0.0215281500093766,"Fibroblasts","sender-focused"
"Negr1",0.6218234125625,0.00544485508020427,0.00214829111418424,0.0221121173901424,"Fibroblasts","sender-focused"
"Sema3a",0.620304228273955,0.0054433685489374,0.00214680458291737,0.0195136353079594,"EndocardialCells","sender-focused"
"H2-DMb1",0.644601391484696,0.00544179404077746,0.00214523007475743,0.0197701497502328,"Leukocytes","sender-focused"
"H2-DMb1",0.644601391484696,0.00544179404077746,0.00214523007475743,0.0197701497502328,"EndocardialCells","sender-focused"
"Calm2",0.614792598318851,0.0054404529235416,0.00214388895752157,0.012603356636489,"Fibroblasts","sender-focused"
"Calm2",0.614792598318851,0.0054404529235416,0.00214388895752157,0.012603356636489,"EndothelialCells","sender-focused"
"Calm2",0.614792598318851,0.0054404529235416,0.00214388895752157,0.012603356636489,"Leukocytes","sender-focused"
"Calm2",0.614792598318851,0.0054404529235416,0.00214388895752157,0.012603356636489,"SmoothMuscleCells","sender-focused"
"Calm2",0.614792598318851,0.0054404529235416,0.00214388895752157,0.012603356636489,"EndocardialCells","sender-focused"
"Icam1",0.627435342929545,0.00543563982579078,0.00213907585977075,0.0195462880196172,"Fibroblasts","sender-focused"
"Icam1",0.627435342929545,0.00543563982579078,0.00213907585977075,0.0195462880196172,"EndothelialCells","sender-focused"
"Icam1",0.627435342929545,0.00543563982579078,0.00213907585977075,0.0195462880196172,"Leukocytes","sender-focused"
"Icam1",0.627435342929545,0.00543563982579078,0.00213907585977075,0.0195462880196172,"SmoothMuscleCells","sender-focused"
"Icam1",0.627435342929545,0.00543563982579078,0.00213907585977075,0.0195462880196172,"EndocardialCells","sender-focused"
"Ocln",0.672365034787109,0.00543522082374741,0.00213865685772738,0.0260943831730554,"EndocardialCells","sender-focused"
"Fbln1",0.668142632078507,0.00543098463028617,0.00213442066426613,0.0225149606539522,"Fibroblasts","sender-focused"
"Fbln1",0.668142632078507,0.00543098463028617,0.00213442066426613,0.0225149606539522,"Leukocytes","sender-focused"
"Fbln1",0.668142632078507,0.00543098463028617,0.00213442066426613,0.0225149606539522,"EndocardialCells","sender-focused"
"Vtn",0.607634573796645,0.00542800621493624,0.00213144224891621,0.0145524452437144,"SmoothMuscleCells","sender-focused"
"Plat",0.599030755531205,0.00542291104919516,0.00212634708317513,0.0146883339275797,"Fibroblasts","sender-focused"
"Plat",0.599030755531205,0.00542291104919516,0.00212634708317513,0.0146883339275797,"EndothelialCells","sender-focused"
"Plat",0.599030755531205,0.00542291104919516,0.00212634708317513,0.0146883339275797,"SmoothMuscleCells","sender-focused"
"Plat",0.599030755531205,0.00542291104919516,0.00212634708317513,0.0146883339275797,"EndocardialCells","sender-focused"
"Il16",0.596525691583569,0.00541958955268923,0.0021230255866692,0.0177998206590116,"Fibroblasts","sender-focused"
"Il16",0.596525691583569,0.00541958955268923,0.0021230255866692,0.0177998206590116,"EndothelialCells","sender-focused"
"Il16",0.596525691583569,0.00541958955268923,0.0021230255866692,0.0177998206590116,"Leukocytes","sender-focused"
"Adam9",0.624555987200679,0.00541177315413692,0.00211520918811688,0.0185228776229347,"Fibroblasts","sender-focused"
"Adam9",0.624555987200679,0.00541177315413692,0.00211520918811688,0.0185228776229347,"EndothelialCells","sender-focused"
"Adam9",0.624555987200679,0.00541177315413692,0.00211520918811688,0.0185228776229347,"Leukocytes","sender-focused"
"Adam9",0.624555987200679,0.00541177315413692,0.00211520918811688,0.0185228776229347,"SmoothMuscleCells","sender-focused"
"Adam9",0.624555987200679,0.00541177315413692,0.00211520918811688,0.0185228776229347,"EndocardialCells","sender-focused"
"Hspg2",0.60228195668976,0.00540716170623172,0.00211059774021169,0.0207951451800572,"Fibroblasts","sender-focused"
"Hspg2",0.60228195668976,0.00540716170623172,0.00211059774021169,0.0207951451800572,"EndothelialCells","sender-focused"
"Hspg2",0.60228195668976,0.00540716170623172,0.00211059774021169,0.0207951451800572,"Leukocytes","sender-focused"
"Hspg2",0.60228195668976,0.00540716170623172,0.00211059774021169,0.0207951451800572,"SmoothMuscleCells","sender-focused"
"Hspg2",0.60228195668976,0.00540716170623172,0.00211059774021169,0.0207951451800572,"EndocardialCells","sender-focused"
"Calm1",0.601266720812574,0.00540538308762737,0.00210881912160733,0.0150591351280096,"Fibroblasts","sender-focused"
"Calm1",0.601266720812574,0.00540538308762737,0.00210881912160733,0.0150591351280096,"EndothelialCells","sender-focused"
"Calm1",0.601266720812574,0.00540538308762737,0.00210881912160733,0.0150591351280096,"Leukocytes","sender-focused"
"Calm1",0.601266720812574,0.00540538308762737,0.00210881912160733,0.0150591351280096,"SmoothMuscleCells","sender-focused"
"Calm1",0.601266720812574,0.00540538308762737,0.00210881912160733,0.0150591351280096,"EndocardialCells","sender-focused"
"C1qa",0.579508870470556,0.00540466024877471,0.00210809628275468,0.0123126062457891,"Fibroblasts","sender-focused"
"C1qa",0.579508870470556,0.00540466024877471,0.00210809628275468,0.0123126062457891,"EndothelialCells","sender-focused"
"C1qa",0.579508870470556,0.00540466024877471,0.00210809628275468,0.0123126062457891,"Leukocytes","sender-focused"
"C1qa",0.579508870470556,0.00540466024877471,0.00210809628275468,0.0123126062457891,"SmoothMuscleCells","sender-focused"
"C1qa",0.579508870470556,0.00540466024877471,0.00210809628275468,0.0123126062457891,"EndocardialCells","sender-focused"
"S100a8",0.598739639701357,0.00540200579550348,0.00210544182948344,0.0202767541642607,"Fibroblasts","sender-focused"
"S100a8",0.598739639701357,0.00540200579550348,0.00210544182948344,0.0202767541642607,"EndothelialCells","sender-focused"
"S100a8",0.598739639701357,0.00540200579550348,0.00210544182948344,0.0202767541642607,"Leukocytes","sender-focused"
"S100a8",0.598739639701357,0.00540200579550348,0.00210544182948344,0.0202767541642607,"SmoothMuscleCells","sender-focused"
"Slc6a8",0.612676504261543,0.00539689575899846,0.00210033179297843,0.0192592586220088,"Fibroblasts","sender-focused"
"Slc6a8",0.612676504261543,0.00539689575899846,0.00210033179297843,0.0192592586220088,"SmoothMuscleCells","sender-focused"
"Slc6a8",0.612676504261543,0.00539689575899846,0.00210033179297843,0.0192592586220088,"EndocardialCells","sender-focused"
"Col3a1",0.627562553208138,0.00539666050489767,0.00210009653887763,0.021285653069374,"Fibroblasts","sender-focused"
"Col3a1",0.627562553208138,0.00539666050489767,0.00210009653887763,0.021285653069374,"EndothelialCells","sender-focused"
"Col3a1",0.627562553208138,0.00539666050489767,0.00210009653887763,0.021285653069374,"Leukocytes","sender-focused"
"Col3a1",0.627562553208138,0.00539666050489767,0.00210009653887763,0.021285653069374,"SmoothMuscleCells","sender-focused"
"Col3a1",0.627562553208138,0.00539666050489767,0.00210009653887763,0.021285653069374,"EndocardialCells","sender-focused"
"Trf",0.606665818598128,0.00538764916264204,0.00209108519662201,0.0162133703534765,"Fibroblasts","sender-focused"
"Trf",0.606665818598128,0.00538764916264204,0.00209108519662201,0.0162133703534765,"EndothelialCells","sender-focused"
"Trf",0.606665818598128,0.00538764916264204,0.00209108519662201,0.0162133703534765,"Leukocytes","sender-focused"
"Trf",0.606665818598128,0.00538764916264204,0.00209108519662201,0.0162133703534765,"EndocardialCells","sender-focused"
"Col4a3",0.574153807012211,0.00537859504715558,0.00208203108113555,0.0185974716675841,"Fibroblasts","sender-focused"
"Nucb2",0.589066765825433,0.00537768093599704,0.00208111696997701,0.0189346021094167,"Fibroblasts","sender-focused"
"Nucb2",0.589066765825433,0.00537768093599704,0.00208111696997701,0.0189346021094167,"EndothelialCells","sender-focused"
"Nucb2",0.589066765825433,0.00537768093599704,0.00208111696997701,0.0189346021094167,"Leukocytes","sender-focused"
"Nucb2",0.589066765825433,0.00537768093599704,0.00208111696997701,0.0189346021094167,"SmoothMuscleCells","sender-focused"
"Nucb2",0.589066765825433,0.00537768093599704,0.00208111696997701,0.0189346021094167,"EndocardialCells","sender-focused"
"Col14a1",0.604082471402114,0.00537583259096162,0.00207926862494159,0.0210947941142893,"Fibroblasts","sender-focused"
"Col14a1",0.604082471402114,0.00537583259096162,0.00207926862494159,0.0210947941142893,"Leukocytes","sender-focused"
"Nppa",0.609024101455078,0.00537564872232041,0.00207908475630038,0.0142920990543966,"Fibroblasts","sender-focused"
"Nppa",0.609024101455078,0.00537564872232041,0.00207908475630038,0.0142920990543966,"EndothelialCells","sender-focused"
"Nppa",0.609024101455078,0.00537564872232041,0.00207908475630038,0.0142920990543966,"Leukocytes","sender-focused"
"Nppa",0.609024101455078,0.00537564872232041,0.00207908475630038,0.0142920990543966,"SmoothMuscleCells","sender-focused"
"Nppa",0.609024101455078,0.00537564872232041,0.00207908475630038,0.0142920990543966,"EndocardialCells","sender-focused"
"Col6a6",0.602546162653005,0.00536995450064996,0.00207339053462993,0.0195185749810277,"Fibroblasts","sender-focused"
"Cd55",0.594013288581377,0.00536820244771948,0.00207163848169944,0.0180424742302408,"Fibroblasts","sender-focused"
"Cd55",0.594013288581377,0.00536820244771948,0.00207163848169944,0.0180424742302408,"Leukocytes","sender-focused"
"Cd55",0.594013288581377,0.00536820244771948,0.00207163848169944,0.0180424742302408,"EndocardialCells","sender-focused"
"Rtn4",0.590815907156069,0.00536683208586572,0.00207026811984568,0.0164971350092772,"Fibroblasts","sender-focused"
"Rtn4",0.590815907156069,0.00536683208586572,0.00207026811984568,0.0164971350092772,"EndothelialCells","sender-focused"
"Rtn4",0.590815907156069,0.00536683208586572,0.00207026811984568,0.0164971350092772,"Leukocytes","sender-focused"
"Rtn4",0.590815907156069,0.00536683208586572,0.00207026811984568,0.0164971350092772,"SmoothMuscleCells","sender-focused"
"Rtn4",0.590815907156069,0.00536683208586572,0.00207026811984568,0.0164971350092772,"EndocardialCells","sender-focused"
"C3",0.611108392942746,0.00536152666433319,0.00206496269831316,0.0176874359683393,"Fibroblasts","sender-focused"
"C3",0.611108392942746,0.00536152666433319,0.00206496269831316,0.0176874359683393,"Leukocytes","sender-focused"
"C3",0.611108392942746,0.00536152666433319,0.00206496269831316,0.0176874359683393,"SmoothMuscleCells","sender-focused"
"C3",0.611108392942746,0.00536152666433319,0.00206496269831316,0.0176874359683393,"EndocardialCells","sender-focused"
"Vcam1",0.6032091239126,0.00536069442812702,0.00206413046210699,0.016366180227978,"Fibroblasts","sender-focused"
"Vcam1",0.6032091239126,0.00536069442812702,0.00206413046210699,0.016366180227978,"EndothelialCells","sender-focused"
"Vcam1",0.6032091239126,0.00536069442812702,0.00206413046210699,0.016366180227978,"Leukocytes","sender-focused"
"Vcam1",0.6032091239126,0.00536069442812702,0.00206413046210699,0.016366180227978,"EndocardialCells","sender-focused"
"Pecam1",0.632041822825427,0.00536048459269285,0.00206392062667282,0.019930823352388,"Fibroblasts","sender-focused"
"Pecam1",0.632041822825427,0.00536048459269285,0.00206392062667282,0.019930823352388,"EndothelialCells","sender-focused"
"Pecam1",0.632041822825427,0.00536048459269285,0.00206392062667282,0.019930823352388,"Leukocytes","sender-focused"
"Pecam1",0.632041822825427,0.00536048459269285,0.00206392062667282,0.019930823352388,"SmoothMuscleCells","sender-focused"
"Pecam1",0.632041822825427,0.00536048459269285,0.00206392062667282,0.019930823352388,"EndocardialCells","sender-focused"
"Sema4a",0.610318221404565,0.00535749765246446,0.00206093368644442,0.0182985541771158,"Leukocytes","sender-focused"
"Igfbp4",0.587320070846323,0.00535747711333794,0.00206091314731791,0.0194547889264382,"Fibroblasts","sender-focused"
"Igfbp4",0.587320070846323,0.00535747711333794,0.00206091314731791,0.0194547889264382,"EndothelialCells","sender-focused"
"Igfbp4",0.587320070846323,0.00535747711333794,0.00206091314731791,0.0194547889264382,"Leukocytes","sender-focused"
"Igfbp4",0.587320070846323,0.00535747711333794,0.00206091314731791,0.0194547889264382,"SmoothMuscleCells","sender-focused"
"Igfbp4",0.587320070846323,0.00535747711333794,0.00206091314731791,0.0194547889264382,"EndocardialCells","sender-focused"
"Pam",0.58508655191647,0.00534124588422332,0.00204468191820328,0.018199304387982,"Fibroblasts","sender-focused"
"Pam",0.58508655191647,0.00534124588422332,0.00204468191820328,0.018199304387982,"EndothelialCells","sender-focused"
"Pam",0.58508655191647,0.00534124588422332,0.00204468191820328,0.018199304387982,"Leukocytes","sender-focused"
"Pam",0.58508655191647,0.00534124588422332,0.00204468191820328,0.018199304387982,"SmoothMuscleCells","sender-focused"
"Pam",0.58508655191647,0.00534124588422332,0.00204468191820328,0.018199304387982,"EndocardialCells","sender-focused"
"Serpinf1",0.577740158327881,0.0053327830378937,0.00203621907187366,0.0164850660896322,"Fibroblasts","sender-focused"
"Serpinf1",0.577740158327881,0.0053327830378937,0.00203621907187366,0.0164850660896322,"Leukocytes","sender-focused"
"Col8a1",0.575120115859179,0.00532929304534656,0.00203272907932652,0.0146090502483073,"Fibroblasts","sender-focused"
"Col8a1",0.575120115859179,0.00532929304534656,0.00203272907932652,0.0146090502483073,"SmoothMuscleCells","sender-focused"
"Col18a1",0.634250878240162,0.00532901697469555,0.00203245300867552,0.0187159251128969,"Fibroblasts","sender-focused"
"Col18a1",0.634250878240162,0.00532901697469555,0.00203245300867552,0.0187159251128969,"SmoothMuscleCells","sender-focused"
"Col18a1",0.634250878240162,0.00532901697469555,0.00203245300867552,0.0187159251128969,"EndocardialCells","sender-focused"
"Lrrn2",0.634299805270394,0.005326315273928,0.00202975130790797,0.0233222085246862,"Fibroblasts","sender-focused"
"Bmp1",0.628883583024266,0.00532119178937489,0.00202462782335486,0.0224010200395809,"Fibroblasts","sender-focused"
"Bmp1",0.628883583024266,0.00532119178937489,0.00202462782335486,0.0224010200395809,"EndothelialCells","sender-focused"
"Bmp1",0.628883583024266,0.00532119178937489,0.00202462782335486,0.0224010200395809,"SmoothMuscleCells","sender-focused"
"Csf1",0.597125047703853,0.00531468511660685,0.00201812115058682,0.00884210218205034,"Fibroblasts","sender-focused"
"Csf1",0.597125047703853,0.00531468511660685,0.00201812115058682,0.00884210218205034,"EndothelialCells","sender-focused"
"Csf1",0.597125047703853,0.00531468511660685,0.00201812115058682,0.00884210218205034,"SmoothMuscleCells","sender-focused"
"Csf1",0.597125047703853,0.00531468511660685,0.00201812115058682,0.00884210218205034,"EndocardialCells","sender-focused"
"S100a4",0.622880236415408,0.00531264484193611,0.00201608087591608,0.0194467746462715,"Fibroblasts","sender-focused"
"S100a4",0.622880236415408,0.00531264484193611,0.00201608087591608,0.0194467746462715,"Leukocytes","sender-focused"
"S100a4",0.622880236415408,0.00531264484193611,0.00201608087591608,0.0194467746462715,"SmoothMuscleCells","sender-focused"
"Cxcl12",0.605846290841849,0.00529948907292479,0.00200292510690476,0.0142652570474405,"Fibroblasts","sender-focused"
"Cxcl12",0.605846290841849,0.00529948907292479,0.00200292510690476,0.0142652570474405,"EndothelialCells","sender-focused"
"Cxcl12",0.605846290841849,0.00529948907292479,0.00200292510690476,0.0142652570474405,"Leukocytes","sender-focused"
"Cxcl12",0.605846290841849,0.00529948907292479,0.00200292510690476,0.0142652570474405,"SmoothMuscleCells","sender-focused"
"Cxcl12",0.605846290841849,0.00529948907292479,0.00200292510690476,0.0142652570474405,"EndocardialCells","sender-focused"
"Fn1",0.612033113814035,0.00529642387549112,0.00199985990947108,0.0155702097652653,"Fibroblasts","sender-focused"
"Fn1",0.612033113814035,0.00529642387549112,0.00199985990947108,0.0155702097652653,"EndothelialCells","sender-focused"
"Fn1",0.612033113814035,0.00529642387549112,0.00199985990947108,0.0155702097652653,"Leukocytes","sender-focused"
"Fn1",0.612033113814035,0.00529642387549112,0.00199985990947108,0.0155702097652653,"SmoothMuscleCells","sender-focused"
"Fn1",0.612033113814035,0.00529642387549112,0.00199985990947108,0.0155702097652653,"EndocardialCells","sender-focused"
"Ezr",0.607482900002935,0.00529280560430507,0.00199624163828504,0.0162076239455837,"Fibroblasts","sender-focused"
"Ezr",0.607482900002935,0.00529280560430507,0.00199624163828504,0.0162076239455837,"Leukocytes","sender-focused"
"Ezr",0.607482900002935,0.00529280560430507,0.00199624163828504,0.0162076239455837,"SmoothMuscleCells","sender-focused"
"Ezr",0.607482900002935,0.00529280560430507,0.00199624163828504,0.0162076239455837,"EndocardialCells","sender-focused"
"Col4a4",0.596997837425253,0.00527595285735754,0.00197938889133751,0.0161084755863285,"Fibroblasts","sender-focused"
"Col4a4",0.596997837425253,0.00527595285735754,0.00197938889133751,0.0161084755863285,"EndocardialCells","sender-focused"
"Anxa1",0.600985390388756,0.00526882868146772,0.00197226471544769,0.0197873176532062,"Fibroblasts","sender-focused"
"Anxa1",0.600985390388756,0.00526882868146772,0.00197226471544769,0.0197873176532062,"EndothelialCells","sender-focused"
"Anxa1",0.600985390388756,0.00526882868146772,0.00197226471544769,0.0197873176532062,"Leukocytes","sender-focused"
"Anxa1",0.600985390388756,0.00526882868146772,0.00197226471544769,0.0197873176532062,"SmoothMuscleCells","sender-focused"
"Anxa1",0.600985390388756,0.00526882868146772,0.00197226471544769,0.0197873176532062,"EndocardialCells","sender-focused"
"Ptdss1",0.581439041813067,0.00526820544518289,0.00197164147916286,0.0182193830265705,"Fibroblasts","sender-focused"
"Ptdss1",0.581439041813067,0.00526820544518289,0.00197164147916286,0.0182193830265705,"EndothelialCells","sender-focused"
"Ptdss1",0.581439041813067,0.00526820544518289,0.00197164147916286,0.0182193830265705,"Leukocytes","sender-focused"
"Ptdss1",0.581439041813067,0.00526820544518289,0.00197164147916286,0.0182193830265705,"SmoothMuscleCells","sender-focused"
"Ptdss1",0.581439041813067,0.00526820544518289,0.00197164147916286,0.0182193830265705,"EndocardialCells","sender-focused"
"Col5a2",0.612918693061164,0.00525977828763717,0.00196321432161713,0.0143594700056775,"Fibroblasts","sender-focused"
"Col5a2",0.612918693061164,0.00525977828763717,0.00196321432161713,0.0143594700056775,"SmoothMuscleCells","sender-focused"
"Col5a2",0.612918693061164,0.00525977828763717,0.00196321432161713,0.0143594700056775,"EndocardialCells","sender-focused"
"Lrpap1",0.597932343702589,0.00525216781194067,0.00195560384592063,0.0192405813056393,"Fibroblasts","sender-focused"
"Lrpap1",0.597932343702589,0.00525216781194067,0.00195560384592063,0.0192405813056393,"EndothelialCells","sender-focused"
"Lrpap1",0.597932343702589,0.00525216781194067,0.00195560384592063,0.0192405813056393,"Leukocytes","sender-focused"
"Lrpap1",0.597932343702589,0.00525216781194067,0.00195560384592063,0.0192405813056393,"SmoothMuscleCells","sender-focused"
"Lrpap1",0.597932343702589,0.00525216781194067,0.00195560384592063,0.0192405813056393,"EndocardialCells","sender-focused"
"Il1rn",0.607639466499652,0.00524810228591682,0.00195153831989679,0.0183111374945124,"Leukocytes","sender-focused"
"Tgfb2",0.655597741528292,0.00523594154954874,0.00193937758352871,0.000334372248920584,"Fibroblasts","sender-focused"
"Tgfb2",0.655597741528292,0.00523594154954874,0.00193937758352871,0.000334372248920584,"SmoothMuscleCells","sender-focused"
"Tgfb2",0.655597741528292,0.00523594154954874,0.00193937758352871,0.000334372248920584,"EndocardialCells","sender-focused"
"Zdhhc5",0.595275605961264,0.00523024985054966,0.00193368588452962,0.0182491366640909,"Fibroblasts","sender-focused"
"Zdhhc5",0.595275605961264,0.00523024985054966,0.00193368588452962,0.0182491366640909,"EndothelialCells","sender-focused"
"Zdhhc5",0.595275605961264,0.00523024985054966,0.00193368588452962,0.0182491366640909,"Leukocytes","sender-focused"
"Zdhhc5",0.595275605961264,0.00523024985054966,0.00193368588452962,0.0182491366640909,"SmoothMuscleCells","sender-focused"
"Zdhhc5",0.595275605961264,0.00523024985054966,0.00193368588452962,0.0182491366640909,"EndocardialCells","sender-focused"
"Efnb2",0.587789770336509,0.00522706801330941,0.00193050404728937,0.0188330330796359,"EndothelialCells","sender-focused"
"Efnb2",0.587789770336509,0.00522706801330941,0.00193050404728937,0.0188330330796359,"SmoothMuscleCells","sender-focused"
"Efnb2",0.587789770336509,0.00522706801330941,0.00193050404728937,0.0188330330796359,"EndocardialCells","sender-focused"
"Cp",0.621975086356211,0.00520496458984805,0.00190840062382802,0.0169379093502893,"Fibroblasts","sender-focused"
"Cp",0.621975086356211,0.00520496458984805,0.00190840062382802,0.0169379093502893,"Leukocytes","sender-focused"
"Cp",0.621975086356211,0.00520496458984805,0.00190840062382802,0.0169379093502893,"SmoothMuscleCells","sender-focused"
"Cp",0.621975086356211,0.00520496458984805,0.00190840062382802,0.0169379093502893,"EndocardialCells","sender-focused"
"Col16a1",0.613011654418567,0.00520301197428678,0.00190644800826675,0.0150381390376891,"Fibroblasts","sender-focused"
"Lum",0.598367794271602,0.00520255804423702,0.00190599407821699,0.0187157712229478,"Fibroblasts","sender-focused"
"Lum",0.598367794271602,0.00520255804423702,0.00190599407821699,0.0187157712229478,"EndothelialCells","sender-focused"
"Lum",0.598367794271602,0.00520255804423702,0.00190599407821699,0.0187157712229478,"Leukocytes","sender-focused"
"Lum",0.598367794271602,0.00520255804423702,0.00190599407821699,0.0187157712229478,"SmoothMuscleCells","sender-focused"
"Lum",0.598367794271602,0.00520255804423702,0.00190599407821699,0.0187157712229478,"EndocardialCells","sender-focused"
"Lamb1",0.596978266613144,0.00519624022388354,0.00189967625786351,0.017836958590826,"Fibroblasts","sender-focused"
"Lamb1",0.596978266613144,0.00519624022388354,0.00189967625786351,0.017836958590826,"EndothelialCells","sender-focused"
"Lamb1",0.596978266613144,0.00519624022388354,0.00189967625786351,0.017836958590826,"SmoothMuscleCells","sender-focused"
"Lamb1",0.596978266613144,0.00519624022388354,0.00189967625786351,0.017836958590826,"EndocardialCells","sender-focused"
"Cd9",0.590483203350505,0.00519347648470553,0.0018969125186855,0.00734628312349348,"Fibroblasts","sender-focused"
"Cd9",0.590483203350505,0.00519347648470553,0.0018969125186855,0.00734628312349348,"EndothelialCells","sender-focused"
"Cd9",0.590483203350505,0.00519347648470553,0.0018969125186855,0.00734628312349348,"Leukocytes","sender-focused"
"Cd9",0.590483203350505,0.00519347648470553,0.0018969125186855,0.00734628312349348,"SmoothMuscleCells","sender-focused"
"Cd9",0.590483203350505,0.00519347648470553,0.0018969125186855,0.00734628312349348,"EndocardialCells","sender-focused"
"Ntn1",0.611362813499941,0.00518658987515692,0.00189002590913689,0.0183364971130848,"Fibroblasts","sender-focused"
"Ntn1",0.611362813499941,0.00518658987515692,0.00189002590913689,0.0183364971130848,"SmoothMuscleCells","sender-focused"
"Ntn1",0.611362813499941,0.00518658987515692,0.00189002590913689,0.0183364971130848,"EndocardialCells","sender-focused"
"Tnxb",0.617967962580584,0.00518481869597214,0.00188825472995211,0.0177315005561009,"Fibroblasts","sender-focused"
"Tnxb",0.617967962580584,0.00518481869597214,0.00188825472995211,0.0177315005561009,"SmoothMuscleCells","sender-focused"
"Tnxb",0.617967962580584,0.00518481869597214,0.00188825472995211,0.0177315005561009,"EndocardialCells","sender-focused"
"Wnt9a",0.611839852044663,0.00518460555076876,0.00188804158474873,0.0163859331412656,"Fibroblasts","sender-focused"
"Tnfsf9",0.61169551730549,0.00518458653579146,0.00188802256977143,0.010850749905706,"Leukocytes","sender-focused"
"Abca1",0.578552347029622,0.0051784516244239,0.00188188765840387,0.00812253712139722,"Fibroblasts","sender-focused"
"Abca1",0.578552347029622,0.0051784516244239,0.00188188765840387,0.00812253712139722,"EndothelialCells","sender-focused"
"Abca1",0.578552347029622,0.0051784516244239,0.00188188765840387,0.00812253712139722,"Leukocytes","sender-focused"
"Abca1",0.578552347029622,0.0051784516244239,0.00188188765840387,0.00812253712139722,"EndocardialCells","sender-focused"
"Mfge8",0.546211580049497,0.00517814518319911,0.00188158121717908,0.0130732906852051,"Fibroblasts","sender-focused"
"Mfge8",0.546211580049497,0.00517814518319911,0.00188158121717908,0.0130732906852051,"EndothelialCells","sender-focused"
"Mfge8",0.546211580049497,0.00517814518319911,0.00188158121717908,0.0130732906852051,"Leukocytes","sender-focused"
"Mfge8",0.546211580049497,0.00517814518319911,0.00188158121717908,0.0130732906852051,"SmoothMuscleCells","sender-focused"
"Mfge8",0.546211580049497,0.00517814518319911,0.00188158121717908,0.0130732906852051,"EndocardialCells","sender-focused"
"Fgfrl1",0.604371140880469,0.00517683691696647,0.00188027295094644,0.0176426524282523,"Fibroblasts","sender-focused"
"Fgfrl1",0.604371140880469,0.00517683691696647,0.00188027295094644,0.0176426524282523,"EndocardialCells","sender-focused"
"Col6a1",0.614117405301731,0.00516867173412425,0.00187210776810422,0.0144606351365494,"Fibroblasts","sender-focused"
"Col6a1",0.614117405301731,0.00516867173412425,0.00187210776810422,0.0144606351365494,"SmoothMuscleCells","sender-focused"
"Col6a1",0.614117405301731,0.00516867173412425,0.00187210776810422,0.0144606351365494,"EndocardialCells","sender-focused"
"Lgals1",0.598808137543649,0.00516752944321723,0.0018709654771972,0.0104288582413211,"Fibroblasts","sender-focused"
"Lgals1",0.598808137543649,0.00516752944321723,0.0018709654771972,0.0104288582413211,"EndothelialCells","sender-focused"
"Lgals1",0.598808137543649,0.00516752944321723,0.0018709654771972,0.0104288582413211,"Leukocytes","sender-focused"
"Lgals1",0.598808137543649,0.00516752944321723,0.0018709654771972,0.0104288582413211,"SmoothMuscleCells","sender-focused"
"Lgals1",0.598808137543649,0.00516752944321723,0.0018709654771972,0.0104288582413211,"EndocardialCells","sender-focused"
"Lamc1",0.601034317418969,0.00516336804629146,0.00186680408027143,0.0166021199902258,"Fibroblasts","sender-focused"
"Lamc1",0.601034317418969,0.00516336804629146,0.00186680408027143,0.0166021199902258,"EndothelialCells","sender-focused"
"Lamc1",0.601034317418969,0.00516336804629146,0.00186680408027143,0.0166021199902258,"Leukocytes","sender-focused"
"Lamc1",0.601034317418969,0.00516336804629146,0.00186680408027143,0.0166021199902258,"SmoothMuscleCells","sender-focused"
"Lamc1",0.601034317418969,0.00516336804629146,0.00186680408027143,0.0166021199902258,"EndocardialCells","sender-focused"
"Calm3",0.600231914123278,0.00515630813667506,0.00185974417065503,0.0154808764703503,"Fibroblasts","sender-focused"
"Calm3",0.600231914123278,0.00515630813667506,0.00185974417065503,0.0154808764703503,"EndothelialCells","sender-focused"
"Calm3",0.600231914123278,0.00515630813667506,0.00185974417065503,0.0154808764703503,"Leukocytes","sender-focused"
"Calm3",0.600231914123278,0.00515630813667506,0.00185974417065503,0.0154808764703503,"SmoothMuscleCells","sender-focused"
"Calm3",0.600231914123278,0.00515630813667506,0.00185974417065503,0.0154808764703503,"EndocardialCells","sender-focused"
"Fbn1",0.607018093215787,0.00515611142717896,0.00185954746115893,0.0149976092546933,"Fibroblasts","sender-focused"
"Fbn1",0.607018093215787,0.00515611142717896,0.00185954746115893,0.0149976092546933,"EndothelialCells","sender-focused"
"Fbn1",0.607018093215787,0.00515611142717896,0.00185954746115893,0.0149976092546933,"SmoothMuscleCells","sender-focused"
"Fbn1",0.607018093215787,0.00515611142717896,0.00185954746115893,0.0149976092546933,"EndocardialCells","sender-focused"
"Col4a1",0.601200669321765,0.00515499545451836,0.00185843148849833,0.015289235342917,"Fibroblasts","sender-focused"
"Col4a1",0.601200669321765,0.00515499545451836,0.00185843148849833,0.015289235342917,"EndothelialCells","sender-focused"
"Col4a1",0.601200669321765,0.00515499545451836,0.00185843148849833,0.015289235342917,"Leukocytes","sender-focused"
"Col4a1",0.601200669321765,0.00515499545451836,0.00185843148849833,0.015289235342917,"SmoothMuscleCells","sender-focused"
"Col4a1",0.601200669321765,0.00515499545451836,0.00185843148849833,0.015289235342917,"EndocardialCells","sender-focused"
"Ifitm6",0.580514320941754,0.0051467604351549,0.00185019646913486,0.0193152829693444,"Leukocytes","sender-focused"
"Lrig1",0.637162036538704,0.00514376227113285,0.00184719830511281,0.0205627705597361,"Fibroblasts","sender-focused"
"Lrig1",0.637162036538704,0.00514376227113285,0.00184719830511281,0.0205627705597361,"SmoothMuscleCells","sender-focused"
"Lrig1",0.637162036538704,0.00514376227113285,0.00184719830511281,0.0205627705597361,"EndocardialCells","sender-focused"
"Wnt5b",0.610166547610897,0.00513578501305302,0.00183922104703299,0.0151610338117964,"SmoothMuscleCells","sender-focused"
"Efna1",0.598169639799207,0.00513561606837328,0.00183905210235325,0.0184434596738146,"Fibroblasts","sender-focused"
"Efna1",0.598169639799207,0.00513561606837328,0.00183905210235325,0.0184434596738146,"EndothelialCells","sender-focused"
"Efna1",0.598169639799207,0.00513561606837328,0.00183905210235325,0.0184434596738146,"SmoothMuscleCells","sender-focused"
"Efna1",0.598169639799207,0.00513561606837328,0.00183905210235325,0.0184434596738146,"EndocardialCells","sender-focused"
"Agrn",0.593039640679874,0.00513326845567066,0.00183670448965063,0.0134474125985571,"Fibroblasts","sender-focused"
"Agrn",0.593039640679874,0.00513326845567066,0.00183670448965063,0.0134474125985571,"EndothelialCells","sender-focused"
"Agrn",0.593039640679874,0.00513326845567066,0.00183670448965063,0.0134474125985571,"SmoothMuscleCells","sender-focused"
"Agrn",0.593039640679874,0.00513326845567066,0.00183670448965063,0.0134474125985571,"EndocardialCells","sender-focused"
"Ptgfrn",0.604111827620288,0.00513115230741515,0.00183458834139512,0.017967315596483,"Fibroblasts","sender-focused"
"Ptgfrn",0.604111827620288,0.00513115230741515,0.00183458834139512,0.017967315596483,"EndothelialCells","sender-focused"
"Ptgfrn",0.604111827620288,0.00513115230741515,0.00183458834139512,0.017967315596483,"EndocardialCells","sender-focused"
"Thy1",0.628956973569601,0.00512867499948753,0.0018321110334675,0.0183373953875628,"SmoothMuscleCells","sender-focused"
"Tgfb3",0.640117229164412,0.00512472350635873,0.00182815954033869,0.0122491039677096,"Fibroblasts","sender-focused"
"Tgfb3",0.640117229164412,0.00512472350635873,0.00182815954033869,0.0122491039677096,"SmoothMuscleCells","sender-focused"
"Col5a1",0.622655172076355,0.00511955277444042,0.00182298880842039,0.0127607980110598,"Fibroblasts","sender-focused"
"Col5a1",0.622655172076355,0.00511955277444042,0.00182298880842039,0.0127607980110598,"SmoothMuscleCells","sender-focused"
"Sema6d",0.608505474934662,0.00510357494864356,0.00180701098262353,0.0198305633772937,"Fibroblasts","sender-focused"
"Sema6d",0.608505474934662,0.00510357494864356,0.00180701098262353,0.0198305633772937,"EndothelialCells","sender-focused"
"Sema6d",0.608505474934662,0.00510357494864356,0.00180701098262353,0.0198305633772937,"Leukocytes","sender-focused"
"Sema6d",0.608505474934662,0.00510357494864356,0.00180701098262353,0.0198305633772937,"SmoothMuscleCells","sender-focused"
"Sema6d",0.608505474934662,0.00510357494864356,0.00180701098262353,0.0198305633772937,"EndocardialCells","sender-focused"
"Il33",0.607407063106071,0.00508557404942478,0.00178901008340475,0.0129292025968158,"Fibroblasts","sender-focused"
"Il33",0.607407063106071,0.00508557404942478,0.00178901008340475,0.0129292025968158,"EndocardialCells","sender-focused"
"Ptprm",0.606641355083006,0.00508117390173639,0.00178460993571635,0.0194731167904681,"Fibroblasts","sender-focused"
"Ptprm",0.606641355083006,0.00508117390173639,0.00178460993571635,0.0194731167904681,"EndothelialCells","sender-focused"
"Ptprm",0.606641355083006,0.00508117390173639,0.00178460993571635,0.0194731167904681,"SmoothMuscleCells","sender-focused"
"Ptprm",0.606641355083006,0.00508117390173639,0.00178460993571635,0.0194731167904681,"EndocardialCells","sender-focused"
"Col15a1",0.607693286232914,0.00507181278993707,0.00177524882391704,0.0163081507995505,"Fibroblasts","sender-focused"
"Col15a1",0.607693286232914,0.00507181278993707,0.00177524882391704,0.0163081507995505,"EndothelialCells","sender-focused"
"Col15a1",0.607693286232914,0.00507181278993707,0.00177524882391704,0.0163081507995505,"SmoothMuscleCells","sender-focused"
"Copa",0.594160069672102,0.00503582806135517,0.00173926409533514,0.011557582619576,"Fibroblasts","sender-focused"
"Copa",0.594160069672102,0.00503582806135517,0.00173926409533514,0.011557582619576,"EndothelialCells","sender-focused"
"Copa",0.594160069672102,0.00503582806135517,0.00173926409533514,0.011557582619576,"Leukocytes","sender-focused"
"Copa",0.594160069672102,0.00503582806135517,0.00173926409533514,0.011557582619576,"SmoothMuscleCells","sender-focused"
"Copa",0.594160069672102,0.00503582806135517,0.00173926409533514,0.011557582619576,"EndocardialCells","sender-focused"
"Neo1",0.611372598905978,0.0050253937149989,0.00172882974897887,0.0190364013971153,"Fibroblasts","sender-focused"
"Neo1",0.611372598905978,0.0050253937149989,0.00172882974897887,0.0190364013971153,"SmoothMuscleCells","sender-focused"
"Neo1",0.611372598905978,0.0050253937149989,0.00172882974897887,0.0190364013971153,"EndocardialCells","sender-focused"
"Hbegf",0.60749023905746,0.00501978323036434,0.00172321926434431,-0.000693538695738872,"EndothelialCells","sender-focused"
"Hbegf",0.60749023905746,0.00501978323036434,0.00172321926434431,-0.000693538695738872,"SmoothMuscleCells","sender-focused"
"Hbegf",0.60749023905746,0.00501978323036434,0.00172321926434431,-0.000693538695738872,"EndocardialCells","sender-focused"
"Itgb2",0.590671572416882,0.00499400940707051,0.00169744544105047,0.0163734658627215,"Leukocytes","sender-focused"
"Rarres2",0.598186764259803,0.00498769742756127,0.00169113346154124,0.0180119727185121,"Fibroblasts","sender-focused"
"Rarres2",0.598186764259803,0.00498769742756127,0.00169113346154124,0.0180119727185121,"SmoothMuscleCells","sender-focused"
"Rarres2",0.598186764259803,0.00498769742756127,0.00169113346154124,0.0180119727185121,"EndocardialCells","sender-focused"
"Myoc",0.622400751519176,0.00497371461987794,0.00167715065385791,-0.00380145367763097,"Fibroblasts","sender-focused"
"Nrg1",0.592956464728488,0.00496922375489202,0.00167265978887199,0.0176982784525053,"EndocardialCells","sender-focused"
"Sirpb1b",0.57791874198818,0.00496468252659226,0.00166811856057222,0.0160156080880715,"Leukocytes","sender-focused"
"Spon1",0.592237237384177,0.00496037104818952,0.00166380708216949,0.0142507547940224,"Fibroblasts","sender-focused"
"Spon1",0.592237237384177,0.00496037104818952,0.00166380708216949,0.0142507547940224,"SmoothMuscleCells","sender-focused"
"Spon1",0.592237237384177,0.00496037104818952,0.00166380708216949,0.0142507547940224,"EndocardialCells","sender-focused"
"Sfrp1",0.612241053692524,0.00495109361212682,0.00165452964610679,0.0173362059187218,"Fibroblasts","sender-focused"
"Postn",0.595896979245141,0.00494639768241627,0.00164983371639624,0.000377630657072146,"Fibroblasts","sender-focused"
"Postn",0.595896979245141,0.00494639768241627,0.00164983371639624,0.000377630657072146,"SmoothMuscleCells","sender-focused"
"Postn",0.595896979245141,0.00494639768241627,0.00164983371639624,0.000377630657072146,"EndocardialCells","sender-focused"
"Has1",0.597041871752452,0.00494262668213865,0.00164606271611861,0.0177047181078743,"Fibroblasts","sender-focused"
"Anxa2",0.591977924123937,0.0049371760004179,0.00164061203439787,0.0135966981263275,"Fibroblasts","sender-focused"
"Anxa2",0.591977924123937,0.0049371760004179,0.00164061203439787,0.0135966981263275,"EndothelialCells","sender-focused"
"Anxa2",0.591977924123937,0.0049371760004179,0.00164061203439787,0.0135966981263275,"Leukocytes","sender-focused"
"Anxa2",0.591977924123937,0.0049371760004179,0.00164061203439787,0.0135966981263275,"SmoothMuscleCells","sender-focused"
"Anxa2",0.591977924123937,0.0049371760004179,0.00164061203439787,0.0135966981263275,"EndocardialCells","sender-focused"
"Cdh5",0.60134255770944,0.00493061140869041,0.00163404744267038,0.0152754295516787,"EndothelialCells","sender-focused"
"Cdh5",0.60134255770944,0.00493061140869041,0.00163404744267038,0.0152754295516787,"Leukocytes","sender-focused"
"Cdh5",0.60134255770944,0.00493061140869041,0.00163404744267038,0.0152754295516787,"SmoothMuscleCells","sender-focused"
"Cdh5",0.60134255770944,0.00493061140869041,0.00163404744267038,0.0152754295516787,"EndocardialCells","sender-focused"
"Bmp6",0.626608476118715,0.00492846502325064,0.0016319010572306,-0.00349938763017337,"EndocardialCells","sender-focused"
"Sema4d",0.56267797207246,0.0049150815716064,0.00161851760558637,0.0157196683228651,"Leukocytes","sender-focused"
"Sema4d",0.56267797207246,0.0049150815716064,0.00161851760558637,0.0157196683228651,"EndocardialCells","sender-focused"
"Wnt5a",0.616206589492435,0.00490908052440995,0.00161251655838992,0.00429121799116174,"Fibroblasts","sender-focused"
"Angptl4",0.563340933332011,0.0049087843858914,0.00161222041987137,0.0103520296119412,"Fibroblasts","sender-focused"
"Angptl4",0.563340933332011,0.0049087843858914,0.00161222041987137,0.0103520296119412,"EndothelialCells","sender-focused"
"Inhba",0.631041265057305,0.00489778522933841,0.00160122126331837,0.00456971674992404,"Fibroblasts","sender-focused"
"Inhba",0.631041265057305,0.00489778522933841,0.00160122126331837,0.00456971674992404,"SmoothMuscleCells","sender-focused"
"Crlf1",0.590970027301296,0.00489610677616769,0.00159954281014766,0.0174814541178073,"Fibroblasts","sender-focused"
"Clec11a",0.563145225211143,0.00488744772114946,0.00159088375512943,0.014951842708207,"Fibroblasts","sender-focused"
"Flrt2",0.593502001115523,0.00488474504973374,0.00158818108371371,0.0168092798071527,"Fibroblasts","sender-focused"
"Flrt2",0.593502001115523,0.00488474504973374,0.00158818108371371,0.0168092798071527,"EndocardialCells","sender-focused"
"Efemp2",0.591610971397255,0.00488264872045666,0.00158608475443663,0.0156360903428448,"Fibroblasts","sender-focused"
"Efemp2",0.591610971397255,0.00488264872045666,0.00158608475443663,0.0156360903428448,"EndothelialCells","sender-focused"
"Efemp2",0.591610971397255,0.00488264872045666,0.00158608475443663,0.0156360903428448,"Leukocytes","sender-focused"
"Efemp2",0.591610971397255,0.00488264872045666,0.00158608475443663,0.0156360903428448,"SmoothMuscleCells","sender-focused"
"Efemp2",0.591610971397255,0.00488264872045666,0.00158608475443663,0.0156360903428448,"EndocardialCells","sender-focused"
"Vegfb",0.563443680095495,0.00486537283433419,0.00156880886831416,0.0142459543255787,"Fibroblasts","sender-focused"
"Vegfb",0.563443680095495,0.00486537283433419,0.00156880886831416,0.0142459543255787,"Leukocytes","sender-focused"
"Vegfb",0.563443680095495,0.00486537283433419,0.00156880886831416,0.0142459543255787,"SmoothMuscleCells","sender-focused"
"Vegfb",0.563443680095495,0.00486537283433419,0.00156880886831416,0.0142459543255787,"EndocardialCells","sender-focused"
"Vegfa",0.596699382540875,0.00486448023558659,0.00156791626956655,0.0105081851911225,"Fibroblasts","sender-focused"
"Bace1",0.583278698149572,0.0048390096624191,0.00154244569639907,0.0145512256189213,"Fibroblasts","sender-focused"
"Bace1",0.583278698149572,0.0048390096624191,0.00154244569639907,0.0145512256189213,"SmoothMuscleCells","sender-focused"
"Bace1",0.583278698149572,0.0048390096624191,0.00154244569639907,0.0145512256189213,"EndocardialCells","sender-focused"
"Penk",0.585937882242413,0.00483170674194779,0.00153514277592776,0.0112916494397199,"Fibroblasts","sender-focused"
"Cd320",0.569126554656384,0.00482391497051736,0.00152735100449733,0.0121623016409978,"Fibroblasts","sender-focused"
"Cd320",0.569126554656384,0.00482391497051736,0.00152735100449733,0.0121623016409978,"EndothelialCells","sender-focused"
"Cd320",0.569126554656384,0.00482391497051736,0.00152735100449733,0.0121623016409978,"SmoothMuscleCells","sender-focused"
"Cd320",0.569126554656384,0.00482391497051736,0.00152735100449733,0.0121623016409978,"EndocardialCells","sender-focused"
"Angpt1",0.577334063976992,0.00481152321612533,0.0015149592501053,0.00359301207197924,"Fibroblasts","sender-focused"
"Bmp4",0.635982895110229,0.0047922474211116,0.00149568345509156,0.00158134565886391,"Fibroblasts","sender-focused"
"Bmp4",0.635982895110229,0.0047922474211116,0.00149568345509156,0.00158134565886391,"EndothelialCells","sender-focused"
"Bmp4",0.635982895110229,0.0047922474211116,0.00149568345509156,0.00158134565886391,"SmoothMuscleCells","sender-focused"
"Bmp4",0.635982895110229,0.0047922474211116,0.00149568345509156,0.00158134565886391,"EndocardialCells","sender-focused"
"Alcam",0.598225905883964,0.00477137860597894,0.00147481463995891,0.0142508119412523,"Fibroblasts","sender-focused"
"Alcam",0.598225905883964,0.00477137860597894,0.00147481463995891,0.0142508119412523,"Leukocytes","sender-focused"
"Rspo1",0.601790240035997,0.00476708461462423,0.0014705206486042,0.017396626517456,"Fibroblasts","sender-focused"
"Fgf7",0.600033759650856,0.00474201716860619,0.00144545320258616,-0.00588084498241214,"Fibroblasts","sender-focused"
"Fgf18",0.577891832121572,0.00472294557735089,0.00142638161133085,0.00540771433789443,"Fibroblasts","sender-focused"
"Spon2",0.608466333310501,0.00469479073410854,0.0013982267680885,0.0179469828620017,"Fibroblasts","sender-focused"
"Glg1",0.586062646169493,0.00469370014037738,0.00139713617435735,0.0157207909425073,"Fibroblasts","sender-focused"
"Glg1",0.586062646169493,0.00469370014037738,0.00139713617435735,0.0157207909425073,"EndothelialCells","sender-focused"
"Glg1",0.586062646169493,0.00469370014037738,0.00139713617435735,0.0157207909425073,"Leukocytes","sender-focused"
"Glg1",0.586062646169493,0.00469370014037738,0.00139713617435735,0.0157207909425073,"SmoothMuscleCells","sender-focused"
"Glg1",0.586062646169493,0.00469370014037738,0.00139713617435735,0.0157207909425073,"EndocardialCells","sender-focused"
"Cklf",0.564221619876118,0.00467105150640399,0.00137448754038395,0.0141582273573047,"Leukocytes","sender-focused"
"Cklf",0.564221619876118,0.00467105150640399,0.00137448754038395,0.0141582273573047,"EndocardialCells","sender-focused"
"Lama2",0.589101014746583,0.00466978996524355,0.00137322599922351,0.0110409365645156,"Fibroblasts","sender-focused"
"Lama2",0.589101014746583,0.00466978996524355,0.00137322599922351,0.0110409365645156,"SmoothMuscleCells","sender-focused"
"Ang",0.566188486491263,0.00463547626511613,0.0013389122990961,0.0108019001967423,"Fibroblasts","sender-focused"
"Ang",0.566188486491263,0.00463547626511613,0.0013389122990961,0.0108019001967423,"Leukocytes","sender-focused"
"Ang",0.566188486491263,0.00463547626511613,0.0013389122990961,0.0108019001967423,"EndocardialCells","sender-focused"
"Sparc",0.613576761617721,0.00458699571572447,0.00129043174970444,-0.00422988543333858,"Fibroblasts","sender-focused"
"Sparc",0.613576761617721,0.00458699571572447,0.00129043174970444,-0.00422988543333858,"EndothelialCells","sender-focused"
"Sparc",0.613576761617721,0.00458699571572447,0.00129043174970444,-0.00422988543333858,"Leukocytes","sender-focused"
"Sparc",0.613576761617721,0.00458699571572447,0.00129043174970444,-0.00422988543333858,"SmoothMuscleCells","sender-focused"
"Sparc",0.613576761617721,0.00458699571572447,0.00129043174970444,-0.00422988543333858,"EndocardialCells","sender-focused"
"Ltbp3",0.553770806219616,0.00458013604291471,0.00128357207689468,0.0125427910066975,"Fibroblasts","sender-focused"
"Ltbp3",0.553770806219616,0.00458013604291471,0.00128357207689468,0.0125427910066975,"SmoothMuscleCells","sender-focused"
"Ltbp3",0.553770806219616,0.00458013604291471,0.00128357207689468,0.0125427910066975,"EndocardialCells","sender-focused"
"Tspan5",0.554920591429937,0.0045757584585462,0.00127919449252616,0.0126305070898603,"Fibroblasts","sender-focused"
"Tspan5",0.554920591429937,0.0045757584585462,0.00127919449252616,0.0126305070898603,"EndothelialCells","sender-focused"
"Tspan5",0.554920591429937,0.0045757584585462,0.00127919449252616,0.0126305070898603,"Leukocytes","sender-focused"
"Tspan5",0.554920591429937,0.0045757584585462,0.00127919449252616,0.0126305070898603,"EndocardialCells","sender-focused"
"Mmrn2",0.594426721986839,0.00456657968457134,0.00127001571855131,0.0174338801928545,"EndothelialCells","sender-focused"
"Mmrn2",0.594426721986839,0.00456657968457134,0.00127001571855131,0.0174338801928545,"SmoothMuscleCells","sender-focused"
"Mmrn2",0.594426721986839,0.00456657968457134,0.00127001571855131,0.0174338801928545,"EndocardialCells","sender-focused"
"Ngf",0.621901695810826,0.00456583123825988,0.00126926727223985,0.00073308617623081,"Fibroblasts","sender-focused"
"Ngf",0.621901695810826,0.00456583123825988,0.00126926727223985,0.00073308617623081,"SmoothMuscleCells","sender-focused"
"Lsamp",0.581018269353095,0.00453140498758517,0.00123484102156513,0.0148516987919387,"Fibroblasts","sender-focused"
"Cx3cl1",0.591968138717894,0.00446974633539934,0.0011731823693793,-0.00317972319057773,"Fibroblasts","sender-focused"
"Cx3cl1",0.591968138717894,0.00446974633539934,0.0011731823693793,-0.00317972319057773,"EndothelialCells","sender-focused"
"Cx3cl1",0.591968138717894,0.00446974633539934,0.0011731823693793,-0.00317972319057773,"SmoothMuscleCells","sender-focused"
"Cx3cl1",0.591968138717894,0.00446974633539934,0.0011731823693793,-0.00317972319057773,"EndocardialCells","sender-focused"
"Lama4",0.570513635963334,0.00444448955164264,0.0011479255856226,0.0128354939223004,"Fibroblasts","sender-focused"
"Lama4",0.570513635963334,0.00444448955164264,0.0011479255856226,0.0128354939223004,"EndothelialCells","sender-focused"
"Lama4",0.570513635963334,0.00444448955164264,0.0011479255856226,0.0128354939223004,"SmoothMuscleCells","sender-focused"
"Lama4",0.570513635963334,0.00444448955164264,0.0011479255856226,0.0128354939223004,"EndocardialCells","sender-focused"
"Znrf3",0.586385564569004,0.00443212725284223,0.0011355632868222,0.0137752152485333,"Fibroblasts","sender-focused"
"Tgm2",0.592051314669313,0.00440848561924458,0.00111192165322455,-0.000932696039042097,"Fibroblasts","sender-focused"
"Tgm2",0.592051314669313,0.00440848561924458,0.00111192165322455,-0.000932696039042097,"EndothelialCells","sender-focused"
"Tgm2",0.592051314669313,0.00440848561924458,0.00111192165322455,-0.000932696039042097,"Leukocytes","sender-focused"
"Tgm2",0.592051314669313,0.00440848561924458,0.00111192165322455,-0.000932696039042097,"SmoothMuscleCells","sender-focused"
"Tgm2",0.592051314669313,0.00440848561924458,0.00111192165322455,-0.000932696039042097,"EndocardialCells","sender-focused"
"Epha4",0.565033808577886,0.00434997132888473,0.0010534073628647,0.00299189596833702,"EndothelialCells","sender-focused"
"Epha4",0.565033808577886,0.00434997132888473,0.0010534073628647,0.00299189596833702,"SmoothMuscleCells","sender-focused"
"Epha4",0.565033808577886,0.00434997132888473,0.0010534073628647,0.00299189596833702,"EndocardialCells","sender-focused"
"Fgf1",0.58334964234341,0.0043122832128954,0.00101571924687536,0.00228217608899791,"SmoothMuscleCells","sender-focused"
"Calr",0.585634534655019,0.00429677583317614,0.00100021186715611,-0.00387684572833127,"Fibroblasts","sender-focused"
"Calr",0.585634534655019,0.00429677583317614,0.00100021186715611,-0.00387684572833127,"EndothelialCells","sender-focused"
"Calr",0.585634534655019,0.00429677583317614,0.00100021186715611,-0.00387684572833127,"Leukocytes","sender-focused"
"Calr",0.585634534655019,0.00429677583317614,0.00100021186715611,-0.00387684572833127,"SmoothMuscleCells","sender-focused"
"Calr",0.585634534655019,0.00429677583317614,0.00100021186715611,-0.00387684572833127,"EndocardialCells","sender-focused"
"Il15",0.569288013856149,0.00424257079955353,0.000946006833533501,0.00956061213716773,"Fibroblasts","sender-focused"
"Il15",0.569288013856149,0.00424257079955353,0.000946006833533501,0.00956061213716773,"EndothelialCells","sender-focused"
"Il15",0.569288013856149,0.00424257079955353,0.000946006833533501,0.00956061213716773,"Leukocytes","sender-focused"
"Il15",0.569288013856149,0.00424257079955353,0.000946006833533501,0.00956061213716773,"EndocardialCells","sender-focused"
"App",0.596865734443647,0.00423612141286452,0.000939557446844488,-0.0068279967891225,"Fibroblasts","sender-focused"
"App",0.596865734443647,0.00423612141286452,0.000939557446844488,-0.0068279967891225,"EndothelialCells","sender-focused"
"App",0.596865734443647,0.00423612141286452,0.000939557446844488,-0.0068279967891225,"Leukocytes","sender-focused"
"App",0.596865734443647,0.00423612141286452,0.000939557446844488,-0.0068279967891225,"SmoothMuscleCells","sender-focused"
"App",0.596865734443647,0.00423612141286452,0.000939557446844488,-0.0068279967891225,"EndocardialCells","sender-focused"
"Prnp",0.614178564089538,0.00423072280667389,0.000934158840653854,-0.00240798334255912,"Fibroblasts","sender-focused"
"Prnp",0.614178564089538,0.00423072280667389,0.000934158840653854,-0.00240798334255912,"EndothelialCells","sender-focused"
"Prnp",0.614178564089538,0.00423072280667389,0.000934158840653854,-0.00240798334255912,"Leukocytes","sender-focused"
"Prnp",0.614178564089538,0.00423072280667389,0.000934158840653854,-0.00240798334255912,"SmoothMuscleCells","sender-focused"
"Prnp",0.614178564089538,0.00423072280667389,0.000934158840653854,-0.00240798334255912,"EndocardialCells","sender-focused"
"Pdgfa",0.587031401368005,0.00418649840147025,0.000889934435450214,-0.0010599835729714,"Fibroblasts","sender-focused"
"Pdgfa",0.587031401368005,0.00418649840147025,0.000889934435450214,-0.0010599835729714,"Leukocytes","sender-focused"
"Pdgfa",0.587031401368005,0.00418649840147025,0.000889934435450214,-0.0010599835729714,"SmoothMuscleCells","sender-focused"
"Bace2",0.551397845253584,0.00415594082412566,0.000859376858105629,0.00863206793778155,"Fibroblasts","sender-focused"
"Bace2",0.551397845253584,0.00415594082412566,0.000859376858105629,0.00863206793778155,"EndothelialCells","sender-focused"
"Bace2",0.551397845253584,0.00415594082412566,0.000859376858105629,0.00863206793778155,"EndocardialCells","sender-focused"
"Mif",0.575200845459071,0.00415079054344136,0.000854226577421327,0.00116543882109244,"Fibroblasts","sender-focused"
"Mif",0.575200845459071,0.00415079054344136,0.000854226577421327,0.00116543882109244,"EndothelialCells","sender-focused"
"Mif",0.575200845459071,0.00415079054344136,0.000854226577421327,0.00116543882109244,"Leukocytes","sender-focused"
"Mif",0.575200845459071,0.00415079054344136,0.000854226577421327,0.00116543882109244,"SmoothMuscleCells","sender-focused"
"Mif",0.575200845459071,0.00415079054344136,0.000854226577421327,0.00116543882109244,"EndocardialCells","sender-focused"
"Adm",0.555206814556754,0.00410215066635924,0.000805586700339207,0.00171917044821624,"Fibroblasts","sender-focused"
"Adm",0.555206814556754,0.00410215066635924,0.000805586700339207,0.00171917044821624,"EndothelialCells","sender-focused"
"Adm",0.555206814556754,0.00410215066635924,0.000805586700339207,0.00171917044821624,"EndocardialCells","sender-focused"
"Angptl2",0.555578659986478,0.00404366054559642,0.00074709657957639,-0.0021561018898876,"Fibroblasts","sender-focused"
"Angptl2",0.555578659986478,0.00404366054559642,0.00074709657957639,-0.0021561018898876,"SmoothMuscleCells","sender-focused"
"Angptl2",0.555578659986478,0.00404366054559642,0.00074709657957639,-0.0021561018898876,"EndocardialCells","sender-focused"
"Pdgfc",0.566330374878874,0.00381740644744888,0.000520842481428844,-0.000692782191994674,"Leukocytes","sender-focused"
"Ret",0.561704324170912,0.00371856663857852,0.000422002672558483,0.00312136040273408,"Fibroblasts","sender-focused"
"Vegfc",0.539983169101592,0.00367205022558433,0.000375486259564301,-0.0121025802574518,"Fibroblasts","sender-focused"
"Vegfc",0.539983169101592,0.00367205022558433,0.000375486259564301,-0.0121025802574518,"EndothelialCells","sender-focused"
"Vegfc",0.539983169101592,0.00367205022558433,0.000375486259564301,-0.0121025802574518,"SmoothMuscleCells","sender-focused"
"Vegfc",0.539983169101592,0.00367205022558433,0.000375486259564301,-0.0121025802574518,"EndocardialCells","sender-focused"
