"test_ligand","auroc","aupr","aupr_corrected","pearson","sender","approach"
"Tgfb1",0.767250736548271,0.0114429335752519,0.00912238902079647,0.0671726646281807,"Fibroblasts","sender-focused"
"Tgfb1",0.767250736548271,0.0114429335752519,0.00912238902079647,0.0671726646281807,"EndothelialCells","sender-focused"
"Tgfb1",0.767250736548271,0.0114429335752519,0.00912238902079647,0.0671726646281807,"Myocytes","sender-focused"
"Tgfb1",0.767250736548271,0.0114429335752519,0.00912238902079647,0.0671726646281807,"SmoothMuscleCells","sender-focused"
"Tgfb1",0.767250736548271,0.0114429335752519,0.00912238902079647,0.0671726646281807,"EndocardialCells","sender-focused"
"Mfap2",0.534181009975704,0.00953092103136313,0.00721037647690769,0.0373049421131711,"Fibroblasts","sender-focused"
"Mfap2",0.534181009975704,0.00953092103136313,0.00721037647690769,0.0373049421131711,"SmoothMuscleCells","sender-focused"
"Mfap2",0.534181009975704,0.00953092103136313,0.00721037647690769,0.0373049421131711,"EndocardialCells","sender-focused"
"Adm",0.511045640150928,0.00715846057041802,0.00483791601596257,0.027085428683849,"Fibroblasts","sender-focused"
"Adm",0.511045640150928,0.00715846057041802,0.00483791601596257,0.027085428683849,"EndothelialCells","sender-focused"
"Adm",0.511045640150928,0.00715846057041802,0.00483791601596257,0.027085428683849,"Myocytes","sender-focused"
"Adm",0.511045640150928,0.00715846057041802,0.00483791601596257,0.027085428683849,"EndocardialCells","sender-focused"
"Dcn",0.475949759652683,0.00615120258439312,0.00383065802993768,0.0169589074300671,"Fibroblasts","sender-focused"
"Dcn",0.475949759652683,0.00615120258439312,0.00383065802993768,0.0169589074300671,"EndothelialCells","sender-focused"
"Dcn",0.475949759652683,0.00615120258439312,0.00383065802993768,0.0169589074300671,"Myocytes","sender-focused"
"Dcn",0.475949759652683,0.00615120258439312,0.00383065802993768,0.0169589074300671,"SmoothMuscleCells","sender-focused"
"Dcn",0.475949759652683,0.00615120258439312,0.00383065802993768,0.0169589074300671,"EndocardialCells","sender-focused"
"Col5a1",0.502196723006141,0.00581065959302963,0.00349011503857418,0.0310144157071458,"Fibroblasts","sender-focused"
"Col5a1",0.502196723006141,0.00581065959302963,0.00349011503857418,0.0310144157071458,"SmoothMuscleCells","sender-focused"
"Nrg1",0.462324908254512,0.0054034626774753,0.00308291812301986,0.0185589875456114,"EndocardialCells","sender-focused"
"Copa",0.497885977154086,0.00528476794898811,0.00296422339453267,0.0343157240175883,"Fibroblasts","sender-focused"
"Copa",0.497885977154086,0.00528476794898811,0.00296422339453267,0.0343157240175883,"EndothelialCells","sender-focused"
"Copa",0.497885977154086,0.00528476794898811,0.00296422339453267,0.0343157240175883,"Myocytes","sender-focused"
"Copa",0.497885977154086,0.00528476794898811,0.00296422339453267,0.0343157240175883,"SmoothMuscleCells","sender-focused"
"Copa",0.497885977154086,0.00528476794898811,0.00296422339453267,0.0343157240175883,"EndocardialCells","sender-focused"
"Vegfa",0.526500232594201,0.00519765434061125,0.0028771097861558,0.0320701870151903,"Fibroblasts","sender-focused"
"Vegfa",0.526500232594201,0.00519765434061125,0.0028771097861558,0.0320701870151903,"Myocytes","sender-focused"
"Jag1",0.515976637204718,0.00442900429018446,0.00210845973572901,0.0348361330496973,"Fibroblasts","sender-focused"
"Jag1",0.515976637204718,0.00442900429018446,0.00210845973572901,0.0348361330496973,"EndothelialCells","sender-focused"
"Jag1",0.515976637204718,0.00442900429018446,0.00210845973572901,0.0348361330496973,"SmoothMuscleCells","sender-focused"
"Jag1",0.515976637204718,0.00442900429018446,0.00210845973572901,0.0348361330496973,"EndocardialCells","sender-focused"
"Tgfb3",0.557316379800511,0.00435240627578878,0.00203186172133333,0.0228320478228757,"Fibroblasts","sender-focused"
"Tgfb3",0.557316379800511,0.00435240627578878,0.00203186172133333,0.0228320478228757,"Myocytes","sender-focused"
"Tgfb3",0.557316379800511,0.00435240627578878,0.00203186172133333,0.0228320478228757,"SmoothMuscleCells","sender-focused"
"Bmp2",0.507076032459806,0.00430233285743756,0.00198178830298211,0.0228706981614268,"SmoothMuscleCells","sender-focused"
"Cd274",0.528547061559925,0.00422257882288073,0.00190203426842529,-0.000481603980637411,"EndothelialCells","sender-focused"
"Fgf7",0.556944229079448,0.00406987579604375,0.0017493312415883,0.0249526153715965,"Fibroblasts","sender-focused"
"Fgf7",0.556944229079448,0.00406987579604375,0.0017493312415883,0.0249526153715965,"Myocytes","sender-focused"
"Angptl2",0.509257249185914,0.00396944257641805,0.00164889802196261,0.0232822659259061,"Fibroblasts","sender-focused"
"Angptl2",0.509257249185914,0.00396944257641805,0.00164889802196261,0.0232822659259061,"Myocytes","sender-focused"
"Angptl2",0.509257249185914,0.00396944257641805,0.00164889802196261,0.0232822659259061,"SmoothMuscleCells","sender-focused"
"Angptl2",0.509257249185914,0.00396944257641805,0.00164889802196261,0.0232822659259061,"EndocardialCells","sender-focused"
"Ccl19",0.510973277510722,0.0039518475584816,0.00163130300402615,0.0216590827420562,"Fibroblasts","sender-focused"
"Ccl19",0.510973277510722,0.0039518475584816,0.00163130300402615,0.0216590827420562,"EndocardialCells","sender-focused"
"Pdgfb",0.52904326252131,0.00365989181965304,0.00133934726519759,0.0203342417671659,"EndothelialCells","sender-focused"
"Pdgfb",0.52904326252131,0.00365989181965304,0.00133934726519759,0.0203342417671659,"SmoothMuscleCells","sender-focused"
"Pdgfb",0.52904326252131,0.00365989181965304,0.00133934726519759,0.0203342417671659,"EndocardialCells","sender-focused"
"Zdhhc5",0.568232800951046,0.00344308246005961,0.00112253790560416,0.0102818976494222,"Fibroblasts","sender-focused"
"Zdhhc5",0.568232800951046,0.00344308246005961,0.00112253790560416,0.0102818976494222,"EndothelialCells","sender-focused"
"Zdhhc5",0.568232800951046,0.00344308246005961,0.00112253790560416,0.0102818976494222,"Myocytes","sender-focused"
"Zdhhc5",0.568232800951046,0.00344308246005961,0.00112253790560416,0.0102818976494222,"SmoothMuscleCells","sender-focused"
"Zdhhc5",0.568232800951046,0.00344308246005961,0.00112253790560416,0.0102818976494222,"EndocardialCells","sender-focused"
"Esam",0.536093451181069,0.0033754296671794,0.00105488511272395,0.00942798574580757,"EndothelialCells","sender-focused"
"Esam",0.536093451181069,0.0033754296671794,0.00105488511272395,0.00942798574580757,"Myocytes","sender-focused"
"Esam",0.536093451181069,0.0033754296671794,0.00105488511272395,0.00942798574580757,"SmoothMuscleCells","sender-focused"
"Esam",0.536093451181069,0.0033754296671794,0.00105488511272395,0.00942798574580757,"EndocardialCells","sender-focused"
"Reck",0.523688427146332,0.00333890301810028,0.00101835846364484,0.0068320092078112,"Fibroblasts","sender-focused"
"Reck",0.523688427146332,0.00333890301810028,0.00101835846364484,0.0068320092078112,"SmoothMuscleCells","sender-focused"
"Reck",0.523688427146332,0.00333890301810028,0.00101835846364484,0.0068320092078112,"EndocardialCells","sender-focused"
"Wnt11",0.538181630226898,0.00326565417183079,0.000945109617375347,0.0170714555848656,"Fibroblasts","sender-focused"
"Ang",0.559476921486537,0.00323860754490534,0.000918062990449899,0.00263945309561727,"Fibroblasts","sender-focused"
"Ang",0.559476921486537,0.00323860754490534,0.000918062990449899,0.00263945309561727,"EndocardialCells","sender-focused"
"Wnt5b",0.530273427404788,0.00321976411264036,0.000899219558184913,0.0158136350642711,"SmoothMuscleCells","sender-focused"
"Cxcl12",0.53737530366464,0.00321753083141272,0.000896986276957274,0.00705032204853835,"Fibroblasts","sender-focused"
"Cxcl12",0.53737530366464,0.00321753083141272,0.000896986276957274,0.00705032204853835,"EndothelialCells","sender-focused"
"Cxcl12",0.53737530366464,0.00321753083141272,0.000896986276957274,0.00705032204853835,"Myocytes","sender-focused"
"Cxcl12",0.53737530366464,0.00321753083141272,0.000896986276957274,0.00705032204853835,"SmoothMuscleCells","sender-focused"
"Cxcl12",0.53737530366464,0.00321753083141272,0.000896986276957274,0.00705032204853835,"EndocardialCells","sender-focused"
"Postn",0.535080374218221,0.00317485550698478,0.000854310952529336,-0.00223153477437475,"Fibroblasts","sender-focused"
"Postn",0.535080374218221,0.00317485550698478,0.000854310952529336,-0.00223153477437475,"SmoothMuscleCells","sender-focused"
"Postn",0.535080374218221,0.00317485550698478,0.000854310952529336,-0.00223153477437475,"EndocardialCells","sender-focused"
"Vegfc",0.53689977774331,0.00317111286800095,0.000850568313545509,0.00173069161049709,"Fibroblasts","sender-focused"
"Vegfc",0.53689977774331,0.00317111286800095,0.000850568313545509,0.00173069161049709,"EndothelialCells","sender-focused"
"Vegfc",0.53689977774331,0.00317111286800095,0.000850568313545509,0.00173069161049709,"SmoothMuscleCells","sender-focused"
"Vegfc",0.53689977774331,0.00317111286800095,0.000850568313545509,0.00173069161049709,"EndocardialCells","sender-focused"
"Il15",0.472104202201905,0.00311133229530062,0.000790787740845179,0.0136180841753586,"Fibroblasts","sender-focused"
"Il15",0.472104202201905,0.00311133229530062,0.000790787740845179,0.0136180841753586,"EndothelialCells","sender-focused"
"Il15",0.472104202201905,0.00311133229530062,0.000790787740845179,0.0136180841753586,"Myocytes","sender-focused"
"Il15",0.472104202201905,0.00311133229530062,0.000790787740845179,0.0136180841753586,"EndocardialCells","sender-focused"
"Wnt9a",0.523161213624867,0.00310812528482231,0.000787580730366865,0.0163692221831703,"Fibroblasts","sender-focused"
"Wnt2",0.489822711531519,0.00306794049776616,0.000747395943310715,0.013227700838882,"EndocardialCells","sender-focused"
"Il34",0.53535948725899,0.00303724989972367,0.000716705345268228,0.00573012554361889,"SmoothMuscleCells","sender-focused"
"Ocln",0.509236574145871,0.00299228011576765,0.000671735561312205,0.00374426212027259,"EndocardialCells","sender-focused"
"Neo1",0.535845350700365,0.00295174994775085,0.000631205393295408,0.00210442633979455,"Fibroblasts","sender-focused"
"Neo1",0.535845350700365,0.00295174994775085,0.000631205393295408,0.00210442633979455,"Myocytes","sender-focused"
"Neo1",0.535845350700365,0.00295174994775085,0.000631205393295408,0.00210442633979455,"SmoothMuscleCells","sender-focused"
"Neo1",0.535845350700365,0.00295174994775085,0.000631205393295408,0.00210442633979455,"EndocardialCells","sender-focused"
"Jam2",0.471225512999442,0.00294819697681117,0.000627652422355721,0.000945271247513574,"Fibroblasts","sender-focused"
"Jam2",0.471225512999442,0.00294819697681117,0.000627652422355721,0.000945271247513574,"EndothelialCells","sender-focused"
"Jam2",0.471225512999442,0.00294819697681117,0.000627652422355721,0.000945271247513574,"Myocytes","sender-focused"
"Jam2",0.471225512999442,0.00294819697681117,0.000627652422355721,0.000945271247513574,"SmoothMuscleCells","sender-focused"
"Jam2",0.471225512999442,0.00294819697681117,0.000627652422355721,0.000945271247513574,"EndocardialCells","sender-focused"
"Tgfb2",0.46859978291208,0.00293925949002089,0.000618714935565441,0.0155353751106323,"Fibroblasts","sender-focused"
"Tgfb2",0.46859978291208,0.00293925949002089,0.000618714935565441,0.0155353751106323,"Myocytes","sender-focused"
"Tgfb2",0.46859978291208,0.00293925949002089,0.000618714935565441,0.0155353751106323,"SmoothMuscleCells","sender-focused"
"Tgfb2",0.46859978291208,0.00293925949002089,0.000618714935565441,0.0155353751106323,"EndocardialCells","sender-focused"
"Nrp1",0.494123119863547,0.00291809368693221,0.000597549132476768,-0.0012115365309373,"Fibroblasts","sender-focused"
"Nrp1",0.494123119863547,0.00291809368693221,0.000597549132476768,-0.0012115365309373,"EndothelialCells","sender-focused"
"Nrp1",0.494123119863547,0.00291809368693221,0.000597549132476768,-0.0012115365309373,"Myocytes","sender-focused"
"Nrp1",0.494123119863547,0.00291809368693221,0.000597549132476768,-0.0012115365309373,"SmoothMuscleCells","sender-focused"
"Nrp1",0.494123119863547,0.00291809368693221,0.000597549132476768,-0.0012115365309373,"EndocardialCells","sender-focused"
"Sema4c",0.573039747764519,0.00291677542608808,0.000596230871632639,0.00750893403715069,"Fibroblasts","sender-focused"
"Sema4c",0.573039747764519,0.00291677542608808,0.000596230871632639,0.00750893403715069,"EndothelialCells","sender-focused"
"Sema4c",0.573039747764519,0.00291677542608808,0.000596230871632639,0.00750893403715069,"SmoothMuscleCells","sender-focused"
"Sema4c",0.573039747764519,0.00291677542608808,0.000596230871632639,0.00750893403715069,"EndocardialCells","sender-focused"
"Lrrn2",0.509164211505682,0.00289686792526195,0.000576323370806508,0.00364149000705251,"Fibroblasts","sender-focused"
"Lrrn2",0.509164211505682,0.00289686792526195,0.000576323370806508,0.00364149000705251,"Myocytes","sender-focused"
"Serpinf1",0.478099963818674,0.00288700584294179,0.000566461288486345,-0.000530876845393251,"Fibroblasts","sender-focused"
"Serpinf1",0.478099963818674,0.00288700584294179,0.000566461288486345,-0.000530876845393251,"Myocytes","sender-focused"
"Wnt5a",0.50222773556624,0.00287008315649615,0.000549538602040702,0.00271169734497912,"Fibroblasts","sender-focused"
"Wnt5a",0.50222773556624,0.00287008315649615,0.000549538602040702,0.00271169734497912,"Myocytes","sender-focused"
"Timp1",0.44954773349874,0.00285378381578987,0.000533239261334421,-0.00186122987609055,"Fibroblasts","sender-focused"
"Timp1",0.44954773349874,0.00285378381578987,0.000533239261334421,-0.00186122987609055,"EndocardialCells","sender-focused"
"Inhba",0.464216674419812,0.0028521663463347,0.000531621791879259,0.00782127219102341,"Fibroblasts","sender-focused"
"Inhba",0.464216674419812,0.0028521663463347,0.000531621791879259,0.00782127219102341,"SmoothMuscleCells","sender-focused"
"Lama4",0.556892541479275,0.00284950719614059,0.000528962641685141,0.00327905631294836,"Fibroblasts","sender-focused"
"Lama4",0.556892541479275,0.00284950719614059,0.000528962641685141,0.00327905631294836,"EndothelialCells","sender-focused"
"Lama4",0.556892541479275,0.00284950719614059,0.000528962641685141,0.00327905631294836,"Myocytes","sender-focused"
"Lama4",0.556892541479275,0.00284950719614059,0.000528962641685141,0.00327905631294836,"SmoothMuscleCells","sender-focused"
"Lama4",0.556892541479275,0.00284950719614059,0.000528962641685141,0.00327905631294836,"EndocardialCells","sender-focused"
"Mpdz",0.537788804465804,0.00282041288594388,0.000499868331488439,0.00222002601833702,"Fibroblasts","sender-focused"
"Mpdz",0.537788804465804,0.00282041288594388,0.000499868331488439,0.00222002601833702,"EndothelialCells","sender-focused"
"Mpdz",0.537788804465804,0.00282041288594388,0.000499868331488439,0.00222002601833702,"Myocytes","sender-focused"
"Mpdz",0.537788804465804,0.00282041288594388,0.000499868331488439,0.00222002601833702,"SmoothMuscleCells","sender-focused"
"Mpdz",0.537788804465804,0.00282041288594388,0.000499868331488439,0.00222002601833702,"EndocardialCells","sender-focused"
"Ncam1",0.479898692303711,0.00274860271550485,0.000428058161049407,-0.000432240258111503,"Fibroblasts","sender-focused"
"Ncam1",0.479898692303711,0.00274860271550485,0.000428058161049407,-0.000432240258111503,"Myocytes","sender-focused"
"Ncam1",0.479898692303711,0.00274860271550485,0.000428058161049407,-0.000432240258111503,"SmoothMuscleCells","sender-focused"
"Ncam1",0.479898692303711,0.00274860271550485,0.000428058161049407,-0.000432240258111503,"EndocardialCells","sender-focused"
"S100a4",0.508378559983461,0.00272078721357297,0.000400242659117527,-0.00240273429696936,"Fibroblasts","sender-focused"
"S100a4",0.508378559983461,0.00272078721357297,0.000400242659117527,-0.00240273429696936,"SmoothMuscleCells","sender-focused"
"Angptl4",0.485739391120075,0.00271378392548636,0.00039323937103091,0.0124576671150132,"Fibroblasts","sender-focused"
"Angptl4",0.485739391120075,0.00271378392548636,0.00039323937103091,0.0124576671150132,"EndothelialCells","sender-focused"
"Angptl4",0.485739391120075,0.00271378392548636,0.00039323937103091,0.0124576671150132,"Myocytes","sender-focused"
"Fgf18",0.530139039644385,0.00270544681864393,0.00038490226418849,-0.00156506162689171,"Fibroblasts","sender-focused"
"Fgf18",0.530139039644385,0.00270544681864393,0.00038490226418849,-0.00156506162689171,"Myocytes","sender-focused"
"Bace2",0.526665632914661,0.00270018912965056,0.00037964457519511,-4.48667968823242e-05,"Fibroblasts","sender-focused"
"Bace2",0.526665632914661,0.00270018912965056,0.00037964457519511,-4.48667968823242e-05,"EndothelialCells","sender-focused"
"Bace2",0.526665632914661,0.00270018912965056,0.00037964457519511,-4.48667968823242e-05,"EndocardialCells","sender-focused"
"Fgf12",0.502672248927486,0.0026852728142013,0.000364728259745856,0.00100639111723163,"Myocytes","sender-focused"
"Eng",0.487930945366217,0.00266856151566078,0.000348016961205335,0.000413291316825927,"Fibroblasts","sender-focused"
"Eng",0.487930945366217,0.00266856151566078,0.000348016961205335,0.000413291316825927,"EndothelialCells","sender-focused"
"Eng",0.487930945366217,0.00266856151566078,0.000348016961205335,0.000413291316825927,"Myocytes","sender-focused"
"Eng",0.487930945366217,0.00266856151566078,0.000348016961205335,0.000413291316825927,"SmoothMuscleCells","sender-focused"
"Eng",0.487930945366217,0.00266856151566078,0.000348016961205335,0.000413291316825927,"EndocardialCells","sender-focused"
"Ezr",0.480436243345227,0.00265722000553665,0.000336675451081206,-0.00171939094094623,"Fibroblasts","sender-focused"
"Ezr",0.480436243345227,0.00265722000553665,0.000336675451081206,-0.00171939094094623,"Myocytes","sender-focused"
"Ezr",0.480436243345227,0.00265722000553665,0.000336675451081206,-0.00171939094094623,"SmoothMuscleCells","sender-focused"
"Ezr",0.480436243345227,0.00265722000553665,0.000336675451081206,-0.00171939094094623,"EndocardialCells","sender-focused"
"Cd82",0.485480953119349,0.00264283427712876,0.000322289722673313,-0.00101821413163774,"Fibroblasts","sender-focused"
"Cd82",0.485480953119349,0.00264283427712876,0.000322289722673313,-0.00101821413163774,"EndothelialCells","sender-focused"
"Cd82",0.485480953119349,0.00264283427712876,0.000322289722673313,-0.00101821413163774,"Myocytes","sender-focused"
"Cd82",0.485480953119349,0.00264283427712876,0.000322289722673313,-0.00101821413163774,"SmoothMuscleCells","sender-focused"
"Cd82",0.485480953119349,0.00264283427712876,0.000322289722673313,-0.00101821413163774,"EndocardialCells","sender-focused"
"Dusp18",0.476590685894452,0.002641842015139,0.000321297460683557,-0.00290927930163953,"Myocytes","sender-focused"
"Rtn4",0.494216157543812,0.00263747481712026,0.000316930262664817,-0.00396869374359798,"Fibroblasts","sender-focused"
"Rtn4",0.494216157543812,0.00263747481712026,0.000316930262664817,-0.00396869374359798,"EndothelialCells","sender-focused"
"Rtn4",0.494216157543812,0.00263747481712026,0.000316930262664817,-0.00396869374359798,"Myocytes","sender-focused"
"Rtn4",0.494216157543812,0.00263747481712026,0.000316930262664817,-0.00396869374359798,"SmoothMuscleCells","sender-focused"
"Rtn4",0.494216157543812,0.00263747481712026,0.000316930262664817,-0.00396869374359798,"EndocardialCells","sender-focused"
"Adam15",0.456835685119133,0.00263618357942438,0.000315639024968936,-0.00445074392477117,"Fibroblasts","sender-focused"
"Adam15",0.456835685119133,0.00263618357942438,0.000315639024968936,-0.00445074392477117,"EndothelialCells","sender-focused"
"Adam15",0.456835685119133,0.00263618357942438,0.000315639024968936,-0.00445074392477117,"Myocytes","sender-focused"
"Adam15",0.456835685119133,0.00263618357942438,0.000315639024968936,-0.00445074392477117,"SmoothMuscleCells","sender-focused"
"Adam15",0.456835685119133,0.00263618357942438,0.000315639024968936,-0.00445074392477117,"EndocardialCells","sender-focused"
"Mif",0.457517961441057,0.00262057240397788,0.000300027849522437,0.00367584185493401,"Fibroblasts","sender-focused"
"Mif",0.457517961441057,0.00262057240397788,0.000300027849522437,0.00367584185493401,"EndothelialCells","sender-focused"
"Mif",0.457517961441057,0.00262057240397788,0.000300027849522437,0.00367584185493401,"Myocytes","sender-focused"
"Mif",0.457517961441057,0.00262057240397788,0.000300027849522437,0.00367584185493401,"SmoothMuscleCells","sender-focused"
"Mif",0.457517961441057,0.00262057240397788,0.000300027849522437,0.00367584185493401,"EndocardialCells","sender-focused"
"C1qb",0.50048069468134,0.00261808600011781,0.00029754144566236,-0.00212069389446717,"Fibroblasts","sender-focused"
"C1qb",0.50048069468134,0.00261808600011781,0.00029754144566236,-0.00212069389446717,"EndothelialCells","sender-focused"
"C1qb",0.50048069468134,0.00261808600011781,0.00029754144566236,-0.00212069389446717,"Myocytes","sender-focused"
"C1qb",0.50048069468134,0.00261808600011781,0.00029754144566236,-0.00212069389446717,"SmoothMuscleCells","sender-focused"
"C1qb",0.50048069468134,0.00261808600011781,0.00029754144566236,-0.00212069389446717,"EndocardialCells","sender-focused"
"Tnfsf12",0.535245774538683,0.00260730458469896,0.000286760030243513,0.00392007894214269,"Fibroblasts","sender-focused"
"Tnfsf12",0.535245774538683,0.00260730458469896,0.000286760030243513,0.00392007894214269,"EndothelialCells","sender-focused"
"Tnfsf12",0.535245774538683,0.00260730458469896,0.000286760030243513,0.00392007894214269,"Myocytes","sender-focused"
"Tnfsf12",0.535245774538683,0.00260730458469896,0.000286760030243513,0.00392007894214269,"SmoothMuscleCells","sender-focused"
"Tnfsf12",0.535245774538683,0.00260730458469896,0.000286760030243513,0.00392007894214269,"EndocardialCells","sender-focused"
"Col18a1",0.455460794955297,0.00260501512533168,0.000284470570876238,-0.00264490721491463,"Fibroblasts","sender-focused"
"Col18a1",0.455460794955297,0.00260501512533168,0.000284470570876238,-0.00264490721491463,"SmoothMuscleCells","sender-focused"
"Col18a1",0.455460794955297,0.00260501512533168,0.000284470570876238,-0.00264490721491463,"EndocardialCells","sender-focused"
"Rspo1",0.498258127875108,0.00260392535188754,0.000283380797432092,-0.00136974286879968,"Fibroblasts","sender-focused"
"Igfbp4",0.374890163849686,0.00259592079161036,0.000275376237154911,-0.0146401804913165,"Fibroblasts","sender-focused"
"Igfbp4",0.374890163849686,0.00259592079161036,0.000275376237154911,-0.0146401804913165,"EndothelialCells","sender-focused"
"Igfbp4",0.374890163849686,0.00259592079161036,0.000275376237154911,-0.0146401804913165,"Myocytes","sender-focused"
"Igfbp4",0.374890163849686,0.00259592079161036,0.000275376237154911,-0.0146401804913165,"SmoothMuscleCells","sender-focused"
"Igfbp4",0.374890163849686,0.00259592079161036,0.000275376237154911,-0.0146401804913165,"EndocardialCells","sender-focused"
"Psap",0.454416705432372,0.00257833076509238,0.000257786210636938,-0.001724244265003,"Fibroblasts","sender-focused"
"Psap",0.454416705432372,0.00257833076509238,0.000257786210636938,-0.001724244265003,"EndothelialCells","sender-focused"
"Psap",0.454416705432372,0.00257833076509238,0.000257786210636938,-0.001724244265003,"Myocytes","sender-focused"
"Psap",0.454416705432372,0.00257833076509238,0.000257786210636938,-0.001724244265003,"SmoothMuscleCells","sender-focused"
"Psap",0.454416705432372,0.00257833076509238,0.000257786210636938,-0.001724244265003,"EndocardialCells","sender-focused"
"Efnb2",0.502961699488292,0.00256856486840817,0.000248020313952727,-0.00270614442320512,"EndothelialCells","sender-focused"
"Efnb2",0.502961699488292,0.00256856486840817,0.000248020313952727,-0.00270614442320512,"SmoothMuscleCells","sender-focused"
"Efnb2",0.502961699488292,0.00256856486840817,0.000248020313952727,-0.00270614442320512,"EndocardialCells","sender-focused"
"Bmp10",0.485470615599322,0.00255666321500179,0.000236118660546344,-0.00214400248733122,"Myocytes","sender-focused"
"Comp",0.506393756137889,0.00254851938706225,0.000227974832606808,0.000321422744740494,"EndocardialCells","sender-focused"
"Nrxn1",0.49442290794438,0.00254444001015958,0.00022389545570413,-0.0026409359872049,"SmoothMuscleCells","sender-focused"
"Hspg2",0.477882875898071,0.00251632977667595,0.000195785222220503,-0.00464345789251635,"Fibroblasts","sender-focused"
"Hspg2",0.477882875898071,0.00251632977667595,0.000195785222220503,-0.00464345789251635,"EndothelialCells","sender-focused"
"Hspg2",0.477882875898071,0.00251632977667595,0.000195785222220503,-0.00464345789251635,"Myocytes","sender-focused"
"Hspg2",0.477882875898071,0.00251632977667595,0.000195785222220503,-0.00464345789251635,"SmoothMuscleCells","sender-focused"
"Hspg2",0.477882875898071,0.00251632977667595,0.000195785222220503,-0.00464345789251635,"EndocardialCells","sender-focused"
"Fgf16",0.499788080839395,0.0025133641898535,0.000192819635398053,-0.00207490545758917,"Myocytes","sender-focused"
"Nrxn2",0.511738253992856,0.0025125985553064,0.00019205400085095,-0.000464211734908194,"Fibroblasts","sender-focused"
"Nrxn2",0.511738253992856,0.0025125985553064,0.00019205400085095,-0.000464211734908194,"Myocytes","sender-focused"
"Nrxn2",0.511738253992856,0.0025125985553064,0.00019205400085095,-0.000464211734908194,"EndocardialCells","sender-focused"
"Fgf1",0.517320514808495,0.00251226124346522,0.00019171668900977,-0.00817154179443406,"Myocytes","sender-focused"
"Fgf1",0.517320514808495,0.00251226124346522,0.00019171668900977,-0.00817154179443406,"SmoothMuscleCells","sender-focused"
"Lgals3bp",0.485139814958402,0.00250568209494603,0.000185137540490584,-0.0052254730688238,"Fibroblasts","sender-focused"
"Lgals3bp",0.485139814958402,0.00250568209494603,0.000185137540490584,-0.0052254730688238,"EndothelialCells","sender-focused"
"Lgals3bp",0.485139814958402,0.00250568209494603,0.000185137540490584,-0.0052254730688238,"Myocytes","sender-focused"
"Lgals3bp",0.485139814958402,0.00250568209494603,0.000185137540490584,-0.0052254730688238,"SmoothMuscleCells","sender-focused"
"Lgals3bp",0.485139814958402,0.00250568209494603,0.000185137540490584,-0.0052254730688238,"EndocardialCells","sender-focused"
"Pros1",0.471535638600312,0.00249524186691585,0.0001746973124604,-0.00518156832794949,"Fibroblasts","sender-focused"
"Pros1",0.471535638600312,0.00249524186691585,0.0001746973124604,-0.00518156832794949,"EndothelialCells","sender-focused"
"Pros1",0.471535638600312,0.00249524186691585,0.0001746973124604,-0.00518156832794949,"Myocytes","sender-focused"
"Pros1",0.471535638600312,0.00249524186691585,0.0001746973124604,-0.00518156832794949,"SmoothMuscleCells","sender-focused"
"Pros1",0.471535638600312,0.00249524186691585,0.0001746973124604,-0.00518156832794949,"EndocardialCells","sender-focused"
"Enpp1",0.48408538791544,0.00248627754806907,0.000165732993613626,-0.0048195453323302,"Fibroblasts","sender-focused"
"Bgn",0.503302837649245,0.00248618875878336,0.00016564420432791,-0.000181419193186097,"Fibroblasts","sender-focused"
"Bgn",0.503302837649245,0.00248618875878336,0.00016564420432791,-0.000181419193186097,"EndothelialCells","sender-focused"
"Bgn",0.503302837649245,0.00248618875878336,0.00016564420432791,-0.000181419193186097,"Myocytes","sender-focused"
"Bgn",0.503302837649245,0.00248618875878336,0.00016564420432791,-0.000181419193186097,"SmoothMuscleCells","sender-focused"
"Bgn",0.503302837649245,0.00248618875878336,0.00016564420432791,-0.000181419193186097,"EndocardialCells","sender-focused"
"Gas6",0.528629761720158,0.00248378737845781,0.000163242824002367,0.00341232941090803,"Fibroblasts","sender-focused"
"Gas6",0.528629761720158,0.00248378737845781,0.000163242824002367,0.00341232941090803,"EndothelialCells","sender-focused"
"Gas6",0.528629761720158,0.00248378737845781,0.000163242824002367,0.00341232941090803,"Myocytes","sender-focused"
"Gas6",0.528629761720158,0.00248378737845781,0.000163242824002367,0.00341232941090803,"SmoothMuscleCells","sender-focused"
"Gas6",0.528629761720158,0.00248378737845781,0.000163242824002367,0.00341232941090803,"EndocardialCells","sender-focused"
"Tspan3",0.497751589393719,0.00247656908627174,0.000156024531816293,-0.00107300473254714,"Fibroblasts","sender-focused"
"Tspan3",0.497751589393719,0.00247656908627174,0.000156024531816293,-0.00107300473254714,"EndothelialCells","sender-focused"
"Tspan3",0.497751589393719,0.00247656908627174,0.000156024531816293,-0.00107300473254714,"Myocytes","sender-focused"
"Tspan3",0.497751589393719,0.00247656908627174,0.000156024531816293,-0.00107300473254714,"SmoothMuscleCells","sender-focused"
"Tspan3",0.497751589393719,0.00247656908627174,0.000156024531816293,-0.00107300473254714,"EndocardialCells","sender-focused"
"Ace2",0.46828965731121,0.00247553222997146,0.000154987675516011,-0.00405608613523768,"SmoothMuscleCells","sender-focused"
"Cdh5",0.492686204579519,0.00247445739067296,0.000153912836217514,-0.00148031667835122,"EndothelialCells","sender-focused"
"Cdh5",0.492686204579519,0.00247445739067296,0.000153912836217514,-0.00148031667835122,"Myocytes","sender-focused"
"Cdh5",0.492686204579519,0.00247445739067296,0.000153912836217514,-0.00148031667835122,"SmoothMuscleCells","sender-focused"
"Cdh5",0.492686204579519,0.00247445739067296,0.000153912836217514,-0.00148031667835122,"EndocardialCells","sender-focused"
"Sema3d",0.465498526903393,0.00247331136163866,0.00015276680718321,-0.00667250842685108,"Fibroblasts","sender-focused"
"Plxna1",0.497916989714155,0.00246997267050031,0.000149428116044866,-0.00220159641930965,"Fibroblasts","sender-focused"
"Plxna1",0.497916989714155,0.00246997267050031,0.000149428116044866,-0.00220159641930965,"Myocytes","sender-focused"
"Plxna1",0.497916989714155,0.00246997267050031,0.000149428116044866,-0.00220159641930965,"SmoothMuscleCells","sender-focused"
"Dll4",0.511283403111577,0.00246509806557294,0.000144553511117496,-0.00258811900160722,"EndothelialCells","sender-focused"
"Dll4",0.511283403111577,0.00246509806557294,0.000144553511117496,-0.00258811900160722,"SmoothMuscleCells","sender-focused"
"Dll4",0.511283403111577,0.00246509806557294,0.000144553511117496,-0.00258811900160722,"EndocardialCells","sender-focused"
"Gpc3",0.468424045071589,0.00246372213882707,0.000143177584371626,-0.00550628505365011,"Fibroblasts","sender-focused"
"Gpc3",0.468424045071589,0.00246372213882707,0.000143177584371626,-0.00550628505365011,"SmoothMuscleCells","sender-focused"
"Col5a3",0.476580348374417,0.0024631870846623,0.000142642530206853,-0.00240222500023878,"Fibroblasts","sender-focused"
"Col5a3",0.476580348374417,0.0024631870846623,0.000142642530206853,-0.00240222500023878,"SmoothMuscleCells","sender-focused"
"Lamb2",0.509918850467768,0.00245812792423146,0.000137583369776011,-0.00187741787661521,"Fibroblasts","sender-focused"
"Lamb2",0.509918850467768,0.00245812792423146,0.000137583369776011,-0.00187741787661521,"EndothelialCells","sender-focused"
"Lamb2",0.509918850467768,0.00245812792423146,0.000137583369776011,-0.00187741787661521,"Myocytes","sender-focused"
"Lamb2",0.509918850467768,0.00245812792423146,0.000137583369776011,-0.00187741787661521,"SmoothMuscleCells","sender-focused"
"Lamb2",0.509918850467768,0.00245812792423146,0.000137583369776011,-0.00187741787661521,"EndocardialCells","sender-focused"
"Efnb1",0.478244689099069,0.00245669257900568,0.000136148024550232,-0.00451804733532614,"Fibroblasts","sender-focused"
"Efnb1",0.478244689099069,0.00245669257900568,0.000136148024550232,-0.00451804733532614,"EndothelialCells","sender-focused"
"Efnb1",0.478244689099069,0.00245669257900568,0.000136148024550232,-0.00451804733532614,"Myocytes","sender-focused"
"Efnb1",0.478244689099069,0.00245669257900568,0.000136148024550232,-0.00451804733532614,"SmoothMuscleCells","sender-focused"
"Efnb1",0.478244689099069,0.00245669257900568,0.000136148024550232,-0.00451804733532614,"EndocardialCells","sender-focused"
"Igf2",0.466366878585819,0.00245188563080613,0.000131341076350689,0.00608062521136649,"SmoothMuscleCells","sender-focused"
"Igf2",0.466366878585819,0.00245188563080613,0.000131341076350689,0.00608062521136649,"EndocardialCells","sender-focused"
"Col6a6",0.50847159766371,0.00245003487609025,0.000129490321634806,-0.00272935090992121,"Fibroblasts","sender-focused"
"Sema4d",0.445960614048688,0.00244019277464261,0.000119648220187168,-0.0031214554452568,"Myocytes","sender-focused"
"Sema4d",0.445960614048688,0.00244019277464261,0.000119648220187168,-0.0031214554452568,"EndocardialCells","sender-focused"
"Cd38",0.528391998759487,0.00243935066837784,0.000118806113922392,-0.00142287096280706,"EndothelialCells","sender-focused"
"Cd38",0.528391998759487,0.00243935066837784,0.000118806113922392,-0.00142287096280706,"SmoothMuscleCells","sender-focused"
"Cd38",0.528391998759487,0.00243935066837784,0.000118806113922392,-0.00142287096280706,"EndocardialCells","sender-focused"
"Angptl1",0.466408228665943,0.00243874084917162,0.000118196294716178,-0.00292565514622195,"Fibroblasts","sender-focused"
"Angptl1",0.466408228665943,0.00243874084917162,0.000118196294716178,-0.00292565514622195,"EndocardialCells","sender-focused"
"Anxa1",0.486938543443428,0.00243011995001069,0.00010957539555524,-0.00494405522999982,"Fibroblasts","sender-focused"
"Anxa1",0.486938543443428,0.00243011995001069,0.00010957539555524,-0.00494405522999982,"EndothelialCells","sender-focused"
"Anxa1",0.486938543443428,0.00243011995001069,0.00010957539555524,-0.00494405522999982,"SmoothMuscleCells","sender-focused"
"Anxa1",0.486938543443428,0.00243011995001069,0.00010957539555524,-0.00494405522999982,"EndocardialCells","sender-focused"
"Ltbp3",0.393280611981192,0.00242254647988946,0.000102001925434014,-0.0142275249670659,"Fibroblasts","sender-focused"
"Ltbp3",0.393280611981192,0.00242254647988946,0.000102001925434014,-0.0142275249670659,"Myocytes","sender-focused"
"Ltbp3",0.393280611981192,0.00242254647988946,0.000102001925434014,-0.0142275249670659,"SmoothMuscleCells","sender-focused"
"Ltbp3",0.393280611981192,0.00242254647988946,0.000102001925434014,-0.0142275249670659,"EndocardialCells","sender-focused"
"Cd55",0.48325838631313,0.0024165381616782,9.59936072227555e-05,-0.00473558722307257,"Fibroblasts","sender-focused"
"Cd55",0.48325838631313,0.0024165381616782,9.59936072227555e-05,-0.00473558722307257,"EndocardialCells","sender-focused"
"H2-D1",0.475422546131183,0.00241533490086086,9.47903464054134e-05,-0.00496370544073038,"Fibroblasts","sender-focused"
"H2-D1",0.475422546131183,0.00241533490086086,9.47903464054134e-05,-0.00496370544073038,"EndothelialCells","sender-focused"
"H2-D1",0.475422546131183,0.00241533490086086,9.47903464054134e-05,-0.00496370544073038,"Myocytes","sender-focused"
"H2-D1",0.475422546131183,0.00241533490086086,9.47903464054134e-05,-0.00496370544073038,"SmoothMuscleCells","sender-focused"
"H2-D1",0.475422546131183,0.00241533490086086,9.47903464054134e-05,-0.00496370544073038,"EndocardialCells","sender-focused"
"H2-K1",0.476456298134078,0.00241526219246401,9.47176380085616e-05,-0.00482046743911737,"Fibroblasts","sender-focused"
"H2-K1",0.476456298134078,0.00241526219246401,9.47176380085616e-05,-0.00482046743911737,"EndothelialCells","sender-focused"
"H2-K1",0.476456298134078,0.00241526219246401,9.47176380085616e-05,-0.00482046743911737,"Myocytes","sender-focused"
"H2-K1",0.476456298134078,0.00241526219246401,9.47176380085616e-05,-0.00482046743911737,"SmoothMuscleCells","sender-focused"
"H2-K1",0.476456298134078,0.00241526219246401,9.47176380085616e-05,-0.00482046743911737,"EndocardialCells","sender-focused"
"H2-Q4",0.47535018349098,0.00241465985298617,9.41152985307258e-05,-0.0049641292582776,"Fibroblasts","sender-focused"
"H2-Q4",0.47535018349098,0.00241465985298617,9.41152985307258e-05,-0.0049641292582776,"EndothelialCells","sender-focused"
"H2-Q4",0.47535018349098,0.00241465985298617,9.41152985307258e-05,-0.0049641292582776,"SmoothMuscleCells","sender-focused"
"H2-Q4",0.47535018349098,0.00241465985298617,9.41152985307258e-05,-0.0049641292582776,"EndocardialCells","sender-focused"
"H2-Q6",0.47535018349098,0.00241465985298617,9.41152985307258e-05,-0.0049641292582776,"EndocardialCells","sender-focused"
"Fbln1",0.409758618907311,0.00241269546622981,9.21509117743635e-05,-0.00973163727674817,"Fibroblasts","sender-focused"
"Fbln1",0.409758618907311,0.00241269546622981,9.21509117743635e-05,-0.00973163727674817,"Myocytes","sender-focused"
"Fbln1",0.409758618907311,0.00241269546622981,9.21509117743635e-05,-0.00973163727674817,"EndocardialCells","sender-focused"
"Adam10",0.478120638858731,0.00239797866418005,7.74341097246048e-05,-0.00316610240668064,"Fibroblasts","sender-focused"
"Adam10",0.478120638858731,0.00239797866418005,7.74341097246048e-05,-0.00316610240668064,"EndothelialCells","sender-focused"
"Adam10",0.478120638858731,0.00239797866418005,7.74341097246048e-05,-0.00316610240668064,"Myocytes","sender-focused"
"Adam10",0.478120638858731,0.00239797866418005,7.74341097246048e-05,-0.00316610240668064,"SmoothMuscleCells","sender-focused"
"Adam10",0.478120638858731,0.00239797866418005,7.74341097246048e-05,-0.00316610240668064,"EndocardialCells","sender-focused"
"Ahsg",0.483155011112833,0.00239694291378174,7.63983593262906e-05,-0.00404868465954667,"Fibroblasts","sender-focused"
"Ahsg",0.483155011112833,0.00239694291378174,7.63983593262906e-05,-0.00404868465954667,"Myocytes","sender-focused"
"Ahsg",0.483155011112833,0.00239694291378174,7.63983593262906e-05,-0.00404868465954667,"EndocardialCells","sender-focused"
"Sost",0.457869437122039,0.00239372931361632,7.31847591608739e-05,-0.00523705298545877,"EndocardialCells","sender-focused"
"Serping1",0.487227994004226,0.00239047032288509,6.99257684296439e-05,-0.00430121756868697,"Fibroblasts","sender-focused"
"Serping1",0.487227994004226,0.00239047032288509,6.99257684296439e-05,-0.00430121756868697,"EndothelialCells","sender-focused"
"Serping1",0.487227994004226,0.00239047032288509,6.99257684296439e-05,-0.00430121756868697,"Myocytes","sender-focused"
"Serping1",0.487227994004226,0.00239047032288509,6.99257684296439e-05,-0.00430121756868697,"SmoothMuscleCells","sender-focused"
"Serping1",0.487227994004226,0.00239047032288509,6.99257684296439e-05,-0.00430121756868697,"EndocardialCells","sender-focused"
"Adam9",0.461818369773098,0.00238428109335104,6.37365388955992e-05,-0.00603233807583104,"Fibroblasts","sender-focused"
"Adam9",0.461818369773098,0.00238428109335104,6.37365388955992e-05,-0.00603233807583104,"EndothelialCells","sender-focused"
"Adam9",0.461818369773098,0.00238428109335104,6.37365388955992e-05,-0.00603233807583104,"Myocytes","sender-focused"
"Adam9",0.461818369773098,0.00238428109335104,6.37365388955992e-05,-0.00603233807583104,"SmoothMuscleCells","sender-focused"
"Adam9",0.461818369773098,0.00238428109335104,6.37365388955992e-05,-0.00603233807583104,"EndocardialCells","sender-focused"
"AU040320",0.479516204062648,0.00238350463573438,6.29600812789332e-05,-0.00433909140951757,"Myocytes","sender-focused"
"AU040320",0.479516204062648,0.00238350463573438,6.29600812789332e-05,-0.00433909140951757,"EndocardialCells","sender-focused"
"Lgals1",0.487806895125852,0.00238015793960491,5.96133851494649e-05,-0.00538123439426137,"Fibroblasts","sender-focused"
"Lgals1",0.487806895125852,0.00238015793960491,5.96133851494649e-05,-0.00538123439426137,"EndothelialCells","sender-focused"
"Lgals1",0.487806895125852,0.00238015793960491,5.96133851494649e-05,-0.00538123439426137,"Myocytes","sender-focused"
"Lgals1",0.487806895125852,0.00238015793960491,5.96133851494649e-05,-0.00538123439426137,"SmoothMuscleCells","sender-focused"
"Lgals1",0.487806895125852,0.00238015793960491,5.96133851494649e-05,-0.00538123439426137,"EndocardialCells","sender-focused"
"Slc6a8",0.466976792267534,0.00237337937848649,5.28348240310408e-05,-0.00505931727910547,"Fibroblasts","sender-focused"
"Slc6a8",0.466976792267534,0.00237337937848649,5.28348240310408e-05,-0.00505931727910547,"Myocytes","sender-focused"
"Slc6a8",0.466976792267534,0.00237337937848649,5.28348240310408e-05,-0.00505931727910547,"SmoothMuscleCells","sender-focused"
"Slc6a8",0.466976792267534,0.00237337937848649,5.28348240310408e-05,-0.00505931727910547,"EndocardialCells","sender-focused"
"Cd47",0.426350338553789,0.00237064867484652,5.0104120391073e-05,-0.00483887296858421,"Fibroblasts","sender-focused"
"Cd47",0.426350338553789,0.00237064867484652,5.0104120391073e-05,-0.00483887296858421,"EndothelialCells","sender-focused"
"Cd47",0.426350338553789,0.00237064867484652,5.0104120391073e-05,-0.00483887296858421,"Myocytes","sender-focused"
"Cd47",0.426350338553789,0.00237064867484652,5.0104120391073e-05,-0.00483887296858421,"SmoothMuscleCells","sender-focused"
"Cd47",0.426350338553789,0.00237064867484652,5.0104120391073e-05,-0.00483887296858421,"EndocardialCells","sender-focused"
"Edn1",0.476570010854398,0.00237002595718677,4.94814027313223e-05,-0.00436755362961601,"EndothelialCells","sender-focused"
"Edn1",0.476570010854398,0.00237002595718677,4.94814027313223e-05,-0.00436755362961601,"EndocardialCells","sender-focused"
"Vwf",0.45987491600765,0.00236949999931866,4.8955444863216e-05,-0.0053239789194231,"EndothelialCells","sender-focused"
"Vwf",0.45987491600765,0.00236949999931866,4.8955444863216e-05,-0.0053239789194231,"SmoothMuscleCells","sender-focused"
"Vwf",0.45987491600765,0.00236949999931866,4.8955444863216e-05,-0.0053239789194231,"EndocardialCells","sender-focused"
"Lyz2",0.490990851294773,0.00236582214761526,4.52775931598167e-05,-0.00679585023568057,"Fibroblasts","sender-focused"
"Lyz2",0.490990851294773,0.00236582214761526,4.52775931598167e-05,-0.00679585023568057,"EndothelialCells","sender-focused"
"Lyz2",0.490990851294773,0.00236582214761526,4.52775931598167e-05,-0.00679585023568057,"Myocytes","sender-focused"
"Lyz2",0.490990851294773,0.00236582214761526,4.52775931598167e-05,-0.00679585023568057,"SmoothMuscleCells","sender-focused"
"Lyz2",0.490990851294773,0.00236582214761526,4.52775931598167e-05,-0.00679585023568057,"EndocardialCells","sender-focused"
"Pdgfa",0.497462138832895,0.00236420302522519,4.36584707697485e-05,-0.00517344625570999,"Fibroblasts","sender-focused"
"Pdgfa",0.497462138832895,0.00236420302522519,4.36584707697485e-05,-0.00517344625570999,"Myocytes","sender-focused"
"Pdgfa",0.497462138832895,0.00236420302522519,4.36584707697485e-05,-0.00517344625570999,"SmoothMuscleCells","sender-focused"
"Fndc5",0.484550576316742,0.00235489326195235,3.43487074969087e-05,-0.00476493175309618,"Myocytes","sender-focused"
"Sirpa",0.482472734790917,0.00235168508445122,3.11405299957775e-05,-0.00455030397297532,"Fibroblasts","sender-focused"
"Sirpa",0.482472734790917,0.00235168508445122,3.11405299957775e-05,-0.00455030397297532,"Myocytes","sender-focused"
"Sirpa",0.482472734790917,0.00235168508445122,3.11405299957775e-05,-0.00455030397297532,"EndocardialCells","sender-focused"
"Psen1",0.483661549594254,0.00234711006409129,2.65655096358414e-05,-0.00423156427410782,"Fibroblasts","sender-focused"
"Psen1",0.483661549594254,0.00234711006409129,2.65655096358414e-05,-0.00423156427410782,"EndothelialCells","sender-focused"
"Psen1",0.483661549594254,0.00234711006409129,2.65655096358414e-05,-0.00423156427410782,"Myocytes","sender-focused"
"Psen1",0.483661549594254,0.00234711006409129,2.65655096358414e-05,-0.00423156427410782,"SmoothMuscleCells","sender-focused"
"Psen1",0.483661549594254,0.00234711006409129,2.65655096358414e-05,-0.00423156427410782,"EndocardialCells","sender-focused"
"Fbn1",0.489274822969969,0.00234518444111668,2.46398866612374e-05,-0.00529070136054982,"Fibroblasts","sender-focused"
"Fbn1",0.489274822969969,0.00234518444111668,2.46398866612374e-05,-0.00529070136054982,"EndothelialCells","sender-focused"
"Fbn1",0.489274822969969,0.00234518444111668,2.46398866612374e-05,-0.00529070136054982,"SmoothMuscleCells","sender-focused"
"Fbn1",0.489274822969969,0.00234518444111668,2.46398866612374e-05,-0.00529070136054982,"EndocardialCells","sender-focused"
"Col4a1",0.480777381506169,0.00234469560790424,2.4151053448791e-05,-0.0040655948170449,"Fibroblasts","sender-focused"
"Col4a1",0.480777381506169,0.00234469560790424,2.4151053448791e-05,-0.0040655948170449,"EndothelialCells","sender-focused"
"Col4a1",0.480777381506169,0.00234469560790424,2.4151053448791e-05,-0.0040655948170449,"Myocytes","sender-focused"
"Col4a1",0.480777381506169,0.00234469560790424,2.4151053448791e-05,-0.0040655948170449,"SmoothMuscleCells","sender-focused"
"Col4a1",0.480777381506169,0.00234469560790424,2.4151053448791e-05,-0.0040655948170449,"EndocardialCells","sender-focused"
"Ccl7",0.463679123378307,0.00234325009701975,2.27055425643025e-05,-0.00454213908746406,"Fibroblasts","sender-focused"
"Col6a3",0.490629038093755,0.00234312536998447,2.25808155290218e-05,-0.00211107917815111,"Fibroblasts","sender-focused"
"Col6a3",0.490629038093755,0.00234312536998447,2.25808155290218e-05,-0.00211107917815111,"SmoothMuscleCells","sender-focused"
"Col6a3",0.490629038093755,0.00234312536998447,2.25808155290218e-05,-0.00211107917815111,"EndocardialCells","sender-focused"
"Sema3c",0.481997208869597,0.00234229938964074,2.17548351852965e-05,-0.00635230026334528,"Fibroblasts","sender-focused"
"Sema3c",0.481997208869597,0.00234229938964074,2.17548351852965e-05,-0.00635230026334528,"Myocytes","sender-focused"
"S100a8",0.486824830723106,0.002338281931887,1.77373774315577e-05,-0.00494187974286369,"Fibroblasts","sender-focused"
"S100a8",0.486824830723106,0.002338281931887,1.77373774315577e-05,-0.00494187974286369,"EndothelialCells","sender-focused"
"S100a8",0.486824830723106,0.002338281931887,1.77373774315577e-05,-0.00494187974286369,"SmoothMuscleCells","sender-focused"
"Calm2",0.450488447821358,0.00233537567335499,1.48311188995485e-05,-0.00432517893646803,"Fibroblasts","sender-focused"
"Calm2",0.450488447821358,0.00233537567335499,1.48311188995485e-05,-0.00432517893646803,"EndothelialCells","sender-focused"
"Calm2",0.450488447821358,0.00233537567335499,1.48311188995485e-05,-0.00432517893646803,"Myocytes","sender-focused"
"Calm2",0.450488447821358,0.00233537567335499,1.48311188995485e-05,-0.00432517893646803,"SmoothMuscleCells","sender-focused"
"Calm2",0.450488447821358,0.00233537567335499,1.48311188995485e-05,-0.00432517893646803,"EndocardialCells","sender-focused"
"Pgf",0.475774021812193,0.00233399048122319,1.34459267677424e-05,-0.00403250063849011,"Fibroblasts","sender-focused"
"Pgf",0.475774021812193,0.00233399048122319,1.34459267677424e-05,-0.00403250063849011,"SmoothMuscleCells","sender-focused"
"Col4a2",0.479629916782956,0.00233347561160648,1.29310571510394e-05,-0.00517598765873469,"Fibroblasts","sender-focused"
"Col4a2",0.479629916782956,0.00233347561160648,1.29310571510394e-05,-0.00517598765873469,"EndothelialCells","sender-focused"
"Col4a2",0.479629916782956,0.00233347561160648,1.29310571510394e-05,-0.00517598765873469,"Myocytes","sender-focused"
"Col4a2",0.479629916782956,0.00233347561160648,1.29310571510394e-05,-0.00517598765873469,"SmoothMuscleCells","sender-focused"
"Col4a2",0.479629916782956,0.00233347561160648,1.29310571510394e-05,-0.00517598765873469,"EndocardialCells","sender-focused"
"Has1",0.495725435468055,0.0023327512975485,1.22067430930574e-05,-0.00329767410827001,"Fibroblasts","sender-focused"
"Ccl2",0.468010544270444,0.00233160597103625,1.10614165808082e-05,-0.00388693473829907,"Fibroblasts","sender-focused"
"Lpl",0.422763219103738,0.00232937431328684,8.82975883139629e-06,-0.00656193767070771,"Fibroblasts","sender-focused"
"Lpl",0.422763219103738,0.00232937431328684,8.82975883139629e-06,-0.00656193767070771,"EndothelialCells","sender-focused"
"Lpl",0.422763219103738,0.00232937431328684,8.82975883139629e-06,-0.00656193767070771,"Myocytes","sender-focused"
"Lpl",0.422763219103738,0.00232937431328684,8.82975883139629e-06,-0.00656193767070771,"SmoothMuscleCells","sender-focused"
"Lpl",0.422763219103738,0.00232937431328684,8.82975883139629e-06,-0.00656193767070771,"EndocardialCells","sender-focused"
"Calm1",0.451604899984506,0.00232609837534148,5.55382088602988e-06,-0.00463740977659622,"Fibroblasts","sender-focused"
"Calm1",0.451604899984506,0.00232609837534148,5.55382088602988e-06,-0.00463740977659622,"EndothelialCells","sender-focused"
"Calm1",0.451604899984506,0.00232609837534148,5.55382088602988e-06,-0.00463740977659622,"Myocytes","sender-focused"
"Calm1",0.451604899984506,0.00232609837534148,5.55382088602988e-06,-0.00463740977659622,"SmoothMuscleCells","sender-focused"
"Calm1",0.451604899984506,0.00232609837534148,5.55382088602988e-06,-0.00463740977659622,"EndocardialCells","sender-focused"
"Boc",0.449847521579573,0.00232398112554738,3.43657109193101e-06,-0.00929203551345492,"Fibroblasts","sender-focused"
"Boc",0.449847521579573,0.00232398112554738,3.43657109193101e-06,-0.00929203551345492,"SmoothMuscleCells","sender-focused"
"Boc",0.449847521579573,0.00232398112554738,3.43657109193101e-06,-0.00929203551345492,"EndocardialCells","sender-focused"
"Lamb1",0.484395513516295,0.00232396223137668,3.41767692123122e-06,-0.00493913031969937,"Fibroblasts","sender-focused"
"Lamb1",0.484395513516295,0.00232396223137668,3.41767692123122e-06,-0.00493913031969937,"EndothelialCells","sender-focused"
"Lamb1",0.484395513516295,0.00232396223137668,3.41767692123122e-06,-0.00493913031969937,"Myocytes","sender-focused"
"Lamb1",0.484395513516295,0.00232396223137668,3.41767692123122e-06,-0.00493913031969937,"SmoothMuscleCells","sender-focused"
"Lamb1",0.484395513516295,0.00232396223137668,3.41767692123122e-06,-0.00493913031969937,"EndocardialCells","sender-focused"
"Il33",0.485429265519201,0.00232024583620154,-2.98718253909612e-07,-0.00738127915625545,"Fibroblasts","sender-focused"
"Il33",0.485429265519201,0.00232024583620154,-2.98718253909612e-07,-0.00738127915625545,"Myocytes","sender-focused"
"Il33",0.485429265519201,0.00232024583620154,-2.98718253909612e-07,-0.00738127915625545,"EndocardialCells","sender-focused"
"Fgf14",0.482307334470471,0.00231701511174223,-3.52944271321673e-06,-0.00310259939429438,"Myocytes","sender-focused"
"Fgf14",0.482307334470471,0.00231701511174223,-3.52944271321673e-06,-0.00310259939429438,"EndocardialCells","sender-focused"
"Vcan",0.470832687238329,0.00231627258198382,-4.27197247162983e-06,-0.00642814901081635,"Fibroblasts","sender-focused"
"Ildr2",0.466821729467107,0.00231456873273361,-5.97582172183172e-06,-0.00704446928589152,"Fibroblasts","sender-focused"
"Dll1",0.48199720886958,0.00231263737364415,-7.90718081129099e-06,-0.00449005102869857,"EndocardialCells","sender-focused"
"Il18bp",0.460019641288058,0.00231153525441154,-9.00930004390588e-06,-0.00759740728627263,"EndothelialCells","sender-focused"
"Il18bp",0.460019641288058,0.00231153525441154,-9.00930004390588e-06,-0.00759740728627263,"Myocytes","sender-focused"
"Il18bp",0.460019641288058,0.00231153525441154,-9.00930004390588e-06,-0.00759740728627263,"EndocardialCells","sender-focused"
"Sema3f",0.475432883651205,0.00231051975418357,-1.00248002718782e-05,-0.00682327024121178,"EndothelialCells","sender-focused"
"Sema3f",0.475432883651205,0.00231051975418357,-1.00248002718782e-05,-0.00682327024121178,"SmoothMuscleCells","sender-focused"
"Sema3f",0.475432883651205,0.00231051975418357,-1.00248002718782e-05,-0.00682327024121178,"EndocardialCells","sender-focused"
"Anxa2",0.473355042125399,0.00230903479793062,-1.15097565248287e-05,-0.00750464284095994,"Fibroblasts","sender-focused"
"Anxa2",0.473355042125399,0.00230903479793062,-1.15097565248287e-05,-0.00750464284095994,"EndothelialCells","sender-focused"
"Anxa2",0.473355042125399,0.00230903479793062,-1.15097565248287e-05,-0.00750464284095994,"Myocytes","sender-focused"
"Anxa2",0.473355042125399,0.00230903479793062,-1.15097565248287e-05,-0.00750464284095994,"SmoothMuscleCells","sender-focused"
"Anxa2",0.473355042125399,0.00230903479793062,-1.15097565248287e-05,-0.00750464284095994,"EndocardialCells","sender-focused"
"Efemp2",0.46986096035561,0.00230417042501882,-1.63741294366268e-05,-0.00785258465851,"Fibroblasts","sender-focused"
"Efemp2",0.46986096035561,0.00230417042501882,-1.63741294366268e-05,-0.00785258465851,"EndothelialCells","sender-focused"
"Efemp2",0.46986096035561,0.00230417042501882,-1.63741294366268e-05,-0.00785258465851,"SmoothMuscleCells","sender-focused"
"Efemp2",0.46986096035561,0.00230417042501882,-1.63741294366268e-05,-0.00785258465851,"EndocardialCells","sender-focused"
"Efnb3",0.479495529022578,0.00230232205864634,-1.82224958091017e-05,-0.00563898623884546,"Myocytes","sender-focused"
"Ccl11",0.472062852121771,0.00229724686675329,-2.32976877021563e-05,-0.00579703054938469,"Fibroblasts","sender-focused"
"Apoa1",0.46397891145914,0.00228677307508864,-3.37714793668081e-05,-0.00504085430466428,"Myocytes","sender-focused"
"Clu",0.475009045330025,0.00228565116817614,-3.48933862793013e-05,-0.00751125629527822,"Fibroblasts","sender-focused"
"Clu",0.475009045330025,0.00228565116817614,-3.48933862793013e-05,-0.00751125629527822,"EndothelialCells","sender-focused"
"Clu",0.475009045330025,0.00228565116817614,-3.48933862793013e-05,-0.00751125629527822,"Myocytes","sender-focused"
"Clu",0.475009045330025,0.00228565116817614,-3.48933862793013e-05,-0.00751125629527822,"SmoothMuscleCells","sender-focused"
"Clu",0.475009045330025,0.00228565116817614,-3.48933862793013e-05,-0.00751125629527822,"EndocardialCells","sender-focused"
"A2m",0.471639013800588,0.002283856044633,-3.66885098224464e-05,-0.00514937955244789,"EndocardialCells","sender-focused"
"Pecam1",0.48163539566857,0.0022835020221794,-3.70425322760424e-05,-0.00403067051277842,"Fibroblasts","sender-focused"
"Pecam1",0.48163539566857,0.0022835020221794,-3.70425322760424e-05,-0.00403067051277842,"EndothelialCells","sender-focused"
"Pecam1",0.48163539566857,0.0022835020221794,-3.70425322760424e-05,-0.00403067051277842,"Myocytes","sender-focused"
"Pecam1",0.48163539566857,0.0022835020221794,-3.70425322760424e-05,-0.00403067051277842,"SmoothMuscleCells","sender-focused"
"Pecam1",0.48163539566857,0.0022835020221794,-3.70425322760424e-05,-0.00403067051277842,"EndocardialCells","sender-focused"
"Col1a1",0.430237246084685,0.00228338020901866,-3.71643454367887e-05,-0.00737986929406629,"Fibroblasts","sender-focused"
"Col1a1",0.430237246084685,0.00228338020901866,-3.71643454367887e-05,-0.00737986929406629,"SmoothMuscleCells","sender-focused"
"C1qa",0.473882255646872,0.00227751542321312,-4.30291312423243e-05,-0.00528093977337062,"Fibroblasts","sender-focused"
"C1qa",0.473882255646872,0.00227751542321312,-4.30291312423243e-05,-0.00528093977337062,"EndothelialCells","sender-focused"
"C1qa",0.473882255646872,0.00227751542321312,-4.30291312423243e-05,-0.00528093977337062,"Myocytes","sender-focused"
"C1qa",0.473882255646872,0.00227751542321312,-4.30291312423243e-05,-0.00528093977337062,"SmoothMuscleCells","sender-focused"
"C1qa",0.473882255646872,0.00227751542321312,-4.30291312423243e-05,-0.00528093977337062,"EndocardialCells","sender-focused"
"Mmp2",0.465384814183085,0.0022745260727861,-4.60184816693451e-05,-0.00511892202634513,"Fibroblasts","sender-focused"
"Mmp2",0.465384814183085,0.0022745260727861,-4.60184816693451e-05,-0.00511892202634513,"Myocytes","sender-focused"
"Mmp2",0.465384814183085,0.0022745260727861,-4.60184816693451e-05,-0.00511892202634513,"SmoothMuscleCells","sender-focused"
"Mmp2",0.465384814183085,0.0022745260727861,-4.60184816693451e-05,-0.00511892202634513,"EndocardialCells","sender-focused"
"Ccl6",0.473220654365018,0.00227437209023853,-4.61724642169111e-05,-0.00394762428903928,"Myocytes","sender-focused"
"Ccl6",0.473220654365018,0.00227437209023853,-4.61724642169111e-05,-0.00394762428903928,"EndocardialCells","sender-focused"
"Col4a4",0.471142812839186,0.00227389635093288,-4.66482035225649e-05,-0.00595683589191837,"Fibroblasts","sender-focused"
"Col4a4",0.471142812839186,0.00227389635093288,-4.66482035225649e-05,-0.00595683589191837,"EndocardialCells","sender-focused"
"Col27a1",0.469840285315537,0.00227294126835741,-4.76032860980383e-05,-0.00591209197937232,"Fibroblasts","sender-focused"
"Col27a1",0.469840285315537,0.00227294126835741,-4.76032860980383e-05,-0.00591209197937232,"SmoothMuscleCells","sender-focused"
"Lin7c",0.480746368946085,0.00227011927439246,-5.04252800629895e-05,-0.0066760477308445,"Fibroblasts","sender-focused"
"Lin7c",0.480746368946085,0.00227011927439246,-5.04252800629895e-05,-0.0066760477308445,"EndothelialCells","sender-focused"
"Lin7c",0.480746368946085,0.00227011927439246,-5.04252800629895e-05,-0.0066760477308445,"Myocytes","sender-focused"
"Lin7c",0.480746368946085,0.00227011927439246,-5.04252800629895e-05,-0.0066760477308445,"SmoothMuscleCells","sender-focused"
"Lin7c",0.480746368946085,0.00227011927439246,-5.04252800629895e-05,-0.0066760477308445,"EndocardialCells","sender-focused"
"B2m",0.475691321651936,0.00226913041333502,-5.14141411204288e-05,-0.00566933198101958,"Fibroblasts","sender-focused"
"B2m",0.475691321651936,0.00226913041333502,-5.14141411204288e-05,-0.00566933198101958,"EndothelialCells","sender-focused"
"B2m",0.475691321651936,0.00226913041333502,-5.14141411204288e-05,-0.00566933198101958,"Myocytes","sender-focused"
"B2m",0.475691321651936,0.00226913041333502,-5.14141411204288e-05,-0.00566933198101958,"SmoothMuscleCells","sender-focused"
"B2m",0.475691321651936,0.00226913041333502,-5.14141411204288e-05,-0.00566933198101958,"EndocardialCells","sender-focused"
"Calm3",0.445361037887016,0.00226875133087221,-5.17932235832345e-05,-0.00583226562642283,"Fibroblasts","sender-focused"
"Calm3",0.445361037887016,0.00226875133087221,-5.17932235832345e-05,-0.00583226562642283,"EndothelialCells","sender-focused"
"Calm3",0.445361037887016,0.00226875133087221,-5.17932235832345e-05,-0.00583226562642283,"Myocytes","sender-focused"
"Calm3",0.445361037887016,0.00226875133087221,-5.17932235832345e-05,-0.00583226562642283,"SmoothMuscleCells","sender-focused"
"Calm3",0.445361037887016,0.00226875133087221,-5.17932235832345e-05,-0.00583226562642283,"EndocardialCells","sender-focused"
"Csf1",0.439303251150064,0.00226759389179106,-5.2950662664389e-05,-0.00162489966567632,"Fibroblasts","sender-focused"
"Csf1",0.439303251150064,0.00226759389179106,-5.2950662664389e-05,-0.00162489966567632,"EndothelialCells","sender-focused"
"Csf1",0.439303251150064,0.00226759389179106,-5.2950662664389e-05,-0.00162489966567632,"Myocytes","sender-focused"
"Csf1",0.439303251150064,0.00226759389179106,-5.2950662664389e-05,-0.00162489966567632,"SmoothMuscleCells","sender-focused"
"Csf1",0.439303251150064,0.00226759389179106,-5.2950662664389e-05,-0.00162489966567632,"EndocardialCells","sender-focused"
"Jam3",0.435953894660677,0.00226609736649093,-5.4447187964515e-05,-0.00868884292188594,"Fibroblasts","sender-focused"
"Jam3",0.435953894660677,0.00226609736649093,-5.4447187964515e-05,-0.00868884292188594,"EndothelialCells","sender-focused"
"Jam3",0.435953894660677,0.00226609736649093,-5.4447187964515e-05,-0.00868884292188594,"Myocytes","sender-focused"
"Jam3",0.435953894660677,0.00226609736649093,-5.4447187964515e-05,-0.00868884292188594,"SmoothMuscleCells","sender-focused"
"Jam3",0.435953894660677,0.00226609736649093,-5.4447187964515e-05,-0.00868884292188594,"EndocardialCells","sender-focused"
"Itgb1",0.46196309505349,0.00226237916505792,-5.81653893975257e-05,-0.00602069365625972,"Fibroblasts","sender-focused"
"Itgb1",0.46196309505349,0.00226237916505792,-5.81653893975257e-05,-0.00602069365625972,"EndothelialCells","sender-focused"
"Itgb1",0.46196309505349,0.00226237916505792,-5.81653893975257e-05,-0.00602069365625972,"Myocytes","sender-focused"
"Itgb1",0.46196309505349,0.00226237916505792,-5.81653893975257e-05,-0.00602069365625972,"SmoothMuscleCells","sender-focused"
"Itgb1",0.46196309505349,0.00226237916505792,-5.81653893975257e-05,-0.00602069365625972,"EndocardialCells","sender-focused"
"Rps19",0.459730190727247,0.00226166423977257,-5.88803146828751e-05,-0.0110217930824801,"Fibroblasts","sender-focused"
"Rps19",0.459730190727247,0.00226166423977257,-5.88803146828751e-05,-0.0110217930824801,"EndothelialCells","sender-focused"
"Rps19",0.459730190727247,0.00226166423977257,-5.88803146828751e-05,-0.0110217930824801,"Myocytes","sender-focused"
"Rps19",0.459730190727247,0.00226166423977257,-5.88803146828751e-05,-0.0110217930824801,"SmoothMuscleCells","sender-focused"
"Rps19",0.459730190727247,0.00226166423977257,-5.88803146828751e-05,-0.0110217930824801,"EndocardialCells","sender-focused"
"Cd59a",0.455419444875175,0.0022601697337697,-6.03748206857487e-05,-0.00655272168160435,"Fibroblasts","sender-focused"
"Cd59a",0.455419444875175,0.0022601697337697,-6.03748206857487e-05,-0.00655272168160435,"EndothelialCells","sender-focused"
"Cd59a",0.455419444875175,0.0022601697337697,-6.03748206857487e-05,-0.00655272168160435,"Myocytes","sender-focused"
"Cd59a",0.455419444875175,0.0022601697337697,-6.03748206857487e-05,-0.00655272168160435,"SmoothMuscleCells","sender-focused"
"Cd59a",0.455419444875175,0.0022601697337697,-6.03748206857487e-05,-0.00655272168160435,"EndocardialCells","sender-focused"
"Cd59b",0.455305732154857,0.00225940072367354,-6.11438307819017e-05,-0.00655342367397245,"Myocytes","sender-focused"
"Lrfn4",0.464216674419805,0.00225484181622694,-6.57027382285034e-05,-0.00808319521056041,"Myocytes","sender-focused"
"Col5a2",0.462686721455512,0.00225477202561564,-6.57725288398057e-05,-0.00555063501671637,"Fibroblasts","sender-focused"
"Col5a2",0.462686721455512,0.00225477202561564,-6.57725288398057e-05,-0.00555063501671637,"SmoothMuscleCells","sender-focused"
"Col5a2",0.462686721455512,0.00225477202561564,-6.57725288398057e-05,-0.00555063501671637,"EndocardialCells","sender-focused"
"Itga9",0.463358660257398,0.00225325440144014,-6.72901530153073e-05,-0.00738673596914029,"Fibroblasts","sender-focused"
"Itga9",0.463358660257398,0.00225325440144014,-6.72901530153073e-05,-0.00738673596914029,"Myocytes","sender-focused"
"Itga9",0.463358660257398,0.00225325440144014,-6.72901530153073e-05,-0.00738673596914029,"SmoothMuscleCells","sender-focused"
"Itga9",0.463358660257398,0.00225325440144014,-6.72901530153073e-05,-0.00738673596914029,"EndocardialCells","sender-focused"
"Lfng",0.497906652194114,0.00225300355526873,-6.75409991867152e-05,-0.00617368173699289,"EndothelialCells","sender-focused"
"Cd200",0.482493409830975,0.00225229725389206,-6.82473005633828e-05,-0.00630730088132785,"Fibroblasts","sender-focused"
"Cd200",0.482493409830975,0.00225229725389206,-6.82473005633828e-05,-0.00630730088132785,"EndothelialCells","sender-focused"
"Cd200",0.482493409830975,0.00225229725389206,-6.82473005633828e-05,-0.00630730088132785,"Myocytes","sender-focused"
"Cd200",0.482493409830975,0.00225229725389206,-6.82473005633828e-05,-0.00630730088132785,"SmoothMuscleCells","sender-focused"
"Cd200",0.482493409830975,0.00225229725389206,-6.82473005633828e-05,-0.00630730088132785,"EndocardialCells","sender-focused"
"Angpt2",0.463544735617928,0.00225032594797125,-7.0218606484194e-05,-0.00595851034382527,"Fibroblasts","sender-focused"
"Angpt2",0.463544735617928,0.00225032594797125,-7.0218606484194e-05,-0.00595851034382527,"EndothelialCells","sender-focused"
"Angpt2",0.463544735617928,0.00225032594797125,-7.0218606484194e-05,-0.00595851034382527,"SmoothMuscleCells","sender-focused"
"Angpt2",0.463544735617928,0.00225032594797125,-7.0218606484194e-05,-0.00595851034382527,"EndocardialCells","sender-focused"
"Timp3",0.468424045071584,0.00224731301387471,-7.32315405807364e-05,-0.00519430430197004,"Fibroblasts","sender-focused"
"Timp3",0.468424045071584,0.00224731301387471,-7.32315405807364e-05,-0.00519430430197004,"EndothelialCells","sender-focused"
"Timp3",0.468424045071584,0.00224731301387471,-7.32315405807364e-05,-0.00519430430197004,"Myocytes","sender-focused"
"Timp3",0.468424045071584,0.00224731301387471,-7.32315405807364e-05,-0.00519430430197004,"SmoothMuscleCells","sender-focused"
"Timp3",0.468424045071584,0.00224731301387471,-7.32315405807364e-05,-0.00519430430197004,"EndocardialCells","sender-focused"
"Pf4",0.458727451284439,0.00224423432399622,-7.63102304592264e-05,-0.00561239161267077,"Fibroblasts","sender-focused"
"Pf4",0.458727451284439,0.00224423432399622,-7.63102304592264e-05,-0.00561239161267077,"EndothelialCells","sender-focused"
"Pf4",0.458727451284439,0.00224423432399622,-7.63102304592264e-05,-0.00561239161267077,"Myocytes","sender-focused"
"Pf4",0.458727451284439,0.00224423432399622,-7.63102304592264e-05,-0.00561239161267077,"SmoothMuscleCells","sender-focused"
"Pf4",0.458727451284439,0.00224423432399622,-7.63102304592264e-05,-0.00561239161267077,"EndocardialCells","sender-focused"
"Rarres2",0.520948984338677,0.002243012844698,-7.75317097574408e-05,-0.00434784821725991,"Fibroblasts","sender-focused"
"Rarres2",0.520948984338677,0.002243012844698,-7.75317097574408e-05,-0.00434784821725991,"Myocytes","sender-focused"
"Rarres2",0.520948984338677,0.002243012844698,-7.75317097574408e-05,-0.00434784821725991,"SmoothMuscleCells","sender-focused"
"Rarres2",0.520948984338677,0.002243012844698,-7.75317097574408e-05,-0.00434784821725991,"EndocardialCells","sender-focused"
"Col1a2",0.419930738615815,0.00224012876080548,-8.04157936499612e-05,-0.0109907120431646,"Fibroblasts","sender-focused"
"Col1a2",0.419930738615815,0.00224012876080548,-8.04157936499612e-05,-0.0109907120431646,"Myocytes","sender-focused"
"Col1a2",0.419930738615815,0.00224012876080548,-8.04157936499612e-05,-0.0109907120431646,"SmoothMuscleCells","sender-focused"
"Col1a2",0.419930738615815,0.00224012876080548,-8.04157936499612e-05,-0.0109907120431646,"EndocardialCells","sender-focused"
"Hbegf",0.477686463017521,0.00223941713548487,-8.11274189705803e-05,-0.00614127266096242,"EndothelialCells","sender-focused"
"Hbegf",0.477686463017521,0.00223941713548487,-8.11274189705803e-05,-0.00614127266096242,"Myocytes","sender-focused"
"Hbegf",0.477686463017521,0.00223941713548487,-8.11274189705803e-05,-0.00614127266096242,"SmoothMuscleCells","sender-focused"
"Hbegf",0.477686463017521,0.00223941713548487,-8.11274189705803e-05,-0.00614127266096242,"EndocardialCells","sender-focused"
"Grn",0.450343722540969,0.00223892991610203,-8.1614638353412e-05,-0.00515204471998345,"Fibroblasts","sender-focused"
"Grn",0.450343722540969,0.00223892991610203,-8.1614638353412e-05,-0.00515204471998345,"EndothelialCells","sender-focused"
"Grn",0.450343722540969,0.00223892991610203,-8.1614638353412e-05,-0.00515204471998345,"Myocytes","sender-focused"
"Grn",0.450343722540969,0.00223892991610203,-8.1614638353412e-05,-0.00515204471998345,"SmoothMuscleCells","sender-focused"
"Grn",0.450343722540969,0.00223892991610203,-8.1614638353412e-05,-0.00515204471998345,"EndocardialCells","sender-focused"
"Col14a1",0.459254664805901,0.00223230763773632,-8.82369167191244e-05,-0.00643366421294348,"Fibroblasts","sender-focused"
"Sema3a",0.449320308058095,0.00223165962751173,-8.88849269437119e-05,-0.00765719018857775,"EndocardialCells","sender-focused"
"F11r",0.449692458779128,0.00223125127980336,-8.92932746520826e-05,-0.00820011922245203,"EndothelialCells","sender-focused"
"F11r",0.449692458779128,0.00223125127980336,-8.92932746520826e-05,-0.00820011922245203,"Myocytes","sender-focused"
"F11r",0.449692458779128,0.00223125127980336,-8.92932746520826e-05,-0.00820011922245203,"SmoothMuscleCells","sender-focused"
"F11r",0.449692458779128,0.00223125127980336,-8.92932746520826e-05,-0.00820011922245203,"EndocardialCells","sender-focused"
"C3",0.46862045795214,0.00222606842821514,-9.44761262403069e-05,-0.00746720209006247,"Fibroblasts","sender-focused"
"C3",0.46862045795214,0.00222606842821514,-9.44761262403069e-05,-0.00746720209006247,"Myocytes","sender-focused"
"C3",0.46862045795214,0.00222606842821514,-9.44761262403069e-05,-0.00746720209006247,"SmoothMuscleCells","sender-focused"
"C3",0.46862045795214,0.00222606842821514,-9.44761262403069e-05,-0.00746720209006247,"EndocardialCells","sender-focused"
"Col16a1",0.463141572336784,0.00222205562155814,-9.84889328973101e-05,-0.0066146476223264,"Fibroblasts","sender-focused"
"Mmp14",0.449444358298451,0.00222062789086079,-9.99166635946591e-05,-0.00651773773423537,"Fibroblasts","sender-focused"
"Mmp14",0.449444358298451,0.00222062789086079,-9.99166635946591e-05,-0.00651773773423537,"SmoothMuscleCells","sender-focused"
"Mmp14",0.449444358298451,0.00222062789086079,-9.99166635946591e-05,-0.00651773773423537,"EndocardialCells","sender-focused"
"Znrf3",0.447480229492938,0.00221796673470852,-0.000102577819746925,-0.00905561401544301,"Fibroblasts","sender-focused"
"Znrf3",0.447480229492938,0.00221796673470852,-0.000102577819746925,-0.00905561401544301,"Myocytes","sender-focused"
"Fn1",0.458758463844532,0.00221666752313577,-0.000103877031319678,-0.00770571971282401,"Fibroblasts","sender-focused"
"Fn1",0.458758463844532,0.00221666752313577,-0.000103877031319678,-0.00770571971282401,"EndothelialCells","sender-focused"
"Fn1",0.458758463844532,0.00221666752313577,-0.000103877031319678,-0.00770571971282401,"SmoothMuscleCells","sender-focused"
"Fn1",0.458758463844532,0.00221666752313577,-0.000103877031319678,-0.00770571971282401,"EndocardialCells","sender-focused"
"Gpc6",0.467328267948525,0.00221529370250401,-0.000105250851951431,-0.00785848537863074,"Fibroblasts","sender-focused"
"Gpc6",0.467328267948525,0.00221529370250401,-0.000105250851951431,-0.00785848537863074,"SmoothMuscleCells","sender-focused"
"Gpc6",0.467328267948525,0.00221529370250401,-0.000105250851951431,-0.00785848537863074,"EndocardialCells","sender-focused"
"Lamb3",0.47964025430298,0.00220980467288324,-0.00011073988157221,-0.00403465494956213,"Myocytes","sender-focused"
"Icam1",0.473106941644695,0.00220876878574514,-0.000111775768710307,-0.00513998924560949,"Fibroblasts","sender-focused"
"Icam1",0.473106941644695,0.00220876878574514,-0.000111775768710307,-0.00513998924560949,"EndothelialCells","sender-focused"
"Icam1",0.473106941644695,0.00220876878574514,-0.000111775768710307,-0.00513998924560949,"SmoothMuscleCells","sender-focused"
"Icam1",0.473106941644695,0.00220876878574514,-0.000111775768710307,-0.00513998924560949,"EndocardialCells","sender-focused"
"Il16",0.468672145552289,0.00220791009299625,-0.000112634461459196,-0.00515206186509738,"Fibroblasts","sender-focused"
"Il16",0.468672145552289,0.00220791009299625,-0.000112634461459196,-0.00515206186509738,"EndothelialCells","sender-focused"
"Mfap5",0.481077169587001,0.0022066873038242,-0.000113857250631247,-0.0110288139253581,"Fibroblasts","sender-focused"
"Mfap5",0.481077169587001,0.0022066873038242,-0.000113857250631247,-0.0110288139253581,"EndothelialCells","sender-focused"
"Mfap5",0.481077169587001,0.0022066873038242,-0.000113857250631247,-0.0110288139253581,"Myocytes","sender-focused"
"Mfap5",0.481077169587001,0.0022066873038242,-0.000113857250631247,-0.0110288139253581,"SmoothMuscleCells","sender-focused"
"Mfap5",0.481077169587001,0.0022066873038242,-0.000113857250631247,-0.0110288139253581,"EndocardialCells","sender-focused"
"Fgf13",0.463079547216627,0.00220599444334689,-0.000114550111108553,-0.00661689678166147,"Myocytes","sender-focused"
"Lum",0.454199617511767,0.00220100103317425,-0.000119543521281191,-0.00724223341191207,"Fibroblasts","sender-focused"
"Lum",0.454199617511767,0.00220100103317425,-0.000119543521281191,-0.00724223341191207,"EndothelialCells","sender-focused"
"Lum",0.454199617511767,0.00220100103317425,-0.000119543521281191,-0.00724223341191207,"Myocytes","sender-focused"
"Lum",0.454199617511767,0.00220100103317425,-0.000119543521281191,-0.00724223341191207,"SmoothMuscleCells","sender-focused"
"Lum",0.454199617511767,0.00220100103317425,-0.000119543521281191,-0.00724223341191207,"EndocardialCells","sender-focused"
"Fam3c",0.45770403680158,0.00220098227858752,-0.000119562275867929,-0.00865145687571818,"Fibroblasts","sender-focused"
"Fam3c",0.45770403680158,0.00220098227858752,-0.000119562275867929,-0.00865145687571818,"EndothelialCells","sender-focused"
"Fam3c",0.45770403680158,0.00220098227858752,-0.000119562275867929,-0.00865145687571818,"Myocytes","sender-focused"
"Fam3c",0.45770403680158,0.00220098227858752,-0.000119562275867929,-0.00865145687571818,"SmoothMuscleCells","sender-focused"
"Fam3c",0.45770403680158,0.00220098227858752,-0.000119562275867929,-0.00865145687571818,"EndocardialCells","sender-focused"
"Msn",0.440512740993441,0.00219969087530753,-0.000120853679147914,-0.00975127437228012,"Fibroblasts","sender-focused"
"Msn",0.440512740993441,0.00219969087530753,-0.000120853679147914,-0.00975127437228012,"EndothelialCells","sender-focused"
"Msn",0.440512740993441,0.00219969087530753,-0.000120853679147914,-0.00975127437228012,"Myocytes","sender-focused"
"Msn",0.440512740993441,0.00219969087530753,-0.000120853679147914,-0.00975127437228012,"SmoothMuscleCells","sender-focused"
"Msn",0.440512740993441,0.00219969087530753,-0.000120853679147914,-0.00975127437228012,"EndocardialCells","sender-focused"
"Sema6b",0.46192174497338,0.00219849425703175,-0.000122050297423691,-0.0073702124288501,"EndothelialCells","sender-focused"
"Sema6b",0.46192174497338,0.00219849425703175,-0.000122050297423691,-0.0073702124288501,"EndocardialCells","sender-focused"
"Sema3b",0.458603401044103,0.00219360880832564,-0.000126935746129801,-0.00888254364613248,"Fibroblasts","sender-focused"
"Thbs2",0.454726831033239,0.00219280226573938,-0.000127742288716068,-0.00678621577988133,"Fibroblasts","sender-focused"
"Thbs2",0.454726831033239,0.00219280226573938,-0.000127742288716068,-0.00678621577988133,"SmoothMuscleCells","sender-focused"
"Jag2",0.482028221429669,0.00218481105677263,-0.000135733497682816,-0.00641848579105364,"EndothelialCells","sender-focused"
"Col15a1",0.469116658913539,0.00217605377638764,-0.0001444907780678,-0.00581497453099972,"Fibroblasts","sender-focused"
"Col15a1",0.469116658913539,0.00217605377638764,-0.0001444907780678,-0.00581497453099972,"EndothelialCells","sender-focused"
"Col15a1",0.469116658913539,0.00217605377638764,-0.0001444907780678,-0.00581497453099972,"SmoothMuscleCells","sender-focused"
"Sema7a",0.447883392774084,0.00217209753828043,-0.000148447016175017,-0.0106922189835551,"EndothelialCells","sender-focused"
"Sema7a",0.447883392774084,0.00217209753828043,-0.000148447016175017,-0.0106922189835551,"SmoothMuscleCells","sender-focused"
"Col3a1",0.456783997518977,0.00216486179660816,-0.000155682757847288,-0.00682537100530557,"Fibroblasts","sender-focused"
"Col3a1",0.456783997518977,0.00216486179660816,-0.000155682757847288,-0.00682537100530557,"EndothelialCells","sender-focused"
"Col3a1",0.456783997518977,0.00216486179660816,-0.000155682757847288,-0.00682537100530557,"Myocytes","sender-focused"
"Col3a1",0.456783997518977,0.00216486179660816,-0.000155682757847288,-0.00682537100530557,"SmoothMuscleCells","sender-focused"
"Col3a1",0.456783997518977,0.00216486179660816,-0.000155682757847288,-0.00682537100530557,"EndocardialCells","sender-focused"
"Tfpi",0.4586447511242,0.00216176091738398,-0.000158783637071468,-0.00579384390226632,"Fibroblasts","sender-focused"
"Tfpi",0.4586447511242,0.00216176091738398,-0.000158783637071468,-0.00579384390226632,"EndothelialCells","sender-focused"
"Tfpi",0.4586447511242,0.00216176091738398,-0.000158783637071468,-0.00579384390226632,"Myocytes","sender-focused"
"Tfpi",0.4586447511242,0.00216176091738398,-0.000158783637071468,-0.00579384390226632,"SmoothMuscleCells","sender-focused"
"Tfpi",0.4586447511242,0.00216176091738398,-0.000158783637071468,-0.00579384390226632,"EndocardialCells","sender-focused"
"Mmp16",0.427859616478004,0.00216078212546886,-0.000159762428986581,-0.00902077477606159,"Fibroblasts","sender-focused"
"Tgm2",0.458406988163533,0.0021606863292893,-0.000159858225166142,-0.00178836448865853,"Fibroblasts","sender-focused"
"Tgm2",0.458406988163533,0.0021606863292893,-0.000159858225166142,-0.00178836448865853,"EndothelialCells","sender-focused"
"Tgm2",0.458406988163533,0.0021606863292893,-0.000159858225166142,-0.00178836448865853,"Myocytes","sender-focused"
"Tgm2",0.458406988163533,0.0021606863292893,-0.000159858225166142,-0.00178836448865853,"SmoothMuscleCells","sender-focused"
"Tgm2",0.458406988163533,0.0021606863292893,-0.000159858225166142,-0.00178836448865853,"EndocardialCells","sender-focused"
"Sema5a",0.449227270377844,0.00216044802371345,-0.000160096530741994,-0.00854177426376197,"Fibroblasts","sender-focused"
"Sema5a",0.449227270377844,0.00216044802371345,-0.000160096530741994,-0.00854177426376197,"SmoothMuscleCells","sender-focused"
"Traf2",0.446405127409933,0.00216019195242845,-0.000160352602026992,-0.00644429530593036,"Fibroblasts","sender-focused"
"Traf2",0.446405127409933,0.00216019195242845,-0.000160352602026992,-0.00644429530593036,"EndothelialCells","sender-focused"
"Traf2",0.446405127409933,0.00216019195242845,-0.000160352602026992,-0.00644429530593036,"Myocytes","sender-focused"
"Traf2",0.446405127409933,0.00216019195242845,-0.000160352602026992,-0.00644429530593036,"SmoothMuscleCells","sender-focused"
"Traf2",0.446405127409933,0.00216019195242845,-0.000160352602026992,-0.00644429530593036,"EndocardialCells","sender-focused"
"Arf1",0.462500646095006,0.00215559782873749,-0.000164946725717957,-0.0111673052403352,"Fibroblasts","sender-focused"
"Arf1",0.462500646095006,0.00215559782873749,-0.000164946725717957,-0.0111673052403352,"EndothelialCells","sender-focused"
"Arf1",0.462500646095006,0.00215559782873749,-0.000164946725717957,-0.0111673052403352,"Myocytes","sender-focused"
"Arf1",0.462500646095006,0.00215559782873749,-0.000164946725717957,-0.0111673052403352,"SmoothMuscleCells","sender-focused"
"Arf1",0.462500646095006,0.00215559782873749,-0.000164946725717957,-0.0111673052403352,"EndocardialCells","sender-focused"
"Lcn2",0.46110508089108,0.00215475556317263,-0.000165788991282816,-0.00611155375763279,"Fibroblasts","sender-focused"
"Lcn2",0.46110508089108,0.00215475556317263,-0.000165788991282816,-0.00611155375763279,"EndocardialCells","sender-focused"
"Col6a2",0.464547475060723,0.00215315557059943,-0.000167388983856019,-0.00726662248453258,"Fibroblasts","sender-focused"
"Col6a2",0.464547475060723,0.00215315557059943,-0.000167388983856019,-0.00726662248453258,"Myocytes","sender-focused"
"Col6a2",0.464547475060723,0.00215315557059943,-0.000167388983856019,-0.00726662248453258,"SmoothMuscleCells","sender-focused"
"Lamc1",0.46140486897192,0.00214882676939328,-0.000171717785062163,-0.0079476809164819,"Fibroblasts","sender-focused"
"Lamc1",0.46140486897192,0.00214882676939328,-0.000171717785062163,-0.0079476809164819,"EndothelialCells","sender-focused"
"Lamc1",0.46140486897192,0.00214882676939328,-0.000171717785062163,-0.0079476809164819,"Myocytes","sender-focused"
"Lamc1",0.46140486897192,0.00214882676939328,-0.000171717785062163,-0.0079476809164819,"SmoothMuscleCells","sender-focused"
"Lamc1",0.46140486897192,0.00214882676939328,-0.000171717785062163,-0.0079476809164819,"EndocardialCells","sender-focused"
"Col6a1",0.455543495115514,0.00214504401693917,-0.000175500537516272,-0.00718123212015988,"Fibroblasts","sender-focused"
"Col6a1",0.455543495115514,0.00214504401693917,-0.000175500537516272,-0.00718123212015988,"SmoothMuscleCells","sender-focused"
"Col6a1",0.455543495115514,0.00214504401693917,-0.000175500537516272,-0.00718123212015988,"EndocardialCells","sender-focused"
"Btnl9",0.455832945676339,0.00214417929693581,-0.000176365257519634,-0.0101659285355971,"EndothelialCells","sender-focused"
"Btnl9",0.455832945676339,0.00214417929693581,-0.000176365257519634,-0.0101659285355971,"SmoothMuscleCells","sender-focused"
"Cfh",0.425616374631723,0.00214277270366984,-0.000177771850785608,-0.00838831619854591,"Fibroblasts","sender-focused"
"Cfh",0.425616374631723,0.00214277270366984,-0.000177771850785608,-0.00838831619854591,"EndothelialCells","sender-focused"
"Cfh",0.425616374631723,0.00214277270366984,-0.000177771850785608,-0.00838831619854591,"Myocytes","sender-focused"
"Cfh",0.425616374631723,0.00214277270366984,-0.000177771850785608,-0.00838831619854591,"SmoothMuscleCells","sender-focused"
"Cfh",0.425616374631723,0.00214277270366984,-0.000177771850785608,-0.00838831619854591,"EndocardialCells","sender-focused"
"Gnas",0.44948570837855,0.00214180591331239,-0.000178738641143059,-0.00633058643497501,"Fibroblasts","sender-focused"
"Gnas",0.44948570837855,0.00214180591331239,-0.000178738641143059,-0.00633058643497501,"EndothelialCells","sender-focused"
"Gnas",0.44948570837855,0.00214180591331239,-0.000178738641143059,-0.00633058643497501,"Myocytes","sender-focused"
"Gnas",0.44948570837855,0.00214180591331239,-0.000178738641143059,-0.00633058643497501,"SmoothMuscleCells","sender-focused"
"Gnas",0.44948570837855,0.00214180591331239,-0.000178738641143059,-0.00633058643497501,"EndocardialCells","sender-focused"
"Icam2",0.451604899984494,0.0021391732487532,-0.000181371305702244,-0.00735016042909179,"EndothelialCells","sender-focused"
"Icam2",0.451604899984494,0.0021391732487532,-0.000181371305702244,-0.00735016042909179,"Myocytes","sender-focused"
"Icam2",0.451604899984494,0.0021391732487532,-0.000181371305702244,-0.00735016042909179,"SmoothMuscleCells","sender-focused"
"Icam2",0.451604899984494,0.0021391732487532,-0.000181371305702244,-0.00735016042909179,"EndocardialCells","sender-focused"
"Ceacam1",0.45585362071639,0.00213807881170442,-0.000182465742751021,-0.00817800798257177,"EndothelialCells","sender-focused"
"Ceacam1",0.45585362071639,0.00213807881170442,-0.000182465742751021,-0.00817800798257177,"SmoothMuscleCells","sender-focused"
"Ceacam1",0.45585362071639,0.00213807881170442,-0.000182465742751021,-0.00817800798257177,"EndocardialCells","sender-focused"
"Gstp1",0.445236987646669,0.00213586203137267,-0.000184682523082777,-0.00966875192178374,"Fibroblasts","sender-focused"
"Gstp2",0.445236987646669,0.00213586203137267,-0.000184682523082777,-0.00966875192178374,"Fibroblasts","sender-focused"
"Gstp1",0.445236987646669,0.00213586203137267,-0.000184682523082777,-0.00966875192178374,"EndothelialCells","sender-focused"
"Gstp1",0.445236987646669,0.00213586203137267,-0.000184682523082777,-0.00966875192178374,"Myocytes","sender-focused"
"Gstp2",0.445236987646669,0.00213586203137267,-0.000184682523082777,-0.00966875192178374,"Myocytes","sender-focused"
"Gstp1",0.445236987646669,0.00213586203137267,-0.000184682523082777,-0.00966875192178374,"SmoothMuscleCells","sender-focused"
"Gstp1",0.445236987646669,0.00213586203137267,-0.000184682523082777,-0.00966875192178374,"EndocardialCells","sender-focused"
"Apoe",0.431074585207005,0.00213123872668995,-0.000189305827765496,-0.00737474418647992,"Fibroblasts","sender-focused"
"Apoe",0.431074585207005,0.00213123872668995,-0.000189305827765496,-0.00737474418647992,"EndothelialCells","sender-focused"
"Apoe",0.431074585207005,0.00213123872668995,-0.000189305827765496,-0.00737474418647992,"Myocytes","sender-focused"
"Apoe",0.431074585207005,0.00213123872668995,-0.000189305827765496,-0.00737474418647992,"SmoothMuscleCells","sender-focused"
"Apoe",0.431074585207005,0.00213123872668995,-0.000189305827765496,-0.00737474418647992,"EndocardialCells","sender-focused"
"Cntf",0.474192381247739,0.00212871932592205,-0.000191825228533395,-0.0106482295165097,"Myocytes","sender-focused"
"Cp",0.45714581072,0.00212797024342455,-0.000192574311030898,-0.00753429538286527,"Fibroblasts","sender-focused"
"Cp",0.45714581072,0.00212797024342455,-0.000192574311030898,-0.00753429538286527,"Myocytes","sender-focused"
"Cp",0.45714581072,0.00212797024342455,-0.000192574311030898,-0.00753429538286527,"SmoothMuscleCells","sender-focused"
"Cp",0.45714581072,0.00212797024342455,-0.000192574311030898,-0.00753429538286527,"EndocardialCells","sender-focused"
"Hsp90b1",0.443500284281813,0.00212729138075664,-0.000193253173698803,-0.00685650710964879,"Fibroblasts","sender-focused"
"Hsp90b1",0.443500284281813,0.00212729138075664,-0.000193253173698803,-0.00685650710964879,"EndothelialCells","sender-focused"
"Hsp90b1",0.443500284281813,0.00212729138075664,-0.000193253173698803,-0.00685650710964879,"Myocytes","sender-focused"
"Hsp90b1",0.443500284281813,0.00212729138075664,-0.000193253173698803,-0.00685650710964879,"SmoothMuscleCells","sender-focused"
"Hsp90b1",0.443500284281813,0.00212729138075664,-0.000193253173698803,-0.00685650710964879,"EndocardialCells","sender-focused"
"Dbh",0.455450457435257,0.00212459887841788,-0.00019594567603757,-0.00877962104441523,"Myocytes","sender-focused"
"H2-DMb1",0.431818886649114,0.00212229433366267,-0.000198250220792773,-0.0106570086904145,"EndocardialCells","sender-focused"
"Shisa4",0.44589858892852,0.00212037967952677,-0.000200164874928678,-0.0106130277282398,"Fibroblasts","sender-focused"
"Shisa4",0.44589858892852,0.00212037967952677,-0.000200164874928678,-0.0106130277282398,"Myocytes","sender-focused"
"Fgfrl1",0.429379231922263,0.00211542811621734,-0.000205116438238103,-0.0127064489020009,"Fibroblasts","sender-focused"
"Fgfrl1",0.429379231922263,0.00211542811621734,-0.000205116438238103,-0.0127064489020009,"Myocytes","sender-focused"
"Fgfrl1",0.429379231922263,0.00211542811621734,-0.000205116438238103,-0.0127064489020009,"EndocardialCells","sender-focused"
"Crhr2",0.433793352974622,0.00211419680570589,-0.000206347748749552,-0.0113971143099694,"Myocytes","sender-focused"
"Timp2",0.468930583552988,0.00210775607638691,-0.00021278847806854,-0.00794040081125838,"Fibroblasts","sender-focused"
"Timp2",0.468930583552988,0.00210775607638691,-0.00021278847806854,-0.00794040081125838,"EndothelialCells","sender-focused"
"Timp2",0.468930583552988,0.00210775607638691,-0.00021278847806854,-0.00794040081125838,"Myocytes","sender-focused"
"Timp2",0.468930583552988,0.00210775607638691,-0.00021278847806854,-0.00794040081125838,"SmoothMuscleCells","sender-focused"
"Timp2",0.468930583552988,0.00210775607638691,-0.00021278847806854,-0.00794040081125838,"EndocardialCells","sender-focused"
"Col4a5",0.441784255956994,0.0021073244001797,-0.000213220154275746,-0.00992724171622626,"Fibroblasts","sender-focused"
"Col4a5",0.441784255956994,0.0021073244001797,-0.000213220154275746,-0.00992724171622626,"Myocytes","sender-focused"
"Col4a5",0.441784255956994,0.0021073244001797,-0.000213220154275746,-0.00992724171622626,"SmoothMuscleCells","sender-focused"
"Col4a5",0.441784255956994,0.0021073244001797,-0.000213220154275746,-0.00992724171622626,"EndocardialCells","sender-focused"
"Lgals3",0.441794593477027,0.00209771658514025,-0.000222827969315196,-0.00830770275209392,"Fibroblasts","sender-focused"
"Lgals3",0.441794593477027,0.00209771658514025,-0.000222827969315196,-0.00830770275209392,"Myocytes","sender-focused"
"Lgals3",0.441794593477027,0.00209771658514025,-0.000222827969315196,-0.00830770275209392,"SmoothMuscleCells","sender-focused"
"Vtn",0.435922882100582,0.00209428178198355,-0.000226262772471898,-0.00866459314554419,"SmoothMuscleCells","sender-focused"
"Nampt",0.437887010906093,0.00209190389362632,-0.000228640660829126,-0.00879008042030982,"Fibroblasts","sender-focused"
"Nampt",0.437887010906093,0.00209190389362632,-0.000228640660829126,-0.00879008042030982,"EndothelialCells","sender-focused"
"Nampt",0.437887010906093,0.00209190389362632,-0.000228640660829126,-0.00879008042030982,"Myocytes","sender-focused"
"Nampt",0.437887010906093,0.00209190389362632,-0.000228640660829126,-0.00879008042030982,"SmoothMuscleCells","sender-focused"
"Nampt",0.437887010906093,0.00209190389362632,-0.000228640660829126,-0.00879008042030982,"EndocardialCells","sender-focused"
"Angpt1",0.469292396754021,0.00209151337186223,-0.000229031182593219,-0.0101589552020008,"Fibroblasts","sender-focused"
"Angpt1",0.469292396754021,0.00209151337186223,-0.000229031182593219,-0.0101589552020008,"Myocytes","sender-focused"
"Agrn",0.423455832945685,0.0020912263278166,-0.000229318226638848,-0.00925947901754362,"Fibroblasts","sender-focused"
"Agrn",0.423455832945685,0.0020912263278166,-0.000229318226638848,-0.00925947901754362,"EndothelialCells","sender-focused"
"Agrn",0.423455832945685,0.0020912263278166,-0.000229318226638848,-0.00925947901754362,"SmoothMuscleCells","sender-focused"
"Agrn",0.423455832945685,0.0020912263278166,-0.000229318226638848,-0.00925947901754362,"EndocardialCells","sender-focused"
"Lama2",0.470801674678233,0.00208745016318437,-0.000233094391271074,-0.0113360529309034,"Fibroblasts","sender-focused"
"Lama2",0.470801674678233,0.00208745016318437,-0.000233094391271074,-0.0113360529309034,"Myocytes","sender-focused"
"Lama2",0.470801674678233,0.00208745016318437,-0.000233094391271074,-0.0113360529309034,"SmoothMuscleCells","sender-focused"
"Col8a1",0.414472528040519,0.0020873201153098,-0.000233224439145642,-0.0102077957510046,"Fibroblasts","sender-focused"
"Col8a1",0.414472528040519,0.0020873201153098,-0.000233224439145642,-0.0102077957510046,"SmoothMuscleCells","sender-focused"
"Vcam1",0.44499922468601,0.00208623261808931,-0.000234311936366134,-0.00961340639505211,"Fibroblasts","sender-focused"
"Vcam1",0.44499922468601,0.00208623261808931,-0.000234311936366134,-0.00961340639505211,"EndothelialCells","sender-focused"
"Vcam1",0.44499922468601,0.00208623261808931,-0.000234311936366134,-0.00961340639505211,"EndocardialCells","sender-focused"
"Sdc2",0.433824365534731,0.00208531645890391,-0.000235228095551534,-0.0116830855688228,"Fibroblasts","sender-focused"
"Sdc2",0.433824365534731,0.00208531645890391,-0.000235228095551534,-0.0116830855688228,"Myocytes","sender-focused"
"Sdc2",0.433824365534731,0.00208531645890391,-0.000235228095551534,-0.0116830855688228,"SmoothMuscleCells","sender-focused"
"Sdc2",0.433824365534731,0.00208531645890391,-0.000235228095551534,-0.0116830855688228,"EndocardialCells","sender-focused"
"Cx3cl1",0.448214193414995,0.00208385699580104,-0.000236687558654404,-0.00692848264026911,"Fibroblasts","sender-focused"
"Cx3cl1",0.448214193414995,0.00208385699580104,-0.000236687558654404,-0.00692848264026911,"EndothelialCells","sender-focused"
"Cx3cl1",0.448214193414995,0.00208385699580104,-0.000236687558654404,-0.00692848264026911,"SmoothMuscleCells","sender-focused"
"Cx3cl1",0.448214193414995,0.00208385699580104,-0.000236687558654404,-0.00692848264026911,"EndocardialCells","sender-focused"
"Calr",0.441991006357578,0.00208083974656777,-0.00023970480788768,-0.00852790612874359,"Fibroblasts","sender-focused"
"Calr",0.441991006357578,0.00208083974656777,-0.00023970480788768,-0.00852790612874359,"EndothelialCells","sender-focused"
"Calr",0.441991006357578,0.00208083974656777,-0.00023970480788768,-0.00852790612874359,"Myocytes","sender-focused"
"Calr",0.441991006357578,0.00208083974656777,-0.00023970480788768,-0.00852790612874359,"SmoothMuscleCells","sender-focused"
"Calr",0.441991006357578,0.00208083974656777,-0.00023970480788768,-0.00852790612874359,"EndocardialCells","sender-focused"
"Sparc",0.452948777588247,0.00207912025697048,-0.00024142429748497,-0.00849192536794087,"Fibroblasts","sender-focused"
"Sparc",0.452948777588247,0.00207912025697048,-0.00024142429748497,-0.00849192536794087,"EndothelialCells","sender-focused"
"Sparc",0.452948777588247,0.00207912025697048,-0.00024142429748497,-0.00849192536794087,"Myocytes","sender-focused"
"Sparc",0.452948777588247,0.00207912025697048,-0.00024142429748497,-0.00849192536794087,"SmoothMuscleCells","sender-focused"
"Sparc",0.452948777588247,0.00207912025697048,-0.00024142429748497,-0.00849192536794087,"EndocardialCells","sender-focused"
"Mill2",0.43857962474802,0.002076546140891,-0.00024399841356445,-0.00996697625865062,"Fibroblasts","sender-focused"
"Bst2",0.408538791543902,0.00207626105706746,-0.000244283497387981,-0.00960693409791169,"Fibroblasts","sender-focused"
"Bst2",0.408538791543902,0.00207626105706746,-0.000244283497387981,-0.00960693409791169,"EndothelialCells","sender-focused"
"Bst2",0.408538791543902,0.00207626105706746,-0.000244283497387981,-0.00960693409791169,"Myocytes","sender-focused"
"Bst2",0.408538791543902,0.00207626105706746,-0.000244283497387981,-0.00960693409791169,"SmoothMuscleCells","sender-focused"
"Bst2",0.408538791543902,0.00207626105706746,-0.000244283497387981,-0.00960693409791169,"EndocardialCells","sender-focused"
"Spon2",0.464175324339696,0.00207117526985948,-0.000249369284595966,-0.00872345000955513,"Fibroblasts","sender-focused"
"Adam11",0.448844782136751,0.00206934402656407,-0.000251200527891376,-0.0115722416602073,"Myocytes","sender-focused"
"Ctf1",0.441804930997073,0.00205892118950425,-0.000261623364951195,-0.0105246106621313,"Myocytes","sender-focused"
"Mdk",0.438672662428276,0.00205745143385573,-0.000263093120599711,-0.0083342419488566,"Fibroblasts","sender-focused"
"Mdk",0.438672662428276,0.00205745143385573,-0.000263093120599711,-0.0083342419488566,"Myocytes","sender-focused"
"Mdk",0.438672662428276,0.00205745143385573,-0.000263093120599711,-0.0083342419488566,"EndocardialCells","sender-focused"
"Col4a6",0.442631932599362,0.0020561612974052,-0.000264383257050247,-0.00881820796904112,"Fibroblasts","sender-focused"
"Thy1",0.433359177133413,0.0020464652200919,-0.000274079334363546,-0.0108739394333651,"SmoothMuscleCells","sender-focused"
"Mfng",0.461105080891085,0.00204644737656355,-0.000274097177891891,-0.0111792530866561,"EndothelialCells","sender-focused"
"Mfng",0.461105080891085,0.00204644737656355,-0.000274097177891891,-0.0111792530866561,"SmoothMuscleCells","sender-focused"
"Mfng",0.461105080891085,0.00204644737656355,-0.000274097177891891,-0.0111792530866561,"EndocardialCells","sender-focused"
"Sema6a",0.400920039282567,0.0020460117781722,-0.00027453277628324,-0.0137185451052324,"EndothelialCells","sender-focused"
"Sema6a",0.400920039282567,0.0020460117781722,-0.00027453277628324,-0.0137185451052324,"SmoothMuscleCells","sender-focused"
"Sema6a",0.400920039282567,0.0020460117781722,-0.00027453277628324,-0.0137185451052324,"EndocardialCells","sender-focused"
"Plat",0.403473406729719,0.00204325592471256,-0.00027728862974289,-0.00848568842252842,"Fibroblasts","sender-focused"
"Plat",0.403473406729719,0.00204325592471256,-0.00027728862974289,-0.00848568842252842,"EndothelialCells","sender-focused"
"Plat",0.403473406729719,0.00204325592471256,-0.00027728862974289,-0.00848568842252842,"SmoothMuscleCells","sender-focused"
"Plat",0.403473406729719,0.00204325592471256,-0.00027728862974289,-0.00848568842252842,"EndocardialCells","sender-focused"
"Vegfb",0.441598180596481,0.00203903547889949,-0.000281509075555953,-0.00964962759992665,"Fibroblasts","sender-focused"
"Vegfb",0.441598180596481,0.00203903547889949,-0.000281509075555953,-0.00964962759992665,"Myocytes","sender-focused"
"Vegfb",0.441598180596481,0.00203903547889949,-0.000281509075555953,-0.00964962759992665,"SmoothMuscleCells","sender-focused"
"Vegfb",0.441598180596481,0.00203903547889949,-0.000281509075555953,-0.00964962759992665,"EndocardialCells","sender-focused"
"Angptl7",0.44799710549439,0.00203889203726735,-0.000281652517188094,-0.010596963693527,"Fibroblasts","sender-focused"
"Pltp",0.420830102858323,0.00203769715475719,-0.00028284739969826,-0.0106887155738999,"Fibroblasts","sender-focused"
"Pltp",0.420830102858323,0.00203769715475719,-0.00028284739969826,-0.0106887155738999,"EndothelialCells","sender-focused"
"Pltp",0.420830102858323,0.00203769715475719,-0.00028284739969826,-0.0106887155738999,"SmoothMuscleCells","sender-focused"
"Pltp",0.420830102858323,0.00203769715475719,-0.00028284739969826,-0.0106887155738999,"EndocardialCells","sender-focused"
"Thbs1",0.398914560396976,0.00203134529947452,-0.000289199254980923,-0.012059416911655,"Fibroblasts","sender-focused"
"Thbs1",0.398914560396976,0.00203134529947452,-0.000289199254980923,-0.012059416911655,"SmoothMuscleCells","sender-focused"
"Cd9",0.425285573990798,0.00202517714914764,-0.000295367405307805,-0.00733777470059032,"Fibroblasts","sender-focused"
"Cd9",0.425285573990798,0.00202517714914764,-0.000295367405307805,-0.00733777470059032,"EndothelialCells","sender-focused"
"Cd9",0.425285573990798,0.00202517714914764,-0.000295367405307805,-0.00733777470059032,"Myocytes","sender-focused"
"Cd9",0.425285573990798,0.00202517714914764,-0.000295367405307805,-0.00733777470059032,"SmoothMuscleCells","sender-focused"
"Cd9",0.425285573990798,0.00202517714914764,-0.000295367405307805,-0.00733777470059032,"EndocardialCells","sender-focused"
"Tslp",0.44737685429266,0.0020205052019673,-0.000300039352488149,-0.011172136238046,"Fibroblasts","sender-focused"
"Tslp",0.44737685429266,0.0020205052019673,-0.000300039352488149,-0.011172136238046,"SmoothMuscleCells","sender-focused"
"Apoa2",0.426112575593117,0.00201869632019161,-0.000301848234263834,-0.0105823583536976,"Myocytes","sender-focused"
"Igsf10",0.454726831033227,0.00201641832776162,-0.00030412622669383,-0.0126493651490567,"Fibroblasts","sender-focused"
"Col4a3",0.432573525611195,0.00201469321270795,-0.000305851341747499,-0.0116251603154806,"Fibroblasts","sender-focused"
"Vsig10",0.430940197446638,0.00200878378365208,-0.000311760770803366,-0.0114883270054975,"Fibroblasts","sender-focused"
"Vsig10",0.430940197446638,0.00200878378365208,-0.000311760770803366,-0.0114883270054975,"EndothelialCells","sender-focused"
"Vsig10",0.430940197446638,0.00200878378365208,-0.000311760770803366,-0.0114883270054975,"SmoothMuscleCells","sender-focused"
"Vsig10",0.430940197446638,0.00200878378365208,-0.000311760770803366,-0.0114883270054975,"EndocardialCells","sender-focused"
"Penk",0.425637049671788,0.00200152310363115,-0.000319021450824299,-0.0111878197096709,"Fibroblasts","sender-focused"
"Lrrc4b",0.428355817439396,0.00200053953967098,-0.000320005014784461,-0.0123811376078756,"Myocytes","sender-focused"
"S100a9",0.434062128495372,0.00199385913073479,-0.000326685423720656,-0.011551598152264,"Fibroblasts","sender-focused"
"S100a9",0.434062128495372,0.00199385913073479,-0.000326685423720656,-0.011551598152264,"EndothelialCells","sender-focused"
"S100a9",0.434062128495372,0.00199385913073479,-0.000326685423720656,-0.011551598152264,"SmoothMuscleCells","sender-focused"
"App",0.436139970021194,0.00198797062459501,-0.000332573929860434,-0.0100582239307651,"Fibroblasts","sender-focused"
"App",0.436139970021194,0.00198797062459501,-0.000332573929860434,-0.0100582239307651,"EndothelialCells","sender-focused"
"App",0.436139970021194,0.00198797062459501,-0.000332573929860434,-0.0100582239307651,"Myocytes","sender-focused"
"App",0.436139970021194,0.00198797062459501,-0.000332573929860434,-0.0100582239307651,"SmoothMuscleCells","sender-focused"
"App",0.436139970021194,0.00198797062459501,-0.000332573929860434,-0.0100582239307651,"EndocardialCells","sender-focused"
"Lama5",0.432511500491017,0.00198779598192385,-0.000332748572531599,-0.0113365252025858,"EndothelialCells","sender-focused"
"Lama5",0.432511500491017,0.00198779598192385,-0.000332748572531599,-0.0113365252025858,"Myocytes","sender-focused"
"Lama5",0.432511500491017,0.00198779598192385,-0.000332748572531599,-0.0113365252025858,"SmoothMuscleCells","sender-focused"
"Lama5",0.432511500491017,0.00198779598192385,-0.000332748572531599,-0.0113365252025858,"EndocardialCells","sender-focused"
"Gpi1",0.427528815837076,0.00198714215648925,-0.000333402397966193,-0.0108533282536299,"Fibroblasts","sender-focused"
"Gpi1",0.427528815837076,0.00198714215648925,-0.000333402397966193,-0.0108533282536299,"EndothelialCells","sender-focused"
"Gpi1",0.427528815837076,0.00198714215648925,-0.000333402397966193,-0.0108533282536299,"Myocytes","sender-focused"
"Gpi1",0.427528815837076,0.00198714215648925,-0.000333402397966193,-0.0108533282536299,"SmoothMuscleCells","sender-focused"
"Gpi1",0.427528815837076,0.00198714215648925,-0.000333402397966193,-0.0108533282536299,"EndocardialCells","sender-focused"
"Crlf1",0.432749263451713,0.00198679545646291,-0.000333749097992538,-0.0112583668416804,"Fibroblasts","sender-focused"
"Epha4",0.44974414637928,0.00198570434501665,-0.000334840209438793,-0.0163180017496027,"EndothelialCells","sender-focused"
"Epha4",0.44974414637928,0.00198570434501665,-0.000334840209438793,-0.0163180017496027,"Myocytes","sender-focused"
"Epha4",0.44974414637928,0.00198570434501665,-0.000334840209438793,-0.0163180017496027,"SmoothMuscleCells","sender-focused"
"Epha4",0.44974414637928,0.00198570434501665,-0.000334840209438793,-0.0163180017496027,"EndocardialCells","sender-focused"
"Nid1",0.40570631105597,0.00198531051936802,-0.000335234035087429,-0.0124587158179695,"Fibroblasts","sender-focused"
"Nid1",0.40570631105597,0.00198531051936802,-0.000335234035087429,-0.0124587158179695,"EndothelialCells","sender-focused"
"Nid1",0.40570631105597,0.00198531051936802,-0.000335234035087429,-0.0124587158179695,"Myocytes","sender-focused"
"Nid1",0.40570631105597,0.00198531051936802,-0.000335234035087429,-0.0124587158179695,"SmoothMuscleCells","sender-focused"
"Nid1",0.40570631105597,0.00198531051936802,-0.000335234035087429,-0.0124587158179695,"EndocardialCells","sender-focused"
"Adam17",0.432284075050391,0.00198027001264747,-0.000340274541807974,-0.00685557215757307,"Fibroblasts","sender-focused"
"Adam17",0.432284075050391,0.00198027001264747,-0.000340274541807974,-0.00685557215757307,"EndothelialCells","sender-focused"
"Adam17",0.432284075050391,0.00198027001264747,-0.000340274541807974,-0.00685557215757307,"Myocytes","sender-focused"
"Adam17",0.432284075050391,0.00198027001264747,-0.000340274541807974,-0.00685557215757307,"SmoothMuscleCells","sender-focused"
"Adam17",0.432284075050391,0.00198027001264747,-0.000340274541807974,-0.00685557215757307,"EndocardialCells","sender-focused"
"Tnfsf13b",0.440533416033497,0.00196909869117924,-0.000351445863276205,-0.0103286482744583,"Fibroblasts","sender-focused"
"Ltbp1",0.404806946813472,0.0019614400708376,-0.000359104483617847,-0.0101401970803932,"Fibroblasts","sender-focused"
"Ltbp1",0.404806946813472,0.0019614400708376,-0.000359104483617847,-0.0101401970803932,"EndothelialCells","sender-focused"
"Ltbp1",0.404806946813472,0.0019614400708376,-0.000359104483617847,-0.0101401970803932,"Myocytes","sender-focused"
"Ltbp1",0.404806946813472,0.0019614400708376,-0.000359104483617847,-0.0101401970803932,"SmoothMuscleCells","sender-focused"
"Ltbp1",0.404806946813472,0.0019614400708376,-0.000359104483617847,-0.0101401970803932,"EndocardialCells","sender-focused"
"Spon1",0.42478937302942,0.00195355658201713,-0.000366987972438318,-0.0127366044616068,"Fibroblasts","sender-focused"
"Spon1",0.42478937302942,0.00195355658201713,-0.000366987972438318,-0.0127366044616068,"SmoothMuscleCells","sender-focused"
"Spon1",0.42478937302942,0.00195355658201713,-0.000366987972438318,-0.0127366044616068,"EndocardialCells","sender-focused"
"Prg4",0.433989765855168,0.00194445702547589,-0.000376087528979554,-0.0112420354986064,"Fibroblasts","sender-focused"
"Prg4",0.433989765855168,0.00194445702547589,-0.000376087528979554,-0.0112420354986064,"EndothelialCells","sender-focused"
"Tgfbi",0.410833720990349,0.00193568484888948,-0.000384859705565964,-0.0106445223052379,"Fibroblasts","sender-focused"
"Tgfbi",0.410833720990349,0.00193568484888948,-0.000384859705565964,-0.0106445223052379,"EndocardialCells","sender-focused"
"Tnxb",0.418783273892596,0.0019256679333933,-0.000394876621062146,-0.0130826887860897,"Fibroblasts","sender-focused"
"Tnxb",0.418783273892596,0.0019256679333933,-0.000394876621062146,-0.0130826887860897,"SmoothMuscleCells","sender-focused"
"Tnxb",0.418783273892596,0.0019256679333933,-0.000394876621062146,-0.0130826887860897,"EndocardialCells","sender-focused"
"Mfge8",0.429100118881482,0.00192484703970992,-0.000395697514745529,-0.0146609799419276,"Fibroblasts","sender-focused"
"Mfge8",0.429100118881482,0.00192484703970992,-0.000395697514745529,-0.0146609799419276,"EndothelialCells","sender-focused"
"Mfge8",0.429100118881482,0.00192484703970992,-0.000395697514745529,-0.0146609799419276,"Myocytes","sender-focused"
"Mfge8",0.429100118881482,0.00192484703970992,-0.000395697514745529,-0.0146609799419276,"SmoothMuscleCells","sender-focused"
"Mfge8",0.429100118881482,0.00192484703970992,-0.000395697514745529,-0.0146609799419276,"EndocardialCells","sender-focused"
"Eda",0.411660722592652,0.00192419370567588,-0.000396350848779561,-0.0157689117040563,"Fibroblasts","sender-focused"
"Hebp1",0.416602057166493,0.00192073368093276,-0.000399810873522686,-0.0084371286824239,"Fibroblasts","sender-focused"
"Hebp1",0.416602057166493,0.00192073368093276,-0.000399810873522686,-0.0084371286824239,"Myocytes","sender-focused"
"Hebp1",0.416602057166493,0.00192073368093276,-0.000399810873522686,-0.0084371286824239,"SmoothMuscleCells","sender-focused"
"Hebp1",0.416602057166493,0.00192073368093276,-0.000399810873522686,-0.0084371286824239,"EndocardialCells","sender-focused"
"Pi16",0.418421460691586,0.00191731577332134,-0.000403228781134104,-0.0156187982176804,"Fibroblasts","sender-focused"
"Pi16",0.418421460691586,0.00191731577332134,-0.000403228781134104,-0.0156187982176804,"EndothelialCells","sender-focused"
"Pi16",0.418421460691586,0.00191731577332134,-0.000403228781134104,-0.0156187982176804,"Myocytes","sender-focused"
"Pi16",0.418421460691586,0.00191731577332134,-0.000403228781134104,-0.0156187982176804,"SmoothMuscleCells","sender-focused"
"Pi16",0.418421460691586,0.00191731577332134,-0.000403228781134104,-0.0156187982176804,"EndocardialCells","sender-focused"
"Alcam",0.42718767767613,0.00191083858311955,-0.0004097059713359,-0.0127996595761947,"Fibroblasts","sender-focused"
"Tspan5",0.412673799555495,0.00189682253565275,-0.000423722018802693,-0.0156487102059247,"Fibroblasts","sender-focused"
"Tspan5",0.412673799555495,0.00189682253565275,-0.000423722018802693,-0.0156487102059247,"EndothelialCells","sender-focused"
"Tspan5",0.412673799555495,0.00189682253565275,-0.000423722018802693,-0.0156487102059247,"EndocardialCells","sender-focused"
"Furin",0.430857497286399,0.00188942572619986,-0.000431118828255581,-0.0106288477641712,"Fibroblasts","sender-focused"
"Furin",0.430857497286399,0.00188942572619986,-0.000431118828255581,-0.0106288477641712,"EndothelialCells","sender-focused"
"Furin",0.430857497286399,0.00188942572619986,-0.000431118828255581,-0.0106288477641712,"Myocytes","sender-focused"
"Furin",0.430857497286399,0.00188942572619986,-0.000431118828255581,-0.0106288477641712,"SmoothMuscleCells","sender-focused"
"Furin",0.430857497286399,0.00188942572619986,-0.000431118828255581,-0.0106288477641712,"EndocardialCells","sender-focused"
"Nucb2",0.364190830619731,0.00188722643287793,-0.000433318121577518,-0.0196512947277124,"Fibroblasts","sender-focused"
"Nucb2",0.364190830619731,0.00188722643287793,-0.000433318121577518,-0.0196512947277124,"EndothelialCells","sender-focused"
"Nucb2",0.364190830619731,0.00188722643287793,-0.000433318121577518,-0.0196512947277124,"SmoothMuscleCells","sender-focused"
"Nucb2",0.364190830619731,0.00188722643287793,-0.000433318121577518,-0.0196512947277124,"EndocardialCells","sender-focused"
"Cxcl14",0.410378870109057,0.00187693622597758,-0.000443608328477866,-0.014403357439129,"Fibroblasts","sender-focused"
"Cd320",0.407773815061769,0.00187623765815773,-0.000444306896297717,-0.0140575097253475,"Fibroblasts","sender-focused"
"Cd320",0.407773815061769,0.00187623765815773,-0.000444306896297717,-0.0140575097253475,"EndothelialCells","sender-focused"
"Cd320",0.407773815061769,0.00187623765815773,-0.000444306896297717,-0.0140575097253475,"Myocytes","sender-focused"
"Cd320",0.407773815061769,0.00187623765815773,-0.000444306896297717,-0.0140575097253475,"SmoothMuscleCells","sender-focused"
"Cd320",0.407773815061769,0.00187623765815773,-0.000444306896297717,-0.0140575097253475,"EndocardialCells","sender-focused"
"Mfap3l",0.408528454023877,0.00187062356006064,-0.000449920994394802,-0.0158263955641035,"Myocytes","sender-focused"
"Serpine1",0.397560345273173,0.00185975444474521,-0.000460790109710238,-0.0143111944276567,"Fibroblasts","sender-focused"
"Serpine1",0.397560345273173,0.00185975444474521,-0.000460790109710238,-0.0143111944276567,"SmoothMuscleCells","sender-focused"
"C4b",0.400475525921333,0.00185152305513033,-0.000469021499325118,-0.016399447008891,"Fibroblasts","sender-focused"
"C4b",0.400475525921333,0.00185152305513033,-0.000469021499325118,-0.016399447008891,"EndocardialCells","sender-focused"
"Igf1",0.414214090039798,0.00183945630825923,-0.000481088246196213,-0.0156024736504178,"Fibroblasts","sender-focused"
"Igf1",0.414214090039798,0.00183945630825923,-0.000481088246196213,-0.0156024736504178,"Myocytes","sender-focused"
"Serpine2",0.396526593270276,0.00183937806287369,-0.000481166491581755,-0.0126867379655418,"Fibroblasts","sender-focused"
"Serpine2",0.396526593270276,0.00183937806287369,-0.000481166491581755,-0.0126867379655418,"Myocytes","sender-focused"
"Serpine2",0.396526593270276,0.00183937806287369,-0.000481166491581755,-0.0126867379655418,"SmoothMuscleCells","sender-focused"
"Serpine2",0.396526593270276,0.00183937806287369,-0.000481166491581755,-0.0126867379655418,"EndocardialCells","sender-focused"
"Ctsd",0.39712616943197,0.00182849416315933,-0.000492050391296116,-0.0167257919994552,"Fibroblasts","sender-focused"
"Ctsd",0.39712616943197,0.00182849416315933,-0.000492050391296116,-0.0167257919994552,"EndothelialCells","sender-focused"
"Ctsd",0.39712616943197,0.00182849416315933,-0.000492050391296116,-0.0167257919994552,"Myocytes","sender-focused"
"Ctsd",0.39712616943197,0.00182849416315933,-0.000492050391296116,-0.0167257919994552,"SmoothMuscleCells","sender-focused"
"Ctsd",0.39712616943197,0.00182849416315933,-0.000492050391296116,-0.0167257919994552,"EndocardialCells","sender-focused"
"Sema6d",0.393290949501224,0.00180989172975161,-0.000510652824703836,-0.0181304800681589,"Fibroblasts","sender-focused"
"Sema6d",0.393290949501224,0.00180989172975161,-0.000510652824703836,-0.0181304800681589,"EndothelialCells","sender-focused"
"Sema6d",0.393290949501224,0.00180989172975161,-0.000510652824703836,-0.0181304800681589,"Myocytes","sender-focused"
"Sema6d",0.393290949501224,0.00180989172975161,-0.000510652824703836,-0.0181304800681589,"SmoothMuscleCells","sender-focused"
"Sema6d",0.393290949501224,0.00180989172975161,-0.000510652824703836,-0.0181304800681589,"EndocardialCells","sender-focused"
"Lrpap1",0.376378766733861,0.00179125404757877,-0.000529290506876677,-0.0180286622654437,"Fibroblasts","sender-focused"
"Lrpap1",0.376378766733861,0.00179125404757877,-0.000529290506876677,-0.0180286622654437,"EndothelialCells","sender-focused"
"Lrpap1",0.376378766733861,0.00179125404757877,-0.000529290506876677,-0.0180286622654437,"Myocytes","sender-focused"
"Lrpap1",0.376378766733861,0.00179125404757877,-0.000529290506876677,-0.0180286622654437,"SmoothMuscleCells","sender-focused"
"Lrpap1",0.376378766733861,0.00179125404757877,-0.000529290506876677,-0.0180286622654437,"EndocardialCells","sender-focused"
"Mmrn2",0.393394324701513,0.00179083234183807,-0.00052971221261738,-0.0166027870714614,"EndothelialCells","sender-focused"
"Mmrn2",0.393394324701513,0.00179083234183807,-0.00052971221261738,-0.0166027870714614,"SmoothMuscleCells","sender-focused"
"Mmrn2",0.393394324701513,0.00179083234183807,-0.00052971221261738,-0.0166027870714614,"EndocardialCells","sender-focused"
"Ptdss1",0.364066780379394,0.00176598030166821,-0.000554564252787235,-0.0239770344290625,"Fibroblasts","sender-focused"
"Ptdss1",0.364066780379394,0.00176598030166821,-0.000554564252787235,-0.0239770344290625,"EndothelialCells","sender-focused"
"Ptdss1",0.364066780379394,0.00176598030166821,-0.000554564252787235,-0.0239770344290625,"Myocytes","sender-focused"
"Ptdss1",0.364066780379394,0.00176598030166821,-0.000554564252787235,-0.0239770344290625,"SmoothMuscleCells","sender-focused"
"Ptdss1",0.364066780379394,0.00176598030166821,-0.000554564252787235,-0.0239770344290625,"EndocardialCells","sender-focused"
"Clec11a",0.401416240243959,0.00175247008989827,-0.000568074464557175,-0.0181792540975327,"Fibroblasts","sender-focused"
"Pam",0.362784927895792,0.00173325657941376,-0.000587287975041687,-0.0214854196399588,"Fibroblasts","sender-focused"
"Pam",0.362784927895792,0.00173325657941376,-0.000587287975041687,-0.0214854196399588,"EndothelialCells","sender-focused"
"Pam",0.362784927895792,0.00173325657941376,-0.000587287975041687,-0.0214854196399588,"Myocytes","sender-focused"
"Pam",0.362784927895792,0.00173325657941376,-0.000587287975041687,-0.0214854196399588,"SmoothMuscleCells","sender-focused"
"Pam",0.362784927895792,0.00173325657941376,-0.000587287975041687,-0.0214854196399588,"EndocardialCells","sender-focused"
"Cytl1",0.338791543908616,0.00168380017899906,-0.000636744375456386,-0.0219976360592212,"Fibroblasts","sender-focused"
"Cytl1",0.338791543908616,0.00168380017899906,-0.000636744375456386,-0.0219976360592212,"Myocytes","sender-focused"
"Cytl1",0.338791543908616,0.00168380017899906,-0.000636744375456386,-0.0219976360592212,"EndocardialCells","sender-focused"
"Bace1",0.362381764614669,0.00166773736966974,-0.000652807184785706,-0.0215396864614602,"Fibroblasts","sender-focused"
"Bace1",0.362381764614669,0.00166773736966974,-0.000652807184785706,-0.0215396864614602,"Myocytes","sender-focused"
"Bace1",0.362381764614669,0.00166773736966974,-0.000652807184785706,-0.0215396864614602,"SmoothMuscleCells","sender-focused"
"Bace1",0.362381764614669,0.00166773736966974,-0.000652807184785706,-0.0215396864614602,"EndocardialCells","sender-focused"
"Cklf",0.296066573628987,0.00149570045891017,-0.000824844095545273,-0.0311645722119509,"EndocardialCells","sender-focused"
