"test_ligand","auroc","aupr","aupr_corrected","pearson","sender","approach"
"Flrt2",0.483137677132529,0.0097634555244869,0.006992604873337,0.00947946974107899,"EndocardialCells","sender-focused"
"Col4a4",0.567494442900791,0.00953850865059744,0.00676765799944754,0.0428274124735901,"EndocardialCells","sender-focused"
"Angptl4",0.513142539594343,0.0079798940669079,0.00520904341575799,0.0443313984125812,"EndothelialCells","sender-focused"
"Angptl4",0.513142539594343,0.0079798940669079,0.00520904341575799,0.0443313984125812,"Myocytes","sender-focused"
"Epha4",0.524902750764091,0.00768542481549576,0.00491457416434585,0.0162068118881387,"EndothelialCells","sender-focused"
"Epha4",0.524902750764091,0.00768542481549576,0.00491457416434585,0.0162068118881387,"Myocytes","sender-focused"
"Epha4",0.524902750764091,0.00768542481549576,0.00491457416434585,0.0162068118881387,"SmoothMuscleCells","sender-focused"
"Epha4",0.524902750764091,0.00768542481549576,0.00491457416434585,0.0162068118881387,"EndocardialCells","sender-focused"
"Il1b",0.519126840789097,0.00737286644048818,0.00460201578933828,0.0109065806404662,"Leukocytes","sender-focused"
"Lama2",0.548930258405109,0.00715884993031563,0.00438799927916573,0.0263863618194947,"Myocytes","sender-focused"
"Lama2",0.548930258405109,0.00715884993031563,0.00438799927916573,0.0263863618194947,"SmoothMuscleCells","sender-focused"
"Dkk3",0.583821894970802,0.00683944403663488,0.00406859338548498,0.0165761007642733,"Myocytes","sender-focused"
"Dkk3",0.583821894970802,0.00683944403663488,0.00406859338548498,0.0165761007642733,"SmoothMuscleCells","sender-focused"
"Efemp2",0.529858988607937,0.00670349494191971,0.0039326442907698,0.00624510996532355,"EndothelialCells","sender-focused"
"Efemp2",0.529858988607937,0.00670349494191971,0.0039326442907698,0.00624510996532355,"Leukocytes","sender-focused"
"Efemp2",0.529858988607937,0.00670349494191971,0.0039326442907698,0.00624510996532355,"SmoothMuscleCells","sender-focused"
"Efemp2",0.529858988607937,0.00670349494191971,0.0039326442907698,0.00624510996532355,"EndocardialCells","sender-focused"
"Flrt1",0.552736871353156,0.00626114236933692,0.00349029171818702,0.00881727350055023,"Myocytes","sender-focused"
"Sema6d",0.567984162267279,0.00621041494938403,0.00343956429823412,0.00956974133531762,"EndothelialCells","sender-focused"
"Sema6d",0.567984162267279,0.00621041494938403,0.00343956429823412,0.00956974133531762,"Myocytes","sender-focused"
"Sema6d",0.567984162267279,0.00621041494938403,0.00343956429823412,0.00956974133531762,"Leukocytes","sender-focused"
"Sema6d",0.567984162267279,0.00621041494938403,0.00343956429823412,0.00956974133531762,"SmoothMuscleCells","sender-focused"
"Sema6d",0.567984162267279,0.00621041494938403,0.00343956429823412,0.00956974133531762,"EndocardialCells","sender-focused"
"Grn",0.550104195609862,0.00616989086499113,0.00339904021384123,0.00352641950929649,"EndothelialCells","sender-focused"
"Grn",0.550104195609862,0.00616989086499113,0.00339904021384123,0.00352641950929649,"Myocytes","sender-focused"
"Grn",0.550104195609862,0.00616989086499113,0.00339904021384123,0.00352641950929649,"Leukocytes","sender-focused"
"Grn",0.550104195609862,0.00616989086499113,0.00339904021384123,0.00352641950929649,"SmoothMuscleCells","sender-focused"
"Grn",0.550104195609862,0.00616989086499113,0.00339904021384123,0.00352641950929649,"EndocardialCells","sender-focused"
"Serpine1",0.527306196165584,0.00608328587587424,0.00331243522472434,0.00471951204177394,"SmoothMuscleCells","sender-focused"
"Adamts3",0.542720200055557,0.00606231111833003,0.00329146046718013,0.00543662354173396,"Myocytes","sender-focused"
"Serpinf1",0.53491247568767,0.00588287663399159,0.00311202598284169,0.00683682238559236,"Myocytes","sender-focused"
"Serpinf1",0.53491247568767,0.00588287663399159,0.00311202598284169,0.00683682238559236,"Leukocytes","sender-focused"
"Slit3",0.567011669908275,0.00585053996089842,0.00307968930974852,0.00827540049996961,"Myocytes","sender-focused"
"Slit3",0.567011669908275,0.00585053996089842,0.00307968930974852,0.00827540049996961,"SmoothMuscleCells","sender-focused"
"Slit3",0.567011669908275,0.00585053996089842,0.00307968930974852,0.00827540049996961,"EndocardialCells","sender-focused"
"Siglece",0.566726868574589,0.00578611426959214,0.00301526361844224,0.00782654394434322,"Leukocytes","sender-focused"
"Thbs2",0.53763545429285,0.00577326717640522,0.00300241652525531,0.00740289518559297,"SmoothMuscleCells","sender-focused"
"Efnb3",0.562354126146141,0.00575703666598689,0.00298618601483699,0.00872706755416749,"Myocytes","sender-focused"
"Lama4",0.522530564045555,0.00574447131608441,0.00297362066493451,0.0102943758613196,"EndothelialCells","sender-focused"
"Lama4",0.522530564045555,0.00574447131608441,0.00297362066493451,0.0102943758613196,"Myocytes","sender-focused"
"Lama4",0.522530564045555,0.00574447131608441,0.00297362066493451,0.0102943758613196,"SmoothMuscleCells","sender-focused"
"Lama4",0.522530564045555,0.00574447131608441,0.00297362066493451,0.0102943758613196,"EndocardialCells","sender-focused"
"Mfge8",0.552042233953868,0.00573202576589972,0.00296117511474982,0.00755239054080248,"EndothelialCells","sender-focused"
"Mfge8",0.552042233953868,0.00573202576589972,0.00296117511474982,0.00755239054080248,"Myocytes","sender-focused"
"Mfge8",0.552042233953868,0.00573202576589972,0.00296117511474982,0.00755239054080248,"Leukocytes","sender-focused"
"Mfge8",0.552042233953868,0.00573202576589972,0.00296117511474982,0.00755239054080248,"SmoothMuscleCells","sender-focused"
"Mfge8",0.552042233953868,0.00573202576589972,0.00296117511474982,0.00755239054080248,"EndocardialCells","sender-focused"
"Sirpb1b",0.565962767435381,0.00571792820517529,0.00294707755402539,0.00877280526670379,"Leukocytes","sender-focused"
"Hsp90b1",0.563948318977475,0.00571521047183277,0.00294435982068286,0.00772262216274158,"EndothelialCells","sender-focused"
"Hsp90b1",0.563948318977475,0.00571521047183277,0.00294435982068286,0.00772262216274158,"Myocytes","sender-focused"
"Hsp90b1",0.563948318977475,0.00571521047183277,0.00294435982068286,0.00772262216274158,"Leukocytes","sender-focused"
"Hsp90b1",0.563948318977475,0.00571521047183277,0.00294435982068286,0.00772262216274158,"SmoothMuscleCells","sender-focused"
"Hsp90b1",0.563948318977475,0.00571521047183277,0.00294435982068286,0.00772262216274158,"EndocardialCells","sender-focused"
"Neo1",0.560617532647932,0.00571254875853086,0.00294169810738096,0.0116045875023002,"Myocytes","sender-focused"
"Neo1",0.560617532647932,0.00571254875853086,0.00294169810738096,0.0116045875023002,"SmoothMuscleCells","sender-focused"
"Neo1",0.560617532647932,0.00571254875853086,0.00294169810738096,0.0116045875023002,"EndocardialCells","sender-focused"
"Lamb2",0.571759516532341,0.0056761918073243,0.0029053411561744,0.0108933613470585,"EndothelialCells","sender-focused"
"Lamb2",0.571759516532341,0.0056761918073243,0.0029053411561744,0.0108933613470585,"Myocytes","sender-focused"
"Lamb2",0.571759516532341,0.0056761918073243,0.0029053411561744,0.0108933613470585,"Leukocytes","sender-focused"
"Lamb2",0.571759516532341,0.0056761918073243,0.0029053411561744,0.0108933613470585,"SmoothMuscleCells","sender-focused"
"Lamb2",0.571759516532341,0.0056761918073243,0.0029053411561744,0.0108933613470585,"EndocardialCells","sender-focused"
"Serpine2",0.541660878021661,0.00567282535904036,0.00290197470789045,0.00814790353245001,"Myocytes","sender-focused"
"Serpine2",0.541660878021661,0.00567282535904036,0.00290197470789045,0.00814790353245001,"SmoothMuscleCells","sender-focused"
"Serpine2",0.541660878021661,0.00567282535904036,0.00290197470789045,0.00814790353245001,"EndocardialCells","sender-focused"
"Gpc3",0.562034592942467,0.00566920292342919,0.00289835227227929,0.00794120975560325,"SmoothMuscleCells","sender-focused"
"S100a8",0.545297304806872,0.00566205771167747,0.00289120706052756,0.00864626680533701,"EndothelialCells","sender-focused"
"S100a8",0.545297304806872,0.00566205771167747,0.00289120706052756,0.00864626680533701,"Leukocytes","sender-focused"
"S100a8",0.545297304806872,0.00566205771167747,0.00289120706052756,0.00864626680533701,"SmoothMuscleCells","sender-focused"
"Sdc2",0.56451444845789,0.0055949624976723,0.00282411184652239,0.00911457585095395,"Myocytes","sender-focused"
"Sdc2",0.56451444845789,0.0055949624976723,0.00282411184652239,0.00911457585095395,"SmoothMuscleCells","sender-focused"
"Sdc2",0.56451444845789,0.0055949624976723,0.00282411184652239,0.00911457585095395,"EndocardialCells","sender-focused"
"Efnb2",0.547346485134744,0.00556016377262533,0.00278931312147542,0.00690463885645463,"EndothelialCells","sender-focused"
"Efnb2",0.547346485134744,0.00556016377262533,0.00278931312147542,0.00690463885645463,"SmoothMuscleCells","sender-focused"
"Efnb2",0.547346485134744,0.00556016377262533,0.00278931312147542,0.00690463885645463,"EndocardialCells","sender-focused"
"Fgf1",0.564156710197247,0.00555669401315748,0.00278584336200757,0.0207780605592282,"Myocytes","sender-focused"
"Fgf1",0.564156710197247,0.00555669401315748,0.00278584336200757,0.0207780605592282,"SmoothMuscleCells","sender-focused"
"Adam15",0.559742289524854,0.00552264725363836,0.00275179660248846,0.00620682856371391,"EndothelialCells","sender-focused"
"Adam15",0.559742289524854,0.00552264725363836,0.00275179660248846,0.00620682856371391,"Myocytes","sender-focused"
"Adam15",0.559742289524854,0.00552264725363836,0.00275179660248846,0.00620682856371391,"Leukocytes","sender-focused"
"Adam15",0.559742289524854,0.00552264725363836,0.00275179660248846,0.00620682856371391,"SmoothMuscleCells","sender-focused"
"Adam15",0.559742289524854,0.00552264725363836,0.00275179660248846,0.00620682856371391,"EndocardialCells","sender-focused"
"Vsig10",0.565330647402037,0.00550817471075473,0.00273732405960483,0.0096182946395275,"EndothelialCells","sender-focused"
"Vsig10",0.565330647402037,0.00550817471075473,0.00273732405960483,0.0096182946395275,"SmoothMuscleCells","sender-focused"
"Vsig10",0.565330647402037,0.00550817471075473,0.00273732405960483,0.0096182946395275,"EndocardialCells","sender-focused"
"Fat4",0.571745623784369,0.00550169272449824,0.00273084207334834,0.00812726641299397,"EndothelialCells","sender-focused"
"Fat4",0.571745623784369,0.00550169272449824,0.00273084207334834,0.00812726641299397,"EndocardialCells","sender-focused"
"Hp",0.539462350652944,0.0054898551525176,0.0027190045013677,0.00862592628831785,"Leukocytes","sender-focused"
"Igf1",0.553101555987763,0.00548471882820828,0.00271386817705838,0.0304633118049198,"Myocytes","sender-focused"
"Igf1",0.553101555987763,0.00548471882820828,0.00271386817705838,0.0304633118049198,"Leukocytes","sender-focused"
"Lgals1",0.542084606835218,0.00548396239691939,0.00271311174576949,0.00281130992862771,"EndothelialCells","sender-focused"
"Lgals1",0.542084606835218,0.00548396239691939,0.00271311174576949,0.00281130992862771,"Myocytes","sender-focused"
"Lgals1",0.542084606835218,0.00548396239691939,0.00271311174576949,0.00281130992862771,"Leukocytes","sender-focused"
"Lgals1",0.542084606835218,0.00548396239691939,0.00271311174576949,0.00281130992862771,"SmoothMuscleCells","sender-focused"
"Lgals1",0.542084606835218,0.00548396239691939,0.00271311174576949,0.00281130992862771,"EndocardialCells","sender-focused"
"Tslp",0.570804390108344,0.00548268810800209,0.00271183745685218,0.0193957694232621,"Leukocytes","sender-focused"
"Tslp",0.570804390108344,0.00548268810800209,0.00271183745685218,0.0193957694232621,"SmoothMuscleCells","sender-focused"
"Ezr",0.559051125312564,0.00548217358516153,0.00271132293401163,0.00545554690234269,"Myocytes","sender-focused"
"Ezr",0.559051125312564,0.00548217358516153,0.00271132293401163,0.00545554690234269,"Leukocytes","sender-focused"
"Ezr",0.559051125312564,0.00548217358516153,0.00271132293401163,0.00545554690234269,"SmoothMuscleCells","sender-focused"
"Ezr",0.559051125312564,0.00548217358516153,0.00271132293401163,0.00545554690234269,"EndocardialCells","sender-focused"
"Lrfn4",0.550434148374533,0.00545305169474762,0.00268220104359772,0.00697912409567481,"Myocytes","sender-focused"
"Timp3",0.551837315921067,0.00543414482234311,0.00266329417119321,0.00659637725340406,"EndothelialCells","sender-focused"
"Timp3",0.551837315921067,0.00543414482234311,0.00266329417119321,0.00659637725340406,"Myocytes","sender-focused"
"Timp3",0.551837315921067,0.00543414482234311,0.00266329417119321,0.00659637725340406,"Leukocytes","sender-focused"
"Timp3",0.551837315921067,0.00543414482234311,0.00266329417119321,0.00659637725340406,"SmoothMuscleCells","sender-focused"
"Timp3",0.551837315921067,0.00543414482234311,0.00266329417119321,0.00659637725340406,"EndocardialCells","sender-focused"
"Ptdss1",0.529324117810498,0.0054311723239349,0.002660321672785,0.00563751294579664,"EndothelialCells","sender-focused"
"Ptdss1",0.529324117810498,0.0054311723239349,0.002660321672785,0.00563751294579664,"Myocytes","sender-focused"
"Ptdss1",0.529324117810498,0.0054311723239349,0.002660321672785,0.00563751294579664,"Leukocytes","sender-focused"
"Ptdss1",0.529324117810498,0.0054311723239349,0.002660321672785,0.00563751294579664,"SmoothMuscleCells","sender-focused"
"Ptdss1",0.529324117810498,0.0054311723239349,0.002660321672785,0.00563751294579664,"EndocardialCells","sender-focused"
"Osm",0.563632258960807,0.00542324939584517,0.00265239874469526,0.0104479263579885,"Leukocytes","sender-focused"
"Col8a1",0.546422617393701,0.00540852176309507,0.00263767111194516,0.0045057946242415,"SmoothMuscleCells","sender-focused"
"Sema3f",0.53252292303416,0.00534778677303073,0.00257693612188082,0.00454049542782818,"EndothelialCells","sender-focused"
"Sema3f",0.53252292303416,0.00534778677303073,0.00257693612188082,0.00454049542782818,"SmoothMuscleCells","sender-focused"
"Sema3f",0.53252292303416,0.00534778677303073,0.00257693612188082,0.00454049542782818,"EndocardialCells","sender-focused"
"Msn",0.539896499027497,0.00530523775428215,0.00253438710313225,0.00445727460776664,"EndothelialCells","sender-focused"
"Msn",0.539896499027497,0.00530523775428215,0.00253438710313225,0.00445727460776664,"Myocytes","sender-focused"
"Msn",0.539896499027497,0.00530523775428215,0.00253438710313225,0.00445727460776664,"Leukocytes","sender-focused"
"Msn",0.539896499027497,0.00530523775428215,0.00253438710313225,0.00445727460776664,"SmoothMuscleCells","sender-focused"
"Msn",0.539896499027497,0.00530523775428215,0.00253438710313225,0.00445727460776664,"EndocardialCells","sender-focused"
"S100a9",0.542095026396198,0.00529516577106886,0.00252431511991896,0.00399994415935083,"EndothelialCells","sender-focused"
"S100a9",0.542095026396198,0.00529516577106886,0.00252431511991896,0.00399994415935083,"Leukocytes","sender-focused"
"S100a9",0.542095026396198,0.00529516577106886,0.00252431511991896,0.00399994415935083,"SmoothMuscleCells","sender-focused"
"Cp",0.528243956654615,0.00527943934952082,0.00250858869837092,0.00454540014171909,"Myocytes","sender-focused"
"Cp",0.528243956654615,0.00527943934952082,0.00250858869837092,0.00454540014171909,"Leukocytes","sender-focused"
"Cp",0.528243956654615,0.00527943934952082,0.00250858869837092,0.00454540014171909,"SmoothMuscleCells","sender-focused"
"Cp",0.528243956654615,0.00527943934952082,0.00250858869837092,0.00454540014171909,"EndocardialCells","sender-focused"
"Tgfb3",0.552153375937745,0.00526991012408272,0.00249905947293282,0.0317954747547856,"Myocytes","sender-focused"
"Tgfb3",0.552153375937745,0.00526991012408272,0.00249905947293282,0.0317954747547856,"SmoothMuscleCells","sender-focused"
"B2m",0.537666712975818,0.00525700013335057,0.00248614948220067,0.00304247284090216,"EndothelialCells","sender-focused"
"B2m",0.537666712975818,0.00525700013335057,0.00248614948220067,0.00304247284090216,"Myocytes","sender-focused"
"B2m",0.537666712975818,0.00525700013335057,0.00248614948220067,0.00304247284090216,"Leukocytes","sender-focused"
"B2m",0.537666712975818,0.00525700013335057,0.00248614948220067,0.00304247284090216,"SmoothMuscleCells","sender-focused"
"B2m",0.537666712975818,0.00525700013335057,0.00248614948220067,0.00304247284090216,"EndocardialCells","sender-focused"
"Btnl9",0.54312308974714,0.00524361343114039,0.00247276277999049,0.00571006371127633,"EndothelialCells","sender-focused"
"Btnl9",0.54312308974714,0.00524361343114039,0.00247276277999049,0.00571006371127633,"SmoothMuscleCells","sender-focused"
"H2-Q4",0.553459294248389,0.00523957083780358,0.00246872018665368,0.00509453542893883,"EndothelialCells","sender-focused"
"H2-Q4",0.553459294248389,0.00523957083780358,0.00246872018665368,0.00509453542893883,"Leukocytes","sender-focused"
"H2-Q4",0.553459294248389,0.00523957083780358,0.00246872018665368,0.00509453542893883,"SmoothMuscleCells","sender-focused"
"H2-Q4",0.553459294248389,0.00523957083780358,0.00246872018665368,0.00509453542893883,"EndocardialCells","sender-focused"
"H2-Q6",0.553459294248389,0.00523957083780358,0.00246872018665368,0.00509453542893883,"EndocardialCells","sender-focused"
"H2-D1",0.553452347874396,0.00523700903197978,0.00246615838082988,0.00509489043221792,"EndothelialCells","sender-focused"
"H2-D1",0.553452347874396,0.00523700903197978,0.00246615838082988,0.00509489043221792,"Myocytes","sender-focused"
"H2-D1",0.553452347874396,0.00523700903197978,0.00246615838082988,0.00509489043221792,"Leukocytes","sender-focused"
"H2-D1",0.553452347874396,0.00523700903197978,0.00246615838082988,0.00509489043221792,"SmoothMuscleCells","sender-focused"
"H2-D1",0.553452347874396,0.00523700903197978,0.00246615838082988,0.00509489043221792,"EndocardialCells","sender-focused"
"Lrpap1",0.545345929424823,0.00523674312810545,0.00246589247695554,0.0042566351078727,"EndothelialCells","sender-focused"
"Lrpap1",0.545345929424823,0.00523674312810545,0.00246589247695554,0.0042566351078727,"Myocytes","sender-focused"
"Lrpap1",0.545345929424823,0.00523674312810545,0.00246589247695554,0.0042566351078727,"Leukocytes","sender-focused"
"Lrpap1",0.545345929424823,0.00523674312810545,0.00246589247695554,0.0042566351078727,"SmoothMuscleCells","sender-focused"
"Lrpap1",0.545345929424823,0.00523674312810545,0.00246589247695554,0.0042566351078727,"EndocardialCells","sender-focused"
"H2-K1",0.552452070019436,0.00523468306331272,0.00246383241216282,0.00506286302151436,"EndothelialCells","sender-focused"
"H2-K1",0.552452070019436,0.00523468306331272,0.00246383241216282,0.00506286302151436,"Myocytes","sender-focused"
"H2-K1",0.552452070019436,0.00523468306331272,0.00246383241216282,0.00506286302151436,"Leukocytes","sender-focused"
"H2-K1",0.552452070019436,0.00523468306331272,0.00246383241216282,0.00506286302151436,"SmoothMuscleCells","sender-focused"
"H2-K1",0.552452070019436,0.00523468306331272,0.00246383241216282,0.00506286302151436,"EndocardialCells","sender-focused"
"Fgfrl1",0.528855237565992,0.00523415551811593,0.00246330486696603,0.00604682932039585,"Myocytes","sender-focused"
"Fgfrl1",0.528855237565992,0.00523415551811593,0.00246330486696603,0.00604682932039585,"EndocardialCells","sender-focused"
"Sfrp1",0.601837315921072,0.00522778073566427,0.00245693008451437,0.0122790374432371,"Myocytes","sender-focused"
"Pf4",0.553073770491775,0.00520904211379631,0.00243819146264641,0.0178497846840532,"EndothelialCells","sender-focused"
"Pf4",0.553073770491775,0.00520904211379631,0.00243819146264641,0.0178497846840532,"Myocytes","sender-focused"
"Pf4",0.553073770491775,0.00520904211379631,0.00243819146264641,0.0178497846840532,"Leukocytes","sender-focused"
"Pf4",0.553073770491775,0.00520904211379631,0.00243819146264641,0.0178497846840532,"SmoothMuscleCells","sender-focused"
"Pf4",0.553073770491775,0.00520904211379631,0.00243819146264641,0.0178497846840532,"EndocardialCells","sender-focused"
"Gstp1",0.535475131981102,0.00517766350822613,0.00240681285707623,0.00568787250123989,"EndothelialCells","sender-focused"
"Gstp1",0.535475131981102,0.00517766350822613,0.00240681285707623,0.00568787250123989,"Myocytes","sender-focused"
"Gstp2",0.535475131981102,0.00517766350822613,0.00240681285707623,0.00568787250123989,"Myocytes","sender-focused"
"Gstp1",0.535475131981102,0.00517766350822613,0.00240681285707623,0.00568787250123989,"Leukocytes","sender-focused"
"Gstp1",0.535475131981102,0.00517766350822613,0.00240681285707623,0.00568787250123989,"SmoothMuscleCells","sender-focused"
"Gstp1",0.535475131981102,0.00517766350822613,0.00240681285707623,0.00568787250123989,"EndocardialCells","sender-focused"
"Adam9",0.549795081967201,0.00517183738097928,0.00240098672982937,0.00435812967895613,"EndothelialCells","sender-focused"
"Adam9",0.549795081967201,0.00517183738097928,0.00240098672982937,0.00435812967895613,"Myocytes","sender-focused"
"Adam9",0.549795081967201,0.00517183738097928,0.00240098672982937,0.00435812967895613,"Leukocytes","sender-focused"
"Adam9",0.549795081967201,0.00517183738097928,0.00240098672982937,0.00435812967895613,"SmoothMuscleCells","sender-focused"
"Adam9",0.549795081967201,0.00517183738097928,0.00240098672982937,0.00435812967895613,"EndocardialCells","sender-focused"
"Fgf13",0.520345929424832,0.00516790079378188,0.00239705014263197,0.004281956827546,"Myocytes","sender-focused"
"Sema3a",0.535377882745186,0.00516053248713133,0.00238968183598143,0.00507857205196913,"EndocardialCells","sender-focused"
"A2m",0.560322311753244,0.00515108581854309,0.00238023516739318,0.00675069755803431,"EndocardialCells","sender-focused"
"Nid1",0.553337732703512,0.00514565043330436,0.00237479978215446,0.00587354124729496,"EndothelialCells","sender-focused"
"Nid1",0.553337732703512,0.00514565043330436,0.00237479978215446,0.00587354124729496,"Myocytes","sender-focused"
"Nid1",0.553337732703512,0.00514565043330436,0.00237479978215446,0.00587354124729496,"SmoothMuscleCells","sender-focused"
"Nid1",0.553337732703512,0.00514565043330436,0.00237479978215446,0.00587354124729496,"EndocardialCells","sender-focused"
"Cd55",0.538250208391204,0.00514544421043192,0.00237459355928202,0.00549992244282613,"Leukocytes","sender-focused"
"Cd55",0.538250208391204,0.00514544421043192,0.00237459355928202,0.00549992244282613,"EndocardialCells","sender-focused"
"Sema4a",0.524878438455124,0.00514183608005231,0.00237098542890241,0.00159912202020695,"Leukocytes","sender-focused"
"Il18bp",0.56244442900803,0.00513781609780616,0.00236696544665625,0.0050732530037095,"EndothelialCells","sender-focused"
"Il18bp",0.56244442900803,0.00513781609780616,0.00236696544665625,0.0050732530037095,"Myocytes","sender-focused"
"Il18bp",0.56244442900803,0.00513781609780616,0.00236696544665625,0.0050732530037095,"Leukocytes","sender-focused"
"Il18bp",0.56244442900803,0.00513781609780616,0.00236696544665625,0.0050732530037095,"EndocardialCells","sender-focused"
"Sema5a",0.547054737427052,0.00512029249945952,0.00234944184830962,0.00428405778183729,"SmoothMuscleCells","sender-focused"
"C1qa",0.545495276465671,0.00510259227266507,0.00233174162151517,0.00169214449571853,"EndothelialCells","sender-focused"
"C1qa",0.545495276465671,0.00510259227266507,0.00233174162151517,0.00169214449571853,"Myocytes","sender-focused"
"C1qa",0.545495276465671,0.00510259227266507,0.00233174162151517,0.00169214449571853,"Leukocytes","sender-focused"
"C1qa",0.545495276465671,0.00510259227266507,0.00233174162151517,0.00169214449571853,"SmoothMuscleCells","sender-focused"
"C1qa",0.545495276465671,0.00510259227266507,0.00233174162151517,0.00169214449571853,"EndocardialCells","sender-focused"
"Gpi1",0.534575576549022,0.00509003714014872,0.00231918648899881,0.000832008776135752,"EndothelialCells","sender-focused"
"Gpi1",0.534575576549022,0.00509003714014872,0.00231918648899881,0.000832008776135752,"Myocytes","sender-focused"
"Gpi1",0.534575576549022,0.00509003714014872,0.00231918648899881,0.000832008776135752,"Leukocytes","sender-focused"
"Gpi1",0.534575576549022,0.00509003714014872,0.00231918648899881,0.000832008776135752,"SmoothMuscleCells","sender-focused"
"Gpi1",0.534575576549022,0.00509003714014872,0.00231918648899881,0.000832008776135752,"EndocardialCells","sender-focused"
"Igfbp4",0.546276743539834,0.00506703320762905,0.00229618255647915,0.00558938524193162,"EndothelialCells","sender-focused"
"Igfbp4",0.546276743539834,0.00506703320762905,0.00229618255647915,0.00558938524193162,"Myocytes","sender-focused"
"Igfbp4",0.546276743539834,0.00506703320762905,0.00229618255647915,0.00558938524193162,"Leukocytes","sender-focused"
"Igfbp4",0.546276743539834,0.00506703320762905,0.00229618255647915,0.00558938524193162,"SmoothMuscleCells","sender-focused"
"Igfbp4",0.546276743539834,0.00506703320762905,0.00229618255647915,0.00558938524193162,"EndocardialCells","sender-focused"
"Apoc1",0.536749791608762,0.00506602602399436,0.00229517537284445,0.00361594858498931,"EndocardialCells","sender-focused"
"S100a4",0.533655181994988,0.0050601254089047,0.0022892747577548,0.00717177181776901,"Leukocytes","sender-focused"
"S100a4",0.533655181994988,0.0050601254089047,0.0022892747577548,0.00717177181776901,"SmoothMuscleCells","sender-focused"
"Nrp1",0.541917893859386,0.00505940667742565,0.00228855602627575,0.00296398249103231,"EndothelialCells","sender-focused"
"Nrp1",0.541917893859386,0.00505940667742565,0.00228855602627575,0.00296398249103231,"Myocytes","sender-focused"
"Nrp1",0.541917893859386,0.00505940667742565,0.00228855602627575,0.00296398249103231,"Leukocytes","sender-focused"
"Nrp1",0.541917893859386,0.00505940667742565,0.00228855602627575,0.00296398249103231,"SmoothMuscleCells","sender-focused"
"Nrp1",0.541917893859386,0.00505940667742565,0.00228855602627575,0.00296398249103231,"EndocardialCells","sender-focused"
"Lrrc4b",0.542188802445111,0.00505419610104388,0.00228334544989398,0.00685113650517106,"Myocytes","sender-focused"
"Cd79b",0.535548068908012,0.00505350361027973,0.00228265295912983,0.00308257580182999,"Leukocytes","sender-focused"
"Rgma",0.572846624062224,0.00504448897812024,0.00227363832697033,0.0075786271230909,"Myocytes","sender-focused"
"Rgma",0.572846624062224,0.00504448897812024,0.00227363832697033,0.0075786271230909,"SmoothMuscleCells","sender-focused"
"Pros1",0.547641706029428,0.00503445422020253,0.00226360356905262,0.00296330685673569,"EndothelialCells","sender-focused"
"Pros1",0.547641706029428,0.00503445422020253,0.00226360356905262,0.00296330685673569,"Myocytes","sender-focused"
"Pros1",0.547641706029428,0.00503445422020253,0.00226360356905262,0.00296330685673569,"Leukocytes","sender-focused"
"Pros1",0.547641706029428,0.00503445422020253,0.00226360356905262,0.00296330685673569,"SmoothMuscleCells","sender-focused"
"Pros1",0.547641706029428,0.00503445422020253,0.00226360356905262,0.00296330685673569,"EndocardialCells","sender-focused"
"Opcml",0.562232564601263,0.00503214881930281,0.0022612981681529,0.0117492938706976,"Myocytes","sender-focused"
"Cd47",0.573982356210042,0.00502964715067905,0.00225879649952915,0.00398479263370197,"EndothelialCells","sender-focused"
"Cd47",0.573982356210042,0.00502964715067905,0.00225879649952915,0.00398479263370197,"Myocytes","sender-focused"
"Cd47",0.573982356210042,0.00502964715067905,0.00225879649952915,0.00398479263370197,"Leukocytes","sender-focused"
"Cd47",0.573982356210042,0.00502964715067905,0.00225879649952915,0.00398479263370197,"SmoothMuscleCells","sender-focused"
"Cd47",0.573982356210042,0.00502964715067905,0.00225879649952915,0.00398479263370197,"EndocardialCells","sender-focused"
"Corin",0.532922339538744,0.00501953945581897,0.00224868880466907,0.00316398927751114,"Myocytes","sender-focused"
"Corin",0.532922339538744,0.00501953945581897,0.00224868880466907,0.00316398927751114,"SmoothMuscleCells","sender-focused"
"F11r",0.559429702695176,0.00501593298665313,0.00224508233550323,0.00412646956107746,"EndothelialCells","sender-focused"
"F11r",0.559429702695176,0.00501593298665313,0.00224508233550323,0.00412646956107746,"Myocytes","sender-focused"
"F11r",0.559429702695176,0.00501593298665313,0.00224508233550323,0.00412646956107746,"Leukocytes","sender-focused"
"F11r",0.559429702695176,0.00501593298665313,0.00224508233550323,0.00412646956107746,"SmoothMuscleCells","sender-focused"
"F11r",0.559429702695176,0.00501593298665313,0.00224508233550323,0.00412646956107746,"EndocardialCells","sender-focused"
"Ebi3",0.553532231175283,0.00501188137139974,0.00224103072024984,0.0137360538914798,"Leukocytes","sender-focused"
"C4b",0.538212003334248,0.00500986293358734,0.00223901228243744,0.00198036958650068,"Leukocytes","sender-focused"
"C4b",0.538212003334248,0.00500986293358734,0.00223901228243744,0.00198036958650068,"EndocardialCells","sender-focused"
"Bace1",0.536919977771591,0.00500505783720977,0.00223420718605987,0.00301613438652086,"Myocytes","sender-focused"
"Bace1",0.536919977771591,0.00500505783720977,0.00223420718605987,0.00301613438652086,"SmoothMuscleCells","sender-focused"
"Bace1",0.536919977771591,0.00500505783720977,0.00223420718605987,0.00301613438652086,"EndocardialCells","sender-focused"
"Gdf10",0.560662684078902,0.00500389674461025,0.00223304609346035,0.00603078054616994,"SmoothMuscleCells","sender-focused"
"Boc",0.558252292303407,0.00499654278674177,0.00222569213559187,0.00665063492233255,"SmoothMuscleCells","sender-focused"
"Boc",0.558252292303407,0.00499654278674177,0.00222569213559187,0.00665063492233255,"EndocardialCells","sender-focused"
"Sost",0.552438177271455,0.00499520525900773,0.00222435460785783,0.00607799772990823,"EndocardialCells","sender-focused"
"Efnb1",0.550520978049442,0.0049887067779474,0.0022178561267975,0.00492609163677593,"EndothelialCells","sender-focused"
"Efnb1",0.550520978049442,0.0049887067779474,0.0022178561267975,0.00492609163677593,"Myocytes","sender-focused"
"Efnb1",0.550520978049442,0.0049887067779474,0.0022178561267975,0.00492609163677593,"SmoothMuscleCells","sender-focused"
"Efnb1",0.550520978049442,0.0049887067779474,0.0022178561267975,0.00492609163677593,"EndocardialCells","sender-focused"
"Fgf14",0.53819811058625,0.00496502376600838,0.00219417311485848,0.00615611431693575,"Myocytes","sender-focused"
"Fgf14",0.53819811058625,0.00496502376600838,0.00219417311485848,0.00615611431693575,"EndocardialCells","sender-focused"
"Bace2",0.52459016393442,0.00495679740648028,0.00218594675533037,0.0104670024363366,"EndothelialCells","sender-focused"
"Bace2",0.52459016393442,0.00495679740648028,0.00218594675533037,0.0104670024363366,"EndocardialCells","sender-focused"
"Shisa4",0.53821547652124,0.00492999353792967,0.00215914288677976,0.00261772919547153,"Myocytes","sender-focused"
"Il16",0.561381633787147,0.00492453455211556,0.00215368390096566,0.00340396283686085,"EndothelialCells","sender-focused"
"Il16",0.561381633787147,0.00492453455211556,0.00215368390096566,0.00340396283686085,"Leukocytes","sender-focused"
"Cntf",0.587989719366457,0.0049231856690318,0.0021523350178819,0.00604596335790599,"Myocytes","sender-focused"
"Itga4",0.569144206724077,0.00492004548863167,0.00214919483748176,0.00501081357201413,"Leukocytes","sender-focused"
"Cd320",0.551830369547079,0.00490965831902775,0.00213880766787785,0.00465890895342724,"EndothelialCells","sender-focused"
"Cd320",0.551830369547079,0.00490965831902775,0.00213880766787785,0.00465890895342724,"Myocytes","sender-focused"
"Cd320",0.551830369547079,0.00490965831902775,0.00213880766787785,0.00465890895342724,"SmoothMuscleCells","sender-focused"
"Cd320",0.551830369547079,0.00490965831902775,0.00213880766787785,0.00465890895342724,"EndocardialCells","sender-focused"
"Plxna1",0.527004028896914,0.00490816984376194,0.00213731919261203,0.00258016039442279,"Myocytes","sender-focused"
"Plxna1",0.527004028896914,0.00490816984376194,0.00213731919261203,0.00258016039442279,"Leukocytes","sender-focused"
"Plxna1",0.527004028896914,0.00490816984376194,0.00213731919261203,0.00258016039442279,"SmoothMuscleCells","sender-focused"
"Gnas",0.547273548207829,0.00490779726181369,0.00213694661066379,0.0019534333595324,"EndothelialCells","sender-focused"
"Gnas",0.547273548207829,0.00490779726181369,0.00213694661066379,0.0019534333595324,"Myocytes","sender-focused"
"Gnas",0.547273548207829,0.00490779726181369,0.00213694661066379,0.0019534333595324,"Leukocytes","sender-focused"
"Gnas",0.547273548207829,0.00490779726181369,0.00213694661066379,0.0019534333595324,"SmoothMuscleCells","sender-focused"
"Gnas",0.547273548207829,0.00490779726181369,0.00213694661066379,0.0019534333595324,"EndocardialCells","sender-focused"
"Fgf12",0.529852042233949,0.00490688082775858,0.00213603017660868,0.00539613063573883,"Myocytes","sender-focused"
"Fndc5",0.540000694637389,0.00490490814870444,0.00213405749755454,0.00408136136879413,"Myocytes","sender-focused"
"Prg4",0.530723812170035,0.00489860427064967,0.00212775361949977,0.00406784930354998,"EndothelialCells","sender-focused"
"Tspan5",0.544727702139476,0.00489197060642197,0.00212111995527207,0.00556926502869599,"EndothelialCells","sender-focused"
"Tspan5",0.544727702139476,0.00489197060642197,0.00212111995527207,0.00556926502869599,"Leukocytes","sender-focused"
"Tspan5",0.544727702139476,0.00489197060642197,0.00212111995527207,0.00556926502869599,"EndocardialCells","sender-focused"
"Nrtn",0.558089052514573,0.00489077442435544,0.00211992377320554,0.00487491326133862,"Myocytes","sender-focused"
"Apoc2",0.506123228674626,0.00488707972451193,0.00211622907336203,0.00115199569011532,"Leukocytes","sender-focused"
"Dusp18",0.525614754098346,0.00488108201418569,0.00211023136303579,0.0031126727190421,"Myocytes","sender-focused"
"Slc6a8",0.572412475687677,0.00487737159462769,0.00210652094347779,0.00513933123906226,"Myocytes","sender-focused"
"Slc6a8",0.572412475687677,0.00487737159462769,0.00210652094347779,0.00513933123906226,"SmoothMuscleCells","sender-focused"
"Slc6a8",0.572412475687677,0.00487737159462769,0.00210652094347779,0.00513933123906226,"EndocardialCells","sender-focused"
"Bmp1",0.558071686579588,0.00487653626600861,0.00210568561485871,0.0112304814645681,"EndothelialCells","sender-focused"
"Bmp1",0.558071686579588,0.00487653626600861,0.00210568561485871,0.0112304814645681,"Myocytes","sender-focused"
"Bmp1",0.558071686579588,0.00487653626600861,0.00210568561485871,0.0112304814645681,"SmoothMuscleCells","sender-focused"
"Angptl2",0.506616421228115,0.00487493748160521,0.00210408683045531,-0.00249375934859688,"Myocytes","sender-focused"
"Angptl2",0.506616421228115,0.00487493748160521,0.00210408683045531,-0.00249375934859688,"SmoothMuscleCells","sender-focused"
"Angptl2",0.506616421228115,0.00487493748160521,0.00210408683045531,-0.00249375934859688,"EndocardialCells","sender-focused"
"Copa",0.545300777993878,0.00487477207470733,0.00210392142355742,0.00164916735584809,"EndothelialCells","sender-focused"
"Copa",0.545300777993878,0.00487477207470733,0.00210392142355742,0.00164916735584809,"Myocytes","sender-focused"
"Copa",0.545300777993878,0.00487477207470733,0.00210392142355742,0.00164916735584809,"Leukocytes","sender-focused"
"Copa",0.545300777993878,0.00487477207470733,0.00210392142355742,0.00164916735584809,"SmoothMuscleCells","sender-focused"
"Copa",0.545300777993878,0.00487477207470733,0.00210392142355742,0.00164916735584809,"EndocardialCells","sender-focused"
"Ctsd",0.503924701305909,0.00487362749551036,0.00210277684436046,0.00332673114261752,"EndothelialCells","sender-focused"
"Ctsd",0.503924701305909,0.00487362749551036,0.00210277684436046,0.00332673114261752,"Myocytes","sender-focused"
"Ctsd",0.503924701305909,0.00487362749551036,0.00210277684436046,0.00332673114261752,"Leukocytes","sender-focused"
"Ctsd",0.503924701305909,0.00487362749551036,0.00210277684436046,0.00332673114261752,"SmoothMuscleCells","sender-focused"
"Ctsd",0.503924701305909,0.00487362749551036,0.00210277684436046,0.00332673114261752,"EndocardialCells","sender-focused"
"Apoa2",0.495543901083641,0.00487122303762227,0.00210037238647237,-0.000761124585916537,"Myocytes","sender-focused"
"Col6a3",0.5688246735204,0.00486543539167313,0.00209458474052323,0.00678136615482358,"SmoothMuscleCells","sender-focused"
"Col6a3",0.5688246735204,0.00486543539167313,0.00209458474052323,0.00678136615482358,"EndocardialCells","sender-focused"
"Lilra6",0.541466379549865,0.00486166017638555,0.00209080952523565,0.00307583040824278,"Leukocytes","sender-focused"
"Ncam1",0.556154487357582,0.00484420727717293,0.00207335662602302,0.00545681514367524,"Myocytes","sender-focused"
"Ncam1",0.556154487357582,0.00484420727717293,0.00207335662602302,0.00545681514367524,"SmoothMuscleCells","sender-focused"
"Ncam1",0.556154487357582,0.00484420727717293,0.00207335662602302,0.00545681514367524,"EndocardialCells","sender-focused"
"Sema7a",0.563955265351473,0.00483434021771639,0.00206348956656648,0.00345870085999726,"EndothelialCells","sender-focused"
"Sema7a",0.563955265351473,0.00483434021771639,0.00206348956656648,0.00345870085999726,"SmoothMuscleCells","sender-focused"
"Tfpi",0.54029591553208,0.00482814710237574,0.00205729645122583,0.00224646146444803,"EndothelialCells","sender-focused"
"Tfpi",0.54029591553208,0.00482814710237574,0.00205729645122583,0.00224646146444803,"Myocytes","sender-focused"
"Tfpi",0.54029591553208,0.00482814710237574,0.00205729645122583,0.00224646146444803,"Leukocytes","sender-focused"
"Tfpi",0.54029591553208,0.00482814710237574,0.00205729645122583,0.00224646146444803,"SmoothMuscleCells","sender-focused"
"Tfpi",0.54029591553208,0.00482814710237574,0.00205729645122583,0.00224646146444803,"EndocardialCells","sender-focused"
"Apoa1",0.538427340928029,0.0048217829788111,0.0020509323276612,0.00112380943335361,"Myocytes","sender-focused"
"Ifitm6",0.526608085579304,0.00482046575973986,0.00204961510858996,0.0102287949108334,"Leukocytes","sender-focused"
"Fn1",0.561270491803259,0.00481516883195833,0.00204431818080843,0.0026619979864994,"EndothelialCells","sender-focused"
"Fn1",0.561270491803259,0.00481516883195833,0.00204431818080843,0.0026619979864994,"Leukocytes","sender-focused"
"Fn1",0.561270491803259,0.00481516883195833,0.00204431818080843,0.0026619979864994,"SmoothMuscleCells","sender-focused"
"Fn1",0.561270491803259,0.00481516883195833,0.00204431818080843,0.0026619979864994,"EndocardialCells","sender-focused"
"Ahsg",0.515994026118363,0.00481252908345827,0.00204167843230837,0.00179502635753415,"Myocytes","sender-focused"
"Ahsg",0.515994026118363,0.00481252908345827,0.00204167843230837,0.00179502635753415,"EndocardialCells","sender-focused"
"Plekho2",0.531915115309792,0.00480073327954218,0.00202988262839228,0.00312521293840638,"EndothelialCells","sender-focused"
"Plekho2",0.531915115309792,0.00480073327954218,0.00202988262839228,0.00312521293840638,"Leukocytes","sender-focused"
"Plekho2",0.531915115309792,0.00480073327954218,0.00202988262839228,0.00312521293840638,"SmoothMuscleCells","sender-focused"
"Plekho2",0.531915115309792,0.00480073327954218,0.00202988262839228,0.00312521293840638,"EndocardialCells","sender-focused"
"Vwf",0.533526674076127,0.00479785765293541,0.00202700700178551,0.000610512600537062,"EndothelialCells","sender-focused"
"Vwf",0.533526674076127,0.00479785765293541,0.00202700700178551,0.000610512600537062,"SmoothMuscleCells","sender-focused"
"Vwf",0.533526674076127,0.00479785765293541,0.00202700700178551,0.000610512600537062,"EndocardialCells","sender-focused"
"Lin7c",0.525673798277294,0.00479304433236896,0.00202219368121906,0.00163811369562146,"EndothelialCells","sender-focused"
"Lin7c",0.525673798277294,0.00479304433236896,0.00202219368121906,0.00163811369562146,"Myocytes","sender-focused"
"Lin7c",0.525673798277294,0.00479304433236896,0.00202219368121906,0.00163811369562146,"Leukocytes","sender-focused"
"Lin7c",0.525673798277294,0.00479304433236896,0.00202219368121906,0.00163811369562146,"SmoothMuscleCells","sender-focused"
"Lin7c",0.525673798277294,0.00479304433236896,0.00202219368121906,0.00163811369562146,"EndocardialCells","sender-focused"
"Angptl1",0.527712559044177,0.00479230693711961,0.0020214562859697,0.00141319654094089,"EndocardialCells","sender-focused"
"Mmp2",0.534106696304517,0.0047899896590147,0.0020191390078648,0.00162692138383048,"Myocytes","sender-focused"
"Mmp2",0.534106696304517,0.0047899896590147,0.0020191390078648,0.00162692138383048,"Leukocytes","sender-focused"
"Mmp2",0.534106696304517,0.0047899896590147,0.0020191390078648,0.00162692138383048,"SmoothMuscleCells","sender-focused"
"Mmp2",0.534106696304517,0.0047899896590147,0.0020191390078648,0.00162692138383048,"EndocardialCells","sender-focused"
"Lilra5",0.534408863573204,0.00477688100180907,0.00200603035065917,0.00202188074166247,"Leukocytes","sender-focused"
"Serping1",0.520870380661285,0.00477270431590863,0.00200185366475873,0.00123463340864554,"EndothelialCells","sender-focused"
"Serping1",0.520870380661285,0.00477270431590863,0.00200185366475873,0.00123463340864554,"Myocytes","sender-focused"
"Serping1",0.520870380661285,0.00477270431590863,0.00200185366475873,0.00123463340864554,"Leukocytes","sender-focused"
"Serping1",0.520870380661285,0.00477270431590863,0.00200185366475873,0.00123463340864554,"SmoothMuscleCells","sender-focused"
"Serping1",0.520870380661285,0.00477270431590863,0.00200185366475873,0.00123463340864554,"EndocardialCells","sender-focused"
"Ntn1",0.526035009724922,0.00477249517515899,0.00200164452400908,0.0016013631648062,"Myocytes","sender-focused"
"Ntn1",0.526035009724922,0.00477249517515899,0.00200164452400908,0.0016013631648062,"SmoothMuscleCells","sender-focused"
"Ntn1",0.526035009724922,0.00477249517515899,0.00200164452400908,0.0016013631648062,"EndocardialCells","sender-focused"
"C3",0.53610377882745,0.00476540754615479,0.00199455689500489,0.00304882451957043,"Myocytes","sender-focused"
"C3",0.53610377882745,0.00476540754615479,0.00199455689500489,0.00304882451957043,"Leukocytes","sender-focused"
"C3",0.53610377882745,0.00476540754615479,0.00199455689500489,0.00304882451957043,"SmoothMuscleCells","sender-focused"
"C3",0.53610377882745,0.00476540754615479,0.00199455689500489,0.00304882451957043,"EndocardialCells","sender-focused"
"Efemp1",0.540646707418708,0.00476179663688976,0.00199094598573986,0.00555472726318737,"EndocardialCells","sender-focused"
"Lgals3bp",0.557258960822441,0.00475801953634474,0.00198716888519484,0.00221756780036495,"EndothelialCells","sender-focused"
"Lgals3bp",0.557258960822441,0.00475801953634474,0.00198716888519484,0.00221756780036495,"Myocytes","sender-focused"
"Lgals3bp",0.557258960822441,0.00475801953634474,0.00198716888519484,0.00221756780036495,"Leukocytes","sender-focused"
"Lgals3bp",0.557258960822441,0.00475801953634474,0.00198716888519484,0.00221756780036495,"SmoothMuscleCells","sender-focused"
"Lgals3bp",0.557258960822441,0.00475801953634474,0.00198716888519484,0.00221756780036495,"EndocardialCells","sender-focused"
"Atp1b1",0.557015837732691,0.00475138653398462,0.00198053588283472,0.00251344380672737,"Myocytes","sender-focused"
"Atp1b1",0.557015837732691,0.00475138653398462,0.00198053588283472,0.00251344380672737,"SmoothMuscleCells","sender-focused"
"Vegfb",0.521631008613494,0.00474542954518483,0.00197457889403492,0.000492753990620797,"Myocytes","sender-focused"
"Vegfb",0.521631008613494,0.00474542954518483,0.00197457889403492,0.000492753990620797,"Leukocytes","sender-focused"
"Vegfb",0.521631008613494,0.00474542954518483,0.00197457889403492,0.000492753990620797,"SmoothMuscleCells","sender-focused"
"Vegfb",0.521631008613494,0.00474542954518483,0.00197457889403492,0.000492753990620797,"EndocardialCells","sender-focused"
"Nampt",0.558287024173366,0.00473869335855116,0.00196784270740126,0.0031924904967932,"EndothelialCells","sender-focused"
"Nampt",0.558287024173366,0.00473869335855116,0.00196784270740126,0.0031924904967932,"Myocytes","sender-focused"
"Nampt",0.558287024173366,0.00473869335855116,0.00196784270740126,0.0031924904967932,"Leukocytes","sender-focused"
"Nampt",0.558287024173366,0.00473869335855116,0.00196784270740126,0.0031924904967932,"SmoothMuscleCells","sender-focused"
"Nampt",0.558287024173366,0.00473869335855116,0.00196784270740126,0.0031924904967932,"EndocardialCells","sender-focused"
"Col14a1",0.541282300639056,0.0047378952067184,0.0019670445555685,0.00232283813981336,"Leukocytes","sender-focused"
"Gdf15",0.533453737149209,0.00472605530493466,0.00195520465378476,0.00176976941469466,"Leukocytes","sender-focused"
"Ccl19",0.530432064462341,0.00471682915683182,0.00194597850568192,0.0129025581418028,"EndocardialCells","sender-focused"
"Ang",0.504407474298403,0.00470953157218939,0.00193868092103949,0.00210856993163899,"Leukocytes","sender-focused"
"Ang",0.504407474298403,0.00470953157218939,0.00193868092103949,0.00210856993163899,"EndocardialCells","sender-focused"
"Col4a1",0.555737704918013,0.00470845521824466,0.00193760456709476,0.00051668631380202,"EndothelialCells","sender-focused"
"Col4a1",0.555737704918013,0.00470845521824466,0.00193760456709476,0.00051668631380202,"Myocytes","sender-focused"
"Col4a1",0.555737704918013,0.00470845521824466,0.00193760456709476,0.00051668631380202,"Leukocytes","sender-focused"
"Col4a1",0.555737704918013,0.00470845521824466,0.00193760456709476,0.00051668631380202,"SmoothMuscleCells","sender-focused"
"Col4a1",0.555737704918013,0.00470845521824466,0.00193760456709476,0.00051668631380202,"EndocardialCells","sender-focused"
"Fgf7",0.51886287857737,0.00470828855556479,0.00193743790441489,0.0146692619930719,"Myocytes","sender-focused"
"Anxa2",0.547700750208382,0.00470760294991067,0.00193675229876077,0.00245511164794182,"EndothelialCells","sender-focused"
"Anxa2",0.547700750208382,0.00470760294991067,0.00193675229876077,0.00245511164794182,"Myocytes","sender-focused"
"Anxa2",0.547700750208382,0.00470760294991067,0.00193675229876077,0.00245511164794182,"Leukocytes","sender-focused"
"Anxa2",0.547700750208382,0.00470760294991067,0.00193675229876077,0.00245511164794182,"SmoothMuscleCells","sender-focused"
"Anxa2",0.547700750208382,0.00470760294991067,0.00193675229876077,0.00245511164794182,"EndocardialCells","sender-focused"
"Mmp14",0.559836065573752,0.00470121280094785,0.00193036214979795,0.0034668172324971,"Leukocytes","sender-focused"
"Mmp14",0.559836065573752,0.00470121280094785,0.00193036214979795,0.0034668172324971,"SmoothMuscleCells","sender-focused"
"Mmp14",0.559836065573752,0.00470121280094785,0.00193036214979795,0.0034668172324971,"EndocardialCells","sender-focused"
"Anxa1",0.551288552375646,0.00470053056837426,0.00192967991722435,0.00403486816515899,"EndothelialCells","sender-focused"
"Anxa1",0.551288552375646,0.00470053056837426,0.00192967991722435,0.00403486816515899,"Leukocytes","sender-focused"
"Anxa1",0.551288552375646,0.00470053056837426,0.00192967991722435,0.00403486816515899,"SmoothMuscleCells","sender-focused"
"Anxa1",0.551288552375646,0.00470053056837426,0.00192967991722435,0.00403486816515899,"EndocardialCells","sender-focused"
"Vcam1",0.565202139483175,0.0046952963582153,0.00192444570706539,0.00349784291332244,"EndothelialCells","sender-focused"
"Vcam1",0.565202139483175,0.0046952963582153,0.00192444570706539,0.00349784291332244,"Leukocytes","sender-focused"
"Vcam1",0.565202139483175,0.0046952963582153,0.00192444570706539,0.00349784291332244,"EndocardialCells","sender-focused"
"Lrig1",0.531220477910527,0.00469137279653357,0.00192052214538367,0.00295364433508833,"Myocytes","sender-focused"
"Lrig1",0.531220477910527,0.00469137279653357,0.00192052214538367,0.00295364433508833,"SmoothMuscleCells","sender-focused"
"Lrig1",0.531220477910527,0.00469137279653357,0.00192052214538367,0.00295364433508833,"EndocardialCells","sender-focused"
"Hspg2",0.527153375937748,0.00468522796123231,0.0019143773100824,0.00225150695321298,"EndothelialCells","sender-focused"
"Hspg2",0.527153375937748,0.00468522796123231,0.0019143773100824,0.00225150695321298,"Myocytes","sender-focused"
"Hspg2",0.527153375937748,0.00468522796123231,0.0019143773100824,0.00225150695321298,"Leukocytes","sender-focused"
"Hspg2",0.527153375937748,0.00468522796123231,0.0019143773100824,0.00225150695321298,"SmoothMuscleCells","sender-focused"
"Hspg2",0.527153375937748,0.00468522796123231,0.0019143773100824,0.00225150695321298,"EndocardialCells","sender-focused"
"Vtn",0.504876354542914,0.00468383086576914,0.00191298021461924,-0.00167351588031355,"SmoothMuscleCells","sender-focused"
"Cd9",0.551229508196718,0.00467800190617479,0.00190715125502489,-0.000622202141578461,"EndothelialCells","sender-focused"
"Cd9",0.551229508196718,0.00467800190617479,0.00190715125502489,-0.000622202141578461,"Myocytes","sender-focused"
"Cd9",0.551229508196718,0.00467800190617479,0.00190715125502489,-0.000622202141578461,"Leukocytes","sender-focused"
"Cd9",0.551229508196718,0.00467800190617479,0.00190715125502489,-0.000622202141578461,"SmoothMuscleCells","sender-focused"
"Cd9",0.551229508196718,0.00467800190617479,0.00190715125502489,-0.000622202141578461,"EndocardialCells","sender-focused"
"Crhr2",0.521412197832736,0.00467052456984108,0.00189967391869118,0.000940324180001905,"Myocytes","sender-focused"
"Traf2",0.53760072242288,0.00466873961317647,0.00189788896202657,0.000149496561024484,"EndothelialCells","sender-focused"
"Traf2",0.53760072242288,0.00466873961317647,0.00189788896202657,0.000149496561024484,"Myocytes","sender-focused"
"Traf2",0.53760072242288,0.00466873961317647,0.00189788896202657,0.000149496561024484,"Leukocytes","sender-focused"
"Traf2",0.53760072242288,0.00466873961317647,0.00189788896202657,0.000149496561024484,"SmoothMuscleCells","sender-focused"
"Traf2",0.53760072242288,0.00466873961317647,0.00189788896202657,0.000149496561024484,"EndocardialCells","sender-focused"
"Wnt5a",0.538899694359533,0.00465707479700718,0.00188622414585728,0.0165264954870793,"Myocytes","sender-focused"
"Lrrn2",0.520220894692964,0.00464927992441743,0.00187842927326752,0.00247003660283082,"Myocytes","sender-focused"
"Dcn",0.536812308974719,0.00464739024983006,0.00187653959868016,0.000858579156757162,"EndothelialCells","sender-focused"
"Dcn",0.536812308974719,0.00464739024983006,0.00187653959868016,0.000858579156757162,"Myocytes","sender-focused"
"Dcn",0.536812308974719,0.00464739024983006,0.00187653959868016,0.000858579156757162,"Leukocytes","sender-focused"
"Dcn",0.536812308974719,0.00464739024983006,0.00187653959868016,0.000858579156757162,"SmoothMuscleCells","sender-focused"
"Dcn",0.536812308974719,0.00464739024983006,0.00187653959868016,0.000858579156757162,"EndocardialCells","sender-focused"
"Lamb1",0.529511669908292,0.00463285283294601,0.00186200218179611,0.000872537086474555,"EndothelialCells","sender-focused"
"Lamb1",0.529511669908292,0.00463285283294601,0.00186200218179611,0.000872537086474555,"Myocytes","sender-focused"
"Lamb1",0.529511669908292,0.00463285283294601,0.00186200218179611,0.000872537086474555,"SmoothMuscleCells","sender-focused"
"Lamb1",0.529511669908292,0.00463285283294601,0.00186200218179611,0.000872537086474555,"EndocardialCells","sender-focused"
"Fgf16",0.522957766046117,0.00463122080794481,0.0018603701567949,3.54880456626822e-05,"Myocytes","sender-focused"
"Adam17",0.513521116976935,0.00461982284050234,0.00184897218935244,0.0233531559037737,"EndothelialCells","sender-focused"
"Adam17",0.513521116976935,0.00461982284050234,0.00184897218935244,0.0233531559037737,"Myocytes","sender-focused"
"Adam17",0.513521116976935,0.00461982284050234,0.00184897218935244,0.0233531559037737,"Leukocytes","sender-focused"
"Adam17",0.513521116976935,0.00461982284050234,0.00184897218935244,0.0233531559037737,"SmoothMuscleCells","sender-focused"
"Adam17",0.513521116976935,0.00461982284050234,0.00184897218935244,0.0233531559037737,"EndocardialCells","sender-focused"
"Itgb1",0.542369408168922,0.00461637648121745,0.00184552583006755,0.00134530622146944,"EndothelialCells","sender-focused"
"Itgb1",0.542369408168922,0.00461637648121745,0.00184552583006755,0.00134530622146944,"Myocytes","sender-focused"
"Itgb1",0.542369408168922,0.00461637648121745,0.00184552583006755,0.00134530622146944,"Leukocytes","sender-focused"
"Itgb1",0.542369408168922,0.00461637648121745,0.00184552583006755,0.00134530622146944,"SmoothMuscleCells","sender-focused"
"Itgb1",0.542369408168922,0.00461637648121745,0.00184552583006755,0.00134530622146944,"EndocardialCells","sender-focused"
"Ctf1",0.560370936371199,0.00461568835442288,0.00184483770327298,0.00212072669874531,"Myocytes","sender-focused"
"Lpl",0.52466657404833,0.0046151728895343,0.00184432223838439,0.00128293545244479,"EndothelialCells","sender-focused"
"Lpl",0.52466657404833,0.0046151728895343,0.00184432223838439,0.00128293545244479,"Myocytes","sender-focused"
"Lpl",0.52466657404833,0.0046151728895343,0.00184432223838439,0.00128293545244479,"Leukocytes","sender-focused"
"Lpl",0.52466657404833,0.0046151728895343,0.00184432223838439,0.00128293545244479,"SmoothMuscleCells","sender-focused"
"Lpl",0.52466657404833,0.0046151728895343,0.00184432223838439,0.00128293545244479,"EndocardialCells","sender-focused"
"Lum",0.535443873298132,0.00460543918456875,0.00183458853341884,0.000137304447173883,"EndothelialCells","sender-focused"
"Lum",0.535443873298132,0.00460543918456875,0.00183458853341884,0.000137304447173883,"Myocytes","sender-focused"
"Lum",0.535443873298132,0.00460543918456875,0.00183458853341884,0.000137304447173883,"Leukocytes","sender-focused"
"Lum",0.535443873298132,0.00460543918456875,0.00183458853341884,0.000137304447173883,"SmoothMuscleCells","sender-focused"
"Lum",0.535443873298132,0.00460543918456875,0.00183458853341884,0.000137304447173883,"EndocardialCells","sender-focused"
"Cklf",0.496009308141147,0.00458479091391959,0.00181394026276969,0.00454888426148909,"Leukocytes","sender-focused"
"Cklf",0.496009308141147,0.00458479091391959,0.00181394026276969,0.00454888426148909,"EndocardialCells","sender-focused"
"Apoe",0.526097527090852,0.00456833720085234,0.00179748654970243,-0.000286595559911515,"EndothelialCells","sender-focused"
"Apoe",0.526097527090852,0.00456833720085234,0.00179748654970243,-0.000286595559911515,"Myocytes","sender-focused"
"Apoe",0.526097527090852,0.00456833720085234,0.00179748654970243,-0.000286595559911515,"Leukocytes","sender-focused"
"Apoe",0.526097527090852,0.00456833720085234,0.00179748654970243,-0.000286595559911515,"SmoothMuscleCells","sender-focused"
"Apoe",0.526097527090852,0.00456833720085234,0.00179748654970243,-0.000286595559911515,"EndocardialCells","sender-focused"
"Col3a1",0.546891497638221,0.00456797362756842,0.00179712297641852,0.00385986619652081,"EndothelialCells","sender-focused"
"Col3a1",0.546891497638221,0.00456797362756842,0.00179712297641852,0.00385986619652081,"Myocytes","sender-focused"
"Col3a1",0.546891497638221,0.00456797362756842,0.00179712297641852,0.00385986619652081,"Leukocytes","sender-focused"
"Col3a1",0.546891497638221,0.00456797362756842,0.00179712297641852,0.00385986619652081,"SmoothMuscleCells","sender-focused"
"Col3a1",0.546891497638221,0.00456797362756842,0.00179712297641852,0.00385986619652081,"EndocardialCells","sender-focused"
"Col4a2",0.534655459849946,0.00456437816786824,0.00179352751671834,0.000206660539955835,"EndothelialCells","sender-focused"
"Col4a2",0.534655459849946,0.00456437816786824,0.00179352751671834,0.000206660539955835,"Myocytes","sender-focused"
"Col4a2",0.534655459849946,0.00456437816786824,0.00179352751671834,0.000206660539955835,"Leukocytes","sender-focused"
"Col4a2",0.534655459849946,0.00456437816786824,0.00179352751671834,0.000206660539955835,"SmoothMuscleCells","sender-focused"
"Col4a2",0.534655459849946,0.00456437816786824,0.00179352751671834,0.000206660539955835,"EndocardialCells","sender-focused"
"Nlgn2",0.525948180050006,0.0045594895621675,0.0017886389110176,0.00365461432230515,"SmoothMuscleCells","sender-focused"
"Nlgn2",0.525948180050006,0.0045594895621675,0.0017886389110176,0.00365461432230515,"EndocardialCells","sender-focused"
"Sema6a",0.546839399833273,0.00455537957528877,0.00178452892413887,0.00405055297035952,"EndothelialCells","sender-focused"
"Sema6a",0.546839399833273,0.00455537957528877,0.00178452892413887,0.00405055297035952,"SmoothMuscleCells","sender-focused"
"Sema6a",0.546839399833273,0.00455537957528877,0.00178452892413887,0.00405055297035952,"EndocardialCells","sender-focused"
"Mfap2",0.55037510419559,0.00454989539331698,0.00177904474216707,0.00173997149542423,"SmoothMuscleCells","sender-focused"
"Mfap2",0.55037510419559,0.00454989539331698,0.00177904474216707,0.00173997149542423,"EndocardialCells","sender-focused"
"Comp",0.536607390941917,0.00454543291099625,0.00177458225984634,0.000397612536901922,"EndocardialCells","sender-focused"
"Fam3c",0.532807724367876,0.00453820805855419,0.00176735740740428,0.000763451786731427,"EndothelialCells","sender-focused"
"Fam3c",0.532807724367876,0.00453820805855419,0.00176735740740428,0.000763451786731427,"Myocytes","sender-focused"
"Fam3c",0.532807724367876,0.00453820805855419,0.00176735740740428,0.000763451786731427,"Leukocytes","sender-focused"
"Fam3c",0.532807724367876,0.00453820805855419,0.00176735740740428,0.000763451786731427,"SmoothMuscleCells","sender-focused"
"Fam3c",0.532807724367876,0.00453820805855419,0.00176735740740428,0.000763451786731427,"EndocardialCells","sender-focused"
"Nucb2",0.528049458182832,0.00453496235429357,0.00176411170314367,0.00097607856092123,"EndothelialCells","sender-focused"
"Nucb2",0.528049458182832,0.00453496235429357,0.00176411170314367,0.00097607856092123,"Leukocytes","sender-focused"
"Nucb2",0.528049458182832,0.00453496235429357,0.00176411170314367,0.00097607856092123,"SmoothMuscleCells","sender-focused"
"Nucb2",0.528049458182832,0.00453496235429357,0.00176411170314367,0.00097607856092123,"EndocardialCells","sender-focused"
"Psen1",0.537079744373431,0.00452507686360748,0.00175422621245758,-0.000243651104277974,"EndothelialCells","sender-focused"
"Psen1",0.537079744373431,0.00452507686360748,0.00175422621245758,-0.000243651104277974,"Myocytes","sender-focused"
"Psen1",0.537079744373431,0.00452507686360748,0.00175422621245758,-0.000243651104277974,"Leukocytes","sender-focused"
"Psen1",0.537079744373431,0.00452507686360748,0.00175422621245758,-0.000243651104277974,"SmoothMuscleCells","sender-focused"
"Psen1",0.537079744373431,0.00452507686360748,0.00175422621245758,-0.000243651104277974,"EndocardialCells","sender-focused"
"Rtn4",0.528608641289239,0.00451870891574593,0.00174785826459603,0.000662672113487421,"EndothelialCells","sender-focused"
"Rtn4",0.528608641289239,0.00451870891574593,0.00174785826459603,0.000662672113487421,"Myocytes","sender-focused"
"Rtn4",0.528608641289239,0.00451870891574593,0.00174785826459603,0.000662672113487421,"Leukocytes","sender-focused"
"Rtn4",0.528608641289239,0.00451870891574593,0.00174785826459603,0.000662672113487421,"SmoothMuscleCells","sender-focused"
"Rtn4",0.528608641289239,0.00451870891574593,0.00174785826459603,0.000662672113487421,"EndocardialCells","sender-focused"
"Mmp15",0.505414698527373,0.0045144584042332,0.0017436077530833,0.000414998908859645,"EndothelialCells","sender-focused"
"Mmp15",0.505414698527373,0.0045144584042332,0.0017436077530833,0.000414998908859645,"Myocytes","sender-focused"
"Mmp15",0.505414698527373,0.0045144584042332,0.0017436077530833,0.000414998908859645,"SmoothMuscleCells","sender-focused"
"Mdk",0.554174770769631,0.00451130866438358,0.00174045801323367,0.000412476348805106,"Myocytes","sender-focused"
"Mdk",0.554174770769631,0.00451130866438358,0.00174045801323367,0.000412476348805106,"EndocardialCells","sender-focused"
"Lgals3",0.544668657960538,0.00449851253950159,0.00172766188835169,0.000619201390951856,"Myocytes","sender-focused"
"Lgals3",0.544668657960538,0.00449851253950159,0.00172766188835169,0.000619201390951856,"Leukocytes","sender-focused"
"Lgals3",0.544668657960538,0.00449851253950159,0.00172766188835169,0.000619201390951856,"SmoothMuscleCells","sender-focused"
"Col5a3",0.535516810225054,0.00449072966945641,0.00171987901830651,0.00220978893072914,"SmoothMuscleCells","sender-focused"
"Sirpa",0.542702834120575,0.00448402700048978,0.00171317634933988,0.0017242619227439,"Myocytes","sender-focused"
"Sirpa",0.542702834120575,0.00448402700048978,0.00171317634933988,0.0017242619227439,"Leukocytes","sender-focused"
"Sirpa",0.542702834120575,0.00448402700048978,0.00171317634933988,0.0017242619227439,"EndocardialCells","sender-focused"
"Thbs1",0.537562517365937,0.00447820644441407,0.00170735579326417,-0.000992666307225459,"SmoothMuscleCells","sender-focused"
"Sema6b",0.534408863573196,0.00447570137252881,0.0017048507213789,0.00169050162759982,"EndothelialCells","sender-focused"
"Sema6b",0.534408863573196,0.00447570137252881,0.0017048507213789,0.00169050162759982,"EndocardialCells","sender-focused"
"Znrf3",0.549760350097238,0.00447115553897626,0.00170030488782636,0.004224082084847,"Myocytes","sender-focused"
"F13a1",0.542456237843846,0.00445095338416595,0.00168010273301604,0.000909849767164542,"Leukocytes","sender-focused"
"Fgf18",0.530602250625158,0.00445002763862976,0.00167917698747985,-0.00247733510259008,"Myocytes","sender-focused"
"Col4a5",0.531915115309792,0.00444911805449909,0.00167826740334919,-7.49131208692402e-05,"Myocytes","sender-focused"
"Col4a5",0.531915115309792,0.00444911805449909,0.00167826740334919,-7.49131208692402e-05,"SmoothMuscleCells","sender-focused"
"Col4a5",0.531915115309792,0.00444911805449909,0.00167826740334919,-7.49131208692402e-05,"EndocardialCells","sender-focused"
"Inhba",0.541473325923855,0.00443956343278179,0.00166871278163189,0.014980930873564,"SmoothMuscleCells","sender-focused"
"Mpdz",0.535238955265343,0.00443315082434469,0.00166230017319479,0.00297627573452528,"EndothelialCells","sender-focused"
"Mpdz",0.535238955265343,0.00443315082434469,0.00166230017319479,0.00297627573452528,"Myocytes","sender-focused"
"Mpdz",0.535238955265343,0.00443315082434469,0.00166230017319479,0.00297627573452528,"SmoothMuscleCells","sender-focused"
"Mpdz",0.535238955265343,0.00443315082434469,0.00166230017319479,0.00297627573452528,"EndocardialCells","sender-focused"
"Lamc1",0.530188941372598,0.00442161840419312,0.00165076775304322,-0.000855966885957873,"EndothelialCells","sender-focused"
"Lamc1",0.530188941372598,0.00442161840419312,0.00165076775304322,-0.000855966885957873,"Myocytes","sender-focused"
"Lamc1",0.530188941372598,0.00442161840419312,0.00165076775304322,-0.000855966885957873,"Leukocytes","sender-focused"
"Lamc1",0.530188941372598,0.00442161840419312,0.00165076775304322,-0.000855966885957873,"SmoothMuscleCells","sender-focused"
"Lamc1",0.530188941372598,0.00442161840419312,0.00165076775304322,-0.000855966885957873,"EndocardialCells","sender-focused"
"Cdh2",0.5400909974993,0.00442125778645292,0.00165040713530302,3.32541960854256e-06,"Myocytes","sender-focused"
"Thy1",0.543803834398418,0.00441697721810318,0.00164612656695327,0.00258169967294822,"SmoothMuscleCells","sender-focused"
"C1qb",0.514896499027508,0.00441681531670811,0.0016459646655582,-0.0010361168866831,"EndothelialCells","sender-focused"
"C1qb",0.514896499027508,0.00441681531670811,0.0016459646655582,-0.0010361168866831,"Myocytes","sender-focused"
"C1qb",0.514896499027508,0.00441681531670811,0.0016459646655582,-0.0010361168866831,"Leukocytes","sender-focused"
"C1qb",0.514896499027508,0.00441681531670811,0.0016459646655582,-0.0010361168866831,"SmoothMuscleCells","sender-focused"
"C1qb",0.514896499027508,0.00441681531670811,0.0016459646655582,-0.0010361168866831,"EndocardialCells","sender-focused"
"Itgb2",0.544248402333963,0.00441643546005017,0.00164558480890027,0.00124589050854595,"Leukocytes","sender-focused"
"Col6a1",0.547968185607094,0.00441637776330178,0.00164552711215188,0.000399093005382236,"SmoothMuscleCells","sender-focused"
"Col6a1",0.547968185607094,0.00441637776330178,0.00164552711215188,0.000399093005382236,"EndocardialCells","sender-focused"
"Col27a1",0.538465545984986,0.00441456056543215,0.00164370991428225,0.000585718679309335,"SmoothMuscleCells","sender-focused"
"Bmp2",0.553438455126414,0.00441282397673036,0.00164197332558046,0.0195671110000462,"Leukocytes","sender-focused"
"Bmp2",0.553438455126414,0.00441282397673036,0.00164197332558046,0.0195671110000462,"SmoothMuscleCells","sender-focused"
"Ptprk",0.553532231175312,0.00440436731273064,0.00163351666158074,0.00337842834104518,"EndothelialCells","sender-focused"
"Ptprk",0.553532231175312,0.00440436731273064,0.00163351666158074,0.00337842834104518,"Myocytes","sender-focused"
"Ptprk",0.553532231175312,0.00440436731273064,0.00163351666158074,0.00337842834104518,"SmoothMuscleCells","sender-focused"
"Ptprk",0.553532231175312,0.00440436731273064,0.00163351666158074,0.00337842834104518,"EndocardialCells","sender-focused"
"Psap",0.565664073353695,0.00438770621752792,0.00161685556637801,0.00265722322671996,"EndothelialCells","sender-focused"
"Psap",0.565664073353695,0.00438770621752792,0.00161685556637801,0.00265722322671996,"Myocytes","sender-focused"
"Psap",0.565664073353695,0.00438770621752792,0.00161685556637801,0.00265722322671996,"Leukocytes","sender-focused"
"Psap",0.565664073353695,0.00438770621752792,0.00161685556637801,0.00265722322671996,"SmoothMuscleCells","sender-focused"
"Psap",0.565664073353695,0.00438770621752792,0.00161685556637801,0.00265722322671996,"EndocardialCells","sender-focused"
"Nrxn2",0.50455334815227,0.0043802843518557,0.0016094337007058,-0.000744101534314095,"Myocytes","sender-focused"
"Nrxn2",0.50455334815227,0.0043802843518557,0.0016094337007058,-0.000744101534314095,"EndocardialCells","sender-focused"
"Mxra8",0.548471797721578,0.0043702397936942,0.0015993891425443,0.00302377921698,"EndothelialCells","sender-focused"
"Mxra8",0.548471797721578,0.0043702397936942,0.0015993891425443,0.00302377921698,"SmoothMuscleCells","sender-focused"
"Mxra8",0.548471797721578,0.0043702397936942,0.0015993891425443,0.00302377921698,"EndocardialCells","sender-focused"
"Cx3cl1",0.529063628785763,0.00436844763267018,0.00159759698152027,-0.0047007604562577,"EndothelialCells","sender-focused"
"Cx3cl1",0.529063628785763,0.00436844763267018,0.00159759698152027,-0.0047007604562577,"SmoothMuscleCells","sender-focused"
"Cx3cl1",0.529063628785763,0.00436844763267018,0.00159759698152027,-0.0047007604562577,"EndocardialCells","sender-focused"
"Fbn1",0.532022784106689,0.00436275220886039,0.00159190155771048,-0.00145976403320972,"EndothelialCells","sender-focused"
"Fbn1",0.532022784106689,0.00436275220886039,0.00159190155771048,-0.00145976403320972,"SmoothMuscleCells","sender-focused"
"Fbn1",0.532022784106689,0.00436275220886039,0.00159190155771048,-0.00145976403320972,"EndocardialCells","sender-focused"
"Itgal",0.538041817171416,0.00436157336996557,0.00159072271881567,-0.00562005707135614,"Leukocytes","sender-focused"
"Calm3",0.554529035843281,0.00435480520935339,0.00158395455820348,0.00188856176247405,"EndothelialCells","sender-focused"
"Calm3",0.554529035843281,0.00435480520935339,0.00158395455820348,0.00188856176247405,"Myocytes","sender-focused"
"Calm3",0.554529035843281,0.00435480520935339,0.00158395455820348,0.00188856176247405,"Leukocytes","sender-focused"
"Calm3",0.554529035843281,0.00435480520935339,0.00158395455820348,0.00188856176247405,"SmoothMuscleCells","sender-focused"
"Calm3",0.554529035843281,0.00435480520935339,0.00158395455820348,0.00188856176247405,"EndocardialCells","sender-focused"
"Col18a1",0.546394831897738,0.00435064896787818,0.00157979831672828,0.000150425429108335,"SmoothMuscleCells","sender-focused"
"Col18a1",0.546394831897738,0.00435064896787818,0.00157979831672828,0.000150425429108335,"EndocardialCells","sender-focused"
"Eng",0.57752153375935,0.00433546281958469,0.00156461216843479,0.00512244510757343,"EndothelialCells","sender-focused"
"Eng",0.57752153375935,0.00433546281958469,0.00156461216843479,0.00512244510757343,"Myocytes","sender-focused"
"Eng",0.57752153375935,0.00433546281958469,0.00156461216843479,0.00512244510757343,"Leukocytes","sender-focused"
"Eng",0.57752153375935,0.00433546281958469,0.00156461216843479,0.00512244510757343,"SmoothMuscleCells","sender-focused"
"Eng",0.57752153375935,0.00433546281958469,0.00156461216843479,0.00512244510757343,"EndocardialCells","sender-focused"
"Col6a2",0.533665601555979,0.00432221213500573,0.00155136148385583,-0.000561391554887478,"Myocytes","sender-focused"
"Col6a2",0.533665601555979,0.00432221213500573,0.00155136148385583,-0.000561391554887478,"SmoothMuscleCells","sender-focused"
"Edn1",0.55222978605167,0.00430855004346499,0.00153769939231509,-0.00214600354695731,"EndothelialCells","sender-focused"
"Edn1",0.55222978605167,0.00430855004346499,0.00153769939231509,-0.00214600354695731,"EndocardialCells","sender-focused"
"Col1a1",0.555282717421493,0.00430166782201093,0.00153081717086103,-0.000451034193157442,"SmoothMuscleCells","sender-focused"
"Postn",0.553264795776599,0.00429054957702033,0.00151969892587042,0.0244298041440555,"SmoothMuscleCells","sender-focused"
"Postn",0.553264795776599,0.00429054957702033,0.00151969892587042,0.0244298041440555,"EndocardialCells","sender-focused"
"Dll1",0.538309252570136,0.00428019567905594,0.00150934502790604,0.00160072191509882,"EndocardialCells","sender-focused"
"Ltbp1",0.533033481522652,0.00426410685287783,0.00149325620172792,-0.000178134591214183,"EndothelialCells","sender-focused"
"Ltbp1",0.533033481522652,0.00426410685287783,0.00149325620172792,-0.000178134591214183,"Myocytes","sender-focused"
"Ltbp1",0.533033481522652,0.00426410685287783,0.00149325620172792,-0.000178134591214183,"SmoothMuscleCells","sender-focused"
"Ltbp1",0.533033481522652,0.00426410685287783,0.00149325620172792,-0.000178134591214183,"EndocardialCells","sender-focused"
"Agrn",0.52484370658516,0.004262687602484,0.0014918369513341,-0.00131722597238924,"EndothelialCells","sender-focused"
"Agrn",0.52484370658516,0.004262687602484,0.0014918369513341,-0.00131722597238924,"SmoothMuscleCells","sender-focused"
"Agrn",0.52484370658516,0.004262687602484,0.0014918369513341,-0.00131722597238924,"EndocardialCells","sender-focused"
"Itga9",0.524169908307858,0.00424474505118729,0.00147389440003739,-0.00177261104662395,"Myocytes","sender-focused"
"Itga9",0.524169908307858,0.00424474505118729,0.00147389440003739,-0.00177261104662395,"Leukocytes","sender-focused"
"Itga9",0.524169908307858,0.00424474505118729,0.00147389440003739,-0.00177261104662395,"SmoothMuscleCells","sender-focused"
"Itga9",0.524169908307858,0.00424474505118729,0.00147389440003739,-0.00177261104662395,"EndocardialCells","sender-focused"
"Calm1",0.546547652125582,0.00422939400260828,0.00145854335145838,7.23723231974022e-05,"EndothelialCells","sender-focused"
"Calm1",0.546547652125582,0.00422939400260828,0.00145854335145838,7.23723231974022e-05,"Myocytes","sender-focused"
"Calm1",0.546547652125582,0.00422939400260828,0.00145854335145838,7.23723231974022e-05,"Leukocytes","sender-focused"
"Calm1",0.546547652125582,0.00422939400260828,0.00145854335145838,7.23723231974022e-05,"SmoothMuscleCells","sender-focused"
"Calm1",0.546547652125582,0.00422939400260828,0.00145854335145838,7.23723231974022e-05,"EndocardialCells","sender-focused"
"H2-DMa",0.540476521255877,0.00422766344850682,0.00145681279735692,0.00169307680311503,"Leukocytes","sender-focused"
"Icam1",0.537680605723799,0.00422315300205323,0.00145230235090333,0.000238951276876918,"EndothelialCells","sender-focused"
"Icam1",0.537680605723799,0.00422315300205323,0.00145230235090333,0.000238951276876918,"Leukocytes","sender-focused"
"Icam1",0.537680605723799,0.00422315300205323,0.00145230235090333,0.000238951276876918,"SmoothMuscleCells","sender-focused"
"Icam1",0.537680605723799,0.00422315300205323,0.00145230235090333,0.000238951276876918,"EndocardialCells","sender-focused"
"Pam",0.540681439288689,0.00422187609165183,0.00145102544050192,0.000401591268435114,"EndothelialCells","sender-focused"
"Pam",0.540681439288689,0.00422187609165183,0.00145102544050192,0.000401591268435114,"Myocytes","sender-focused"
"Pam",0.540681439288689,0.00422187609165183,0.00145102544050192,0.000401591268435114,"Leukocytes","sender-focused"
"Pam",0.540681439288689,0.00422187609165183,0.00145102544050192,0.000401591268435114,"SmoothMuscleCells","sender-focused"
"Pam",0.540681439288689,0.00422187609165183,0.00145102544050192,0.000401591268435114,"EndocardialCells","sender-focused"
"Tnxb",0.534547791053058,0.00421923355327744,0.00144838290212754,-0.00107838910590849,"SmoothMuscleCells","sender-focused"
"Tnxb",0.534547791053058,0.00421923355327744,0.00144838290212754,-0.00107838910590849,"EndocardialCells","sender-focused"
"Col5a2",0.529317171436501,0.00421875180265979,0.00144790115150989,-0.00209520730872479,"SmoothMuscleCells","sender-focused"
"Col5a2",0.529317171436501,0.00421875180265979,0.00144790115150989,-0.00209520730872479,"EndocardialCells","sender-focused"
"Tnfsf12",0.558842734092784,0.00421737269142546,0.00144652204027555,-0.00622610540172891,"EndothelialCells","sender-focused"
"Tnfsf12",0.558842734092784,0.00421737269142546,0.00144652204027555,-0.00622610540172891,"Myocytes","sender-focused"
"Tnfsf12",0.558842734092784,0.00421737269142546,0.00144652204027555,-0.00622610540172891,"Leukocytes","sender-focused"
"Tnfsf12",0.558842734092784,0.00421737269142546,0.00144652204027555,-0.00622610540172891,"SmoothMuscleCells","sender-focused"
"Tnfsf12",0.558842734092784,0.00421737269142546,0.00144652204027555,-0.00622610540172891,"EndocardialCells","sender-focused"
"Calr",0.554775632120017,0.00420910931988019,0.00143825866873029,-0.00590587016759791,"EndothelialCells","sender-focused"
"Calr",0.554775632120017,0.00420910931988019,0.00143825866873029,-0.00590587016759791,"Myocytes","sender-focused"
"Calr",0.554775632120017,0.00420910931988019,0.00143825866873029,-0.00590587016759791,"Leukocytes","sender-focused"
"Calr",0.554775632120017,0.00420910931988019,0.00143825866873029,-0.00590587016759791,"SmoothMuscleCells","sender-focused"
"Calr",0.554775632120017,0.00420910931988019,0.00143825866873029,-0.00590587016759791,"EndocardialCells","sender-focused"
"Il1rn",0.536735898860782,0.00419898064797854,0.00142812999682864,0.0028727578147314,"Leukocytes","sender-focused"
"Itgam",0.542709780494569,0.00419647353459805,0.00142562288344814,0.000616334684048079,"Leukocytes","sender-focused"
"Fbln1",0.517782717421486,0.00419460347996317,0.00142375282881327,-0.000953774057259456,"Myocytes","sender-focused"
"Fbln1",0.517782717421486,0.00419460347996317,0.00142375282881327,-0.000953774057259456,"Leukocytes","sender-focused"
"Fbln1",0.517782717421486,0.00419460347996317,0.00142375282881327,-0.000953774057259456,"EndocardialCells","sender-focused"
"Pecam1",0.548940677966089,0.0041895201174516,0.0014186694663017,-0.000251123554725124,"EndothelialCells","sender-focused"
"Pecam1",0.548940677966089,0.0041895201174516,0.0014186694663017,-0.000251123554725124,"Myocytes","sender-focused"
"Pecam1",0.548940677966089,0.0041895201174516,0.0014186694663017,-0.000251123554725124,"Leukocytes","sender-focused"
"Pecam1",0.548940677966089,0.0041895201174516,0.0014186694663017,-0.000251123554725124,"SmoothMuscleCells","sender-focused"
"Pecam1",0.548940677966089,0.0041895201174516,0.0014186694663017,-0.000251123554725124,"EndocardialCells","sender-focused"
"Col5a1",0.528070297304801,0.00417986948730792,0.00140901883615802,-0.00265881611668686,"SmoothMuscleCells","sender-focused"
"Tgfbi",0.552226312864664,0.00416255115267136,0.00139170050152146,-0.000497519454973391,"Leukocytes","sender-focused"
"Tgfbi",0.552226312864664,0.00416255115267136,0.00139170050152146,-0.000497519454973391,"EndocardialCells","sender-focused"
"Calm2",0.548430119477624,0.00415445785203029,0.00138360720088039,-5.1828333747444e-05,"EndothelialCells","sender-focused"
"Calm2",0.548430119477624,0.00415445785203029,0.00138360720088039,-5.1828333747444e-05,"Myocytes","sender-focused"
"Calm2",0.548430119477624,0.00415445785203029,0.00138360720088039,-5.1828333747444e-05,"Leukocytes","sender-focused"
"Calm2",0.548430119477624,0.00415445785203029,0.00138360720088039,-5.1828333747444e-05,"SmoothMuscleCells","sender-focused"
"Calm2",0.548430119477624,0.00415445785203029,0.00138360720088039,-5.1828333747444e-05,"EndocardialCells","sender-focused"
"Tnf",0.521057932759089,0.00415434485977731,0.0013834942086274,0.0200143777102712,"Leukocytes","sender-focused"
"Spon1",0.548228674631821,0.00415354330642318,0.00138269265527327,0.00257273431222931,"SmoothMuscleCells","sender-focused"
"Spon1",0.548228674631821,0.00415354330642318,0.00138269265527327,0.00257273431222931,"EndocardialCells","sender-focused"
"Bgn",0.535447346485131,0.00415342106135675,0.00138257041020684,-0.00223555442275226,"EndothelialCells","sender-focused"
"Bgn",0.535447346485131,0.00415342106135675,0.00138257041020684,-0.00223555442275226,"Myocytes","sender-focused"
"Bgn",0.535447346485131,0.00415342106135675,0.00138257041020684,-0.00223555442275226,"Leukocytes","sender-focused"
"Bgn",0.535447346485131,0.00415342106135675,0.00138257041020684,-0.00223555442275226,"SmoothMuscleCells","sender-focused"
"Bgn",0.535447346485131,0.00415342106135675,0.00138257041020684,-0.00223555442275226,"EndocardialCells","sender-focused"
"Hbegf",0.544571408724626,0.0041449077894364,0.00137405713828649,-0.0043103664230221,"EndothelialCells","sender-focused"
"Hbegf",0.544571408724626,0.0041449077894364,0.00137405713828649,-0.0043103664230221,"Myocytes","sender-focused"
"Hbegf",0.544571408724626,0.0041449077894364,0.00137405713828649,-0.0043103664230221,"SmoothMuscleCells","sender-focused"
"Hbegf",0.544571408724626,0.0041449077894364,0.00137405713828649,-0.0043103664230221,"EndocardialCells","sender-focused"
"Timp2",0.528396776882456,0.0041417255586475,0.00137087490749759,-0.000765718790368367,"EndothelialCells","sender-focused"
"Timp2",0.528396776882456,0.0041417255586475,0.00137087490749759,-0.000765718790368367,"Myocytes","sender-focused"
"Timp2",0.528396776882456,0.0041417255586475,0.00137087490749759,-0.000765718790368367,"Leukocytes","sender-focused"
"Timp2",0.528396776882456,0.0041417255586475,0.00137087490749759,-0.000765718790368367,"SmoothMuscleCells","sender-focused"
"Timp2",0.528396776882456,0.0041417255586475,0.00137087490749759,-0.000765718790368367,"EndocardialCells","sender-focused"
"H2-DMb1",0.530918310641832,0.00413692468615031,0.00136607403500041,-0.000260843640020669,"Leukocytes","sender-focused"
"H2-DMb1",0.530918310641832,0.00413692468615031,0.00136607403500041,-0.000260843640020669,"EndocardialCells","sender-focused"
"Bmp3",0.54300500138926,0.00413147314575989,0.00136062249460998,0.00702625100386985,"Myocytes","sender-focused"
"Igf2",0.53188732981383,0.00412733398252743,0.00135648333137753,0.00180504244893871,"SmoothMuscleCells","sender-focused"
"Igf2",0.53188732981383,0.00412733398252743,0.00135648333137753,0.00180504244893871,"EndocardialCells","sender-focused"
"Col15a1",0.541205890525128,0.00412103877961358,0.00135018812846368,-0.00135647715901378,"EndothelialCells","sender-focused"
"Col15a1",0.541205890525128,0.00412103877961358,0.00135018812846368,-0.00135647715901378,"SmoothMuscleCells","sender-focused"
"Csf1",0.531185746040539,0.00411766955327734,0.00134681890212743,0.00609211474250091,"EndothelialCells","sender-focused"
"Csf1",0.531185746040539,0.00411766955327734,0.00134681890212743,0.00609211474250091,"Myocytes","sender-focused"
"Csf1",0.531185746040539,0.00411766955327734,0.00134681890212743,0.00609211474250091,"SmoothMuscleCells","sender-focused"
"Csf1",0.531185746040539,0.00411766955327734,0.00134681890212743,0.00609211474250091,"EndocardialCells","sender-focused"
"Ocln",0.551264240066688,0.00410522510945768,0.00133437445830778,0.00410518243485177,"EndocardialCells","sender-focused"
"Cd14",0.542897332592366,0.00410058253332901,0.0013297318821791,0.0011463138667095,"Leukocytes","sender-focused"
"Bmp10",0.550034731869951,0.00409287505169188,0.00132202440054198,0.00392850385551531,"Myocytes","sender-focused"
"Ptprm",0.55643234231729,0.00407947236486636,0.00130862171371645,0.0033941903403903,"EndothelialCells","sender-focused"
"Ptprm",0.55643234231729,0.00407947236486636,0.00130862171371645,0.0033941903403903,"Myocytes","sender-focused"
"Ptprm",0.55643234231729,0.00407947236486636,0.00130862171371645,0.0033941903403903,"SmoothMuscleCells","sender-focused"
"Ptprm",0.55643234231729,0.00407947236486636,0.00130862171371645,0.0033941903403903,"EndocardialCells","sender-focused"
"Bmp6",0.560478605168078,0.00406454921261387,0.00129369856146397,-0.00676551590350096,"EndocardialCells","sender-focused"
"Mif",0.539754098360649,0.00405920914064292,0.00128835848949301,0.0106438267236846,"EndothelialCells","sender-focused"
"Mif",0.539754098360649,0.00405920914064292,0.00128835848949301,0.0106438267236846,"Myocytes","sender-focused"
"Mif",0.539754098360649,0.00405920914064292,0.00128835848949301,0.0106438267236846,"Leukocytes","sender-focused"
"Mif",0.539754098360649,0.00405920914064292,0.00128835848949301,0.0106438267236846,"SmoothMuscleCells","sender-focused"
"Mif",0.539754098360649,0.00405920914064292,0.00128835848949301,0.0106438267236846,"EndocardialCells","sender-focused"
"Nrxn1",0.514083773270353,0.00405864668025803,0.00128779602910813,0.00106083219007074,"SmoothMuscleCells","sender-focused"
"Lama5",0.523829535982216,0.00405597017346865,0.00128511952231875,-0.00203526370273229,"EndothelialCells","sender-focused"
"Lama5",0.523829535982216,0.00405597017346865,0.00128511952231875,-0.00203526370273229,"Myocytes","sender-focused"
"Lama5",0.523829535982216,0.00405597017346865,0.00128511952231875,-0.00203526370273229,"SmoothMuscleCells","sender-focused"
"Lama5",0.523829535982216,0.00405597017346865,0.00128511952231875,-0.00203526370273229,"EndocardialCells","sender-focused"
"Lamb3",0.534443595443158,0.00404961521803848,0.00127876456688858,-0.000636677224751709,"Myocytes","sender-focused"
"Siglec1",0.557203389830489,0.00402246215245136,0.00125161150130145,0.000664321935702759,"Leukocytes","sender-focused"
"Cxcl12",0.542032509030274,0.00399785694313312,0.00122700629198321,-0.00848418701653858,"EndothelialCells","sender-focused"
"Cxcl12",0.542032509030274,0.00399785694313312,0.00122700629198321,-0.00848418701653858,"Myocytes","sender-focused"
"Cxcl12",0.542032509030274,0.00399785694313312,0.00122700629198321,-0.00848418701653858,"Leukocytes","sender-focused"
"Cxcl12",0.542032509030274,0.00399785694313312,0.00122700629198321,-0.00848418701653858,"SmoothMuscleCells","sender-focused"
"Cxcl12",0.542032509030274,0.00399785694313312,0.00122700629198321,-0.00848418701653858,"EndocardialCells","sender-focused"
"Inhbb",0.538038343984428,0.00398248132330626,0.00121163067215635,0.00771776927028186,"EndocardialCells","sender-focused"
"Jam3",0.533655181994991,0.00397689593734489,0.00120604528619499,-0.00146145224801603,"EndothelialCells","sender-focused"
"Jam3",0.533655181994991,0.00397689593734489,0.00120604528619499,-0.00146145224801603,"Myocytes","sender-focused"
"Jam3",0.533655181994991,0.00397689593734489,0.00120604528619499,-0.00146145224801603,"SmoothMuscleCells","sender-focused"
"Jam3",0.533655181994991,0.00397689593734489,0.00120604528619499,-0.00146145224801603,"EndocardialCells","sender-focused"
"App",0.530862739649897,0.00397451266686601,0.00120366201571611,0.00269283540833539,"EndothelialCells","sender-focused"
"App",0.530862739649897,0.00397451266686601,0.00120366201571611,0.00269283540833539,"Myocytes","sender-focused"
"App",0.530862739649897,0.00397451266686601,0.00120366201571611,0.00269283540833539,"Leukocytes","sender-focused"
"App",0.530862739649897,0.00397451266686601,0.00120366201571611,0.00269283540833539,"SmoothMuscleCells","sender-focused"
"App",0.530862739649897,0.00397451266686601,0.00120366201571611,0.00269283540833539,"EndocardialCells","sender-focused"
"Cd38",0.512993192553485,0.0039288591618024,0.0011580085106525,-0.00150141685825383,"EndothelialCells","sender-focused"
"Cd38",0.512993192553485,0.0039288591618024,0.0011580085106525,-0.00150141685825383,"Leukocytes","sender-focused"
"Cd38",0.512993192553485,0.0039288591618024,0.0011580085106525,-0.00150141685825383,"SmoothMuscleCells","sender-focused"
"Cd38",0.512993192553485,0.0039288591618024,0.0011580085106525,-0.00150141685825383,"EndocardialCells","sender-focused"
"Timp1",0.506505279244256,0.00392442980123547,0.00115357915008557,-0.00278889516841472,"EndocardialCells","sender-focused"
"Pdgfd",0.514809669352592,0.00392325139805808,0.00115240074690818,0.00484878419005187,"EndothelialCells","sender-focused"
"Pdgfd",0.514809669352592,0.00392325139805808,0.00115240074690818,0.00484878419005187,"SmoothMuscleCells","sender-focused"
"Gas6",0.534711030841869,0.0039062687975015,0.0011354181463516,0.00281427849220672,"EndothelialCells","sender-focused"
"Gas6",0.534711030841869,0.0039062687975015,0.0011354181463516,0.00281427849220672,"Myocytes","sender-focused"
"Gas6",0.534711030841869,0.0039062687975015,0.0011354181463516,0.00281427849220672,"Leukocytes","sender-focused"
"Gas6",0.534711030841869,0.0039062687975015,0.0011354181463516,0.00281427849220672,"SmoothMuscleCells","sender-focused"
"Gas6",0.534711030841869,0.0039062687975015,0.0011354181463516,0.00281427849220672,"EndocardialCells","sender-focused"
"Il15",0.57603153653791,0.00390115329920978,0.00113030264805987,-0.00219166601054211,"EndothelialCells","sender-focused"
"Il15",0.57603153653791,0.00390115329920978,0.00113030264805987,-0.00219166601054211,"Myocytes","sender-focused"
"Il15",0.57603153653791,0.00390115329920978,0.00113030264805987,-0.00219166601054211,"Leukocytes","sender-focused"
"Il15",0.57603153653791,0.00390115329920978,0.00113030264805987,-0.00219166601054211,"EndocardialCells","sender-focused"
"Igsf3",0.521290636287843,0.00389515330837534,0.00112430265722544,-0.00298767348791242,"Myocytes","sender-focused"
"Igsf3",0.521290636287843,0.00389515330837534,0.00112430265722544,-0.00298767348791242,"EndocardialCells","sender-focused"
"Mmp9",0.514233120311191,0.00387177875279923,0.00110092810164932,-0.00311132326446118,"Leukocytes","sender-focused"
"Angpt2",0.530411225340368,0.00385829648493287,0.00108744583378297,-0.00282766663709082,"EndothelialCells","sender-focused"
"Angpt2",0.530411225340368,0.00385829648493287,0.00108744583378297,-0.00282766663709082,"SmoothMuscleCells","sender-focused"
"Angpt2",0.530411225340368,0.00385829648493287,0.00108744583378297,-0.00282766663709082,"EndocardialCells","sender-focused"
"Jag1",0.48195332036677,0.00385320020366118,0.00108234955251128,0.00695997027703297,"EndothelialCells","sender-focused"
"Jag1",0.48195332036677,0.00385320020366118,0.00108234955251128,0.00695997027703297,"SmoothMuscleCells","sender-focused"
"Jag1",0.48195332036677,0.00385320020366118,0.00108234955251128,0.00695997027703297,"EndocardialCells","sender-focused"
"Gpc6",0.478841344818002,0.00383798260923907,0.00106713195808916,-0.00438240368306636,"SmoothMuscleCells","sender-focused"
"Gpc6",0.478841344818002,0.00383798260923907,0.00106713195808916,-0.00438240368306636,"EndocardialCells","sender-focused"
"Mfng",0.535301472631281,0.00382833039472844,0.00105747974357854,2.29804934257262e-05,"EndothelialCells","sender-focused"
"Mfng",0.535301472631281,0.00382833039472844,0.00105747974357854,2.29804934257262e-05,"Leukocytes","sender-focused"
"Mfng",0.535301472631281,0.00382833039472844,0.00105747974357854,2.29804934257262e-05,"SmoothMuscleCells","sender-focused"
"Mfng",0.535301472631281,0.00382833039472844,0.00105747974357854,2.29804934257262e-05,"EndocardialCells","sender-focused"
"Col1a2",0.560166018338411,0.00380359242893984,0.00103274177778994,-0.00335411883795734,"Myocytes","sender-focused"
"Col1a2",0.560166018338411,0.00380359242893984,0.00103274177778994,-0.00335411883795734,"Leukocytes","sender-focused"
"Col1a2",0.560166018338411,0.00380359242893984,0.00103274177778994,-0.00335411883795734,"SmoothMuscleCells","sender-focused"
"Col1a2",0.560166018338411,0.00380359242893984,0.00103274177778994,-0.00335411883795734,"EndocardialCells","sender-focused"
"Pltp",0.520113225896077,0.00380204988565319,0.00103119923450329,-0.00325828590622416,"EndothelialCells","sender-focused"
"Pltp",0.520113225896077,0.00380204988565319,0.00103119923450329,-0.00325828590622416,"Leukocytes","sender-focused"
"Pltp",0.520113225896077,0.00380204988565319,0.00103119923450329,-0.00325828590622416,"SmoothMuscleCells","sender-focused"
"Pltp",0.520113225896077,0.00380204988565319,0.00103119923450329,-0.00325828590622416,"EndocardialCells","sender-focused"
"Cfh",0.526566407335355,0.00379357315406325,0.00102272250291335,-0.00135399992117885,"EndothelialCells","sender-focused"
"Cfh",0.526566407335355,0.00379357315406325,0.00102272250291335,-0.00135399992117885,"Myocytes","sender-focused"
"Cfh",0.526566407335355,0.00379357315406325,0.00102272250291335,-0.00135399992117885,"Leukocytes","sender-focused"
"Cfh",0.526566407335355,0.00379357315406325,0.00102272250291335,-0.00135399992117885,"SmoothMuscleCells","sender-focused"
"Cfh",0.526566407335355,0.00379357315406325,0.00102272250291335,-0.00135399992117885,"EndocardialCells","sender-focused"
"Bmp4",0.546464295637659,0.00378768841961729,0.00101683776846739,-0.00876416377521894,"EndothelialCells","sender-focused"
"Bmp4",0.546464295637659,0.00378768841961729,0.00101683776846739,-0.00876416377521894,"SmoothMuscleCells","sender-focused"
"Bmp4",0.546464295637659,0.00378768841961729,0.00101683776846739,-0.00876416377521894,"EndocardialCells","sender-focused"
"Wnt5b",0.550802306196154,0.00378275634865468,0.00101190569750478,-0.0054734789210193,"SmoothMuscleCells","sender-focused"
"Plat",0.503094609613777,0.00376810090933493,0.000997250258185022,-0.00377731125795622,"EndothelialCells","sender-focused"
"Plat",0.503094609613777,0.00376810090933493,0.000997250258185022,-0.00377731125795622,"SmoothMuscleCells","sender-focused"
"Plat",0.503094609613777,0.00376810090933493,0.000997250258185022,-0.00377731125795622,"EndocardialCells","sender-focused"
"Adm",0.512937621561546,0.00375994440610842,0.000989093754958522,-0.00929787606834543,"EndothelialCells","sender-focused"
"Adm",0.512937621561546,0.00375994440610842,0.000989093754958522,-0.00929787606834543,"Myocytes","sender-focused"
"Adm",0.512937621561546,0.00375994440610842,0.000989093754958522,-0.00929787606834543,"EndocardialCells","sender-focused"
"Adam10",0.534825646012771,0.00374655095729987,0.000975700306149964,-0.000976913473165313,"EndothelialCells","sender-focused"
"Adam10",0.534825646012771,0.00374655095729987,0.000975700306149964,-0.000976913473165313,"Myocytes","sender-focused"
"Adam10",0.534825646012771,0.00374655095729987,0.000975700306149964,-0.000976913473165313,"Leukocytes","sender-focused"
"Adam10",0.534825646012771,0.00374655095729987,0.000975700306149964,-0.000976913473165313,"SmoothMuscleCells","sender-focused"
"Adam10",0.534825646012771,0.00374655095729987,0.000975700306149964,-0.000976913473165313,"EndocardialCells","sender-focused"
"Sparc",0.524902750764091,0.00371932636271376,0.000948475711563855,-0.00750183374016597,"EndothelialCells","sender-focused"
"Sparc",0.524902750764091,0.00371932636271376,0.000948475711563855,-0.00750183374016597,"Myocytes","sender-focused"
"Sparc",0.524902750764091,0.00371932636271376,0.000948475711563855,-0.00750183374016597,"Leukocytes","sender-focused"
"Sparc",0.524902750764091,0.00371932636271376,0.000948475711563855,-0.00750183374016597,"SmoothMuscleCells","sender-focused"
"Sparc",0.524902750764091,0.00371932636271376,0.000948475711563855,-0.00750183374016597,"EndocardialCells","sender-focused"
"Pdgfc",0.52797999444289,0.00371510978396079,0.000944259132810886,-0.00236961345124494,"Myocytes","sender-focused"
"Pdgfc",0.52797999444289,0.00371510978396079,0.000944259132810886,-0.00236961345124494,"Leukocytes","sender-focused"
"Nrg1",0.515684912475684,0.00370822056400227,0.00093736991285237,-0.00910288786577285,"EndocardialCells","sender-focused"
"Sema4c",0.576635871075289,0.00370319141776525,0.000932340766615352,0.000846657019970981,"EndothelialCells","sender-focused"
"Sema4c",0.576635871075289,0.00370319141776525,0.000932340766615352,0.000846657019970981,"SmoothMuscleCells","sender-focused"
"Sema4c",0.576635871075289,0.00370319141776525,0.000932340766615352,0.000846657019970981,"EndocardialCells","sender-focused"
"Ceacam1",0.518803834398441,0.00368775440422613,0.000916903753076229,-0.00335211753347051,"EndothelialCells","sender-focused"
"Ceacam1",0.518803834398441,0.00368775440422613,0.000916903753076229,-0.00335211753347051,"Leukocytes","sender-focused"
"Ceacam1",0.518803834398441,0.00368775440422613,0.000916903753076229,-0.00335211753347051,"SmoothMuscleCells","sender-focused"
"Ceacam1",0.518803834398441,0.00368775440422613,0.000916903753076229,-0.00335211753347051,"EndocardialCells","sender-focused"
"Pgf",0.520227841066958,0.00368274997824913,0.000911899327099223,-0.00417388225245775,"SmoothMuscleCells","sender-focused"
"St6gal1",0.517438871908857,0.0036516300351688,0.000880779384018897,-0.0090249649297032,"Leukocytes","sender-focused"
"St6gal1",0.517438871908857,0.0036516300351688,0.000880779384018897,-0.0090249649297032,"SmoothMuscleCells","sender-focused"
"St6gal1",0.517438871908857,0.0036516300351688,0.000880779384018897,-0.0090249649297032,"EndocardialCells","sender-focused"
"Sema3c",0.485461239233106,0.00364169631761775,0.000870845666467848,-0.00466079545934287,"Myocytes","sender-focused"
"Il34",0.521787302028328,0.00363946501076575,0.000868614359615848,-0.000546297335803688,"SmoothMuscleCells","sender-focused"
"Pdgfb",0.528209224784651,0.00362935802330541,0.00085850737215551,0.00529276010734083,"EndothelialCells","sender-focused"
"Pdgfb",0.528209224784651,0.00362935802330541,0.00085850737215551,0.00529276010734083,"Leukocytes","sender-focused"
"Pdgfb",0.528209224784651,0.00362935802330541,0.00085850737215551,0.00529276010734083,"SmoothMuscleCells","sender-focused"
"Pdgfb",0.528209224784651,0.00362935802330541,0.00085850737215551,0.00529276010734083,"EndocardialCells","sender-focused"
"Igfbp3",0.517834815226443,0.00359479148369193,0.000823940832542032,-0.00418515036069055,"EndothelialCells","sender-focused"
"Igfbp3",0.517834815226443,0.00359479148369193,0.000823940832542032,-0.00418515036069055,"SmoothMuscleCells","sender-focused"
"Igfbp3",0.517834815226443,0.00359479148369193,0.000823940832542032,-0.00418515036069055,"EndocardialCells","sender-focused"
"Tspan3",0.470655043067507,0.00357134396994007,0.000800493318790169,-0.00611739662603705,"EndothelialCells","sender-focused"
"Tspan3",0.470655043067507,0.00357134396994007,0.000800493318790169,-0.00611739662603705,"Myocytes","sender-focused"
"Tspan3",0.470655043067507,0.00357134396994007,0.000800493318790169,-0.00611739662603705,"Leukocytes","sender-focused"
"Tspan3",0.470655043067507,0.00357134396994007,0.000800493318790169,-0.00611739662603705,"SmoothMuscleCells","sender-focused"
"Tspan3",0.470655043067507,0.00357134396994007,0.000800493318790169,-0.00611739662603705,"EndocardialCells","sender-focused"
"Il33",0.489611697693803,0.0035436131121962,0.000772762461046299,-0.00812207246528313,"Myocytes","sender-focused"
"Il33",0.489611697693803,0.0035436131121962,0.000772762461046299,-0.00812207246528313,"EndocardialCells","sender-focused"
"Glg1",0.518519033064725,0.00351341570633007,0.000742565055180166,-0.00240462104103912,"EndothelialCells","sender-focused"
"Glg1",0.518519033064725,0.00351341570633007,0.000742565055180166,-0.00240462104103912,"Myocytes","sender-focused"
"Glg1",0.518519033064725,0.00351341570633007,0.000742565055180166,-0.00240462104103912,"Leukocytes","sender-focused"
"Glg1",0.518519033064725,0.00351341570633007,0.000742565055180166,-0.00240462104103912,"SmoothMuscleCells","sender-focused"
"Glg1",0.518519033064725,0.00351341570633007,0.000742565055180166,-0.00240462104103912,"EndocardialCells","sender-focused"
"Wnt2",0.5270109752709,0.00349939374482718,0.000728543093677274,-0.00582111969005499,"EndocardialCells","sender-focused"
"Angptl6",0.511728952486799,0.00348731123815061,0.000716460587000703,-0.00296576912551797,"Myocytes","sender-focused"
"Cmtm8",0.54196651847734,0.00344660188269127,0.000675751231541369,-0.000880854418658875,"EndothelialCells","sender-focused"
"Cmtm8",0.54196651847734,0.00344660188269127,0.000675751231541369,-0.000880854418658875,"Myocytes","sender-focused"
"Cmtm8",0.54196651847734,0.00344660188269127,0.000675751231541369,-0.000880854418658875,"SmoothMuscleCells","sender-focused"
"Cmtm8",0.54196651847734,0.00344660188269127,0.000675751231541369,-0.000880854418658875,"EndocardialCells","sender-focused"
"Nppb",0.49743678799665,0.0033923967080396,0.000621546056889692,-0.00623300550670081,"Myocytes","sender-focused"
"Furin",0.492855654348429,0.00338137818124185,0.000610527530091946,-0.00884517580598886,"EndothelialCells","sender-focused"
"Furin",0.492855654348429,0.00338137818124185,0.000610527530091946,-0.00884517580598886,"Myocytes","sender-focused"
"Furin",0.492855654348429,0.00338137818124185,0.000610527530091946,-0.00884517580598886,"Leukocytes","sender-focused"
"Furin",0.492855654348429,0.00338137818124185,0.000610527530091946,-0.00884517580598886,"SmoothMuscleCells","sender-focused"
"Furin",0.492855654348429,0.00338137818124185,0.000610527530091946,-0.00884517580598886,"EndocardialCells","sender-focused"
"Jam2",0.522700750208368,0.00336642787713663,0.000595577225986726,-0.00177417634824006,"EndothelialCells","sender-focused"
"Jam2",0.522700750208368,0.00336642787713663,0.000595577225986726,-0.00177417634824006,"Myocytes","sender-focused"
"Jam2",0.522700750208368,0.00336642787713663,0.000595577225986726,-0.00177417634824006,"SmoothMuscleCells","sender-focused"
"Jam2",0.522700750208368,0.00336642787713663,0.000595577225986726,-0.00177417634824006,"EndocardialCells","sender-focused"
"Sema4d",0.508457210336203,0.00330115189368148,0.000530301242531578,-0.00591724891383172,"Myocytes","sender-focused"
"Sema4d",0.508457210336203,0.00330115189368148,0.000530301242531578,-0.00591724891383172,"Leukocytes","sender-focused"
"Sema4d",0.508457210336203,0.00330115189368148,0.000530301242531578,-0.00591724891383172,"EndocardialCells","sender-focused"
"Tgfb1",0.49621769936093,0.0032792968171351,0.000508446165985196,0.0082005724848281,"EndothelialCells","sender-focused"
"Tgfb1",0.49621769936093,0.0032792968171351,0.000508446165985196,0.0082005724848281,"Myocytes","sender-focused"
"Tgfb1",0.49621769936093,0.0032792968171351,0.000508446165985196,0.0082005724848281,"Leukocytes","sender-focused"
"Tgfb1",0.49621769936093,0.0032792968171351,0.000508446165985196,0.0082005724848281,"SmoothMuscleCells","sender-focused"
"Tgfb1",0.49621769936093,0.0032792968171351,0.000508446165985196,0.0082005724848281,"EndocardialCells","sender-focused"
"Dll4",0.511398999722136,0.00325261907252396,0.000481768421374055,-0.0048749142612109,"EndothelialCells","sender-focused"
"Dll4",0.511398999722136,0.00325261907252396,0.000481768421374055,-0.0048749142612109,"SmoothMuscleCells","sender-focused"
"Dll4",0.511398999722136,0.00325261907252396,0.000481768421374055,-0.0048749142612109,"EndocardialCells","sender-focused"
"Ltbp3",0.517001250347312,0.00324099507436728,0.00047014442321738,-0.00411745225270086,"Myocytes","sender-focused"
"Ltbp3",0.517001250347312,0.00324099507436728,0.00047014442321738,-0.00411745225270086,"SmoothMuscleCells","sender-focused"
"Ltbp3",0.517001250347312,0.00324099507436728,0.00047014442321738,-0.00411745225270086,"EndocardialCells","sender-focused"
"Lfng",0.512691025284796,0.00320557345245987,0.000434722801309972,-0.00759397819932117,"EndothelialCells","sender-focused"
"Lfng",0.512691025284796,0.00320557345245987,0.000434722801309972,-0.00759397819932117,"Leukocytes","sender-focused"
"Pdgfa",0.501826896360099,0.00316339523206284,0.00039254458091294,-0.014096220450425,"Myocytes","sender-focused"
"Pdgfa",0.501826896360099,0.00316339523206284,0.00039254458091294,-0.014096220450425,"Leukocytes","sender-focused"
"Pdgfa",0.501826896360099,0.00316339523206284,0.00039254458091294,-0.014096220450425,"SmoothMuscleCells","sender-focused"
"Jag2",0.498888580161153,0.00315985358836104,0.000389002937211134,-0.00887645517053225,"EndothelialCells","sender-focused"
"Vegfa",0.50941233676021,0.00315786976320808,0.000387019112058177,-0.00884407974853964,"Myocytes","sender-focused"
"Nppa",0.47456237843845,0.0031355082389647,0.000364657587814794,-0.00795458522333541,"EndothelialCells","sender-focused"
"Nppa",0.47456237843845,0.0031355082389647,0.000364657587814794,-0.00795458522333541,"Myocytes","sender-focused"
"Nppa",0.47456237843845,0.0031355082389647,0.000364657587814794,-0.00795458522333541,"Leukocytes","sender-focused"
"Nppa",0.47456237843845,0.0031355082389647,0.000364657587814794,-0.00795458522333541,"SmoothMuscleCells","sender-focused"
"Nppa",0.47456237843845,0.0031355082389647,0.000364657587814794,-0.00795458522333541,"EndocardialCells","sender-focused"
"Prnp",0.503761461517086,0.00313090114865261,0.000360050497502708,-0.013027288983636,"EndothelialCells","sender-focused"
"Prnp",0.503761461517086,0.00313090114865261,0.000360050497502708,-0.013027288983636,"Myocytes","sender-focused"
"Prnp",0.503761461517086,0.00313090114865261,0.000360050497502708,-0.013027288983636,"Leukocytes","sender-focused"
"Prnp",0.503761461517086,0.00313090114865261,0.000360050497502708,-0.013027288983636,"SmoothMuscleCells","sender-focused"
"Prnp",0.503761461517086,0.00313090114865261,0.000360050497502708,-0.013027288983636,"EndocardialCells","sender-focused"
"Tgm2",0.495092386774108,0.00310121551347978,0.000330364862329879,-0.0125808732099298,"EndothelialCells","sender-focused"
"Tgm2",0.495092386774108,0.00310121551347978,0.000330364862329879,-0.0125808732099298,"Myocytes","sender-focused"
"Tgm2",0.495092386774108,0.00310121551347978,0.000330364862329879,-0.0125808732099298,"Leukocytes","sender-focused"
"Tgm2",0.495092386774108,0.00310121551347978,0.000330364862329879,-0.0125808732099298,"SmoothMuscleCells","sender-focused"
"Tgm2",0.495092386774108,0.00310121551347978,0.000330364862329879,-0.0125808732099298,"EndocardialCells","sender-focused"
"Mfap5",0.501288552375653,0.00309747701309526,0.000326626361945356,-0.0098193552059916,"EndothelialCells","sender-focused"
"Mfap5",0.501288552375653,0.00309747701309526,0.000326626361945356,-0.0098193552059916,"Myocytes","sender-focused"
"Mfap5",0.501288552375653,0.00309747701309526,0.000326626361945356,-0.0098193552059916,"Leukocytes","sender-focused"
"Mfap5",0.501288552375653,0.00309747701309526,0.000326626361945356,-0.0098193552059916,"SmoothMuscleCells","sender-focused"
"Mfap5",0.501288552375653,0.00309747701309526,0.000326626361945356,-0.0098193552059916,"EndocardialCells","sender-focused"
"Tnfsf9",0.485614059460957,0.00297519265024355,0.000204341999093652,4.21985619426255e-05,"Leukocytes","sender-focused"
"Tgfb2",0.50246596276743,0.00297310954993445,0.000202258898784548,-0.0101226588921848,"Myocytes","sender-focused"
"Tgfb2",0.50246596276743,0.00297310954993445,0.000202258898784548,-0.0101226588921848,"SmoothMuscleCells","sender-focused"
"Tgfb2",0.50246596276743,0.00297310954993445,0.000202258898784548,-0.0101226588921848,"EndocardialCells","sender-focused"
"Angpt1",0.480338288413438,0.00293805095423054,0.000167200303080638,-0.0112108366987183,"Myocytes","sender-focused"
"Rarres2",0.473739233120294,0.00275700252377557,-1.38481273743302e-05,-0.00847798790117878,"Myocytes","sender-focused"
"Rarres2",0.473739233120294,0.00275700252377557,-1.38481273743302e-05,-0.00847798790117878,"SmoothMuscleCells","sender-focused"
"Rarres2",0.473739233120294,0.00275700252377557,-1.38481273743302e-05,-0.00847798790117878,"EndocardialCells","sender-focused"
"Lrig2",0.412854265073635,0.00271835531550386,-5.24953356460427e-05,-0.0125211664940302,"Myocytes","sender-focused"
"Lrig2",0.412854265073635,0.00271835531550386,-5.24953356460427e-05,-0.0125211664940302,"EndocardialCells","sender-focused"
"Alcam",0.463653098082796,0.00270427615223234,-6.6574498917565e-05,-0.012115300875423,"Leukocytes","sender-focused"
"Mmrn2",0.416973464851347,0.00225211788789828,-0.000518732763251619,-0.0159742726041288,"EndothelialCells","sender-focused"
"Mmrn2",0.416973464851347,0.00225211788789828,-0.000518732763251619,-0.0159742726041288,"SmoothMuscleCells","sender-focused"
"Mmrn2",0.416973464851347,0.00225211788789828,-0.000518732763251619,-0.0159742726041288,"EndocardialCells","sender-focused"
