"gene_celltype","module","celltype","gene","kME"
"Cnbp_Fibroblasts","black","Fibroblasts","Cnbp",0.96909647480411
"Gnb1_EndothelialCells","black","EndothelialCells","Gnb1",0.96668034624842
"Mir126_EndocardialCells","black","EndocardialCells","Mir126",0.966471713082494
"Eef1a1_EndothelialCells","black","EndothelialCells","Eef1a1",0.965610363635153
"Hmgb1_EndothelialCells","black","EndothelialCells","Hmgb1",0.964900603405398
"Mir684-1_EndocardialCells","black","EndocardialCells","Mir684-1",0.956026423119956
"Psap_EndothelialCells","black","EndothelialCells","Psap",0.955826554918
"H2-T22_Leukocytes","black","Leukocytes","H2-T22",0.954298839230781
"Hmgb1_EndocardialCells","black","EndocardialCells","Hmgb1",0.953568385344125
"Ifitm2_EndothelialCells","black","EndothelialCells","Ifitm2",0.952179713182681
"Mir684-1_Leukocytes","black","Leukocytes","Mir684-1",0.951743156248589
"H2-T22_EndocardialCells","black","EndocardialCells","H2-T22",0.950840031042903
"Ftl1_EndothelialCells","black","EndothelialCells","Ftl1",0.950348222980523
"Tubb5_EndothelialCells","black","EndothelialCells","Tubb5",0.948572469750641
"Gnas_EndothelialCells","black","EndothelialCells","Gnas",0.946898900522932
"Ubc_EndothelialCells","black","EndothelialCells","Ubc",0.945000260349773
"Cd81_EndothelialCells","black","EndothelialCells","Cd81",0.944620863486086
"Atp1b3_EndothelialCells","black","EndothelialCells","Atp1b3",0.944341068113392
"Mir5107_Leukocytes","black","Leukocytes","Mir5107",0.941013968109497
"Rpl18a_EndothelialCells","black","EndothelialCells","Rpl18a",0.940412142518143
"Itm2b_EndothelialCells","black","EndothelialCells","Itm2b",0.940366782109713
"Mir24-2_Leukocytes","black","Leukocytes","Mir24-2",0.939859460715287
"Eno1_EndocardialCells","black","EndocardialCells","Eno1",0.938955327925823
"Rplp0_EndothelialCells","black","EndothelialCells","Rplp0",0.938785208658992
"Ywhaz_EndothelialCells","black","EndothelialCells","Ywhaz",0.936601912961414
"Ugt1a6a_Fibroblasts","black","Fibroblasts","Ugt1a6a",0.933588906978876
"Traf5_Fibroblasts","black","Fibroblasts","Traf5",0.932944169212701
"Atp6v0c_EndocardialCells","black","EndocardialCells","Atp6v0c",0.932332024768808
"Hspa8_EndothelialCells","black","EndothelialCells","Hspa8",0.932134712853515
"Hnrnpk_EndothelialCells","black","EndothelialCells","Hnrnpk",0.931002643124238
"Anxa5_EndothelialCells","black","EndothelialCells","Anxa5",0.929541408184908
"Lpcat1_Fibroblasts","black","Fibroblasts","Lpcat1",0.929385453492004
"Dcdc2b_EndocardialCells","black","EndocardialCells","Dcdc2b",0.928787247992545
"Itm2b_SmoothMuscleCells","black","SmoothMuscleCells","Itm2b",0.927727969866787
"Ndfip1_EndocardialCells","black","EndocardialCells","Ndfip1",0.927195169552375
"H2-Q6_EndothelialCells","black","EndothelialCells","H2-Q6",0.926199226918169
"Gm1821_EndothelialCells","black","EndothelialCells","Gm1821",0.92535869664893
"Laptm4a_EndocardialCells","black","EndocardialCells","Laptm4a",0.925305696006701
"B2m_EndothelialCells","black","EndothelialCells","B2m",0.92310073564165
"Rab1_EndothelialCells","black","EndothelialCells","Rab1",0.92144021584733
"Rpl18a_SmoothMuscleCells","black","SmoothMuscleCells","Rpl18a",0.920768598909794
"Tnfsf13_Leukocytes","black","Leukocytes","Tnfsf13",0.920317603852889
"Actr2_EndothelialCells","black","EndothelialCells","Actr2",0.920204749720795
"Rac1_Fibroblasts","black","Fibroblasts","Rac1",0.919768433213111
"Prrt1_Fibroblasts","black","Fibroblasts","Prrt1",0.91940031107914
"Calm2_SmoothMuscleCells","black","SmoothMuscleCells","Calm2",0.918940604970793
"H2-Q6_EndocardialCells","black","EndocardialCells","H2-Q6",0.917804180905647
"Trim7_Fibroblasts","black","Fibroblasts","Trim7",0.917748089196966
"Dpysl2_EndothelialCells","black","EndothelialCells","Dpysl2",0.916935537245198
"Malat1_EndothelialCells","black","EndothelialCells","Malat1",0.91500915474091
"Tuba1b_EndothelialCells","black","EndothelialCells","Tuba1b",0.914902145945599
"Sept2_EndothelialCells","black","EndothelialCells","Sept2",0.914475666116793
"Pdia3_EndothelialCells","black","EndothelialCells","Pdia3",0.913944232662451
"Cst3_SmoothMuscleCells","black","SmoothMuscleCells","Cst3",0.913906906065164
"Hspa5_EndothelialCells","black","EndothelialCells","Hspa5",0.913702557943922
"Malat1_SmoothMuscleCells","black","SmoothMuscleCells","Malat1",0.91320030654272
"Arf1_Fibroblasts","black","Fibroblasts","Arf1",0.910450519950839
"Hmgb1_SmoothMuscleCells","black","SmoothMuscleCells","Hmgb1",0.910306070229119
"Mir126_EndothelialCells","black","EndothelialCells","Mir126",0.909924171064555
"Canx_EndothelialCells","black","EndothelialCells","Canx",0.909551000869709
"Eno1_EndothelialCells","black","EndothelialCells","Eno1",0.908319714080846
"Atp5b_SmoothMuscleCells","black","SmoothMuscleCells","Atp5b",0.907842686375059
"Myl12b_EndocardialCells","black","EndocardialCells","Myl12b",0.907642838923722
"Atp5a1_SmoothMuscleCells","black","SmoothMuscleCells","Atp5a1",0.90741659293442
"Ubc_SmoothMuscleCells","black","SmoothMuscleCells","Ubc",0.906315699059727
"H2-T22_Fibroblasts","black","Fibroblasts","H2-T22",0.906218797013033
"Ppia_EndothelialCells","black","EndothelialCells","Ppia",0.905517568822036
"Actb_SmoothMuscleCells","black","SmoothMuscleCells","Actb",0.905317507716871
"Myl12a_EndothelialCells","black","EndothelialCells","Myl12a",0.905220864163669
"Gm16617_Fibroblasts","black","Fibroblasts","Gm16617",0.904328090768875
"Tmsb4x_EndothelialCells","black","EndothelialCells","Tmsb4x",0.904129047672022
"Ctsd_Fibroblasts","black","Fibroblasts","Ctsd",0.902766838103491
"Zfp36l1_SmoothMuscleCells","black","SmoothMuscleCells","Zfp36l1",0.902686923431347
"Tgm4_Fibroblasts","black","Fibroblasts","Tgm4",0.902617797012344
"H2-T24_Fibroblasts","black","Fibroblasts","H2-T24",0.899425339992926
"Pcdhgb1_Fibroblasts","black","Fibroblasts","Pcdhgb1",0.899289555444049
"Eef1a1_SmoothMuscleCells","black","SmoothMuscleCells","Eef1a1",0.898869922618692
"Pfn1_EndothelialCells","black","EndothelialCells","Pfn1",0.898024273308639
"Rhoa_Fibroblasts","black","Fibroblasts","Rhoa",0.897782467035112
"Actb_EndothelialCells","black","EndothelialCells","Actb",0.897514569223364
"Gpx1_EndothelialCells","black","EndothelialCells","Gpx1",0.896412415093623
"Sepp1_EndothelialCells","black","EndothelialCells","Sepp1",0.894975087496207
"Tmem50a_Fibroblasts","black","Fibroblasts","Tmem50a",0.893940790053095
"Ugt1a7c_Leukocytes","black","Leukocytes","Ugt1a7c",0.893176977145666
"Ptges3_EndothelialCells","black","EndothelialCells","Ptges3",0.892043423581626
"4930413G21Rik_Fibroblasts","black","Fibroblasts","4930413G21Rik",0.891854797061918
"Atp6v0c_Fibroblasts","black","Fibroblasts","Atp6v0c",0.891540250143149
"Laptm4a_Fibroblasts","black","Fibroblasts","Laptm4a",0.888461325280996
"Hsp90ab1_SmoothMuscleCells","black","SmoothMuscleCells","Hsp90ab1",0.888303893829717
"Aldoa_SmoothMuscleCells","black","SmoothMuscleCells","Aldoa",0.887340585161541
"Gm16907_Fibroblasts","black","Fibroblasts","Gm16907",0.886385144184125
"Gapdh_SmoothMuscleCells","black","SmoothMuscleCells","Gapdh",0.886045833063598
"Vim_EndocardialCells","black","EndocardialCells","Vim",0.884486711673159
"Rplp0_SmoothMuscleCells","black","SmoothMuscleCells","Rplp0",0.884484986648334
"Psap_SmoothMuscleCells","black","SmoothMuscleCells","Psap",0.884290451398292
"Mir682_EndocardialCells","black","EndocardialCells","Mir682",0.88414362767774
"Ubb_SmoothMuscleCells","black","SmoothMuscleCells","Ubb",0.884104090879481
"Apcdd1_Fibroblasts","black","Fibroblasts","Apcdd1",0.883845024160952
"Aldoart1_Fibroblasts","black","Fibroblasts","Aldoart1",0.883636577955645
"Calm2_EndothelialCells","black","EndothelialCells","Calm2",0.881982808590533
"Ywhaz_SmoothMuscleCells","black","SmoothMuscleCells","Ywhaz",0.881276326737888
"Rpl13_EndothelialCells","black","EndothelialCells","Rpl13",0.88125934873506
"Hsp90ab1_Leukocytes","black","Leukocytes","Hsp90ab1",0.880176362356835
"P4hb_EndothelialCells","black","EndothelialCells","P4hb",0.879347412668068
"Lmna_Fibroblasts","black","Fibroblasts","Lmna",0.879171277412468
"Hspa8_SmoothMuscleCells","black","SmoothMuscleCells","Hspa8",0.878608148630252
"Ccdc152_Fibroblasts","black","Fibroblasts","Ccdc152",0.878404268930757
"Gm5148_SmoothMuscleCells","black","SmoothMuscleCells","Gm5148",0.87811813992418
"Fth1_SmoothMuscleCells","black","SmoothMuscleCells","Fth1",0.878033627438693
"Gna12_Leukocytes","black","Leukocytes","Gna12",0.877639204855796
"Actr2_Fibroblasts","black","Fibroblasts","Actr2",0.875766649909617
"Atp6v0c_Leukocytes","black","Leukocytes","Atp6v0c",0.875637023809923
"Crip2_SmoothMuscleCells","black","SmoothMuscleCells","Crip2",0.875594782474988
"AI506816_Fibroblasts","black","Fibroblasts","AI506816",0.875558733975395
"Cnbp_EndothelialCells","black","EndothelialCells","Cnbp",0.875058621655797
"Hnrnpk_SmoothMuscleCells","black","SmoothMuscleCells","Hnrnpk",0.874073560197205
"Gna12_Fibroblasts","black","Fibroblasts","Gna12",0.873929694542598
"Prdx1_EndothelialCells","black","EndothelialCells","Prdx1",0.873888114172073
"6330512M04Rik_EndocardialCells","black","EndocardialCells","6330512M04Rik",0.873397377985014
"Rps9_EndocardialCells","black","EndocardialCells","Rps9",0.873378184739721
"Cd81_SmoothMuscleCells","black","SmoothMuscleCells","Cd81",0.87315472177189
"Rn45s_SmoothMuscleCells","black","SmoothMuscleCells","Rn45s",0.87313878598888
"Rps9_SmoothMuscleCells","black","SmoothMuscleCells","Rps9",0.873022087897603
"Hnrnpk_Fibroblasts","black","Fibroblasts","Hnrnpk",0.872078560196908
"Bsg_EndothelialCells","black","EndothelialCells","Bsg",0.87193387089421
"Slc25a5_EndothelialCells","black","EndothelialCells","Slc25a5",0.871885048941564
"Dvl3_Leukocytes","black","Leukocytes","Dvl3",0.871619970299141
"Rpl3_SmoothMuscleCells","black","SmoothMuscleCells","Rpl3",0.870964750165167
"Ctsl_Fibroblasts","black","Fibroblasts","Ctsl",0.870745914460858
"S100a11_EndocardialCells","black","EndocardialCells","S100a11",0.869695088732021
"H2-D1_EndothelialCells","black","EndothelialCells","H2-D1",0.868913663799514
"Cnbp_SmoothMuscleCells","black","SmoothMuscleCells","Cnbp",0.868382391375237
"Ubb_Leukocytes","black","Leukocytes","Ubb",0.868311400798108
"Hsp90ab1_EndothelialCells","black","EndothelialCells","Hsp90ab1",0.867932836549796
"Capzb_EndothelialCells","black","EndothelialCells","Capzb",0.867907914777082
"Mir568_EndocardialCells","black","EndocardialCells","Mir568",0.867866835070905
"Calm1_SmoothMuscleCells","black","SmoothMuscleCells","Calm1",0.867813820419421
"Fam196a_Fibroblasts","black","Fibroblasts","Fam196a",0.867525242429194
"BC013712_Leukocytes","black","Leukocytes","BC013712",0.867360282987063
"Hmgn2_Fibroblasts","black","Fibroblasts","Hmgn2",0.867112522711938
"Atp5a1_EndothelialCells","black","EndothelialCells","Atp5a1",0.866200441276104
"Agpat2_Fibroblasts","black","Fibroblasts","Agpat2",0.866083419953746
"Sri_EndocardialCells","black","EndocardialCells","Sri",0.865357385815476
"Malat1_Leukocytes","black","Leukocytes","Malat1",0.865003716573524
"Tubb5_SmoothMuscleCells","black","SmoothMuscleCells","Tubb5",0.86444169456371
"Atp6v0c_EndothelialCells","black","EndothelialCells","Atp6v0c",0.862938758593703
"Ypel4_Fibroblasts","black","Fibroblasts","Ypel4",0.85991611277911
"Skp1a_Fibroblasts","black","Fibroblasts","Skp1a",0.859344697176478
"Cox4i1_SmoothMuscleCells","black","SmoothMuscleCells","Cox4i1",0.858094608977054
"Zfp536_Myocytes","black","Myocytes","Zfp536",0.857547497923267
"Atp5b_EndothelialCells","black","EndothelialCells","Atp5b",0.856832024204503
"Cst3_EndothelialCells","black","EndothelialCells","Cst3",0.856702597090965
"Rhoa_SmoothMuscleCells","black","SmoothMuscleCells","Rhoa",0.856184940754875
"Lamp1_Fibroblasts","black","Fibroblasts","Lamp1",0.855640638882112
"Ccdc152_EndocardialCells","black","EndocardialCells","Ccdc152",0.855586125624129
"Fth1_Leukocytes","black","Leukocytes","Fth1",0.855322171982733
"Agpat2_Leukocytes","black","Leukocytes","Agpat2",0.853760453948819
"Cct6a_Fibroblasts","black","Fibroblasts","Cct6a",0.853685350460553
"Ldha_EndocardialCells","black","EndocardialCells","Ldha",0.853039563857934
"Nfkbia_Fibroblasts","black","Fibroblasts","Nfkbia",0.853009658992778
"Sepw1_EndothelialCells","black","EndothelialCells","Sepw1",0.8529370075593
"Sdc4_Fibroblasts","black","Fibroblasts","Sdc4",0.852742792716059
"Prdx1_SmoothMuscleCells","black","SmoothMuscleCells","Prdx1",0.852653341964118
"Ifitm3_EndothelialCells","black","EndothelialCells","Ifitm3",0.85230177070059
"Mcmbp_EndothelialCells","black","EndothelialCells","Mcmbp",0.851949302312156
"Fth1_EndothelialCells","black","EndothelialCells","Fth1",0.851809899148584
"3110021N24Rik_Myocytes","black","Myocytes","3110021N24Rik",0.851504511602802
"Gm1821_SmoothMuscleCells","black","SmoothMuscleCells","Gm1821",0.851044893688762
"Rps18_EndocardialCells","black","EndocardialCells","Rps18",0.851032725893008
"Bsg_SmoothMuscleCells","black","SmoothMuscleCells","Bsg",0.850005185014728
"Gnas_SmoothMuscleCells","black","SmoothMuscleCells","Gnas",0.849031894788427
"Cct6a_SmoothMuscleCells","black","SmoothMuscleCells","Cct6a",0.848827881566579
"Dync1li1_Fibroblasts","black","Fibroblasts","Dync1li1",0.847827433486517
"Ccdc64_Fibroblasts","black","Fibroblasts","Ccdc64",0.847132510665025
"Gja1_EndothelialCells","black","EndothelialCells","Gja1",0.846217891077665
"Lmna_SmoothMuscleCells","black","SmoothMuscleCells","Lmna",0.845716589820256
"Psap_Myocytes","black","Myocytes","Psap",0.845409755553706
"Ncl_Fibroblasts","black","Fibroblasts","Ncl",0.844733155543007
"Cox4i1_EndocardialCells","black","EndocardialCells","Cox4i1",0.844556487938702
"Herpud1_Fibroblasts","black","Fibroblasts","Herpud1",0.84406947899218
"Mir3074-1_SmoothMuscleCells","black","SmoothMuscleCells","Mir3074-1",0.843490935300815
"Rpl13_EndocardialCells","black","EndocardialCells","Rpl13",0.843484382563424
"H3f3a_SmoothMuscleCells","black","SmoothMuscleCells","H3f3a",0.84330755074211
"Eif5a_EndothelialCells","black","EndothelialCells","Eif5a",0.843211176801045
"Ppia_SmoothMuscleCells","black","SmoothMuscleCells","Ppia",0.842472684622114
"Sepp1_Myocytes","black","Myocytes","Sepp1",0.841965094196198
"Eno1_SmoothMuscleCells","black","SmoothMuscleCells","Eno1",0.840000022082084
"Erlec1_EndocardialCells","blue","EndocardialCells","Erlec1",0.881080913041193
"Armcx1_EndocardialCells","blue","EndocardialCells","Armcx1",0.861795114098089
"Atic_EndocardialCells","blue","EndocardialCells","Atic",0.850761236849807
"Klhl13_Myocytes","blue","Myocytes","Klhl13",0.845914858317598
"2010106G01Rik_SmoothMuscleCells","blue","SmoothMuscleCells","2010106G01Rik",0.841846718386409
"Syt11_EndocardialCells","blue","EndocardialCells","Syt11",0.832550394346916
"Ppp2r3d_EndocardialCells","blue","EndocardialCells","Ppp2r3d",0.831599609721245
"Lpl_Myocytes","blue","Myocytes","Lpl",0.830720437955104
"Klhl18_EndocardialCells","blue","EndocardialCells","Klhl18",0.83043505334286
"Afg3l1_EndocardialCells","blue","EndocardialCells","Afg3l1",0.830171716334983
"Gm10400_EndocardialCells","blue","EndocardialCells","Gm10400",0.822101781396601
"Mt3_Myocytes","blue","Myocytes","Mt3",0.820758956104711
"Rbpms_Myocytes","blue","Myocytes","Rbpms",0.820639818021425
"Arhgap21_EndocardialCells","blue","EndocardialCells","Arhgap21",0.82007768804129
"Chmp4b_EndocardialCells","blue","EndocardialCells","Chmp4b",0.818440640584074
"Ubr3_EndocardialCells","blue","EndocardialCells","Ubr3",0.818050085506716
"Prorsd1_SmoothMuscleCells","blue","SmoothMuscleCells","Prorsd1",0.816595234404077
"Zfp955a_SmoothMuscleCells","blue","SmoothMuscleCells","Zfp955a",0.814908653746721
"Madd_EndocardialCells","blue","EndocardialCells","Madd",0.813623984509217
"Postn_EndocardialCells","blue","EndocardialCells","Postn",0.813431911807654
"BC003266_SmoothMuscleCells","blue","SmoothMuscleCells","BC003266",0.81341852928188
"D17Wsu92e_SmoothMuscleCells","blue","SmoothMuscleCells","D17Wsu92e",0.811350729580037
"Cited2_SmoothMuscleCells","blue","SmoothMuscleCells","Cited2",0.80892020223664
"Agpat6_EndocardialCells","blue","EndocardialCells","Agpat6",0.808878248035925
"Trim27_SmoothMuscleCells","blue","SmoothMuscleCells","Trim27",0.808365501589325
"Tmem111_SmoothMuscleCells","blue","SmoothMuscleCells","Tmem111",0.808204971045132
"Rcan2_Myocytes","blue","Myocytes","Rcan2",0.808086118233914
"Pik3r4_EndocardialCells","blue","EndocardialCells","Pik3r4",0.807037916554903
"Dync2li1_SmoothMuscleCells","blue","SmoothMuscleCells","Dync2li1",0.806159721198211
"Fancc_EndocardialCells","blue","EndocardialCells","Fancc",0.805089093601481
"Wrn_SmoothMuscleCells","blue","SmoothMuscleCells","Wrn",0.800865824622416
"Usf2_SmoothMuscleCells","blue","SmoothMuscleCells","Usf2",0.800479847786
"Tbc1d8b_EndocardialCells","blue","EndocardialCells","Tbc1d8b",0.798311865925703
"Arap3_EndocardialCells","blue","EndocardialCells","Arap3",0.798171395751803
"Elk1_EndocardialCells","blue","EndocardialCells","Elk1",0.796519875835106
"Pi16_EndocardialCells","blue","EndocardialCells","Pi16",0.792847245382774
"Dip2c_EndocardialCells","blue","EndocardialCells","Dip2c",0.790926621721302
"Bicd2_SmoothMuscleCells","blue","SmoothMuscleCells","Bicd2",0.79059674552942
"Atp2a2_Myocytes","blue","Myocytes","Atp2a2",0.790106891019663
"Trmu_EndocardialCells","blue","EndocardialCells","Trmu",0.789093956356713
"2310004I24Rik_EndocardialCells","blue","EndocardialCells","2310004I24Rik",0.788516617419342
"Il17rd_EndocardialCells","blue","EndocardialCells","Il17rd",0.788397792479319
"Bcas3_EndocardialCells","blue","EndocardialCells","Bcas3",0.786253298466792
"Dom3z_SmoothMuscleCells","blue","SmoothMuscleCells","Dom3z",0.786059734607631
"Tnk1_EndothelialCells","blue","EndothelialCells","Tnk1",0.785978426526597
"Ufd1l_SmoothMuscleCells","blue","SmoothMuscleCells","Ufd1l",0.785633618353552
"Enpp2_EndocardialCells","blue","EndocardialCells","Enpp2",0.781929855788249
"Ptges2_SmoothMuscleCells","blue","SmoothMuscleCells","Ptges2",0.781118815146362
"Fam117a_SmoothMuscleCells","blue","SmoothMuscleCells","Fam117a",0.77853993648894
"Tmem126a_SmoothMuscleCells","blue","SmoothMuscleCells","Tmem126a",0.777752708522935
"Tor1b_SmoothMuscleCells","blue","SmoothMuscleCells","Tor1b",0.777659157424534
"Chuk_EndocardialCells","blue","EndocardialCells","Chuk",0.777644416531132
"Fbxo21_EndocardialCells","blue","EndocardialCells","Fbxo21",0.777435932810363
"Zcchc14_EndocardialCells","blue","EndocardialCells","Zcchc14",0.777028753065376
"Slc44a1_EndocardialCells","blue","EndocardialCells","Slc44a1",0.77697010575237
"Hdac6_EndocardialCells","blue","EndocardialCells","Hdac6",0.769976690968828
"Lclat1_EndocardialCells","blue","EndocardialCells","Lclat1",0.769653582387082
"Art4_EndocardialCells","blue","EndocardialCells","Art4",0.769290683273342
"Peli2_EndocardialCells","blue","EndocardialCells","Peli2",0.769258504178034
"Glt8d1_EndocardialCells","blue","EndocardialCells","Glt8d1",0.769218365418315
"Dkk3_Myocytes","blue","Myocytes","Dkk3",0.76865756805741
"Kank2_EndocardialCells","blue","EndocardialCells","Kank2",0.768551988269491
"Xrcc1_EndocardialCells","blue","EndocardialCells","Xrcc1",0.768370804097658
"Zfp91_EndocardialCells","blue","EndocardialCells","Zfp91",0.768081462270447
"Stard13_EndocardialCells","blue","EndocardialCells","Stard13",0.767479032018497
"Gm20199_EndocardialCells","blue","EndocardialCells","Gm20199",0.767296383544028
"Shc1_EndocardialCells","blue","EndocardialCells","Shc1",0.767051380730068
"Ttn_Myocytes","blue","Myocytes","Ttn",0.766790213109567
"9530091C08Rik_EndocardialCells","blue","EndocardialCells","9530091C08Rik",0.766269061629357
"2210010C17Rik_EndocardialCells","blue","EndocardialCells","2210010C17Rik",0.766025189616076
"Rest_EndocardialCells","blue","EndocardialCells","Rest",0.764654901953349
"Rpia_EndocardialCells","blue","EndocardialCells","Rpia",0.764508970611027
"AU019823_SmoothMuscleCells","blue","SmoothMuscleCells","AU019823",0.763662299602863
"Rad51l3_EndocardialCells","blue","EndocardialCells","Rad51l3",0.763489047772091
"Parp3_SmoothMuscleCells","blue","SmoothMuscleCells","Parp3",0.763480198812206
"Atrnl1_EndocardialCells","blue","EndocardialCells","Atrnl1",0.76320602018097
"Lrrn2_Myocytes","blue","Myocytes","Lrrn2",0.762042205166816
"1110007C09Rik_Myocytes","blue","Myocytes","1110007C09Rik",0.761541554819426
"Wtip_Myocytes","blue","Myocytes","Wtip",0.7613400850408
"Dnm1l_SmoothMuscleCells","blue","SmoothMuscleCells","Dnm1l",0.760313194264627
"Zbtb49_EndocardialCells","blue","EndocardialCells","Zbtb49",0.760309410693778
"Prkaa1_SmoothMuscleCells","blue","SmoothMuscleCells","Prkaa1",0.760207840576448
"Eif2b1_SmoothMuscleCells","blue","SmoothMuscleCells","Eif2b1",0.760203492993835
"Zfp952_EndothelialCells","blue","EndothelialCells","Zfp952",0.759532444940181
"Fam57b_EndocardialCells","blue","EndocardialCells","Fam57b",0.759259646885661
"Mmaa_EndocardialCells","blue","EndocardialCells","Mmaa",0.758849221505567
"Fzd6_EndocardialCells","blue","EndocardialCells","Fzd6",0.758529221846358
"Fance_EndocardialCells","blue","EndocardialCells","Fance",0.758485357013512
"Unk_EndocardialCells","blue","EndocardialCells","Unk",0.75783869504273
"Ankrd50_EndocardialCells","blue","EndocardialCells","Ankrd50",0.756971143961552
"Ldlrap1_SmoothMuscleCells","blue","SmoothMuscleCells","Ldlrap1",0.75684645050194
"Papola_Myocytes","blue","Myocytes","Papola",0.755169845136409
"9330133O14Rik_EndocardialCells","blue","EndocardialCells","9330133O14Rik",0.75482296614071
"Npepps_EndocardialCells","blue","EndocardialCells","Npepps",0.754351986743813
"Ryr2_Myocytes","blue","Myocytes","Ryr2",0.754078507519803
"Spen_SmoothMuscleCells","blue","SmoothMuscleCells","Spen",0.753757934735809
"Mettl7a1_SmoothMuscleCells","blue","SmoothMuscleCells","Mettl7a1",0.753688997633494
"Lmbr1_EndocardialCells","blue","EndocardialCells","Lmbr1",0.753666156088647
"Abhd11_EndocardialCells","blue","EndocardialCells","Abhd11",0.753643843365092
"Art3_Myocytes","blue","Myocytes","Art3",0.753317363818787
"Dync1li2_EndocardialCells","blue","EndocardialCells","Dync1li2",0.751975141898282
"Casq2_Myocytes","blue","Myocytes","Casq2",0.751560806914765
"Msrb3_Myocytes","blue","Myocytes","Msrb3",0.7514758723425
"Cdc14b_EndocardialCells","blue","EndocardialCells","Cdc14b",0.751396811269667
"Nagk_SmoothMuscleCells","blue","SmoothMuscleCells","Nagk",0.750646362360217
"Dhodh_EndocardialCells","blue","EndocardialCells","Dhodh",0.750497775168911
"Mmp11_SmoothMuscleCells","blue","SmoothMuscleCells","Mmp11",0.750462622454333
"Rarg_SmoothMuscleCells","blue","SmoothMuscleCells","Rarg",0.750226436850312
"Slc37a3_EndocardialCells","blue","EndocardialCells","Slc37a3",0.749952985684989
"Mrpl30_Myocytes","blue","Myocytes","Mrpl30",0.749264248791981
"Plcb3_EndocardialCells","blue","EndocardialCells","Plcb3",0.748828016484962
"Kctd12b_EndocardialCells","blue","EndocardialCells","Kctd12b",0.746924225386193
"Fus_Myocytes","blue","Myocytes","Fus",0.74663723380443
"Fgl2_Myocytes","blue","Myocytes","Fgl2",0.745543550076765
"Fktn_EndocardialCells","blue","EndocardialCells","Fktn",0.745462953289553
"Fibp_SmoothMuscleCells","blue","SmoothMuscleCells","Fibp",0.744412957029057
"Crybb3_EndocardialCells","blue","EndocardialCells","Crybb3",0.744083971856807
"Kctd6_SmoothMuscleCells","blue","SmoothMuscleCells","Kctd6",0.74393742073317
"Gm9776_EndocardialCells","blue","EndocardialCells","Gm9776",0.743769108269096
"Ddah2_EndocardialCells","blue","EndocardialCells","Ddah2",0.743300118813419
"Itfg3_Leukocytes","blue","Leukocytes","Itfg3",0.742933276266326
"Cep170_EndocardialCells","blue","EndocardialCells","Cep170",0.742844795865282
"Maz_SmoothMuscleCells","blue","SmoothMuscleCells","Maz",0.74223372569446
"Ttbk2_EndocardialCells","blue","EndocardialCells","Ttbk2",0.742050171764161
"Zfml_EndocardialCells","blue","EndocardialCells","Zfml",0.741557669659791
"Sertad1_SmoothMuscleCells","blue","SmoothMuscleCells","Sertad1",0.741277608498281
"Galk1_EndocardialCells","blue","EndocardialCells","Galk1",0.741098279634022
"Sec24d_EndocardialCells","blue","EndocardialCells","Sec24d",0.740541474704181
"Tbccd1_EndocardialCells","blue","EndocardialCells","Tbccd1",0.740254083987092
"Enpp6_EndocardialCells","blue","EndocardialCells","Enpp6",0.739868988692031
"5430405H02Rik_SmoothMuscleCells","blue","SmoothMuscleCells","5430405H02Rik",0.739255432116845
"Tsc2_EndocardialCells","blue","EndocardialCells","Tsc2",0.739140931816408
"Hrc_Myocytes","blue","Myocytes","Hrc",0.739129957860747
"Snx18_SmoothMuscleCells","blue","SmoothMuscleCells","Snx18",0.739076915821067
"Cmtm3_SmoothMuscleCells","blue","SmoothMuscleCells","Cmtm3",0.738862936405995
"Pigc_SmoothMuscleCells","blue","SmoothMuscleCells","Pigc",0.738357296314467
"Ccdc28b_SmoothMuscleCells","blue","SmoothMuscleCells","Ccdc28b",0.738294660259459
"Figf_EndocardialCells","blue","EndocardialCells","Figf",0.738207272177654
"Arhgap6_EndocardialCells","blue","EndocardialCells","Arhgap6",0.738099388906871
"4931408A02Rik_EndocardialCells","blue","EndocardialCells","4931408A02Rik",0.738051837573347
"AI837181_SmoothMuscleCells","blue","SmoothMuscleCells","AI837181",0.737508997116697
"Mrpl9_EndocardialCells","blue","EndocardialCells","Mrpl9",0.737469463906379
"Mlph_EndocardialCells","blue","EndocardialCells","Mlph",0.736829520690921
"Eif2c1_EndocardialCells","blue","EndocardialCells","Eif2c1",0.736679160526011
"Ppip5k2_EndocardialCells","blue","EndocardialCells","Ppip5k2",0.736579332828397
"Dmwd_EndocardialCells","blue","EndocardialCells","Dmwd",0.736211199018302
"Ulk1_EndocardialCells","blue","EndocardialCells","Ulk1",0.735666792236511
"Ccnk_EndocardialCells","blue","EndocardialCells","Ccnk",0.735489949586382
"Pusl1_EndocardialCells","blue","EndocardialCells","Pusl1",0.73471349101617
"Zfp286_EndocardialCells","blue","EndocardialCells","Zfp286",0.734702749728997
"Vegfb_Myocytes","blue","Myocytes","Vegfb",0.734190683037478
"Smpdl3a_SmoothMuscleCells","blue","SmoothMuscleCells","Smpdl3a",0.734065074315249
"Mxi1_EndocardialCells","blue","EndocardialCells","Mxi1",0.733630326283282
"Pear1_EndocardialCells","blue","EndocardialCells","Pear1",0.73359836924137
"Slc24a6_SmoothMuscleCells","blue","SmoothMuscleCells","Slc24a6",0.733369181903788
"Lrrc47_EndocardialCells","blue","EndocardialCells","Lrrc47",0.7332609008614
"D1Ertd622e_SmoothMuscleCells","blue","SmoothMuscleCells","D1Ertd622e",0.733050173862516
"Etohi1_Fibroblasts","blue","Fibroblasts","Etohi1",0.732725082148968
"Polr1b_EndocardialCells","blue","EndocardialCells","Polr1b",0.732120111702191
"Jagn1_EndocardialCells","blue","EndocardialCells","Jagn1",0.731953724016545
"Sdpr_Myocytes","blue","Myocytes","Sdpr",0.731660343489453
"Snrpa_EndocardialCells","blue","EndocardialCells","Snrpa",0.731154571428846
"Flna_EndocardialCells","blue","EndocardialCells","Flna",0.730893349835744
"Tbpl1_SmoothMuscleCells","blue","SmoothMuscleCells","Tbpl1",0.729238071163354
"Tmem68_SmoothMuscleCells","blue","SmoothMuscleCells","Tmem68",0.729153680771181
"Cand2_EndocardialCells","blue","EndocardialCells","Cand2",0.728914479697691
"Stag1_EndocardialCells","blue","EndocardialCells","Stag1",0.727781204356341
"2210408F21Rik_Myocytes","blue","Myocytes","2210408F21Rik",0.727648055744912
"Arhgef17_Myocytes","blue","Myocytes","Arhgef17",0.727578684381216
"Dennd1a_EndocardialCells","blue","EndocardialCells","Dennd1a",0.727426114819981
"Cdc14a_EndocardialCells","blue","EndocardialCells","Cdc14a",0.72740215911739
"2410017P09Rik_SmoothMuscleCells","blue","SmoothMuscleCells","2410017P09Rik",0.726559400552238
"Csrp2_Myocytes","blue","Myocytes","Csrp2",0.726529669017182
"AA960436_EndocardialCells","blue","EndocardialCells","AA960436",0.726371835930049
"Syne2_EndocardialCells","blue","EndocardialCells","Syne2",0.726270364463641
"Clu_Myocytes","blue","Myocytes","Clu",0.726205510822881
"Gprc5b_EndocardialCells","blue","EndocardialCells","Gprc5b",0.726113663277805
"Ugdh_SmoothMuscleCells","blue","SmoothMuscleCells","Ugdh",0.726019566832218
"Arid2_EndocardialCells","blue","EndocardialCells","Arid2",0.725562120525193
"Hivep1_SmoothMuscleCells","blue","SmoothMuscleCells","Hivep1",0.725170801345728
"Sspn_Myocytes","blue","Myocytes","Sspn",0.72450011053558
"Rnf6_SmoothMuscleCells","blue","SmoothMuscleCells","Rnf6",0.724373108011692
"Ampd2_EndocardialCells","blue","EndocardialCells","Ampd2",0.723949892790156
"Aldh1a1_EndocardialCells","blue","EndocardialCells","Aldh1a1",0.723865444408225
"Atp6ap2_SmoothMuscleCells","blue","SmoothMuscleCells","Atp6ap2",0.723358418754271
"Atxn7_SmoothMuscleCells","blue","SmoothMuscleCells","Atxn7",0.723192892030559
"Plcd3_EndocardialCells","blue","EndocardialCells","Plcd3",0.723054620415254
"Plxna2_EndocardialCells","blue","EndocardialCells","Plxna2",0.723046770066948
"Smad4_EndocardialCells","blue","EndocardialCells","Smad4",0.722908624502735
"Fam160b1_EndocardialCells","blue","EndocardialCells","Fam160b1",0.722132705725335
"Nbea_EndocardialCells","blue","EndocardialCells","Nbea",0.721894986096224
"Sgcb_EndocardialCells","blue","EndocardialCells","Sgcb",0.721808815904075
"Topors_SmoothMuscleCells","blue","SmoothMuscleCells","Topors",0.721662440794162
"Psd3_EndocardialCells","blue","EndocardialCells","Psd3",0.721321682524395
"Jmjd5_EndocardialCells","blue","EndocardialCells","Jmjd5",0.72106109424047
"Fam46b_SmoothMuscleCells","blue","SmoothMuscleCells","Fam46b",0.720965359364733
"Nagk_EndocardialCells","blue","EndocardialCells","Nagk",0.720951397814329
"Smo_EndocardialCells","blue","EndocardialCells","Smo",0.720792412740163
"Ccdc117_SmoothMuscleCells","blue","SmoothMuscleCells","Ccdc117",0.720571610179786
"1810013D10Rik_SmoothMuscleCells","blue","SmoothMuscleCells","1810013D10Rik",0.720348305590868
"1110046J04Rik_EndocardialCells","blue","EndocardialCells","1110046J04Rik",0.720129915003412
"Tmem218_EndocardialCells","blue","EndocardialCells","Tmem218",0.719756877067469
"Cxx1a_SmoothMuscleCells","blue","SmoothMuscleCells","Cxx1a",0.7194740719606
"Zzz3_SmoothMuscleCells","blue","SmoothMuscleCells","Zzz3",0.719455059806202
"Pfdn2_EndocardialCells","blue","EndocardialCells","Pfdn2",0.719110604138648
"Ruvbl1_EndocardialCells","blue","EndocardialCells","Ruvbl1",0.718978180075861
"Zbed3_SmoothMuscleCells","blue","SmoothMuscleCells","Zbed3",0.718748953940502
"Ppox_EndocardialCells","blue","EndocardialCells","Ppox",0.718496526976029
"Spats2l_EndocardialCells","blue","EndocardialCells","Spats2l",0.718176927474745
"2810432L12Rik_EndocardialCells","blue","EndocardialCells","2810432L12Rik",0.717980668653255
"Arhgef25_SmoothMuscleCells","blue","SmoothMuscleCells","Arhgef25",0.717749357430394
"Foxj3_EndocardialCells","blue","EndocardialCells","Foxj3",0.71663156706513
"Rapgef6_SmoothMuscleCells","blue","SmoothMuscleCells","Rapgef6",0.71651161764394
"Gga1_SmoothMuscleCells","blue","SmoothMuscleCells","Gga1",0.716491826870797
"Tatdn2_EndocardialCells","blue","EndocardialCells","Tatdn2",0.715828381538486
"Ramp2_EndothelialCells","blue","EndothelialCells","Ramp2",0.71545668742617
"Uaca_SmoothMuscleCells","blue","SmoothMuscleCells","Uaca",0.715240032688088
"Entpd4_EndocardialCells","blue","EndocardialCells","Entpd4",0.714886685584411
"Bbc3_SmoothMuscleCells","blue","SmoothMuscleCells","Bbc3",0.714744763562586
"Wipi1_EndocardialCells","blue","EndocardialCells","Wipi1",0.714648059251902
"Ino80_EndocardialCells","blue","EndocardialCells","Ino80",0.713644938630222
"Nelf_EndocardialCells","blue","EndocardialCells","Nelf",0.712897744096733
"Med23_EndocardialCells","blue","EndocardialCells","Med23",0.712710933156349
"Thoc2_EndocardialCells","blue","EndocardialCells","Thoc2",0.712547502449844
"Fam103a1_SmoothMuscleCells","blue","SmoothMuscleCells","Fam103a1",0.712359673701223
"Acsf2_EndocardialCells","blue","EndocardialCells","Acsf2",0.711311860613344
"Mfsd6_EndocardialCells","blue","EndocardialCells","Mfsd6",0.710837506401207
"Prdm2_EndocardialCells","blue","EndocardialCells","Prdm2",0.710760997991188
"Vprbp_EndocardialCells","blue","EndocardialCells","Vprbp",0.710660938256712
"Epn2_EndocardialCells","blue","EndocardialCells","Epn2",0.710632546144107
"Trib2_EndocardialCells","blue","EndocardialCells","Trib2",0.71040723453924
"Lrp3_EndocardialCells","blue","EndocardialCells","Lrp3",0.710111821864477
"2310079F23Rik_EndocardialCells","blue","EndocardialCells","2310079F23Rik",0.709927986181879
"Akap11_EndocardialCells","blue","EndocardialCells","Akap11",0.709841139636694
"Adamts15_Myocytes","blue","Myocytes","Adamts15",0.70900213283731
"Rce1_SmoothMuscleCells","blue","SmoothMuscleCells","Rce1",0.708900342007465
"Gm15417_SmoothMuscleCells","blue","SmoothMuscleCells","Gm15417",0.708412076921062
"Mtif2_EndocardialCells","blue","EndocardialCells","Mtif2",0.708090018550682
"B4galt6_EndocardialCells","blue","EndocardialCells","B4galt6",0.707872602604588
"Tapt1_SmoothMuscleCells","blue","SmoothMuscleCells","Tapt1",0.707740983262278
"Acap3_EndocardialCells","blue","EndocardialCells","Acap3",0.707684962917696
"Arv1_EndocardialCells","blue","EndocardialCells","Arv1",0.707612510748344
"Papd7_EndocardialCells","blue","EndocardialCells","Papd7",0.707572326907558
"Man2c1_EndocardialCells","blue","EndocardialCells","Man2c1",0.706589129996391
"2210018M11Rik_SmoothMuscleCells","blue","SmoothMuscleCells","2210018M11Rik",0.705189366070394
"Zfp707_EndocardialCells","blue","EndocardialCells","Zfp707",0.704944056975311
"A230050P20Rik_EndocardialCells","blue","EndocardialCells","A230050P20Rik",0.704718832016133
"Tlr3_EndocardialCells","blue","EndocardialCells","Tlr3",0.704631372254765
"Bcl9l_SmoothMuscleCells","blue","SmoothMuscleCells","Bcl9l",0.70436430430293
"Cox15_EndocardialCells","blue","EndocardialCells","Cox15",0.704242892799342
"Vps13a_EndocardialCells","blue","EndocardialCells","Vps13a",0.704173646838967
"Usf2_EndocardialCells","blue","EndocardialCells","Usf2",0.703881295426108
"Inhbb_EndocardialCells","blue","EndocardialCells","Inhbb",0.703500044034117
"Fzd7_EndocardialCells","blue","EndocardialCells","Fzd7",0.703444525602224
"Ptbp2_EndocardialCells","blue","EndocardialCells","Ptbp2",0.703443545146462
"Ankrd46_EndocardialCells","blue","EndocardialCells","Ankrd46",0.703189038466059
"Rbm10_SmoothMuscleCells","blue","SmoothMuscleCells","Rbm10",0.702855458740739
"Rnf31_EndocardialCells","blue","EndocardialCells","Rnf31",0.702738791808148
"Myo1h_EndocardialCells","blue","EndocardialCells","Myo1h",0.702288679299262
"Xpot_SmoothMuscleCells","blue","SmoothMuscleCells","Xpot",0.701747389388679
"Bend7_EndocardialCells","blue","EndocardialCells","Bend7",0.701611724158539
"Bcl7c_SmoothMuscleCells","blue","SmoothMuscleCells","Bcl7c",0.700894433610616
"Slc2a4_Myocytes","blue","Myocytes","Slc2a4",0.70029943619921
"Lzic_SmoothMuscleCells","blue","SmoothMuscleCells","Lzic",0.700180409293022
"Ftsjd2_EndocardialCells","blue","EndocardialCells","Ftsjd2",0.700011426743038
"Agtpbp1_EndocardialCells","blue","EndocardialCells","Agtpbp1",0.699755281788091
"Mettl9_EndocardialCells","blue","EndocardialCells","Mettl9",0.699571914651032
"Cnp_SmoothMuscleCells","blue","SmoothMuscleCells","Cnp",0.699542916566978
"Kctd21_SmoothMuscleCells","blue","SmoothMuscleCells","Kctd21",0.699252886808891
"Ttl_SmoothMuscleCells","blue","SmoothMuscleCells","Ttl",0.69903205582402
"Arhgef25_EndocardialCells","blue","EndocardialCells","Arhgef25",0.698997231435746
"Limk1_EndocardialCells","blue","EndocardialCells","Limk1",0.698937970018815
"Srp19_EndocardialCells","blue","EndocardialCells","Srp19",0.698909031827955
"Ddx26b_EndocardialCells","blue","EndocardialCells","Ddx26b",0.698765387848293
"Med15_EndocardialCells","blue","EndocardialCells","Med15",0.698635682035477
"Ipo9_EndocardialCells","blue","EndocardialCells","Ipo9",0.698184522960611
"Prkca_EndocardialCells","blue","EndocardialCells","Prkca",0.698030349176245
"Taf3_EndocardialCells","blue","EndocardialCells","Taf3",0.697838955891763
"Wiz_SmoothMuscleCells","blue","SmoothMuscleCells","Wiz",0.697759649282435
"Map2k5_EndocardialCells","blue","EndocardialCells","Map2k5",0.696795879671511
"Lats2_SmoothMuscleCells","blue","SmoothMuscleCells","Lats2",0.696239111305423
"Zfp938_EndocardialCells","blue","EndocardialCells","Zfp938",0.695885081994535
"Abca3_SmoothMuscleCells","blue","SmoothMuscleCells","Abca3",0.695745397813062
"Zfp330_EndocardialCells","blue","EndocardialCells","Zfp330",0.695649979016402
"5730409E04Rik_EndocardialCells","blue","EndocardialCells","5730409E04Rik",0.695434945200426
"E330016A19Rik_EndocardialCells","blue","EndocardialCells","E330016A19Rik",0.694998401527705
"Fkbp10_SmoothMuscleCells","blue","SmoothMuscleCells","Fkbp10",0.694856061523641
"Ryk_Myocytes","blue","Myocytes","Ryk",0.694791871457887
"Elp3_EndocardialCells","blue","EndocardialCells","Elp3",0.694680356359093
"Uqcc_EndocardialCells","blue","EndocardialCells","Uqcc",0.69421559416158
"Mbd2_Myocytes","blue","Myocytes","Mbd2",0.694172802637846
"Gcsh_EndocardialCells","blue","EndocardialCells","Gcsh",0.694123982740227
"Angpt1_Myocytes","blue","Myocytes","Angpt1",0.693979147525439
"Mical2_EndocardialCells","blue","EndocardialCells","Mical2",0.693841787096407
"Tnpo2_EndocardialCells","blue","EndocardialCells","Tnpo2",0.692950933744617
"Zfp276_EndocardialCells","blue","EndocardialCells","Zfp276",0.692931654407205
"Col5a2_EndocardialCells","blue","EndocardialCells","Col5a2",0.692905152664669
"Mapk14_SmoothMuscleCells","blue","SmoothMuscleCells","Mapk14",0.692679610582564
"Sorbs1_Myocytes","blue","Myocytes","Sorbs1",0.692554190427162
"Gm1673_EndocardialCells","blue","EndocardialCells","Gm1673",0.692461938666381
"Gpx7_EndocardialCells","blue","EndocardialCells","Gpx7",0.692368911521068
"Arhgef7_EndocardialCells","blue","EndocardialCells","Arhgef7",0.692145613498509
"Pstk_Leukocytes","blue","Leukocytes","Pstk",0.692090553154885
"Tysnd1_EndocardialCells","blue","EndocardialCells","Tysnd1",0.691937336763618
"Rg9mtd3_EndocardialCells","blue","EndocardialCells","Rg9mtd3",0.691780404469486
"Qrsl1_EndocardialCells","blue","EndocardialCells","Qrsl1",0.691535291479649
"Lrch4_Leukocytes","brown","Leukocytes","Lrch4",0.982144870624308
"Myoz2_Myocytes","brown","Myocytes","Myoz2",0.979030358724976
"Plac9_Fibroblasts","brown","Fibroblasts","Plac9",0.976165044781928
"Rpl31-ps12_Myocytes","brown","Myocytes","Rpl31-ps12",0.975666552839005
"Gm15421_Myocytes","brown","Myocytes","Gm15421",0.974063299325396
"Plac9_EndocardialCells","brown","EndocardialCells","Plac9",0.973783081133622
"Eng_EndocardialCells","brown","EndocardialCells","Eng",0.973204830554305
"Gm6222_Myocytes","brown","Myocytes","Gm6222",0.970410818938624
"Phospho1_Myocytes","brown","Myocytes","Phospho1",0.970107709505539
"Cfh_EndocardialCells","brown","EndocardialCells","Cfh",0.969078196784481
"Emcn_EndocardialCells","brown","EndocardialCells","Emcn",0.968976215929635
"Pygm_Myocytes","brown","Myocytes","Pygm",0.968531709960736
"Cpe_EndocardialCells","brown","EndocardialCells","Cpe",0.963809551790545
"Tnni3_Myocytes","brown","Myocytes","Tnni3",0.963062208785351
"Des_Myocytes","brown","Myocytes","Des",0.961817818316827
"D14Ertd449e_Leukocytes","brown","Leukocytes","D14Ertd449e",0.961258574897354
"Tnnt2_Myocytes","brown","Myocytes","Tnnt2",0.960733348919493
"Tnnc1_Myocytes","brown","Myocytes","Tnnc1",0.960704966025602
"Actc1_Myocytes","brown","Myocytes","Actc1",0.960212592240725
"Mb_Myocytes","brown","Myocytes","Mb",0.959516363362989
"Ak1_Myocytes","brown","Myocytes","Ak1",0.9578334129991
"Fabp3_Myocytes","brown","Myocytes","Fabp3",0.95654714482505
"Dpt_Fibroblasts","brown","Fibroblasts","Dpt",0.956486880160594
"Pgam2_Myocytes","brown","Myocytes","Pgam2",0.955217184300336
"Ckm_Myocytes","brown","Myocytes","Ckm",0.954348432416874
"Obscn_Myocytes","brown","Myocytes","Obscn",0.954004770490717
"Csrp3_Myocytes","brown","Myocytes","Csrp3",0.953197630308165
"Ndrg2_Myocytes","brown","Myocytes","Ndrg2",0.950846565768167
"Actn2_Myocytes","brown","Myocytes","Actn2",0.950650651317017
"Gm6222_Fibroblasts","brown","Fibroblasts","Gm6222",0.949733449515017
"Tcap_Myocytes","brown","Myocytes","Tcap",0.949665677469298
"Lum_Fibroblasts","brown","Fibroblasts","Lum",0.949650798111063
"Pln_Myocytes","brown","Myocytes","Pln",0.946750354611432
"Cryab_Myocytes","brown","Myocytes","Cryab",0.946529311062846
"Myh6_Myocytes","brown","Myocytes","Myh6",0.946098439283243
"Smpx_Myocytes","brown","Myocytes","Smpx",0.944342633504504
"Npy1r_EndothelialCells","brown","EndothelialCells","Npy1r",0.943838935306762
"Fabp4_EndothelialCells","brown","EndothelialCells","Fabp4",0.943817059831598
"Mmrn2_EndocardialCells","brown","EndocardialCells","Mmrn2",0.943558775036418
"Hspb7_Myocytes","brown","Myocytes","Hspb7",0.942852983102131
"Tpm1_Myocytes","brown","Myocytes","Tpm1",0.941642872761926
"Mtus2_Myocytes","brown","Myocytes","Mtus2",0.940753221679295
"Gm6402_Myocytes","brown","Myocytes","Gm6402",0.939857567100195
"Htra3_Fibroblasts","brown","Fibroblasts","Htra3",0.939657596911645
"Mmp23_Fibroblasts","brown","Fibroblasts","Mmp23",0.938317681573147
"Npr3_EndocardialCells","brown","EndocardialCells","Npr3",0.935438617735889
"Ccdc80_Fibroblasts","brown","Fibroblasts","Ccdc80",0.935340540689386
"Gpihbp1_EndothelialCells","brown","EndothelialCells","Gpihbp1",0.933057714850286
"Rbp1_EndocardialCells","brown","EndocardialCells","Rbp1",0.931574083036374
"Rpl35a_Leukocytes","brown","Leukocytes","Rpl35a",0.931064096733717
"Cox6a2_Myocytes","brown","Myocytes","Cox6a2",0.928421134180079
"Cfh_Fibroblasts","brown","Fibroblasts","Cfh",0.928124484640369
"Idh2_Myocytes","brown","Myocytes","Idh2",0.926292938725422
"C1qtnf7_Fibroblasts","brown","Fibroblasts","C1qtnf7",0.924942799092009
"Rpl36a_Leukocytes","brown","Leukocytes","Rpl36a",0.924803863427065
"Myl1_Myocytes","brown","Myocytes","Myl1",0.924096424710077
"Fhl2_Myocytes","brown","Myocytes","Fhl2",0.923940391661575
"Gm1673_Leukocytes","brown","Leukocytes","Gm1673",0.923670031770778
"Pcp4l1_Myocytes","brown","Myocytes","Pcp4l1",0.923265739407522
"Mb_EndocardialCells","brown","EndocardialCells","Mb",0.922638954096785
"Rbp1_Fibroblasts","brown","Fibroblasts","Rbp1",0.919267559347792
"Mgp_EndocardialCells","brown","EndocardialCells","Mgp",0.91895761807306
"Rpl22l1_Myocytes","brown","Myocytes","Rpl22l1",0.918361963003242
"Nppa_Myocytes","brown","Myocytes","Nppa",0.916636044825977
"Uba52_EndothelialCells","brown","EndothelialCells","Uba52",0.915654225290936
"Pdap1_Myocytes","brown","Myocytes","Pdap1",0.915568735615479
"Gm12504_EndothelialCells","brown","EndothelialCells","Gm12504",0.913997176515441
"Eno3_Myocytes","brown","Myocytes","Eno3",0.913743618764785
"Rps15_Fibroblasts","brown","Fibroblasts","Rps15",0.913038729449869
"Ccl6_EndothelialCells","brown","EndothelialCells","Ccl6",0.912456001774137
"Pcbp2_Myocytes","brown","Myocytes","Pcbp2",0.911441276785672
"Mybpc3_Myocytes","brown","Myocytes","Mybpc3",0.910905833099517
"Tm4sf1_EndocardialCells","brown","EndocardialCells","Tm4sf1",0.910081459849192
"Rpl38_Leukocytes","brown","Leukocytes","Rpl38",0.908843858748237
"Lrrc58_Leukocytes","brown","Leukocytes","Lrrc58",0.908555530987662
"Rpl23_Myocytes","brown","Myocytes","Rpl23",0.906906371851809
"Dcn_Fibroblasts","brown","Fibroblasts","Dcn",0.903983883600682
"Rps15a-ps6_Myocytes","brown","Myocytes","Rps15a-ps6",0.903309559499859
"Slx1b_Myocytes","brown","Myocytes","Slx1b",0.903005572150027
"Myl7_Myocytes","brown","Myocytes","Myl7",0.902654210077219
"Rpl37a_Leukocytes","brown","Leukocytes","Rpl37a",0.901245473954666
"Pf4_EndocardialCells","brown","EndocardialCells","Pf4",0.901042251404365
"Rpl31-ps12_Leukocytes","brown","Leukocytes","Rpl31-ps12",0.901026704350982
"Rps27a_EndocardialCells","brown","EndocardialCells","Rps27a",0.900929421883945
"Rpl37_Leukocytes","brown","Leukocytes","Rpl37",0.900684460638687
"Hand2_Myocytes","brown","Myocytes","Hand2",0.898265149831581
"Mfap4_EndocardialCells","brown","EndocardialCells","Mfap4",0.896737454185181
"Uqcrh_Leukocytes","brown","Leukocytes","Uqcrh",0.896712294408386
"Atp5e_Leukocytes","brown","Leukocytes","Atp5e",0.893580721507529
"Ldb3_Myocytes","brown","Myocytes","Ldb3",0.891881632645174
"Camk2n1_Myocytes","brown","Myocytes","Camk2n1",0.891867084627068
"Ankrd1_Myocytes","brown","Myocytes","Ankrd1",0.891564437033266
"Gpr182_EndocardialCells","brown","EndocardialCells","Gpr182",0.891148367167637
"Rps29_Myocytes","brown","Myocytes","Rps29",0.890687784699717
"Rpl39_Leukocytes","brown","Leukocytes","Rpl39",0.890241751192226
"Mylk3_Myocytes","brown","Myocytes","Mylk3",0.888882945681884
"Ccdc80_EndocardialCells","brown","EndocardialCells","Ccdc80",0.888584866738171
"Gsn_Fibroblasts","brown","Fibroblasts","Gsn",0.88768839773604
"Cav1_EndothelialCells","brown","EndothelialCells","Cav1",0.884758647437185
"Rpl35a_Fibroblasts","brown","Fibroblasts","Rpl35a",0.883830042173763
"Sln_Myocytes","brown","Myocytes","Sln",0.882945357042786
"Rps15a-ps4_Fibroblasts","brown","Fibroblasts","Rps15a-ps4",0.882548644707587
"Gm6222_EndothelialCells","brown","EndothelialCells","Gm6222",0.880311500546965
"Gstp2_EndothelialCells","brown","EndothelialCells","Gstp2",0.879519519577078
"Doc2g_Myocytes","brown","Myocytes","Doc2g",0.879141039110319
"Rps29_Leukocytes","brown","Leukocytes","Rps29",0.879080465568791
"Rpl31-ps12_Fibroblasts","brown","Fibroblasts","Rpl31-ps12",0.878625308120616
"Eef1a2_EndothelialCells","brown","EndothelialCells","Eef1a2",0.878127648209305
"Apobec2_Myocytes","brown","Myocytes","Apobec2",0.876969633575981
"Clip2_Fibroblasts","brown","Fibroblasts","Clip2",0.875365737307198
"Mgp_Leukocytes","brown","Leukocytes","Mgp",0.873790282392317
"Egfl7_EndothelialCells","brown","EndothelialCells","Egfl7",0.872594192432741
"Ccl19_Fibroblasts","brown","Fibroblasts","Ccl19",0.872143809416387
"Efcab4a_Leukocytes","brown","Leukocytes","Efcab4a",0.871831750171471
"Eef1a2_Myocytes","brown","Myocytes","Eef1a2",0.871668586300312
"Cbr2_Fibroblasts","brown","Fibroblasts","Cbr2",0.870920050227506
"Snx24_Leukocytes","brown","Leukocytes","Snx24",0.869942456029221
"Gm6402_Fibroblasts","brown","Fibroblasts","Gm6402",0.869108521746506
"Myl4_Myocytes","brown","Myocytes","Myl4",0.86877657444936
"Cd36_EndothelialCells","brown","EndothelialCells","Cd36",0.868570071306074
"Rps21_Leukocytes","brown","Leukocytes","Rps21",0.868055593712456
"Rps27a_Myocytes","brown","Myocytes","Rps27a",0.867301852503851
"Fndc5_Myocytes","brown","Myocytes","Fndc5",0.866327263435725
"C1qb_EndocardialCells","brown","EndocardialCells","C1qb",0.866130228347949
"Adcy9_EndocardialCells","brown","EndocardialCells","Adcy9",0.86560807645261
"Chmp4b_Leukocytes","brown","Leukocytes","Chmp4b",0.865282055098758
"Fau_EndothelialCells","brown","EndothelialCells","Fau",0.864348862444501
"Gas5_Myocytes","brown","Myocytes","Gas5",0.864214925271119
"2010107E04Rik_Leukocytes","brown","Leukocytes","2010107E04Rik",0.86417444304999
"Rfwd3_SmoothMuscleCells","brown","SmoothMuscleCells","Rfwd3",0.862493979980162
"2810055F11Rik_EndocardialCells","brown","EndocardialCells","2810055F11Rik",0.859054158732388
"Cap2_Myocytes","brown","Myocytes","Cap2",0.859034168058732
"Rps15a_Fibroblasts","brown","Fibroblasts","Rps15a",0.858014434078306
"Snhg9_Myocytes","brown","Myocytes","Snhg9",0.85676952275677
"Gm6402_SmoothMuscleCells","brown","SmoothMuscleCells","Gm6402",0.856611940774641
"Dpep1_Fibroblasts","brown","Fibroblasts","Dpep1",0.856559603155332
"Rps15_Myocytes","brown","Myocytes","Rps15",0.856048647779982
"Nudt4_Myocytes","brown","Myocytes","Nudt4",0.855390815428037
"Tmod1_Myocytes","brown","Myocytes","Tmod1",0.854808091681218
"Cav2_EndothelialCells","brown","EndothelialCells","Cav2",0.854240322352001
"Abcc9_EndocardialCells","brown","EndocardialCells","Abcc9",0.851950773428146
"Egfl7_Fibroblasts","brown","Fibroblasts","Egfl7",0.851911128212489
"6330406I15Rik_Fibroblasts","brown","Fibroblasts","6330406I15Rik",0.850155608839185
"Scoc_Myocytes","brown","Myocytes","Scoc",0.84965625494149
"Cfl2_Myocytes","brown","Myocytes","Cfl2",0.84920222055337
"Sdc2_Fibroblasts","brown","Fibroblasts","Sdc2",0.848057536799011
"Pelo_Leukocytes","brown","Leukocytes","Pelo",0.847826261230437
"Polr2m_Myocytes","brown","Myocytes","Polr2m",0.846493612832849
"Gpihbp1_Leukocytes","brown","Leukocytes","Gpihbp1",0.844509741093762
"Dynll2_Myocytes","brown","Myocytes","Dynll2",0.844207386660528
"Rps13_Myocytes","brown","Myocytes","Rps13",0.843911507785339
"Cox7c_Leukocytes","brown","Leukocytes","Cox7c",0.843755873279564
"Pam_Myocytes","brown","Myocytes","Pam",0.843521594083983
"Sec61g_Myocytes","brown","Myocytes","Sec61g",0.842178050766923
"Aco2_Myocytes","brown","Myocytes","Aco2",0.841255858601964
"Hadhb_Myocytes","brown","Myocytes","Hadhb",0.83907801587132
"Isoc2a_EndothelialCells","brown","EndothelialCells","Isoc2a",0.838784719334461
"Ecscr_Leukocytes","brown","Leukocytes","Ecscr",0.83866453845747
"Csde1_Myocytes","brown","Myocytes","Csde1",0.837967076074055
"Popdc2_Myocytes","brown","Myocytes","Popdc2",0.837504241831057
"Luc7l2_Myocytes","brown","Myocytes","Luc7l2",0.83687712673146
"Slc9a3r2_EndothelialCells","brown","EndothelialCells","Slc9a3r2",0.836607121848879
"Rps28_Leukocytes","brown","Leukocytes","Rps28",0.835677669700025
"Vcam1_Leukocytes","brown","Leukocytes","Vcam1",0.83472210884007
"Arhgef15_EndothelialCells","brown","EndothelialCells","Arhgef15",0.834336791255901
"Loxl1_Fibroblasts","brown","Fibroblasts","Loxl1",0.833057394223644
"Rpl10a_Myocytes","brown","Myocytes","Rpl10a",0.832600076733052
"Rhobtb3_EndocardialCells","brown","EndocardialCells","Rhobtb3",0.832320637083906
"Matn2_SmoothMuscleCells","brown","SmoothMuscleCells","Matn2",0.832114749460301
"Gm6222_EndocardialCells","brown","EndocardialCells","Gm6222",0.831504380166597
"Egfl7_Leukocytes","brown","Leukocytes","Egfl7",0.831078565980996
"Ckmt2_Myocytes","brown","Myocytes","Ckmt2",0.830875185324744
"D14Ertd449e_Fibroblasts","brown","Fibroblasts","D14Ertd449e",0.830814697614845
"Echs1_Myocytes","brown","Myocytes","Echs1",0.830751597113384
"Dcn_SmoothMuscleCells","brown","SmoothMuscleCells","Dcn",0.830709760806168
"Fabp4_Myocytes","brown","Myocytes","Fabp4",0.830413299064467
"Gm8979_Leukocytes","brown","Leukocytes","Gm8979",0.82909165799704
"Nexn_Myocytes","brown","Myocytes","Nexn",0.828899664699955
"D14Ertd449e_SmoothMuscleCells","brown","SmoothMuscleCells","D14Ertd449e",0.828681058375385
"Gm6402_Leukocytes","brown","Leukocytes","Gm6402",0.828491676353028
"Gucy1a3_SmoothMuscleCells","brown","SmoothMuscleCells","Gucy1a3",0.828337945315299
"6820431F20Rik_Fibroblasts","brown","Fibroblasts","6820431F20Rik",0.828235779972062
"Zbtb12_EndocardialCells","brown","EndocardialCells","Zbtb12",0.827166629388
"Sdpr_EndothelialCells","brown","EndothelialCells","Sdpr",0.827041686271612
"A730098P11Rik_Myocytes","brown","Myocytes","A730098P11Rik",0.825698254326662
"Tmem88_EndothelialCells","brown","EndothelialCells","Tmem88",0.82541163569422
"Ndufv2_Myocytes","brown","Myocytes","Ndufv2",0.824912955527762
"Pdlim3_EndocardialCells","brown","EndocardialCells","Pdlim3",0.824480279470491
"Hand2_EndocardialCells","brown","EndocardialCells","Hand2",0.822346564664272
"Ldhb_Myocytes","brown","Myocytes","Ldhb",0.822226227717064
"Rps24_Myocytes","brown","Myocytes","Rps24",0.821914587951419
"Fabp4_Leukocytes","brown","Leukocytes","Fabp4",0.82170058381077
"Ece1_EndocardialCells","brown","EndocardialCells","Ece1",0.820702552419336
"Hfe2_Myocytes","brown","Myocytes","Hfe2",0.820395816738242
"Casp12_Fibroblasts","brown","Fibroblasts","Casp12",0.820168343922891
"Vdac2_Myocytes","brown","Myocytes","Vdac2",0.819054482727244
"1810021B22Rik_Myocytes","brown","Myocytes","1810021B22Rik",0.818887121540309
"C3_SmoothMuscleCells","brown","SmoothMuscleCells","C3",0.818843396923259
"Mybphl_Myocytes","brown","Myocytes","Mybphl",0.81853079141895
"Lime1_SmoothMuscleCells","brown","SmoothMuscleCells","Lime1",0.818416977185128
"Tpt1_Myocytes","brown","Myocytes","Tpt1",0.818038070728318
"Gm11428_EndothelialCells","brown","EndothelialCells","Gm11428",0.818034810670132
"Rps12_Myocytes","brown","Myocytes","Rps12",0.817273372199416
"Vdac1_Myocytes","brown","Myocytes","Vdac1",0.816667502842049
"Got2_Myocytes","brown","Myocytes","Got2",0.814756864125799
"Ndufs1_Myocytes","brown","Myocytes","Ndufs1",0.81465456482865
"Rpgrip1_SmoothMuscleCells","brown","SmoothMuscleCells","Rpgrip1",0.813975338032393
"Gm6402_EndothelialCells","brown","EndothelialCells","Gm6402",0.813961771687202
"C4b_EndothelialCells","brown","EndothelialCells","C4b",0.813478808373159
"Pdlim2_Fibroblasts","brown","Fibroblasts","Pdlim2",0.811261773424896
"Ehbp1_SmoothMuscleCells","brown","SmoothMuscleCells","Ehbp1",0.811196334144446
"Mpzl1_SmoothMuscleCells","brown","SmoothMuscleCells","Mpzl1",0.810464584508155
"Gm11744_Fibroblasts","brown","Fibroblasts","Gm11744",0.810262743079244
"Pdlim5_Myocytes","brown","Myocytes","Pdlim5",0.810146726526611
"Gng11_Leukocytes","brown","Leukocytes","Gng11",0.809319371843105
"Mfn2_Myocytes","brown","Myocytes","Mfn2",0.809217588279422
"Fbf1_SmoothMuscleCells","brown","SmoothMuscleCells","Fbf1",0.808973703924611
"Uba52_Fibroblasts","brown","Fibroblasts","Uba52",0.808128726908625
"Hsf2_Myocytes","brown","Myocytes","Hsf2",0.808019092444363
"Adm_SmoothMuscleCells","brown","SmoothMuscleCells","Adm",0.807982351652441
"Rps15a-ps4_Myocytes","brown","Myocytes","Rps15a-ps4",0.807957777602637
"Beta-s_EndocardialCells","brown","EndocardialCells","Beta-s",0.80736016374999
"Sec61g_Leukocytes","brown","Leukocytes","Sec61g",0.806934612236369
"Zcchc24_SmoothMuscleCells","brown","SmoothMuscleCells","Zcchc24",0.805872361036056
"Ushbp1_Leukocytes","brown","Leukocytes","Ushbp1",0.805198645318938
"Palm_EndocardialCells","brown","EndocardialCells","Palm",0.804791752479962
"Dazap1_Myocytes","brown","Myocytes","Dazap1",0.804785076558227
"Asb2_Myocytes","brown","Myocytes","Asb2",0.804770230300901
"Sav1_EndocardialCells","brown","EndocardialCells","Sav1",0.804543724749506
"Snrnp25_SmoothMuscleCells","brown","SmoothMuscleCells","Snrnp25",0.803520077859366
"Uchl1_SmoothMuscleCells","brown","SmoothMuscleCells","Uchl1",0.803394413701672
"Ndrg4_Myocytes","brown","Myocytes","Ndrg4",0.803266866921085
"Wipf3_EndocardialCells","brown","EndocardialCells","Wipf3",0.803055509772589
"Ccng1_Myocytes","brown","Myocytes","Ccng1",0.803047942469252
"Spop_Myocytes","brown","Myocytes","Spop",0.802959022580168
"Pdha1_Myocytes","brown","Myocytes","Pdha1",0.802106177353171
"Pigp_Myocytes","brown","Myocytes","Pigp",0.801996263722674
"Mrvi1_Myocytes","brown","Myocytes","Mrvi1",0.801777832493593
"Rpl37_Myocytes","brown","Myocytes","Rpl37",0.80117942703253
"Fam36a_Leukocytes","brown","Leukocytes","Fam36a",0.800861862174917
"Rpl24_Fibroblasts","brown","Fibroblasts","Rpl24",0.800761722430027
"Plac9_SmoothMuscleCells","brown","SmoothMuscleCells","Plac9",0.800493292606257
"Trdn_Myocytes","brown","Myocytes","Trdn",0.798984491264544
"Gm11517_EndothelialCells","brown","EndothelialCells","Gm11517",0.798510457957295
"Atp5g2_Myocytes","brown","Myocytes","Atp5g2",0.797362047078504
"Etv1_Myocytes","brown","Myocytes","Etv1",0.797100630665751
"Car8_EndocardialCells","brown","EndocardialCells","Car8",0.796808343933012
"Comtd1_SmoothMuscleCells","brown","SmoothMuscleCells","Comtd1",0.796674551454341
"Xkr8_EndothelialCells","brown","EndothelialCells","Xkr8",0.796589903507016
"Gm3002_EndothelialCells","brown","EndothelialCells","Gm3002",0.796491323262467
"Ndufa13_Leukocytes","brown","Leukocytes","Ndufa13",0.796258922225496
"Smoc1_EndocardialCells","brown","EndocardialCells","Smoc1",0.795255280168952
"D2Wsu81e_EndocardialCells","cyan","EndocardialCells","D2Wsu81e",0.864228889696524
"Sec61g_SmoothMuscleCells","cyan","SmoothMuscleCells","Sec61g",0.857334806800011
"Cdkn2c_EndocardialCells","cyan","EndocardialCells","Cdkn2c",0.824302390413332
"Ttc4_EndocardialCells","cyan","EndocardialCells","Ttc4",0.82202729139311
"Lias_EndocardialCells","cyan","EndocardialCells","Lias",0.807697502994096
"Rps25_SmoothMuscleCells","cyan","SmoothMuscleCells","Rps25",0.803698990826802
"Rpl31_SmoothMuscleCells","cyan","SmoothMuscleCells","Rpl31",0.803464828420081
"Rpl35_SmoothMuscleCells","cyan","SmoothMuscleCells","Rpl35",0.802719349414635
"Rps28_SmoothMuscleCells","cyan","SmoothMuscleCells","Rps28",0.797809394064532
"Cox16_EndothelialCells","cyan","EndothelialCells","Cox16",0.796093638563659
"Dnlz_EndocardialCells","cyan","EndocardialCells","Dnlz",0.79401497087015
"Sh3glb2_EndothelialCells","cyan","EndothelialCells","Sh3glb2",0.783640225367963
"Nfrkb_EndocardialCells","cyan","EndocardialCells","Nfrkb",0.782572505996573
"Rpl37a_SmoothMuscleCells","cyan","SmoothMuscleCells","Rpl37a",0.774631938663039
"Chmp5_EndothelialCells","cyan","EndothelialCells","Chmp5",0.771141194641734
"Zfpl1_EndothelialCells","cyan","EndothelialCells","Zfpl1",0.755671286980563
"Fam165b_Fibroblasts","cyan","Fibroblasts","Fam165b",0.754517432878422
"C130022K22Rik_EndocardialCells","cyan","EndocardialCells","C130022K22Rik",0.752856474775481
"Usp7_EndocardialCells","cyan","EndocardialCells","Usp7",0.751830547598803
"Zfand6_EndothelialCells","cyan","EndothelialCells","Zfand6",0.747465942889868
"Smarcd1_EndocardialCells","cyan","EndocardialCells","Smarcd1",0.745829619607802
"Rpl6_SmoothMuscleCells","cyan","SmoothMuscleCells","Rpl6",0.744760715459647
"AI316807_EndocardialCells","cyan","EndocardialCells","AI316807",0.744753420206157
"Tor2a_EndothelialCells","cyan","EndothelialCells","Tor2a",0.743243494012506
"Plekhj1_SmoothMuscleCells","cyan","SmoothMuscleCells","Plekhj1",0.741942967463576
"Fam133b_Fibroblasts","cyan","Fibroblasts","Fam133b",0.741729588560143
"Fam86_EndocardialCells","cyan","EndocardialCells","Fam86",0.739253799095685
"Pfdn2_EndothelialCells","cyan","EndothelialCells","Pfdn2",0.738857053463003
"Lsm5_EndothelialCells","cyan","EndothelialCells","Lsm5",0.736875168871821
"Iscu_EndothelialCells","cyan","EndothelialCells","Iscu",0.735013334639077
"Aurkaip1_EndothelialCells","cyan","EndothelialCells","Aurkaip1",0.733441892748599
"Slc25a45_EndocardialCells","cyan","EndocardialCells","Slc25a45",0.732218676678663
"Rps26_SmoothMuscleCells","cyan","SmoothMuscleCells","Rps26",0.728286240000789
"Ralbp1_EndothelialCells","cyan","EndothelialCells","Ralbp1",0.727587842564698
"2610001J05Rik_EndothelialCells","cyan","EndothelialCells","2610001J05Rik",0.725236161499662
"Uba52_SmoothMuscleCells","cyan","SmoothMuscleCells","Uba52",0.725161388116615
"Ubl5_EndothelialCells","cyan","EndothelialCells","Ubl5",0.71801508474712
"Smyd5_EndocardialCells","cyan","EndocardialCells","Smyd5",0.717255968003008
"Sec61g_EndocardialCells","cyan","EndocardialCells","Sec61g",0.715901744186871
"Wdpcp_Fibroblasts","cyan","Fibroblasts","Wdpcp",0.71586145716682
"Tmem55a_EndothelialCells","cyan","EndothelialCells","Tmem55a",0.712310453871915
"Rpl17_SmoothMuscleCells","cyan","SmoothMuscleCells","Rpl17",0.712159992208467
"Ndufa5_EndocardialCells","cyan","EndocardialCells","Ndufa5",0.710225604823568
"Lsm1_SmoothMuscleCells","cyan","SmoothMuscleCells","Lsm1",0.708798482785612
"Rps23_EndocardialCells","cyan","EndocardialCells","Rps23",0.707714950047104
"Golga7_EndothelialCells","cyan","EndothelialCells","Golga7",0.705815286016948
"Rps23_SmoothMuscleCells","cyan","SmoothMuscleCells","Rps23",0.705669192061826
"2410006H16Rik_EndothelialCells","cyan","EndothelialCells","2410006H16Rik",0.704809999740702
"Comtd1_EndocardialCells","cyan","EndocardialCells","Comtd1",0.704693855538573
"Myct1_EndothelialCells","cyan","EndothelialCells","Myct1",0.704311428915264
"1110028C15Rik_EndocardialCells","cyan","EndocardialCells","1110028C15Rik",0.70416826866341
"Psmg4_Fibroblasts","cyan","Fibroblasts","Psmg4",0.699967381965601
"Pdlim2_SmoothMuscleCells","cyan","SmoothMuscleCells","Pdlim2",0.699264384748264
"Trmt11_EndocardialCells","cyan","EndocardialCells","Trmt11",0.697153774168197
"Dpm2_SmoothMuscleCells","cyan","SmoothMuscleCells","Dpm2",0.696020438502263
"Tbca_Fibroblasts","cyan","Fibroblasts","Tbca",0.695840122613637
"Rpl23a_SmoothMuscleCells","cyan","SmoothMuscleCells","Rpl23a",0.694280670881032
"Arl16_EndothelialCells","cyan","EndothelialCells","Arl16",0.694210759199162
"Pgm2_EndocardialCells","cyan","EndocardialCells","Pgm2",0.692856768037857
"Rpusd3_EndocardialCells","cyan","EndocardialCells","Rpusd3",0.692241636669367
"Pin4_EndothelialCells","cyan","EndothelialCells","Pin4",0.689840665714947
"Slc26a10_EndothelialCells","cyan","EndothelialCells","Slc26a10",0.689429829190637
"Epn2_EndothelialCells","cyan","EndothelialCells","Epn2",0.688069684095388
"Ints3_EndothelialCells","cyan","EndothelialCells","Ints3",0.687689944286214
"Fam179b_EndothelialCells","cyan","EndothelialCells","Fam179b",0.68700638657832
"Pfdn4_EndothelialCells","cyan","EndothelialCells","Pfdn4",0.684696309428451
"Sumo2_SmoothMuscleCells","cyan","SmoothMuscleCells","Sumo2",0.682929927305988
"Ccdc88a_EndocardialCells","cyan","EndocardialCells","Ccdc88a",0.682382824729945
"Brd9_EndothelialCells","cyan","EndothelialCells","Brd9",0.679872352829743
"Tax1bp3_EndocardialCells","cyan","EndocardialCells","Tax1bp3",0.678938406553386
"Nkiras1_EndocardialCells","cyan","EndocardialCells","Nkiras1",0.678289355317358
"Ipo11_EndothelialCells","cyan","EndothelialCells","Ipo11",0.675979360031937
"Mad2l1bp_EndocardialCells","cyan","EndocardialCells","Mad2l1bp",0.675648134337153
"Frg1_EndothelialCells","cyan","EndothelialCells","Frg1",0.675458990391502
"Rnf13_SmoothMuscleCells","cyan","SmoothMuscleCells","Rnf13",0.674452387000549
"Snrpf_Fibroblasts","cyan","Fibroblasts","Snrpf",0.67112001441227
"Dnajc19_EndothelialCells","cyan","EndothelialCells","Dnajc19",0.667910225570545
"Stx7_EndothelialCells","cyan","EndothelialCells","Stx7",0.667537922379424
"2410042D21Rik_EndocardialCells","cyan","EndocardialCells","2410042D21Rik",0.667075677581858
"Slc30a6_EndocardialCells","cyan","EndocardialCells","Slc30a6",0.665622902422306
"Atp5e_SmoothMuscleCells","cyan","SmoothMuscleCells","Atp5e",0.665443263225357
"Ccdc90b_EndocardialCells","cyan","EndocardialCells","Ccdc90b",0.665130310057814
"D3Ertd254e_EndocardialCells","cyan","EndocardialCells","D3Ertd254e",0.663651596864905
"Fbxo22_EndocardialCells","cyan","EndocardialCells","Fbxo22",0.661865155548423
"Gtpbp6_EndothelialCells","cyan","EndothelialCells","Gtpbp6",0.661732477665558
"Zfpl1_EndocardialCells","cyan","EndocardialCells","Zfpl1",0.661201168178152
"Ntan1_EndothelialCells","cyan","EndothelialCells","Ntan1",0.659453913536313
"Ccdc23_EndothelialCells","cyan","EndothelialCells","Ccdc23",0.658366716358954
"Ndufaf2_Fibroblasts","cyan","Fibroblasts","Ndufaf2",0.656880084229334
"Spata5_EndocardialCells","cyan","EndocardialCells","Spata5",0.656296603374712
"0610030E20Rik_SmoothMuscleCells","cyan","SmoothMuscleCells","0610030E20Rik",0.655219761231914
"Zeb2_EndocardialCells","cyan","EndocardialCells","Zeb2",0.654598980227684
"Pacs2_EndocardialCells","cyan","EndocardialCells","Pacs2",0.654485561745075
"St5_EndocardialCells","cyan","EndocardialCells","St5",0.65380078733315
"2500003M10Rik_EndothelialCells","cyan","EndothelialCells","2500003M10Rik",0.652215652717953
"Cep110_EndocardialCells","cyan","EndocardialCells","Cep110",0.650916365523427
"Gstt1_Fibroblasts","cyan","Fibroblasts","Gstt1",0.650078802682063
"Psenen_EndothelialCells","cyan","EndothelialCells","Psenen",0.650066311529355
"Rpl28_SmoothMuscleCells","cyan","SmoothMuscleCells","Rpl28",0.648823306900399
"Antxr2_EndocardialCells","cyan","EndocardialCells","Antxr2",0.646957623929523
"Hdac5_SmoothMuscleCells","cyan","SmoothMuscleCells","Hdac5",0.645024849030774
"Rps6_SmoothMuscleCells","cyan","SmoothMuscleCells","Rps6",0.644895980804746
"Cops7b_EndocardialCells","cyan","EndocardialCells","Cops7b",0.644280802269707
"Dnajc8_EndothelialCells","cyan","EndothelialCells","Dnajc8",0.642868299705432
"1810035L17Rik_EndothelialCells","cyan","EndothelialCells","1810035L17Rik",0.642487688733745
"Cetn4_Fibroblasts","cyan","Fibroblasts","Cetn4",0.640881243875323
"Ngly1_EndothelialCells","cyan","EndothelialCells","Ngly1",0.640703924070339
"Fam123b_EndothelialCells","cyan","EndothelialCells","Fam123b",0.639927087412657
"Zfp87_EndocardialCells","cyan","EndocardialCells","Zfp87",0.637974304306645
"2010109K11Rik_EndothelialCells","cyan","EndothelialCells","2010109K11Rik",0.636758980603176
"Fbxw2_EndothelialCells","cyan","EndothelialCells","Fbxw2",0.636607047298356
"1700037H04Rik_EndocardialCells","cyan","EndocardialCells","1700037H04Rik",0.634116511436084
"Runx1t1_Fibroblasts","cyan","Fibroblasts","Runx1t1",0.633902702925833
"D830013O20Rik_Myocytes","darkgreen","Myocytes","D830013O20Rik",0.968282055590066
"Ehhadh_Myocytes","darkgreen","Myocytes","Ehhadh",0.96437609791955
"Bend5_Myocytes","darkgreen","Myocytes","Bend5",0.9528210016866
"D17H6S56E-3_Myocytes","darkgreen","Myocytes","D17H6S56E-3",0.949939989602471
"Cmtm8_Myocytes","darkgreen","Myocytes","Cmtm8",0.949739543150733
"Mppe1_Myocytes","darkgreen","Myocytes","Mppe1",0.945579403555879
"Lmbrd2_Myocytes","darkgreen","Myocytes","Lmbrd2",0.942524857212876
"Cacnb1_Myocytes","darkgreen","Myocytes","Cacnb1",0.941185743493675
"Fam19a5_Myocytes","darkgreen","Myocytes","Fam19a5",0.940777273166481
"Pzp_Myocytes","darkgreen","Myocytes","Pzp",0.93911752013449
"Kcnip2_Myocytes","darkgreen","Myocytes","Kcnip2",0.938237669518835
"Cenpp_Myocytes","darkgreen","Myocytes","Cenpp",0.937704264214057
"Itgb6_Myocytes","darkgreen","Myocytes","Itgb6",0.937354247060936
"Cln3_Myocytes","darkgreen","Myocytes","Cln3",0.936845184480996
"Sall4_Myocytes","darkgreen","Myocytes","Sall4",0.936703081667536
"Pkn1_Myocytes","darkgreen","Myocytes","Pkn1",0.936033240071263
"Gfra4_Myocytes","darkgreen","Myocytes","Gfra4",0.935970528281545
"Nudt12_Myocytes","darkgreen","Myocytes","Nudt12",0.935785424677126
"Rmnd1_Myocytes","darkgreen","Myocytes","Rmnd1",0.935742941218356
"Slc26a6_Myocytes","darkgreen","Myocytes","Slc26a6",0.934285838341352
"Egf_Myocytes","darkgreen","Myocytes","Egf",0.933856920044565
"Scn4a_Myocytes","darkgreen","Myocytes","Scn4a",0.93332541759411
"Polr3c_Myocytes","darkgreen","Myocytes","Polr3c",0.933320171264612
"Mir568_Myocytes","darkgreen","Myocytes","Mir568",0.932646088512056
"Hpdl_Myocytes","darkgreen","Myocytes","Hpdl",0.929470575220546
"Rfc4_Myocytes","darkgreen","Myocytes","Rfc4",0.928654182317622
"Rab20_Myocytes","darkgreen","Myocytes","Rab20",0.928513443464107
"2610019F03Rik_Myocytes","darkgreen","Myocytes","2610019F03Rik",0.928462624832014
"Agpat2_Myocytes","darkgreen","Myocytes","Agpat2",0.928417187469942
"Rph3al_Myocytes","darkgreen","Myocytes","Rph3al",0.927331613345641
"Sacs_Myocytes","darkgreen","Myocytes","Sacs",0.927083074998234
"Ung_Myocytes","darkgreen","Myocytes","Ung",0.92589433451105
"Fam179a_Myocytes","darkgreen","Myocytes","Fam179a",0.925802908472542
"Klhdc4_Myocytes","darkgreen","Myocytes","Klhdc4",0.925753600690327
"Exoc6_Myocytes","darkgreen","Myocytes","Exoc6",0.924087181753033
"Cpeb4_Myocytes","darkgreen","Myocytes","Cpeb4",0.924029431475917
"Mrgprh_Myocytes","darkgreen","Myocytes","Mrgprh",0.923675313899738
"Agpat9_Myocytes","darkgreen","Myocytes","Agpat9",0.923043970246859
"Rnf121_Myocytes","darkgreen","Myocytes","Rnf121",0.922809863345812
"Fam149b_Myocytes","darkgreen","Myocytes","Fam149b",0.921410155302364
"Dvl3_Myocytes","darkgreen","Myocytes","Dvl3",0.921398108577087
"Trim55_Myocytes","darkgreen","Myocytes","Trim55",0.918668033060773
"Tymp_Myocytes","darkgreen","Myocytes","Tymp",0.918251082259936
"Zhx3_Myocytes","darkgreen","Myocytes","Zhx3",0.917656490728813
"Syvn1_Myocytes","darkgreen","Myocytes","Syvn1",0.917537783751811
"Pm20d1_Myocytes","darkgreen","Myocytes","Pm20d1",0.917483994148715
"Supv3l1_Myocytes","darkgreen","Myocytes","Supv3l1",0.916673766616408
"Edem1_Myocytes","darkgreen","Myocytes","Edem1",0.916361223676972
"Hnrnpa1_Myocytes","darkgreen","Myocytes","Hnrnpa1",0.915884246778909
"Trmt11_Myocytes","darkgreen","Myocytes","Trmt11",0.91580822690014
"Phyhd1_Myocytes","darkgreen","Myocytes","Phyhd1",0.915799084724737
"Smyd2_Myocytes","darkgreen","Myocytes","Smyd2",0.914523246708086
"Als2_Myocytes","darkgreen","Myocytes","Als2",0.914247408917738
"U05342_Myocytes","darkgreen","Myocytes","U05342",0.913778984049178
"Abca12_Myocytes","darkgreen","Myocytes","Abca12",0.912619083353312
"Atf7_Myocytes","darkgreen","Myocytes","Atf7",0.912305314799222
"Crkl_Myocytes","darkgreen","Myocytes","Crkl",0.911195016272809
"Fan1_Myocytes","darkgreen","Myocytes","Fan1",0.910887945809525
"Vamp4_Myocytes","darkgreen","Myocytes","Vamp4",0.909678472561371
"Iqcc_Myocytes","darkgreen","Myocytes","Iqcc",0.909526561963426
"Ankrd52_Myocytes","darkgreen","Myocytes","Ankrd52",0.90882391588624
"Alg14_Myocytes","darkgreen","Myocytes","Alg14",0.908706663590012
"Mcm2_Myocytes","darkgreen","Myocytes","Mcm2",0.907850007311154
"Gpam_Myocytes","darkgreen","Myocytes","Gpam",0.907432975645636
"Ahrr_Myocytes","darkgreen","Myocytes","Ahrr",0.905753970324169
"2310010M20Rik_Myocytes","darkgreen","Myocytes","2310010M20Rik",0.904406792197505
"Klhl38_Myocytes","darkgreen","Myocytes","Klhl38",0.904127524560137
"Tep1_Myocytes","darkgreen","Myocytes","Tep1",0.903962966603717
"1600027N09Rik_Myocytes","darkgreen","Myocytes","1600027N09Rik",0.902212015974424
"Fggy_Myocytes","darkgreen","Myocytes","Fggy",0.901845448185591
"8030462N17Rik_Myocytes","darkgreen","Myocytes","8030462N17Rik",0.901657579051081
"Igtp_Myocytes","darkgreen","Myocytes","Igtp",0.900480533077815
"Dgkg_Myocytes","darkgreen","Myocytes","Dgkg",0.899581704022923
"Kitl_Myocytes","darkgreen","Myocytes","Kitl",0.899403902103474
"Eif2c2_Myocytes","darkgreen","Myocytes","Eif2c2",0.899246561570746
"Zfp963_Myocytes","darkgreen","Myocytes","Zfp963",0.899120262857593
"Tmlhe_Myocytes","darkgreen","Myocytes","Tmlhe",0.899069032875176
"Ccdc94_Myocytes","darkgreen","Myocytes","Ccdc94",0.898943465573649
"Zfand2b_Myocytes","darkgreen","Myocytes","Zfand2b",0.898915749959001
"Mob1a_Myocytes","darkgreen","Myocytes","Mob1a",0.898854040838741
"Ablim1_SmoothMuscleCells","darkgrey","SmoothMuscleCells","Ablim1",0.794072806890411
"Pprc1_SmoothMuscleCells","darkgrey","SmoothMuscleCells","Pprc1",0.744878426188636
"Egfl7_SmoothMuscleCells","darkgrey","SmoothMuscleCells","Egfl7",0.731947335365454
"Stat5b_SmoothMuscleCells","darkgrey","SmoothMuscleCells","Stat5b",0.726375279836016
"Vegfc_SmoothMuscleCells","darkgrey","SmoothMuscleCells","Vegfc",0.720801873421514
"Pecam1_SmoothMuscleCells","darkgrey","SmoothMuscleCells","Pecam1",0.718297256353785
"Gpr116_SmoothMuscleCells","darkgrey","SmoothMuscleCells","Gpr116",0.717582620716597
"Card10_SmoothMuscleCells","darkgrey","SmoothMuscleCells","Card10",0.713632299526113
"Ptprb_SmoothMuscleCells","darkgrey","SmoothMuscleCells","Ptprb",0.713461075120775
"Slc39a10_SmoothMuscleCells","darkgrey","SmoothMuscleCells","Slc39a10",0.699031422522459
"Mall_SmoothMuscleCells","darkgrey","SmoothMuscleCells","Mall",0.698467626567212
"Gimap8_SmoothMuscleCells","darkgrey","SmoothMuscleCells","Gimap8",0.694559934059402
"Grasp_SmoothMuscleCells","darkgrey","SmoothMuscleCells","Grasp",0.689003441340926
"Tmod2_SmoothMuscleCells","darkgrey","SmoothMuscleCells","Tmod2",0.688371277444551
"Srgap1_SmoothMuscleCells","darkgrey","SmoothMuscleCells","Srgap1",0.684239365283743
"Tmem44_SmoothMuscleCells","darkgrey","SmoothMuscleCells","Tmem44",0.681348029617358
"She_SmoothMuscleCells","darkgrey","SmoothMuscleCells","She",0.677743386906903
"Wdr20a_SmoothMuscleCells","darkgrey","SmoothMuscleCells","Wdr20a",0.674803893165624
"Rgnef_SmoothMuscleCells","darkgrey","SmoothMuscleCells","Rgnef",0.674573767916104
"Alg2_Myocytes","darkgrey","Myocytes","Alg2",0.673219753810889
"Nes_Myocytes","darkgrey","Myocytes","Nes",0.670318326041251
"Slc35e4_Myocytes","darkgrey","Myocytes","Slc35e4",0.668276874406775
"Zscan12_SmoothMuscleCells","darkgrey","SmoothMuscleCells","Zscan12",0.665805747706172
"Tjap1_SmoothMuscleCells","darkgrey","SmoothMuscleCells","Tjap1",0.665412683649518
"Gm10336_SmoothMuscleCells","darkgrey","SmoothMuscleCells","Gm10336",0.664694508095526
"Clec1a_SmoothMuscleCells","darkgrey","SmoothMuscleCells","Clec1a",0.660794299330599
"Mllt4_SmoothMuscleCells","darkgrey","SmoothMuscleCells","Mllt4",0.658618947701031
"Ppcdc_SmoothMuscleCells","darkgrey","SmoothMuscleCells","Ppcdc",0.658233567986002
"Als2cl_SmoothMuscleCells","darkgrey","SmoothMuscleCells","Als2cl",0.658207974909146
"Tle2_SmoothMuscleCells","darkgrey","SmoothMuscleCells","Tle2",0.658133330222148
"Nfatc3_SmoothMuscleCells","darkgrey","SmoothMuscleCells","Nfatc3",0.654894000014601
"1700020O03Rik_SmoothMuscleCells","darkgrey","SmoothMuscleCells","1700020O03Rik",0.65336613851687
"Itpripl2_Myocytes","darkgrey","Myocytes","Itpripl2",0.652860496820087
"Eltd1_SmoothMuscleCells","darkgrey","SmoothMuscleCells","Eltd1",0.650488595054806
"Dll4_SmoothMuscleCells","darkgrey","SmoothMuscleCells","Dll4",0.650454194465404
"Gpr4_SmoothMuscleCells","darkgrey","SmoothMuscleCells","Gpr4",0.644801593202262
"Ifi47_SmoothMuscleCells","darkgrey","SmoothMuscleCells","Ifi47",0.639821402897724
"Vash1_SmoothMuscleCells","darkgrey","SmoothMuscleCells","Vash1",0.638920231078397
"Sox7_SmoothMuscleCells","darkgrey","SmoothMuscleCells","Sox7",0.638335478881542
"Slfn5_SmoothMuscleCells","darkgrey","SmoothMuscleCells","Slfn5",0.635807670323459
"Nol8_SmoothMuscleCells","darkgrey","SmoothMuscleCells","Nol8",0.634715189403624
"Fam55d_SmoothMuscleCells","darkgrey","SmoothMuscleCells","Fam55d",0.633631346026549
"Ift88_SmoothMuscleCells","darkgrey","SmoothMuscleCells","Ift88",0.631009771996479
"Wscd1_SmoothMuscleCells","darkgrey","SmoothMuscleCells","Wscd1",0.630674363050025
"Zbtb48_SmoothMuscleCells","darkgrey","SmoothMuscleCells","Zbtb48",0.629769056964187
"Afap1l1_SmoothMuscleCells","darkgrey","SmoothMuscleCells","Afap1l1",0.627104684545797
"Spsb2_Myocytes","darkgrey","Myocytes","Spsb2",0.626965402671231
"Adcy4_SmoothMuscleCells","darkgrey","SmoothMuscleCells","Adcy4",0.623911188594861
"Sema6a_SmoothMuscleCells","darkgrey","SmoothMuscleCells","Sema6a",0.623849827939452
"Slc26a10_SmoothMuscleCells","darkgrey","SmoothMuscleCells","Slc26a10",0.621127328800922
"Bbs7_Myocytes","darkgrey","Myocytes","Bbs7",0.620560394572428
"Zfp942_Myocytes","darkgrey","Myocytes","Zfp942",0.613522218131914
"Ccdc85a_SmoothMuscleCells","darkgrey","SmoothMuscleCells","Ccdc85a",0.613460130601076
"Plekhg1_SmoothMuscleCells","darkgrey","SmoothMuscleCells","Plekhg1",0.612327116538891
"Sigirr_SmoothMuscleCells","darkgrey","SmoothMuscleCells","Sigirr",0.611072499571823
"Abcc4_SmoothMuscleCells","darkgrey","SmoothMuscleCells","Abcc4",0.608415814268869
"Palmd_SmoothMuscleCells","darkgrey","SmoothMuscleCells","Palmd",0.605464765544889
"Stap2_SmoothMuscleCells","darkgrey","SmoothMuscleCells","Stap2",0.603458790723411
"Pi16_Myocytes","darkgrey","Myocytes","Pi16",0.602751205996115
"Nrxn2_SmoothMuscleCells","darkgrey","SmoothMuscleCells","Nrxn2",0.602661253743428
"Slc28a2_SmoothMuscleCells","darkgrey","SmoothMuscleCells","Slc28a2",0.602460784775609
"Grap_SmoothMuscleCells","darkmagenta","SmoothMuscleCells","Grap",0.812959493191443
"Myct1_SmoothMuscleCells","darkmagenta","SmoothMuscleCells","Myct1",0.797901790757558
"Bivm_SmoothMuscleCells","darkmagenta","SmoothMuscleCells","Bivm",0.708586500712352
"Ace_SmoothMuscleCells","darkmagenta","SmoothMuscleCells","Ace",0.683810795289446
"Srl_Fibroblasts","darkmagenta","Fibroblasts","Srl",0.653122074948878
"Cbr2_SmoothMuscleCells","darkmagenta","SmoothMuscleCells","Cbr2",0.650171026488089
"Ttyh3_SmoothMuscleCells","darkmagenta","SmoothMuscleCells","Ttyh3",0.632555646044627
"BC026590_Myocytes","darkmagenta","Myocytes","BC026590",0.591905610626868
"Tbx2_Myocytes","darkmagenta","Myocytes","Tbx2",0.569334632099714
"Pllp_SmoothMuscleCells","darkmagenta","SmoothMuscleCells","Pllp",0.539252680470119
"Entpd2_SmoothMuscleCells","darkmagenta","SmoothMuscleCells","Entpd2",0.534697289013242
"Mcf2l_SmoothMuscleCells","darkmagenta","SmoothMuscleCells","Mcf2l",0.520257546540851
"Cyp26b1_SmoothMuscleCells","darkmagenta","SmoothMuscleCells","Cyp26b1",0.508986961576614
"Cdc14b_SmoothMuscleCells","darkmagenta","SmoothMuscleCells","Cdc14b",0.499145177075998
"Mcm3ap_SmoothMuscleCells","darkmagenta","SmoothMuscleCells","Mcm3ap",0.495739368481961
"Ccdc112_SmoothMuscleCells","darkmagenta","SmoothMuscleCells","Ccdc112",0.492036002075908
"E030024N20Rik_SmoothMuscleCells","darkmagenta","SmoothMuscleCells","E030024N20Rik",0.492035721094829
"F2rl1_SmoothMuscleCells","darkmagenta","SmoothMuscleCells","F2rl1",0.456749850430254
"Utp14b_SmoothMuscleCells","darkmagenta","SmoothMuscleCells","Utp14b",0.455205464508706
"4933426M11Rik_SmoothMuscleCells","darkolivegreen","SmoothMuscleCells","4933426M11Rik",0.684193693945899
"Srpx_EndocardialCells","darkolivegreen","EndocardialCells","Srpx",0.67264067830335
"Cx3cl1_SmoothMuscleCells","darkolivegreen","SmoothMuscleCells","Cx3cl1",0.655077271028571
"Pacrgl_SmoothMuscleCells","darkolivegreen","SmoothMuscleCells","Pacrgl",0.619304950453639
"Vaultrc5_SmoothMuscleCells","darkolivegreen","SmoothMuscleCells","Vaultrc5",0.602861997731085
"Fstl3_EndocardialCells","darkolivegreen","EndocardialCells","Fstl3",0.585321279181649
"St6galnac6_EndocardialCells","darkolivegreen","EndocardialCells","St6galnac6",0.580826747978529
"Plin4_Fibroblasts","darkolivegreen","Fibroblasts","Plin4",0.572103155651527
"Tbx20_EndocardialCells","darkolivegreen","EndocardialCells","Tbx20",0.570989232525207
"AW146020_SmoothMuscleCells","darkolivegreen","SmoothMuscleCells","AW146020",0.570414805506825
"A830082K12Rik_Myocytes","darkolivegreen","Myocytes","A830082K12Rik",0.564758644240713
"Tfap4_Fibroblasts","darkolivegreen","Fibroblasts","Tfap4",0.553912313931387
"Dak_SmoothMuscleCells","darkolivegreen","SmoothMuscleCells","Dak",0.547943888809642
"Wdr81_SmoothMuscleCells","darkolivegreen","SmoothMuscleCells","Wdr81",0.54718692145081
"Ltc4s_SmoothMuscleCells","darkolivegreen","SmoothMuscleCells","Ltc4s",0.546788435416293
"Syce2_SmoothMuscleCells","darkolivegreen","SmoothMuscleCells","Syce2",0.545658075192914
"Rmnd5a_SmoothMuscleCells","darkolivegreen","SmoothMuscleCells","Rmnd5a",0.54550275455022
"Dhfr_SmoothMuscleCells","darkolivegreen","SmoothMuscleCells","Dhfr",0.533219582619877
"Cyp2j6_SmoothMuscleCells","darkolivegreen","SmoothMuscleCells","Cyp2j6",0.524200528520177
"C5ar1_EndothelialCells","darkolivegreen","EndothelialCells","C5ar1",0.523718936411796
"1700037C18Rik_SmoothMuscleCells","darkolivegreen","SmoothMuscleCells","1700037C18Rik",0.518508467491614
"Eif2ak3_SmoothMuscleCells","darkolivegreen","SmoothMuscleCells","Eif2ak3",0.508209920886212
"Fam111a_SmoothMuscleCells","darkolivegreen","SmoothMuscleCells","Fam111a",0.503836750023623
"Zfp518b_EndocardialCells","darkorange","EndocardialCells","Zfp518b",0.751834872363002
"Chst1_SmoothMuscleCells","darkorange","SmoothMuscleCells","Chst1",0.741331955976807
"Astn2_SmoothMuscleCells","darkorange","SmoothMuscleCells","Astn2",0.738538461214859
"Zfp764_SmoothMuscleCells","darkorange","SmoothMuscleCells","Zfp764",0.733833462206491
"Art3_EndocardialCells","darkorange","EndocardialCells","Art3",0.720767882288309
"Stx1a_SmoothMuscleCells","darkorange","SmoothMuscleCells","Stx1a",0.688548545048427
"Il17rd_SmoothMuscleCells","darkorange","SmoothMuscleCells","Il17rd",0.686319947235826
"Chst1_EndocardialCells","darkorange","EndocardialCells","Chst1",0.684424606892292
"Dnajc13_SmoothMuscleCells","darkorange","SmoothMuscleCells","Dnajc13",0.678364781559421
"Mfap5_SmoothMuscleCells","darkorange","SmoothMuscleCells","Mfap5",0.675305102108676
"Igsf3_SmoothMuscleCells","darkorange","SmoothMuscleCells","Igsf3",0.670714645205554
"Col14a1_SmoothMuscleCells","darkorange","SmoothMuscleCells","Col14a1",0.669707250130385
"Glt25d2_EndocardialCells","darkorange","EndocardialCells","Glt25d2",0.648063634413074
"Hsd11b1_SmoothMuscleCells","darkorange","SmoothMuscleCells","Hsd11b1",0.644894970464318
"Fastkd5_EndocardialCells","darkorange","EndocardialCells","Fastkd5",0.64391159510235
"Sfpi1_EndocardialCells","darkorange","EndocardialCells","Sfpi1",0.643785127633751
"Acta2_EndocardialCells","darkorange","EndocardialCells","Acta2",0.639705061891067
"Trp53bp2_SmoothMuscleCells","darkorange","SmoothMuscleCells","Trp53bp2",0.638926653608197
"Syt7_SmoothMuscleCells","darkorange","SmoothMuscleCells","Syt7",0.637974719657884
"Ceacam1_SmoothMuscleCells","darkorange","SmoothMuscleCells","Ceacam1",0.635130089818166
"Atp11c_SmoothMuscleCells","darkorange","SmoothMuscleCells","Atp11c",0.627531308164565
"Bambi-ps1_SmoothMuscleCells","darkorange","SmoothMuscleCells","Bambi-ps1",0.62022361412895
"Ctbs_SmoothMuscleCells","darkorange","SmoothMuscleCells","Ctbs",0.604829344506929
"Hibch_SmoothMuscleCells","darkorange","SmoothMuscleCells","Hibch",0.597342576656028
"Nts_Fibroblasts","darkorange","Fibroblasts","Nts",0.597282040802296
"Cpne8_SmoothMuscleCells","darkorange","SmoothMuscleCells","Cpne8",0.592780651413496
"Ptpre_SmoothMuscleCells","darkorange","SmoothMuscleCells","Ptpre",0.592770313323065
"Icam1_SmoothMuscleCells","darkorange","SmoothMuscleCells","Icam1",0.588329109955734
"Plk3_SmoothMuscleCells","darkorange","SmoothMuscleCells","Plk3",0.586745955254104
"Fmo1_SmoothMuscleCells","darkorange","SmoothMuscleCells","Fmo1",0.582586210073652
"Lrrk1_SmoothMuscleCells","darkorange","SmoothMuscleCells","Lrrk1",0.580788920274104
"Mitf_SmoothMuscleCells","darkorange","SmoothMuscleCells","Mitf",0.575499573232715
"1190005I06Rik_EndocardialCells","darkorange","EndocardialCells","1190005I06Rik",0.575401283979161
"Pola1_SmoothMuscleCells","darkorange","SmoothMuscleCells","Pola1",0.575206205176108
"2610301B20Rik_SmoothMuscleCells","darkorange","SmoothMuscleCells","2610301B20Rik",0.574063717557949
"Bend7_SmoothMuscleCells","darkorange","SmoothMuscleCells","Bend7",0.572393738618039
"Rcc1_SmoothMuscleCells","darkorange","SmoothMuscleCells","Rcc1",0.567528231779424
"Tifa_SmoothMuscleCells","darkorange","SmoothMuscleCells","Tifa",0.561889050976568
"Cdon_EndocardialCells","darkorange","EndocardialCells","Cdon",0.561708570571915
"Rapsn_SmoothMuscleCells","darkorange","SmoothMuscleCells","Rapsn",0.556608112164072
"B130034C11Rik_EndocardialCells","darkorange","EndocardialCells","B130034C11Rik",0.554353922346696
"Pld2_SmoothMuscleCells","darkorange","SmoothMuscleCells","Pld2",0.552633030366007
"Klra3_EndothelialCells","darkorange","EndothelialCells","Klra3",0.552315999119997
"Ank2_SmoothMuscleCells","darkorange","SmoothMuscleCells","Ank2",0.551754533293149
"Coil_SmoothMuscleCells","darkorange","SmoothMuscleCells","Coil",0.551606014967076
"Snhg7_SmoothMuscleCells","darkorange","SmoothMuscleCells","Snhg7",0.550315155024015
"Stk32b_EndocardialCells","darkorange","EndocardialCells","Stk32b",0.548887592451222
"1110067D22Rik_Myocytes","darkorange","Myocytes","1110067D22Rik",0.548250703741118
"AU021092_SmoothMuscleCells","darkorange","SmoothMuscleCells","AU021092",0.54794388258351
"Jag2_SmoothMuscleCells","darkorange","SmoothMuscleCells","Jag2",0.547361458868629
"Brms1l_EndocardialCells","darkred","EndocardialCells","Brms1l",0.882227470248342
"Klhl4_EndocardialCells","darkred","EndocardialCells","Klhl4",0.878623470106484
"Polr3a_EndocardialCells","darkred","EndocardialCells","Polr3a",0.870473654519934
"Bcor_EndocardialCells","darkred","EndocardialCells","Bcor",0.869245748355068
"Fsd1l_EndocardialCells","darkred","EndocardialCells","Fsd1l",0.864127356110624
"Evc_EndocardialCells","darkred","EndocardialCells","Evc",0.862882961709337
"Pkia_EndocardialCells","darkred","EndocardialCells","Pkia",0.862862624475159
"Nradd_EndocardialCells","darkred","EndocardialCells","Nradd",0.857021743753602
"Sft2d3_EndocardialCells","darkred","EndocardialCells","Sft2d3",0.854653060203691
"Fam171a2_EndocardialCells","darkred","EndocardialCells","Fam171a2",0.854047990772747
"Gmds_EndocardialCells","darkred","EndocardialCells","Gmds",0.849006134818595
"Anks3_EndocardialCells","darkred","EndocardialCells","Anks3",0.847442218373168
"Tgfb1_Myocytes","darkred","Myocytes","Tgfb1",0.84402401701177
"Akap1_EndocardialCells","darkred","EndocardialCells","Akap1",0.840551586787243
"Mrps10_EndocardialCells","darkred","EndocardialCells","Mrps10",0.840370144578754
"Samm50_EndocardialCells","darkred","EndocardialCells","Samm50",0.839615303968296
"Dtnbp1_EndocardialCells","darkred","EndocardialCells","Dtnbp1",0.832809735170844
"Mpzl1_EndocardialCells","darkred","EndocardialCells","Mpzl1",0.832286270513931
"Vps18_EndocardialCells","darkred","EndocardialCells","Vps18",0.823372141838305
"9130221H12Rik_EndocardialCells","darkred","EndocardialCells","9130221H12Rik",0.821937412332467
"Grk5_EndocardialCells","darkred","EndocardialCells","Grk5",0.819327170607748
"Zcchc3_EndocardialCells","darkred","EndocardialCells","Zcchc3",0.818489309071659
"Afg3l2_EndocardialCells","darkred","EndocardialCells","Afg3l2",0.817702813113482
"Zfp664_SmoothMuscleCells","darkred","SmoothMuscleCells","Zfp664",0.817336283578519
"Dnajc30_EndocardialCells","darkred","EndocardialCells","Dnajc30",0.814789745462312
"Wbp1_EndocardialCells","darkred","EndocardialCells","Wbp1",0.813943153750591
"Manf_SmoothMuscleCells","darkred","SmoothMuscleCells","Manf",0.811856065524842
"A930004D18Rik_Fibroblasts","darkred","Fibroblasts","A930004D18Rik",0.809858836093543
"Tlcd2_EndocardialCells","darkred","EndocardialCells","Tlcd2",0.807845419146995
"Polr3gl_SmoothMuscleCells","darkred","SmoothMuscleCells","Polr3gl",0.805918422999438
"Tdrd3_EndocardialCells","darkred","EndocardialCells","Tdrd3",0.804522699464882
"Slc45a4_EndocardialCells","darkred","EndocardialCells","Slc45a4",0.803031099820632
"Cpeb2_EndocardialCells","darkred","EndocardialCells","Cpeb2",0.802906227909022
"Smg5_EndocardialCells","darkred","EndocardialCells","Smg5",0.802669276013253
"Hmgxb3_EndocardialCells","darkred","EndocardialCells","Hmgxb3",0.801107891911295
"Anapc1_EndocardialCells","darkred","EndocardialCells","Anapc1",0.801000960533756
"2410004N09Rik_EndocardialCells","darkred","EndocardialCells","2410004N09Rik",0.799748941678376
"Ubac2_EndocardialCells","darkred","EndocardialCells","Ubac2",0.799562217415094
"Ccng1_EndocardialCells","darkred","EndocardialCells","Ccng1",0.798139189278624
"Rap1gds1_SmoothMuscleCells","darkred","SmoothMuscleCells","Rap1gds1",0.796833294422163
"Pomt1_EndocardialCells","darkred","EndocardialCells","Pomt1",0.79671785177427
"Pgm5_SmoothMuscleCells","darkred","SmoothMuscleCells","Pgm5",0.796552077393401
"Nudt18_SmoothMuscleCells","darkred","SmoothMuscleCells","Nudt18",0.795991174930624
"Armcx2_EndocardialCells","darkred","EndocardialCells","Armcx2",0.795117411834188
"Paqr4_EndocardialCells","darkred","EndocardialCells","Paqr4",0.79263051704315
"Dpp3_SmoothMuscleCells","darkred","SmoothMuscleCells","Dpp3",0.785392711593521
"Triap1_EndocardialCells","darkred","EndocardialCells","Triap1",0.784084342045948
"Vbp1_SmoothMuscleCells","darkred","SmoothMuscleCells","Vbp1",0.782301605866877
"Zfp524_EndocardialCells","darkred","EndocardialCells","Zfp524",0.781975852372868
"Heatr5b_EndocardialCells","darkred","EndocardialCells","Heatr5b",0.780976415660602
"Mex3d_EndocardialCells","darkred","EndocardialCells","Mex3d",0.779746498824586
"0610007N19Rik_EndocardialCells","darkred","EndocardialCells","0610007N19Rik",0.778772692268911
"Mapk9_SmoothMuscleCells","darkred","SmoothMuscleCells","Mapk9",0.773568147007187
"Acaca_EndocardialCells","darkred","EndocardialCells","Acaca",0.773417512556622
"Cstf3_EndocardialCells","darkred","EndocardialCells","Cstf3",0.771216364200509
"Rcbtb1_EndocardialCells","darkred","EndocardialCells","Rcbtb1",0.768618254655678
"Tmem106a_SmoothMuscleCells","darkred","SmoothMuscleCells","Tmem106a",0.768172331535286
"Gm14322_EndocardialCells","darkred","EndocardialCells","Gm14322",0.76772649265478
"Cc2d1a_EndocardialCells","darkred","EndocardialCells","Cc2d1a",0.766832925546238
"Phc2_SmoothMuscleCells","darkred","SmoothMuscleCells","Phc2",0.766790602122317
"Ppp2cb_Myocytes","darkred","Myocytes","Ppp2cb",0.766118318520317
"Diexf_EndocardialCells","darkred","EndocardialCells","Diexf",0.765967850783218
"1600012H06Rik_EndocardialCells","darkred","EndocardialCells","1600012H06Rik",0.764914162274584
"Cul9_EndocardialCells","darkred","EndocardialCells","Cul9",0.764649272944371
"Obfc2b_EndocardialCells","darkred","EndocardialCells","Obfc2b",0.763541270015393
"Pwp2_EndocardialCells","darkred","EndocardialCells","Pwp2",0.762091439656873
"Mbd3_EndocardialCells","darkred","EndocardialCells","Mbd3",0.760538019274221
"Tfb2m_EndocardialCells","darkred","EndocardialCells","Tfb2m",0.759333731733324
"Zdhhc18_EndocardialCells","darkred","EndocardialCells","Zdhhc18",0.757605463280302
"Sppl3_Myocytes","darkred","Myocytes","Sppl3",0.756141207439041
"Bmi1_EndocardialCells","darkred","EndocardialCells","Bmi1",0.755347173058811
"Fam3a_EndocardialCells","darkred","EndocardialCells","Fam3a",0.755315893860058
"Yif1a_EndocardialCells","darkred","EndocardialCells","Yif1a",0.753999256820721
"Rnf216_EndocardialCells","darkred","EndocardialCells","Rnf216",0.753967130134443
"Tmem188_EndocardialCells","darkred","EndocardialCells","Tmem188",0.753316170546076
"Rpl7l1_SmoothMuscleCells","darkred","SmoothMuscleCells","Rpl7l1",0.753073601634052
"Ctif_EndocardialCells","darkred","EndocardialCells","Ctif",0.75289687015406
"Kazald1_Myocytes","darkred","Myocytes","Kazald1",0.752746603255997
"Col25a1_EndocardialCells","darkred","EndocardialCells","Col25a1",0.750897448148473
"Trim41_SmoothMuscleCells","darkred","SmoothMuscleCells","Trim41",0.749371168281459
"Marveld1_Myocytes","darkred","Myocytes","Marveld1",0.749327154233413
"C330007P06Rik_SmoothMuscleCells","darkred","SmoothMuscleCells","C330007P06Rik",0.74798517976804
"Pknox2_EndocardialCells","darkred","EndocardialCells","Pknox2",0.746998449672326
"Tcf7_Fibroblasts","darkturquoise","Fibroblasts","Tcf7",0.758230766778561
"Hsp90b1_EndothelialCells","darkturquoise","EndothelialCells","Hsp90b1",0.749968676966286
"Atxn1_SmoothMuscleCells","darkturquoise","SmoothMuscleCells","Atxn1",0.678723824503349
"4930578C19Rik_EndothelialCells","darkturquoise","EndothelialCells","4930578C19Rik",0.670941910034791
"Serpinb1a_SmoothMuscleCells","darkturquoise","SmoothMuscleCells","Serpinb1a",0.670620573884714
"Snord104_Fibroblasts","darkturquoise","Fibroblasts","Snord104",0.655045781550199
"Prim1_Leukocytes","darkturquoise","Leukocytes","Prim1",0.648754098970672
"Fnbp1_EndocardialCells","darkturquoise","EndocardialCells","Fnbp1",0.64458995660127
"Aldh4a1_SmoothMuscleCells","darkturquoise","SmoothMuscleCells","Aldh4a1",0.638259837692873
"Snord42b_Fibroblasts","darkturquoise","Fibroblasts","Snord42b",0.635894416782546
"Btg3_EndocardialCells","darkturquoise","EndocardialCells","Btg3",0.634982482489841
"Nsun3_Fibroblasts","darkturquoise","Fibroblasts","Nsun3",0.629914488799787
"Stx1b_Fibroblasts","darkturquoise","Fibroblasts","Stx1b",0.624536269933844
"Ppp1r1a_SmoothMuscleCells","darkturquoise","SmoothMuscleCells","Ppp1r1a",0.616637727163062
"Parvg_Fibroblasts","darkturquoise","Fibroblasts","Parvg",0.614433392169129
"Gm13749_Fibroblasts","darkturquoise","Fibroblasts","Gm13749",0.61248745191501
"Fahd1_EndocardialCells","darkturquoise","EndocardialCells","Fahd1",0.606792959056182
"Mamdc4_Fibroblasts","darkturquoise","Fibroblasts","Mamdc4",0.603888616089432
"Shroom4_EndothelialCells","darkturquoise","EndothelialCells","Shroom4",0.601631710074966
"4921530D09Rik_Fibroblasts","darkturquoise","Fibroblasts","4921530D09Rik",0.600018358877943
"Tmem196_Fibroblasts","darkturquoise","Fibroblasts","Tmem196",0.597850330322503
"Dapp1_Fibroblasts","darkturquoise","Fibroblasts","Dapp1",0.597067716553085
"Far2_Fibroblasts","darkturquoise","Fibroblasts","Far2",0.595911653187134
"Dfna5_Fibroblasts","darkturquoise","Fibroblasts","Dfna5",0.584395067677364
"Kcnn4_EndocardialCells","darkturquoise","EndocardialCells","Kcnn4",0.584074636209959
"Cblc_Fibroblasts","darkturquoise","Fibroblasts","Cblc",0.583723848439222
"Rorb_Fibroblasts","darkturquoise","Fibroblasts","Rorb",0.5834238658282
"BC039771_Fibroblasts","darkturquoise","Fibroblasts","BC039771",0.581311987209578
"Snora61_Fibroblasts","darkturquoise","Fibroblasts","Snora61",0.570158508483116
"2210416O15Rik_Fibroblasts","darkturquoise","Fibroblasts","2210416O15Rik",0.567035965754653
"Camp_Fibroblasts","darkturquoise","Fibroblasts","Camp",0.56597466504882
"Sgsm3_Leukocytes","darkturquoise","Leukocytes","Sgsm3",0.563077937925715
"C730002L08Rik_Fibroblasts","darkturquoise","Fibroblasts","C730002L08Rik",0.561502664100501
"Anapc5_Leukocytes","darkturquoise","Leukocytes","Anapc5",0.559119259575394
"Camk2a_Fibroblasts","darkturquoise","Fibroblasts","Camk2a",0.557021163858516
"Gm5801_EndocardialCells","darkturquoise","EndocardialCells","Gm5801",0.552328541664514
"Gipc3_EndothelialCells","darkturquoise","EndothelialCells","Gipc3",0.552035872940308
"Nap1l2_Fibroblasts","darkturquoise","Fibroblasts","Nap1l2",0.549505386576469
"Casc1_Fibroblasts","darkturquoise","Fibroblasts","Casc1",0.548501962227186
"Rmnd1_EndothelialCells","darkturquoise","EndothelialCells","Rmnd1",0.548329209739952
"Star_Fibroblasts","darkturquoise","Fibroblasts","Star",0.547854673377347
"Chi3l1_Fibroblasts","darkturquoise","Fibroblasts","Chi3l1",0.547838692630501
"Psmd6_Leukocytes","darkturquoise","Leukocytes","Psmd6",0.547406621990583
"Nqo1_Fibroblasts","darkturquoise","Fibroblasts","Nqo1",0.547321422923335
"Fasn_Leukocytes","darkturquoise","Leukocytes","Fasn",0.54634280596805
"Gm4956_Fibroblasts","darkturquoise","Fibroblasts","Gm4956",0.544340083431397
"Kcnq4_Fibroblasts","darkturquoise","Fibroblasts","Kcnq4",0.543138011370728
"F8a_EndocardialCells","darkturquoise","EndocardialCells","F8a",0.540784321522508
"Rpusd2_EndothelialCells","darkturquoise","EndothelialCells","Rpusd2",0.538469855911499
"Mir100_Fibroblasts","darkturquoise","Fibroblasts","Mir100",0.536999193447043
"Panx1_EndothelialCells","darkturquoise","EndothelialCells","Panx1",0.532439158627313
"Trappc2_Leukocytes","darkturquoise","Leukocytes","Trappc2",0.528606025157224
"Dbr1_Fibroblasts","darkturquoise","Fibroblasts","Dbr1",0.526595195098705
"Snora44_Fibroblasts","darkturquoise","Fibroblasts","Snora44",0.526529580588463
"Rbks_Leukocytes","darkturquoise","Leukocytes","Rbks",0.525696597341276
"Mzf1_Fibroblasts","darkturquoise","Fibroblasts","Mzf1",0.52537101885536
"Ctcfl_Fibroblasts","darkturquoise","Fibroblasts","Ctcfl",0.524719250989136
"Fhl4_Fibroblasts","darkturquoise","Fibroblasts","Fhl4",0.524117802319262
"Grin3a_Fibroblasts","darkturquoise","Fibroblasts","Grin3a",0.519845917559219
"Rab27a_EndothelialCells","darkturquoise","EndothelialCells","Rab27a",0.515200566006078
"Adi1_Fibroblasts","darkturquoise","Fibroblasts","Adi1",0.512960444506246
"Osm_Leukocytes","darkturquoise","Leukocytes","Osm",0.510646451812862
"Ltb4r1_Fibroblasts","darkturquoise","Fibroblasts","Ltb4r1",0.509777875736221
"Gm2518_Fibroblasts","darkturquoise","Fibroblasts","Gm2518",0.508562848128775
"Cldn7_Fibroblasts","darkturquoise","Fibroblasts","Cldn7",0.506504408863414
"Mppe1_Leukocytes","darkturquoise","Leukocytes","Mppe1",0.506412355041927
"Rcsd1_Leukocytes","darkturquoise","Leukocytes","Rcsd1",0.506250190868876
"Traf4_Leukocytes","darkturquoise","Leukocytes","Traf4",0.505464565566584
"Incenp_EndothelialCells","darkturquoise","EndothelialCells","Incenp",0.505383155100226
"Acadvl_Leukocytes","darkturquoise","Leukocytes","Acadvl",0.504914895419606
"Hebp1_SmoothMuscleCells","darkturquoise","SmoothMuscleCells","Hebp1",0.504793279000206
"Ripk3_EndocardialCells","darkturquoise","EndocardialCells","Ripk3",0.502843784902469
"Folr1_Fibroblasts","darkturquoise","Fibroblasts","Folr1",0.501900768341065
"Naaladl1_Fibroblasts","darkturquoise","Fibroblasts","Naaladl1",0.501267004188942
"1700001K19Rik_Fibroblasts","darkturquoise","Fibroblasts","1700001K19Rik",0.499679326958213
"Padi2_Fibroblasts","darkturquoise","Fibroblasts","Padi2",0.498892527838954
"Dph1_Fibroblasts","green","Fibroblasts","Dph1",0.879423004907004
"Ccdc8_Fibroblasts","green","Fibroblasts","Ccdc8",0.815501718730906
"Slc25a12_EndothelialCells","green","EndothelialCells","Slc25a12",0.779802865169202
"Zfp146_Fibroblasts","green","Fibroblasts","Zfp146",0.766273146783107
"Tmem200b_Fibroblasts","green","Fibroblasts","Tmem200b",0.762876746086861
"Epha1_Fibroblasts","green","Fibroblasts","Epha1",0.761445733474484
"Uxs1_EndothelialCells","green","EndothelialCells","Uxs1",0.756990466228381
"Col9a2_Fibroblasts","green","Fibroblasts","Col9a2",0.749203004615618
"Abhd2_Fibroblasts","green","Fibroblasts","Abhd2",0.745846844624064
"Adamts4_Fibroblasts","green","Fibroblasts","Adamts4",0.743858754662388
"9930111J21Rik2_EndothelialCells","green","EndothelialCells","9930111J21Rik2",0.740288793103132
"Pcdhgb7_Fibroblasts","green","Fibroblasts","Pcdhgb7",0.738662244475956
"Pcdhga9_Fibroblasts","green","Fibroblasts","Pcdhga9",0.738457939248697
"Zfp146_EndocardialCells","green","EndocardialCells","Zfp146",0.736739174644796
"Ammecr1_Fibroblasts","green","Fibroblasts","Ammecr1",0.736463194495995
"Sema6c_Fibroblasts","green","Fibroblasts","Sema6c",0.735150296539189
"Traf5_EndothelialCells","green","EndothelialCells","Traf5",0.73193018173359
"Agpat2_EndocardialCells","green","EndocardialCells","Agpat2",0.731749523411102
"Sufu_EndothelialCells","green","EndothelialCells","Sufu",0.724618492092319
"Cks2_EndothelialCells","green","EndothelialCells","Cks2",0.722146814431532
"Gm15910_Fibroblasts","green","Fibroblasts","Gm15910",0.720159181045975
"Tox2_Fibroblasts","green","Fibroblasts","Tox2",0.713333242993908
"Rab20_Fibroblasts","green","Fibroblasts","Rab20",0.711985554107814
"Ccna2_Leukocytes","green","Leukocytes","Ccna2",0.702081892386842
"Cubn_Fibroblasts","green","Fibroblasts","Cubn",0.694423264256392
"Gm10012_EndocardialCells","green","EndocardialCells","Gm10012",0.694111838047485
"Gss_Fibroblasts","green","Fibroblasts","Gss",0.691878329906646
"H2-Bl_Fibroblasts","green","Fibroblasts","H2-Bl",0.691130235011713
"Itga4_Fibroblasts","green","Fibroblasts","Itga4",0.68433166411488
"Limd2_Fibroblasts","green","Fibroblasts","Limd2",0.680491669354325
"Pigg_Fibroblasts","green","Fibroblasts","Pigg",0.68016691441303
"E2f2_EndothelialCells","green","EndothelialCells","E2f2",0.679414840464232
"4931408D14Rik_Leukocytes","green","Leukocytes","4931408D14Rik",0.675638705300715
"Slc22a4_Fibroblasts","green","Fibroblasts","Slc22a4",0.673781298315831
"Insl6_Fibroblasts","green","Fibroblasts","Insl6",0.671156561398717
"Trip13_EndothelialCells","green","EndothelialCells","Trip13",0.670145788054326
"Gria1_Fibroblasts","green","Fibroblasts","Gria1",0.668472105019763
"Gltscr1_EndothelialCells","green","EndothelialCells","Gltscr1",0.663920777798197
"Arl10_EndothelialCells","green","EndothelialCells","Arl10",0.662094768451418
"Trim14_EndothelialCells","green","EndothelialCells","Trim14",0.661818775100032
"Zfyve9_Fibroblasts","green","Fibroblasts","Zfyve9",0.657375471661153
"Hif3a_Fibroblasts","green","Fibroblasts","Hif3a",0.652560304432701
"Plcd4_Fibroblasts","green","Fibroblasts","Plcd4",0.651371775279209
"0610010O12Rik_Leukocytes","green","Leukocytes","0610010O12Rik",0.647781759987363
"Tfdp1_Leukocytes","green","Leukocytes","Tfdp1",0.646906989612106
"Nckap1_EndocardialCells","green","EndocardialCells","Nckap1",0.646844877406026
"Rab27a_Fibroblasts","green","Fibroblasts","Rab27a",0.646320361578231
"Gm16023_Fibroblasts","green","Fibroblasts","Gm16023",0.645024973916619
"Il16_EndothelialCells","green","EndothelialCells","Il16",0.642931573111855
"Ass1_EndocardialCells","green","EndocardialCells","Ass1",0.642599578812476
"Cd226_Leukocytes","green","Leukocytes","Cd226",0.641267838572914
"Gm6981_EndothelialCells","green","EndothelialCells","Gm6981",0.640631267934103
"BC046331_EndocardialCells","green","EndocardialCells","BC046331",0.639562816005237
"Lox_Fibroblasts","green","Fibroblasts","Lox",0.639488405948352
"Larp1b_EndocardialCells","green","EndocardialCells","Larp1b",0.639307982952648
"Doc2a_Leukocytes","green","Leukocytes","Doc2a",0.639093898089897
"Epm2a_Fibroblasts","green","Fibroblasts","Epm2a",0.638375742758165
"Gramd1b_Fibroblasts","green","Fibroblasts","Gramd1b",0.636618169654071
"Cyp20a1_EndothelialCells","green","EndothelialCells","Cyp20a1",0.635116192581178
"Elovl6_Fibroblasts","green","Fibroblasts","Elovl6",0.634971648720986
"Rbm38_Leukocytes","green","Leukocytes","Rbm38",0.634523151538533
"Agphd1_EndothelialCells","green","EndothelialCells","Agphd1",0.634333721675372
"Zdhhc2_EndothelialCells","green","EndothelialCells","Zdhhc2",0.63343122387755
"Gm6484_Fibroblasts","green","Fibroblasts","Gm6484",0.629104599690191
"Clcn6_Fibroblasts","green","Fibroblasts","Clcn6",0.629063930110566
"Tram2_EndothelialCells","green","EndothelialCells","Tram2",0.62875512407675
"AI506816_Leukocytes","green","Leukocytes","AI506816",0.627751799021544
"Kifc1_EndothelialCells","green","EndothelialCells","Kifc1",0.627629400581575
"Vav2_Leukocytes","green","Leukocytes","Vav2",0.627072175124287
"C920021L13Rik_EndothelialCells","green","EndothelialCells","C920021L13Rik",0.625483117393048
"Gm5801_EndothelialCells","green","EndothelialCells","Gm5801",0.624898905569174
"Grap2_Leukocytes","green","Leukocytes","Grap2",0.624683252609776
"Kcnd1_Fibroblasts","green","Fibroblasts","Kcnd1",0.624511817113805
"Mxd1_EndocardialCells","green","EndocardialCells","Mxd1",0.62351359207441
"Ahcy_Leukocytes","green","Leukocytes","Ahcy",0.622435720887255
"Il7r_Leukocytes","green","Leukocytes","Il7r",0.622410195915495
"6530402F18Rik_Fibroblasts","green","Fibroblasts","6530402F18Rik",0.622368295850517
"Crkl_Leukocytes","green","Leukocytes","Crkl",0.621714059121913
"Mmp28_EndothelialCells","green","EndothelialCells","Mmp28",0.620617811557936
"Klhl11_Fibroblasts","green","Fibroblasts","Klhl11",0.620237384416353
"Ccnb2_Leukocytes","green","Leukocytes","Ccnb2",0.620012301274986
"Cyfip2_Leukocytes","green","Leukocytes","Cyfip2",0.619544308643927
"Spint1_Leukocytes","green","Leukocytes","Spint1",0.619015344423674
"Kif21a_Fibroblasts","green","Fibroblasts","Kif21a",0.617498317822083
"Pdcd4_EndothelialCells","green","EndothelialCells","Pdcd4",0.616986153156029
"Uhrf1_EndothelialCells","green","EndothelialCells","Uhrf1",0.616217933258584
"Itgb4_EndocardialCells","green","EndocardialCells","Itgb4",0.614893104200666
"Cd72_Leukocytes","green","Leukocytes","Cd72",0.614827305576822
"Smc4_Leukocytes","green","Leukocytes","Smc4",0.614526145353758
"Mdh2_Leukocytes","green","Leukocytes","Mdh2",0.613886329427524
"H2-Ob_Leukocytes","green","Leukocytes","H2-Ob",0.611070044369644
"Neil1_Fibroblasts","green","Fibroblasts","Neil1",0.610874108739592
"Ptch1_Fibroblasts","green","Fibroblasts","Ptch1",0.608034676130522
"Xpo5_Fibroblasts","green","Fibroblasts","Xpo5",0.606784000444784
"Gm10548_EndothelialCells","green","EndothelialCells","Gm10548",0.60570668469667
"Ccdc152_EndothelialCells","green","EndothelialCells","Ccdc152",0.604597031614729
"Cit_EndothelialCells","green","EndothelialCells","Cit",0.604400405062217
"4930413G21Rik_EndothelialCells","green","EndothelialCells","4930413G21Rik",0.603678340149332
"Papln_EndothelialCells","green","EndothelialCells","Papln",0.602825903512198
"Slc5a3_EndothelialCells","green","EndothelialCells","Slc5a3",0.602697663658097
"Ggn_Fibroblasts","green","Fibroblasts","Ggn",0.601916316371375
"Agphd1_Fibroblasts","green","Fibroblasts","Agphd1",0.601643541564056
"Rrm2_Leukocytes","green","Leukocytes","Rrm2",0.596649666514107
"Ccdc92_Leukocytes","green","Leukocytes","Ccdc92",0.595352631257686
"Bend3_Fibroblasts","green","Fibroblasts","Bend3",0.594191953931014
"Shmt1_Fibroblasts","green","Fibroblasts","Shmt1",0.594145096967263
"Oip5_Fibroblasts","green","Fibroblasts","Oip5",0.594093927825601
"Sema3g_EndothelialCells","green","EndothelialCells","Sema3g",0.593301723608454
"Mib1_EndothelialCells","green","EndothelialCells","Mib1",0.5924102892705
"AI506816_EndothelialCells","green","EndothelialCells","AI506816",0.592306247684822
"Ipo7_EndothelialCells","green","EndothelialCells","Ipo7",0.592050444187767
"Pcdhgb1_EndothelialCells","green","EndothelialCells","Pcdhgb1",0.591850321110781
"Fdx1l_EndothelialCells","green","EndothelialCells","Fdx1l",0.591144843816145
"Cenpm_Leukocytes","green","Leukocytes","Cenpm",0.590960294774581
"Gm15545_Fibroblasts","green","Fibroblasts","Gm15545",0.589812788263303
"Zfp36_EndocardialCells","green","EndocardialCells","Zfp36",0.58845567794648
"Mcm2_Fibroblasts","green","Fibroblasts","Mcm2",0.58820240210292
"Stradb_Leukocytes","green","Leukocytes","Stradb",0.588134587905127
"Coro6_EndothelialCells","green","EndothelialCells","Coro6",0.587793777387984
"Khk_Fibroblasts","green","Fibroblasts","Khk",0.587759421880889
"Rbp4_Leukocytes","green","Leukocytes","Rbp4",0.587623284996419
"Snord49b_Fibroblasts","green","Fibroblasts","Snord49b",0.586746666926784
"Gm15987_Leukocytes","green","Leukocytes","Gm15987",0.586508601647006
"S1pr4_EndothelialCells","green","EndothelialCells","S1pr4",0.584243427853768
"Chrm3_Fibroblasts","green","Fibroblasts","Chrm3",0.582867073505143
"Pygo1_Fibroblasts","green","Fibroblasts","Pygo1",0.578882050896268
"Fam107b_EndocardialCells","green","EndocardialCells","Fam107b",0.578718856616291
"Rbm15b_EndothelialCells","green","EndothelialCells","Rbm15b",0.578117039709817
"Pvr_EndothelialCells","green","EndothelialCells","Pvr",0.575887351033832
"Ptpn6_Fibroblasts","green","Fibroblasts","Ptpn6",0.574820888385004
"Ptprn2_Leukocytes","green","Leukocytes","Ptprn2",0.573726722118769
"Wdfy2_EndocardialCells","green","EndocardialCells","Wdfy2",0.572649589746329
"Ncapg_Leukocytes","green","Leukocytes","Ncapg",0.571698322006391
"Zdhhc2_EndocardialCells","green","EndocardialCells","Zdhhc2",0.571520222076332
"Cdt1_Fibroblasts","green","Fibroblasts","Cdt1",0.570449891988552
"Gm3258_EndocardialCells","green","EndocardialCells","Gm3258",0.570070449924734
"Nrgn_EndothelialCells","green","EndothelialCells","Nrgn",0.570033115774039
"Gm17296_Fibroblasts","green","Fibroblasts","Gm17296",0.569384732177787
"Cdk6_Fibroblasts","green","Fibroblasts","Cdk6",0.568571328523447
"Kynu_Leukocytes","green","Leukocytes","Kynu",0.567436237782499
"Rassf7_Leukocytes","green","Leukocytes","Rassf7",0.564806119148394
"Sertad1_EndocardialCells","green","EndocardialCells","Sertad1",0.564429586041084
"Cd79b_Leukocytes","green","Leukocytes","Cd79b",0.563369431319228
"Stmn1_Leukocytes","green","Leukocytes","Stmn1",0.562939533778245
"Fads6_Fibroblasts","green","Fibroblasts","Fads6",0.561518296974104
"Klhl21_Fibroblasts","green","Fibroblasts","Klhl21",0.560896395768275
"Mcm5_EndothelialCells","green","EndothelialCells","Mcm5",0.560572488631209
"Tbc1d10c_Fibroblasts","green","Fibroblasts","Tbc1d10c",0.560367265536088
"Bcl3_Leukocytes","green","Leukocytes","Bcl3",0.560156471858443
"Cacnb4_Fibroblasts","green","Fibroblasts","Cacnb4",0.559918412311004
"Slc7a8_Fibroblasts","green","Fibroblasts","Slc7a8",0.559284073885114
"Rnf141_EndothelialCells","green","EndothelialCells","Rnf141",0.557849599439314
"3110035E14Rik_Leukocytes","green","Leukocytes","3110035E14Rik",0.556470522810989
"Itga2_Fibroblasts","green","Fibroblasts","Itga2",0.556002375726678
"Tes_EndocardialCells","green","EndocardialCells","Tes",0.555097981837756
"Clstn1_EndothelialCells","green","EndothelialCells","Clstn1",0.554454931012686
"Pbld1_Leukocytes","green","Leukocytes","Pbld1",0.552718844675803
"Birc5_Leukocytes","green","Leukocytes","Birc5",0.552600739999158
"Mmp24_EndothelialCells","green","EndothelialCells","Mmp24",0.552190032834797
"E2f2_Leukocytes","green","Leukocytes","E2f2",0.551300311780104
"Elk4_EndothelialCells","green","EndothelialCells","Elk4",0.549955276932007
"Gm13889_EndothelialCells","green","EndothelialCells","Gm13889",0.549572198727835
"Adnp2_Fibroblasts","green","Fibroblasts","Adnp2",0.549159221147605
"9530026P05Rik_EndothelialCells","green","EndothelialCells","9530026P05Rik",0.549072026619746
"Fignl1_Fibroblasts","green","Fibroblasts","Fignl1",0.548777630117184
"H2-Q6_Fibroblasts","green","Fibroblasts","H2-Q6",0.548425312412126
"Gpr75_Fibroblasts","green","Fibroblasts","Gpr75",0.547939984826131
"Pigr_Leukocytes","green","Leukocytes","Pigr",0.547407134731553
"1700113A16Rik_Leukocytes","green","Leukocytes","1700113A16Rik",0.547058402181588
"Qprt_Fibroblasts","green","Fibroblasts","Qprt",0.546989345368836
"Aaas_Leukocytes","green","Leukocytes","Aaas",0.546002312235439
"Sp100_EndothelialCells","green","EndothelialCells","Sp100",0.545643109209743
"1600027N09Rik_EndocardialCells","green","EndocardialCells","1600027N09Rik",0.545614854724484
"Cml1_Fibroblasts","green","Fibroblasts","Cml1",0.544446434678769
"Rbbp8_EndothelialCells","green","EndothelialCells","Rbbp8",0.543759700396682
"Gfra4_Fibroblasts","green","Fibroblasts","Gfra4",0.543034061068023
"Syk_Fibroblasts","green","Fibroblasts","Syk",0.541609885948303
"H2afx_Leukocytes","green","Leukocytes","H2afx",0.540975882647896
"Xrcc6_Leukocytes","green","Leukocytes","Xrcc6",0.540858261279357
"Pde7a_EndothelialCells","green","EndothelialCells","Pde7a",0.540622697657078
"Mir16-1_EndothelialCells","green","EndothelialCells","Mir16-1",0.540351798133218
"Fancl_Fibroblasts","green","Fibroblasts","Fancl",0.53889832148818
"Baiap2l1_Fibroblasts","green","Fibroblasts","Baiap2l1",0.537812543473337
"1110034A24Rik_EndocardialCells","green","EndocardialCells","1110034A24Rik",0.537466556353106
"Fcho1_Leukocytes","green","Leukocytes","Fcho1",0.537016603220594
"Kcnn3_Fibroblasts","green","Fibroblasts","Kcnn3",0.536397588397502
"Malt1_Fibroblasts","green","Fibroblasts","Malt1",0.535971702246781
"Zfyve9_EndothelialCells","green","EndothelialCells","Zfyve9",0.535602616918287
"Cenpk_Leukocytes","green","Leukocytes","Cenpk",0.53429861400384
"Tdrd9_Leukocytes","green","Leukocytes","Tdrd9",0.534222997229057
"Srxn1_SmoothMuscleCells","green","SmoothMuscleCells","Srxn1",0.533816095409326
"Hunk_Fibroblasts","green","Fibroblasts","Hunk",0.533703234723732
"Hmgcs1_EndocardialCells","green","EndocardialCells","Hmgcs1",0.533361575705606
"1110006O24Rik_Fibroblasts","green","Fibroblasts","1110006O24Rik",0.532102749086672
"Gmps_Leukocytes","green","Leukocytes","Gmps",0.531951326398846
"Fam107b_Leukocytes","green","Leukocytes","Fam107b",0.53133063705522
"2610020H08Rik_Fibroblasts","green","Fibroblasts","2610020H08Rik",0.529482733704779
"Fads2_EndothelialCells","green","EndothelialCells","Fads2",0.528436272180258
"D2Ertd750e_Leukocytes","green","Leukocytes","D2Ertd750e",0.527293138497949
"Slc7a1_EndothelialCells","green","EndothelialCells","Slc7a1",0.526381393752363
"Mre11a_Fibroblasts","green","Fibroblasts","Mre11a",0.524358328647537
"Cdca2_Leukocytes","green","Leukocytes","Cdca2",0.524047186627682
"Arrdc1_EndocardialCells","green","EndocardialCells","Arrdc1",0.523517042982458
"Ccnk_SmoothMuscleCells","green","SmoothMuscleCells","Ccnk",0.523503054632365
"Unc45a_Leukocytes","green","Leukocytes","Unc45a",0.521466133909518
"Aldoc_Leukocytes","green","Leukocytes","Aldoc",0.521446034697852
"Bcl11a_Leukocytes","green","Leukocytes","Bcl11a",0.520216860716946
"Srebf2_Leukocytes","green","Leukocytes","Srebf2",0.519980254799746
"Sfn_Fibroblasts","green","Fibroblasts","Sfn",0.519807295048282
"1810021B22Rik_EndocardialCells","green","EndocardialCells","1810021B22Rik",0.519269136706509
"4833403I15Rik_Fibroblasts","green","Fibroblasts","4833403I15Rik",0.519125332443534
"Pfkp_Myocytes","greenyellow","Myocytes","Pfkp",0.841088668870331
"Ifngr1_Myocytes","greenyellow","Myocytes","Ifngr1",0.83410382953954
"Ddost_Myocytes","greenyellow","Myocytes","Ddost",0.814835815120718
"Pak2_Myocytes","greenyellow","Myocytes","Pak2",0.801681170147639
"Mynn_Myocytes","greenyellow","Myocytes","Mynn",0.800254038621893
"Tcerg1_Myocytes","greenyellow","Myocytes","Tcerg1",0.798529935909699
"Slc31a1_Myocytes","greenyellow","Myocytes","Slc31a1",0.796908010841483
"Atxn1l_Myocytes","greenyellow","Myocytes","Atxn1l",0.792898768183654
"Lrrc58_Myocytes","greenyellow","Myocytes","Lrrc58",0.792472144190097
"Nup214_Myocytes","greenyellow","Myocytes","Nup214",0.791889205489492
"Vkorc1_Myocytes","greenyellow","Myocytes","Vkorc1",0.786710174917624
"Jak1_Myocytes","greenyellow","Myocytes","Jak1",0.777618585186665
"Ppib_Myocytes","greenyellow","Myocytes","Ppib",0.77378203373644
"Slc29a1_Myocytes","greenyellow","Myocytes","Slc29a1",0.772197619902287
"Arpc5_Myocytes","greenyellow","Myocytes","Arpc5",0.77127413844849
"Arcn1_Myocytes","greenyellow","Myocytes","Arcn1",0.768163342975706
"Qrich1_Myocytes","greenyellow","Myocytes","Qrich1",0.766055746508476
"Sparcl1_Myocytes","greenyellow","Myocytes","Sparcl1",0.764796470683609
"Itm2b_Myocytes","greenyellow","Myocytes","Itm2b",0.763544860632064
"Mll5_Myocytes","greenyellow","Myocytes","Mll5",0.758498784723668
"Ddit4l_SmoothMuscleCells","greenyellow","SmoothMuscleCells","Ddit4l",0.757441884735978
"Dhx38_Myocytes","greenyellow","Myocytes","Dhx38",0.753450200702032
"Ccdc28a_Myocytes","greenyellow","Myocytes","Ccdc28a",0.7516335572824
"Abhd6_EndocardialCells","greenyellow","EndocardialCells","Abhd6",0.750777125570034
"Gstt2_Myocytes","greenyellow","Myocytes","Gstt2",0.750102891214465
"Pdia6_Myocytes","greenyellow","Myocytes","Pdia6",0.747204723511769
"Zranb1_Myocytes","greenyellow","Myocytes","Zranb1",0.747022994351431
"Reep3_Myocytes","greenyellow","Myocytes","Reep3",0.745525159020467
"Smpdl3a_Myocytes","greenyellow","Myocytes","Smpdl3a",0.744313150887102
"Txndc5_SmoothMuscleCells","greenyellow","SmoothMuscleCells","Txndc5",0.743075658777088
"S100a16_Myocytes","greenyellow","Myocytes","S100a16",0.741688739632905
"2900076A07Rik_Myocytes","greenyellow","Myocytes","2900076A07Rik",0.735271340308619
"Dnm2_Myocytes","greenyellow","Myocytes","Dnm2",0.734920863465634
"Ckap4_Myocytes","greenyellow","Myocytes","Ckap4",0.733773392696652
"Pgpep1_Myocytes","greenyellow","Myocytes","Pgpep1",0.732577120274841
"Btbd6_Myocytes","greenyellow","Myocytes","Btbd6",0.730779978021128
"Phf7_Myocytes","greenyellow","Myocytes","Phf7",0.726486098134058
"Secisbp2l_Myocytes","greenyellow","Myocytes","Secisbp2l",0.724507657363344
"Hexb_Myocytes","greenyellow","Myocytes","Hexb",0.723847050280611
"Ccdc91_Myocytes","greenyellow","Myocytes","Ccdc91",0.722653623588876
"Avpi1_Myocytes","greenyellow","Myocytes","Avpi1",0.722221319257742
"Zmpste24_Myocytes","greenyellow","Myocytes","Zmpste24",0.721078342251449
"Mis12_Myocytes","greenyellow","Myocytes","Mis12",0.718550900927008
"Nfe2l2_Myocytes","greenyellow","Myocytes","Nfe2l2",0.716796633022407
"Epb4.1_EndocardialCells","greenyellow","EndocardialCells","Epb4.1",0.716683589934286
"Alkbh6_Myocytes","greenyellow","Myocytes","Alkbh6",0.715975598629388
"Pom121_Myocytes","greenyellow","Myocytes","Pom121",0.714220859796461
"C2cd3_Myocytes","greenyellow","Myocytes","C2cd3",0.713222833416243
"Nuak1_Myocytes","greenyellow","Myocytes","Nuak1",0.71085430661917
"Nrxn2_Myocytes","greenyellow","Myocytes","Nrxn2",0.710756730202046
"Man2b2_Myocytes","greenyellow","Myocytes","Man2b2",0.709605485670844
"Chmp3_Myocytes","greenyellow","Myocytes","Chmp3",0.704646066031247
"1190005F20Rik_Myocytes","greenyellow","Myocytes","1190005F20Rik",0.704139247743585
"Hps3_Myocytes","greenyellow","Myocytes","Hps3",0.703177638217555
"Actb_Myocytes","greenyellow","Myocytes","Actb",0.701597180634402
"Chchd10_SmoothMuscleCells","greenyellow","SmoothMuscleCells","Chchd10",0.701562938362482
"Ddo_Myocytes","greenyellow","Myocytes","Ddo",0.70098513349534
"Lpar5_Leukocytes","greenyellow","Leukocytes","Lpar5",0.699940634955586
"Tmem165_Myocytes","greenyellow","Myocytes","Tmem165",0.69891035552239
"Poc5_Myocytes","greenyellow","Myocytes","Poc5",0.697089328541304
"H13_Myocytes","greenyellow","Myocytes","H13",0.696761709214197
"Lysmd4_Myocytes","greenyellow","Myocytes","Lysmd4",0.69675436456388
"Cnn2_Myocytes","greenyellow","Myocytes","Cnn2",0.696279971503941
"Lactb2_Myocytes","greenyellow","Myocytes","Lactb2",0.695503132327711
"2310046O06Rik_Myocytes","greenyellow","Myocytes","2310046O06Rik",0.694421360767628
"Mrpl39_Myocytes","greenyellow","Myocytes","Mrpl39",0.694112964852431
"Tspan4_Myocytes","greenyellow","Myocytes","Tspan4",0.693520748362957
"Fam86_Myocytes","greenyellow","Myocytes","Fam86",0.692507451125068
"Pxmp3_Myocytes","greenyellow","Myocytes","Pxmp3",0.691477060116331
"Fzd4_Myocytes","greenyellow","Myocytes","Fzd4",0.690801646262766
"2810474O19Rik_Myocytes","greenyellow","Myocytes","2810474O19Rik",0.690630482619487
"Mknk2_Myocytes","greenyellow","Myocytes","Mknk2",0.687682901909354
"Ndfip1_Myocytes","greenyellow","Myocytes","Ndfip1",0.686403578550882
"Lrch1_Myocytes","greenyellow","Myocytes","Lrch1",0.684703137727997
"Rel_EndocardialCells","greenyellow","EndocardialCells","Rel",0.684698421575531
"Mfhas1_Myocytes","greenyellow","Myocytes","Mfhas1",0.683007444051604
"Mtpn_Myocytes","greenyellow","Myocytes","Mtpn",0.680316759965801
"Actr2_Myocytes","greenyellow","Myocytes","Actr2",0.676607916353351
"Pomt2_Myocytes","greenyellow","Myocytes","Pomt2",0.675835186457939
"C030034I22Rik_Myocytes","greenyellow","Myocytes","C030034I22Rik",0.674139469611332
"Anxa5_Myocytes","greenyellow","Myocytes","Anxa5",0.674043558648158
"Tbk1_Myocytes","greenyellow","Myocytes","Tbk1",0.672014121022207
"Orc3_Leukocytes","greenyellow","Leukocytes","Orc3",0.670205450353727
"Ctsz_Myocytes","greenyellow","Myocytes","Ctsz",0.669781612597571
"Bace1_Leukocytes","greenyellow","Leukocytes","Bace1",0.668916556101069
"Fuz_Myocytes","greenyellow","Myocytes","Fuz",0.668541246978046
"Zfp36l1_Myocytes","greenyellow","Myocytes","Zfp36l1",0.66824755658836
"Rras_Myocytes","greenyellow","Myocytes","Rras",0.66633150480003
"Pcmtd2_Myocytes","greenyellow","Myocytes","Pcmtd2",0.664773171149955
"Aatf_Myocytes","greenyellow","Myocytes","Aatf",0.663375889530582
"2610039C10Rik_Myocytes","greenyellow","Myocytes","2610039C10Rik",0.662085575551855
"Fermt2_Myocytes","greenyellow","Myocytes","Fermt2",0.661358417889902
"Sod3_Myocytes","greenyellow","Myocytes","Sod3",0.659363430035885
"Fgd3_Leukocytes","greenyellow","Leukocytes","Fgd3",0.658897593336194
"Cks1b_Myocytes","greenyellow","Myocytes","Cks1b",0.658578245534574
"Map2k1_Myocytes","greenyellow","Myocytes","Map2k1",0.657369678374217
"Amdhd2_Myocytes","greenyellow","Myocytes","Amdhd2",0.65663672927801
"Il16_Leukocytes","greenyellow","Leukocytes","Il16",0.655836474691847
"Smarcc1_Myocytes","greenyellow","Myocytes","Smarcc1",0.655659714612952
"Lrrc42_Myocytes","greenyellow","Myocytes","Lrrc42",0.655047894288771
"Zbtb1_Myocytes","greenyellow","Myocytes","Zbtb1",0.653650976658515
"Dnm1l_Myocytes","greenyellow","Myocytes","Dnm1l",0.652135888601598
"Tmed4_Myocytes","greenyellow","Myocytes","Tmed4",0.651678891600265
"Stk24_Myocytes","greenyellow","Myocytes","Stk24",0.646638530608741
"Rcc2_Myocytes","greenyellow","Myocytes","Rcc2",0.646024566624423
"Loxl1_Myocytes","greenyellow","Myocytes","Loxl1",0.645193880776293
"G6pdx_Myocytes","greenyellow","Myocytes","G6pdx",0.64491796822994
"Xpo7_Myocytes","greenyellow","Myocytes","Xpo7",0.644774957741752
"Cmtm6_Myocytes","greenyellow","Myocytes","Cmtm6",0.644444120826877
"Ppp2r5d_Myocytes","greenyellow","Myocytes","Ppp2r5d",0.643187048249692
"Serpinf1_Myocytes","greenyellow","Myocytes","Serpinf1",0.641357959118978
"Mpp7_Myocytes","greenyellow","Myocytes","Mpp7",0.640620934544329
"Gnb4_Myocytes","greenyellow","Myocytes","Gnb4",0.640393940029704
"Mesdc2_Myocytes","greenyellow","Myocytes","Mesdc2",0.639171320113915
"Chrnb1_Myocytes","greenyellow","Myocytes","Chrnb1",0.635696634554578
"Tpra1_Myocytes","greenyellow","Myocytes","Tpra1",0.63533799091205
"1110059G10Rik_Myocytes","greenyellow","Myocytes","1110059G10Rik",0.63474237300842
"Zfp329_Myocytes","greenyellow","Myocytes","Zfp329",0.634305741977387
"Myadm_Myocytes","greenyellow","Myocytes","Myadm",0.631813083410804
"Ssr1_Myocytes","greenyellow","Myocytes","Ssr1",0.63039267065257
"Plaa_Myocytes","greenyellow","Myocytes","Plaa",0.630353283640526
"Zfp667_Myocytes","greenyellow","Myocytes","Zfp667",0.628500555669035
"Tubb2a_Myocytes","greenyellow","Myocytes","Tubb2a",0.62790500152038
"D19Wsu162e_Myocytes","greenyellow","Myocytes","D19Wsu162e",0.627015523002697
"Tgfbr2_Myocytes","greenyellow","Myocytes","Tgfbr2",0.626219762487319
"Sdad1_Myocytes","greenyellow","Myocytes","Sdad1",0.624590393880318
"Ehd2_Myocytes","greenyellow","Myocytes","Ehd2",0.624485290849257
"Slc16a3_Fibroblasts","greenyellow","Fibroblasts","Slc16a3",0.623398232106171
"Clptm1_Myocytes","greenyellow","Myocytes","Clptm1",0.623083042956988
"Nvl_Myocytes","greenyellow","Myocytes","Nvl",0.620923291713321
"Arl6ip6_Myocytes","greenyellow","Myocytes","Arl6ip6",0.620311056817496
"Med20_Myocytes","greenyellow","Myocytes","Med20",0.61985005081415
"Dynlt1b_Myocytes","greenyellow","Myocytes","Dynlt1b",0.619820955251046
"9430020K01Rik_Myocytes","greenyellow","Myocytes","9430020K01Rik",0.61716878389173
"Lta4h_Myocytes","greenyellow","Myocytes","Lta4h",0.616881777333065
"Gripap1_Myocytes","greenyellow","Myocytes","Gripap1",0.616719846090763
"Arpc1b_Myocytes","greenyellow","Myocytes","Arpc1b",0.615618817013678
"Pitpna_Myocytes","greenyellow","Myocytes","Pitpna",0.614912621863818
"Cd3eap_Myocytes","greenyellow","Myocytes","Cd3eap",0.613066525410819
"Dad1_EndocardialCells","greenyellow","EndocardialCells","Dad1",0.613017819848405
"Thoc5_Myocytes","greenyellow","Myocytes","Thoc5",0.612920783874987
"Cdc42ep3_Myocytes","greenyellow","Myocytes","Cdc42ep3",0.61249024581666
"E130307A14Rik_Myocytes","greenyellow","Myocytes","E130307A14Rik",0.612486743377832
"Hspa13_Myocytes","greenyellow","Myocytes","Hspa13",0.612198765200008
"Cgnl1_Myocytes","greenyellow","Myocytes","Cgnl1",0.612035971975941
"BC003965_Myocytes","greenyellow","Myocytes","BC003965",0.61197460756754
"Med6_Myocytes","greenyellow","Myocytes","Med6",0.610589269119322
"H2-K1_Myocytes","greenyellow","Myocytes","H2-K1",0.610584278606373
"D630045J12Rik_Myocytes","greenyellow","Myocytes","D630045J12Rik",0.6099707033246
"Cpsf1_Myocytes","greenyellow","Myocytes","Cpsf1",0.609950204888796
"Magt1_Myocytes","greenyellow","Myocytes","Magt1",0.60859251598678
"Phyh_SmoothMuscleCells","greenyellow","SmoothMuscleCells","Phyh",0.607746286673697
"Megf11_Leukocytes","greenyellow","Leukocytes","Megf11",0.606383422459377
"Paxip1_Myocytes","greenyellow","Myocytes","Paxip1",0.606219335343729
"Nsun5_Myocytes","greenyellow","Myocytes","Nsun5",0.606152769395309
"Rcsd1_Myocytes","greenyellow","Myocytes","Rcsd1",0.606105289472533
"Zfp143_Myocytes","greenyellow","Myocytes","Zfp143",0.604447284409622
"Pcdhga11_Fibroblasts","greenyellow","Fibroblasts","Pcdhga11",0.604213991663919
"Fzd1_Myocytes","greenyellow","Myocytes","Fzd1",0.603814521295825
"Nedd1_Myocytes","greenyellow","Myocytes","Nedd1",0.603425234711329
"Pold3_EndocardialCells","greenyellow","EndocardialCells","Pold3",0.602888906174546
"Ssx2ip_Myocytes","greenyellow","Myocytes","Ssx2ip",0.602691069393708
"Rnf125_EndocardialCells","greenyellow","EndocardialCells","Rnf125",0.602329793891948
"Tkt_Myocytes","greenyellow","Myocytes","Tkt",0.600160046866583
"Ipo13_Myocytes","greenyellow","Myocytes","Ipo13",0.598732924715153
"Ngdn_Myocytes","greenyellow","Myocytes","Ngdn",0.597355121839876
"Eif3b_Myocytes","greenyellow","Myocytes","Eif3b",0.597320612174501
"Nipa2_Myocytes","grey60","Myocytes","Nipa2",0.976444366429391
"Ergic2_Myocytes","grey60","Myocytes","Ergic2",0.957168623373378
"Ubr4_Myocytes","grey60","Myocytes","Ubr4",0.949692777026474
"Acad9_Myocytes","grey60","Myocytes","Acad9",0.948459252336506
"Cldn25_Myocytes","grey60","Myocytes","Cldn25",0.947244727719299
"Asb10_Myocytes","grey60","Myocytes","Asb10",0.94584906502999
"Scfd1_Myocytes","grey60","Myocytes","Scfd1",0.94095563017097
"Atg13_Myocytes","grey60","Myocytes","Atg13",0.939624583624052
"Slc25a13_Myocytes","grey60","Myocytes","Slc25a13",0.931755006835157
"Pdzrn4_Myocytes","grey60","Myocytes","Pdzrn4",0.929708819077862
"Ube4a_Myocytes","grey60","Myocytes","Ube4a",0.926650047690626
"Syne1_Myocytes","grey60","Myocytes","Syne1",0.923450126045701
"Rnf166_Myocytes","grey60","Myocytes","Rnf166",0.922122350054604
"Mtx1_Myocytes","grey60","Myocytes","Mtx1",0.921515417202292
"Polr2b_Myocytes","grey60","Myocytes","Polr2b",0.919453601780776
"Lman2_Myocytes","grey60","Myocytes","Lman2",0.918566146297831
"Hdac3_Myocytes","grey60","Myocytes","Hdac3",0.916533730703248
"Csgalnact2_Myocytes","grey60","Myocytes","Csgalnact2",0.91327804010844
"Ift27_Myocytes","grey60","Myocytes","Ift27",0.91298400341509
"Metap1_Myocytes","grey60","Myocytes","Metap1",0.910655869729216
"Fam76a_Myocytes","grey60","Myocytes","Fam76a",0.907624637326339
"Chmp6_Myocytes","grey60","Myocytes","Chmp6",0.904613407335211
"Rnf113a2_Myocytes","grey60","Myocytes","Rnf113a2",0.903601501850551
"Utp6_Myocytes","grey60","Myocytes","Utp6",0.902256668717462
"Terf2ip_Myocytes","grey60","Myocytes","Terf2ip",0.901768011995035
"Eif2b2_Myocytes","grey60","Myocytes","Eif2b2",0.901549393793179
"Rnf4_Myocytes","grey60","Myocytes","Rnf4",0.90065376597536
"Med22_Myocytes","grey60","Myocytes","Med22",0.898973306556921
"Prrc2a_Myocytes","grey60","Myocytes","Prrc2a",0.898765297162275
"Rab11a_Myocytes","grey60","Myocytes","Rab11a",0.898312482580508
"Ctsf_Myocytes","grey60","Myocytes","Ctsf",0.897973629286205
"Ttc19_Myocytes","grey60","Myocytes","Ttc19",0.897323305676209
"4632411B12Rik_Myocytes","grey60","Myocytes","4632411B12Rik",0.89698625919946
"Acad12_Myocytes","grey60","Myocytes","Acad12",0.896658787726559
"1110018G07Rik_Myocytes","grey60","Myocytes","1110018G07Rik",0.896513067169128
"Ulk3_Myocytes","grey60","Myocytes","Ulk3",0.892421851348353
"Gtf3c1_Myocytes","grey60","Myocytes","Gtf3c1",0.892297741978957
"Kcnj12_Myocytes","grey60","Myocytes","Kcnj12",0.892279800389263
"Sh3glb2_Myocytes","grey60","Myocytes","Sh3glb2",0.890970344349436
"Rnf8_Myocytes","grey60","Myocytes","Rnf8",0.89051444934021
"Snx14_Myocytes","grey60","Myocytes","Snx14",0.888422686408059
"Tbl1xr1_Myocytes","grey60","Myocytes","Tbl1xr1",0.888292489880515
"Nnt_Myocytes","grey60","Myocytes","Nnt",0.887301003560224
"Hars2_Myocytes","grey60","Myocytes","Hars2",0.886800301538971
"Fam78a_Myocytes","grey60","Myocytes","Fam78a",0.88313307679282
"Hgs_Myocytes","grey60","Myocytes","Hgs",0.881403695608061
"Cpsf3l_Myocytes","grey60","Myocytes","Cpsf3l",0.879839724261385
"Dnajc11_Myocytes","grey60","Myocytes","Dnajc11",0.879672760367525
"Safb_Myocytes","grey60","Myocytes","Safb",0.879351370141829
"1110020G09Rik_Myocytes","grey60","Myocytes","1110020G09Rik",0.879319453723925
"Ccdc130_Myocytes","grey60","Myocytes","Ccdc130",0.878845083171567
"Akap1_Myocytes","grey60","Myocytes","Akap1",0.878453347782395
"Rab33b_Myocytes","grey60","Myocytes","Rab33b",0.875633161276579
"Mmaa_Myocytes","grey60","Myocytes","Mmaa",0.875599890175693
"Smarca4_Myocytes","grey60","Myocytes","Smarca4",0.875007713741022
"Slc7a7_Myocytes","grey60","Myocytes","Slc7a7",0.875000492936755
"Usp20_Myocytes","grey60","Myocytes","Usp20",0.874743687193943
"Mif4gd_Myocytes","grey60","Myocytes","Mif4gd",0.873654430137522
"Trak2_Myocytes","grey60","Myocytes","Trak2",0.873650053938988
"Usp9x_Myocytes","grey60","Myocytes","Usp9x",0.87357940326691
"Ormdl3_Myocytes","grey60","Myocytes","Ormdl3",0.87233746195024
"Snx13_Myocytes","grey60","Myocytes","Snx13",0.872074366393846
"Rnf167_Myocytes","grey60","Myocytes","Rnf167",0.870428862915215
"Mbtps1_Myocytes","grey60","Myocytes","Mbtps1",0.870226296307624
"Slc37a1_Myocytes","grey60","Myocytes","Slc37a1",0.868580744572723
"Nqo2_Myocytes","grey60","Myocytes","Nqo2",0.868459180819225
"Tnfaip1_Myocytes","grey60","Myocytes","Tnfaip1",0.868142541754271
"Gpc4_Myocytes","grey60","Myocytes","Gpc4",0.867456875319878
"Aldh4a1_Myocytes","grey60","Myocytes","Aldh4a1",0.866626311591276
"Ephx2_Myocytes","grey60","Myocytes","Ephx2",0.866507152027516
"1110028C15Rik_Myocytes","grey60","Myocytes","1110028C15Rik",0.866349798715767
"Chpf_Myocytes","grey60","Myocytes","Chpf",0.866337997919919
"Zfp410_Myocytes","grey60","Myocytes","Zfp410",0.86599613255679
"Slc7a1_Myocytes","grey60","Myocytes","Slc7a1",0.865802321171874
"Ptdss2_Myocytes","grey60","Myocytes","Ptdss2",0.863657917817661
"Asxl1_Myocytes","grey60","Myocytes","Asxl1",0.863508768914023
"Gatad2a_Myocytes","grey60","Myocytes","Gatad2a",0.863447136202185
"Dut_Myocytes","grey60","Myocytes","Dut",0.86302374126653
"Dcun1d2_Myocytes","grey60","Myocytes","Dcun1d2",0.861916452428515
"Prr14_Myocytes","grey60","Myocytes","Prr14",0.861725642558899
"Fam160b1_Myocytes","grey60","Myocytes","Fam160b1",0.860898578849753
"Zkscan3_Myocytes","grey60","Myocytes","Zkscan3",0.860781491066825
"Ngrn_Myocytes","grey60","Myocytes","Ngrn",0.860531513753724
"Tnfrsf1a_Myocytes","grey60","Myocytes","Tnfrsf1a",0.859814207966047
"Arfrp1_Myocytes","grey60","Myocytes","Arfrp1",0.858277048030066
"Ap4b1_Myocytes","grey60","Myocytes","Ap4b1",0.858198752273766
"Mfsd5_Myocytes","grey60","Myocytes","Mfsd5",0.856958726502521
"Gcn1l1_Myocytes","grey60","Myocytes","Gcn1l1",0.856934379797893
"Elp4_Myocytes","grey60","Myocytes","Elp4",0.856483576528275
"Hif1a_Myocytes","grey60","Myocytes","Hif1a",0.85638705002126
"Ddr1_Myocytes","grey60","Myocytes","Ddr1",0.855792764263137
"Rangap1_Myocytes","grey60","Myocytes","Rangap1",0.855272780515517
"Rpap3_Myocytes","grey60","Myocytes","Rpap3",0.85446542246428
"Mta2_Myocytes","grey60","Myocytes","Mta2",0.853689998933996
"Isyna1_Myocytes","grey60","Myocytes","Isyna1",0.853490287415726
"P4htm_Myocytes","grey60","Myocytes","P4htm",0.8525356053048
"Tmem185b_Myocytes","grey60","Myocytes","Tmem185b",0.852003088905603
"Mrps17_Myocytes","grey60","Myocytes","Mrps17",0.851770302178238
"Ggnbp2_Myocytes","grey60","Myocytes","Ggnbp2",0.850533552145979
"Add3_SmoothMuscleCells","lightcyan","SmoothMuscleCells","Add3",0.759675907139419
"Abca1_EndocardialCells","lightcyan","EndocardialCells","Abca1",0.751980973473931
"Tmsb10_Myocytes","lightcyan","Myocytes","Tmsb10",0.750018242002652
"4833419F23Rik_EndothelialCells","lightcyan","EndothelialCells","4833419F23Rik",0.746499661788502
"Xdh_SmoothMuscleCells","lightcyan","SmoothMuscleCells","Xdh",0.738015231426699
"Pfkm_Myocytes","lightcyan","Myocytes","Pfkm",0.73769416170676
"Idh3a_Myocytes","lightcyan","Myocytes","Idh3a",0.730588132263052
"Cp_SmoothMuscleCells","lightcyan","SmoothMuscleCells","Cp",0.723047431250866
"P2rx4_SmoothMuscleCells","lightcyan","SmoothMuscleCells","P2rx4",0.71581827786684
"Dtx3_SmoothMuscleCells","lightcyan","SmoothMuscleCells","Dtx3",0.71489528778775
"Lrig1_EndocardialCells","lightcyan","EndocardialCells","Lrig1",0.7132035482221
"Mgp_Myocytes","lightcyan","Myocytes","Mgp",0.703767780249441
"Git1_EndocardialCells","lightcyan","EndocardialCells","Git1",0.700616417082861
"Rbms2_EndocardialCells","lightcyan","EndocardialCells","Rbms2",0.697801505287859
"Tulp3_EndothelialCells","lightcyan","EndothelialCells","Tulp3",0.697143234787942
"Tmem204_Leukocytes","lightcyan","Leukocytes","Tmem204",0.694665233183675
"Ncln_SmoothMuscleCells","lightcyan","SmoothMuscleCells","Ncln",0.689196427331609
"Aox1_EndocardialCells","lightcyan","EndocardialCells","Aox1",0.687211350785139
"Igbp1_EndothelialCells","lightcyan","EndothelialCells","Igbp1",0.68094995627164
"Fxyd6_Leukocytes","lightcyan","Leukocytes","Fxyd6",0.677513772411239
"Ccdc68_SmoothMuscleCells","lightcyan","SmoothMuscleCells","Ccdc68",0.673709487910988
"Rnf14_EndocardialCells","lightcyan","EndocardialCells","Rnf14",0.668773106077057
"Nde1_SmoothMuscleCells","lightcyan","SmoothMuscleCells","Nde1",0.668009142799335
"Rab3d_SmoothMuscleCells","lightcyan","SmoothMuscleCells","Rab3d",0.666282726831293
"Meis1_SmoothMuscleCells","lightcyan","SmoothMuscleCells","Meis1",0.664435614007042
"Tspan31_SmoothMuscleCells","lightcyan","SmoothMuscleCells","Tspan31",0.663370991366229
"Leo1_EndothelialCells","lightcyan","EndothelialCells","Leo1",0.658338772877544
"Tmem168_EndocardialCells","lightcyan","EndocardialCells","Tmem168",0.656337864142937
"Cisd3_SmoothMuscleCells","lightcyan","SmoothMuscleCells","Cisd3",0.656145021839477
"Yes1_EndocardialCells","lightcyan","EndocardialCells","Yes1",0.655873847021664
"Syde1_EndocardialCells","lightcyan","EndocardialCells","Syde1",0.654497790090704
"Coq9_Myocytes","lightcyan","Myocytes","Coq9",0.653144675477148
"Ddah2_Leukocytes","lightcyan","Leukocytes","Ddah2",0.652886648106484
"Htra3_Leukocytes","lightcyan","Leukocytes","Htra3",0.652406785562803
"Cryz_Leukocytes","lightcyan","Leukocytes","Cryz",0.65211644258476
"Nedd9_Leukocytes","lightcyan","Leukocytes","Nedd9",0.648999261131181
"Il6st_EndocardialCells","lightcyan","EndocardialCells","Il6st",0.648839636751788
"Bgn_Leukocytes","lightcyan","Leukocytes","Bgn",0.647405502543849
"6330408A02Rik_EndothelialCells","lightcyan","EndothelialCells","6330408A02Rik",0.645189620586062
"Ap2a1_SmoothMuscleCells","lightcyan","SmoothMuscleCells","Ap2a1",0.645150072675208
"Zfp422_SmoothMuscleCells","lightcyan","SmoothMuscleCells","Zfp422",0.643015149037302
"Meox1_Leukocytes","lightcyan","Leukocytes","Meox1",0.642604618456864
"Ifi27l2a_SmoothMuscleCells","lightcyan","SmoothMuscleCells","Ifi27l2a",0.639463137323554
"Fbln2_Leukocytes","lightcyan","Leukocytes","Fbln2",0.638784233031872
"Folr2_Fibroblasts","lightcyan","Fibroblasts","Folr2",0.637652744958649
"Akap7_EndocardialCells","lightcyan","EndocardialCells","Akap7",0.634727406104928
"Fam58b_SmoothMuscleCells","lightcyan","SmoothMuscleCells","Fam58b",0.633496222102166
"Pcp4l1_Leukocytes","lightcyan","Leukocytes","Pcp4l1",0.63192480124064
"Ptcd3_SmoothMuscleCells","lightcyan","SmoothMuscleCells","Ptcd3",0.628151935868532
"Aida_SmoothMuscleCells","lightcyan","SmoothMuscleCells","Aida",0.628035787776087
"Triap1_SmoothMuscleCells","lightcyan","SmoothMuscleCells","Triap1",0.626403770043389
"H2-Eb1_SmoothMuscleCells","lightcyan","SmoothMuscleCells","H2-Eb1",0.622910829508111
"8430408G22Rik_SmoothMuscleCells","lightcyan","SmoothMuscleCells","8430408G22Rik",0.622553419780733
"Tsnax_SmoothMuscleCells","lightcyan","SmoothMuscleCells","Tsnax",0.622301816295996
"Cdc42ep4_EndocardialCells","lightcyan","EndocardialCells","Cdc42ep4",0.620338516290506
"Ing4_EndocardialCells","lightcyan","EndocardialCells","Ing4",0.618806495865669
"Mpp2_Fibroblasts","lightcyan","Fibroblasts","Mpp2",0.616490903520217
"Numbl_EndothelialCells","lightcyan","EndothelialCells","Numbl",0.616277654167452
"Arl8a_SmoothMuscleCells","lightcyan","SmoothMuscleCells","Arl8a",0.614031261586907
"C530008M17Rik_Myocytes","lightcyan","Myocytes","C530008M17Rik",0.612845877114968
"Ppp1r37_EndocardialCells","lightcyan","EndocardialCells","Ppp1r37",0.611923924024219
"Epb4.1l2_EndocardialCells","lightcyan","EndocardialCells","Epb4.1l2",0.611156552126209
"Dpt_Leukocytes","lightcyan","Leukocytes","Dpt",0.610080587543591
"Uba5_EndocardialCells","lightcyan","EndocardialCells","Uba5",0.609446298542069
"AI661453_EndothelialCells","lightcyan","EndothelialCells","AI661453",0.608407220720966
"Beta-s_SmoothMuscleCells","lightcyan","SmoothMuscleCells","Beta-s",0.607751436258471
"Plagl1_EndocardialCells","lightcyan","EndocardialCells","Plagl1",0.606338155071976
"Stmn3_EndothelialCells","lightcyan","EndothelialCells","Stmn3",0.603897692049692
"9130401M01Rik_SmoothMuscleCells","lightcyan","SmoothMuscleCells","9130401M01Rik",0.601872933523522
"Hspb2_SmoothMuscleCells","lightcyan","SmoothMuscleCells","Hspb2",0.601629623211578
"1700029I01Rik_EndothelialCells","lightcyan","EndothelialCells","1700029I01Rik",0.598758146740362
"Dlc1_Leukocytes","lightcyan","Leukocytes","Dlc1",0.598446625273415
"Gsn_Myocytes","lightcyan","Myocytes","Gsn",0.598012337729174
"Tsc22d4_SmoothMuscleCells","lightcyan","SmoothMuscleCells","Tsc22d4",0.596086472177715
"Pdlim3_Leukocytes","lightcyan","Leukocytes","Pdlim3",0.594592703129682
"Csnk2a1_Myocytes","lightcyan","Myocytes","Csnk2a1",0.593581716590509
"Unc93b1_SmoothMuscleCells","lightcyan","SmoothMuscleCells","Unc93b1",0.591685398898177
"Srd5a3_SmoothMuscleCells","lightcyan","SmoothMuscleCells","Srd5a3",0.591641027452329
"Zfp781_EndothelialCells","lightcyan","EndothelialCells","Zfp781",0.591015009613611
"Egln1_SmoothMuscleCells","lightcyan","SmoothMuscleCells","Egln1",0.59083903580461
"Pgm5_EndocardialCells","lightcyan","EndocardialCells","Pgm5",0.589927881280703
"Dnajc4_EndocardialCells","lightcyan","EndocardialCells","Dnajc4",0.588516412927777
"Fbxl19_Fibroblasts","lightcyan","Fibroblasts","Fbxl19",0.587157724488476
"Tmem188_Myocytes","lightcyan","Myocytes","Tmem188",0.587070021397282
"BC020535_EndocardialCells","lightcyan","EndocardialCells","BC020535",0.585999313584901
"Efr3a_EndocardialCells","lightcyan","EndocardialCells","Efr3a",0.585657960062388
"Cfdp1_SmoothMuscleCells","lightcyan","SmoothMuscleCells","Cfdp1",0.5847837799972
"Gpr30_SmoothMuscleCells","lightcyan","SmoothMuscleCells","Gpr30",0.584158024848681
"Atf5_SmoothMuscleCells","lightcyan","SmoothMuscleCells","Atf5",0.583994191201594
"Cd93_EndocardialCells","lightcyan","EndocardialCells","Cd93",0.582187985085655
"Acat1_Myocytes","lightcyan","Myocytes","Acat1",0.581848458173501
"Tmem176a_SmoothMuscleCells","lightcyan","SmoothMuscleCells","Tmem176a",0.581605652052499
"Prkd2_Fibroblasts","lightcyan","Fibroblasts","Prkd2",0.581586770583353
"Tdp2_SmoothMuscleCells","lightcyan","SmoothMuscleCells","Tdp2",0.580588269570979
"Glt8d1_SmoothMuscleCells","lightcyan","SmoothMuscleCells","Glt8d1",0.580190971930714
"Dynlt3_SmoothMuscleCells","lightcyan","SmoothMuscleCells","Dynlt3",0.579858257444729
"Dock6_Leukocytes","lightcyan","Leukocytes","Dock6",0.57939682052437
"Efna5_EndothelialCells","lightcyan","EndothelialCells","Efna5",0.5776335734775
"Homer2_Fibroblasts","lightcyan","Fibroblasts","Homer2",0.577602429315398
"Camsap2_EndocardialCells","lightcyan","EndocardialCells","Camsap2",0.577569593964926
"Xpnpep1_EndocardialCells","lightcyan","EndocardialCells","Xpnpep1",0.577424798446995
"Rbx1_Myocytes","lightcyan","Myocytes","Rbx1",0.577409495973326
"H2-T10_EndothelialCells","lightcyan","EndothelialCells","H2-T10",0.577273666896198
"Pisd-ps3_SmoothMuscleCells","lightcyan","SmoothMuscleCells","Pisd-ps3",0.576964797968719
"Dexi_Leukocytes","lightcyan","Leukocytes","Dexi",0.57627705022728
"Nr2c2ap_SmoothMuscleCells","lightcyan","SmoothMuscleCells","Nr2c2ap",0.576026489514245
"S100a7a_Fibroblasts","lightgreen","Fibroblasts","S100a7a",0.849708933071588
"Lphn3_Fibroblasts","lightgreen","Fibroblasts","Lphn3",0.786699504584043
"Casp3_Fibroblasts","lightgreen","Fibroblasts","Casp3",0.776394958560194
"Styxl1_Fibroblasts","lightgreen","Fibroblasts","Styxl1",0.77376506280611
"Sec31b_Fibroblasts","lightgreen","Fibroblasts","Sec31b",0.76953012635959
"Xylb_Fibroblasts","lightgreen","Fibroblasts","Xylb",0.767511981209756
"Fn3krp_Fibroblasts","lightgreen","Fibroblasts","Fn3krp",0.766813945034275
"Rrm1_Fibroblasts","lightgreen","Fibroblasts","Rrm1",0.763329626884737
"Itpkc_Fibroblasts","lightgreen","Fibroblasts","Itpkc",0.761338488105987
"Gm9895_Fibroblasts","lightgreen","Fibroblasts","Gm9895",0.758345037251809
"Zfp169_Fibroblasts","lightgreen","Fibroblasts","Zfp169",0.752680386222004
"Sept7_EndothelialCells","lightgreen","EndothelialCells","Sept7",0.751223721678874
"Ptger1_EndocardialCells","lightgreen","EndocardialCells","Ptger1",0.738475775963624
"Qpctl_Fibroblasts","lightgreen","Fibroblasts","Qpctl",0.735117823469053
"Abi3_EndocardialCells","lightgreen","EndocardialCells","Abi3",0.73422556139822
"Ccne2_Fibroblasts","lightgreen","Fibroblasts","Ccne2",0.728345370545206
"Gins1_Fibroblasts","lightgreen","Fibroblasts","Gins1",0.709340152699978
"6720463M24Rik_Fibroblasts","lightgreen","Fibroblasts","6720463M24Rik",0.705454354582901
"Strbp_EndocardialCells","lightgreen","EndocardialCells","Strbp",0.703417155676932
"Slc26a6_Fibroblasts","lightgreen","Fibroblasts","Slc26a6",0.703203423112032
"Mfsd12_Fibroblasts","lightgreen","Fibroblasts","Mfsd12",0.701132753954058
"E130310I04Rik_EndothelialCells","lightgreen","EndothelialCells","E130310I04Rik",0.700753998499785
"Syt17_Fibroblasts","lightgreen","Fibroblasts","Syt17",0.688979209313734
"4930473A02Rik_Fibroblasts","lightgreen","Fibroblasts","4930473A02Rik",0.687979621059055
"Ikzf3_Leukocytes","lightgreen","Leukocytes","Ikzf3",0.679927309090224
"Mir145_Fibroblasts","lightgreen","Fibroblasts","Mir145",0.675353491761995
"8030462N17Rik_EndothelialCells","lightgreen","EndothelialCells","8030462N17Rik",0.675063411487842
"Nt5c3_EndocardialCells","lightgreen","EndocardialCells","Nt5c3",0.669335053232305
"Sdc1_EndocardialCells","lightgreen","EndocardialCells","Sdc1",0.664818986973015
"Zfp180_EndothelialCells","lightgreen","EndothelialCells","Zfp180",0.66349064208923
"Hpn_Leukocytes","lightgreen","Leukocytes","Hpn",0.661612611709098
"Cxcr3_Leukocytes","lightgreen","Leukocytes","Cxcr3",0.661387562841176
"D030047H15Rik_Fibroblasts","lightgreen","Fibroblasts","D030047H15Rik",0.654829479939301
"Dis3_Fibroblasts","lightgreen","Fibroblasts","Dis3",0.647808418319702
"Snord65_Fibroblasts","lightgreen","Fibroblasts","Snord65",0.640903275269027
"Disc1_Leukocytes","lightgreen","Leukocytes","Disc1",0.640271853445846
"Ulbp1_EndothelialCells","lightgreen","EndothelialCells","Ulbp1",0.639276235027651
"Glis3_Fibroblasts","lightgreen","Fibroblasts","Glis3",0.638336328653657
"D10Bwg1379e_Fibroblasts","lightgreen","Fibroblasts","D10Bwg1379e",0.637902047974715
"Susd2_Fibroblasts","lightgreen","Fibroblasts","Susd2",0.636389383719816
"Heca_Fibroblasts","lightgreen","Fibroblasts","Heca",0.633872380388684
"Pcdhb19_Fibroblasts","lightgreen","Fibroblasts","Pcdhb19",0.631739956894858
"Xpo5_EndothelialCells","lightgreen","EndothelialCells","Xpo5",0.625822735206765
"Il2_Fibroblasts","lightgreen","Fibroblasts","Il2",0.622372453169941
"Marveld2_Leukocytes","lightgreen","Leukocytes","Marveld2",0.61963051844531
"Disc1_EndothelialCells","lightgreen","EndothelialCells","Disc1",0.616600835814906
"Arhgap26_EndocardialCells","lightgreen","EndocardialCells","Arhgap26",0.61538257274953
"Clca2_Fibroblasts","lightgreen","Fibroblasts","Clca2",0.613373617508046
"1700008J07Rik_EndocardialCells","lightgreen","EndocardialCells","1700008J07Rik",0.613233575851326
"Fanci_Fibroblasts","lightgreen","Fibroblasts","Fanci",0.613227681046045
"Slc16a6_EndothelialCells","lightgreen","EndothelialCells","Slc16a6",0.610260072997307
"C1galt1_EndothelialCells","lightgreen","EndothelialCells","C1galt1",0.607594554298191
"Stox1_Fibroblasts","lightgreen","Fibroblasts","Stox1",0.606207581484446
"Ncl_EndocardialCells","lightgreen","EndocardialCells","Ncl",0.603895767092288
"Gm12505_Fibroblasts","lightgreen","Fibroblasts","Gm12505",0.60284766343827
"Scp2_EndocardialCells","lightgreen","EndocardialCells","Scp2",0.602378602787628
"Mir1191_Fibroblasts","lightgreen","Fibroblasts","Mir1191",0.599936674874329
"Rybp_Leukocytes","lightgreen","Leukocytes","Rybp",0.599671338026403
"Bmp6_Fibroblasts","lightgreen","Fibroblasts","Bmp6",0.597685186524792
"Irs2_Fibroblasts","lightgreen","Fibroblasts","Irs2",0.597442218444267
"B4galnt1_EndothelialCells","lightgreen","EndothelialCells","B4galnt1",0.594015092641492
"Thada_EndothelialCells","lightgreen","EndothelialCells","Thada",0.593292593324995
"Txn1_EndocardialCells","lightgreen","EndocardialCells","Txn1",0.593173620001158
"Trib1_EndocardialCells","lightgreen","EndocardialCells","Trib1",0.592962882189161
"Prrt1_EndocardialCells","lightgreen","EndocardialCells","Prrt1",0.591571881780389
"Zfp369_Fibroblasts","lightgreen","Fibroblasts","Zfp369",0.587931294648462
"4930590L20Rik_Fibroblasts","lightgreen","Fibroblasts","4930590L20Rik",0.587781869262457
"Slc25a37_EndocardialCells","lightgreen","EndocardialCells","Slc25a37",0.586608401459308
"Snord55_Fibroblasts","lightgreen","Fibroblasts","Snord55",0.583424399307103
"BC027231_Fibroblasts","lightgreen","Fibroblasts","BC027231",0.582173788503743
"Pycard_Fibroblasts","lightgreen","Fibroblasts","Pycard",0.582164688145249
"Map2k1_EndocardialCells","lightgreen","EndocardialCells","Map2k1",0.581734861475638
"Pdzk1_EndothelialCells","lightgreen","EndothelialCells","Pdzk1",0.581485873884353
"Nptxr_Fibroblasts","lightgreen","Fibroblasts","Nptxr",0.577503601965577
"Mir3960_Fibroblasts","lightgreen","Fibroblasts","Mir3960",0.5760053182803
"Ankrd13c_EndothelialCells","lightgreen","EndothelialCells","Ankrd13c",0.573774745439801
"Mcm3_Fibroblasts","lightgreen","Fibroblasts","Mcm3",0.572642206627843
"4930579G18Rik_EndothelialCells","lightgreen","EndothelialCells","4930579G18Rik",0.56999416535515
"Mcm2_EndothelialCells","lightgreen","EndothelialCells","Mcm2",0.56973529407194
"Naip2_EndothelialCells","lightgreen","EndothelialCells","Naip2",0.567770451570078
"Mad2l1_EndothelialCells","lightgreen","EndothelialCells","Mad2l1",0.567609988219178
"Degs1_EndocardialCells","lightgreen","EndocardialCells","Degs1",0.567551042281185
"Ipp_Leukocytes","lightgreen","Leukocytes","Ipp",0.567009926095869
"Pdlim4_EndocardialCells","lightgreen","EndocardialCells","Pdlim4",0.566309123364564
"Slc1a6_Fibroblasts","lightgreen","Fibroblasts","Slc1a6",0.56556688858462
"Sacs_EndothelialCells","lightgreen","EndothelialCells","Sacs",0.565370779490777
"Mef2d_EndocardialCells","lightgreen","EndocardialCells","Mef2d",0.564056075811548
"Mrpl53_EndothelialCells","lightyellow","EndothelialCells","Mrpl53",0.808845060046934
"Nol7_EndothelialCells","lightyellow","EndothelialCells","Nol7",0.77700745685658
"Il11ra1_EndothelialCells","lightyellow","EndothelialCells","Il11ra1",0.709534792661106
"1110001J03Rik_EndothelialCells","lightyellow","EndothelialCells","1110001J03Rik",0.702950237134685
"1810043H04Rik_Fibroblasts","lightyellow","Fibroblasts","1810043H04Rik",0.698760110219126
"Rps4x_EndothelialCells","lightyellow","EndothelialCells","Rps4x",0.697939327537156
"Snhg6_EndothelialCells","lightyellow","EndothelialCells","Snhg6",0.696824105122624
"Camk1_Fibroblasts","lightyellow","Fibroblasts","Camk1",0.692597849696361
"Gps1_EndothelialCells","lightyellow","EndothelialCells","Gps1",0.688383777658095
"Tmem159_EndothelialCells","lightyellow","EndothelialCells","Tmem159",0.688210995549553
"Ube2g2_EndothelialCells","lightyellow","EndothelialCells","Ube2g2",0.683640641244751
"Golga7_Fibroblasts","lightyellow","Fibroblasts","Golga7",0.681325339824346
"Eif4b_EndothelialCells","lightyellow","EndothelialCells","Eif4b",0.679767771243731
"Hbxip_Fibroblasts","lightyellow","Fibroblasts","Hbxip",0.676519529911202
"Dgcr6_EndothelialCells","lightyellow","EndothelialCells","Dgcr6",0.675179490182446
"Gtf2a2_EndothelialCells","lightyellow","EndothelialCells","Gtf2a2",0.673215531654969
"Txndc15_EndothelialCells","lightyellow","EndothelialCells","Txndc15",0.671129991679852
"Mcfd2_EndothelialCells","lightyellow","EndothelialCells","Mcfd2",0.661203602538564
"Mrpl46_EndothelialCells","lightyellow","EndothelialCells","Mrpl46",0.660652118483993
"Bnip3l_EndothelialCells","lightyellow","EndothelialCells","Bnip3l",0.660450620187612
"Fxc1_EndothelialCells","lightyellow","EndothelialCells","Fxc1",0.65539451870857
"Bri3_EndothelialCells","lightyellow","EndothelialCells","Bri3",0.651886178839624
"Fam54b_Fibroblasts","lightyellow","Fibroblasts","Fam54b",0.647150713123751
"Gemin7_Fibroblasts","lightyellow","Fibroblasts","Gemin7",0.642952367189686
"Praf2_EndothelialCells","lightyellow","EndothelialCells","Praf2",0.641976158313806
"Rbm7_Fibroblasts","lightyellow","Fibroblasts","Rbm7",0.641761553398553
"Ndufb5_Fibroblasts","lightyellow","Fibroblasts","Ndufb5",0.639180263392087
"Map1lc3a_EndothelialCells","lightyellow","EndothelialCells","Map1lc3a",0.638502653605417
"Sirt2_EndothelialCells","lightyellow","EndothelialCells","Sirt2",0.635646118199336
"Zfp639_Fibroblasts","lightyellow","Fibroblasts","Zfp639",0.634601087874561
"Ppp1r11_EndothelialCells","lightyellow","EndothelialCells","Ppp1r11",0.634092457838887
"Mypop_Fibroblasts","lightyellow","Fibroblasts","Mypop",0.629503596554066
"Rpl36a_EndothelialCells","lightyellow","EndothelialCells","Rpl36a",0.629201783388281
"Rpl8_EndothelialCells","lightyellow","EndothelialCells","Rpl8",0.627176377328245
"9130011J15Rik_Fibroblasts","lightyellow","Fibroblasts","9130011J15Rik",0.626739020047954
"Edf1_EndothelialCells","lightyellow","EndothelialCells","Edf1",0.625494394804119
"Sqrdl_EndothelialCells","lightyellow","EndothelialCells","Sqrdl",0.623542930928968
"Bsdc1_EndothelialCells","lightyellow","EndothelialCells","Bsdc1",0.623160879426175
"Mpv17_Fibroblasts","lightyellow","Fibroblasts","Mpv17",0.621154087100061
"Snrpd2_EndothelialCells","lightyellow","EndothelialCells","Snrpd2",0.618843175153507
"Socs2_EndothelialCells","lightyellow","EndothelialCells","Socs2",0.616998185307362
"Fbxo22_EndothelialCells","lightyellow","EndothelialCells","Fbxo22",0.607679847412515
"Rpl7l1_EndothelialCells","lightyellow","EndothelialCells","Rpl7l1",0.604550512363079
"2310044H10Rik_EndothelialCells","lightyellow","EndothelialCells","2310044H10Rik",0.602263674436729
"Blcap_EndothelialCells","lightyellow","EndothelialCells","Blcap",0.601658998629758
"Mrps18a_Fibroblasts","lightyellow","Fibroblasts","Mrps18a",0.601168567947028
"Fbxo4_Fibroblasts","lightyellow","Fibroblasts","Fbxo4",0.598563194692805
"Tmem45a_Fibroblasts","lightyellow","Fibroblasts","Tmem45a",0.59855946606827
"Pdzd11_EndothelialCells","lightyellow","EndothelialCells","Pdzd11",0.598429855966787
"Snrpb2_EndothelialCells","lightyellow","EndothelialCells","Snrpb2",0.596878098739106
"D11Wsu99e_EndothelialCells","lightyellow","EndothelialCells","D11Wsu99e",0.596455843547339
"Mrps12_EndothelialCells","lightyellow","EndothelialCells","Mrps12",0.596210168527242
"Tceal8_Fibroblasts","lightyellow","Fibroblasts","Tceal8",0.594417886685055
"Dynll2_Fibroblasts","lightyellow","Fibroblasts","Dynll2",0.593298260877343
"5430437P03Rik_SmoothMuscleCells","lightyellow","SmoothMuscleCells","5430437P03Rik",0.588796107546054
"Grpel1_EndothelialCells","lightyellow","EndothelialCells","Grpel1",0.58867875313074
"Mrpl32_Fibroblasts","lightyellow","Fibroblasts","Mrpl32",0.586270239954126
"Rrs1_Fibroblasts","lightyellow","Fibroblasts","Rrs1",0.580263781838046
"Dnalc4_EndothelialCells","lightyellow","EndothelialCells","Dnalc4",0.580226025671528
"Pmm1_Fibroblasts","lightyellow","Fibroblasts","Pmm1",0.578501426272327
"Copz2_Fibroblasts","lightyellow","Fibroblasts","Copz2",0.578442115484765
"Txndc12_EndothelialCells","lightyellow","EndothelialCells","Txndc12",0.574443187854109
"Mff_Fibroblasts","lightyellow","Fibroblasts","Mff",0.573607927132893
"Minos1_EndothelialCells","lightyellow","EndothelialCells","Minos1",0.571048406427097
"Cryzl1_Fibroblasts","lightyellow","Fibroblasts","Cryzl1",0.570557986657227
"Gtl3_Fibroblasts","lightyellow","Fibroblasts","Gtl3",0.570123622872895
"Rbp7_EndocardialCells","lightyellow","EndocardialCells","Rbp7",0.567487335863292
"Dpm1_Fibroblasts","lightyellow","Fibroblasts","Dpm1",0.566410464130284
"Vasp_Fibroblasts","lightyellow","Fibroblasts","Vasp",0.561926616970504
"Car8_Fibroblasts","lightyellow","Fibroblasts","Car8",0.561134567616564
"Mrps17_EndothelialCells","lightyellow","EndothelialCells","Mrps17",0.56101272843355
"Nagpa_EndothelialCells","lightyellow","EndothelialCells","Nagpa",0.56044555898197
"Eif1b_EndothelialCells","lightyellow","EndothelialCells","Eif1b",0.55783859651682
"Pop4_EndothelialCells","lightyellow","EndothelialCells","Pop4",0.555834887175726
"Cox8b_EndothelialCells","lightyellow","EndothelialCells","Cox8b",0.554340941513155
"Use1_EndothelialCells","lightyellow","EndothelialCells","Use1",0.554026957121558
"Dynlrb1_EndothelialCells","lightyellow","EndothelialCells","Dynlrb1",0.553766779561469
"Rnft1_Fibroblasts","lightyellow","Fibroblasts","Rnft1",0.553672062471671
"Pigk_EndothelialCells","lightyellow","EndothelialCells","Pigk",0.553537604461203
"Hmg20b_EndothelialCells","lightyellow","EndothelialCells","Hmg20b",0.552360217645272
"1110008F13Rik_EndothelialCells","lightyellow","EndothelialCells","1110008F13Rik",0.551064012287757
"Ppp1r11_Fibroblasts","lightyellow","Fibroblasts","Ppp1r11",0.549677329460085
"Jhdm1d_SmoothMuscleCells","lightyellow","SmoothMuscleCells","Jhdm1d",0.547479671443099
"Rnaseh2c_EndothelialCells","lightyellow","EndothelialCells","Rnaseh2c",0.545799668486443
"Snhg12_Fibroblasts","lightyellow","Fibroblasts","Snhg12",0.543477339150099
"Vdac2_EndothelialCells","lightyellow","EndothelialCells","Vdac2",0.543276082032411
"Abcb1b_EndothelialCells","lightyellow","EndothelialCells","Abcb1b",0.542929676207049
"Fam134a_Myocytes","magenta","Myocytes","Fam134a",0.97050559172601
"Pank1_Myocytes","magenta","Myocytes","Pank1",0.966329041928375
"Rapsn_Myocytes","magenta","Myocytes","Rapsn",0.954317852773403
"Tmem63b_Myocytes","magenta","Myocytes","Tmem63b",0.953975191069479
"Fbxo21_Myocytes","magenta","Myocytes","Fbxo21",0.952885502845374
"Tsc2_Myocytes","magenta","Myocytes","Tsc2",0.942619124721576
"Klc4_Myocytes","magenta","Myocytes","Klc4",0.937980052777572
"Gns_Myocytes","magenta","Myocytes","Gns",0.937871020719608
"Vps41_Myocytes","magenta","Myocytes","Vps41",0.935033963616596
"L2hgdh_Myocytes","magenta","Myocytes","L2hgdh",0.934456304042129
"B3gnt2_Myocytes","magenta","Myocytes","B3gnt2",0.933791951592044
"Fkbp10_Myocytes","magenta","Myocytes","Fkbp10",0.932131484577403
"Scamp3_Myocytes","magenta","Myocytes","Scamp3",0.930834816102036
"Tox4_Myocytes","magenta","Myocytes","Tox4",0.929615796398598
"Npepl1_Myocytes","magenta","Myocytes","Npepl1",0.929413725888617
"Zc3hc1_Myocytes","magenta","Myocytes","Zc3hc1",0.929312043749738
"Cd97_Myocytes","magenta","Myocytes","Cd97",0.929188464006588
"Aars_Myocytes","magenta","Myocytes","Aars",0.927547320920494
"Srrm4_Myocytes","magenta","Myocytes","Srrm4",0.926213156578984
"Xrn2_Myocytes","magenta","Myocytes","Xrn2",0.92428622409437
"Fam63a_Myocytes","magenta","Myocytes","Fam63a",0.924208176184435
"Sec24c_Myocytes","magenta","Myocytes","Sec24c",0.923642823650493
"Elp2_Myocytes","magenta","Myocytes","Elp2",0.923461237265325
"Nif3l1_Myocytes","magenta","Myocytes","Nif3l1",0.922768809940636
"Hspa4l_Myocytes","magenta","Myocytes","Hspa4l",0.922231106259322
"1110031I02Rik_Myocytes","magenta","Myocytes","1110031I02Rik",0.917861344627589
"Tmco3_Myocytes","magenta","Myocytes","Tmco3",0.9173797415942
"Dusp27_Myocytes","magenta","Myocytes","Dusp27",0.916459694723258
"Actr8_Myocytes","magenta","Myocytes","Actr8",0.91593124532551
"Vps52_Myocytes","magenta","Myocytes","Vps52",0.915030853886256
"Zdhhc3_Myocytes","magenta","Myocytes","Zdhhc3",0.913465987247719
"Ttc39b_Myocytes","magenta","Myocytes","Ttc39b",0.913339634240679
"Dcaf12_Myocytes","magenta","Myocytes","Dcaf12",0.913205230878128
"Dnajc10_Myocytes","magenta","Myocytes","Dnajc10",0.911543316784887
"Apbb2_Myocytes","magenta","Myocytes","Apbb2",0.909955101553932
"Mbip_Myocytes","magenta","Myocytes","Mbip",0.909503880661138
"Ppil2_Myocytes","magenta","Myocytes","Ppil2",0.908775436991419
"Myg1_Myocytes","magenta","Myocytes","Myg1",0.906707882143107
"E130310I04Rik_Myocytes","magenta","Myocytes","E130310I04Rik",0.906474044499002
"Ndel1_Myocytes","magenta","Myocytes","Ndel1",0.905698386769957
"Pdk1_Myocytes","magenta","Myocytes","Pdk1",0.905027152788032
"0610011L14Rik_Myocytes","magenta","Myocytes","0610011L14Rik",0.904151105053825
"Bop1_Myocytes","magenta","Myocytes","Bop1",0.903942252053404
"Rnf40_Myocytes","magenta","Myocytes","Rnf40",0.903309741222525
"Carkd_Myocytes","magenta","Myocytes","Carkd",0.90183410529065
"Pdia4_Myocytes","magenta","Myocytes","Pdia4",0.901637512508259
"Tbcel_Myocytes","magenta","Myocytes","Tbcel",0.901057138689641
"Stk40_Myocytes","magenta","Myocytes","Stk40",0.900171122959805
"Lgi3_Myocytes","magenta","Myocytes","Lgi3",0.900053126921727
"Mfap3l_Myocytes","magenta","Myocytes","Mfap3l",0.899781738003863
"Nrbf2_Myocytes","magenta","Myocytes","Nrbf2",0.899209049877646
"Bckdhb_Myocytes","magenta","Myocytes","Bckdhb",0.898928191643085
"Plcb4_Myocytes","magenta","Myocytes","Plcb4",0.898866876714034
"Pcyox1_Myocytes","magenta","Myocytes","Pcyox1",0.898721602772344
"St3gal6_Myocytes","magenta","Myocytes","St3gal6",0.89843941823691
"Sipa1l2_Myocytes","magenta","Myocytes","Sipa1l2",0.897250527339894
"Slc16a1_Myocytes","magenta","Myocytes","Slc16a1",0.897098420433462
"Rnf2_Myocytes","magenta","Myocytes","Rnf2",0.896017211437824
"Ube2t_Myocytes","magenta","Myocytes","Ube2t",0.89565831250977
"Ankmy2_Myocytes","magenta","Myocytes","Ankmy2",0.894773218404457
"Cep120_Myocytes","magenta","Myocytes","Cep120",0.894639216585322
"1300010F03Rik_Myocytes","magenta","Myocytes","1300010F03Rik",0.893904744155832
"Drosha_Myocytes","magenta","Myocytes","Drosha",0.893850131593431
"Scarb1_Myocytes","magenta","Myocytes","Scarb1",0.89315967987866
"Rptor_Myocytes","magenta","Myocytes","Rptor",0.89156848822545
"Phospho2_Myocytes","magenta","Myocytes","Phospho2",0.89138361643051
"Actl6a_Myocytes","magenta","Myocytes","Actl6a",0.891281258635163
"Map4k5_Myocytes","magenta","Myocytes","Map4k5",0.890752128565213
"Ampd3_Myocytes","magenta","Myocytes","Ampd3",0.890419087126426
"Pvr_Myocytes","magenta","Myocytes","Pvr",0.89011351437201
"Vprbp_Myocytes","magenta","Myocytes","Vprbp",0.889972761148647
"Smpd2_Myocytes","magenta","Myocytes","Smpd2",0.889932826926933
"Fntb_Myocytes","magenta","Myocytes","Fntb",0.889456212691381
"Nfatc2_Myocytes","magenta","Myocytes","Nfatc2",0.888503606532916
"Atp13a2_Myocytes","magenta","Myocytes","Atp13a2",0.888327370844838
"Scamp2_Myocytes","magenta","Myocytes","Scamp2",0.888061999026664
"Pex3_Myocytes","magenta","Myocytes","Pex3",0.887921612862001
"Phactr4_Myocytes","magenta","Myocytes","Phactr4",0.887792251852326
"Ipo4_Myocytes","magenta","Myocytes","Ipo4",0.887605273402348
"Vwa5a_Myocytes","magenta","Myocytes","Vwa5a",0.887577824375735
"Aldh18a1_Myocytes","magenta","Myocytes","Aldh18a1",0.88748047704524
"Fam82a2_Myocytes","magenta","Myocytes","Fam82a2",0.887380535958688
"Acox3_Myocytes","magenta","Myocytes","Acox3",0.887266031457896
"Lrig1_Myocytes","magenta","Myocytes","Lrig1",0.887229822644432
"Bhlhb9_Myocytes","magenta","Myocytes","Bhlhb9",0.887097214454644
"Bche_Myocytes","magenta","Myocytes","Bche",0.886854946900974
"Trmu_Myocytes","magenta","Myocytes","Trmu",0.88585692338381
"Ythdf3_Myocytes","magenta","Myocytes","Ythdf3",0.885743716023662
"Cyp51_Myocytes","magenta","Myocytes","Cyp51",0.885453734299845
"Arvcf_Myocytes","magenta","Myocytes","Arvcf",0.884750405174104
"Pus1_Myocytes","magenta","Myocytes","Pus1",0.883583516506017
"Usp1_Myocytes","magenta","Myocytes","Usp1",0.882913597231374
"Cdc73_Myocytes","magenta","Myocytes","Cdc73",0.88281840308163
"Glt25d1_Myocytes","magenta","Myocytes","Glt25d1",0.882643113569648
"Dtx3_Myocytes","magenta","Myocytes","Dtx3",0.882534396273307
"Dot1l_Myocytes","magenta","Myocytes","Dot1l",0.882490788220725
"A430105I19Rik_Myocytes","magenta","Myocytes","A430105I19Rik",0.880978623523878
"Cdk5_Myocytes","magenta","Myocytes","Cdk5",0.880511761572022
"Nbn_Myocytes","magenta","Myocytes","Nbn",0.880111324833493
"Cnst_Myocytes","magenta","Myocytes","Cnst",0.880084376457797
"Dolk_Myocytes","magenta","Myocytes","Dolk",0.88001000383558
"Dcaf13_Myocytes","magenta","Myocytes","Dcaf13",0.879794378776095
"Itfg1_Myocytes","magenta","Myocytes","Itfg1",0.87974771320264
"Pard3_Myocytes","magenta","Myocytes","Pard3",0.879642196006462
"Pomgnt1_Myocytes","magenta","Myocytes","Pomgnt1",0.879330974773906
"Tm7sf3_Myocytes","magenta","Myocytes","Tm7sf3",0.879239584917543
"Wdr55_Myocytes","magenta","Myocytes","Wdr55",0.878728108192877
"Lamp2_Myocytes","magenta","Myocytes","Lamp2",0.878693662447832
"Brd2_Myocytes","magenta","Myocytes","Brd2",0.878650892799339
"Anapc1_Myocytes","magenta","Myocytes","Anapc1",0.878447108279784
"Gmps_Myocytes","magenta","Myocytes","Gmps",0.878063367733195
"Haus8_Myocytes","magenta","Myocytes","Haus8",0.87781140473259
"Rbl2_Myocytes","magenta","Myocytes","Rbl2",0.877781078461661
"Stom_Myocytes","magenta","Myocytes","Stom",0.877164457101445
"Mettl22_Myocytes","magenta","Myocytes","Mettl22",0.876840126931254
"Rhbdl3_Myocytes","magenta","Myocytes","Rhbdl3",0.876728938856946
"Pqlc1_Myocytes","magenta","Myocytes","Pqlc1",0.876662962778532
"Mtmr1_Myocytes","magenta","Myocytes","Mtmr1",0.875867968837252
"Retsat_Myocytes","magenta","Myocytes","Retsat",0.875533777475852
"Krit1_Myocytes","magenta","Myocytes","Krit1",0.87441727733543
"Pde2a_Myocytes","magenta","Myocytes","Pde2a",0.874317351962253
"Psmd1_Myocytes","magenta","Myocytes","Psmd1",0.874224072938533
"Mcm7_Myocytes","magenta","Myocytes","Mcm7",0.874150448549249
"Kdm5a_Myocytes","magenta","Myocytes","Kdm5a",0.873957089194998
"Agap3_Myocytes","magenta","Myocytes","Agap3",0.873812763411226
"Cln8_Myocytes","magenta","Myocytes","Cln8",0.873715501874544
"Ccdc61_Myocytes","magenta","Myocytes","Ccdc61",0.873409182770118
"Kbtbd4_Myocytes","magenta","Myocytes","Kbtbd4",0.872676131477236
"Arhgef10l_Myocytes","magenta","Myocytes","Arhgef10l",0.872538942846466
"Arl6ip4_Myocytes","magenta","Myocytes","Arl6ip4",0.872390554388064
"Hacl1_Myocytes","magenta","Myocytes","Hacl1",0.871820192235161
"Ccs_Myocytes","magenta","Myocytes","Ccs",0.871628693960529
"2010107G23Rik_Myocytes","magenta","Myocytes","2010107G23Rik",0.871134922345661
"Itga5_Myocytes","magenta","Myocytes","Itga5",0.871006489400557
"Sbno1_Myocytes","magenta","Myocytes","Sbno1",0.870933680744775
"Rnf13_Myocytes","magenta","Myocytes","Rnf13",0.870822009569513
"Dis3_Myocytes","magenta","Myocytes","Dis3",0.870076243259376
"Spast_Myocytes","magenta","Myocytes","Spast",0.869947500855415
"Cd34_Myocytes","magenta","Myocytes","Cd34",0.869801882956447
"Tmem199_Myocytes","magenta","Myocytes","Tmem199",0.869698766604319
"Kptn_Myocytes","magenta","Myocytes","Kptn",0.869516071987449
"2310021P13Rik_Myocytes","magenta","Myocytes","2310021P13Rik",0.868975423899274
"Cyb561d2_Myocytes","magenta","Myocytes","Cyb561d2",0.86864443758842
"Msl2_Myocytes","magenta","Myocytes","Msl2",0.868481375525512
"Mars_Myocytes","magenta","Myocytes","Mars",0.867762392882114
"Rufy3_Myocytes","magenta","Myocytes","Rufy3",0.867674495222685
"Pigo_Myocytes","magenta","Myocytes","Pigo",0.86752454276774
"Zfp30_Myocytes","magenta","Myocytes","Zfp30",0.86702108379376
"Ltbr_Myocytes","magenta","Myocytes","Ltbr",0.86680180996088
"Otud4_Myocytes","magenta","Myocytes","Otud4",0.866694549497012
"Spna2_Myocytes","magenta","Myocytes","Spna2",0.866202522689859
"Inpp5j_Myocytes","magenta","Myocytes","Inpp5j",0.864941531079036
"Gapvd1_Myocytes","magenta","Myocytes","Gapvd1",0.86470045381964
"Caskin2_Myocytes","magenta","Myocytes","Caskin2",0.864685207990444
"Sharpin_Myocytes","magenta","Myocytes","Sharpin",0.864575792385339
"Cltc_Myocytes","magenta","Myocytes","Cltc",0.863790274326249
"Scrn2_Myocytes","magenta","Myocytes","Scrn2",0.863751693228833
"Txndc16_Myocytes","magenta","Myocytes","Txndc16",0.86357078722083
"Cdc27_Myocytes","magenta","Myocytes","Cdc27",0.863373427818027
"Dhx8_Myocytes","magenta","Myocytes","Dhx8",0.863284946957831
"Zfp955b_Myocytes","magenta","Myocytes","Zfp955b",0.863125924080694
"Slc23a2_Myocytes","magenta","Myocytes","Slc23a2",0.862989341202814
"Agt_Myocytes","magenta","Myocytes","Agt",0.862844925751784
"Msh3_Myocytes","magenta","Myocytes","Msh3",0.862475631179425
"Slc40a1_Myocytes","magenta","Myocytes","Slc40a1",0.862475051284496
"Dgke_Myocytes","magenta","Myocytes","Dgke",0.862410426590823
"Pdcd2l_Myocytes","magenta","Myocytes","Pdcd2l",0.86239757948595
"Ptp4a1_Myocytes","magenta","Myocytes","Ptp4a1",0.86223299084596
"Nagpa_Myocytes","magenta","Myocytes","Nagpa",0.862077969040773
"Slc15a4_Myocytes","magenta","Myocytes","Slc15a4",0.862020174746681
"Cacna1h_Myocytes","magenta","Myocytes","Cacna1h",0.861268483159886
"Cdc23_Myocytes","magenta","Myocytes","Cdc23",0.861149010832065
"Trim7_Leukocytes","midnightblue","Leukocytes","Trim7",0.775888133665322
"Hist1h1e_EndocardialCells","midnightblue","EndocardialCells","Hist1h1e",0.744592279173646
"Sntb1_SmoothMuscleCells","midnightblue","SmoothMuscleCells","Sntb1",0.737254241653335
"Gltscr1_EndocardialCells","midnightblue","EndocardialCells","Gltscr1",0.736437183012497
"Ddx24_Myocytes","midnightblue","Myocytes","Ddx24",0.721381439939585
"Mir16-1_Leukocytes","midnightblue","Leukocytes","Mir16-1",0.712935734211936
"Ints7_Leukocytes","midnightblue","Leukocytes","Ints7",0.70684836944502
"Incenp_Leukocytes","midnightblue","Leukocytes","Incenp",0.702350734164819
"2510006D16Rik_Myocytes","midnightblue","Myocytes","2510006D16Rik",0.697634805947694
"Inadl_Leukocytes","midnightblue","Leukocytes","Inadl",0.69569093656494
"Lpcat1_EndocardialCells","midnightblue","EndocardialCells","Lpcat1",0.695116404625424
"Rock1_SmoothMuscleCells","midnightblue","SmoothMuscleCells","Rock1",0.69411170213427
"Cp_Myocytes","midnightblue","Myocytes","Cp",0.693431679025001
"BC057079_Leukocytes","midnightblue","Leukocytes","BC057079",0.687360832659686
"Sh2d7_Leukocytes","midnightblue","Leukocytes","Sh2d7",0.685828617098466
"Cdca8_Fibroblasts","midnightblue","Fibroblasts","Cdca8",0.683427265554449
"Micall1_Myocytes","midnightblue","Myocytes","Micall1",0.676036881108913
"Cnot7_EndocardialCells","midnightblue","EndocardialCells","Cnot7",0.675593689629477
"Chmp4c_SmoothMuscleCells","midnightblue","SmoothMuscleCells","Chmp4c",0.675303496345907
"G0s2_Myocytes","midnightblue","Myocytes","G0s2",0.668917230677525
"Txnip_Myocytes","midnightblue","Myocytes","Txnip",0.665338990738096
"Hist1h4d_EndothelialCells","midnightblue","EndothelialCells","Hist1h4d",0.659030409161602
"Zfp187_Myocytes","midnightblue","Myocytes","Zfp187",0.656972821521691
"Rad23b_Myocytes","midnightblue","Myocytes","Rad23b",0.656619110246653
"Serpinh1_Myocytes","midnightblue","Myocytes","Serpinh1",0.656369081993278
"Usp34_Myocytes","midnightblue","Myocytes","Usp34",0.655866600812676
"Akr1b3_Leukocytes","midnightblue","Leukocytes","Akr1b3",0.648842046071377
"Lpcat1_Leukocytes","midnightblue","Leukocytes","Lpcat1",0.646480417251608
"Ctr9_Fibroblasts","midnightblue","Fibroblasts","Ctr9",0.645535517552837
"Itga4_Leukocytes","midnightblue","Leukocytes","Itga4",0.644281789489508
"Ipo7_Leukocytes","midnightblue","Leukocytes","Ipo7",0.638265056624118
"Vps13c_Myocytes","midnightblue","Myocytes","Vps13c",0.636455438206204
"Gm10373_Fibroblasts","midnightblue","Fibroblasts","Gm10373",0.633409564654518
"Far1_Leukocytes","midnightblue","Leukocytes","Far1",0.629503426762264
"D4Wsu53e_Myocytes","midnightblue","Myocytes","D4Wsu53e",0.628577817262978
"Notch2_Myocytes","midnightblue","Myocytes","Notch2",0.62811133093121
"Foxo3_Fibroblasts","midnightblue","Fibroblasts","Foxo3",0.62805455840931
"Grb2_Myocytes","midnightblue","Myocytes","Grb2",0.626662012463306
"2010016I18Rik_EndocardialCells","midnightblue","EndocardialCells","2010016I18Rik",0.626555891642471
"Rbm39_Myocytes","midnightblue","Myocytes","Rbm39",0.625559563359096
"Tdg_Fibroblasts","midnightblue","Fibroblasts","Tdg",0.622545440250289
"Dusp2_EndocardialCells","midnightblue","EndocardialCells","Dusp2",0.621391779473082
"Nudt4_SmoothMuscleCells","midnightblue","SmoothMuscleCells","Nudt4",0.616920206195548
"Ccdc73_Fibroblasts","midnightblue","Fibroblasts","Ccdc73",0.61651754309765
"Mir339_Leukocytes","midnightblue","Leukocytes","Mir339",0.615833142697307
"Ddx54_SmoothMuscleCells","midnightblue","SmoothMuscleCells","Ddx54",0.614713770815237
"Cd164_Myocytes","midnightblue","Myocytes","Cd164",0.613039353261633
"2310015B20Rik_Fibroblasts","midnightblue","Fibroblasts","2310015B20Rik",0.611390130845326
"Dvl3_EndocardialCells","midnightblue","EndocardialCells","Dvl3",0.609980123836004
"Ruvbl2_Fibroblasts","midnightblue","Fibroblasts","Ruvbl2",0.6082331221312
"Steap4_Leukocytes","midnightblue","Leukocytes","Steap4",0.603573950282299
"Fgf2_Fibroblasts","midnightblue","Fibroblasts","Fgf2",0.601606224867475
"Ubp1_Myocytes","midnightblue","Myocytes","Ubp1",0.601596139481014
"Ube3b_Myocytes","midnightblue","Myocytes","Ube3b",0.600026435152735
"Ptp4a2_Myocytes","midnightblue","Myocytes","Ptp4a2",0.599805713427485
"Ror1_Fibroblasts","midnightblue","Fibroblasts","Ror1",0.598904233846681
"Slc25a31_Leukocytes","midnightblue","Leukocytes","Slc25a31",0.597362700406109
"E2f6_Myocytes","midnightblue","Myocytes","E2f6",0.59712419754237
"Gm16576_Leukocytes","midnightblue","Leukocytes","Gm16576",0.596543808861613
"9930111J21Rik1_Leukocytes","midnightblue","Leukocytes","9930111J21Rik1",0.596310966605695
"Klra17_Leukocytes","midnightblue","Leukocytes","Klra17",0.596244975384527
"Serpinb6b_EndocardialCells","midnightblue","EndocardialCells","Serpinb6b",0.59567701785441
"Cst3_Myocytes","midnightblue","Myocytes","Cst3",0.595436268109386
"Srrm2_Myocytes","midnightblue","Myocytes","Srrm2",0.590434425472889
"Gm16119_Fibroblasts","midnightblue","Fibroblasts","Gm16119",0.589274410349949
"Prc1_Fibroblasts","midnightblue","Fibroblasts","Prc1",0.588094029902495
"C330019G07Rik_Fibroblasts","midnightblue","Fibroblasts","C330019G07Rik",0.587818147630599
"Etnk1_Myocytes","midnightblue","Myocytes","Etnk1",0.586424398696845
"4930479D17Rik_Leukocytes","midnightblue","Leukocytes","4930479D17Rik",0.586360626169978
"Skiv2l2_EndothelialCells","midnightblue","EndothelialCells","Skiv2l2",0.582003454380244
"Ptprc_Leukocytes","midnightblue","Leukocytes","Ptprc",0.581184418882173
"Doc2a_EndocardialCells","midnightblue","EndocardialCells","Doc2a",0.580199488110271
"Mapk4_Fibroblasts","midnightblue","Fibroblasts","Mapk4",0.579060444130355
"Uba6_EndocardialCells","midnightblue","EndocardialCells","Uba6",0.577264492817888
"Snora28_Leukocytes","midnightblue","Leukocytes","Snora28",0.576850284877988
"Elac2_Leukocytes","midnightblue","Leukocytes","Elac2",0.575728976139231
"Clca2_EndothelialCells","midnightblue","EndothelialCells","Clca2",0.575098500016529
"Gm14047_Leukocytes","midnightblue","Leukocytes","Gm14047",0.575077293013208
"Mir125b-2_Fibroblasts","midnightblue","Fibroblasts","Mir125b-2",0.57364034054168
"Rps6ka1_Leukocytes","midnightblue","Leukocytes","Rps6ka1",0.573255579118419
"Golgb1_Myocytes","midnightblue","Myocytes","Golgb1",0.572902845505903
"P4ha3_Leukocytes","midnightblue","Leukocytes","P4ha3",0.571157471831727
"Mmp24_Fibroblasts","midnightblue","Fibroblasts","Mmp24",0.568909251626281
"Arsi_Leukocytes","midnightblue","Leukocytes","Arsi",0.568358394329536
"Mttp_Fibroblasts","midnightblue","Fibroblasts","Mttp",0.568101057203301
"Atad2_Leukocytes","midnightblue","Leukocytes","Atad2",0.565018413337297
"Ipo7_Fibroblasts","midnightblue","Fibroblasts","Ipo7",0.565011666746622
"Atp2c1_Myocytes","midnightblue","Myocytes","Atp2c1",0.564817078746404
"5830417I10Rik_Myocytes","midnightblue","Myocytes","5830417I10Rik",0.564816388974834
"9530026P05Rik_EndocardialCells","midnightblue","EndocardialCells","9530026P05Rik",0.564400552054634
"4933400F21Rik_Leukocytes","midnightblue","Leukocytes","4933400F21Rik",0.562315925481338
"0610031J06Rik_Myocytes","midnightblue","Myocytes","0610031J06Rik",0.562292747690685
"Ecd_Leukocytes","midnightblue","Leukocytes","Ecd",0.561804434924231
"Sgms1_Fibroblasts","midnightblue","Fibroblasts","Sgms1",0.56116442989266
"Snord118_EndothelialCells","midnightblue","EndothelialCells","Snord118",0.557139932396197
"Prr15_Leukocytes","midnightblue","Leukocytes","Prr15",0.556466007664306
"Gtse1_Leukocytes","midnightblue","Leukocytes","Gtse1",0.555303189841891
"Slc37a2_Fibroblasts","midnightblue","Fibroblasts","Slc37a2",0.554864283165233
"Mycbp2_Myocytes","midnightblue","Myocytes","Mycbp2",0.553773885960665
"Poln_EndothelialCells","midnightblue","EndothelialCells","Poln",0.553492637872056
"4933439F18Rik_Myocytes","midnightblue","Myocytes","4933439F18Rik",0.552969586890553
"Leprel1_SmoothMuscleCells","midnightblue","SmoothMuscleCells","Leprel1",0.551896657234948
"Rbm15b_Leukocytes","midnightblue","Leukocytes","Rbm15b",0.549295729934193
"Mxd1_Fibroblasts","midnightblue","Fibroblasts","Mxd1",0.549294043830343
"1110014N23Rik_Myocytes","midnightblue","Myocytes","1110014N23Rik",0.548856729238951
"4930404N11Rik_EndocardialCells","midnightblue","EndocardialCells","4930404N11Rik",0.548139933849503
"Tax1bp1_Leukocytes","midnightblue","Leukocytes","Tax1bp1",0.547910879533203
"Zfp799_Myocytes","midnightblue","Myocytes","Zfp799",0.547338825061616
"Trim23_Fibroblasts","midnightblue","Fibroblasts","Trim23",0.547173551939266
"Gm19897_Fibroblasts","midnightblue","Fibroblasts","Gm19897",0.546992469733144
"Nedd4_Myocytes","midnightblue","Myocytes","Nedd4",0.546670331777001
"Cox10_Myocytes","orange","Myocytes","Cox10",0.938526493475842
"Wnk2_Myocytes","orange","Myocytes","Wnk2",0.924381259639442
"Narf_Myocytes","orange","Myocytes","Narf",0.923429913973885
"Arih2_Myocytes","orange","Myocytes","Arih2",0.919530216664784
"Abcf3_Myocytes","orange","Myocytes","Abcf3",0.913504339657914
"Mov10l1_Myocytes","orange","Myocytes","Mov10l1",0.9052896479865
"2810453I06Rik_Myocytes","orange","Myocytes","2810453I06Rik",0.904667330082733
"Gnl2_Myocytes","orange","Myocytes","Gnl2",0.904523743754834
"Pmpca_Myocytes","orange","Myocytes","Pmpca",0.901762066133271
"Ptges2_Myocytes","orange","Myocytes","Ptges2",0.898807828347436
"Rnf123_Myocytes","orange","Myocytes","Rnf123",0.89769992589902
"Sertad2_Myocytes","orange","Myocytes","Sertad2",0.897227491129036
"1810034E14Rik_Myocytes","orange","Myocytes","1810034E14Rik",0.896762689807737
"Mapk14_Myocytes","orange","Myocytes","Mapk14",0.895224360309165
"Mrpl35_Myocytes","orange","Myocytes","Mrpl35",0.89458281299514
"Ak2_Myocytes","orange","Myocytes","Ak2",0.89391298506573
"Rgl1_Myocytes","orange","Myocytes","Rgl1",0.893363865654839
"Rars_Myocytes","orange","Myocytes","Rars",0.891496132497801
"3425401B19Rik_Myocytes","orange","Myocytes","3425401B19Rik",0.887785728049567
"Me1_Myocytes","orange","Myocytes","Me1",0.884927110057396
"Uap1_Myocytes","orange","Myocytes","Uap1",0.8831676013784
"Tubg1_Myocytes","orange","Myocytes","Tubg1",0.878642685870898
"Fbxw11_Myocytes","orange","Myocytes","Fbxw11",0.87686165138472
"Cand2_Myocytes","orange","Myocytes","Cand2",0.874484483977214
"Rpa1_Myocytes","orange","Myocytes","Rpa1",0.873556388176122
"Rilp_Myocytes","orange","Myocytes","Rilp",0.87325087663862
"Cul4a_Myocytes","orange","Myocytes","Cul4a",0.871664600621838
"Acaa1a_Myocytes","orange","Myocytes","Acaa1a",0.869273246693223
"Adsl_Myocytes","orange","Myocytes","Adsl",0.865861799163842
"Sqrdl_Myocytes","orange","Myocytes","Sqrdl",0.862952890838249
"Nt5c3l_Myocytes","orange","Myocytes","Nt5c3l",0.862890185798374
"Aspscr1_Myocytes","orange","Myocytes","Aspscr1",0.862232605140332
"Lmod3_Myocytes","orange","Myocytes","Lmod3",0.861612144281083
"Dnajc4_Myocytes","orange","Myocytes","Dnajc4",0.860522345815909
"Ebna1bp2_Myocytes","orange","Myocytes","Ebna1bp2",0.859701813278475
"Stard3_Myocytes","orange","Myocytes","Stard3",0.8568967184829
"Rftn1_Myocytes","orange","Myocytes","Rftn1",0.853950307465918
"Pih1d1_Myocytes","orange","Myocytes","Pih1d1",0.852902816641117
"Pppde1_Myocytes","orange","Myocytes","Pppde1",0.852001006438774
"Mrps18b_Myocytes","orange","Myocytes","Mrps18b",0.85119708957418
"Pcyt2_Myocytes","orange","Myocytes","Pcyt2",0.850085899912812
"Mettl9_Myocytes","orange","Myocytes","Mettl9",0.849118913703775
"Rnaseh2a_Myocytes","orange","Myocytes","Rnaseh2a",0.848417370192718
"Nsun4_Myocytes","orange","Myocytes","Nsun4",0.847460181650891
"Ercc1_Myocytes","orange","Myocytes","Ercc1",0.845898688717579
"Stx6_Myocytes","orange","Myocytes","Stx6",0.845267626162189
"Bysl_Myocytes","orange","Myocytes","Bysl",0.844619065265217
"Atg4d_Myocytes","orange","Myocytes","Atg4d",0.843936123404529
"Lap3_Myocytes","orange","Myocytes","Lap3",0.841965794687127
"Gipc1_Myocytes","orange","Myocytes","Gipc1",0.841627944706192
"Cd320_Myocytes","orange","Myocytes","Cd320",0.839183262236574
"Actr1b_Myocytes","orange","Myocytes","Actr1b",0.838534017644136
"Rbm10_Myocytes","orange","Myocytes","Rbm10",0.83575637197475
"Nubp2_Myocytes","orange","Myocytes","Nubp2",0.834613664747567
"C030006K11Rik_Myocytes","orange","Myocytes","C030006K11Rik",0.833712571752332
"2310003C23Rik_Myocytes","orange","Myocytes","2310003C23Rik",0.833653873981753
"Znrf1_Myocytes","orange","Myocytes","Znrf1",0.832219827168859
"Ppp2r2a_Myocytes","orange","Myocytes","Ppp2r2a",0.830928982743669
"Ubxn4_Myocytes","orange","Myocytes","Ubxn4",0.829908410079104
"Ccl6_EndocardialCells","paleturquoise","EndocardialCells","Ccl6",0.726061949683507
"Rtel1_EndocardialCells","paleturquoise","EndocardialCells","Rtel1",0.696981716092418
"Crispld1_SmoothMuscleCells","paleturquoise","SmoothMuscleCells","Crispld1",0.68480394305518
"Naa16_SmoothMuscleCells","paleturquoise","SmoothMuscleCells","Naa16",0.676104464437062
"Tbxa2r_EndocardialCells","paleturquoise","EndocardialCells","Tbxa2r",0.652593820785405
"Zscan18_EndocardialCells","paleturquoise","EndocardialCells","Zscan18",0.648306557046441
"2810468N07Rik_EndocardialCells","paleturquoise","EndocardialCells","2810468N07Rik",0.615828723598525
"St6galnac2_SmoothMuscleCells","paleturquoise","SmoothMuscleCells","St6galnac2",0.585840211242282
"Cxcl2_Myocytes","paleturquoise","Myocytes","Cxcl2",0.584383259611866
"Eps8l2_SmoothMuscleCells","paleturquoise","SmoothMuscleCells","Eps8l2",0.575270623872045
"Tcf23_SmoothMuscleCells","paleturquoise","SmoothMuscleCells","Tcf23",0.567983485840857
"Tbc1d24_SmoothMuscleCells","paleturquoise","SmoothMuscleCells","Tbc1d24",0.554579060537137
"Toe1_SmoothMuscleCells","paleturquoise","SmoothMuscleCells","Toe1",0.554467108619965
"Hip1r_SmoothMuscleCells","paleturquoise","SmoothMuscleCells","Hip1r",0.552832707919476
"Zc3h3_SmoothMuscleCells","paleturquoise","SmoothMuscleCells","Zc3h3",0.543873113833864
"Slc16a12_SmoothMuscleCells","paleturquoise","SmoothMuscleCells","Slc16a12",0.532736541922936
"1300018I17Rik_SmoothMuscleCells","paleturquoise","SmoothMuscleCells","1300018I17Rik",0.529419011132081
"Topbp1_SmoothMuscleCells","paleturquoise","SmoothMuscleCells","Topbp1",0.527091731616387
"Ncs1_EndocardialCells","paleturquoise","EndocardialCells","Ncs1",0.526644243203887
"Rilp_SmoothMuscleCells","paleturquoise","SmoothMuscleCells","Rilp",0.519928702750044
"Galk2_SmoothMuscleCells","paleturquoise","SmoothMuscleCells","Galk2",0.518207163332279
"Mlkl_SmoothMuscleCells","paleturquoise","SmoothMuscleCells","Mlkl",0.515811234915427
"Trpv4_SmoothMuscleCells","paleturquoise","SmoothMuscleCells","Trpv4",0.513032725992876
"Zfp783_EndothelialCells","paleturquoise","EndothelialCells","Zfp783",0.503073303897738
"Tmem181c-ps_Myocytes","paleturquoise","Myocytes","Tmem181c-ps",0.499774943575871
"Mdh2_Fibroblasts","pink","Fibroblasts","Mdh2",0.856355236523361
"Sri_Fibroblasts","pink","Fibroblasts","Sri",0.852685582503944
"Aplp2_Fibroblasts","pink","Fibroblasts","Aplp2",0.844951882537002
"Prdx2_Fibroblasts","pink","Fibroblasts","Prdx2",0.840730231062413
"Hexa_EndothelialCells","pink","EndothelialCells","Hexa",0.839179196730878
"Tmsb4x_Fibroblasts","pink","Fibroblasts","Tmsb4x",0.824580682397548
"Psmb6_Fibroblasts","pink","Fibroblasts","Psmb6",0.810583372336438
"Slc25a4_Fibroblasts","pink","Fibroblasts","Slc25a4",0.808087333129361
"Ppp1ca_Fibroblasts","pink","Fibroblasts","Ppp1ca",0.803490565854877
"Plcxd2_Leukocytes","pink","Leukocytes","Plcxd2",0.80327699220458
"Dad1_Fibroblasts","pink","Fibroblasts","Dad1",0.794918867756528
"Tpr_Fibroblasts","pink","Fibroblasts","Tpr",0.79380629354792
"Ifngr1_Fibroblasts","pink","Fibroblasts","Ifngr1",0.787284359051917
"Atp1b3_Fibroblasts","pink","Fibroblasts","Atp1b3",0.786852720622735
"Taldo1_Fibroblasts","pink","Fibroblasts","Taldo1",0.785248097163922
"Ap2m1_Fibroblasts","pink","Fibroblasts","Ap2m1",0.779737270245558
"Ppp2ca_Fibroblasts","pink","Fibroblasts","Ppp2ca",0.778278994861935
"Ube2h_Fibroblasts","pink","Fibroblasts","Ube2h",0.777020969964436
"Tcf7l2_Fibroblasts","pink","Fibroblasts","Tcf7l2",0.774936034558226
"Snx2_Fibroblasts","pink","Fibroblasts","Snx2",0.769579768814921
"Gpx1_Fibroblasts","pink","Fibroblasts","Gpx1",0.766254045510637
"Sdhb_Fibroblasts","pink","Fibroblasts","Sdhb",0.765863625173123
"Spcs1_Fibroblasts","pink","Fibroblasts","Spcs1",0.756579943268648
"Prdx5_Fibroblasts","pink","Fibroblasts","Prdx5",0.756450134615201
"Ctnna1_Fibroblasts","pink","Fibroblasts","Ctnna1",0.752019049321925
"Ech1_Fibroblasts","pink","Fibroblasts","Ech1",0.747194138570057
"Tpm3_Fibroblasts","pink","Fibroblasts","Tpm3",0.743314090225211
"Zfp354b_Myocytes","pink","Myocytes","Zfp354b",0.731094693745551
"Zfp187_Fibroblasts","pink","Fibroblasts","Zfp187",0.730068508522385
"D0H4S114_EndocardialCells","pink","EndocardialCells","D0H4S114",0.730013405618156
"Cybasc3_Fibroblasts","pink","Fibroblasts","Cybasc3",0.728515061787721
"Ghitm_Fibroblasts","pink","Fibroblasts","Ghitm",0.725796560129751
"Hist1h2ae_Leukocytes","pink","Leukocytes","Hist1h2ae",0.725517022212892
"Eif2ak1_EndothelialCells","pink","EndothelialCells","Eif2ak1",0.725042227182762
"Klhdc9_Leukocytes","pink","Leukocytes","Klhdc9",0.724129671644111
"S100a16_Fibroblasts","pink","Fibroblasts","S100a16",0.724010552565417
"Aspm_Myocytes","pink","Myocytes","Aspm",0.723048417950953
"Tln1_EndothelialCells","pink","EndothelialCells","Tln1",0.721187426052129
"Epb4.1_Fibroblasts","pink","Fibroblasts","Epb4.1",0.72116242518469
"Cubn_Myocytes","pink","Myocytes","Cubn",0.718552134176388
"Tmem127_EndocardialCells","pink","EndocardialCells","Tmem127",0.718173718356645
"Nrm_Myocytes","pink","Myocytes","Nrm",0.715713356730699
"Txnip_EndocardialCells","pink","EndocardialCells","Txnip",0.715607849193121
"Gpt_Leukocytes","pink","Leukocytes","Gpt",0.711040168626668
"Tmed2_EndocardialCells","pink","EndocardialCells","Tmed2",0.710423507628489
"Sp100_EndocardialCells","pink","EndocardialCells","Sp100",0.709239808824257
"Pde4b_Fibroblasts","pink","Fibroblasts","Pde4b",0.708919627067882
"Pdia6_Fibroblasts","pink","Fibroblasts","Pdia6",0.708614725458237
"Ndufv2_Fibroblasts","pink","Fibroblasts","Ndufv2",0.706938126792111
"Ppm1h_EndocardialCells","pink","EndocardialCells","Ppm1h",0.706498556425661
"Tm6sf1_EndocardialCells","pink","EndocardialCells","Tm6sf1",0.702175854924621
"Hmgcs2_Fibroblasts","pink","Fibroblasts","Hmgcs2",0.697099847389412
"Itk_Myocytes","pink","Myocytes","Itk",0.696889021630386
"Mll2_Fibroblasts","pink","Fibroblasts","Mll2",0.696169998334667
"Cast_EndothelialCells","pink","EndothelialCells","Cast",0.694718474551202
"Smc3_Fibroblasts","pink","Fibroblasts","Smc3",0.692448529061136
"Gm14306_Myocytes","pink","Myocytes","Gm14306",0.689442350943354
"Dazap2_EndothelialCells","pink","EndothelialCells","Dazap2",0.689436183402622
"Tacc1_EndothelialCells","pink","EndothelialCells","Tacc1",0.685667202371423
"Atp5c1_Fibroblasts","pink","Fibroblasts","Atp5c1",0.678170072824703
"Zfp207_Fibroblasts","pink","Fibroblasts","Zfp207",0.677997874277308
"Gstz1_Leukocytes","pink","Leukocytes","Gstz1",0.675909816215845
"Hhat_Leukocytes","pink","Leukocytes","Hhat",0.672730069302448
"Hn1l_EndocardialCells","pink","EndocardialCells","Hn1l",0.672188344819477
"Polr2b_Fibroblasts","pink","Fibroblasts","Polr2b",0.670973234708053
"Gdi2_Fibroblasts","pink","Fibroblasts","Gdi2",0.670719076239699
"Hspb1_Fibroblasts","pink","Fibroblasts","Hspb1",0.670306629075091
"Dna2_Myocytes","pink","Myocytes","Dna2",0.668712005999914
"1110003E01Rik_EndocardialCells","pink","EndocardialCells","1110003E01Rik",0.667650080777447
"Ccdc63_Myocytes","pink","Myocytes","Ccdc63",0.667583226946305
"Lypd2_Myocytes","pink","Myocytes","Lypd2",0.667110855727176
"Chd9_EndothelialCells","pink","EndothelialCells","Chd9",0.666783074763777
"Syvn1_EndothelialCells","pink","EndothelialCells","Syvn1",0.666721287367433
"Gsta4_EndocardialCells","pink","EndocardialCells","Gsta4",0.666436600643022
"Rbm39_Fibroblasts","pink","Fibroblasts","Rbm39",0.666314503124255
"Adam10_Fibroblasts","pink","Fibroblasts","Adam10",0.666173092860001
"Bag3_Fibroblasts","pink","Fibroblasts","Bag3",0.665953348331168
"2310002D06Rik_Myocytes","pink","Myocytes","2310002D06Rik",0.665604596949663
"Bub3_Fibroblasts","pink","Fibroblasts","Bub3",0.665222745346606
"Mis18bp1_Leukocytes","pink","Leukocytes","Mis18bp1",0.66465964353061
"Itsn2_EndothelialCells","pink","EndothelialCells","Itsn2",0.663682452986559
"4921536K21Rik_Myocytes","pink","Myocytes","4921536K21Rik",0.662037317828883
"Fdx1l_Fibroblasts","pink","Fibroblasts","Fdx1l",0.660336602203343
"Gm12824_Leukocytes","pink","Leukocytes","Gm12824",0.660154815739677
"Rasal3_Leukocytes","pink","Leukocytes","Rasal3",0.659871391717482
"Hspa9_Fibroblasts","pink","Fibroblasts","Hspa9",0.657333790964656
"Atp5o_Fibroblasts","pink","Fibroblasts","Atp5o",0.655303626744285
"Tmem202_Myocytes","pink","Myocytes","Tmem202",0.654829285391904
"1700003F17Rik_Myocytes","pink","Myocytes","1700003F17Rik",0.654236079671454
"Ldhb_Fibroblasts","pink","Fibroblasts","Ldhb",0.653670316656701
"Thsd4_EndocardialCells","pink","EndocardialCells","Thsd4",0.653189864067941
"Eif3d_Fibroblasts","pink","Fibroblasts","Eif3d",0.653151595563213
"Lrrtm2_Myocytes","pink","Myocytes","Lrrtm2",0.6511525578318
"Fam65b_Leukocytes","pink","Leukocytes","Fam65b",0.650316147654371
"Isoc1_Fibroblasts","pink","Fibroblasts","Isoc1",0.649742105343216
"Nup210_Myocytes","pink","Myocytes","Nup210",0.648247119011015
"Tprgl_Fibroblasts","pink","Fibroblasts","Tprgl",0.648134489782015
"Oat_EndothelialCells","pink","EndothelialCells","Oat",0.647380102064405
"Pcid2_Fibroblasts","pink","Fibroblasts","Pcid2",0.646773747029126
"Lrp4_EndocardialCells","pink","EndocardialCells","Lrp4",0.645258097405497
"Leprel1_Leukocytes","pink","Leukocytes","Leprel1",0.64507571068016
"Gnb2l1_Fibroblasts","pink","Fibroblasts","Gnb2l1",0.645051731982659
"Cdh1_Leukocytes","pink","Leukocytes","Cdh1",0.643371685552785
"Pde7b_Myocytes","pink","Myocytes","Pde7b",0.642995909322146
"Hip1r_Leukocytes","pink","Leukocytes","Hip1r",0.642865455765011
"Uqcrc2_Fibroblasts","pink","Fibroblasts","Uqcrc2",0.641507857975338
"Cdca8_Myocytes","pink","Myocytes","Cdca8",0.640856883020725
"Znrf3_Myocytes","pink","Myocytes","Znrf3",0.638685139359956
"Prkar1a_Fibroblasts","pink","Fibroblasts","Prkar1a",0.638281250311625
"F830016B08Rik_Myocytes","pink","Myocytes","F830016B08Rik",0.638208007291957
"Cntd1_Leukocytes","pink","Leukocytes","Cntd1",0.636475407901974
"Creb3_Fibroblasts","pink","Fibroblasts","Creb3",0.636456917842303
"Psmc1_Fibroblasts","pink","Fibroblasts","Psmc1",0.636206182888106
"5730405O15Rik_Myocytes","pink","Myocytes","5730405O15Rik",0.63584882479222
"Lrrc8b_Leukocytes","pink","Leukocytes","Lrrc8b",0.635522927792724
"Psma4_Fibroblasts","pink","Fibroblasts","Psma4",0.634748532419039
"Lin7b_Myocytes","pink","Myocytes","Lin7b",0.633939570890968
"1700019D03Rik_Leukocytes","pink","Leukocytes","1700019D03Rik",0.633196251375045
"Hadhb_Fibroblasts","pink","Fibroblasts","Hadhb",0.629588195929423
"Morn1_Leukocytes","pink","Leukocytes","Morn1",0.627660146427541
"Gm4787_Myocytes","pink","Myocytes","Gm4787",0.625611661304727
"1100001G20Rik_Myocytes","pink","Myocytes","1100001G20Rik",0.624800839381869
"Faah_Leukocytes","pink","Leukocytes","Faah",0.624709068640157
"Ppp1r12a_Fibroblasts","pink","Fibroblasts","Ppp1r12a",0.623813098193721
"H2-Q10_Myocytes","pink","Myocytes","H2-Q10",0.623434194828511
"4921530D09Rik_Myocytes","pink","Myocytes","4921530D09Rik",0.623267965563419
"Haao_Myocytes","pink","Myocytes","Haao",0.622802949768987
"Hkdc1_Myocytes","pink","Myocytes","Hkdc1",0.621928795970176
"Pcna_EndocardialCells","pink","EndocardialCells","Pcna",0.621652295394511
"Arg1_Myocytes","pink","Myocytes","Arg1",0.621340976269436
"Pax6os1_Myocytes","pink","Myocytes","Pax6os1",0.620962352174213
"Cyp2f2_Myocytes","pink","Myocytes","Cyp2f2",0.620685178356267
"Ppara_Leukocytes","pink","Leukocytes","Ppara",0.619454981163315
"Myh7b_Myocytes","pink","Myocytes","Myh7b",0.619416639284875
"Skil_Fibroblasts","pink","Fibroblasts","Skil",0.619019004490154
"Arhgap1_EndothelialCells","pink","EndothelialCells","Arhgap1",0.618905618591529
"Mup17_Myocytes","pink","Myocytes","Mup17",0.618805389149064
"Gm13247_Myocytes","pink","Myocytes","Gm13247",0.618548902478632
"Arpc2_Fibroblasts","pink","Fibroblasts","Arpc2",0.618046570172749
"Dsg2_Leukocytes","pink","Leukocytes","Dsg2",0.617599428095648
"Reep5_EndocardialCells","pink","EndocardialCells","Reep5",0.617476177296307
"Hadha_Fibroblasts","pink","Fibroblasts","Hadha",0.61727649705409
"Banf1_EndothelialCells","pink","EndothelialCells","Banf1",0.616862809870497
"Prss34_Myocytes","pink","Myocytes","Prss34",0.616419532912518
"Trim29_Myocytes","pink","Myocytes","Trim29",0.616345821299458
"Plscr5_Myocytes","pink","Myocytes","Plscr5",0.615878267263557
"Rslcan18_Myocytes","pink","Myocytes","Rslcan18",0.615472294350953
"Met_Myocytes","pink","Myocytes","Met",0.615013273539527
"Crygc_Myocytes","pink","Myocytes","Crygc",0.613959057175865
"Pard3_Leukocytes","pink","Leukocytes","Pard3",0.613364864338593
"P2ry12_Myocytes","pink","Myocytes","P2ry12",0.61314039102647
"Afm_Myocytes","pink","Myocytes","Afm",0.612722487726224
"Peg3_Fibroblasts","pink","Fibroblasts","Peg3",0.612673802780838
"Klhdc9_Myocytes","pink","Myocytes","Klhdc9",0.611959499349944
"Cngb3_Myocytes","pink","Myocytes","Cngb3",0.611686055924598
"Gen1_Myocytes","pink","Myocytes","Gen1",0.611019106209536
"Ece1_Fibroblasts","pink","Fibroblasts","Ece1",0.61081640612936
"Capns2_Myocytes","pink","Myocytes","Capns2",0.610603475083154
"Tet2_EndothelialCells","pink","EndothelialCells","Tet2",0.61052325396294
"Ube2h_EndothelialCells","pink","EndothelialCells","Ube2h",0.609827919956806
"Slc26a1_Myocytes","pink","Myocytes","Slc26a1",0.607838852800119
"Chga_Myocytes","pink","Myocytes","Chga",0.607640050384255
"Rasal3_Myocytes","pink","Myocytes","Rasal3",0.607313151293003
"Slc25a3_Fibroblasts","pink","Fibroblasts","Slc25a3",0.605940837908627
"Degs2_Leukocytes","pink","Leukocytes","Degs2",0.605751220757748
"Cyp2a22_Myocytes","pink","Myocytes","Cyp2a22",0.603627142244294
"Lrrc8a_Fibroblasts","pink","Fibroblasts","Lrrc8a",0.60301402832604
"Mcm6_Fibroblasts","pink","Fibroblasts","Mcm6",0.602056104494765
"Deptor_Fibroblasts","pink","Fibroblasts","Deptor",0.602040645831008
"Itih1_Myocytes","pink","Myocytes","Itih1",0.600847188081658
"Cyp2c69_Myocytes","pink","Myocytes","Cyp2c69",0.598882661137537
"9030619P08Rik_Myocytes","pink","Myocytes","9030619P08Rik",0.597911844750443
"Spata17_Myocytes","pink","Myocytes","Spata17",0.597742109059405
"Mirlet7d_Myocytes","pink","Myocytes","Mirlet7d",0.596659508799371
"Fcgrt_Fibroblasts","pink","Fibroblasts","Fcgrt",0.59584793377335
"Psme2_Fibroblasts","pink","Fibroblasts","Psme2",0.595591986275478
"Stt3a_Fibroblasts","pink","Fibroblasts","Stt3a",0.595352131087659
"Gm15800_Leukocytes","pink","Leukocytes","Gm15800",0.594601922799052
"Cnot7_Leukocytes","pink","Leukocytes","Cnot7",0.594229302952098
"Pcdhgb7_Myocytes","pink","Myocytes","Pcdhgb7",0.594076957410835
"C78339_Leukocytes","pink","Leukocytes","C78339",0.594046148078128
"Gm20300_EndocardialCells","pink","EndocardialCells","Gm20300",0.593899336483908
"Nmt2_Leukocytes","pink","Leukocytes","Nmt2",0.593628108494668
"Ube2v2_EndocardialCells","purple","EndocardialCells","Ube2v2",0.886036615047515
"Wdr45l_EndocardialCells","purple","EndocardialCells","Wdr45l",0.88456732817372
"Glod4_SmoothMuscleCells","purple","SmoothMuscleCells","Glod4",0.861810428155593
"2010003O02Rik_SmoothMuscleCells","purple","SmoothMuscleCells","2010003O02Rik",0.846843098811577
"Gstt1_SmoothMuscleCells","purple","SmoothMuscleCells","Gstt1",0.845768707143061
"Arl4a_SmoothMuscleCells","purple","SmoothMuscleCells","Arl4a",0.827596754666479
"Prmt5_EndocardialCells","purple","EndocardialCells","Prmt5",0.8253797647941
"0610009D07Rik_SmoothMuscleCells","purple","SmoothMuscleCells","0610009D07Rik",0.824265141523066
"Anapc2_SmoothMuscleCells","purple","SmoothMuscleCells","Anapc2",0.811416389564659
"Fam168a_SmoothMuscleCells","purple","SmoothMuscleCells","Fam168a",0.809529200350821
"Trio_EndocardialCells","purple","EndocardialCells","Trio",0.793170103484634
"Pde6d_EndocardialCells","purple","EndocardialCells","Pde6d",0.791383372306213
"Myo9a_EndocardialCells","purple","EndocardialCells","Myo9a",0.790318729101347
"Pdcd2l_Leukocytes","purple","Leukocytes","Pdcd2l",0.789183527351902
"Btbd6_SmoothMuscleCells","purple","SmoothMuscleCells","Btbd6",0.789158779301531
"2410006H16Rik_SmoothMuscleCells","purple","SmoothMuscleCells","2410006H16Rik",0.788991351115365
"1110038F14Rik_SmoothMuscleCells","purple","SmoothMuscleCells","1110038F14Rik",0.787867085713305
"Cdk15_SmoothMuscleCells","purple","SmoothMuscleCells","Cdk15",0.786365326137641
"Fbxw4_EndocardialCells","purple","EndocardialCells","Fbxw4",0.785253446512131
"Qsox2_SmoothMuscleCells","purple","SmoothMuscleCells","Qsox2",0.78456564985988
"Bik_EndocardialCells","purple","EndocardialCells","Bik",0.783141385621869
"Cyp4v3_EndocardialCells","purple","EndocardialCells","Cyp4v3",0.781801206514021
"Msh2_EndocardialCells","purple","EndocardialCells","Msh2",0.7803313116527
"Pdap1_SmoothMuscleCells","purple","SmoothMuscleCells","Pdap1",0.780002731502575
"Arl5c_EndocardialCells","purple","EndocardialCells","Arl5c",0.778258431572107
"Akr1c19_EndocardialCells","purple","EndocardialCells","Akr1c19",0.777282100079646
"Slc20a1_EndocardialCells","purple","EndocardialCells","Slc20a1",0.776530887309023
"Pid1_EndocardialCells","purple","EndocardialCells","Pid1",0.775602075777909
"Nudcd3_EndocardialCells","purple","EndocardialCells","Nudcd3",0.775383626317642
"Zbed4_EndocardialCells","purple","EndocardialCells","Zbed4",0.772717941558585
"Mid1ip1_Leukocytes","purple","Leukocytes","Mid1ip1",0.771196138074074
"Mov10_EndocardialCells","purple","EndocardialCells","Mov10",0.769846551081102
"Morf4l2_SmoothMuscleCells","purple","SmoothMuscleCells","Morf4l2",0.768644496192695
"Zfp612_EndocardialCells","purple","EndocardialCells","Zfp612",0.763500293021297
"Tbx6_EndothelialCells","purple","EndothelialCells","Tbx6",0.763349889386392
"Cno_SmoothMuscleCells","purple","SmoothMuscleCells","Cno",0.762583326052579
"Zfp579_SmoothMuscleCells","purple","SmoothMuscleCells","Zfp579",0.759275458185237
"Zfp516_EndocardialCells","purple","EndocardialCells","Zfp516",0.759083591355734
"Fam58b_EndocardialCells","purple","EndocardialCells","Fam58b",0.757826402365312
"Snip1_SmoothMuscleCells","purple","SmoothMuscleCells","Snip1",0.757618054617717
"Slc11a2_EndocardialCells","purple","EndocardialCells","Slc11a2",0.756389708101099
"Bcl2l2_SmoothMuscleCells","purple","SmoothMuscleCells","Bcl2l2",0.755318549268732
"Cc2d1a_SmoothMuscleCells","purple","SmoothMuscleCells","Cc2d1a",0.75425166922383
"1810035L17Rik_EndocardialCells","purple","EndocardialCells","1810035L17Rik",0.753312541060912
"1700019E19Rik_EndocardialCells","purple","EndocardialCells","1700019E19Rik",0.752941355599912
"Fam133b_EndocardialCells","purple","EndocardialCells","Fam133b",0.752836950096235
"Sephs1_EndocardialCells","purple","EndocardialCells","Sephs1",0.751381984921738
"Zbtb40_EndocardialCells","purple","EndocardialCells","Zbtb40",0.750512499654319
"Parp10_SmoothMuscleCells","purple","SmoothMuscleCells","Parp10",0.75034749890745
"Nanp_EndothelialCells","purple","EndothelialCells","Nanp",0.750067302540886
"Fdxacb1_EndocardialCells","purple","EndocardialCells","Fdxacb1",0.749805308191919
"Sh3yl1_EndocardialCells","purple","EndocardialCells","Sh3yl1",0.748896965782191
"Zfp456_Fibroblasts","purple","Fibroblasts","Zfp456",0.748380021306814
"Commd1_SmoothMuscleCells","purple","SmoothMuscleCells","Commd1",0.747773809275371
"Naa40_EndocardialCells","purple","EndocardialCells","Naa40",0.747624905672666
"Pacs2_SmoothMuscleCells","purple","SmoothMuscleCells","Pacs2",0.7468625573639
"Zfp7_EndocardialCells","purple","EndocardialCells","Zfp7",0.745819202863839
"Scrib_EndocardialCells","purple","EndocardialCells","Scrib",0.745759344949181
"Gas1_SmoothMuscleCells","purple","SmoothMuscleCells","Gas1",0.745589550974782
"Fabp7_SmoothMuscleCells","purple","SmoothMuscleCells","Fabp7",0.745092691039418
"Prr12_SmoothMuscleCells","purple","SmoothMuscleCells","Prr12",0.74266157079569
"Prr24_EndocardialCells","purple","EndocardialCells","Prr24",0.742387954316965
"Tsen15_EndocardialCells","purple","EndocardialCells","Tsen15",0.741541766902912
"Dcun1d4_SmoothMuscleCells","purple","SmoothMuscleCells","Dcun1d4",0.741056140578281
"Tab1_EndocardialCells","purple","EndocardialCells","Tab1",0.738112155981781
"Tmem185b_SmoothMuscleCells","purple","SmoothMuscleCells","Tmem185b",0.737915258196849
"6330418K02Rik_EndothelialCells","purple","EndothelialCells","6330418K02Rik",0.737399773307035
"Pex26_EndocardialCells","purple","EndocardialCells","Pex26",0.73664120601338
"Mlx_SmoothMuscleCells","purple","SmoothMuscleCells","Mlx",0.736359518265659
"6330418K02Rik_Fibroblasts","purple","Fibroblasts","6330418K02Rik",0.734128641848644
"Nedd9_SmoothMuscleCells","purple","SmoothMuscleCells","Nedd9",0.731901929136717
"Gm14207_EndocardialCells","purple","EndocardialCells","Gm14207",0.731259522137201
"Rsad1_EndothelialCells","purple","EndothelialCells","Rsad1",0.731005476281781
"Zfp768_EndocardialCells","purple","EndocardialCells","Zfp768",0.7309614945507
"Nicn1_SmoothMuscleCells","purple","SmoothMuscleCells","Nicn1",0.730819666172875
"AW209491_SmoothMuscleCells","purple","SmoothMuscleCells","AW209491",0.730157309855709
"Gemin5_EndocardialCells","purple","EndocardialCells","Gemin5",0.729538662469087
"Crtc2_SmoothMuscleCells","purple","SmoothMuscleCells","Crtc2",0.72880843978388
"Oas1b_Fibroblasts","purple","Fibroblasts","Oas1b",0.728745501631232
"Azi1_EndocardialCells","purple","EndocardialCells","Azi1",0.728449052878821
"Rabep1_EndocardialCells","purple","EndocardialCells","Rabep1",0.727294439836696
"Snx7_SmoothMuscleCells","purple","SmoothMuscleCells","Snx7",0.726759848521352
"Ncbp2_EndocardialCells","purple","EndocardialCells","Ncbp2",0.725957102060051
"Bak1_EndocardialCells","purple","EndocardialCells","Bak1",0.725705156317927
"Hyou1_SmoothMuscleCells","purple","SmoothMuscleCells","Hyou1",0.725553338371868
"Fam115c_EndocardialCells","purple","EndocardialCells","Fam115c",0.723609233390142
"Wdr43_EndocardialCells","purple","EndocardialCells","Wdr43",0.723401990171349
"Rpf2_EndocardialCells","purple","EndocardialCells","Rpf2",0.722941774517118
"2810002N01Rik_Leukocytes","purple","Leukocytes","2810002N01Rik",0.722861959155479
"Ube2cbp_EndocardialCells","purple","EndocardialCells","Ube2cbp",0.722077349327372
"2310009A05Rik_SmoothMuscleCells","purple","SmoothMuscleCells","2310009A05Rik",0.721678167992665
"Vhl_SmoothMuscleCells","purple","SmoothMuscleCells","Vhl",0.72108794687306
"Des_EndocardialCells","purple","EndocardialCells","Des",0.720838505076334
"Krr1_EndocardialCells","purple","EndocardialCells","Krr1",0.718739060486561
"Plk2_SmoothMuscleCells","purple","SmoothMuscleCells","Plk2",0.718694926221218
"Ap4b1_SmoothMuscleCells","purple","SmoothMuscleCells","Ap4b1",0.717627419203331
"Phospho1_EndocardialCells","purple","EndocardialCells","Phospho1",0.716662952345842
"Cdk10_EndocardialCells","purple","EndocardialCells","Cdk10",0.716360619615731
"Rgs3_SmoothMuscleCells","purple","SmoothMuscleCells","Rgs3",0.714617753714656
"Tmem186_EndocardialCells","purple","EndocardialCells","Tmem186",0.713671367808286
"Nos1ap_EndothelialCells","purple","EndothelialCells","Nos1ap",0.713293610401329
"Epc1_SmoothMuscleCells","purple","SmoothMuscleCells","Epc1",0.712231110887622
"Zfp637_EndocardialCells","purple","EndocardialCells","Zfp637",0.710729800270949
"1810012P15Rik_EndocardialCells","purple","EndocardialCells","1810012P15Rik",0.710625637828258
"Rgma_SmoothMuscleCells","purple","SmoothMuscleCells","Rgma",0.710360077163631
"Galnt2_EndocardialCells","purple","EndocardialCells","Galnt2",0.71033181398048
"Gm5069_EndocardialCells","purple","EndocardialCells","Gm5069",0.710205864645042
"1810048J11Rik_EndocardialCells","purple","EndocardialCells","1810048J11Rik",0.709853982092224
"Trim16_EndocardialCells","purple","EndocardialCells","Trim16",0.709482897519735
"Kctd21_EndocardialCells","purple","EndocardialCells","Kctd21",0.709354653901189
"Fto_EndocardialCells","purple","EndocardialCells","Fto",0.708904102017474
"Styx_SmoothMuscleCells","purple","SmoothMuscleCells","Styx",0.708476999181359
"Nbeal2_EndocardialCells","purple","EndocardialCells","Nbeal2",0.707726490641163
"Fam173b_SmoothMuscleCells","purple","SmoothMuscleCells","Fam173b",0.707489298305858
"Sirpa_SmoothMuscleCells","purple","SmoothMuscleCells","Sirpa",0.70741782026676
"Pafah2_EndocardialCells","purple","EndocardialCells","Pafah2",0.707134678854114
"Gtf2h1_EndocardialCells","purple","EndocardialCells","Gtf2h1",0.707112411346167
"Repin1_EndocardialCells","purple","EndocardialCells","Repin1",0.706237890144769
"Rpgrip1_EndocardialCells","purple","EndocardialCells","Rpgrip1",0.705388285875344
"Bckdk_EndocardialCells","purple","EndocardialCells","Bckdk",0.705241184827181
"Phkg2_EndocardialCells","purple","EndocardialCells","Phkg2",0.702733362800592
"Id4_SmoothMuscleCells","purple","SmoothMuscleCells","Id4",0.702390287518331
"Obfc2a_EndocardialCells","purple","EndocardialCells","Obfc2a",0.702032036928669
"Lage3_EndocardialCells","purple","EndocardialCells","Lage3",0.701887050881101
"Spryd4_SmoothMuscleCells","purple","SmoothMuscleCells","Spryd4",0.701735291185231
"Ryk_SmoothMuscleCells","purple","SmoothMuscleCells","Ryk",0.701710379799029
"Cdc26_Leukocytes","purple","Leukocytes","Cdc26",0.700072080514364
"Mrm1_EndocardialCells","purple","EndocardialCells","Mrm1",0.699192757417531
"Pigyl_Leukocytes","purple","Leukocytes","Pigyl",0.69866174303304
"Tmem229b_EndocardialCells","purple","EndocardialCells","Tmem229b",0.697938819404744
"Mitd1_SmoothMuscleCells","purple","SmoothMuscleCells","Mitd1",0.697894710579168
"Uap1l1_SmoothMuscleCells","purple","SmoothMuscleCells","Uap1l1",0.697734401554425
"1500003O03Rik_EndocardialCells","purple","EndocardialCells","1500003O03Rik",0.697409740021698
"Ing1_EndocardialCells","purple","EndocardialCells","Ing1",0.696610952821648
"Grk4_EndocardialCells","purple","EndocardialCells","Grk4",0.696296006635762
"Dnajc24_Leukocytes","purple","Leukocytes","Dnajc24",0.695931607585745
"Gm1673_SmoothMuscleCells","purple","SmoothMuscleCells","Gm1673",0.69558857455125
"Eif1a_SmoothMuscleCells","purple","SmoothMuscleCells","Eif1a",0.695418066828109
"0910001L09Rik_SmoothMuscleCells","purple","SmoothMuscleCells","0910001L09Rik",0.695392989580546
"Traf4_SmoothMuscleCells","purple","SmoothMuscleCells","Traf4",0.694833807947531
"Lactb_EndocardialCells","purple","EndocardialCells","Lactb",0.694590126012051
"Leprotl1_SmoothMuscleCells","purple","SmoothMuscleCells","Leprotl1",0.694510941712486
"Pigy_Leukocytes","purple","Leukocytes","Pigy",0.694441799390789
"Abca5_SmoothMuscleCells","purple","SmoothMuscleCells","Abca5",0.694321141342044
"Tmem191c_SmoothMuscleCells","purple","SmoothMuscleCells","Tmem191c",0.694018004401606
"Ephb6_EndocardialCells","purple","EndocardialCells","Ephb6",0.694001792550666
"Rbak_Leukocytes","purple","Leukocytes","Rbak",0.693737392109116
"Mrpl35_EndocardialCells","purple","EndocardialCells","Mrpl35",0.693709879740429
"D6Wsu163e_EndocardialCells","purple","EndocardialCells","D6Wsu163e",0.693523400586533
"Dolk_EndocardialCells","purple","EndocardialCells","Dolk",0.692976660175934
"Gpr137b-ps_SmoothMuscleCells","purple","SmoothMuscleCells","Gpr137b-ps",0.691640817124534
"6330418K02Rik_Leukocytes","purple","Leukocytes","6330418K02Rik",0.691483514077173
"Nup54_SmoothMuscleCells","purple","SmoothMuscleCells","Nup54",0.691256216206867
"Fggy_EndocardialCells","purple","EndocardialCells","Fggy",0.690787770311862
"Fbxo28_SmoothMuscleCells","purple","SmoothMuscleCells","Fbxo28",0.690309895242414
"Ldlrad3_EndocardialCells","purple","EndocardialCells","Ldlrad3",0.689893025308562
"Prokr2_EndocardialCells","purple","EndocardialCells","Prokr2",0.688695307879927
"Rbm26_SmoothMuscleCells","purple","SmoothMuscleCells","Rbm26",0.688691374380287
"Rad1_EndocardialCells","purple","EndocardialCells","Rad1",0.688688919405008
"Csnk1e_EndocardialCells","purple","EndocardialCells","Csnk1e",0.688223953248811
"Amn1_Leukocytes","purple","Leukocytes","Amn1",0.687962495985952
"Ing1_SmoothMuscleCells","purple","SmoothMuscleCells","Ing1",0.687870722559567
"Ppp1r15b_SmoothMuscleCells","purple","SmoothMuscleCells","Ppp1r15b",0.687751150035236
"D1Bwg0212e_SmoothMuscleCells","purple","SmoothMuscleCells","D1Bwg0212e",0.686997178729469
"Ppp1r3d_EndothelialCells","purple","EndothelialCells","Ppp1r3d",0.686943259486925
"Cops8_Leukocytes","purple","Leukocytes","Cops8",0.68613013380713
"Tsga14_EndocardialCells","purple","EndocardialCells","Tsga14",0.685895271165793
"5830433M19Rik_SmoothMuscleCells","purple","SmoothMuscleCells","5830433M19Rik",0.68580714718921
"Hectd2_EndocardialCells","purple","EndocardialCells","Hectd2",0.685402567300009
"Rtcd1_EndocardialCells","red","EndocardialCells","Rtcd1",0.873899719693236
"Id1_EndocardialCells","red","EndocardialCells","Id1",0.865375347607156
"Cetn2_SmoothMuscleCells","red","SmoothMuscleCells","Cetn2",0.857944127599293
"1110012L19Rik_EndocardialCells","red","EndocardialCells","1110012L19Rik",0.836772095123031
"Cc2d2a_EndocardialCells","red","EndocardialCells","Cc2d2a",0.828772320384697
"Psmg4_EndocardialCells","red","EndocardialCells","Psmg4",0.827957714393919
"Dnlz_SmoothMuscleCells","red","SmoothMuscleCells","Dnlz",0.823208123273012
"Cdyl2_EndocardialCells","red","EndocardialCells","Cdyl2",0.823152667538916
"Clk4_SmoothMuscleCells","red","SmoothMuscleCells","Clk4",0.81674556835149
"1190007I07Rik_SmoothMuscleCells","red","SmoothMuscleCells","1190007I07Rik",0.813649230632441
"1500011K16Rik_EndocardialCells","red","EndocardialCells","1500011K16Rik",0.811959414983606
"Cnrip1_EndocardialCells","red","EndocardialCells","Cnrip1",0.810848209238591
"Snhg5_EndocardialCells","red","EndocardialCells","Snhg5",0.809618767379569
"6820431F20Rik_EndocardialCells","red","EndocardialCells","6820431F20Rik",0.809571951242577
"Tcf7l1_SmoothMuscleCells","red","SmoothMuscleCells","Tcf7l1",0.805887105164062
"Fuz_EndocardialCells","red","EndocardialCells","Fuz",0.804589795917454
"Clip2_EndocardialCells","red","EndocardialCells","Clip2",0.797755966508427
"Sgce_EndocardialCells","red","EndocardialCells","Sgce",0.796020221259392
"Abhd1_EndothelialCells","red","EndothelialCells","Abhd1",0.79145311363578
"Tacc2_EndocardialCells","red","EndocardialCells","Tacc2",0.789655091704448
"Hsd17b11_EndocardialCells","red","EndocardialCells","Hsd17b11",0.789056958842506
"Atp13a3_EndocardialCells","red","EndocardialCells","Atp13a3",0.787015987358261
"Zscan22_EndocardialCells","red","EndocardialCells","Zscan22",0.785927691656135
"Armcx3_EndocardialCells","red","EndocardialCells","Armcx3",0.785821576493783
"Klhdc2_SmoothMuscleCells","red","SmoothMuscleCells","Klhdc2",0.782596681058169
"Srp68_EndocardialCells","red","EndocardialCells","Srp68",0.779217412670931
"Rab13_EndocardialCells","red","EndocardialCells","Rab13",0.777614514199415
"Abcg2_SmoothMuscleCells","red","SmoothMuscleCells","Abcg2",0.776695088378553
"Ncbp2_SmoothMuscleCells","red","SmoothMuscleCells","Ncbp2",0.775604023539549
"Gprasp2_EndocardialCells","red","EndocardialCells","Gprasp2",0.775041840749384
"Nup133_EndocardialCells","red","EndocardialCells","Nup133",0.774764595741801
"Rpl24_SmoothMuscleCells","red","SmoothMuscleCells","Rpl24",0.773744990309199
"1810063B07Rik_EndocardialCells","red","EndocardialCells","1810063B07Rik",0.772562018129045
"Gopc_EndocardialCells","red","EndocardialCells","Gopc",0.772410213806534
"Foxc2_EndocardialCells","red","EndocardialCells","Foxc2",0.772184931116693
"Wdr45l_SmoothMuscleCells","red","SmoothMuscleCells","Wdr45l",0.771167944471255
"1810032O08Rik_EndocardialCells","red","EndocardialCells","1810032O08Rik",0.7699451957598
"Cyfip1_SmoothMuscleCells","red","SmoothMuscleCells","Cyfip1",0.769573813070166
"Loh12cr1_EndocardialCells","red","EndocardialCells","Loh12cr1",0.769140787767167
"Tmem140_SmoothMuscleCells","red","SmoothMuscleCells","Tmem140",0.768914832100377
"Trnau1ap_EndocardialCells","red","EndocardialCells","Trnau1ap",0.766911955179787
"Zc3h8_EndocardialCells","red","EndocardialCells","Zc3h8",0.764635937205159
"Mrps31_EndocardialCells","red","EndocardialCells","Mrps31",0.764125250613528
"Fbxl6_EndocardialCells","red","EndocardialCells","Fbxl6",0.763052718972593
"Rbm17_SmoothMuscleCells","red","SmoothMuscleCells","Rbm17",0.762450714877534
"Cyp4f13_EndocardialCells","red","EndocardialCells","Cyp4f13",0.759840765913908
"Nup93_SmoothMuscleCells","red","SmoothMuscleCells","Nup93",0.759500687828758
"Saal1_EndocardialCells","red","EndocardialCells","Saal1",0.758984738457371
"Zc3h3_EndocardialCells","red","EndocardialCells","Zc3h3",0.755423917841578
"Sec22a_EndocardialCells","red","EndocardialCells","Sec22a",0.755096794921069
"Slu7_SmoothMuscleCells","red","SmoothMuscleCells","Slu7",0.754498306317626
"Zdhhc6_EndocardialCells","red","EndocardialCells","Zdhhc6",0.753101616007505
"D16H22S680E_EndocardialCells","red","EndocardialCells","D16H22S680E",0.752663574682296
"Fbrs_SmoothMuscleCells","red","SmoothMuscleCells","Fbrs",0.752635919624857
"Mtap_EndocardialCells","red","EndocardialCells","Mtap",0.752273873273208
"Pan2_EndocardialCells","red","EndocardialCells","Pan2",0.750211402418034
"Dtwd2_EndocardialCells","red","EndocardialCells","Dtwd2",0.750178623055201
"Tceal1_EndocardialCells","red","EndocardialCells","Tceal1",0.750160294345002
"Snx14_EndocardialCells","red","EndocardialCells","Snx14",0.750136449305745
"0610007N19Rik_SmoothMuscleCells","red","SmoothMuscleCells","0610007N19Rik",0.748760205059354
"Sco2_EndocardialCells","red","EndocardialCells","Sco2",0.748683537815711
"Stk25_SmoothMuscleCells","red","SmoothMuscleCells","Stk25",0.747259909448074
"Pop1_EndocardialCells","red","EndocardialCells","Pop1",0.747204606001439
"Vps13b_SmoothMuscleCells","red","SmoothMuscleCells","Vps13b",0.747001589561828
"Nfya_SmoothMuscleCells","red","SmoothMuscleCells","Nfya",0.745291538457459
"Nts_EndocardialCells","red","EndocardialCells","Nts",0.744015989994698
"Rinl_EndocardialCells","red","EndocardialCells","Rinl",0.743971367524435
"Dcxr_SmoothMuscleCells","red","SmoothMuscleCells","Dcxr",0.743375457529667
"Taf1b_SmoothMuscleCells","red","SmoothMuscleCells","Taf1b",0.740654433498488
"Xpot_EndocardialCells","red","EndocardialCells","Xpot",0.739784727185667
"Herc2_EndocardialCells","red","EndocardialCells","Herc2",0.739691918054656
"Lsm3_SmoothMuscleCells","red","SmoothMuscleCells","Lsm3",0.738892552364209
"Eed_EndocardialCells","red","EndocardialCells","Eed",0.738731362520164
"Fam124a_EndocardialCells","red","EndocardialCells","Fam124a",0.738729136606132
"Utp14a_EndocardialCells","red","EndocardialCells","Utp14a",0.73822057121079
"Ctso_SmoothMuscleCells","red","SmoothMuscleCells","Ctso",0.73771187642006
"Timm50_EndocardialCells","red","EndocardialCells","Timm50",0.7376797422334
"Fkbp7_EndocardialCells","red","EndocardialCells","Fkbp7",0.736611306143071
"Hddc3_EndothelialCells","red","EndothelialCells","Hddc3",0.736278852668503
"Atxn1l_EndocardialCells","red","EndocardialCells","Atxn1l",0.735763140964657
"Rpf1_SmoothMuscleCells","red","SmoothMuscleCells","Rpf1",0.735756780523119
"Ctbp2_SmoothMuscleCells","red","SmoothMuscleCells","Ctbp2",0.734961258563704
"2210013O21Rik_EndocardialCells","red","EndocardialCells","2210013O21Rik",0.734717551084135
"Atg9b_EndocardialCells","red","EndocardialCells","Atg9b",0.734378450001825
"Rftn2_SmoothMuscleCells","red","SmoothMuscleCells","Rftn2",0.733782060176462
"Rarb_Fibroblasts","red","Fibroblasts","Rarb",0.733168567860874
"Timp4_EndocardialCells","red","EndocardialCells","Timp4",0.732676121498273
"Sirt4_EndocardialCells","red","EndocardialCells","Sirt4",0.732419141645066
"Acad8_EndocardialCells","red","EndocardialCells","Acad8",0.732242841673001
"Klhl12_EndocardialCells","red","EndocardialCells","Klhl12",0.732215984983135
"Cdc42bpg_EndocardialCells","red","EndocardialCells","Cdc42bpg",0.732065141023221
"Lrrc45_Fibroblasts","red","Fibroblasts","Lrrc45",0.731355619592269
"1700021F05Rik_EndocardialCells","red","EndocardialCells","1700021F05Rik",0.731226071330133
"Rtf1_SmoothMuscleCells","red","SmoothMuscleCells","Rtf1",0.730214490905446
"Klc1_EndocardialCells","red","EndocardialCells","Klc1",0.73003680739944
"Ap1s1_SmoothMuscleCells","red","SmoothMuscleCells","Ap1s1",0.730035871454102
"Msrb2_EndocardialCells","red","EndocardialCells","Msrb2",0.72994865018445
"Crybg3_EndocardialCells","red","EndocardialCells","Crybg3",0.72914641267219
"Klraq1_Leukocytes","red","Leukocytes","Klraq1",0.728932374122231
"Tia1_SmoothMuscleCells","red","SmoothMuscleCells","Tia1",0.728782573198304
"Slc39a14_EndocardialCells","red","EndocardialCells","Slc39a14",0.728492286024841
"4930444A02Rik_EndocardialCells","red","EndocardialCells","4930444A02Rik",0.728441313159146
"Gnb4_EndocardialCells","red","EndocardialCells","Gnb4",0.728108968818641
"Bfar_SmoothMuscleCells","red","SmoothMuscleCells","Bfar",0.727892402062842
"Rce1_EndocardialCells","red","EndocardialCells","Rce1",0.7277881332283
"Rtp4_SmoothMuscleCells","red","SmoothMuscleCells","Rtp4",0.727566461256517
"Nkiras2_SmoothMuscleCells","red","SmoothMuscleCells","Nkiras2",0.727291162094122
"Ppan_EndocardialCells","red","EndocardialCells","Ppan",0.726115464732167
"A430107O13Rik_SmoothMuscleCells","red","SmoothMuscleCells","A430107O13Rik",0.725571136514563
"Fmr1_EndocardialCells","red","EndocardialCells","Fmr1",0.723763708255834
"Tmem159_SmoothMuscleCells","red","SmoothMuscleCells","Tmem159",0.723154744504428
"Taf2_SmoothMuscleCells","red","SmoothMuscleCells","Taf2",0.722994743451738
"Tnfaip2_EndocardialCells","red","EndocardialCells","Tnfaip2",0.722847859404188
"5830433M19Rik_EndocardialCells","red","EndocardialCells","5830433M19Rik",0.722523035057313
"Zfp532_SmoothMuscleCells","red","SmoothMuscleCells","Zfp532",0.722513791926601
"Bcas2_SmoothMuscleCells","red","SmoothMuscleCells","Bcas2",0.722326537304074
"Klc1_SmoothMuscleCells","red","SmoothMuscleCells","Klc1",0.721897911050959
"Zfp13_EndocardialCells","red","EndocardialCells","Zfp13",0.721406044698683
"Rhbdf2_EndocardialCells","red","EndocardialCells","Rhbdf2",0.721047767621917
"Slc39a11_EndocardialCells","red","EndocardialCells","Slc39a11",0.721042611634815
"Intu_EndocardialCells","red","EndocardialCells","Intu",0.720117247017942
"Dstyk_EndocardialCells","red","EndocardialCells","Dstyk",0.719855763994197
"Znrd1_Leukocytes","red","Leukocytes","Znrd1",0.719566667588321
"Zfyve21_SmoothMuscleCells","red","SmoothMuscleCells","Zfyve21",0.719390242521367
"Rgma_EndocardialCells","red","EndocardialCells","Rgma",0.718003818211928
"P2rx4_EndocardialCells","red","EndocardialCells","P2rx4",0.717603041499265
"Tet1_EndocardialCells","red","EndocardialCells","Tet1",0.717303591429296
"Txndc16_EndocardialCells","red","EndocardialCells","Txndc16",0.716801328953482
"R3hcc1_EndocardialCells","red","EndocardialCells","R3hcc1",0.715654957170931
"Znhit1_SmoothMuscleCells","red","SmoothMuscleCells","Znhit1",0.714534093023479
"Slc39a7_SmoothMuscleCells","red","SmoothMuscleCells","Slc39a7",0.714108652380301
"Rbm7_SmoothMuscleCells","red","SmoothMuscleCells","Rbm7",0.713842300279624
"Ccdc22_EndocardialCells","red","EndocardialCells","Ccdc22",0.713440553314073
"Fxyd6_EndocardialCells","red","EndocardialCells","Fxyd6",0.712650640818839
"2810008M24Rik_SmoothMuscleCells","red","SmoothMuscleCells","2810008M24Rik",0.712624966960507
"Gnl1_SmoothMuscleCells","red","SmoothMuscleCells","Gnl1",0.711723860129045
"2010320M18Rik_EndocardialCells","red","EndocardialCells","2010320M18Rik",0.711320844004855
"Maoa_EndothelialCells","red","EndothelialCells","Maoa",0.711107790451882
"4933427D14Rik_EndocardialCells","red","EndocardialCells","4933427D14Rik",0.710615416853757
"2610307P16Rik_EndocardialCells","red","EndocardialCells","2610307P16Rik",0.710581715203912
"Nqo2_SmoothMuscleCells","red","SmoothMuscleCells","Nqo2",0.71036506042754
"Tbc1d1_EndocardialCells","red","EndocardialCells","Tbc1d1",0.709841352522218
"Fbxl12_EndocardialCells","red","EndocardialCells","Fbxl12",0.709568908567658
"Nrf1_EndocardialCells","red","EndocardialCells","Nrf1",0.708853809948529
"Cpne1_EndocardialCells","red","EndocardialCells","Cpne1",0.70862266894448
"Elf4_EndocardialCells","red","EndocardialCells","Elf4",0.708501371968386
"Pik3r3_SmoothMuscleCells","red","SmoothMuscleCells","Pik3r3",0.708420814494021
"Elmod3_SmoothMuscleCells","red","SmoothMuscleCells","Elmod3",0.708418511777743
"Kctd21_EndothelialCells","red","EndothelialCells","Kctd21",0.707942868429545
"Prune_EndothelialCells","red","EndothelialCells","Prune",0.707865080143978
"Sox5_EndocardialCells","red","EndocardialCells","Sox5",0.707620725904985
"LOC100503496_Fibroblasts","red","Fibroblasts","LOC100503496",0.707614038820371
"Casd1_EndocardialCells","red","EndocardialCells","Casd1",0.70747115184324
"Zfp937_EndocardialCells","red","EndocardialCells","Zfp937",0.707392397530877
"2810432L12Rik_SmoothMuscleCells","red","SmoothMuscleCells","2810432L12Rik",0.706642336236517
"Fbxo4_SmoothMuscleCells","red","SmoothMuscleCells","Fbxo4",0.705697144593594
"Utp6_SmoothMuscleCells","red","SmoothMuscleCells","Utp6",0.705642356527052
"Taf15_SmoothMuscleCells","red","SmoothMuscleCells","Taf15",0.704384177376025
"Rhoh_EndocardialCells","red","EndocardialCells","Rhoh",0.704074775504571
"Ccnl2_EndocardialCells","red","EndocardialCells","Ccnl2",0.702906821563008
"Dhodh_SmoothMuscleCells","red","SmoothMuscleCells","Dhodh",0.702691153164799
"Polr3d_EndocardialCells","red","EndocardialCells","Polr3d",0.701668917384009
"Lap3_EndocardialCells","red","EndocardialCells","Lap3",0.701544536984696
"Ehmt1_EndocardialCells","red","EndocardialCells","Ehmt1",0.70145775722734
"Napg_EndocardialCells","red","EndocardialCells","Napg",0.700739544796723
"Rilp_EndocardialCells","red","EndocardialCells","Rilp",0.700295785251637
"Dalrd3_EndocardialCells","red","EndocardialCells","Dalrd3",0.700172742106466
"Ng23_EndocardialCells","red","EndocardialCells","Ng23",0.699928509392804
"Spata2_EndocardialCells","red","EndocardialCells","Spata2",0.699791257515105
"Arf5_SmoothMuscleCells","red","SmoothMuscleCells","Arf5",0.699569208048528
"Tbc1d8b_EndothelialCells","red","EndothelialCells","Tbc1d8b",0.699345589941374
"Fnip1_EndocardialCells","red","EndocardialCells","Fnip1",0.699283415565985
"Fam98c_SmoothMuscleCells","red","SmoothMuscleCells","Fam98c",0.699204248736528
"Wipf2_EndocardialCells","red","EndocardialCells","Wipf2",0.699030040972396
"Slc50a1_SmoothMuscleCells","red","SmoothMuscleCells","Slc50a1",0.698859460104371
"Kdm4b_EndocardialCells","red","EndocardialCells","Kdm4b",0.698729210013881
"Yif1b_SmoothMuscleCells","red","SmoothMuscleCells","Yif1b",0.698488512034761
"Fbxo10_EndocardialCells","red","EndocardialCells","Fbxo10",0.698328039180176
"Mea1_SmoothMuscleCells","red","SmoothMuscleCells","Mea1",0.698251072921011
"Taz_SmoothMuscleCells","red","SmoothMuscleCells","Taz",0.697069195262576
"Ranbp3_EndocardialCells","red","EndocardialCells","Ranbp3",0.696808472109764
"Mum1_SmoothMuscleCells","red","SmoothMuscleCells","Mum1",0.696779374467003
"Sumf2_EndocardialCells","red","EndocardialCells","Sumf2",0.696342378098006
"Ttc33_EndocardialCells","red","EndocardialCells","Ttc33",0.696146173307162
"Fkbp1b_Leukocytes","red","Leukocytes","Fkbp1b",0.696106444020201
"Akap8_EndocardialCells","red","EndocardialCells","Akap8",0.695119122757062
"Pcyt1a_EndocardialCells","red","EndocardialCells","Pcyt1a",0.695002348002687
"Zfp110_EndocardialCells","red","EndocardialCells","Zfp110",0.694465364986659
"4933403G14Rik_EndocardialCells","red","EndocardialCells","4933403G14Rik",0.693622010066313
"Chchd5_Leukocytes","red","Leukocytes","Chchd5",0.693584688497614
"E130317F20Rik_EndothelialCells","red","EndothelialCells","E130317F20Rik",0.692444047638717
"Pomt2_EndocardialCells","red","EndocardialCells","Pomt2",0.692437211135746
"Trafd1_EndocardialCells","red","EndocardialCells","Trafd1",0.692006791197871
"Fam203a_SmoothMuscleCells","red","SmoothMuscleCells","Fam203a",0.690883563225996
"Ino80_SmoothMuscleCells","red","SmoothMuscleCells","Ino80",0.690790905058217
"Cxx1c_Fibroblasts","red","Fibroblasts","Cxx1c",0.690770808065845
"2700046G09Rik_EndothelialCells","red","EndothelialCells","2700046G09Rik",0.690697539965751
"AI462493_EndocardialCells","red","EndocardialCells","AI462493",0.690550584759565
"Tmcc3_EndocardialCells","red","EndocardialCells","Tmcc3",0.690034582717664
"Slc9a6_SmoothMuscleCells","red","SmoothMuscleCells","Slc9a6",0.690033668135766
"Gatad2b_SmoothMuscleCells","red","SmoothMuscleCells","Gatad2b",0.689698321534339
"Ttc4_SmoothMuscleCells","red","SmoothMuscleCells","Ttc4",0.689606650688326
"Fgfr3_SmoothMuscleCells","red","SmoothMuscleCells","Fgfr3",0.689409272376365
"Hnrpdl_EndocardialCells","red","EndocardialCells","Hnrpdl",0.68899561829317
"Tmc4_EndocardialCells","red","EndocardialCells","Tmc4",0.688695296110571
"Eed_SmoothMuscleCells","red","SmoothMuscleCells","Eed",0.688402959747284
"Thoc3_EndocardialCells","red","EndocardialCells","Thoc3",0.687920685311613
"Ndufa5_Myocytes","royalblue","Myocytes","Ndufa5",0.978360123443421
"Cox6c_Myocytes","royalblue","Myocytes","Cox6c",0.97833929340469
"Serf2_Myocytes","royalblue","Myocytes","Serf2",0.974577559470163
"Cox6b1_Myocytes","royalblue","Myocytes","Cox6b1",0.972394920934051
"Cox5a_Myocytes","royalblue","Myocytes","Cox5a",0.97195170859661
"Atp5j_Myocytes","royalblue","Myocytes","Atp5j",0.971826084928148
"Rpl39_Myocytes","royalblue","Myocytes","Rpl39",0.969008702723902
"Atp5g3_Myocytes","royalblue","Myocytes","Atp5g3",0.968035231816353
"Atp5e_Myocytes","royalblue","Myocytes","Atp5e",0.967977083418787
"Uqcr10_Myocytes","royalblue","Myocytes","Uqcr10",0.967973428424589
"Rplp2_Myocytes","royalblue","Myocytes","Rplp2",0.96760757371302
"Rpl36_Myocytes","royalblue","Myocytes","Rpl36",0.967068217542845
"Fau_Myocytes","royalblue","Myocytes","Fau",0.966258870319885
"Atp5l_Myocytes","royalblue","Myocytes","Atp5l",0.963918251044457
"Cox7c_Myocytes","royalblue","Myocytes","Cox7c",0.963859975778278
"Atp5j2_Myocytes","royalblue","Myocytes","Atp5j2",0.963144275377347
"Ndufa13_Myocytes","royalblue","Myocytes","Ndufa13",0.963060035964839
"Rpl28_Myocytes","royalblue","Myocytes","Rpl28",0.962740545477569
"Cycs_Myocytes","royalblue","Myocytes","Cycs",0.961685962521713
"Atp5k_Myocytes","royalblue","Myocytes","Atp5k",0.961365662153834
"Rps21_Myocytes","royalblue","Myocytes","Rps21",0.959265213751914
"Ndufb2_Myocytes","royalblue","Myocytes","Ndufb2",0.959076173456939
"Ndufa1_Myocytes","royalblue","Myocytes","Ndufa1",0.958390271650068
"Tomm7_Myocytes","royalblue","Myocytes","Tomm7",0.952295800589898
"Atp5f1_Myocytes","royalblue","Myocytes","Atp5f1",0.951219888923138
"Cox7a2_Myocytes","royalblue","Myocytes","Cox7a2",0.945596461071203
"Slc25a4_Myocytes","royalblue","Myocytes","Slc25a4",0.94501386509759
"Cox5b_Myocytes","royalblue","Myocytes","Cox5b",0.942388462705445
"Usmg5_Myocytes","royalblue","Myocytes","Usmg5",0.94121504241665
"Rpl38_Myocytes","royalblue","Myocytes","Rpl38",0.938531213313376
"Mdh1_Myocytes","royalblue","Myocytes","Mdh1",0.934588582706447
"Atp5g1_Myocytes","royalblue","Myocytes","Atp5g1",0.934210079326239
"Ndufab1_Myocytes","royalblue","Myocytes","Ndufab1",0.934007342944255
"Ndufa7_Myocytes","royalblue","Myocytes","Ndufa7",0.933309041736583
"Uqcrq_Myocytes","royalblue","Myocytes","Uqcrq",0.932924010436896
"Atp5d_Myocytes","royalblue","Myocytes","Atp5d",0.931311397106721
"Ndufb8_Myocytes","royalblue","Myocytes","Ndufb8",0.931080229654904
"Rpl36a_Myocytes","royalblue","Myocytes","Rpl36a",0.929980853233082
"Cox7b_Myocytes","royalblue","Myocytes","Cox7b",0.929632334253877
"Mrpl42_Myocytes","royalblue","Myocytes","Mrpl42",0.927508043764164
"Ndufa11_Myocytes","royalblue","Myocytes","Ndufa11",0.926221982614203
"Ank1_Myocytes","royalblue","Myocytes","Ank1",0.926082919093315
"Map1lc3a_Myocytes","royalblue","Myocytes","Map1lc3a",0.92599470830258
"Ndufb5_Myocytes","royalblue","Myocytes","Ndufb5",0.925960879340547
"Uqcr11_Myocytes","royalblue","Myocytes","Uqcr11",0.924849483978958
"Slc25a3_Myocytes","royalblue","Myocytes","Slc25a3",0.924679565195806
"Ndufa6_Myocytes","royalblue","Myocytes","Ndufa6",0.923728496905938
"Ndufc1_Myocytes","royalblue","Myocytes","Ndufc1",0.922531113260841
"Uqcrc2_Myocytes","royalblue","Myocytes","Uqcrc2",0.921561854007735
"Atp5c1_Myocytes","royalblue","Myocytes","Atp5c1",0.920482348154682
"Uqcrb_Myocytes","royalblue","Myocytes","Uqcrb",0.92005220074383
"Ehd4_Myocytes","royalblue","Myocytes","Ehd4",0.91915225744237
"S100a1_Myocytes","royalblue","Myocytes","S100a1",0.917679412351655
"Uba52_Myocytes","royalblue","Myocytes","Uba52",0.916068443170112
"Rps23_Myocytes","royalblue","Myocytes","Rps23",0.915903669338209
"Chchd2_Myocytes","royalblue","Myocytes","Chchd2",0.915784721425349
"Atp5h_Myocytes","royalblue","Myocytes","Atp5h",0.911840943694821
"Fam36a_Myocytes","royalblue","Myocytes","Fam36a",0.911255091560843
"Atp5o_Myocytes","royalblue","Myocytes","Atp5o",0.910297241812754
"Atp5a1_Myocytes","royalblue","Myocytes","Atp5a1",0.910128594009064
"Ndufb11_Myocytes","royalblue","Myocytes","Ndufb11",0.909500569077881
"Nppb_Myocytes","royalblue","Myocytes","Nppb",0.909298828016891
"Rpl23a_Myocytes","royalblue","Myocytes","Rpl23a",0.909011319447958
"Ndufb4_Myocytes","royalblue","Myocytes","Ndufb4",0.907815682980485
"Fxyd1_Myocytes","royalblue","Myocytes","Fxyd1",0.907643465481094
"Rpl10_Myocytes","royalblue","Myocytes","Rpl10",0.906954183021207
"Fbxl22_Myocytes","royalblue","Myocytes","Fbxl22",0.9068444816831
"Ndufa2_Myocytes","royalblue","Myocytes","Ndufa2",0.904302610061796
"Eif1_Myocytes","royalblue","Myocytes","Eif1",0.904113132813817
"Chpt1_Myocytes","royalblue","Myocytes","Chpt1",0.902352976852631
"Acadm_Myocytes","royalblue","Myocytes","Acadm",0.901147153445829
"Ubl5_Myocytes","royalblue","Myocytes","Ubl5",0.900323627999168
"Rpl15_Myocytes","royalblue","Myocytes","Rpl15",0.898428228646519
"Cox4i1_Myocytes","royalblue","Myocytes","Cox4i1",0.895136534779611
"Ndufb9_Myocytes","royalblue","Myocytes","Ndufb9",0.894642899308486
"Anapc13_Myocytes","royalblue","Myocytes","Anapc13",0.890291454685841
"Ndufv3_Myocytes","royalblue","Myocytes","Ndufv3",0.890223517074872
"Rpl5_Myocytes","royalblue","Myocytes","Rpl5",0.888893107221059
"Mlf1_Myocytes","royalblue","Myocytes","Mlf1",0.884340216985645
"Nmt1_Leukocytes","royalblue","Leukocytes","Nmt1",0.883987532912241
"Cflar_Leukocytes","royalblue","Leukocytes","Cflar",0.883754252774034
"Cox7b_Leukocytes","royalblue","Leukocytes","Cox7b",0.881754176860173
"Cox17_Myocytes","royalblue","Myocytes","Cox17",0.880261488338663
"Higd1a_Myocytes","royalblue","Myocytes","Higd1a",0.879706454704323
"Cox8b_Myocytes","royalblue","Myocytes","Cox8b",0.876105423362513
"Rps5_Myocytes","royalblue","Myocytes","Rps5",0.874525528608482
"Ndufs7_Myocytes","royalblue","Myocytes","Ndufs7",0.871275365837205
"Cd38_SmoothMuscleCells","saddlebrown","SmoothMuscleCells","Cd38",0.729476648639621
"Chst7_SmoothMuscleCells","saddlebrown","SmoothMuscleCells","Chst7",0.702030920130368
"Mrap_SmoothMuscleCells","saddlebrown","SmoothMuscleCells","Mrap",0.664718524266513
"Casp7_SmoothMuscleCells","saddlebrown","SmoothMuscleCells","Casp7",0.64615379333472
"Etv3_SmoothMuscleCells","saddlebrown","SmoothMuscleCells","Etv3",0.645161105382448
"4930578N16Rik_EndocardialCells","saddlebrown","EndocardialCells","4930578N16Rik",0.641728413680739
"4833422C13Rik_SmoothMuscleCells","saddlebrown","SmoothMuscleCells","4833422C13Rik",0.62422654090795
"Gmds_SmoothMuscleCells","saddlebrown","SmoothMuscleCells","Gmds",0.619940038952841
"Trim32_SmoothMuscleCells","saddlebrown","SmoothMuscleCells","Trim32",0.617129174263479
"Itih5_SmoothMuscleCells","saddlebrown","SmoothMuscleCells","Itih5",0.614062881768216
"Mettl3_SmoothMuscleCells","saddlebrown","SmoothMuscleCells","Mettl3",0.607736161654816
"Epb4.1l5_EndocardialCells","saddlebrown","EndocardialCells","Epb4.1l5",0.603742465243573
"Flt1_SmoothMuscleCells","saddlebrown","SmoothMuscleCells","Flt1",0.595935361181972
"Tnfsf10_SmoothMuscleCells","saddlebrown","SmoothMuscleCells","Tnfsf10",0.581200488482721
"1110002L01Rik_SmoothMuscleCells","saddlebrown","SmoothMuscleCells","1110002L01Rik",0.571190300128973
"Hs6st1_SmoothMuscleCells","saddlebrown","SmoothMuscleCells","Hs6st1",0.566742697345012
"Atxn3_SmoothMuscleCells","saddlebrown","SmoothMuscleCells","Atxn3",0.562702565810597
"Serpinf1_SmoothMuscleCells","saddlebrown","SmoothMuscleCells","Serpinf1",0.55004614192382
"Magix_SmoothMuscleCells","saddlebrown","SmoothMuscleCells","Magix",0.545718425691672
"Msx1_SmoothMuscleCells","saddlebrown","SmoothMuscleCells","Msx1",0.528718009382225
"Nrm_EndocardialCells","saddlebrown","EndocardialCells","Nrm",0.528534044934599
"Xylt2_EndocardialCells","saddlebrown","EndocardialCells","Xylt2",0.52741374543937
"Kcnk6_SmoothMuscleCells","saddlebrown","SmoothMuscleCells","Kcnk6",0.527312329046622
"Wee1_SmoothMuscleCells","saddlebrown","SmoothMuscleCells","Wee1",0.515453843066474
"Hps4_EndocardialCells","saddlebrown","EndocardialCells","Hps4",0.492024219126321
"Bbs1_EndothelialCells","saddlebrown","EndothelialCells","Bbs1",0.489400232982737
"Dffb_EndocardialCells","saddlebrown","EndocardialCells","Dffb",0.487257467440709
"Col27a1_EndocardialCells","saddlebrown","EndocardialCells","Col27a1",0.484787813261844
"Smarca5-ps_SmoothMuscleCells","saddlebrown","SmoothMuscleCells","Smarca5-ps",0.484074553234932
"Gtf2a1_EndocardialCells","salmon","EndocardialCells","Gtf2a1",0.78434393609599
"Glipr1_Leukocytes","salmon","Leukocytes","Glipr1",0.734273410291018
"Nrm_Fibroblasts","salmon","Fibroblasts","Nrm",0.72733221947396
"Fam84a_Fibroblasts","salmon","Fibroblasts","Fam84a",0.722849719692738
"Evi2b_Leukocytes","salmon","Leukocytes","Evi2b",0.712403831279466
"Trim14_Fibroblasts","salmon","Fibroblasts","Trim14",0.694387176810845
"D930015E06Rik_Fibroblasts","salmon","Fibroblasts","D930015E06Rik",0.692504252658565
"Adamts4_EndothelialCells","salmon","EndothelialCells","Adamts4",0.691142276975932
"Hmgb1_Leukocytes","salmon","Leukocytes","Hmgb1",0.687107812782262
"Anxa1_EndocardialCells","salmon","EndocardialCells","Anxa1",0.678257935638426
"Cks2_Fibroblasts","salmon","Fibroblasts","Cks2",0.670439618855854
"Tacc3_Fibroblasts","salmon","Fibroblasts","Tacc3",0.664827367478186
"Arhgap9_Leukocytes","salmon","Leukocytes","Arhgap9",0.659842832395871
"2810410L24Rik_EndothelialCells","salmon","EndothelialCells","2810410L24Rik",0.658691175604465
"Inpp4b_Fibroblasts","salmon","Fibroblasts","Inpp4b",0.657061429062638
"Acta1_Fibroblasts","salmon","Fibroblasts","Acta1",0.652561419770701
"Mcm2_Leukocytes","salmon","Leukocytes","Mcm2",0.651352928138217
"Hist1h1d_Leukocytes","salmon","Leukocytes","Hist1h1d",0.648105224866549
"Gm2011_Fibroblasts","salmon","Fibroblasts","Gm2011",0.644575137571088
"Agpat2_EndothelialCells","salmon","EndothelialCells","Agpat2",0.643183029715928
"Retnlg_Fibroblasts","salmon","Fibroblasts","Retnlg",0.641864879925923
"Slc2a1_EndocardialCells","salmon","EndocardialCells","Slc2a1",0.640797867272328
"Asf1b_Leukocytes","salmon","Leukocytes","Asf1b",0.640562718766517
"Slc10a3_Leukocytes","salmon","Leukocytes","Slc10a3",0.640492815434641
"Cdca7l_Leukocytes","salmon","Leukocytes","Cdca7l",0.63711785138545
"Car2_Leukocytes","salmon","Leukocytes","Car2",0.636001087454155
"Psd4_Leukocytes","salmon","Leukocytes","Psd4",0.633654091990095
"Sycp3_Fibroblasts","salmon","Fibroblasts","Sycp3",0.632898135805588
"Rab11fip1_Leukocytes","salmon","Leukocytes","Rab11fip1",0.622152226486344
"5830432E09Rik_EndothelialCells","salmon","EndothelialCells","5830432E09Rik",0.621407600797912
"Pik3r5_Leukocytes","salmon","Leukocytes","Pik3r5",0.617791029617292
"Atf1_EndocardialCells","salmon","EndocardialCells","Atf1",0.614865250523408
"Kalrn_EndothelialCells","salmon","EndothelialCells","Kalrn",0.612045634371504
"Adamts7_EndothelialCells","salmon","EndothelialCells","Adamts7",0.611331635792314
"Gm8909_EndothelialCells","salmon","EndothelialCells","Gm8909",0.610951177217354
"Samd10_Leukocytes","salmon","Leukocytes","Samd10",0.609665365135511
"Unc13d_Leukocytes","salmon","Leukocytes","Unc13d",0.608517997990061
"Mcm3_EndothelialCells","salmon","EndothelialCells","Mcm3",0.605576306634583
"5530601H04Rik_EndocardialCells","salmon","EndocardialCells","5530601H04Rik",0.605507887363328
"Cd101_Leukocytes","salmon","Leukocytes","Cd101",0.605223909639324
"Rnf141_Leukocytes","salmon","Leukocytes","Rnf141",0.604725389455869
"Mad2l1bp_Fibroblasts","salmon","Fibroblasts","Mad2l1bp",0.603440794910917
"Cntd1_Fibroblasts","salmon","Fibroblasts","Cntd1",0.602914561272433
"Mir16-1_Fibroblasts","salmon","Fibroblasts","Mir16-1",0.60236243792819
"Def6_Leukocytes","salmon","Leukocytes","Def6",0.600256323007055
"Rbm39_Leukocytes","salmon","Leukocytes","Rbm39",0.598274480301546
"Tspan33_Leukocytes","salmon","Leukocytes","Tspan33",0.596126414106645
"Sorl1_Leukocytes","salmon","Leukocytes","Sorl1",0.595251074078422
"Hmbs_EndothelialCells","salmon","EndothelialCells","Hmbs",0.594740115408212
"Gpr114_Leukocytes","salmon","Leukocytes","Gpr114",0.592781780459511
"Amica1_Leukocytes","salmon","Leukocytes","Amica1",0.592764569890324
"Stim1_Leukocytes","salmon","Leukocytes","Stim1",0.590696473322625
"Slc38a1_Fibroblasts","salmon","Fibroblasts","Slc38a1",0.587732594937731
"Chaf1a_Fibroblasts","salmon","Fibroblasts","Chaf1a",0.586165987763422
"2210403K04Rik_EndocardialCells","salmon","EndocardialCells","2210403K04Rik",0.585690366941973
"Nrn1_Fibroblasts","salmon","Fibroblasts","Nrn1",0.584953612702553
"A330050B17Rik_Fibroblasts","salmon","Fibroblasts","A330050B17Rik",0.584870315061156
"Gmnn_Leukocytes","salmon","Leukocytes","Gmnn",0.584528233501682
"Zcchc4_Fibroblasts","salmon","Fibroblasts","Zcchc4",0.584521805768089
"Grk6_Leukocytes","salmon","Leukocytes","Grk6",0.583845282137215
"Fyb_Fibroblasts","salmon","Fibroblasts","Fyb",0.583333612199939
"Kpna2_Fibroblasts","salmon","Fibroblasts","Kpna2",0.582585946057974
"Skp1a_Leukocytes","salmon","Leukocytes","Skp1a",0.577362903492568
"4632427E13Rik_EndothelialCells","salmon","EndothelialCells","4632427E13Rik",0.571239866713097
"Mad2l1bp_Leukocytes","salmon","Leukocytes","Mad2l1bp",0.570800914928029
"5730405O15Rik_Fibroblasts","salmon","Fibroblasts","5730405O15Rik",0.570507315983473
"Itga3_EndothelialCells","salmon","EndothelialCells","Itga3",0.568911695045252
"Clcf1_Fibroblasts","salmon","Fibroblasts","Clcf1",0.566212714078501
"Pip4k2a_EndothelialCells","salmon","EndothelialCells","Pip4k2a",0.56524300482398
"Xrcc3_Leukocytes","salmon","Leukocytes","Xrcc3",0.565178550049338
"Ccnd3_Leukocytes","salmon","Leukocytes","Ccnd3",0.563669432687301
"Rnu11_Leukocytes","salmon","Leukocytes","Rnu11",0.559615694599936
"Xpo6_EndothelialCells","salmon","EndothelialCells","Xpo6",0.558219570403486
"Aaas_EndothelialCells","salmon","EndothelialCells","Aaas",0.55782495504009
"Tagap_Leukocytes","salmon","Leukocytes","Tagap",0.557190115933262
"Irf4_Leukocytes","salmon","Leukocytes","Irf4",0.556087925859155
"Gng2_EndothelialCells","salmon","EndothelialCells","Gng2",0.553296299011469
"Ppp4r1l-ps_EndothelialCells","salmon","EndothelialCells","Ppp4r1l-ps",0.553039780744077
"Gng2_Fibroblasts","salmon","Fibroblasts","Gng2",0.552775042033511
"2810417H13Rik_Leukocytes","salmon","Leukocytes","2810417H13Rik",0.551400006068821
"Stk38l_Leukocytes","salmon","Leukocytes","Stk38l",0.550792560032025
"Tbck_EndothelialCells","salmon","EndothelialCells","Tbck",0.5501514624764
"Traf5_Leukocytes","salmon","Leukocytes","Traf5",0.548720585390383
"Prcp_EndocardialCells","salmon","EndocardialCells","Prcp",0.54732865328316
"Dusp4_Fibroblasts","salmon","Fibroblasts","Dusp4",0.545914836350349
"Tbc1d8_Leukocytes","salmon","Leukocytes","Tbc1d8",0.544974304289584
"Gpr132_Leukocytes","salmon","Leukocytes","Gpr132",0.544786997124597
"Rab43_Leukocytes","salmon","Leukocytes","Rab43",0.544221646293898
"Fan1_Fibroblasts","salmon","Fibroblasts","Fan1",0.543228042935052
"Mars2_EndothelialCells","salmon","EndothelialCells","Mars2",0.542753832071341
"Ankrd33b_EndocardialCells","salmon","EndocardialCells","Ankrd33b",0.541610308146934
"Mir199a-1_Fibroblasts","salmon","Fibroblasts","Mir199a-1",0.541111470183098
"Ddx47_EndothelialCells","salmon","EndothelialCells","Ddx47",0.541018361877408
"Tyms_Leukocytes","salmon","Leukocytes","Tyms",0.540862389160999
"4930404N11Rik_Leukocytes","salmon","Leukocytes","4930404N11Rik",0.536850506826214
"Plscr1_EndocardialCells","salmon","EndocardialCells","Plscr1",0.536042318344563
"Lpxn_Leukocytes","salmon","Leukocytes","Lpxn",0.535921133571631
"Bub1b_Leukocytes","salmon","Leukocytes","Bub1b",0.534853357294841
"Wdr77_Leukocytes","salmon","Leukocytes","Wdr77",0.531968353165844
"Siglech_Leukocytes","salmon","Leukocytes","Siglech",0.531883416895101
"Runx3_Leukocytes","salmon","Leukocytes","Runx3",0.52831105508939
"Mir511_Leukocytes","salmon","Leukocytes","Mir511",0.527933795054969
"Lime1_Leukocytes","salmon","Leukocytes","Lime1",0.527001786993155
"Cyld_Leukocytes","salmon","Leukocytes","Cyld",0.524306502290282
"Trerf1_Leukocytes","salmon","Leukocytes","Trerf1",0.523803296219135
"Heca_EndothelialCells","salmon","EndothelialCells","Heca",0.523555621096655
"Nap1l4_Leukocytes","salmon","Leukocytes","Nap1l4",0.522129187017113
"Ddi2_Leukocytes","salmon","Leukocytes","Ddi2",0.521760665533394
"Aurkb_Leukocytes","salmon","Leukocytes","Aurkb",0.521232636712413
"B3gnt3_EndocardialCells","salmon","EndocardialCells","B3gnt3",0.521044422942044
"Rasgrp4_Fibroblasts","salmon","Fibroblasts","Rasgrp4",0.51927099988207
"Krt18_Leukocytes","salmon","Leukocytes","Krt18",0.518477285657239
"Chek1_Fibroblasts","salmon","Fibroblasts","Chek1",0.516065085056394
"Nlrp1b_Leukocytes","salmon","Leukocytes","Nlrp1b",0.515886576383999
"Uhrf1_Leukocytes","salmon","Leukocytes","Uhrf1",0.512157088133775
"Mcf2l_Myocytes","sienna3","Myocytes","Mcf2l",0.542300349361261
"Lpp_EndocardialCells","sienna3","EndocardialCells","Lpp",0.536597374307697
"Zfp2_Leukocytes","sienna3","Leukocytes","Zfp2",0.529615021840321
"Ntn3_Leukocytes","sienna3","Leukocytes","Ntn3",0.468417413533281
"Abhd1_Leukocytes","sienna3","Leukocytes","Abhd1",0.465486647301872
"Esco2_Leukocytes","sienna3","Leukocytes","Esco2",0.457453195503477
"Ccdc122_Myocytes","sienna3","Myocytes","Ccdc122",0.448530776780701
"Gm8615_Myocytes","sienna3","Myocytes","Gm8615",0.443878901354462
"Gtf3c5_SmoothMuscleCells","sienna3","SmoothMuscleCells","Gtf3c5",0.442967789719359
"Fert2_SmoothMuscleCells","sienna3","SmoothMuscleCells","Fert2",0.442865969534734
"Huwe1_SmoothMuscleCells","sienna3","SmoothMuscleCells","Huwe1",0.422042320498916
"Usp35_EndocardialCells","sienna3","EndocardialCells","Usp35",0.418784750965692
"Supt6h_SmoothMuscleCells","sienna3","SmoothMuscleCells","Supt6h",0.415138803627251
"Zfp882_Leukocytes","sienna3","Leukocytes","Zfp882",0.414077465876194
"Ndufaf4_SmoothMuscleCells","sienna3","SmoothMuscleCells","Ndufaf4",0.40814293056447
"Zfp874b_SmoothMuscleCells","sienna3","SmoothMuscleCells","Zfp874b",0.404276460555332
"Sox9_Leukocytes","sienna3","Leukocytes","Sox9",0.402624274652497
"Cxcr6_Leukocytes","sienna3","Leukocytes","Cxcr6",0.401130946678552
"Nupr1_EndothelialCells","skyblue","EndothelialCells","Nupr1",0.670883447658629
"Ppapdc3_Leukocytes","skyblue","Leukocytes","Ppapdc3",0.600651126285356
"Synpo2_EndocardialCells","skyblue","EndocardialCells","Synpo2",0.586081035841138
"Zfp568_EndocardialCells","skyblue","EndocardialCells","Zfp568",0.584374071964263
"Gm88_Fibroblasts","skyblue","Fibroblasts","Gm88",0.577805747616407
"Aqp1_SmoothMuscleCells","skyblue","SmoothMuscleCells","Aqp1",0.575063349717767
"Ccdc48_EndocardialCells","skyblue","EndocardialCells","Ccdc48",0.574659321079113
"Ap4e1_Leukocytes","skyblue","Leukocytes","Ap4e1",0.544793104118145
"Igsf9_Leukocytes","skyblue","Leukocytes","Igsf9",0.544783848608069
"Glt8d1_Myocytes","skyblue","Myocytes","Glt8d1",0.544662178591448
"Smad9_EndocardialCells","skyblue","EndocardialCells","Smad9",0.5442541161058
"D830031N03Rik_Leukocytes","skyblue","Leukocytes","D830031N03Rik",0.538360236840498
"Olfml3_SmoothMuscleCells","skyblue","SmoothMuscleCells","Olfml3",0.533801232037579
"Slc7a6os_SmoothMuscleCells","skyblue","SmoothMuscleCells","Slc7a6os",0.532305418850132
"LOC100642166_SmoothMuscleCells","skyblue","SmoothMuscleCells","LOC100642166",0.525343192593057
"Slc25a40_SmoothMuscleCells","skyblue","SmoothMuscleCells","Slc25a40",0.524268386704573
"Smoc2_EndocardialCells","skyblue","EndocardialCells","Smoc2",0.519752370575401
"Thsd1_Fibroblasts","skyblue","Fibroblasts","Thsd1",0.51814376644944
"Serp2_SmoothMuscleCells","skyblue","SmoothMuscleCells","Serp2",0.512647736207457
"Fzd6_SmoothMuscleCells","skyblue","SmoothMuscleCells","Fzd6",0.51232718236003
"Gins3_SmoothMuscleCells","skyblue","SmoothMuscleCells","Gins3",0.510922282974038
"Serinc5_Leukocytes","skyblue","Leukocytes","Serinc5",0.508662196478607
"Crybb3_Fibroblasts","skyblue","Fibroblasts","Crybb3",0.506630631220437
"Ids_SmoothMuscleCells","skyblue","SmoothMuscleCells","Ids",0.503467156923941
"Spns2_SmoothMuscleCells","skyblue","SmoothMuscleCells","Spns2",0.501208084957774
"Pld4_EndothelialCells","skyblue","EndothelialCells","Pld4",0.501091781552733
"Man2a2_Leukocytes","skyblue","Leukocytes","Man2a2",0.500727649113199
"Svip_Leukocytes","skyblue","Leukocytes","Svip",0.494992588799655
"Top1mt_SmoothMuscleCells","skyblue","SmoothMuscleCells","Top1mt",0.49115007236003
"Atic_SmoothMuscleCells","skyblue","SmoothMuscleCells","Atic",0.491030688311041
"BC018473_EndothelialCells","skyblue","EndothelialCells","BC018473",0.484452183224583
"Fnip1_SmoothMuscleCells","skyblue","SmoothMuscleCells","Fnip1",0.482351405316394
"Tnfrsf11b_Fibroblasts","skyblue","Fibroblasts","Tnfrsf11b",0.473491524911913
"Elfn1_SmoothMuscleCells","skyblue","SmoothMuscleCells","Elfn1",0.473214253590247
"Arhgef3_SmoothMuscleCells","skyblue","SmoothMuscleCells","Arhgef3",0.469481422164399
"D730048J04Rik_Leukocytes","skyblue","Leukocytes","D730048J04Rik",0.466761736241979
"Jrk_SmoothMuscleCells","skyblue","SmoothMuscleCells","Jrk",0.465152236694733
"Adamts10_SmoothMuscleCells","skyblue","SmoothMuscleCells","Adamts10",0.46413469764466
"AI846148_Leukocytes","skyblue","Leukocytes","AI846148",0.462976891969742
"Phc1_SmoothMuscleCells","skyblue","SmoothMuscleCells","Phc1",0.46143652783545
"Dok4_Fibroblasts","skyblue","Fibroblasts","Dok4",0.461421761374873
"Cryl1_SmoothMuscleCells","steelblue","SmoothMuscleCells","Cryl1",0.636050775227081
"Rpusd2_SmoothMuscleCells","steelblue","SmoothMuscleCells","Rpusd2",0.621956508888039
"Gm10778_EndocardialCells","steelblue","EndocardialCells","Gm10778",0.617343094693434
"Taok2_SmoothMuscleCells","steelblue","SmoothMuscleCells","Taok2",0.60997098534073
"Mettl6_SmoothMuscleCells","steelblue","SmoothMuscleCells","Mettl6",0.609672753208346
"Mthfs_EndocardialCells","steelblue","EndocardialCells","Mthfs",0.607420414707054
"Capn1_SmoothMuscleCells","steelblue","SmoothMuscleCells","Capn1",0.607151911835819
"Tln2_SmoothMuscleCells","steelblue","SmoothMuscleCells","Tln2",0.604434886382728
"Fbxo45_SmoothMuscleCells","steelblue","SmoothMuscleCells","Fbxo45",0.603378075777074
"Lmtk3_EndocardialCells","steelblue","EndocardialCells","Lmtk3",0.593105086837367
"Pvrl1_SmoothMuscleCells","steelblue","SmoothMuscleCells","Pvrl1",0.58149800225772
"Sh3d19_SmoothMuscleCells","steelblue","SmoothMuscleCells","Sh3d19",0.570541274823722
"Slc11a1_EndothelialCells","steelblue","EndothelialCells","Slc11a1",0.565120639193337
"Crlf2_SmoothMuscleCells","steelblue","SmoothMuscleCells","Crlf2",0.559445388958063
"1700029J07Rik_EndocardialCells","steelblue","EndocardialCells","1700029J07Rik",0.559154994488732
"Slc41a2_EndothelialCells","steelblue","EndothelialCells","Slc41a2",0.554062162249731
"Cacnb1_Fibroblasts","steelblue","Fibroblasts","Cacnb1",0.545573756299616
"Rab39b_SmoothMuscleCells","steelblue","SmoothMuscleCells","Rab39b",0.53843380146775
"Ticam1_SmoothMuscleCells","steelblue","SmoothMuscleCells","Ticam1",0.533288920296567
"Ccdc71_SmoothMuscleCells","steelblue","SmoothMuscleCells","Ccdc71",0.531419588445561
"Zfp628_SmoothMuscleCells","steelblue","SmoothMuscleCells","Zfp628",0.529412636306617
"D7Ertd715e_EndocardialCells","steelblue","EndocardialCells","D7Ertd715e",0.520801784596913
"Tpcn1_SmoothMuscleCells","steelblue","SmoothMuscleCells","Tpcn1",0.520110223602917
"Cyp4f16_SmoothMuscleCells","steelblue","SmoothMuscleCells","Cyp4f16",0.517583602391981
"Cpeb1_SmoothMuscleCells","steelblue","SmoothMuscleCells","Cpeb1",0.517165541066229
"Wdr35_EndocardialCells","steelblue","EndocardialCells","Wdr35",0.515807007022643
"Snrpd2_Myocytes","steelblue","Myocytes","Snrpd2",0.507647147548073
"Cdc34_Myocytes","tan","Myocytes","Cdc34",0.933734710739555
"Ecsit_Myocytes","tan","Myocytes","Ecsit",0.928894195583832
"Mipep_Myocytes","tan","Myocytes","Mipep",0.928237401635913
"Eif3l_Myocytes","tan","Myocytes","Eif3l",0.915937665934004
"Pfkl_Myocytes","tan","Myocytes","Pfkl",0.911546128278846
"Nsfl1c_Myocytes","tan","Myocytes","Nsfl1c",0.907723656746613
"Bub3_Myocytes","tan","Myocytes","Bub3",0.892922657625056
"Mgll_Myocytes","tan","Myocytes","Mgll",0.89123835088201
"Wfs1_Myocytes","tan","Myocytes","Wfs1",0.889146486398177
"Coq2_Myocytes","tan","Myocytes","Coq2",0.88445417969019
"Hnrnph2_Myocytes","tan","Myocytes","Hnrnph2",0.883130410010345
"2810432L12Rik_Myocytes","tan","Myocytes","2810432L12Rik",0.882713329875556
"Atp6v1h_Myocytes","tan","Myocytes","Atp6v1h",0.878278270278915
"Mia3_Myocytes","tan","Myocytes","Mia3",0.877331850442116
"Bod1_Myocytes","tan","Myocytes","Bod1",0.873020009475658
"Gpr108_Myocytes","tan","Myocytes","Gpr108",0.870971881164491
"Ubac2_Myocytes","tan","Myocytes","Ubac2",0.87055154187414
"Pip4k2c_Myocytes","tan","Myocytes","Pip4k2c",0.870248833704756
"Arpc1a_Myocytes","tan","Myocytes","Arpc1a",0.869376984676898
"Preb_Myocytes","tan","Myocytes","Preb",0.864963424496679
"Ube2r2_Myocytes","tan","Myocytes","Ube2r2",0.864864789112597
"Prnp_Myocytes","tan","Myocytes","Prnp",0.86474793066975
"Insig2_Myocytes","tan","Myocytes","Insig2",0.862481192485233
"Kctd9_Myocytes","tan","Myocytes","Kctd9",0.862164988837403
"Stau2_Myocytes","tan","Myocytes","Stau2",0.86167880932692
"Nkiras1_Myocytes","tan","Myocytes","Nkiras1",0.859739105466037
"Yif1a_Myocytes","tan","Myocytes","Yif1a",0.859404482327659
"Slc35a4_Myocytes","tan","Myocytes","Slc35a4",0.855889895848527
"Cyth2_Myocytes","tan","Myocytes","Cyth2",0.855632061452936
"Rnps1_Myocytes","tan","Myocytes","Rnps1",0.854209518027324
"Aph1a_Myocytes","tan","Myocytes","Aph1a",0.854147409735599
"Cops7a_Myocytes","tan","Myocytes","Cops7a",0.853971274971598
"Prosc_Myocytes","tan","Myocytes","Prosc",0.853446779336205
"Prr13_Myocytes","tan","Myocytes","Prr13",0.853160254111338
"Exoc7_Myocytes","tan","Myocytes","Exoc7",0.853118488669038
"Clcn4-2_Myocytes","tan","Myocytes","Clcn4-2",0.852788382341123
"Specc1l_Myocytes","tan","Myocytes","Specc1l",0.852242746385206
"Orc4_Myocytes","tan","Myocytes","Orc4",0.852029257034252
"Tmem205_Myocytes","tan","Myocytes","Tmem205",0.851368640272049
"Mdm2_Myocytes","tan","Myocytes","Mdm2",0.851110879047298
"Tmem126b_Myocytes","tan","Myocytes","Tmem126b",0.850939311228176
"Cbfb_Myocytes","tan","Myocytes","Cbfb",0.850063750816246
"Coq6_Myocytes","tan","Myocytes","Coq6",0.850032285916051
"Pafah1b2_Myocytes","tan","Myocytes","Pafah1b2",0.849773420577034
"March5_Myocytes","tan","Myocytes","March5",0.849547756351249
"Nf2_Myocytes","tan","Myocytes","Nf2",0.848027123050203
"Ero1l_SmoothMuscleCells","tan","SmoothMuscleCells","Ero1l",0.846293150373703
"Nab1_Myocytes","tan","Myocytes","Nab1",0.845866916383276
"Txnrd2_Myocytes","tan","Myocytes","Txnrd2",0.845257137234883
"Tpp2_Myocytes","tan","Myocytes","Tpp2",0.84479673288206
"Mrpl44_Myocytes","tan","Myocytes","Mrpl44",0.844587925772229
"Nono_Myocytes","tan","Myocytes","Nono",0.842907395499497
"BC022687_Myocytes","tan","Myocytes","BC022687",0.842700415684948
"Pip5k1b_Myocytes","tan","Myocytes","Pip5k1b",0.842249007610061
"4930453N24Rik_Myocytes","tan","Myocytes","4930453N24Rik",0.841758160129839
"Ergic3_Myocytes","tan","Myocytes","Ergic3",0.8414539126142
"Bcas3_Myocytes","tan","Myocytes","Bcas3",0.841440122388705
"Camk2g_Myocytes","tan","Myocytes","Camk2g",0.840929481997446
"Bsdc1_Myocytes","tan","Myocytes","Bsdc1",0.840745367194461
"Adprh_Myocytes","tan","Myocytes","Adprh",0.839376100234173
"Trim8_Myocytes","tan","Myocytes","Trim8",0.839347401051352
"Znhit1_Myocytes","tan","Myocytes","Znhit1",0.839300764919994
"Mapk9_Myocytes","tan","Myocytes","Mapk9",0.838672549077025
"Aldh16a1_Myocytes","tan","Myocytes","Aldh16a1",0.837400645764215
"Icmt_SmoothMuscleCells","tan","SmoothMuscleCells","Icmt",0.837314490158782
"B4galt3_Myocytes","tan","Myocytes","B4galt3",0.837174410055656
"Ap2s1_Myocytes","tan","Myocytes","Ap2s1",0.837017738926432
"Paqr9_Myocytes","tan","Myocytes","Paqr9",0.836677233866991
"Numa1_Myocytes","tan","Myocytes","Numa1",0.836617652945193
"Rnf34_Myocytes","tan","Myocytes","Rnf34",0.835082315235896
"Abhd12_Myocytes","tan","Myocytes","Abhd12",0.834220302935337
"Metap2_Myocytes","tan","Myocytes","Metap2",0.833490748497863
"Rab6a_Myocytes","tan","Myocytes","Rab6a",0.833374013471752
"Kpna3_Myocytes","tan","Myocytes","Kpna3",0.8329763217965
"Cand1_Myocytes","tan","Myocytes","Cand1",0.832579644093506
"Itpa_Myocytes","tan","Myocytes","Itpa",0.831256392762167
"Copb1_Myocytes","tan","Myocytes","Copb1",0.830792734375934
"St3gal3_Myocytes","tan","Myocytes","St3gal3",0.830300873053295
"9630033F20Rik_Myocytes","tan","Myocytes","9630033F20Rik",0.830286324433462
"Zfp428_Myocytes","tan","Myocytes","Zfp428",0.83012730549348
"Klhdc8a_Myocytes","tan","Myocytes","Klhdc8a",0.829674558822415
"Gde1_Myocytes","tan","Myocytes","Gde1",0.829610704443248
"Manbal_Myocytes","tan","Myocytes","Manbal",0.82895587447916
"Ralgapa1_Myocytes","tan","Myocytes","Ralgapa1",0.828828758239348
"Aggf1_Myocytes","tan","Myocytes","Aggf1",0.828282397248535
"Zeb1_Myocytes","tan","Myocytes","Zeb1",0.828120667553986
"Pdcd6ip_Myocytes","tan","Myocytes","Pdcd6ip",0.827904046959383
"Gdpd1_Myocytes","tan","Myocytes","Gdpd1",0.826856702230093
"Tars2_Myocytes","tan","Myocytes","Tars2",0.826141412377059
"Rxrg_Myocytes","tan","Myocytes","Rxrg",0.825662491412181
"Brd1_Myocytes","tan","Myocytes","Brd1",0.825373563270647
"Smc1a_Myocytes","tan","Myocytes","Smc1a",0.824579871180866
"5730455O13Rik_Myocytes","tan","Myocytes","5730455O13Rik",0.824496408672228
"Ciao1_Myocytes","tan","Myocytes","Ciao1",0.824368787201567
"Lass2_Myocytes","tan","Myocytes","Lass2",0.823971947012189
"Cyhr1_Myocytes","tan","Myocytes","Cyhr1",0.822608761648137
"Exoc5_Myocytes","tan","Myocytes","Exoc5",0.822404262592389
"Zfp768_Myocytes","tan","Myocytes","Zfp768",0.822359717226922
"Fam131a_Myocytes","tan","Myocytes","Fam131a",0.821756004012482
"Ube2z_Myocytes","tan","Myocytes","Ube2z",0.821587345954395
"Brms1l_Myocytes","tan","Myocytes","Brms1l",0.821270061317663
"Gpx1_Myocytes","tan","Myocytes","Gpx1",0.821123650159139
"Alkbh3_Myocytes","tan","Myocytes","Alkbh3",0.820882400025558
"Vps26a_Myocytes","tan","Myocytes","Vps26a",0.82029911957389
"Ift172_Myocytes","tan","Myocytes","Ift172",0.819443962229316
"Ppp2r5c_Myocytes","tan","Myocytes","Ppp2r5c",0.819077978909215
"Rbm28_Myocytes","tan","Myocytes","Rbm28",0.818675653035052
"Mcat_Myocytes","tan","Myocytes","Mcat",0.818505128341186
"Tjp2_Myocytes","tan","Myocytes","Tjp2",0.818274035939634
"Gtl3_Myocytes","tan","Myocytes","Gtl3",0.817543491114304
"Rbfa_Myocytes","tan","Myocytes","Rbfa",0.817449682357038
"Mtmr3_Myocytes","tan","Myocytes","Mtmr3",0.817244773106392
"Rdbp_Myocytes","tan","Myocytes","Rdbp",0.816972359651516
"Creb3l2_Myocytes","tan","Myocytes","Creb3l2",0.815837645035713
"Exosc9_Myocytes","tan","Myocytes","Exosc9",0.815699276540567
"Svip_Myocytes","tan","Myocytes","Svip",0.814722263486839
"Tomm34_Myocytes","tan","Myocytes","Tomm34",0.813657161055908
"Rab1b_Myocytes","tan","Myocytes","Rab1b",0.811119083776991
"Hsd17b12_Myocytes","tan","Myocytes","Hsd17b12",0.811015554522908
"Muted_Myocytes","tan","Myocytes","Muted",0.810360895721152
"Coq5_Myocytes","tan","Myocytes","Coq5",0.810288195861216
"Abca2_Myocytes","tan","Myocytes","Abca2",0.809128748568449
"Lass5_Myocytes","tan","Myocytes","Lass5",0.808650520309341
"Slc12a4_Myocytes","tan","Myocytes","Slc12a4",0.808442664173438
"Hist3h2a_Myocytes","tan","Myocytes","Hist3h2a",0.806744311575463
"Dpf2_Myocytes","tan","Myocytes","Dpf2",0.805933227602668
"Tmem167b_Myocytes","tan","Myocytes","Tmem167b",0.805825153802394
"Pkd1_SmoothMuscleCells","tan","SmoothMuscleCells","Pkd1",0.805666600106457
"Abcc8_Myocytes","tan","Myocytes","Abcc8",0.805477631270013
"Gpr107_Myocytes","tan","Myocytes","Gpr107",0.805281353804107
"Nat15_Myocytes","tan","Myocytes","Nat15",0.804522142666178
"E330017L17Rik_Myocytes","tan","Myocytes","E330017L17Rik",0.804334044235326
"Fam69b_Myocytes","tan","Myocytes","Fam69b",0.803868759070844
"Sh2b1_Myocytes","tan","Myocytes","Sh2b1",0.803808465296822
"Rab11b_Myocytes","tan","Myocytes","Rab11b",0.803770694813319
"Ap2a2_Myocytes","tan","Myocytes","Ap2a2",0.803516137716011
"Tmem201_Myocytes","tan","Myocytes","Tmem201",0.803286696002251
"Ankrd13a_Myocytes","tan","Myocytes","Ankrd13a",0.803065777775253
"Slc17a7_Myocytes","tan","Myocytes","Slc17a7",0.802480210247848
"Iars2_Myocytes","tan","Myocytes","Iars2",0.802467117626463
"Zfp148_Myocytes","tan","Myocytes","Zfp148",0.801922102611638
"1700040L02Rik_Myocytes","tan","Myocytes","1700040L02Rik",0.801904912261132
"Ppil1_Myocytes","tan","Myocytes","Ppil1",0.801384141263158
"Tsn_Myocytes","tan","Myocytes","Tsn",0.801306208484207
"Snrpa_Myocytes","tan","Myocytes","Snrpa",0.801132355711634
"Dennd4b_Myocytes","tan","Myocytes","Dennd4b",0.801079736651651
"1810012P15Rik_Myocytes","tan","Myocytes","1810012P15Rik",0.800734270039288
"Pde4d_Myocytes","tan","Myocytes","Pde4d",0.800630999829367
"Pde4b_Myocytes","tan","Myocytes","Pde4b",0.800210790112825
"Hist2h2aa1_EndothelialCells","turquoise","EndothelialCells","Hist2h2aa1",0.93382607708354
"Bicd2_EndothelialCells","turquoise","EndothelialCells","Bicd2",0.92607415761658
"Cdh5_EndothelialCells","turquoise","EndothelialCells","Cdh5",0.924849515416126
"Eng_EndothelialCells","turquoise","EndothelialCells","Eng",0.922217361940542
"Hnrnpa3_Fibroblasts","turquoise","Fibroblasts","Hnrnpa3",0.919793726462713
"Rps8_EndothelialCells","turquoise","EndothelialCells","Rps8",0.919788796877069
"Map3k12_Fibroblasts","turquoise","Fibroblasts","Map3k12",0.916005068536554
"Clec14a_EndothelialCells","turquoise","EndothelialCells","Clec14a",0.909426799361271
"Mdfic_Fibroblasts","turquoise","Fibroblasts","Mdfic",0.90790132391792
"Snhg8_EndothelialCells","turquoise","EndothelialCells","Snhg8",0.906034369653871
"Fam124a_Fibroblasts","turquoise","Fibroblasts","Fam124a",0.903564126692748
"Snhg8_Fibroblasts","turquoise","Fibroblasts","Snhg8",0.898030631718992
"Arhgef25_Fibroblasts","turquoise","Fibroblasts","Arhgef25",0.897142644142928
"C130022K22Rik_EndothelialCells","turquoise","EndothelialCells","C130022K22Rik",0.896719078768569
"Emilin1_Fibroblasts","turquoise","Fibroblasts","Emilin1",0.896283966754696
"Klhl13_Fibroblasts","turquoise","Fibroblasts","Klhl13",0.895085566530594
"Fam164a_EndothelialCells","turquoise","EndothelialCells","Fam164a",0.894707425494983
"2700081O15Rik_Fibroblasts","turquoise","Fibroblasts","2700081O15Rik",0.893661833199833
"Bmpr1a_Fibroblasts","turquoise","Fibroblasts","Bmpr1a",0.893649355434648
"Tmem140_EndothelialCells","turquoise","EndothelialCells","Tmem140",0.891404721953346
"4632415L05Rik_Fibroblasts","turquoise","Fibroblasts","4632415L05Rik",0.890684500163446
"Cxx1b_Fibroblasts","turquoise","Fibroblasts","Cxx1b",0.88986114082537
"St3gal4_EndothelialCells","turquoise","EndothelialCells","St3gal4",0.889037182148176
"2810025M15Rik_EndothelialCells","turquoise","EndothelialCells","2810025M15Rik",0.888325556613396
"Phf17_Fibroblasts","turquoise","Fibroblasts","Phf17",0.887983075715621
"Mtap1a_Fibroblasts","turquoise","Fibroblasts","Mtap1a",0.886019132288284
"Tril_Fibroblasts","turquoise","Fibroblasts","Tril",0.88561285898255
"Grik5_Fibroblasts","turquoise","Fibroblasts","Grik5",0.885418650023853
"Cys1_Fibroblasts","turquoise","Fibroblasts","Cys1",0.884770549258238
"Unc45b_EndothelialCells","turquoise","EndothelialCells","Unc45b",0.883853071026995
"Vash1_Fibroblasts","turquoise","Fibroblasts","Vash1",0.883611371045419
"Ushbp1_EndothelialCells","turquoise","EndothelialCells","Ushbp1",0.883601106194955
"Armcx2_Fibroblasts","turquoise","Fibroblasts","Armcx2",0.88246587255535
"Cyth3_EndothelialCells","turquoise","EndothelialCells","Cyth3",0.881666514282641
"Mageh1_EndothelialCells","turquoise","EndothelialCells","Mageh1",0.881164178964107
"Cradd_EndothelialCells","turquoise","EndothelialCells","Cradd",0.88004717666586
"Mapk12_EndothelialCells","turquoise","EndothelialCells","Mapk12",0.879648331422051
"Rgma_Fibroblasts","turquoise","Fibroblasts","Rgma",0.877967135570873
"Trove2_Fibroblasts","turquoise","Fibroblasts","Trove2",0.877918881613374
"Airn_Fibroblasts","turquoise","Fibroblasts","Airn",0.877595914428377
"Gata6_Fibroblasts","turquoise","Fibroblasts","Gata6",0.876962408281148
"Epn1_EndothelialCells","turquoise","EndothelialCells","Epn1",0.876824054804199
"Sgcb_Fibroblasts","turquoise","Fibroblasts","Sgcb",0.87597830336946
"Tgfb1i1_EndothelialCells","turquoise","EndothelialCells","Tgfb1i1",0.874921656502049
"Atg5_EndothelialCells","turquoise","EndothelialCells","Atg5",0.873780327325209
"Rpl21_EndothelialCells","turquoise","EndothelialCells","Rpl21",0.873206633473888
"2810432L12Rik_EndothelialCells","turquoise","EndothelialCells","2810432L12Rik",0.873017135347512
"Gprc5b_Fibroblasts","turquoise","Fibroblasts","Gprc5b",0.872948639994351
"Dclk1_Fibroblasts","turquoise","Fibroblasts","Dclk1",0.871730719396686
"P2ry6_Leukocytes","turquoise","Leukocytes","P2ry6",0.871027874951518
"Dlg2_Fibroblasts","turquoise","Fibroblasts","Dlg2",0.870853454286342
"Gabra3_Fibroblasts","turquoise","Fibroblasts","Gabra3",0.870046078291692
"Fut10_Fibroblasts","turquoise","Fibroblasts","Fut10",0.869344015804643
"Pkd2_Fibroblasts","turquoise","Fibroblasts","Pkd2",0.868099571037761
"Parvb_EndothelialCells","turquoise","EndothelialCells","Parvb",0.86702086987242
"Gm3219_EndothelialCells","turquoise","EndothelialCells","Gm3219",0.866856562252901
"Ddx5_EndothelialCells","turquoise","EndothelialCells","Ddx5",0.866391298092242
"Foxp2_Fibroblasts","turquoise","Fibroblasts","Foxp2",0.865992192257228
"A730098P11Rik_EndothelialCells","turquoise","EndothelialCells","A730098P11Rik",0.865241137830423
"Snhg3_Fibroblasts","turquoise","Fibroblasts","Snhg3",0.863884651270344
"Rai2_Fibroblasts","turquoise","Fibroblasts","Rai2",0.863770235111733
"Tnrc6a_Fibroblasts","turquoise","Fibroblasts","Tnrc6a",0.863206887326967
"Ccdc102a_EndothelialCells","turquoise","EndothelialCells","Ccdc102a",0.862876809103211
"Pcdh19_EndothelialCells","turquoise","EndothelialCells","Pcdh19",0.862699655003465
"C1qc_Leukocytes","turquoise","Leukocytes","C1qc",0.862113841829953
"Arhgap6_Fibroblasts","turquoise","Fibroblasts","Arhgap6",0.862083361870979
"Atxn1l_Fibroblasts","turquoise","Fibroblasts","Atxn1l",0.862030092444342
"Pxmp3_EndothelialCells","turquoise","EndothelialCells","Pxmp3",0.861719332194529
"Plekhh2_Fibroblasts","turquoise","Fibroblasts","Plekhh2",0.861493582887274
"Lims2_EndothelialCells","turquoise","EndothelialCells","Lims2",0.861413186887521
"Emr1_Leukocytes","turquoise","Leukocytes","Emr1",0.860910974286927
"Ubl5_Leukocytes","turquoise","Leukocytes","Ubl5",0.860786248086304
"Rbms3_Fibroblasts","turquoise","Fibroblasts","Rbms3",0.860595796550305
"Cntln_EndothelialCells","turquoise","EndothelialCells","Cntln",0.86020018789771
"Mafb_Leukocytes","turquoise","Leukocytes","Mafb",0.860011573931194
"Rpl31_EndothelialCells","turquoise","EndothelialCells","Rpl31",0.859891965272055
"Llgl1_EndothelialCells","turquoise","EndothelialCells","Llgl1",0.859590851856666
"Unc5b_EndothelialCells","turquoise","EndothelialCells","Unc5b",0.858514682671242
"Otud6b_Fibroblasts","turquoise","Fibroblasts","Otud6b",0.857295773549169
"Tnrc18_Fibroblasts","turquoise","Fibroblasts","Tnrc18",0.857181887558463
"Rcn1_EndothelialCells","turquoise","EndothelialCells","Rcn1",0.857105059218186
"Cd99l2_Fibroblasts","turquoise","Fibroblasts","Cd99l2",0.856986416029414
"Hic1_Fibroblasts","turquoise","Fibroblasts","Hic1",0.856985751102583
"Kdr_EndothelialCells","turquoise","EndothelialCells","Kdr",0.856715396468162
"Clta_Leukocytes","turquoise","Leukocytes","Clta",0.856563867066247
"Prdx4_EndothelialCells","turquoise","EndothelialCells","Prdx4",0.855957581185609
"Smad5_Fibroblasts","turquoise","Fibroblasts","Smad5",0.855634230597056
"Taf15_EndothelialCells","turquoise","EndothelialCells","Taf15",0.855216810050705
"C1qb_Leukocytes","turquoise","Leukocytes","C1qb",0.855031512364867
"Emcn_EndothelialCells","turquoise","EndothelialCells","Emcn",0.854983175754336
"1110046J04Rik_Fibroblasts","turquoise","Fibroblasts","1110046J04Rik",0.85498014431627
"Gm14326_Fibroblasts","turquoise","Fibroblasts","Gm14326",0.854037807235069
"Hey1_EndothelialCells","turquoise","EndothelialCells","Hey1",0.853934767595973
"Evc2_Fibroblasts","turquoise","Fibroblasts","Evc2",0.852946099326214
"Brox_EndothelialCells","turquoise","EndothelialCells","Brox",0.852373834283926
"Stab1_Leukocytes","turquoise","Leukocytes","Stab1",0.851769947640067
"Ino80b_Fibroblasts","turquoise","Fibroblasts","Ino80b",0.851531198453207
"Sema3d_Fibroblasts","turquoise","Fibroblasts","Sema3d",0.851523875474658
"Cables1_EndothelialCells","turquoise","EndothelialCells","Cables1",0.851243208566041
"Akt3_Fibroblasts","turquoise","Fibroblasts","Akt3",0.85100654662207
"Odz3_Fibroblasts","turquoise","Fibroblasts","Odz3",0.850901439214762
"Cd300lg_EndothelialCells","turquoise","EndothelialCells","Cd300lg",0.85066124837105
"Pja2_EndothelialCells","turquoise","EndothelialCells","Pja2",0.850331427863528
"Synpo2_Fibroblasts","turquoise","Fibroblasts","Synpo2",0.850156929179327
"Urm1_Fibroblasts","turquoise","Fibroblasts","Urm1",0.849909363001246
"Osbpl5_Fibroblasts","turquoise","Fibroblasts","Osbpl5",0.849847074744377
"Csf1r_Leukocytes","turquoise","Leukocytes","Csf1r",0.849122690138234
"Khdrbs3_Fibroblasts","turquoise","Fibroblasts","Khdrbs3",0.848760672847916
"Ly96_EndothelialCells","turquoise","EndothelialCells","Ly96",0.848684740059453
"Lrp5_Fibroblasts","turquoise","Fibroblasts","Lrp5",0.848645369433816
"Gulp1_Fibroblasts","turquoise","Fibroblasts","Gulp1",0.848547483310996
"Cd14_Leukocytes","turquoise","Leukocytes","Cd14",0.848526366074058
"Fam174a_Leukocytes","turquoise","Leukocytes","Fam174a",0.848483436436843
"Ntn1_Fibroblasts","turquoise","Fibroblasts","Ntn1",0.847226247817953
"C1qa_Leukocytes","turquoise","Leukocytes","C1qa",0.847224602986981
"Usf2_Fibroblasts","turquoise","Fibroblasts","Usf2",0.846634129750177
"Apoe_Leukocytes","turquoise","Leukocytes","Apoe",0.846073130030222
"Evc_Fibroblasts","turquoise","Fibroblasts","Evc",0.845586158304158
"2610301G19Rik_EndothelialCells","turquoise","EndothelialCells","2610301G19Rik",0.845357669951596
"Ly6c1_EndothelialCells","turquoise","EndothelialCells","Ly6c1",0.844738205340449
"Npc2_Leukocytes","turquoise","Leukocytes","Npc2",0.844594433516403
"Mpdz_Fibroblasts","turquoise","Fibroblasts","Mpdz",0.844428745971232
"Gpx7_EndothelialCells","turquoise","EndothelialCells","Gpx7",0.844310611000572
"5730437N04Rik_EndothelialCells","turquoise","EndothelialCells","5730437N04Rik",0.843594970609734
"Smarcd3_Fibroblasts","turquoise","Fibroblasts","Smarcd3",0.843328872503561
"Fam149a_Fibroblasts","turquoise","Fibroblasts","Fam149a",0.843058193997952
"Atox1_Leukocytes","turquoise","Leukocytes","Atox1",0.843038908014815
"Ppm1f_EndothelialCells","turquoise","EndothelialCells","Ppm1f",0.842517145240066
"Dtx4_Fibroblasts","turquoise","Fibroblasts","Dtx4",0.842496008508268
"Arrb1_Fibroblasts","turquoise","Fibroblasts","Arrb1",0.842083811517824
"Csgalnact2_Fibroblasts","turquoise","Fibroblasts","Csgalnact2",0.842038353289585
"Rps15_EndothelialCells","turquoise","EndothelialCells","Rps15",0.841964453523412
"Tbc1d2b_Fibroblasts","turquoise","Fibroblasts","Tbc1d2b",0.84177482949126
"Pf4_Leukocytes","turquoise","Leukocytes","Pf4",0.841618051106534
"Cxcl12_EndothelialCells","turquoise","EndothelialCells","Cxcl12",0.84149383379839
"Ost4_Leukocytes","turquoise","Leukocytes","Ost4",0.840602379923019
"Ttl_Fibroblasts","turquoise","Fibroblasts","Ttl",0.840565403030762
"Ntpcr_Leukocytes","turquoise","Leukocytes","Ntpcr",0.840101511236838
"Arfip2_EndothelialCells","turquoise","EndothelialCells","Arfip2",0.839992258434023
"Ddx5_Leukocytes","turquoise","Leukocytes","Ddx5",0.839669264565352
"Mcat_EndothelialCells","turquoise","EndothelialCells","Mcat",0.839054476003811
"Lgmn_Leukocytes","turquoise","Leukocytes","Lgmn",0.83811495741895
"Foxc2_Fibroblasts","turquoise","Fibroblasts","Foxc2",0.837952996908635
"Tada2b_Fibroblasts","turquoise","Fibroblasts","Tada2b",0.837935582677346
"Elk3_Fibroblasts","turquoise","Fibroblasts","Elk3",0.837690475392831
"Cdh2_Fibroblasts","turquoise","Fibroblasts","Cdh2",0.837380750320243
"Vwa1_EndothelialCells","turquoise","EndothelialCells","Vwa1",0.837325215668229
"Il10rb_Leukocytes","turquoise","Leukocytes","Il10rb",0.837286702956709
"Fam192a_EndothelialCells","turquoise","EndothelialCells","Fam192a",0.837277711609291
"Rps27a_Fibroblasts","turquoise","Fibroblasts","Rps27a",0.837123574503017
"Cdon_Fibroblasts","turquoise","Fibroblasts","Cdon",0.836812086467309
"Pcdh9_Fibroblasts","turquoise","Fibroblasts","Pcdh9",0.836497493861984
"Gng11_EndothelialCells","turquoise","EndothelialCells","Gng11",0.835322100488097
"Mgat2_EndothelialCells","turquoise","EndothelialCells","Mgat2",0.835276764627326
"Pde6d_EndothelialCells","turquoise","EndothelialCells","Pde6d",0.835150726579538
"C3ar1_Leukocytes","turquoise","Leukocytes","C3ar1",0.835001348891342
"Wdr11_EndothelialCells","turquoise","EndothelialCells","Wdr11",0.834680122432576
"Cebpb_Leukocytes","turquoise","Leukocytes","Cebpb",0.834497281653291
"Spop_EndothelialCells","turquoise","EndothelialCells","Spop",0.834375195319455
"Syde1_Fibroblasts","turquoise","Fibroblasts","Syde1",0.834268958056712
"Folr2_Leukocytes","turquoise","Leukocytes","Folr2",0.834031658042617
"Gng5_Leukocytes","turquoise","Leukocytes","Gng5",0.833675780898336
"Gm14295_EndothelialCells","turquoise","EndothelialCells","Gm14295",0.833542536189486
"Asap2_Fibroblasts","turquoise","Fibroblasts","Asap2",0.833183551772599
"Gm14322_Fibroblasts","turquoise","Fibroblasts","Gm14322",0.832669034650612
"Rps21_EndothelialCells","turquoise","EndothelialCells","Rps21",0.832641762725864
"Tbca_Leukocytes","turquoise","Leukocytes","Tbca",0.832586917532552
"0610007N19Rik_Fibroblasts","turquoise","Fibroblasts","0610007N19Rik",0.832267870226754
"Oxnad1_Fibroblasts","turquoise","Fibroblasts","Oxnad1",0.832093967375655
"Vegfc_EndothelialCells","turquoise","EndothelialCells","Vegfc",0.831750036170972
"Pid1_Leukocytes","turquoise","Leukocytes","Pid1",0.831137801697536
"Tmem204_EndothelialCells","turquoise","EndothelialCells","Tmem204",0.830975029816312
"Dand5_Fibroblasts","turquoise","Fibroblasts","Dand5",0.830726708767242
"Timp2_Leukocytes","turquoise","Leukocytes","Timp2",0.830468139365401
"Nfya_EndothelialCells","turquoise","EndothelialCells","Nfya",0.830372931967138
"Tmco1_Leukocytes","turquoise","Leukocytes","Tmco1",0.830219841315005
"Hfe_Leukocytes","turquoise","Leukocytes","Hfe",0.82962551651113
"Epm2aip1_EndothelialCells","turquoise","EndothelialCells","Epm2aip1",0.829508461873738
"Lpar4_Fibroblasts","turquoise","Fibroblasts","Lpar4",0.829322215881183
"Tcf15_EndothelialCells","turquoise","EndothelialCells","Tcf15",0.829014142523435
"Hspb2_Fibroblasts","turquoise","Fibroblasts","Hspb2",0.828739200560518
"Rusc1_EndothelialCells","turquoise","EndothelialCells","Rusc1",0.828691886343256
"Fcgr3_Leukocytes","turquoise","Leukocytes","Fcgr3",0.828526220111135
"Mgll_EndothelialCells","turquoise","EndothelialCells","Mgll",0.828373904199115
"Nagk_EndothelialCells","turquoise","EndothelialCells","Nagk",0.827846354205573
"Rps14_Leukocytes","turquoise","Leukocytes","Rps14",0.827816410843058
"Rgs17_Fibroblasts","turquoise","Fibroblasts","Rgs17",0.827455811638551
"Taf1b_Fibroblasts","turquoise","Fibroblasts","Taf1b",0.826507429841549
"Trf_Leukocytes","turquoise","Leukocytes","Trf",0.825957909703873
"Syt7_EndothelialCells","turquoise","EndothelialCells","Syt7",0.825851734245315
"Atf5_Fibroblasts","turquoise","Fibroblasts","Atf5",0.82580461941012
"St6galnac6_Fibroblasts","turquoise","Fibroblasts","St6galnac6",0.825460125833302
"Adamtsl5_Fibroblasts","turquoise","Fibroblasts","Adamtsl5",0.825437860718329
"Cd200_EndothelialCells","turquoise","EndothelialCells","Cd200",0.825006404044967
"Bmi1_EndothelialCells","turquoise","EndothelialCells","Bmi1",0.824991101341492
"Rbp7_EndothelialCells","turquoise","EndothelialCells","Rbp7",0.824899262183466
"Lpar4_EndothelialCells","turquoise","EndothelialCells","Lpar4",0.823473621267132
"5031426D15Rik_Fibroblasts","turquoise","Fibroblasts","5031426D15Rik",0.823465129000877
"Pdzd4_Fibroblasts","turquoise","Fibroblasts","Pdzd4",0.823463333589286
"Mfsd6_Fibroblasts","turquoise","Fibroblasts","Mfsd6",0.823265588051262
"Mex3d_Fibroblasts","turquoise","Fibroblasts","Mex3d",0.822406989994659
"Dleu2_Leukocytes","turquoise","Leukocytes","Dleu2",0.822377995504749
"Fzd7_Fibroblasts","turquoise","Fibroblasts","Fzd7",0.822137150090681
"Mrc1_Leukocytes","turquoise","Leukocytes","Mrc1",0.822103998866163
"Aida_Fibroblasts","turquoise","Fibroblasts","Aida",0.82199002263961
"Mier2_Fibroblasts","turquoise","Fibroblasts","Mier2",0.821587677466126
"Rassf4_EndothelialCells","turquoise","EndothelialCells","Rassf4",0.821409734788913
"Kifap3_Fibroblasts","turquoise","Fibroblasts","Kifap3",0.82137443527048
"Tmem176b_Leukocytes","turquoise","Leukocytes","Tmem176b",0.821312832175809
"Ms4a7_Leukocytes","turquoise","Leukocytes","Ms4a7",0.821058135952063
"Rsrc1_EndothelialCells","turquoise","EndothelialCells","Rsrc1",0.820284871671267
"Klf15_Fibroblasts","turquoise","Fibroblasts","Klf15",0.820145316485025
"C2cd2_EndothelialCells","turquoise","EndothelialCells","C2cd2",0.820142080960179
"Arhgap10_EndothelialCells","turquoise","EndothelialCells","Arhgap10",0.820059083866973
"5730409E04Rik_EndothelialCells","turquoise","EndothelialCells","5730409E04Rik",0.819942413803967
"Camk1_Leukocytes","turquoise","Leukocytes","Camk1",0.819394350826338
"Sept4_EndothelialCells","turquoise","EndothelialCells","Sept4",0.819339261679397
"Pogk_EndothelialCells","turquoise","EndothelialCells","Pogk",0.819098653615412
"Negr1_Fibroblasts","turquoise","Fibroblasts","Negr1",0.81871140557259
"Ormdl3_EndothelialCells","turquoise","EndothelialCells","Ormdl3",0.818539866251457
"Acyp2_EndothelialCells","turquoise","EndothelialCells","Acyp2",0.818507880307614
"Morf4l1_Leukocytes","turquoise","Leukocytes","Morf4l1",0.8180228287609
"Mrpl1_EndothelialCells","turquoise","EndothelialCells","Mrpl1",0.817840365201002
"Sh3glb1_Leukocytes","turquoise","Leukocytes","Sh3glb1",0.817736581481885
"Cxcl16_Leukocytes","turquoise","Leukocytes","Cxcl16",0.817382941319112
"Slc7a6os_EndothelialCells","turquoise","EndothelialCells","Slc7a6os",0.817072732660626
"Cmtm3_Leukocytes","turquoise","Leukocytes","Cmtm3",0.816820627298241
"Pdgfrb_Fibroblasts","turquoise","Fibroblasts","Pdgfrb",0.81642700330624
"Mecom_EndothelialCells","turquoise","EndothelialCells","Mecom",0.815580330666351
"Rpl11_Leukocytes","turquoise","Leukocytes","Rpl11",0.815549523372279
"Gatsl3_EndothelialCells","turquoise","EndothelialCells","Gatsl3",0.815244668230902
"Lilra5_Leukocytes","turquoise","Leukocytes","Lilra5",0.814936633442883
"D3Ertd254e_Fibroblasts","turquoise","Fibroblasts","D3Ertd254e",0.814850365003343
"Dlc1_Fibroblasts","turquoise","Fibroblasts","Dlc1",0.814727689215433
"Hnrnpa3_Leukocytes","turquoise","Leukocytes","Hnrnpa3",0.81471885259592
"Imp3_EndothelialCells","turquoise","EndothelialCells","Imp3",0.81445920934676
"Jam3_EndothelialCells","turquoise","EndothelialCells","Jam3",0.814184727633948
"Ppapdc3_Fibroblasts","turquoise","Fibroblasts","Ppapdc3",0.814080520974328
"Nol3_Fibroblasts","turquoise","Fibroblasts","Nol3",0.813984671332608
"Dab2_Leukocytes","turquoise","Leukocytes","Dab2",0.813545524262944
"Esam_EndothelialCells","turquoise","EndothelialCells","Esam",0.813361251158345
"Fkbp14_Fibroblasts","turquoise","Fibroblasts","Fkbp14",0.813301057910121
"Nid2_EndothelialCells","turquoise","EndothelialCells","Nid2",0.813032451779919
"Gm14403_Fibroblasts","turquoise","Fibroblasts","Gm14403",0.812916867449942
"Rps15_EndocardialCells","turquoise","EndocardialCells","Rps15",0.812563378640783
"Tspan15_EndothelialCells","turquoise","EndothelialCells","Tspan15",0.812425494545835
"Igf1_Leukocytes","turquoise","Leukocytes","Igf1",0.812283845445599
"Rpl22_Fibroblasts","turquoise","Fibroblasts","Rpl22",0.812276501968423
"Gata4_Fibroblasts","turquoise","Fibroblasts","Gata4",0.812269823260608
"Capns1_Leukocytes","turquoise","Leukocytes","Capns1",0.812252051863677
"Irf2bp2_Leukocytes","turquoise","Leukocytes","Irf2bp2",0.81202293893647
"Adcyap1r1_Fibroblasts","turquoise","Fibroblasts","Adcyap1r1",0.811749853880641
"Lmbr1_EndothelialCells","turquoise","EndothelialCells","Lmbr1",0.811721380165374
"Megf10_Fibroblasts","turquoise","Fibroblasts","Megf10",0.81165860745713
"Hspa12a_Fibroblasts","turquoise","Fibroblasts","Hspa12a",0.811638283238295
"Zbtb4_EndothelialCells","turquoise","EndothelialCells","Zbtb4",0.811434931034938
"Gm13476_Leukocytes","turquoise","Leukocytes","Gm13476",0.811131286912817
"B430010I23Rik_EndothelialCells","turquoise","EndothelialCells","B430010I23Rik",0.81043566667635
"Zfp385a_Fibroblasts","turquoise","Fibroblasts","Zfp385a",0.810307490623925
"4933431E20Rik_Fibroblasts","turquoise","Fibroblasts","4933431E20Rik",0.810253403389673
"Ttc28_Fibroblasts","turquoise","Fibroblasts","Ttc28",0.809779083763223
"Fzd2_Fibroblasts","turquoise","Fibroblasts","Fzd2",0.809333875109215
"Ankrd46_EndothelialCells","turquoise","EndothelialCells","Ankrd46",0.809306764086741
"Serf2_Leukocytes","turquoise","Leukocytes","Serf2",0.80920095701706
"1500009L16Rik_Fibroblasts","turquoise","Fibroblasts","1500009L16Rik",0.809110334433215
"Rhbdl3_Fibroblasts","turquoise","Fibroblasts","Rhbdl3",0.808608787986417
"Mtss1l_Fibroblasts","turquoise","Fibroblasts","Mtss1l",0.808316039961853
"Chtf8_Fibroblasts","turquoise","Fibroblasts","Chtf8",0.807916891709129
"Hic1_EndothelialCells","turquoise","EndothelialCells","Hic1",0.807793606670196
"Asah1_Leukocytes","turquoise","Leukocytes","Asah1",0.807762785253729
"2810468N07Rik_Fibroblasts","turquoise","Fibroblasts","2810468N07Rik",0.807494402503565
"Rps6kc1_Fibroblasts","turquoise","Fibroblasts","Rps6kc1",0.807356178580866
"Syap1_EndothelialCells","turquoise","EndothelialCells","Syap1",0.807068016229432
"Gdi2_Leukocytes","turquoise","Leukocytes","Gdi2",0.807038208523573
"Tgfbr2_Leukocytes","turquoise","Leukocytes","Tgfbr2",0.806904326600893
"Dse_Fibroblasts","turquoise","Fibroblasts","Dse",0.80678132973029
"Psenen_Leukocytes","turquoise","Leukocytes","Psenen",0.806747425822562
"Rpl21_Leukocytes","turquoise","Leukocytes","Rpl21",0.806706649021787
"D19Wsu162e_Fibroblasts","turquoise","Fibroblasts","D19Wsu162e",0.806631834914054
"Ppp3cb_Fibroblasts","turquoise","Fibroblasts","Ppp3cb",0.806437059787265
"Hmgn3_Fibroblasts","turquoise","Fibroblasts","Hmgn3",0.806327436821171
"Pea15a_Leukocytes","turquoise","Leukocytes","Pea15a",0.806050423811591
"Tle6_Fibroblasts","turquoise","Fibroblasts","Tle6",0.805995118629919
"Nelf_EndothelialCells","turquoise","EndothelialCells","Nelf",0.805905102958887
"Rpl29_Leukocytes","turquoise","Leukocytes","Rpl29",0.805607889838669
"Btf3_EndothelialCells","turquoise","EndothelialCells","Btf3",0.805458211653
"Zmynd15_Fibroblasts","turquoise","Fibroblasts","Zmynd15",0.805101015487989
"Stbd1_Fibroblasts","turquoise","Fibroblasts","Stbd1",0.804933821449384
"Tppp_EndothelialCells","turquoise","EndothelialCells","Tppp",0.804551755738205
"Gng8_Fibroblasts","turquoise","Fibroblasts","Gng8",0.804363869483543
"Mnt_EndothelialCells","turquoise","EndothelialCells","Mnt",0.804287979218199
"Selm_Leukocytes","turquoise","Leukocytes","Selm",0.80424562963157
"LOC545261_Fibroblasts","turquoise","Fibroblasts","LOC545261",0.804143657989046
"Bin3_EndothelialCells","turquoise","EndothelialCells","Bin3",0.803939837950334
"Ehd2_EndothelialCells","turquoise","EndothelialCells","Ehd2",0.803930468340848
"Vit_Fibroblasts","turquoise","Fibroblasts","Vit",0.803824166027612
"8430410K20Rik_EndothelialCells","turquoise","EndothelialCells","8430410K20Rik",0.803767417373246
"Exosc7_EndothelialCells","turquoise","EndothelialCells","Exosc7",0.803741694053799
"Chd8_Fibroblasts","turquoise","Fibroblasts","Chd8",0.803537364981465
"Ddx18_EndothelialCells","turquoise","EndothelialCells","Ddx18",0.803387425062234
"Fgf7_Fibroblasts","turquoise","Fibroblasts","Fgf7",0.802910738540727
"1110059G10Rik_EndothelialCells","turquoise","EndothelialCells","1110059G10Rik",0.802903697159755
"Hexa_Leukocytes","turquoise","Leukocytes","Hexa",0.802631232290984
"Acbd4_Fibroblasts","turquoise","Fibroblasts","Acbd4",0.802562305137397
"Armcx2_EndothelialCells","turquoise","EndothelialCells","Armcx2",0.802415433935943
"Ggh_Leukocytes","turquoise","Leukocytes","Ggh",0.802401579885312
"Fgf12_Myocytes","turquoise","Myocytes","Fgf12",0.802287642538258
"Rad21_EndothelialCells","turquoise","EndothelialCells","Rad21",0.802232707935222
"2810008M24Rik_EndothelialCells","turquoise","EndothelialCells","2810008M24Rik",0.802157858759031
"Etv1_Fibroblasts","turquoise","Fibroblasts","Etv1",0.801613767148244
"Rab40b_Fibroblasts","turquoise","Fibroblasts","Rab40b",0.801493883615789
"Cfh_Leukocytes","turquoise","Leukocytes","Cfh",0.801428141274432
"Vangl1_Fibroblasts","turquoise","Fibroblasts","Vangl1",0.801333797767191
"Wscd1_EndothelialCells","turquoise","EndothelialCells","Wscd1",0.800786283834549
"Zfp442_Fibroblasts","turquoise","Fibroblasts","Zfp442",0.800744395371957
"C1qtnf1_EndothelialCells","turquoise","EndothelialCells","C1qtnf1",0.800541311603715
"Kctd13_EndothelialCells","turquoise","EndothelialCells","Kctd13",0.800520979969445
"Snapc5_EndothelialCells","turquoise","EndothelialCells","Snapc5",0.800366860341886
"Zfp445_Fibroblasts","turquoise","Fibroblasts","Zfp445",0.800311786350696
"Dcaf17_EndothelialCells","turquoise","EndothelialCells","Dcaf17",0.800208786179286
"Aif1_Leukocytes","turquoise","Leukocytes","Aif1",0.800123705576416
"Dync1i2_Leukocytes","turquoise","Leukocytes","Dync1i2",0.799922632659272
"Brdt_Fibroblasts","turquoise","Fibroblasts","Brdt",0.7999011274375
"Zmym6_EndothelialCells","turquoise","EndothelialCells","Zmym6",0.799779343960272
"Zeb2_Leukocytes","turquoise","Leukocytes","Zeb2",0.799646131571909
"Rpl15_Leukocytes","turquoise","Leukocytes","Rpl15",0.799629109779508
"Rps4x_Leukocytes","turquoise","Leukocytes","Rps4x",0.798973458231937
"Siva1_EndothelialCells","turquoise","EndothelialCells","Siva1",0.798962640749
"LOC545261_EndothelialCells","turquoise","EndothelialCells","LOC545261",0.798678271064362
"Snapc3_EndothelialCells","turquoise","EndothelialCells","Snapc3",0.798121835005949
"Tslp_Fibroblasts","turquoise","Fibroblasts","Tslp",0.798087369587109
"1700019D03Rik_Fibroblasts","turquoise","Fibroblasts","1700019D03Rik",0.797889363921282
"Rtn4_Leukocytes","turquoise","Leukocytes","Rtn4",0.797651654040791
"Ctdp1_EndothelialCells","turquoise","EndothelialCells","Ctdp1",0.797618648803498
"Ndufb4_Leukocytes","turquoise","Leukocytes","Ndufb4",0.797596813614266
"D8Ertd738e_Leukocytes","turquoise","Leukocytes","D8Ertd738e",0.797496475342901
"Cyp1b1_Fibroblasts","turquoise","Fibroblasts","Cyp1b1",0.797374773383239
"H3f3b_Leukocytes","turquoise","Leukocytes","H3f3b",0.79722980484299
"Heyl_Fibroblasts","turquoise","Fibroblasts","Heyl",0.797138868825457
"Zfp937_Fibroblasts","turquoise","Fibroblasts","Zfp937",0.796796807440271
"Tril_EndothelialCells","turquoise","EndothelialCells","Tril",0.796776082559532
"Ctsc_Leukocytes","turquoise","Leukocytes","Ctsc",0.796701112458417
"Tbx18_Fibroblasts","turquoise","Fibroblasts","Tbx18",0.79663716668068
"Pitpnb_EndothelialCells","turquoise","EndothelialCells","Pitpnb",0.796627629874194
"Cul4a_Fibroblasts","turquoise","Fibroblasts","Cul4a",0.796468005528784
"Rab34_Fibroblasts","turquoise","Fibroblasts","Rab34",0.796194332773028
"Ikzf5_EndothelialCells","turquoise","EndothelialCells","Ikzf5",0.796090616395027
"Nxt2_Fibroblasts","turquoise","Fibroblasts","Nxt2",0.795923825339886
"Gnb4_EndothelialCells","turquoise","EndothelialCells","Gnb4",0.795873526060404
"Nsa2_Leukocytes","turquoise","Leukocytes","Nsa2",0.795827433013267
"Ctsh_Leukocytes","turquoise","Leukocytes","Ctsh",0.795684790471468
"Pfdn5_Leukocytes","turquoise","Leukocytes","Pfdn5",0.795616447548094
"Armcx4_Fibroblasts","turquoise","Fibroblasts","Armcx4",0.795579271378212
"Uchl1_EndothelialCells","turquoise","EndothelialCells","Uchl1",0.7955766545057
"Tmem80_EndothelialCells","turquoise","EndothelialCells","Tmem80",0.795450797137448
"Mrpl23_Leukocytes","turquoise","Leukocytes","Mrpl23",0.794946851416599
"Lsm5_Fibroblasts","turquoise","Fibroblasts","Lsm5",0.794706348625587
"Tstd2_Fibroblasts","turquoise","Fibroblasts","Tstd2",0.794520168940392
"Fam43a_Fibroblasts","turquoise","Fibroblasts","Fam43a",0.794420572818944
"Iars2_EndothelialCells","turquoise","EndothelialCells","Iars2",0.794386388309978
"Arpp19_Leukocytes","turquoise","Leukocytes","Arpp19",0.794380083977712
"Fam19a5_Fibroblasts","turquoise","Fibroblasts","Fam19a5",0.794340330118139
"Bst2_Leukocytes","turquoise","Leukocytes","Bst2",0.794316130501186
"Tpcn1_EndothelialCells","turquoise","EndothelialCells","Tpcn1",0.794314625029173
"Mcee_Leukocytes","turquoise","Leukocytes","Mcee",0.794199191955842
"Rpl36_Leukocytes","turquoise","Leukocytes","Rpl36",0.794101798794228
"Fcgrt_Leukocytes","turquoise","Leukocytes","Fcgrt",0.793810291968322
"Rnf130_Leukocytes","turquoise","Leukocytes","Rnf130",0.793810154777142
"Snhg5_Fibroblasts","turquoise","Fibroblasts","Snhg5",0.793598195049858
"Atoh8_EndothelialCells","turquoise","EndothelialCells","Atoh8",0.793534664646027
"Ninj1_Leukocytes","turquoise","Leukocytes","Ninj1",0.793319322468872
"Dazap1_Fibroblasts","turquoise","Fibroblasts","Dazap1",0.793033736813303
"2310047M10Rik_Leukocytes","turquoise","Leukocytes","2310047M10Rik",0.792977342556223
"B3gnt9-ps_Fibroblasts","turquoise","Fibroblasts","B3gnt9-ps",0.792921973505737
"Fam188b_Fibroblasts","turquoise","Fibroblasts","Fam188b",0.792629683864662
"Fktn_Fibroblasts","turquoise","Fibroblasts","Fktn",0.792599516998704
"Flywch1_EndothelialCells","turquoise","EndothelialCells","Flywch1",0.792574328915784
"6330408A02Rik_Fibroblasts","turquoise","Fibroblasts","6330408A02Rik",0.792568795534837
"Chmp7_EndothelialCells","turquoise","EndothelialCells","Chmp7",0.79254271742007
"Leng1_EndothelialCells","turquoise","EndothelialCells","Leng1",0.792383716613649
"1300018I17Rik_Fibroblasts","turquoise","Fibroblasts","1300018I17Rik",0.792244849723405
"Rps23_Leukocytes","turquoise","Leukocytes","Rps23",0.792179555926868
"Clip2_EndothelialCells","turquoise","EndothelialCells","Clip2",0.7919772825915
"Abhd12_Leukocytes","turquoise","Leukocytes","Abhd12",0.791946538277057
"Acvr1_Fibroblasts","turquoise","Fibroblasts","Acvr1",0.791734430369198
"Rnf34_EndothelialCells","turquoise","EndothelialCells","Rnf34",0.791689604010214
"P2rx4_Leukocytes","turquoise","Leukocytes","P2rx4",0.791490740388407
"Cdyl_EndothelialCells","turquoise","EndothelialCells","Cdyl",0.791376320072055
"Zfp365_Fibroblasts","turquoise","Fibroblasts","Zfp365",0.791164749261712
"Btf3_Leukocytes","turquoise","Leukocytes","Btf3",0.791108044331403
"Thumpd1_EndothelialCells","turquoise","EndothelialCells","Thumpd1",0.791040305542318
"Fundc1_EndothelialCells","turquoise","EndothelialCells","Fundc1",0.790970124439577
"Dmd_Fibroblasts","turquoise","Fibroblasts","Dmd",0.79070647723905
"Polr3gl_Leukocytes","turquoise","Leukocytes","Polr3gl",0.790683758811403
"Ly96_Leukocytes","turquoise","Leukocytes","Ly96",0.790566666074156
"Ndufc2_Leukocytes","turquoise","Leukocytes","Ndufc2",0.790031866373728
"Rpl10_Leukocytes","turquoise","Leukocytes","Rpl10",0.789865302942087
"2510012J08Rik_EndothelialCells","turquoise","EndothelialCells","2510012J08Rik",0.789540600615054
"St5_Fibroblasts","turquoise","Fibroblasts","St5",0.789441417096097
"Ptprg_Fibroblasts","turquoise","Fibroblasts","Ptprg",0.789254713313174
"R3hcc1_EndothelialCells","turquoise","EndothelialCells","R3hcc1",0.789205571362182
"Ar_Fibroblasts","turquoise","Fibroblasts","Ar",0.788936684739601
"Rps25_Leukocytes","turquoise","Leukocytes","Rps25",0.78891503450505
"Hsd17b11_EndothelialCells","turquoise","EndothelialCells","Hsd17b11",0.788736911902852
"Sumf1_EndothelialCells","turquoise","EndothelialCells","Sumf1",0.788625824575069
"Tomm7_EndothelialCells","turquoise","EndothelialCells","Tomm7",0.788488995325457
"Gusb_Leukocytes","turquoise","Leukocytes","Gusb",0.788318627939215
"Zfp9_Fibroblasts","turquoise","Fibroblasts","Zfp9",0.787804274200239
"Stx4a_Leukocytes","turquoise","Leukocytes","Stx4a",0.787787186438943
"Entpd4_Fibroblasts","turquoise","Fibroblasts","Entpd4",0.78767891489492
"B3galtl_Fibroblasts","turquoise","Fibroblasts","B3galtl",0.787674074691592
"6330403K07Rik_Fibroblasts","turquoise","Fibroblasts","6330403K07Rik",0.787656274904465
"Sept8_EndothelialCells","turquoise","EndothelialCells","Sept8",0.787648877606847
"Thsd7a_EndothelialCells","turquoise","EndothelialCells","Thsd7a",0.787342240248752
"5430416O09Rik_Fibroblasts","turquoise","Fibroblasts","5430416O09Rik",0.787285695414885
"Nenf_Leukocytes","turquoise","Leukocytes","Nenf",0.787259769669021
"Rps13_Leukocytes","turquoise","Leukocytes","Rps13",0.786947775203762
"Unc93b1_Leukocytes","turquoise","Leukocytes","Unc93b1",0.78675027514684
"Comt_Leukocytes","turquoise","Leukocytes","Comt",0.786643164223882
"Nudt13_Fibroblasts","turquoise","Fibroblasts","Nudt13",0.786098690526412
"Rpl23a_Leukocytes","turquoise","Leukocytes","Rpl23a",0.78579303214519
"4930572J05Rik_Fibroblasts","turquoise","Fibroblasts","4930572J05Rik",0.785749358733161
"Atp5l_Leukocytes","turquoise","Leukocytes","Atp5l",0.785587689758081
"Rpl29_EndothelialCells","turquoise","EndothelialCells","Rpl29",0.785370068245506
"Pcbp2_Leukocytes","turquoise","Leukocytes","Pcbp2",0.784816511669537
"Shfm1_Leukocytes","turquoise","Leukocytes","Shfm1",0.784551090972829
"Dact3_Fibroblasts","turquoise","Fibroblasts","Dact3",0.784516018304105
"Fam102b_Fibroblasts","turquoise","Fibroblasts","Fam102b",0.78448359784105
"Amigo1_Fibroblasts","turquoise","Fibroblasts","Amigo1",0.784368208350272
"Klhl8_EndothelialCells","turquoise","EndothelialCells","Klhl8",0.784318162616757
"Rplp1_Leukocytes","turquoise","Leukocytes","Rplp1",0.784307398423496
"Dsel_Fibroblasts","turquoise","Fibroblasts","Dsel",0.784147348653435
"Chd3_Fibroblasts","turquoise","Fibroblasts","Chd3",0.784053714871695
"Marcksl1_Leukocytes","turquoise","Leukocytes","Marcksl1",0.783815794072841
"Tshz1_EndothelialCells","turquoise","EndothelialCells","Tshz1",0.783679679187644
"Rps24_Leukocytes","turquoise","Leukocytes","Rps24",0.783646459367235
"Arpc2_Leukocytes","turquoise","Leukocytes","Arpc2",0.78341284064795
"Etnk1_Fibroblasts","turquoise","Fibroblasts","Etnk1",0.783383363726226
"Gatc_EndothelialCells","turquoise","EndothelialCells","Gatc",0.783259760079396
"Zfp385a_Leukocytes","turquoise","Leukocytes","Zfp385a",0.78309104915078
"C2cd2_Fibroblasts","turquoise","Fibroblasts","C2cd2",0.783029187682966
"Rpl32_Leukocytes","turquoise","Leukocytes","Rpl32",0.782749387955284
"Fndc3b_Fibroblasts","turquoise","Fibroblasts","Fndc3b",0.782658719684556
"Nfya_Fibroblasts","turquoise","Fibroblasts","Nfya",0.782639564629033
"Polr2k_Leukocytes","turquoise","Leukocytes","Polr2k",0.782620625293484
"Usp1_EndothelialCells","turquoise","EndothelialCells","Usp1",0.78194325558603
"Tmed7_Leukocytes","turquoise","Leukocytes","Tmed7",0.781814774201426
"Frzb_Fibroblasts","turquoise","Fibroblasts","Frzb",0.781631663351677
"Zcchc7_EndothelialCells","turquoise","EndothelialCells","Zcchc7",0.781618938427079
"A230050P20Rik_Fibroblasts","turquoise","Fibroblasts","A230050P20Rik",0.781505959276134
"Qk_Leukocytes","turquoise","Leukocytes","Qk",0.781437411788078
"5730494M16Rik_EndothelialCells","turquoise","EndothelialCells","5730494M16Rik",0.781004571024219
"Snhg3_EndothelialCells","turquoise","EndothelialCells","Snhg3",0.780982545685666
"Spna2_EndothelialCells","turquoise","EndothelialCells","Spna2",0.78069322344354
"Slc31a2_EndothelialCells","turquoise","EndothelialCells","Slc31a2",0.780441999146914
"Nlgn2_Fibroblasts","turquoise","Fibroblasts","Nlgn2",0.780243732300732
"Zbtb4_EndocardialCells","turquoise","EndocardialCells","Zbtb4",0.779989993346824
"Rnf13_Leukocytes","turquoise","Leukocytes","Rnf13",0.779942866016003
"Myrip_Fibroblasts","turquoise","Fibroblasts","Myrip",0.779146382414415
"Gm3219_Fibroblasts","turquoise","Fibroblasts","Gm3219",0.779126625780227
"Phxr4_Fibroblasts","turquoise","Fibroblasts","Phxr4",0.778934236376322
"Zfp433_EndothelialCells","turquoise","EndothelialCells","Zfp433",0.778821337272824
"Efs_Fibroblasts","turquoise","Fibroblasts","Efs",0.778740913776929
"Isoc2a_Fibroblasts","turquoise","Fibroblasts","Isoc2a",0.77847301775087
"Lamtor2_Leukocytes","turquoise","Leukocytes","Lamtor2",0.778464851773493
"Edc3_EndothelialCells","turquoise","EndothelialCells","Edc3",0.778412502364512
"Abcc9_Fibroblasts","turquoise","Fibroblasts","Abcc9",0.777995908459344
"Igfbp4_Leukocytes","turquoise","Leukocytes","Igfbp4",0.777973344735367
"Sult1a1_EndothelialCells","turquoise","EndothelialCells","Sult1a1",0.777938268759037
"Smad6_EndocardialCells","turquoise","EndocardialCells","Smad6",0.777808574587983
"Mapk8ip1_Fibroblasts","turquoise","Fibroblasts","Mapk8ip1",0.777623587913792
"Polr2d_EndothelialCells","turquoise","EndothelialCells","Polr2d",0.777505522858452
"1700123O20Rik_EndothelialCells","turquoise","EndothelialCells","1700123O20Rik",0.777331641607693
"Prcc_EndothelialCells","turquoise","EndothelialCells","Prcc",0.777233250744143
"Cyp2d22_EndothelialCells","turquoise","EndothelialCells","Cyp2d22",0.776936414995764
"Unc5b_Fibroblasts","turquoise","Fibroblasts","Unc5b",0.776803778554489
"2310004I24Rik_EndothelialCells","turquoise","EndothelialCells","2310004I24Rik",0.776252346966732
"Dcbld2_Fibroblasts","turquoise","Fibroblasts","Dcbld2",0.776001570786079
"Rpl35_Leukocytes","turquoise","Leukocytes","Rpl35",0.775800162991176
"Pi15_Fibroblasts","turquoise","Fibroblasts","Pi15",0.775356640371441
"Rps27a_Leukocytes","turquoise","Leukocytes","Rps27a",0.775072043441395
"Prmt7_EndothelialCells","turquoise","EndothelialCells","Prmt7",0.774783086040915
"Eif5a2_Fibroblasts","turquoise","Fibroblasts","Eif5a2",0.774661759792774
"2810408M09Rik_EndothelialCells","turquoise","EndothelialCells","2810408M09Rik",0.774128608291682
"Arhgef17_Fibroblasts","turquoise","Fibroblasts","Arhgef17",0.774026269365812
"Tmx3_Leukocytes","turquoise","Leukocytes","Tmx3",0.774014774494159
"Gtf3c2_Fibroblasts","turquoise","Fibroblasts","Gtf3c2",0.773873556439783
"Rps28_EndothelialCells","turquoise","EndothelialCells","Rps28",0.773856261628268
"Gtf3c2_EndothelialCells","turquoise","EndothelialCells","Gtf3c2",0.77384946304107
"Zbtb39_Fibroblasts","turquoise","Fibroblasts","Zbtb39",0.773718444302896
"Large_Fibroblasts","turquoise","Fibroblasts","Large",0.773680866515215
"Prcp_Leukocytes","turquoise","Leukocytes","Prcp",0.773660719741451
"Orai3_EndothelialCells","turquoise","EndothelialCells","Orai3",0.773303376260918
"Nrxn2_Fibroblasts","turquoise","Fibroblasts","Nrxn2",0.773233684681397
"Nfxl1_Fibroblasts","turquoise","Fibroblasts","Nfxl1",0.773211152947795
"Tnip2_EndothelialCells","turquoise","EndothelialCells","Tnip2",0.773094478702949
"Mfsd6_EndothelialCells","turquoise","EndothelialCells","Mfsd6",0.773058669149803
"Rpl23_Leukocytes","turquoise","Leukocytes","Rpl23",0.772937460112735
"Rps26_Leukocytes","turquoise","Leukocytes","Rps26",0.772737423840636
"Atl1_Fibroblasts","turquoise","Fibroblasts","Atl1",0.772600175322397
"Ttc30b_Fibroblasts","turquoise","Fibroblasts","Ttc30b",0.772564325633756
"Fam89a_EndothelialCells","turquoise","EndothelialCells","Fam89a",0.772513916642882
"Kctd17_Fibroblasts","turquoise","Fibroblasts","Kctd17",0.772456034139725
"Ryk_Fibroblasts","turquoise","Fibroblasts","Ryk",0.772403975989478
"D630033O11Rik_Fibroblasts","turquoise","Fibroblasts","D630033O11Rik",0.772084398032077
"Pcdhb17_Fibroblasts","turquoise","Fibroblasts","Pcdhb17",0.771967432137804
"Rnf215_EndothelialCells","turquoise","EndothelialCells","Rnf215",0.77171372510603
"Tlr3_EndothelialCells","turquoise","EndothelialCells","Tlr3",0.771571488237124
"Ppp1r9b_Leukocytes","turquoise","Leukocytes","Ppp1r9b",0.771467039829435
"Dusp1_Leukocytes","turquoise","Leukocytes","Dusp1",0.771384993926912
"Rps6_Leukocytes","turquoise","Leukocytes","Rps6",0.771129619870135
"Als2cr4_EndothelialCells","turquoise","EndothelialCells","Als2cr4",0.770997307724718
"Prkacb_Fibroblasts","turquoise","Fibroblasts","Prkacb",0.770651570271912
"Rpl22_Leukocytes","turquoise","Leukocytes","Rpl22",0.770608966532724
"Plce1_Fibroblasts","turquoise","Fibroblasts","Plce1",0.770576909467662
"Rpl9_Leukocytes","turquoise","Leukocytes","Rpl9",0.770240373407183
"Mgat2_Leukocytes","turquoise","Leukocytes","Mgat2",0.770159321881377
"Rpl28_Leukocytes","turquoise","Leukocytes","Rpl28",0.770110130599099
"0610009O20Rik_EndothelialCells","turquoise","EndothelialCells","0610009O20Rik",0.76998239845355
"Rilpl1_EndothelialCells","turquoise","EndothelialCells","Rilpl1",0.769908829587705
"Bok_Fibroblasts","turquoise","Fibroblasts","Bok",0.769724864840126
"Rit1_Leukocytes","turquoise","Leukocytes","Rit1",0.769653556508514
"Rbpj_Leukocytes","turquoise","Leukocytes","Rbpj",0.76961118526703
"Tead2_Fibroblasts","turquoise","Fibroblasts","Tead2",0.769320477428609
"3110001D03Rik_EndothelialCells","turquoise","EndothelialCells","3110001D03Rik",0.769129983063089
"Gas6_Leukocytes","turquoise","Leukocytes","Gas6",0.768739075397914
"1500002O20Rik_EndothelialCells","turquoise","EndothelialCells","1500002O20Rik",0.768647655034554
"Cog4_EndothelialCells","turquoise","EndothelialCells","Cog4",0.768540106946918
"9130008F23Rik_Fibroblasts","turquoise","Fibroblasts","9130008F23Rik",0.768060031837566
"Acvr1_EndocardialCells","turquoise","EndocardialCells","Acvr1",0.767879827856858
"Kdm1b_EndothelialCells","turquoise","EndothelialCells","Kdm1b",0.767854848577928
"Rplp2_Leukocytes","turquoise","Leukocytes","Rplp2",0.767604968623491
"Rpl36al_Leukocytes","turquoise","Leukocytes","Rpl36al",0.767564914081698
"Aoc3_Fibroblasts","turquoise","Fibroblasts","Aoc3",0.767513304835056
"Fau_Leukocytes","turquoise","Leukocytes","Fau",0.767298920580108
"D19Ertd386e_EndothelialCells","turquoise","EndothelialCells","D19Ertd386e",0.767193795403207
"Rps16_Leukocytes","turquoise","Leukocytes","Rps16",0.766855254149788
"5031425E22Rik_EndothelialCells","turquoise","EndothelialCells","5031425E22Rik",0.766804618931646
"Snai2_Fibroblasts","turquoise","Fibroblasts","Snai2",0.766722745301387
"Rgs10_Leukocytes","turquoise","Leukocytes","Rgs10",0.766426691066581
"Gucy1a2_Fibroblasts","turquoise","Fibroblasts","Gucy1a2",0.766389953723976
"Tpt1_Leukocytes","turquoise","Leukocytes","Tpt1",0.76613650269877
"Mapk3_Leukocytes","turquoise","Leukocytes","Mapk3",0.766118240783965
"Rpl31_Leukocytes","turquoise","Leukocytes","Rpl31",0.765721516519075
"Samd14_Fibroblasts","turquoise","Fibroblasts","Samd14",0.76569684563703
"Ubr3_Fibroblasts","turquoise","Fibroblasts","Ubr3",0.765492101047681
"Ahdc1_Fibroblasts","turquoise","Fibroblasts","Ahdc1",0.765138070340355
"Mbtps1_EndothelialCells","turquoise","EndothelialCells","Mbtps1",0.76509336557378
"Snx16_Fibroblasts","turquoise","Fibroblasts","Snx16",0.765028587871522
"Plekhg2_Fibroblasts","turquoise","Fibroblasts","Plekhg2",0.764838003669065
"Tbxas1_Leukocytes","turquoise","Leukocytes","Tbxas1",0.764821751744506
"Blvrb_Leukocytes","turquoise","Leukocytes","Blvrb",0.764810419397744
"Ecscr_EndothelialCells","turquoise","EndothelialCells","Ecscr",0.764692527856779
"Ncoa4_EndothelialCells","turquoise","EndothelialCells","Ncoa4",0.764676009428217
"Yap1_Fibroblasts","turquoise","Fibroblasts","Yap1",0.764214390718698
"Bmf_Fibroblasts","turquoise","Fibroblasts","Bmf",0.763961494736381
"Ergic3_Leukocytes","turquoise","Leukocytes","Ergic3",0.763759436807411
"Lgals3bp_Leukocytes","turquoise","Leukocytes","Lgals3bp",0.763663482437562
"Golga2_EndothelialCells","turquoise","EndothelialCells","Golga2",0.763550988918664
"Jrk_Fibroblasts","turquoise","Fibroblasts","Jrk",0.763530227688615
"Rap1b_Leukocytes","turquoise","Leukocytes","Rap1b",0.763428356258855
"Prune_Fibroblasts","turquoise","Fibroblasts","Prune",0.763333675226964
"Snx5_Leukocytes","turquoise","Leukocytes","Snx5",0.763097116646646
"Frmd4a_Fibroblasts","turquoise","Fibroblasts","Frmd4a",0.763021759309644
"Kif1c_Fibroblasts","turquoise","Fibroblasts","Kif1c",0.762877612796946
"Abhd14b_EndothelialCells","turquoise","EndothelialCells","Abhd14b",0.762862533742539
"Atp1a2_Fibroblasts","turquoise","Fibroblasts","Atp1a2",0.762706431085076
"Tpst2_EndothelialCells","turquoise","EndothelialCells","Tpst2",0.762604817583848
"Scoc_EndothelialCells","turquoise","EndothelialCells","Scoc",0.762391831359265
"Tmem176a_Leukocytes","turquoise","Leukocytes","Tmem176a",0.762387614746784
"Uimc1_Fibroblasts","turquoise","Fibroblasts","Uimc1",0.762317618731025
"Ephb4_Fibroblasts","turquoise","Fibroblasts","Ephb4",0.762259602602951
"Grn_Leukocytes","turquoise","Leukocytes","Grn",0.762103681674157
"Cd163_Leukocytes","turquoise","Leukocytes","Cd163",0.762053840405801
"Fxyd7_Fibroblasts","turquoise","Fibroblasts","Fxyd7",0.761942649293406
"Sirpa_Leukocytes","turquoise","Leukocytes","Sirpa",0.761733552093104
"Tmem106a_Leukocytes","turquoise","Leukocytes","Tmem106a",0.761505333589597
"Dgcr14_EndothelialCells","turquoise","EndothelialCells","Dgcr14",0.761371049583044
"Gmfb_Fibroblasts","turquoise","Fibroblasts","Gmfb",0.761370945072814
"E2f5_Fibroblasts","turquoise","Fibroblasts","E2f5",0.761256400601447
"Mmp15_EndothelialCells","turquoise","EndothelialCells","Mmp15",0.76122525553445
"Nde1_EndothelialCells","turquoise","EndothelialCells","Nde1",0.761063678897606
"Wdr45_EndothelialCells","turquoise","EndothelialCells","Wdr45",0.760880880401326
"Cntfr_Fibroblasts","turquoise","Fibroblasts","Cntfr",0.760689800096256
"Ogg1_EndothelialCells","turquoise","EndothelialCells","Ogg1",0.760355501631205
"Itgb5_Leukocytes","turquoise","Leukocytes","Itgb5",0.76035177467005
"Entpd4_EndothelialCells","turquoise","EndothelialCells","Entpd4",0.76033823155056
"Tnfsf12_EndothelialCells","turquoise","EndothelialCells","Tnfsf12",0.760231496824172
"Cdkn1c_EndothelialCells","turquoise","EndothelialCells","Cdkn1c",0.760205470737931
"Dom3z_EndothelialCells","turquoise","EndothelialCells","Dom3z",0.760139235846561
"Rnft1_Leukocytes","turquoise","Leukocytes","Rnft1",0.760090711404639
"Bri3_Leukocytes","turquoise","Leukocytes","Bri3",0.760024115215723
"Rpl27_Leukocytes","turquoise","Leukocytes","Rpl27",0.759981955618129
"Emp3_Leukocytes","turquoise","Leukocytes","Emp3",0.75997745906654
"Kif3c_Fibroblasts","turquoise","Fibroblasts","Kif3c",0.759976387200357
"Higd2a_Leukocytes","turquoise","Leukocytes","Higd2a",0.759970794973535
"Ankrd16_EndothelialCells","turquoise","EndothelialCells","Ankrd16",0.759800992476122
"Arfgap1_EndothelialCells","turquoise","EndothelialCells","Arfgap1",0.759638445662194
"Wdr5_EndothelialCells","turquoise","EndothelialCells","Wdr5",0.759553764990967
"Fam114a1_Fibroblasts","turquoise","Fibroblasts","Fam114a1",0.75946778453196
"Prrt4_EndothelialCells","turquoise","EndothelialCells","Prrt4",0.759379793647275
"Snap23_Leukocytes","turquoise","Leukocytes","Snap23",0.759148719022549
"Samd4_Fibroblasts","turquoise","Fibroblasts","Samd4",0.759069869065834
"Ptpn9_Fibroblasts","turquoise","Fibroblasts","Ptpn9",0.758940089935758
"Cox7a2l_Leukocytes","turquoise","Leukocytes","Cox7a2l",0.758804827267254
"Stard8_Leukocytes","turquoise","Leukocytes","Stard8",0.758708845627049
"Eif5b_EndothelialCells","turquoise","EndothelialCells","Eif5b",0.758459212161093
"Pknox1_EndothelialCells","turquoise","EndothelialCells","Pknox1",0.758213435858959
"2810008D09Rik_Fibroblasts","turquoise","Fibroblasts","2810008D09Rik",0.758021975544321
"Mib2_Fibroblasts","turquoise","Fibroblasts","Mib2",0.758009143780058
"Capza2_Leukocytes","turquoise","Leukocytes","Capza2",0.757976803081924
"Herpud2_EndothelialCells","turquoise","EndothelialCells","Herpud2",0.75795786805252
"Eda_Fibroblasts","turquoise","Fibroblasts","Eda",0.757874397201031
"Rps12_Leukocytes","turquoise","Leukocytes","Rps12",0.757765375298644
"Ebf2_Fibroblasts","turquoise","Fibroblasts","Ebf2",0.75776445061346
"Elk3_EndothelialCells","turquoise","EndothelialCells","Elk3",0.757570804806364
"Zfp768_EndothelialCells","turquoise","EndothelialCells","Zfp768",0.757518993073181
"Mapk12_Fibroblasts","turquoise","Fibroblasts","Mapk12",0.757437860459824
"Klf2_Leukocytes","turquoise","Leukocytes","Klf2",0.757304460559876
"Rtp4_Leukocytes","turquoise","Leukocytes","Rtp4",0.757286878720257
"Gas5_Leukocytes","turquoise","Leukocytes","Gas5",0.757274178071056
"5430435G22Rik_Leukocytes","turquoise","Leukocytes","5430435G22Rik",0.757222831959663
"Ralbp1_Leukocytes","turquoise","Leukocytes","Ralbp1",0.757086648325066
"Slc4a3_Fibroblasts","turquoise","Fibroblasts","Slc4a3",0.757007483241048
"Rps17_Leukocytes","turquoise","Leukocytes","Rps17",0.756975244730454
"Ankrd49_EndothelialCells","turquoise","EndothelialCells","Ankrd49",0.756718317543087
"2610507B11Rik_Leukocytes","turquoise","Leukocytes","2610507B11Rik",0.756671387523531
"Arhgef2_EndothelialCells","turquoise","EndothelialCells","Arhgef2",0.756395808843614
"Prdm5_EndothelialCells","turquoise","EndothelialCells","Prdm5",0.756332970871437
"Gtdc1_Fibroblasts","turquoise","Fibroblasts","Gtdc1",0.756293789483748
"Ythdf3_Fibroblasts","turquoise","Fibroblasts","Ythdf3",0.756117968465003
"Rian_Fibroblasts","turquoise","Fibroblasts","Rian",0.75592536784248
"Gabarap_Leukocytes","turquoise","Leukocytes","Gabarap",0.755878617408606
"Rpl7a_EndothelialCells","turquoise","EndothelialCells","Rpl7a",0.755784673080483
"Pabpc1_Leukocytes","turquoise","Leukocytes","Pabpc1",0.755509588475797
"Cmpk1_Leukocytes","turquoise","Leukocytes","Cmpk1",0.75549248746524
"Tomm6_Leukocytes","turquoise","Leukocytes","Tomm6",0.755462131847136
"Rps15a_Leukocytes","turquoise","Leukocytes","Rps15a",0.755455063046095
"Gm10033_EndothelialCells","turquoise","EndothelialCells","Gm10033",0.755205033139223
"Pcgf2_EndothelialCells","turquoise","EndothelialCells","Pcgf2",0.755051761698579
"Rpl19_Leukocytes","turquoise","Leukocytes","Rpl19",0.75499682736526
"Slc39a3_EndothelialCells","turquoise","EndothelialCells","Slc39a3",0.754977421187285
"Pnkd_Leukocytes","turquoise","Leukocytes","Pnkd",0.754916795984093
"Msr1_Leukocytes","turquoise","Leukocytes","Msr1",0.754729424891101
"Stox2_EndothelialCells","turquoise","EndothelialCells","Stox2",0.754609062397631
"Haus4_EndothelialCells","turquoise","EndothelialCells","Haus4",0.754567131005341
"Cpeb1_Fibroblasts","turquoise","Fibroblasts","Cpeb1",0.754366304191431
"Eif1_Leukocytes","turquoise","Leukocytes","Eif1",0.754312517667402
"Rnasek_Leukocytes","turquoise","Leukocytes","Rnasek",0.754286443488614
"Adap2_Leukocytes","turquoise","Leukocytes","Adap2",0.75426897987307
"Rpl17_Leukocytes","turquoise","Leukocytes","Rpl17",0.754216308775689
"Nampt_Leukocytes","turquoise","Leukocytes","Nampt",0.754195842561803
"Rpl24_Leukocytes","turquoise","Leukocytes","Rpl24",0.7540222576412
"Tnfrsf1a_Leukocytes","turquoise","Leukocytes","Tnfrsf1a",0.753823057394462
"Taf15_Fibroblasts","turquoise","Fibroblasts","Taf15",0.75380061658421
"Cav2_Fibroblasts","turquoise","Fibroblasts","Cav2",0.753742980697269
"B930003M22Rik_EndothelialCells","turquoise","EndothelialCells","B930003M22Rik",0.753742955770413
"D14Ertd668e_Leukocytes","turquoise","Leukocytes","D14Ertd668e",0.753653757780518
"Bcdin3d_EndothelialCells","turquoise","EndothelialCells","Bcdin3d",0.753645354128965
"Slc45a3_Fibroblasts","turquoise","Fibroblasts","Slc45a3",0.753539017031291
"Fbxo25_EndothelialCells","turquoise","EndothelialCells","Fbxo25",0.753535695046767
"Sdc3_Leukocytes","turquoise","Leukocytes","Sdc3",0.753473688735859
"Erlec1_Leukocytes","turquoise","Leukocytes","Erlec1",0.753372160038669
"Vsig10_EndothelialCells","turquoise","EndothelialCells","Vsig10",0.753326075298937
"Cltc_Leukocytes","turquoise","Leukocytes","Cltc",0.753321867935423
"Rps10_EndothelialCells","turquoise","EndothelialCells","Rps10",0.753130522591418
"Dnase1l1_EndothelialCells","turquoise","EndothelialCells","Dnase1l1",0.753123193171284
"Rpp14_Fibroblasts","turquoise","Fibroblasts","Rpp14",0.7530813074184
"Grasp_EndothelialCells","turquoise","EndothelialCells","Grasp",0.752630011004173
"Vwa5a_Leukocytes","turquoise","Leukocytes","Vwa5a",0.752425761935477
"C030006K11Rik_EndothelialCells","turquoise","EndothelialCells","C030006K11Rik",0.752305635873625
"Gas1_Fibroblasts","turquoise","Fibroblasts","Gas1",0.7519706524308
"Tshz3_Fibroblasts","turquoise","Fibroblasts","Tshz3",0.751940225471497
"Rilpl1_Fibroblasts","turquoise","Fibroblasts","Rilpl1",0.751922993026705
"Scly_Fibroblasts","turquoise","Fibroblasts","Scly",0.751836094975983
"Snrpg_Leukocytes","turquoise","Leukocytes","Snrpg",0.751715389664932
"Lyve1_Leukocytes","turquoise","Leukocytes","Lyve1",0.751691152525964
"Rps15_SmoothMuscleCells","turquoise","SmoothMuscleCells","Rps15",0.751534838681413
"Poglut1_EndothelialCells","turquoise","EndothelialCells","Poglut1",0.751363017359865
"Gm14207_EndothelialCells","turquoise","EndothelialCells","Gm14207",0.751331907748352
"Muted_Fibroblasts","turquoise","Fibroblasts","Muted",0.751293476419803
"Patl1_Fibroblasts","turquoise","Fibroblasts","Patl1",0.751212014903818
"Sec22a_EndothelialCells","turquoise","EndothelialCells","Sec22a",0.751045291069926
"Fam185a_Fibroblasts","turquoise","Fibroblasts","Fam185a",0.750864534513298
"Chek2_EndothelialCells","turquoise","EndothelialCells","Chek2",0.750796184571777
"Git1_EndothelialCells","turquoise","EndothelialCells","Git1",0.750735677211761
"Strap_EndothelialCells","turquoise","EndothelialCells","Strap",0.750489735070051
"Tek_EndocardialCells","turquoise","EndocardialCells","Tek",0.750401575324424
"Bzw2_EndothelialCells","turquoise","EndothelialCells","Bzw2",0.750257577467059
"Eif2c1_Fibroblasts","turquoise","Fibroblasts","Eif2c1",0.750100360244349
"Nr2f6_EndothelialCells","turquoise","EndothelialCells","Nr2f6",0.74989434587962
"Tom1_Leukocytes","turquoise","Leukocytes","Tom1",0.749868244155099
"Dpm3_EndocardialCells","turquoise","EndocardialCells","Dpm3",0.749824902580726
"Rbm12b_Fibroblasts","turquoise","Fibroblasts","Rbm12b",0.749647389552893
"Lrrc45_EndothelialCells","turquoise","EndothelialCells","Lrrc45",0.749280676508203
"Stx4a_Fibroblasts","turquoise","Fibroblasts","Stx4a",0.749235023777542
"Rbm24_Myocytes","turquoise","Myocytes","Rbm24",0.74898169436054
"Rpl6_Leukocytes","turquoise","Leukocytes","Rpl6",0.748958715945788
"Rab5a_Leukocytes","turquoise","Leukocytes","Rab5a",0.748924395103363
"D10Wsu102e_EndothelialCells","turquoise","EndothelialCells","D10Wsu102e",0.748870771717548
"Sdc3_EndothelialCells","turquoise","EndothelialCells","Sdc3",0.748559297595386
"Pcdh7_Fibroblasts","turquoise","Fibroblasts","Pcdh7",0.748516473364763
"Dguok_Leukocytes","turquoise","Leukocytes","Dguok",0.748478467780913
"Hist2h3c2_EndothelialCells","turquoise","EndothelialCells","Hist2h3c2",0.748465760728235
"Fcrls_Leukocytes","turquoise","Leukocytes","Fcrls",0.748407442406513
"Stox2_Fibroblasts","turquoise","Fibroblasts","Stox2",0.748366114944977
"Plcd3_Fibroblasts","turquoise","Fibroblasts","Plcd3",0.748237391373104
"Setdb1_EndothelialCells","turquoise","EndothelialCells","Setdb1",0.748223776944388
"Armcx5_EndothelialCells","turquoise","EndothelialCells","Armcx5",0.747969852396725
"Slc41a3_EndothelialCells","turquoise","EndothelialCells","Slc41a3",0.747755353331517
"Arhgap12_EndothelialCells","turquoise","EndothelialCells","Arhgap12",0.74742729638713
"Gm14420_Fibroblasts","turquoise","Fibroblasts","Gm14420",0.747273771613114
"Map3k7_EndothelialCells","turquoise","EndothelialCells","Map3k7",0.747255942255317
"Tdp2_EndothelialCells","turquoise","EndothelialCells","Tdp2",0.74720500851876
"Eif1b_Leukocytes","turquoise","Leukocytes","Eif1b",0.747170367097817
"Kptn_EndothelialCells","turquoise","EndothelialCells","Kptn",0.747114499586655
"Slc24a5_EndothelialCells","turquoise","EndothelialCells","Slc24a5",0.747055719808354
"Ube2e1_Leukocytes","turquoise","Leukocytes","Ube2e1",0.746996885213757
"Rpl41_Leukocytes","turquoise","Leukocytes","Rpl41",0.746866022414916
"Rps8_Leukocytes","turquoise","Leukocytes","Rps8",0.746739497490004
"Cdyl_Fibroblasts","turquoise","Fibroblasts","Cdyl",0.746594116993844
"Atp5l_EndocardialCells","turquoise","EndocardialCells","Atp5l",0.746470466450967
"Man2b1_Leukocytes","turquoise","Leukocytes","Man2b1",0.746310856178815
"Hus1_EndothelialCells","turquoise","EndothelialCells","Hus1",0.746272394322744
"2310016M24Rik_Leukocytes","turquoise","Leukocytes","2310016M24Rik",0.746219866231735
"Zkscan3_EndothelialCells","turquoise","EndothelialCells","Zkscan3",0.746213340170907
"Rbx1_Leukocytes","turquoise","Leukocytes","Rbx1",0.746196547889622
"Mmrn2_EndothelialCells","turquoise","EndothelialCells","Mmrn2",0.746193022863879
"Cnrip1_Fibroblasts","turquoise","Fibroblasts","Cnrip1",0.746131878729705
"Dazap1_EndothelialCells","turquoise","EndothelialCells","Dazap1",0.746123488294757
"Filip1_Fibroblasts","turquoise","Fibroblasts","Filip1",0.745466042354822
"Prdm5_Fibroblasts","turquoise","Fibroblasts","Prdm5",0.745384842633559
"Ypel3_Leukocytes","turquoise","Leukocytes","Ypel3",0.745384415713423
"Haus7_EndothelialCells","turquoise","EndothelialCells","Haus7",0.745343150976086
"Kcnk13_Leukocytes","turquoise","Leukocytes","Kcnk13",0.745310818299917
"Mtap6_EndothelialCells","turquoise","EndothelialCells","Mtap6",0.745236306350614
"Icam2_EndothelialCells","turquoise","EndothelialCells","Icam2",0.745197121020031
"Prpf38a_EndothelialCells","turquoise","EndothelialCells","Prpf38a",0.74518859939191
"Gm20257_EndothelialCells","turquoise","EndothelialCells","Gm20257",0.745121353833615
"Tubg2_Fibroblasts","turquoise","Fibroblasts","Tubg2",0.744934541564296
"9530091C08Rik_Fibroblasts","turquoise","Fibroblasts","9530091C08Rik",0.744602254558973
"9830001H06Rik_Fibroblasts","turquoise","Fibroblasts","9830001H06Rik",0.744553428890869
"Lgals8_Leukocytes","turquoise","Leukocytes","Lgals8",0.744519861570146
"Dnm3_EndothelialCells","turquoise","EndothelialCells","Dnm3",0.744244125267557
"Pde10a_EndothelialCells","turquoise","EndothelialCells","Pde10a",0.744217635348956
"Itfg2_Fibroblasts","turquoise","Fibroblasts","Itfg2",0.743915766075583
"Ctla2b_Leukocytes","turquoise","Leukocytes","Ctla2b",0.743856373253544
"Ankzf1_EndothelialCells","turquoise","EndothelialCells","Ankzf1",0.743836049982457
"Parp6_Fibroblasts","turquoise","Fibroblasts","Parp6",0.743689208576423
"Pbx2_EndothelialCells","turquoise","EndothelialCells","Pbx2",0.743682701525982
"Tspan17_Leukocytes","turquoise","Leukocytes","Tspan17",0.7436171722885
"Dnajc1_EndothelialCells","turquoise","EndothelialCells","Dnajc1",0.74320786234362
"A930004D18Rik_EndothelialCells","turquoise","EndothelialCells","A930004D18Rik",0.743037891401711
"2810407C02Rik_Leukocytes","turquoise","Leukocytes","2810407C02Rik",0.742989901820983
"Tceb2_Leukocytes","turquoise","Leukocytes","Tceb2",0.742586400316638
"Myh10_Fibroblasts","turquoise","Fibroblasts","Myh10",0.742255064097967
"Rtn4rl1_Fibroblasts","turquoise","Fibroblasts","Rtn4rl1",0.742214019614754
"1600012F09Rik_EndothelialCells","turquoise","EndothelialCells","1600012F09Rik",0.74162548075096
"Arl6ip6_EndothelialCells","turquoise","EndothelialCells","Arl6ip6",0.741422016735006
"Icmt_Fibroblasts","turquoise","Fibroblasts","Icmt",0.741377461609891
"4921524J17Rik_EndothelialCells","turquoise","EndothelialCells","4921524J17Rik",0.741206016529162
"6030408B16Rik_Fibroblasts","turquoise","Fibroblasts","6030408B16Rik",0.741150044644981
"Parp10_EndothelialCells","turquoise","EndothelialCells","Parp10",0.741091298760979
"Sh3bgrl_Leukocytes","turquoise","Leukocytes","Sh3bgrl",0.741090914938205
"Tmco1_EndothelialCells","turquoise","EndothelialCells","Tmco1",0.740952431586359
"Snx7_EndothelialCells","turquoise","EndothelialCells","Snx7",0.74057273833934
"Uba52_Leukocytes","turquoise","Leukocytes","Uba52",0.740329408584336
"Npr2_Fibroblasts","turquoise","Fibroblasts","Npr2",0.740003151686405
"Vezf1_Fibroblasts","turquoise","Fibroblasts","Vezf1",0.739979704664919
"Pcgf2_Fibroblasts","turquoise","Fibroblasts","Pcgf2",0.739946500038372
"Hpcal1_Leukocytes","turquoise","Leukocytes","Hpcal1",0.739945328979029
"Ireb2_Fibroblasts","turquoise","Fibroblasts","Ireb2",0.739657690967581
"Zfp36l2_Fibroblasts","turquoise","Fibroblasts","Zfp36l2",0.739600572899728
"Sat1_Leukocytes","turquoise","Leukocytes","Sat1",0.739589350537833
"Pecam1_EndothelialCells","turquoise","EndothelialCells","Pecam1",0.739398520655421
"Rpl35a_SmoothMuscleCells","turquoise","SmoothMuscleCells","Rpl35a",0.739365649253419
"Rpf1_EndothelialCells","turquoise","EndothelialCells","Rpf1",0.739034419440467
"Fez2_Leukocytes","turquoise","Leukocytes","Fez2",0.738819162475656
"Ttc32_EndothelialCells","turquoise","EndothelialCells","Ttc32",0.738790530935302
"Exoc1_EndothelialCells","turquoise","EndothelialCells","Exoc1",0.738703045911047
"Cox7a2_Leukocytes","turquoise","Leukocytes","Cox7a2",0.738688877066468
"Mgl2_Leukocytes","turquoise","Leukocytes","Mgl2",0.738618002409431
"Armcx1_Fibroblasts","turquoise","Fibroblasts","Armcx1",0.738551275103337
"Smagp_Leukocytes","turquoise","Leukocytes","Smagp",0.738531910539551
"Wipf1_Leukocytes","turquoise","Leukocytes","Wipf1",0.738478974857429
"Lztfl1_EndothelialCells","turquoise","EndothelialCells","Lztfl1",0.738428140824408
"Fance_Fibroblasts","turquoise","Fibroblasts","Fance",0.738396181209303
"Lama4_EndothelialCells","turquoise","EndothelialCells","Lama4",0.738390664567965
"Plod2_Fibroblasts","turquoise","Fibroblasts","Plod2",0.73824406568812
"Dkk3_Fibroblasts","turquoise","Fibroblasts","Dkk3",0.738233029438879
"Rab11fip5_Fibroblasts","turquoise","Fibroblasts","Rab11fip5",0.738219884208015
"Cmtm3_EndothelialCells","turquoise","EndothelialCells","Cmtm3",0.738086864873876
"Marcks_Leukocytes","turquoise","Leukocytes","Marcks",0.738058104281771
"Nudt13_EndothelialCells","turquoise","EndothelialCells","Nudt13",0.738040158247695
"Eml1_EndothelialCells","turquoise","EndothelialCells","Eml1",0.737996607088391
"2010305A19Rik_EndothelialCells","turquoise","EndothelialCells","2010305A19Rik",0.737962362399341
"Rps10_Leukocytes","turquoise","Leukocytes","Rps10",0.737941176491934
"Epdr1_Fibroblasts","turquoise","Fibroblasts","Epdr1",0.737771203366135
"Rps21_EndocardialCells","turquoise","EndocardialCells","Rps21",0.737748183290684
"Npr1_EndocardialCells","turquoise","EndocardialCells","Npr1",0.737674978374714
"D330041H03Rik_EndothelialCells","turquoise","EndothelialCells","D330041H03Rik",0.737281017821414
"Nedd8_Leukocytes","turquoise","Leukocytes","Nedd8",0.737102542134694
"Hes1_Leukocytes","turquoise","Leukocytes","Hes1",0.737018608144243
"Thoc3_EndothelialCells","turquoise","EndothelialCells","Thoc3",0.736940244433043
"Serinc1_Leukocytes","turquoise","Leukocytes","Serinc1",0.736890528419772
"Prrt2_Fibroblasts","turquoise","Fibroblasts","Prrt2",0.736886932975762
"Ccdc157_Fibroblasts","turquoise","Fibroblasts","Ccdc157",0.736871790426932
"Gucy1b3_SmoothMuscleCells","turquoise","SmoothMuscleCells","Gucy1b3",0.73678787851321
"Cacnb4_Leukocytes","violet","Leukocytes","Cacnb4",0.754505652822166
"Gm6498_Fibroblasts","violet","Fibroblasts","Gm6498",0.727334648606195
"BC096441_Leukocytes","violet","Leukocytes","BC096441",0.713961951354672
"Igfbp2_Fibroblasts","violet","Fibroblasts","Igfbp2",0.70752820813877
"4632427E13Rik_Leukocytes","violet","Leukocytes","4632427E13Rik",0.70268750773402
"Itm2a_Fibroblasts","violet","Fibroblasts","Itm2a",0.638505138955808
"Perp_Leukocytes","violet","Leukocytes","Perp",0.634179643157722
"Tram2_Leukocytes","violet","Leukocytes","Tram2",0.627406406611001
"AY074887_Leukocytes","violet","Leukocytes","AY074887",0.62419760502618
"Lag3_Leukocytes","violet","Leukocytes","Lag3",0.608879193020009
"Dtl_Leukocytes","violet","Leukocytes","Dtl",0.605896419140684
"Klrk1_Leukocytes","violet","Leukocytes","Klrk1",0.604705203298166
"Foxd2_Leukocytes","violet","Leukocytes","Foxd2",0.600296810861032
"Hnrnpa1_Leukocytes","violet","Leukocytes","Hnrnpa1",0.589808503313677
"BC094916_Leukocytes","violet","Leukocytes","BC094916",0.585216784749012
"Met_Leukocytes","violet","Leukocytes","Met",0.5736640908791
"Nqo1_EndocardialCells","violet","EndocardialCells","Nqo1",0.572917175195942
"Setmar_Leukocytes","violet","Leukocytes","Setmar",0.572441276240663
"Gm5465_Leukocytes","violet","Leukocytes","Gm5465",0.568854255501878
"Tstd1_EndothelialCells","violet","EndothelialCells","Tstd1",0.568115449118066
"Pkp3_Leukocytes","violet","Leukocytes","Pkp3",0.564178807053591
"2200002D01Rik_Leukocytes","violet","Leukocytes","2200002D01Rik",0.561110651720147
"Fam101a_Fibroblasts","violet","Fibroblasts","Fam101a",0.555878167964962
"Ms4a4b_Leukocytes","violet","Leukocytes","Ms4a4b",0.554219864510294
"Satb1_Fibroblasts","violet","Fibroblasts","Satb1",0.550509922852584
"Calm2_Leukocytes","white","Leukocytes","Calm2",0.796240930226085
"Slbp_Leukocytes","white","Leukocytes","Slbp",0.782110515452532
"Tmem111_Fibroblasts","white","Fibroblasts","Tmem111",0.771938298195075
"Psmc4_Fibroblasts","white","Fibroblasts","Psmc4",0.77123246760813
"Psmd3_Leukocytes","white","Leukocytes","Psmd3",0.763735970377179
"H2afy_Leukocytes","white","Leukocytes","H2afy",0.759875751624892
"Shisa5_Leukocytes","white","Leukocytes","Shisa5",0.7550914296386
"Eif3b_Leukocytes","white","Leukocytes","Eif3b",0.74566365475218
"Raly_Fibroblasts","white","Fibroblasts","Raly",0.743996321188498
"Arl6ip5_EndocardialCells","white","EndocardialCells","Arl6ip5",0.741241602948226
"Prdx2_Leukocytes","white","Leukocytes","Prdx2",0.738891765251516
"Psmd7_Fibroblasts","white","Fibroblasts","Psmd7",0.731952328659756
"Tomm40_Fibroblasts","white","Fibroblasts","Tomm40",0.730511468767452
"Ccne2_Myocytes","white","Myocytes","Ccne2",0.72836288665348
"Atp6v1b2_Leukocytes","white","Leukocytes","Atp6v1b2",0.724343350638262
"Ywhae_Leukocytes","white","Leukocytes","Ywhae",0.712572845962758
"Mif_Leukocytes","white","Leukocytes","Mif",0.710486755567144
"Acat1_Leukocytes","white","Leukocytes","Acat1",0.707645551410426
"Ap1m1_Fibroblasts","white","Fibroblasts","Ap1m1",0.705153562209707
"Cnot8_Fibroblasts","white","Fibroblasts","Cnot8",0.701936609242187
"Tra2a_Fibroblasts","white","Fibroblasts","Tra2a",0.700278144616977
"Cmtm7_Fibroblasts","white","Fibroblasts","Cmtm7",0.699134690510953
"Vapa_Fibroblasts","white","Fibroblasts","Vapa",0.694279757489895
"Magoh_Fibroblasts","white","Fibroblasts","Magoh",0.691841281443889
"Psmc4_Leukocytes","white","Leukocytes","Psmc4",0.687930447339521
"Xrcc1_Fibroblasts","white","Fibroblasts","Xrcc1",0.684085919435786
"Mrfap1_Leukocytes","white","Leukocytes","Mrfap1",0.68237630146111
"Pno1_Leukocytes","white","Leukocytes","Pno1",0.681683671795114
"Tmem70_Fibroblasts","white","Fibroblasts","Tmem70",0.681567315366243
"Uqcrc1_Leukocytes","white","Leukocytes","Uqcrc1",0.681226261178684
"Cct8_Leukocytes","white","Leukocytes","Cct8",0.680042545809311
"Rrp9_Fibroblasts","white","Fibroblasts","Rrp9",0.672898861335366
"Rab30_Myocytes","white","Myocytes","Rab30",0.666869430203495
"Ppp1ca_Leukocytes","white","Leukocytes","Ppp1ca",0.666804575340193
"Stip1_Leukocytes","white","Leukocytes","Stip1",0.664665283058737
"Psmc5_Leukocytes","white","Leukocytes","Psmc5",0.662700638664266
"Timm17b_Fibroblasts","white","Fibroblasts","Timm17b",0.661707902424343
"Prkag1_Fibroblasts","white","Fibroblasts","Prkag1",0.660682131875157
"Tnfaip8_Leukocytes","white","Leukocytes","Tnfaip8",0.659712659723291
"Morf4l2_EndothelialCells","white","EndothelialCells","Morf4l2",0.65925302931922
"Zfp207_Leukocytes","white","Leukocytes","Zfp207",0.658993324699905
"Ms4a6b_Leukocytes","white","Leukocytes","Ms4a6b",0.658404944698184
"Mrto4_Fibroblasts","white","Fibroblasts","Mrto4",0.656043059676579
"Emp3_Fibroblasts","white","Fibroblasts","Emp3",0.653346892057321
"2310033P09Rik_Leukocytes","white","Leukocytes","2310033P09Rik",0.651216700957446
"Mmadhc_Leukocytes","white","Leukocytes","Mmadhc",0.650933753079133
"Cdipt_Fibroblasts","white","Fibroblasts","Cdipt",0.649195414657624
"Mrpl4_Fibroblasts","white","Fibroblasts","Mrpl4",0.646840839660756
"Vps37a_SmoothMuscleCells","yellow","SmoothMuscleCells","Vps37a",0.773975289719408
"Uqcr10_SmoothMuscleCells","yellow","SmoothMuscleCells","Uqcr10",0.690256096490503
"Abhd4_EndocardialCells","yellow","EndocardialCells","Abhd4",0.680085145540213
"Preb_SmoothMuscleCells","yellow","SmoothMuscleCells","Preb",0.670999838609125
"Ubqln1_Fibroblasts","yellow","Fibroblasts","Ubqln1",0.666597336741775
"Rab27b_EndocardialCells","yellow","EndocardialCells","Rab27b",0.663575036612163
"Chd2_EndothelialCells","yellow","EndothelialCells","Chd2",0.662787310768507
"Eif2b2_SmoothMuscleCells","yellow","SmoothMuscleCells","Eif2b2",0.662579148300276
"Phf6_EndocardialCells","yellow","EndocardialCells","Phf6",0.661437037739684
"Pcbd1_EndocardialCells","yellow","EndocardialCells","Pcbd1",0.659121698366678
"BC021767_EndocardialCells","yellow","EndocardialCells","BC021767",0.657934710677032
"E130114P18Rik_Fibroblasts","yellow","Fibroblasts","E130114P18Rik",0.647864411466885
"Pde3b_EndocardialCells","yellow","EndocardialCells","Pde3b",0.641390787897489
"1110008J03Rik_SmoothMuscleCells","yellow","SmoothMuscleCells","1110008J03Rik",0.639055958290251
"9030617O03Rik_EndothelialCells","yellow","EndothelialCells","9030617O03Rik",0.637884467972405
"Nfyc_Fibroblasts","yellow","Fibroblasts","Nfyc",0.629684663949019
"3110056K07Rik_EndothelialCells","yellow","EndothelialCells","3110056K07Rik",0.628858093174489
"Gpc3_SmoothMuscleCells","yellow","SmoothMuscleCells","Gpc3",0.626181888304277
"Siah2_EndocardialCells","yellow","EndocardialCells","Siah2",0.624860331349137
"Itga2b_EndocardialCells","yellow","EndocardialCells","Itga2b",0.621884741097759
"Dnaja4_SmoothMuscleCells","yellow","SmoothMuscleCells","Dnaja4",0.621849370805995
"Ddx20_EndocardialCells","yellow","EndocardialCells","Ddx20",0.615339925135806
"Cdca4_EndocardialCells","yellow","EndocardialCells","Cdca4",0.613329219330365
"Sars_SmoothMuscleCells","yellow","SmoothMuscleCells","Sars",0.612531168310272
"Gramd3_Fibroblasts","yellow","Fibroblasts","Gramd3",0.610043612471092
"Shroom4_EndocardialCells","yellow","EndocardialCells","Shroom4",0.608333003264193
"Alg10b_EndocardialCells","yellow","EndocardialCells","Alg10b",0.606091699249328
"Trim59_Fibroblasts","yellow","Fibroblasts","Trim59",0.605129432084529
"Atad2_Fibroblasts","yellow","Fibroblasts","Atad2",0.601432024510345
"Sec23b_SmoothMuscleCells","yellow","SmoothMuscleCells","Sec23b",0.597936149779943
"Cryl1_EndocardialCells","yellow","EndocardialCells","Cryl1",0.590764810524031
"1700094D03Rik_EndothelialCells","yellow","EndothelialCells","1700094D03Rik",0.587776391068048
"Alkbh4_EndocardialCells","yellow","EndocardialCells","Alkbh4",0.587357947917312
"Xrcc1_SmoothMuscleCells","yellow","SmoothMuscleCells","Xrcc1",0.586664448858715
"Arid4b_EndothelialCells","yellow","EndothelialCells","Arid4b",0.585096218423581
"Wrnip1_SmoothMuscleCells","yellow","SmoothMuscleCells","Wrnip1",0.583011283501759
"Mrgpre_EndothelialCells","yellow","EndothelialCells","Mrgpre",0.581187667432446
"Slc27a4_EndocardialCells","yellow","EndocardialCells","Slc27a4",0.579418124936479
"Nup88_Fibroblasts","yellow","Fibroblasts","Nup88",0.578889977474177
"Gm4013_EndocardialCells","yellow","EndocardialCells","Gm4013",0.575677345877865
"Akr7a5_EndothelialCells","yellow","EndothelialCells","Akr7a5",0.575276662598578
"Znrf3_EndothelialCells","yellow","EndothelialCells","Znrf3",0.574991531712832
"Ubap1_SmoothMuscleCells","yellow","SmoothMuscleCells","Ubap1",0.573887688815506
"Lrmp_EndothelialCells","yellow","EndothelialCells","Lrmp",0.573345917926112
"3300002I08Rik_EndocardialCells","yellow","EndocardialCells","3300002I08Rik",0.571936248615651
"Cep70_EndothelialCells","yellow","EndothelialCells","Cep70",0.570757711707538
"Zfp367_Fibroblasts","yellow","Fibroblasts","Zfp367",0.56870925184121
"Zkscan3_Fibroblasts","yellow","Fibroblasts","Zkscan3",0.568329575502884
"Glg1_SmoothMuscleCells","yellow","SmoothMuscleCells","Glg1",0.568215529085969
"9030624J02Rik_Fibroblasts","yellow","Fibroblasts","9030624J02Rik",0.56754874003436
"Phyhipl_EndothelialCells","yellow","EndothelialCells","Phyhipl",0.567541353520494
"Fam84a_EndothelialCells","yellow","EndothelialCells","Fam84a",0.567431737845139
"Sh3bgrl_Fibroblasts","yellow","Fibroblasts","Sh3bgrl",0.56735782730909
"Ifih1_SmoothMuscleCells","yellow","SmoothMuscleCells","Ifih1",0.565914860866352
"1700018L02Rik_EndocardialCells","yellow","EndocardialCells","1700018L02Rik",0.563450002982452
"Ubn1_Fibroblasts","yellow","Fibroblasts","Ubn1",0.563393458136319
"Tcn2_EndothelialCells","yellow","EndothelialCells","Tcn2",0.562060190389638
"Pknox2_SmoothMuscleCells","yellow","SmoothMuscleCells","Pknox2",0.561785610588503
"Suclg2_EndocardialCells","yellow","EndocardialCells","Suclg2",0.561351415365591
"Kcnk5_EndothelialCells","yellow","EndothelialCells","Kcnk5",0.560769929917085
"Zfp60_EndocardialCells","yellow","EndocardialCells","Zfp60",0.559578023107888
"Zhx1_Fibroblasts","yellow","Fibroblasts","Zhx1",0.55934426409186
"3110002H16Rik_Fibroblasts","yellow","Fibroblasts","3110002H16Rik",0.558586478109865
"Slc15a4_SmoothMuscleCells","yellow","SmoothMuscleCells","Slc15a4",0.558550443838094
"Stat5a_EndothelialCells","yellow","EndothelialCells","Stat5a",0.557723847468269
"Scmh1_SmoothMuscleCells","yellow","SmoothMuscleCells","Scmh1",0.557538544478286
"Cab39l_SmoothMuscleCells","yellow","SmoothMuscleCells","Cab39l",0.557196612324487
"Ints2_EndothelialCells","yellow","EndothelialCells","Ints2",0.556432483564041
"Gapvd1_EndocardialCells","yellow","EndocardialCells","Gapvd1",0.556274593224015
"Crebbp_SmoothMuscleCells","yellow","SmoothMuscleCells","Crebbp",0.554040547178515
"Hmgn1_SmoothMuscleCells","yellow","SmoothMuscleCells","Hmgn1",0.55390544407093
"Atp1b1_EndocardialCells","yellow","EndocardialCells","Atp1b1",0.5538133018301
"Nsd1_EndothelialCells","yellow","EndothelialCells","Nsd1",0.55070914965053
"Hsph1_Fibroblasts","yellow","Fibroblasts","Hsph1",0.550278137435636
"Hars_SmoothMuscleCells","yellow","SmoothMuscleCells","Hars",0.549933224656746
"Tomm40_SmoothMuscleCells","yellow","SmoothMuscleCells","Tomm40",0.549795589546929
"Slc36a4_Fibroblasts","yellow","Fibroblasts","Slc36a4",0.548077032796344
"Thumpd3_EndothelialCells","yellow","EndothelialCells","Thumpd3",0.547918523830472
"Omd_Fibroblasts","yellow","Fibroblasts","Omd",0.545125039875744
"Usf1_SmoothMuscleCells","yellow","SmoothMuscleCells","Usf1",0.544678992996169
"Lrrc55_Fibroblasts","yellow","Fibroblasts","Lrrc55",0.54444506540682
"Mtmr9_EndocardialCells","yellow","EndocardialCells","Mtmr9",0.544264127396529
"Zfp874a_Fibroblasts","yellow","Fibroblasts","Zfp874a",0.544045739483225
"Fhdc1_EndothelialCells","yellow","EndothelialCells","Fhdc1",0.543776747596548
"Alg13_EndocardialCells","yellow","EndocardialCells","Alg13",0.542080960580248
"Chst2_EndothelialCells","yellow","EndothelialCells","Chst2",0.540052372956775
"Ippk_Fibroblasts","yellow","Fibroblasts","Ippk",0.539814230812308
"Rgs6_SmoothMuscleCells","yellow","SmoothMuscleCells","Rgs6",0.539263519722974
"Snrnp40_SmoothMuscleCells","yellow","SmoothMuscleCells","Snrnp40",0.539243511222354
"Pnpla8_Fibroblasts","yellow","Fibroblasts","Pnpla8",0.538972985061571
"Tram1_EndothelialCells","yellow","EndothelialCells","Tram1",0.538920712147523
"Hsp90b1_SmoothMuscleCells","yellow","SmoothMuscleCells","Hsp90b1",0.537608497036761
"D330023K18Rik_SmoothMuscleCells","yellow","SmoothMuscleCells","D330023K18Rik",0.537542589792928
"Uck1_Leukocytes","yellow","Leukocytes","Uck1",0.536354125634351
"Pnp_EndothelialCells","yellow","EndothelialCells","Pnp",0.535804782424638
"Abcd3_EndothelialCells","yellow","EndothelialCells","Abcd3",0.535382854225584
"Uhrf1_Fibroblasts","yellow","Fibroblasts","Uhrf1",0.534714740526748
"Zfp534_EndothelialCells","yellow","EndothelialCells","Zfp534",0.534698291272958
"Hmcn1_Fibroblasts","yellow","Fibroblasts","Hmcn1",0.534613880693961
"Itgb3_EndocardialCells","yellow","EndocardialCells","Itgb3",0.532105804659202
"Ssx2ip_EndocardialCells","yellow","EndocardialCells","Ssx2ip",0.530630057295983
"Slc39a3_SmoothMuscleCells","yellow","SmoothMuscleCells","Slc39a3",0.52991639439435
"Gm10012_EndothelialCells","yellow","EndothelialCells","Gm10012",0.528383481644691
"Rgs2_Fibroblasts","yellow","Fibroblasts","Rgs2",0.528290744050474
"Entpd7_EndocardialCells","yellow","EndocardialCells","Entpd7",0.525891820083033
"Sec61a2_Fibroblasts","yellow","Fibroblasts","Sec61a2",0.525388179591845
"Gm15471_Leukocytes","yellow","Leukocytes","Gm15471",0.524916245741198
"Arl4d_SmoothMuscleCells","yellow","SmoothMuscleCells","Arl4d",0.524861746836913
"Rsl1d1_SmoothMuscleCells","yellow","SmoothMuscleCells","Rsl1d1",0.52385117095699
"Tex10_EndocardialCells","yellow","EndocardialCells","Tex10",0.521923234528266
"Reps1_SmoothMuscleCells","yellow","SmoothMuscleCells","Reps1",0.521198794554704
"Ppp4r1l-ps_EndocardialCells","yellow","EndocardialCells","Ppp4r1l-ps",0.521198602040182
"Tsc22d3_EndothelialCells","yellow","EndothelialCells","Tsc22d3",0.521111986653207
"Zfp873_Leukocytes","yellow","Leukocytes","Zfp873",0.520901158738516
"Crhr2_SmoothMuscleCells","yellow","SmoothMuscleCells","Crhr2",0.519788138800191
"Samd8_SmoothMuscleCells","yellow","SmoothMuscleCells","Samd8",0.519080274612148
"Metap2_SmoothMuscleCells","yellow","SmoothMuscleCells","Metap2",0.518656546990161
"Nudcd1_Fibroblasts","yellow","Fibroblasts","Nudcd1",0.51702849545283
"Ccdc55_Fibroblasts","yellow","Fibroblasts","Ccdc55",0.516519737348233
"2610206C17Rik_Leukocytes","yellow","Leukocytes","2610206C17Rik",0.51627616423542
"2610044O15Rik_EndocardialCells","yellow","EndocardialCells","2610044O15Rik",0.515815408908803
"Atp2a1_EndocardialCells","yellow","EndocardialCells","Atp2a1",0.515605458967735
"Mir3098_EndothelialCells","yellow","EndothelialCells","Mir3098",0.514956323586756
"Dmwd_SmoothMuscleCells","yellow","SmoothMuscleCells","Dmwd",0.51345310839285
"Aplp1_Fibroblasts","yellow","Fibroblasts","Aplp1",0.513232285549836
"Fsbp_Fibroblasts","yellow","Fibroblasts","Fsbp",0.512985485916853
"Mcm4_EndocardialCells","yellow","EndocardialCells","Mcm4",0.512918921950455
"Epm2a_Leukocytes","yellow","Leukocytes","Epm2a",0.512896656575608
"S100a16_EndothelialCells","yellow","EndothelialCells","S100a16",0.512178486997905
"Btg1_SmoothMuscleCells","yellow","SmoothMuscleCells","Btg1",0.511634496197532
"Bcl2l12_SmoothMuscleCells","yellow","SmoothMuscleCells","Bcl2l12",0.511272433095887
"Smc1a_EndothelialCells","yellow","EndothelialCells","Smc1a",0.510558068685368
"Mertk_EndocardialCells","yellow","EndocardialCells","Mertk",0.510278530948185
"3110043O21Rik_Fibroblasts","yellow","Fibroblasts","3110043O21Rik",0.509910708974031
"Atpbd4_SmoothMuscleCells","yellow","SmoothMuscleCells","Atpbd4",0.509755189584105
"Fermt2_Fibroblasts","yellow","Fibroblasts","Fermt2",0.509391428792136
"Crot_EndothelialCells","yellow","EndothelialCells","Crot",0.508891301612831
"Rint1_Fibroblasts","yellow","Fibroblasts","Rint1",0.50856029598811
"Fzd4_EndothelialCells","yellow","EndothelialCells","Fzd4",0.507915957067658
"Fgd4_EndocardialCells","yellow","EndocardialCells","Fgd4",0.50780858353024
"Tcta_EndocardialCells","yellow","EndocardialCells","Tcta",0.506957203015375
"Tiparp_EndocardialCells","yellow","EndocardialCells","Tiparp",0.506940217986487
"E130304I02Rik_EndothelialCells","yellow","EndothelialCells","E130304I02Rik",0.506676333766598
"0610011L14Rik_SmoothMuscleCells","yellow","SmoothMuscleCells","0610011L14Rik",0.506364058854397
"Mas1_EndocardialCells","yellow","EndocardialCells","Mas1",0.505883156698178
"1110004E09Rik_SmoothMuscleCells","yellow","SmoothMuscleCells","1110004E09Rik",0.50482962838241
"Gm10791_Leukocytes","yellow","Leukocytes","Gm10791",0.504446278433236
"Ppil4_EndothelialCells","yellow","EndothelialCells","Ppil4",0.503901435619507
"Usp36_SmoothMuscleCells","yellow","SmoothMuscleCells","Usp36",0.503373489464696
"Ngdn_SmoothMuscleCells","yellow","SmoothMuscleCells","Ngdn",0.502947644423818
"Slc7a4_Fibroblasts","yellow","Fibroblasts","Slc7a4",0.502847953084594
"Phyhip_Fibroblasts","yellow","Fibroblasts","Phyhip",0.502626238422728
"Hist1h2ae_Fibroblasts","yellow","Fibroblasts","Hist1h2ae",0.501938889354412
"Tubb6_EndocardialCells","yellow","EndocardialCells","Tubb6",0.501735614523352
"E130308A19Rik_Leukocytes","yellow","Leukocytes","E130308A19Rik",0.501582194934603
"Serpinb2_Fibroblasts","yellow","Fibroblasts","Serpinb2",0.501509772330878
"Polr2j_Fibroblasts","yellow","Fibroblasts","Polr2j",0.501051126807709
"Kcnq1_EndothelialCells","yellow","EndothelialCells","Kcnq1",0.501024852465466
"Cd160_Leukocytes","yellow","Leukocytes","Cd160",0.500635621795946
"2810403D21Rik_Leukocytes","yellow","Leukocytes","2810403D21Rik",0.500389334015784
"5330426P16Rik_EndocardialCells","yellow","EndocardialCells","5330426P16Rik",0.500323724236966
"Taf4a_SmoothMuscleCells","yellow","SmoothMuscleCells","Taf4a",0.499937046208879
"Slc2a4_Fibroblasts","yellow","Fibroblasts","Slc2a4",0.499894051029914
"2310037I24Rik_SmoothMuscleCells","yellow","SmoothMuscleCells","2310037I24Rik",0.499847098191106
"Gp1ba_EndocardialCells","yellow","EndocardialCells","Gp1ba",0.499195902399869
"Sh2d4b_EndothelialCells","yellow","EndothelialCells","Sh2d4b",0.498341614923136
"Slc12a2_EndocardialCells","yellow","EndocardialCells","Slc12a2",0.498022498258021
"Arl4c_Fibroblasts","yellow","Fibroblasts","Arl4c",0.49756958788817
"Eif2c2_SmoothMuscleCells","yellow","SmoothMuscleCells","Eif2c2",0.497454515288302
"Larp4_EndothelialCells","yellow","EndothelialCells","Larp4",0.497102262779912
"Sfmbt2_Leukocytes","yellow","Leukocytes","Sfmbt2",0.497076984610327
"Sowaha_Fibroblasts","yellow","Fibroblasts","Sowaha",0.495861316276431
"Ipo13_EndothelialCells","yellow","EndothelialCells","Ipo13",0.495429872940796
"Mir125a_Fibroblasts","yellow","Fibroblasts","Mir125a",0.494800739498115
"Timm22_Fibroblasts","yellow","Fibroblasts","Timm22",0.494615280900671
"B3gnt2_EndothelialCells","yellow","EndothelialCells","B3gnt2",0.494546455581441
"Pole3_Fibroblasts","yellow","Fibroblasts","Pole3",0.493920647422221
"Upk1b_Fibroblasts","yellow","Fibroblasts","Upk1b",0.493389642155329
"Lrrc3b_EndothelialCells","yellow","EndothelialCells","Lrrc3b",0.493283976870121
"Mmel1_Fibroblasts","yellow","Fibroblasts","Mmel1",0.493220700458951
"Tspyl4_Fibroblasts","yellow","Fibroblasts","Tspyl4",0.492592611662954
"4921517L17Rik_EndothelialCells","yellow","EndothelialCells","4921517L17Rik",0.492247670899617
"Jarid2_EndothelialCells","yellow","EndothelialCells","Jarid2",0.492074038996839
"Fxyd3_Fibroblasts","yellow","Fibroblasts","Fxyd3",0.491510798323662
"Exd1_EndothelialCells","yellow","EndothelialCells","Exd1",0.491122176330499
"Otub2_Fibroblasts","yellow","Fibroblasts","Otub2",0.491033988705292
"Rhobtb2_Fibroblasts","yellow","Fibroblasts","Rhobtb2",0.49076852915723
"Ptplad2_EndocardialCells","yellow","EndocardialCells","Ptplad2",0.490640144124493
"Pcdhb10_Fibroblasts","yellow","Fibroblasts","Pcdhb10",0.490336029054452
"B230208H17Rik_EndothelialCells","yellow","EndothelialCells","B230208H17Rik",0.490211578441277
"Narf_Fibroblasts","yellow","Fibroblasts","Narf",0.490083282904893
"Mylpf_EndothelialCells","yellow","EndothelialCells","Mylpf",0.489981561134104
"Tspan14_SmoothMuscleCells","yellow","SmoothMuscleCells","Tspan14",0.48984647322545
"Ak5_Fibroblasts","yellow","Fibroblasts","Ak5",0.489579491327122
"Cnot7_SmoothMuscleCells","yellow","SmoothMuscleCells","Cnot7",0.48937114556733
"Leprotl1_EndothelialCells","yellow","EndothelialCells","Leprotl1",0.488941509873113
"1110034B05Rik_EndocardialCells","yellow","EndocardialCells","1110034B05Rik",0.48878931033404
"Supt16h_SmoothMuscleCells","yellow","SmoothMuscleCells","Supt16h",0.488715900750144
"Haus3_Fibroblasts","yellow","Fibroblasts","Haus3",0.48836205122473
"Pstk_SmoothMuscleCells","yellow","SmoothMuscleCells","Pstk",0.4883560978022
"Ran_EndothelialCells","yellow","EndothelialCells","Ran",0.488160917840152
"Ngp_SmoothMuscleCells","yellow","SmoothMuscleCells","Ngp",0.487775213069663
"Pcgf3_EndothelialCells","yellow","EndothelialCells","Pcgf3",0.487313967876931
"Rbm8a_Fibroblasts","yellow","Fibroblasts","Rbm8a",0.486622997364308
"Uhmk1_EndocardialCells","yellow","EndocardialCells","Uhmk1",0.486429436639647
"Ythdf2_SmoothMuscleCells","yellow","SmoothMuscleCells","Ythdf2",0.486055962147407
"D14Abb1e_EndothelialCells","yellow","EndothelialCells","D14Abb1e",0.485603990005032
"Lcn2_SmoothMuscleCells","yellow","SmoothMuscleCells","Lcn2",0.484905736803388
"Glcci1_EndothelialCells","yellow","EndothelialCells","Glcci1",0.484880827819134
"Pldn_SmoothMuscleCells","yellow","SmoothMuscleCells","Pldn",0.484523760113535
"Rars2_SmoothMuscleCells","yellow","SmoothMuscleCells","Rars2",0.483651640919959
"Osbpl9_Fibroblasts","yellow","Fibroblasts","Osbpl9",0.483336508901075
"Znhit2-ps_EndocardialCells","yellow","EndocardialCells","Znhit2-ps",0.483289886245354
"Ccdc91_SmoothMuscleCells","yellow","SmoothMuscleCells","Ccdc91",0.482712671783962
"Slc16a1_EndothelialCells","yellow","EndothelialCells","Slc16a1",0.481528576374049
"Tsc22d3_Fibroblasts","yellow","Fibroblasts","Tsc22d3",0.481013666478569
"Stc1_Fibroblasts","yellow","Fibroblasts","Stc1",0.480486126701052
"Scaf11_EndothelialCells","yellow","EndothelialCells","Scaf11",0.480270600013055
"Tcea1_Fibroblasts","yellow","Fibroblasts","Tcea1",0.480189653609405
"Gca_Leukocytes","yellow","Leukocytes","Gca",0.479625973516726
"Serinc5_Fibroblasts","yellow","Fibroblasts","Serinc5",0.479237156444063
"Nedd8_SmoothMuscleCells","yellow","SmoothMuscleCells","Nedd8",0.479230769691506
"Hdac2_SmoothMuscleCells","yellow","SmoothMuscleCells","Hdac2",0.478986892136656
"Ndufb6_Fibroblasts","yellow","Fibroblasts","Ndufb6",0.477991330002116
"Gale_EndothelialCells","yellow","EndothelialCells","Gale",0.477498318962646
"Tcp10a_EndothelialCells","yellow","EndothelialCells","Tcp10a",0.477412275289031
"Cklf_EndocardialCells","yellow","EndocardialCells","Cklf",0.477238308876693
"Hspe1_EndothelialCells","yellow","EndothelialCells","Hspe1",0.477011810763103
"Fkbp14_EndocardialCells","yellow","EndocardialCells","Fkbp14",0.476257944598612
"Rab3gap2_EndothelialCells","yellow","EndothelialCells","Rab3gap2",0.475882236278709
"Haus5_EndocardialCells","yellow","EndocardialCells","Haus5",0.475156327120721
"Slc7a4_EndocardialCells","yellow","EndocardialCells","Slc7a4",0.475125055130068
"Itfg1_EndothelialCells","yellow","EndothelialCells","Itfg1",0.474925338398883
"Pes1_SmoothMuscleCells","yellow","SmoothMuscleCells","Pes1",0.474819726905656
"Gnl3_SmoothMuscleCells","yellow","SmoothMuscleCells","Gnl3",0.474723692595653
"Ostc_EndothelialCells","yellow","EndothelialCells","Ostc",0.474591508983107
"Ndufb6_SmoothMuscleCells","yellow","SmoothMuscleCells","Ndufb6",0.474551568022301
"Capn2_SmoothMuscleCells","yellow","SmoothMuscleCells","Capn2",0.473364020196121
"Samd3_Leukocytes","yellow","Leukocytes","Samd3",0.473354621070997
"Extl2_Fibroblasts","yellow","Fibroblasts","Extl2",0.473092589418686
"Scyl3_EndocardialCells","yellow","EndocardialCells","Scyl3",0.471940677870282
"Clec2d_SmoothMuscleCells","yellow","SmoothMuscleCells","Clec2d",0.471925838838224
"Ddx28_EndocardialCells","yellow","EndocardialCells","Ddx28",0.471749219485061
"Jam3_EndocardialCells","yellow","EndocardialCells","Jam3",0.471739559256652
"Atp5o_SmoothMuscleCells","yellow","SmoothMuscleCells","Atp5o",0.471687701585519
"Neo1_Fibroblasts","yellow","Fibroblasts","Neo1",0.471083556679634
"Acsl1_EndothelialCells","yellow","EndothelialCells","Acsl1",0.470686131520396
"Zcchc2_EndocardialCells","yellow","EndocardialCells","Zcchc2",0.469312243701541
"Gm10556_EndothelialCells","yellow","EndothelialCells","Gm10556",0.468571665231485
