"celltype","ID","Description","GeneRatio","BgRatio","RichFactor","FoldEnrichment","zScore","pvalue","p.adjust","qvalue","geneID","Count","module","database","n_overlap_genes","overlap_hit_genes","go_source","hub_hit_genes"
"Myocytes","GO:0051146","striated muscle cell differentiation","63/516","348/13010",0.181034482758621,4.56445469125902,13.6970683479959,7.80684933081237e-25,5.91603042288962e-22,5.6373669904603e-22,"Actc1/Actn2/Acvr1/Adprhl1/Asb2/Camk2d/Cav3/Cfl2/Csrp3/Fhl2/Gata4/Gata6/Hand2/Ldb3/Lmod2/Mfn2/Mybpc3/Myh6/Myl9/Mylk3/Myom1/Myom2/Myoz2/Nkx2-5/Nppa/Nrap/Pdlim5/Pgm5/Popdc2/Ptgfrn/Rpl10a/Rpl11/Rpl12/Rpl13a/Rpl17/Rpl18a/Rpl19/Rpl23/Rpl24/Rpl27/Rpl27a/Rpl29/Rpl31/Rpl32/Rpl34/Rpl35/Rpl35a/Rpl37/Rpl37a/Rpl6/Rpl7/Rpl7a/Rpl8/Rpl9/Rplp1/Smyd1/Speg/Tanc1/Tbx5/Tcap/Tmod1/Tnnt2/Tpm1",63,"brown","GO_BP",2,"Acvr1/Nppa","GO_BP (subset con hub genes)","Nppa"
"Myocytes","GO:0006941","striated muscle contraction","48/516","217/13010",0.221198156682028,5.577108562855,13.817546578984,5.45046439074847e-23,3.44196826275766e-20,3.27984085267846e-20,"Actc1/Atp1a2/Camk2d/Cav3/Csrp3/Gata4/Grcc10/Mb/Mybpc3/Myh6/Myl1/Myl4/Nkx2-5/Nppa/Pgam2/Pln/Rangrf/Rpl10a/Rpl11/Rpl12/Rpl13a/Rpl17/Rpl18a/Rpl19/Rpl23/Rpl24/Rpl27/Rpl27a/Rpl29/Rpl31/Rpl32/Rpl34/Rpl35/Rpl35a/Rpl37/Rpl37a/Rpl6/Rpl7/Rpl7a/Rpl8/Rpl9/Rplp1/Smad7/Tcap/Tnnc1/Tnni3/Tnnt2/Tpm1",48,"brown","GO_BP",1,"Nppa","GO_BP (subset con hub genes)","Nppa"
"Myocytes","GO:0006936","muscle contraction","57/516","327/13010",0.174311926605505,4.39495768437522,12.635525322682,1.0973970869437e-21,4.62004173603299e-19,4.40242340142327e-19,"Actc1/Actn2/Atp1a2/Camk2d/Cav3/Csrp3/Gata4/Grcc10/Hsbp1/Lmod2/Mb/Mkks/Mybpc3/Myh6/Myl1/Myl4/Myom1/Myom2/Nkx2-5/Nppa/Pgam2/Pln/Rangrf/Rpl10a/Rpl11/Rpl12/Rpl13a/Rpl17/Rpl18a/Rpl19/Rpl23/Rpl24/Rpl27/Rpl27a/Rpl29/Rpl31/Rpl32/Rpl34/Rpl35/Rpl35a/Rpl37/Rpl37a/Rpl6/Rpl7/Rpl7a/Rpl8/Rpl9/Rplp1/Smad7/Tbx20/Tcap/Tmod1/Tnnc1/Tnni3/Tnnt2/Tpm1/Tpm2",57,"brown","GO_BP",1,"Nppa","GO_BP (subset con hub genes)","Nppa"
"Myocytes","GO:0003012","muscle system process","65/516","442/13010",0.147058823529412,3.7078203374373,11.7704739703889,1.69767673823172e-20,6.43249716116e-18,6.12950653908928e-18,"Actc1/Actn2/Asb2/Atp1a2/Camk2d/Cav3/Csrp3/Fbxo32/Gata4/Gata6/Grcc10/Hand2/Hsbp1/Lmod2/Mb/Mkks/Mybpc3/Myh6/Myl1/Myl4/Myom1/Myom2/Myoz2/Nkx2-5/Nppa/Pdlim5/Pgam2/Pln/Rangrf/Rpl10a/Rpl11/Rpl12/Rpl13a/Rpl17/Rpl18a/Rpl19/Rpl23/Rpl24/Rpl27/Rpl27a/Rpl29/Rpl31/Rpl32/Rpl34/Rpl35/Rpl35a/Rpl37/Rpl37a/Rpl6/Rpl7/Rpl7a/Rpl8/Rpl9/Rplp1/Sln/Smad7/Srl/Tbx20/Tcap/Tmod1/Tnnc1/Tnni3/Tnnt2/Tpm1/Tpm2",65,"brown","GO_BP",1,"Nppa","GO_BP (subset con hub genes)","Nppa"
"Myocytes","GO:0042692","muscle cell differentiation","64/516","451/13010",0.141906873614191,3.57792330566012,11.3233984684725,2.2888434320691e-19,7.22702313675819e-17,6.88660787017282e-17,"Actc1/Actn2/Acvr1/Adm/Adprhl1/Asb2/Camk2d/Cav3/Cfl2/Csrp3/Fhl2/Gata4/Gata6/Hand2/Ldb3/Lmod2/Mfn2/Mybpc3/Myh6/Myl9/Mylk3/Myom1/Myom2/Myoz2/Nkx2-5/Nppa/Nrap/Pdlim5/Pgm5/Popdc2/Ptgfrn/Rpl10a/Rpl11/Rpl12/Rpl13a/Rpl17/Rpl18a/Rpl19/Rpl23/Rpl24/Rpl27/Rpl27a/Rpl29/Rpl31/Rpl32/Rpl34/Rpl35/Rpl35a/Rpl37/Rpl37a/Rpl6/Rpl7/Rpl7a/Rpl8/Rpl9/Rplp1/Smyd1/Speg/Tanc1/Tbx5/Tcap/Tmod1/Tnnt2/Tpm1",64,"brown","GO_BP",2,"Acvr1/Nppa","GO_BP (subset con hub genes)","Nppa"
"EndocardialCells","GO:0003012","muscle system process","46/309","442/13010",0.104072398190045,4.38181844806631,11.2826359725406,1.5296786943173e-17,8.30870477463345e-15,7.54641489196533e-15,"Abcc9/Actc1/Agrn/Csrp3/Dbn1/Dmd/Ece1/F2r/Gata4/Gsn/Hand2/Kcnj5/Kcnj8/Mb/Myh6/Myl2/Myl4/Nppa/Npr3/Ptgs1/Rem1/Rpl11/Rpl17/Rpl23/Rpl23a/Rpl24/Rpl27/Rpl28/Rpl34/Rpl35a/Rpl36a/Rpl37/Rpl37a/Rpl41/Rpl6/Sln/Smad5/Srsf1/Tcap/Tiam1/Tmod2/Tnnc1/Tnni3/Tnnt2/Trip10/Uba52",46,"brown","GO_BP",3,"Ece1/F2r/Nppa","GO_BP (subset con hub genes)","Ece1"
"Fibroblasts","GO:0042692","muscle cell differentiation","37/226","451/13010",0.082039911308204,4.72274002707847,10.6983362823574,2.20858981295921e-15,3.91310148037244e-13,3.55972711029897e-13,"Ank2/Cav3/Cfh/Foxo4/Igf1/Lamc1/Nppa/Pdgfra/Ptgfrn/Rpl10/Rpl10a/Rpl11/Rpl15/Rpl19/Rpl21/Rpl23/Rpl23a/Rpl24/Rpl27/Rpl27a/Rpl28/Rpl31/Rpl35a/Rpl36a/Rpl37/Rpl37a/Rpl38/Rpl39/Rpl41/Rpl7a/Rpl9/Rplp2/Tgfb1/Tnnt2/Uba52/Xirp1/Zeb1",37,"brown","GO_BP",5,"Cfh/Lamc1/Nppa/Pdgfra/Tgfb1","GO_BP (subset con hub genes)","Cfh"
"EndocardialCells","GO:0042692","muscle cell differentiation","43/309","451/13010",0.0953436807095344,4.0143083690325,10.1620343502547,4.64861650721344e-15,1.68331568855651e-12,1.52887831792798e-12,"Actc1/Adprhl1/Bmpr1a/Cfh/Csrp3/Dmd/Efemp2/Ehd1/Ehd2/Eng/Gata4/Hand2/Kcnj8/Lamb1/Lamb2/Lamc1/Myh6/Myl2/Nppa/Plekho1/Rpl11/Rpl17/Rpl23/Rpl23a/Rpl24/Rpl27/Rpl28/Rpl34/Rpl35a/Rpl36a/Rpl37/Rpl37a/Rpl41/Rpl6/Sema4c/Ski/Tbx5/Tcap/Tmod2/Tnnt2/Trip10/Uba52/Vegfa",43,"brown","GO_BP",6,"Bmpr1a/Cfh/Eng/Lamc1/Nppa/Vegfa","GO_BP (subset con hub genes)","Cfh/Eng"
"Myocytes","GO:0055002","striated muscle cell development","32/516","183/13010",0.174863387978142,4.4088617782861,9.4377495065144,1.10474251058367e-12,1.81994320547893e-10,1.73421822027552e-10,"Actc1/Actn2/Adprhl1/Asb2/Camk2d/Cav3/Cfl2/Csrp3/Fhl2/Gata4/Ldb3/Lmod2/Mfn2/Mybpc3/Myh6/Myl9/Mylk3/Myom1/Myom2/Myoz2/Nkx2-5/Nppa/Nrap/Pdlim5/Pgm5/Popdc2/Speg/Tbx5/Tcap/Tmod1/Tnnt2/Tpm1",32,"brown","GO_BP",1,"Nppa","GO_BP (subset con hub genes)","Nppa"
"Myocytes","GO:0048738","cardiac muscle tissue development","37/516","250/13010",0.148,3.7315503875969,8.86237127472956,3.56147692514067e-12,4.99793928494741e-10,4.76252080048051e-10,"Actc1/Actn2/Acvr1/Adprhl1/Ankrd1/Asb2/Camk2d/Cav3/Csrp3/Fhl2/Gata4/Gata6/Hand2/Jph2/Mybpc3/Myh6/Myl7/Mylk3/Ndufv2/Nkx2-5/Nppa/Nrap/Pdlim5/Pim1/Pln/Popdc2/Sgcg/Smad7/Speg/Tbx20/Tbx5/Tcap/Tgfbr3/Tnnc1/Tnni3/Tnnt2/Tpm1",37,"brown","GO_BP",3,"Acvr1/Nppa/Tgfbr3","GO_BP (subset con hub genes)","Nppa"
"Myocytes","GO:0055001","muscle cell development","33/516","216/13010",0.152777777777778,3.85201335055986,8.58956782665797,2.26245853098247e-11,2.95601909444572e-09,2.81678140154987e-09,"Actc1/Actn2/Adm/Adprhl1/Asb2/Camk2d/Cav3/Cfl2/Csrp3/Fhl2/Gata4/Ldb3/Lmod2/Mfn2/Mybpc3/Myh6/Myl9/Mylk3/Myom1/Myom2/Myoz2/Nkx2-5/Nppa/Nrap/Pdlim5/Pgm5/Popdc2/Speg/Tbx5/Tcap/Tmod1/Tnnt2/Tpm1",33,"brown","GO_BP",1,"Nppa","GO_BP (subset con hub genes)","Nppa"
"Myocytes","GO:0014706","striated muscle tissue development","45/516","410/13010",0.109756097560976,2.7673000567215,7.38946512925583,5.20707370340285e-10,5.19200059531405e-08,4.94744121957667e-08,"Actc1/Actn2/Acvr1/Adprhl1/Ankrd1/Asb2/Camk2d/Cav3/Cfl2/Csrp3/Fhl2/Gata4/Gata6/Gpc1/Hand2/Jph2/Lemd3/Mybpc3/Myh6/Myl7/Mylk3/Myom1/Myoz2/Ndufv2/Nkx2-5/Nppa/Nrap/Pdlim5/Pgm5/Pim1/Pln/Popdc2/Sgcg/Smad7/Smyd1/Speg/Tbx20/Tbx5/Tcap/Tgfbr3/Tnnc1/Tnni3/Tnnt2/Tpm1/Vamp5",45,"brown","GO_BP",3,"Acvr1/Nppa/Tgfbr3","GO_BP (subset con hub genes)","Nppa"
"EndocardialCells","GO:0003007","heart morphogenesis","26/309","257/13010",0.101167315175097,4.25950411141753,8.23178755248767,4.51688531346084e-10,7.36026461828444e-08,6.68499026392205e-08,"Abcc9/Actc1/Adprhl1/Bmpr1a/Cpe/Dchs1/Eng/Ephb4/Foxc1/Gata4/Hand2/Kcnj8/Myh6/Myl2/Nphp3/Nrp1/Pkd2/Plxnd1/Sav1/Tbx5/Tcap/Tnnc1/Tnni3/Tnnt2/Vegfa/Zfpm2",26,"brown","GO_BP",5,"Bmpr1a/Eng/Ephb4/Nrp1/Vegfa","GO_BP (subset con hub genes)","Eng"
"Myocytes","GO:0060537","muscle tissue development","46/516","430/13010",0.106976744186047,2.69722372453579,7.27325908298583,7.70669792174964e-10,7.48735344243831e-08,7.13467580879926e-08,"Actc1/Actn2/Acvr1/Adprhl1/Ankrd1/Asb2/Camk2d/Cav3/Cfl2/Csrp3/Fhl2/Gata4/Gata6/Gpc1/Hand2/Jph2/Lemd3/Mybpc3/Myh6/Myl7/Mylk3/Myom1/Myoz2/Ndufv2/Nkx2-5/Nppa/Nrap/Pdlim5/Pgm5/Pim1/Pln/Popdc2/Sgcg/Smad7/Smyd1/Speg/Tbx20/Tbx5/Tcap/Tgfbr3/Tnnc1/Tnni3/Tnnt2/Tpm1/Vamp5/Zfand5",46,"brown","GO_BP",3,"Acvr1/Nppa/Tgfbr3","GO_BP (subset con hub genes)","Nppa"
"EndocardialCells","GO:0003013","circulatory system process","36/309","489/13010",0.0736196319018405,3.09964857942701,7.38182546861491,1.48699632546215e-09,2.30767667841959e-07,2.09595672541331e-07,"Abcb1b/Abcc9/Actc1/Agrn/Amot/Camk2n1/Csrp3/Dmd/Ece1/Eng/F2r/Foxc1/Gata4/Gsn/Kcnj5/Kcnj8/Lrp5/Myh6/Myl2/Myl4/Myl7/Nisch/Nppa/Npr3/Pecam1/Ptgs1/Rps6ka2/Slc16a2/Smad5/Srsf1/Tbx5/Tcap/Tnnc1/Tnni3/Tnnt2/Vegfa",36,"brown","GO_BP",7,"Ece1/Eng/F2r/Lrp5/Nppa/Pecam1/Vegfa","GO_BP (subset con hub genes)","Ece1/Eng"
"EndocardialCells","GO:0003205","cardiac chamber development","20/309","170/13010",0.117647058823529,4.95335998477061,8.09264611522141,3.69639182819176e-09,5.47570044003497e-07,4.97332718702164e-07,"Adprhl1/Ap2b1/Bmpr1a/Cpe/Eng/Foxc1/Gata4/Hand2/Kcnj8/Myh6/Myl2/Nphp3/Nrp1/Plxnd1/Sav1/Tbx5/Tnnc1/Tnni3/Tnnt2/Zfpm2",20,"brown","GO_BP",3,"Bmpr1a/Eng/Nrp1","GO_BP (subset con hub genes)","Eng"
"EndocardialCells","GO:0008015","blood circulation","34/309","463/13010",0.0734341252699784,3.09183808984602,7.14876221729442,4.69832207809015e-09,6.65731810978078e-07,6.04653623962906e-07,"Abcc9/Actc1/Agrn/Amot/Camk2n1/Csrp3/Dmd/Ece1/Eng/F2r/Foxc1/Gata4/Gsn/Kcnj5/Kcnj8/Lrp5/Myh6/Myl2/Myl4/Myl7/Nisch/Nppa/Npr3/Pecam1/Ptgs1/Rps6ka2/Smad5/Srsf1/Tbx5/Tcap/Tnnc1/Tnni3/Tnnt2/Vegfa",34,"brown","GO_BP",7,"Ece1/Eng/F2r/Lrp5/Nppa/Pecam1/Vegfa","GO_BP (subset con hub genes)","Ece1/Eng"
"Myocytes","GO:0060047","heart contraction","29/516","218/13010",0.13302752293578,3.3540466538653,7.12311808444975,1.00231419137013e-08,8.63129197977598e-07,8.22473128325252e-07,"Actc1/Adm/Atp1a2/Camk2d/Cav3/Csrp3/Gata4/Gata6/Gnao1/Mybpc3/Myh6/Myl1/Myl4/Myl7/Nkx2-5/Nppa/Pln/Popdc2/Rangrf/Sgcg/Smad7/Tbx5/Tcap/Tmem65/Tnnc1/Tnni3/Tnnt2/Tpm1/Trdn",29,"brown","GO_BP",1,"Nppa","GO_BP (subset con hub genes)","Nppa"
"Myocytes","GO:0055006","cardiac cell development","20/516","112/13010",0.178571428571429,4.50235326688815,7.56491114328946,1.4056445889568e-08,1.18355274390163e-06,1.12780372868347e-06,"Actc1/Actn2/Adprhl1/Asb2/Camk2d/Cav3/Csrp3/Fhl2/Gata4/Myh6/Mylk3/Nkx2-5/Nppa/Nrap/Pdlim5/Popdc2/Speg/Tbx5/Tcap/Tgfbr3",20,"brown","GO_BP",2,"Nppa/Tgfbr3","GO_BP (subset con hub genes)","Nppa"
"Myocytes","GO:0055013","cardiac muscle cell development","19/516","103/13010",0.184466019417476,4.6509746368631,7.55980912200023,1.86479389343456e-08,1.53602262222251e-06,1.463671179515e-06,"Actc1/Actn2/Adprhl1/Asb2/Camk2d/Cav3/Csrp3/Fhl2/Gata4/Myh6/Mylk3/Nkx2-5/Nppa/Nrap/Pdlim5/Popdc2/Speg/Tbx5/Tcap",19,"brown","GO_BP",1,"Nppa","GO_BP (subset con hub genes)","Nppa"
"EndocardialCells","GO:0003208","cardiac ventricle morphogenesis","13/309","72/13010",0.180555555555556,7.60203164329378,8.76178344298901,1.19964967315772e-08,1.5638633139284e-06,1.42038521301874e-06,"Bmpr1a/Cpe/Eng/Foxc1/Gata4/Hand2/Myh6/Myl2/Tbx5/Tnnc1/Tnni3/Tnnt2/Zfpm2",13,"brown","GO_BP",2,"Bmpr1a/Eng","GO_BP (subset con hub genes)","Eng"
"Myocytes","GO:0003015","heart process","29/516","226/13010",0.128318584070796,3.23531933868423,6.88900453805413,2.27726755387155e-08,1.83586526842964e-06,1.74939030454186e-06,"Actc1/Adm/Atp1a2/Camk2d/Cav3/Csrp3/Gata4/Gata6/Gnao1/Mybpc3/Myh6/Myl1/Myl4/Myl7/Nkx2-5/Nppa/Pln/Popdc2/Rangrf/Sgcg/Smad7/Tbx5/Tcap/Tmem65/Tnnc1/Tnni3/Tnnt2/Tpm1/Trdn",29,"brown","GO_BP",1,"Nppa","GO_BP (subset con hub genes)","Nppa"
"EndocardialCells","GO:0003229","ventricular cardiac muscle tissue development","12/309","64/13010",0.1875,7.89441747572816,8.62386604104724,2.83296380610477e-08,3.36591696530126e-06,3.05710776842336e-06,"Bmpr1a/Eng/Foxc1/Gata4/Kcnj8/Myh6/Myl2/Tbx5/Tnnc1/Tnni3/Tnnt2/Zfpm2",12,"brown","GO_BP",2,"Bmpr1a/Eng","GO_BP (subset con hub genes)","Eng"
"EndocardialCells","GO:0048738","cardiac muscle tissue development","23/309","250/13010",0.092,3.87352750809062,7.15553754254843,2.89185869985994e-08,3.36591696530126e-06,3.05710776842336e-06,"Actc1/Adprhl1/Bmpr1a/Csrp3/Eng/Foxc1/Gata4/Hand2/Hspg2/Kcnj8/Myh6/Myl2/Myl7/Nppa/Sav1/Tbx5/Tcap/Tnnc1/Tnni3/Tnnt2/Trip10/Vegfa/Zfpm2",23,"brown","GO_BP",5,"Bmpr1a/Eng/Hspg2/Nppa/Vegfa","GO_BP (subset con hub genes)","Eng"
"Myocytes","GO:0055007","cardiac muscle cell differentiation","22/516","147/13010",0.149659863945578,3.7734008332015,6.87220697708091,7.51221810691609e-08,5.69275888142102e-06,5.42461223299415e-06,"Actc1/Actn2/Acvr1/Adprhl1/Asb2/Camk2d/Cav3/Csrp3/Fhl2/Gata4/Gata6/Hand2/Myh6/Mylk3/Nkx2-5/Nppa/Nrap/Pdlim5/Popdc2/Speg/Tbx5/Tcap",22,"brown","GO_BP",2,"Acvr1/Nppa","GO_BP (subset con hub genes)","Nppa"
"EndocardialCells","GO:0003206","cardiac chamber morphogenesis","16/309","128/13010",0.125,5.26294498381877,7.5597129250656,5.8969827467106e-08,6.40608892384328e-06,5.8183563100878e-06,"Adprhl1/Bmpr1a/Cpe/Eng/Foxc1/Gata4/Hand2/Myh6/Myl2/Nrp1/Sav1/Tbx5/Tnnc1/Tnni3/Tnnt2/Zfpm2",16,"brown","GO_BP",3,"Bmpr1a/Eng/Nrp1","GO_BP (subset con hub genes)","Eng"
"EndocardialCells","GO:0048644","muscle organ morphogenesis","13/309","83/13010",0.156626506024096,6.59453347370063,7.97510274779988,7.07943413908095e-08,7.44254059976284e-06,6.75971775860633e-06,"Actc1/Bmpr1a/Efemp2/Eng/Foxc1/Gata4/Myh6/Myl2/Tcap/Tnnc1/Tnni3/Tnnt2/Zfpm2",13,"brown","GO_BP",2,"Bmpr1a/Eng","GO_BP (subset con hub genes)","Eng"
"Myocytes","GO:0060048","cardiac muscle contraction","20/516","131/13010",0.152671755725191,3.84934019764483,6.66093104979984,2.10949684542989e-07,1.50809123534601e-05,1.43705544783009e-05,"Actc1/Atp1a2/Camk2d/Cav3/Csrp3/Gata4/Mybpc3/Myh6/Myl1/Myl4/Nkx2-5/Nppa/Pln/Rangrf/Smad7/Tcap/Tnnc1/Tnni3/Tnnt2/Tpm1",20,"brown","GO_BP",1,"Nppa","GO_BP (subset con hub genes)","Nppa"
"EndocardialCells","GO:0060415","muscle tissue morphogenesis","12/309","77/13010",0.155844155844156,6.56159374605977,7.63444067052873,2.40539524585077e-07,2.44974472069614e-05,2.22499060241196e-05,"Actc1/Bmpr1a/Efemp2/Eng/Foxc1/Myh6/Myl2/Tcap/Tnnc1/Tnni3/Tnnt2/Zfpm2",12,"brown","GO_BP",2,"Bmpr1a/Eng","GO_BP (subset con hub genes)","Eng"
"EndocardialCells","GO:0003231","cardiac ventricle development","15/309","128/13010",0.1171875,4.9340109223301,6.97639620726393,3.62322622977766e-07,3.57821038874102e-05,3.24992413337632e-05,"Ap2b1/Bmpr1a/Cpe/Eng/Foxc1/Gata4/Hand2/Myh6/Myl2/Sav1/Tbx5/Tnnc1/Tnni3/Tnnt2/Zfpm2",15,"brown","GO_BP",2,"Bmpr1a/Eng","GO_BP (subset con hub genes)","Eng"
"EndocardialCells","GO:0060537","muscle tissue development","29/309","430/13010",0.0674418604651163,2.83954240987431,6.05042595664097,4.17380279515489e-07,4.0007127380617e-05,3.63366360989955e-05,"Abcc9/Actc1/Adprhl1/Bmpr1a/Csrp3/Ddx5/Dmd/Efemp2/Eng/Foxc1/Gata4/Hand2/Hspg2/Kcnj8/Myh6/Myl2/Myl7/Nppa/Pkd2/Sav1/Ski/Tbx5/Tcap/Tnnc1/Tnni3/Tnnt2/Trip10/Vegfa/Zfpm2",29,"brown","GO_BP",5,"Bmpr1a/Eng/Hspg2/Nppa/Vegfa","GO_BP (subset con hub genes)","Eng"
"EndocardialCells","GO:0055008","cardiac muscle tissue morphogenesis","11/309","67/13010",0.164179104477612,6.91252475486645,7.5678956713063,4.46476187305186e-07,4.04184970674333e-05,3.67102642895375e-05,"Actc1/Bmpr1a/Eng/Foxc1/Myh6/Myl2/Tcap/Tnnc1/Tnni3/Tnnt2/Zfpm2",11,"brown","GO_BP",2,"Bmpr1a/Eng","GO_BP (subset con hub genes)","Eng"
"Myocytes","GO:0035051","cardiocyte differentiation","23/516","181/13010",0.12707182320442,3.20388453466958,6.06775139893046,7.81919637936784e-07,5.29052412168299e-05,5.04132398143453e-05,"Actc1/Actn2/Acvr1/Adprhl1/Asb2/Camk2d/Cav3/Csrp3/Fhl2/Gata4/Gata6/Hand2/Myh6/Mylk3/Nkx2-5/Nppa/Nrap/Pdlim5/Popdc2/Speg/Tbx5/Tcap/Tgfbr3",23,"brown","GO_BP",3,"Acvr1/Nppa/Tgfbr3","GO_BP (subset con hub genes)","Nppa"
"SmoothMuscleCells","GO:0001525","angiogenesis","49/546","497/13010",0.0985915492957746,2.34922354640664,6.41905271036053,2.11587432267763e-08,9.26118191036e-05,8.63276723652475e-05,"Adm/Angpt2/Angptl4/C3/Casp8/Ccdc134/Cd34/Cfh/Cldn5/Dcn/Ecscr/Emcn/Emilin1/Enpep/Fap/Fbn1/Foxo4/Fyn/Gata2/Gata6/Hand2/Hspg2/Itga5/Mcam/Mdk/Mmrn2/Mtdh/Nrxn1/Pdgfrb/Pf4/Ppp1r16b/Prkx/Pxdn/Pxn/Ramp2/Rasip1/Rora/Rtn4/S1pr1/Smad1/Smad5/Tbx20/Tcf21/Tcf4/Tek/Tgfb1/Tgfbr1/Tmem201/Tnfrsf12a",49,"brown","GO_BP",15,"Angpt2/C3/Cfh/Cldn5/Dcn/Fbn1/Hspg2/Itga5/Mcam/Pdgfrb/Pf4/Rtn4/Tek/Tgfb1/Tgfbr1","GO_BP (subset con hub genes)","C3/Dcn"
"Myocytes","GO:0072521","purine-containing compound metabolic process","42/516","490/13010",0.0857142857142857,2.16112956810631,5.32442381063351,2.08561676896644e-06,0.000131706698960231,0.000125502903816752,"Adnp/Ak1/Arl2/Atic/Atp1a2/Dld/Dlst/Eno3/Entpd4/Gamt/Got2/Idh2/Ldhb/Mfn1/Myh6/Ndufa12/Ndufa3/Ndufa8/Ndufa9/Ndufb3/Ndufb6/Ndufb7/Ndufs1/Ndufs2/Ndufs8/Ndufv2/Nppa/Nudt19/Nudt3/Nudt4/Pdha1/Pdhb/Pdk2/Pgam2/Prkaca/Rhoq/Sdha/Sdhd/Slc25a11/Suclg1/Tpi1/Vdac1",42,"brown","GO_BP",1,"Nppa","GO_BP (subset con hub genes)","Nppa"
"EndocardialCells","GO:0014706","striated muscle tissue development","27/309","410/13010",0.0658536585365854,2.77267345488989,5.68876031120208,1.68553703736778e-06,0.000148463924453556,0.000134842962989422,"Abcc9/Actc1/Adprhl1/Bmpr1a/Csrp3/Ddx5/Dmd/Eng/Foxc1/Gata4/Hand2/Hspg2/Kcnj8/Myh6/Myl2/Myl7/Nppa/Sav1/Ski/Tbx5/Tcap/Tnnc1/Tnni3/Tnnt2/Trip10/Vegfa/Zfpm2",27,"brown","GO_BP",5,"Bmpr1a/Eng/Hspg2/Nppa/Vegfa","GO_BP (subset con hub genes)","Eng"
"Myocytes","GO:0009150","purine ribonucleotide metabolic process","29/516","291/13010",0.0996563573883162,2.51265350701937,5.30341394572796,4.81839146371858e-06,0.000268483606706319,0.000255837193816637,"Adnp/Ak1/Arl2/Atic/Atp1a2/Eno3/Entpd4/Mfn1/Myh6/Ndufa12/Ndufa3/Ndufa8/Ndufa9/Ndufb3/Ndufb6/Ndufb7/Ndufs1/Ndufs2/Ndufs8/Ndufv2/Nppa/Nudt3/Nudt4/Pgam2/Prkaca/Rhoq/Sdha/Sdhd/Tpi1",29,"brown","GO_BP",1,"Nppa","GO_BP (subset con hub genes)","Nppa"
"EndocardialCells","GO:0055010","ventricular cardiac muscle tissue morphogenesis","9/309","52/13010",0.173076923076923,7.28715459297984,7.08547649677758,3.2090812285376e-06,0.000275220940100106,0.000249970537801876,"Bmpr1a/Eng/Foxc1/Myh6/Myl2/Tnnc1/Tnni3/Tnnt2/Zfpm2",9,"brown","GO_BP",2,"Bmpr1a/Eng","GO_BP (subset con hub genes)","Eng"
"EndocardialCells","GO:0055001","muscle cell development","18/309","216/13010",0.0833333333333333,3.50862998921251,5.79885902244807,3.98920511074206e-06,0.000333354345023291,0.000302770439174269,"Actc1/Adprhl1/Bmpr1a/Csrp3/Dmd/Efemp2/Eng/Gata4/Myh6/Myl2/Nppa/Ski/Tbx5/Tcap/Tmod2/Tnnt2/Trip10/Vegfa",18,"brown","GO_BP",4,"Bmpr1a/Eng/Nppa/Vegfa","GO_BP (subset con hub genes)","Eng"
"Myocytes","GO:0072522","purine-containing compound biosynthetic process","23/516","205/13010",0.11219512195122,2.82879561353753,5.36350101756619,6.74079033856872e-06,0.000370157312939665,0.000352721752269881,"Ak1/Atic/Dld/Dlst/Idh2/Ndufa12/Ndufa3/Ndufa8/Ndufa9/Ndufb3/Ndufb6/Ndufb7/Ndufs1/Ndufs2/Ndufs8/Ndufv2/Nppa/Pdha1/Pdhb/Pdk2/Sdha/Sdhd/Vdac1",23,"brown","GO_BP",1,"Nppa","GO_BP (subset con hub genes)","Nppa"
"SmoothMuscleCells","GO:0051145","smooth muscle cell differentiation","14/546","67/13010",0.208955223880597,4.97895139686184,6.83404946710727,5.5935246835658e-07,0.000408047625666125,0.000380359678482474,"Adm/C3/Cfh/Ednrb/Foxo4/Gata6/Pbrm1/Pdgfrb/Ramp2/Rcan1/Sgcb/Smad6/Tbx18/Tgfb1",14,"brown","GO_BP",5,"C3/Cfh/Ednrb/Pdgfrb/Tgfb1","GO_BP (subset con hub genes)","C3"
"Myocytes","GO:0006163","purine nucleotide metabolic process","33/516","368/13010",0.0896739130434783,2.26096435793731,4.98671885923512,1.04712353909592e-05,0.000551048762449227,0.000525092651915059,"Adnp/Ak1/Arl2/Atic/Atp1a2/Eno3/Entpd4/Got2/Idh2/Ldhb/Mfn1/Myh6/Ndufa12/Ndufa3/Ndufa8/Ndufa9/Ndufb3/Ndufb6/Ndufb7/Ndufs1/Ndufs2/Ndufs8/Ndufv2/Nppa/Nudt3/Nudt4/Pgam2/Prkaca/Rhoq/Sdha/Sdhd/Slc25a11/Tpi1",33,"brown","GO_BP",1,"Nppa","GO_BP (subset con hub genes)","Nppa"
"EndocardialCells","GO:0001525","angiogenesis","29/309","497/13010",0.0583501006036217,2.45674695421721,5.16492273875679,7.54822253868861e-06,0.000572085052408981,0.000519598574756239,"Amot/Amotl1/Bmpr1a/Cd59a/Cfh/Cgnl1/Creb3l1/Ctnnd1/Cyp1b1/Dcn/Ecscr/Emcn/Eng/Ephb4/Epn1/Foxc1/Gata4/Hand2/Hspg2/Mmrn2/Npr3/Nrp1/Pecam1/Pf4/Plxnd1/Smad5/Stab1/Tie1/Vegfa",29,"brown","GO_BP",13,"Bmpr1a/Cd59a/Cfh/Dcn/Eng/Ephb4/Hspg2/Nrp1/Pecam1/Pf4/Stab1/Tie1/Vegfa","GO_BP (subset con hub genes)","Cfh/Eng/Pf4"
"Myocytes","GO:0009259","ribonucleotide metabolic process","29/516","308/13010",0.0941558441558442,2.37396808617739,4.9592043715359,1.44561359182669e-05,0.00071135453239368,0.000677847521526392,"Adnp/Ak1/Arl2/Atic/Atp1a2/Eno3/Entpd4/Mfn1/Myh6/Ndufa12/Ndufa3/Ndufa8/Ndufa9/Ndufb3/Ndufb6/Ndufb7/Ndufs1/Ndufs2/Ndufs8/Ndufv2/Nppa/Nudt3/Nudt4/Pgam2/Prkaca/Rhoq/Sdha/Sdhd/Tpi1",29,"brown","GO_BP",1,"Nppa","GO_BP (subset con hub genes)","Nppa"
"EndocardialCells","GO:0030198","extracellular matrix organization","20/309","279/13010",0.0716845878136201,3.01817633480646,5.31510918542223,1.13993885565702e-05,0.000807621897953527,0.000733525872335821,"Ccdc80/Creb3l1/Crispld2/Cyp1b1/Dpt/Efemp2/Eng/Foxc1/Hmcn1/Hspg2/Lamb1/Lamb2/Lamc1/Ltbp4/Mfap4/Nphp3/Phldb2/Prdx4/Smoc1/Tie1",20,"brown","GO_BP",4,"Eng/Hspg2/Lamc1/Tie1","GO_BP (subset con hub genes)","Eng"
"EndocardialCells","GO:0045229","external encapsulating structure organization","20/309","279/13010",0.0716845878136201,3.01817633480646,5.31510918542223,1.13993885565702e-05,0.000807621897953527,0.000733525872335821,"Ccdc80/Creb3l1/Crispld2/Cyp1b1/Dpt/Efemp2/Eng/Foxc1/Hmcn1/Hspg2/Lamb1/Lamb2/Lamc1/Ltbp4/Mfap4/Nphp3/Phldb2/Prdx4/Smoc1/Tie1",20,"brown","GO_BP",4,"Eng/Hspg2/Lamc1/Tie1","GO_BP (subset con hub genes)","Eng"
"EndocardialCells","GO:0043062","extracellular structure organization","20/309","280/13010",0.0714285714285714,3.00739713361073,5.29639481910698,1.20156412543856e-05,0.000833169677617929,0.00075672974708471,"Ccdc80/Creb3l1/Crispld2/Cyp1b1/Dpt/Efemp2/Eng/Foxc1/Hmcn1/Hspg2/Lamb1/Lamb2/Lamc1/Ltbp4/Mfap4/Nphp3/Phldb2/Prdx4/Smoc1/Tie1",20,"brown","GO_BP",4,"Eng/Hspg2/Lamc1/Tie1","GO_BP (subset con hub genes)","Eng"
"Myocytes","GO:0009152","purine ribonucleotide biosynthetic process","16/516","120/13010",0.133333333333333,3.36175710594315,5.28196418281942,2.03555459787726e-05,0.000964089546419618,0.000918677930357764,"Ak1/Atic/Ndufa12/Ndufa3/Ndufa8/Ndufa9/Ndufb3/Ndufb6/Ndufb7/Ndufs1/Ndufs2/Ndufs8/Ndufv2/Nppa/Sdha/Sdhd",16,"brown","GO_BP",1,"Nppa","GO_BP (subset con hub genes)","Nppa"
"EndocardialCells","GO:0016525","negative regulation of angiogenesis","11/309","95/13010",0.115789473684211,4.87514903764265,5.91269185550496,1.50289502209547e-05,0.000985779228645772,0.000895337992264954,"Amot/Cd59a/Creb3l1/Ctnnd1/Dcn/Ecscr/Epn1/Foxc1/Pf4/Stab1/Tie1",11,"brown","GO_BP",5,"Cd59a/Dcn/Pf4/Stab1/Tie1","GO_BP (subset con hub genes)","Pf4"
"EndocardialCells","GO:0006956","complement activation","7/309","35/13010",0.2,8.42071197411003,6.85658955489149,1.51239525720431e-05,0.000985779228645772,0.000895337992264954,"C1qb/C1qc/C4b/Cd59a/Cfh/Cfp/Colec11",7,"brown","GO_BP",4,"C1qb/C4b/Cd59a/Cfh","GO_BP (subset con hub genes)","C1qb/Cfh"
"Myocytes","GO:0019693","ribose phosphate metabolic process","29/516","316/13010",0.0917721518987342,2.31386762829948,4.80498419610488,2.34260537177193e-05,0.00108245509190779,0.00103146809052346,"Adnp/Ak1/Arl2/Atic/Atp1a2/Eno3/Entpd4/Mfn1/Myh6/Ndufa12/Ndufa3/Ndufa8/Ndufa9/Ndufb3/Ndufb6/Ndufb7/Ndufs1/Ndufs2/Ndufs8/Ndufv2/Nppa/Nudt3/Nudt4/Pgam2/Prkaca/Rhoq/Sdha/Sdhd/Tpi1",29,"brown","GO_BP",1,"Nppa","GO_BP (subset con hub genes)","Nppa"
"EndothelialCells","GO:0008015","blood circulation","21/197","463/13010",0.0453563714902808,2.99536240146474,5.42090739013019,7.21579262112276e-06,0.00114351324116845,0.00101420863599936,"Actc1/Adra2c/Cacna2d1/Camk2n1/Cav1/Cd36/Comt/Dmd/Fgfbp3/Gsn/Myl7/Nppa/Npr1/Npy1r/Smad6/Smpd3/Svep1/Tgfb1/Thra/Tnni3/Tnnt2",21,"brown","GO_BP",4,"Cd36/Nppa/Npr1/Tgfb1","GO_BP (subset con hub genes)","Cd36"
"EndocardialCells","GO:2000181","negative regulation of blood vessel morphogenesis","11/309","97/13010",0.11340206185567,4.77463050078404,5.82008027817583,1.83554831553496e-05,0.00117295136477028,0.00106533784587911,"Amot/Cd59a/Creb3l1/Ctnnd1/Dcn/Ecscr/Epn1/Foxc1/Pf4/Stab1/Tie1",11,"brown","GO_BP",5,"Cd59a/Dcn/Pf4/Stab1/Tie1","GO_BP (subset con hub genes)","Pf4"
"Myocytes","GO:0006457","protein folding","19/516","164/13010",0.115853658536585,2.92103894876158,5.03118390322989,2.69629441936949e-05,0.00123087464517964,0.00117289662123492,"Arl2/Bag1/Cd74/Cryab/Dnaja2/Fkbp4/Hspa9/Hspb2/Hspd1/Mettl21a/Mkks/Nppa/Pdcd5/Pfdn1/Pfdn2/Pfdn5/Sh3glb1/Snrnp70/Tbca",19,"brown","GO_BP",1,"Nppa","GO_BP (subset con hub genes)","Nppa"
"EndocardialCells","GO:1901343","negative regulation of vasculature development","11/309","98/13010",0.112244897959184,4.72590978138828,5.77471895084256,2.02455786317705e-05,0.00126885270694116,0.00115244062980848,"Amot/Cd59a/Creb3l1/Ctnnd1/Dcn/Ecscr/Epn1/Foxc1/Pf4/Stab1/Tie1",11,"brown","GO_BP",5,"Cd59a/Dcn/Pf4/Stab1/Tie1","GO_BP (subset con hub genes)","Pf4"
"Myocytes","GO:0008016","regulation of heart contraction","20/516","179/13010",0.111731843575419,2.81711489324845,4.97478948573586,2.83501831960858e-05,0.00127879576345201,0.00121856050579667,"Adm/Atp1a2/Cav3/Csrp3/Gata4/Gnao1/Mybpc3/Myh6/Myl4/Nkx2-5/Nppa/Pln/Popdc2/Rangrf/Smad7/Tbx5/Tmem65/Tnni3/Tnnt2/Tpm1",20,"brown","GO_BP",1,"Nppa","GO_BP (subset con hub genes)","Nppa"
"SmoothMuscleCells","GO:0042692","muscle cell differentiation","41/546","451/13010",0.0909090909090909,2.16616716616717,5.2754694001983,2.60082334552339e-06,0.00142297547291948,0.00132641990621693,"Adm/C3/Cfh/Cflar/Col6a1/Dmd/Ednrb/Fbxo22/Foxo4/Gata6/Hand2/Ift20/Kat2a/Kcnj8/Lama2/Lamb1/Nebl/Nppa/Pbrm1/Pdgfrb/Pld3/Ramp2/Rcan1/Rora/Rpl11/Rpl23/Rpl27a/Rpl30/Rpl36a/Rpl37/Rpl38/Rpl39/Rpl41/Rplp2/Sgcb/Smad6/Tbx18/Tcap/Tgfb1/Tmod3/Uchl1",41,"brown","GO_BP",6,"C3/Cfh/Ednrb/Nppa/Pdgfrb/Tgfb1","GO_BP (subset con hub genes)","C3"
"EndothelialCells","GO:0006959","humoral immune response","11/197","141/13010",0.0780141843971631,5.15210425891925,6.1466015736571,9.61585879840421e-06,0.00144766754209975,0.00128397019850271,"C1qa/C1qc/C4b/Ccl6/Ccl7/Fau/Il1b/Pf4/Ppbp/Rpl39/S100a9",11,"brown","GO_BP",4,"C4b/Ccl6/Il1b/Pf4","GO_BP (subset con hub genes)","C4b/Ccl6"
"EndocardialCells","GO:0008217","regulation of blood pressure","14/309","160/13010",0.0875,3.68406148867314,5.3282320043042,2.76600847633564e-05,0.00166933733784775,0.00151618242406546,"Abcc9/Camk2n1/Ece1/Eng/F2r/Kcnj8/Lrp5/Myh6/Nisch/Nppa/Npr3/Ptgs1/Rps6ka2/Tnni3",14,"brown","GO_BP",5,"Ece1/Eng/F2r/Lrp5/Nppa","GO_BP (subset con hub genes)","Ece1/Eng"
"SmoothMuscleCells","GO:0035886","vascular associated smooth muscle cell differentiation","9/546","32/13010",0.28125,6.70157967032967,6.75858623614955,4.46272742439893e-06,0.00195333579365941,0.00182079278915476,"Adm/C3/Cfh/Gata6/Pbrm1/Pdgfrb/Ramp2/Sgcb/Smad6",9,"brown","GO_BP",3,"C3/Cfh/Pdgfrb","GO_BP (subset con hub genes)","C3"
"EndothelialCells","GO:0003013","circulatory system process","21/197","489/13010",0.0429447852760736,2.83609977889197,5.13169524311426,1.65144925711539e-05,0.00236786367294021,0.00210011366681791,"Actc1/Adra2c/Cacna2d1/Camk2n1/Cav1/Cd36/Comt/Dmd/Fgfbp3/Gsn/Myl7/Nppa/Npr1/Npy1r/Smad6/Smpd3/Svep1/Tgfb1/Thra/Tnni3/Tnnt2",21,"brown","GO_BP",4,"Cd36/Nppa/Npr1/Tgfb1","GO_BP (subset con hub genes)","Cd36"
"EndocardialCells","GO:0090257","regulation of muscle system process","17/309","236/13010",0.0720338983050847,3.03288354999726,4.91572167805855,4.89635192620809e-05,0.00275124326336417,0.00249882787958206,"Agrn/Dbn1/Dmd/Ece1/F2r/Gata4/Gsn/Hand2/Nppa/Npr3/Ptgs1/Rem1/Sln/Tnnc1/Tnni3/Tnnt2/Trip10",17,"brown","GO_BP",3,"Ece1/F2r/Nppa","GO_BP (subset con hub genes)","Ece1"
"Myocytes","GO:0009117","nucleotide metabolic process","33/516","405/13010",0.0814814814814815,2.05440712029859,4.38087108487049,7.20010731414476e-05,0.00284179235555151,0.00270793509731541,"Adnp/Ak1/Arl2/Atic/Atp1a2/Eno3/Entpd4/Got2/Idh2/Ldhb/Mfn1/Myh6/Ndufa12/Ndufa3/Ndufa8/Ndufa9/Ndufb3/Ndufb6/Ndufb7/Ndufs1/Ndufs2/Ndufs8/Ndufv2/Nppa/Nudt3/Nudt4/Pgam2/Prkaca/Rhoq/Sdha/Sdhd/Slc25a11/Tpi1",33,"brown","GO_BP",1,"Nppa","GO_BP (subset con hub genes)","Nppa"
"Fibroblasts","GO:0071731","response to nitric oxide","5/226","21/13010",0.238095238095238,13.7062789717657,7.74788151506862,2.45382888397553e-05,0.00284266638405166,0.00258595813157422,"Aqp1/Ccl19/Dpep1/Egln1/Mb",5,"brown","GO_BP",1,"Ccl19","GO_BP (subset con hub genes)","Ccl19"
"EndocardialCells","GO:0048844","artery morphogenesis","9/309","73/13010",0.123287671232877,5.19084984705413,5.60052809760894,5.47114573995316e-05,0.00298802485819077,0.00271388572575781,"Bmpr1a/Efemp2/Eng/Ephb4/Foxc1/Hand2/Nrp1/Pkd2/Vegfa",9,"brown","GO_BP",5,"Bmpr1a/Eng/Ephb4/Nrp1/Vegfa","GO_BP (subset con hub genes)","Eng"
"EndocardialCells","GO:0003279","cardiac septum development","11/309","109/13010",0.100917431192661,4.24898310620231,5.31289524600707,5.50111971437393e-05,0.00298802485819077,0.00271388572575781,"Ap2b1/Bmpr1a/Eng/Gata4/Kcnj8/Nphp3/Nrp1/Plxnd1/Sav1/Tbx5/Zfpm2",11,"brown","GO_BP",3,"Bmpr1a/Eng/Nrp1","GO_BP (subset con hub genes)","Eng"
"Myocytes","GO:0009260","ribonucleotide biosynthetic process","16/516","134/13010",0.119402985074627,3.01052875159088,4.75409942530441,7.99808919333061e-05,0.00312420205706492,0.00297704242356202,"Ak1/Atic/Ndufa12/Ndufa3/Ndufa8/Ndufa9/Ndufb3/Ndufb6/Ndufb7/Ndufs1/Ndufs2/Ndufs8/Ndufv2/Nppa/Sdha/Sdhd",16,"brown","GO_BP",1,"Nppa","GO_BP (subset con hub genes)","Nppa"
"EndocardialCells","GO:0060840","artery development","11/309","110/13010",0.1,4.21035598705502,5.27396105784994,5.98522798310094e-05,0.00314610612853644,0.00285746368225464,"Ap2b1/Bmpr1a/Efemp2/Eng/Ephb4/Foxc1/Hand2/Nrp1/Pkd2/Plxnd1/Vegfa",11,"brown","GO_BP",5,"Bmpr1a/Eng/Ephb4/Nrp1/Vegfa","GO_BP (subset con hub genes)","Eng"
"Myocytes","GO:0006164","purine nucleotide biosynthetic process","17/516","149/13010",0.114093959731544,2.87667134904532,4.68209310632064,8.58701524261697e-05,0.00328648492467431,0.00313168126338928,"Ak1/Atic/Idh2/Ndufa12/Ndufa3/Ndufa8/Ndufa9/Ndufb3/Ndufb6/Ndufb7/Ndufs1/Ndufs2/Ndufs8/Ndufv2/Nppa/Sdha/Sdhd",17,"brown","GO_BP",1,"Nppa","GO_BP (subset con hub genes)","Nppa"
"Myocytes","GO:0046390","ribose phosphate biosynthetic process","16/516","141/13010",0.113475177304965,2.86106987739843,4.51539650597142,0.00014686407461426,0.00540260173508187,0.0051481223906685,"Ak1/Atic/Ndufa12/Ndufa3/Ndufa8/Ndufa9/Ndufb3/Ndufb6/Ndufb7/Ndufs1/Ndufs2/Ndufs8/Ndufv2/Nppa/Sdha/Sdhd",16,"brown","GO_BP",1,"Nppa","GO_BP (subset con hub genes)","Nppa"
"Fibroblasts","GO:1901342","regulation of vasculature development","15/226","267/13010",0.0561797752808989,3.23406582479865,4.90409133099374,6.65314445620872e-05,0.00572550602917162,0.0052084616600034,"Aqp1/Ccl24/Csprs/Cx3cr1/Dcn/Egln1/Fbln5/Foxo4/Kdr/Pf4/Pparg/Rapgef3/Tgfb1/Tie1/Tjp1",15,"brown","GO_BP",5,"Dcn/Kdr/Pf4/Tgfb1/Tie1","GO_BP (subset con hub genes)","Dcn"
"Myocytes","GO:1901293","nucleoside phosphate biosynthetic process","23/516","251/13010",0.0916334661354582,2.31037091942308,4.2600906966701,0.000165553970277975,0.00597413327031664,0.00569273301306721,"Ak1/Atic/Dld/Dlst/Idh2/Ndufa12/Ndufa3/Ndufa8/Ndufa9/Ndufb3/Ndufb6/Ndufb7/Ndufs1/Ndufs2/Ndufs8/Ndufv2/Nppa/Pdha1/Pdhb/Pdk2/Sdha/Sdhd/Vdac1",23,"brown","GO_BP",1,"Nppa","GO_BP (subset con hub genes)","Nppa"
"EndocardialCells","GO:0003230","cardiac atrium development","6/309","34/13010",0.176470588235294,7.43003997715591,5.85551302935222,0.000131219207600952,0.00636814147703393,0.00578389038724162,"Eng/Gata4/Myh6/Nphp3/Tbx5/Tnnt2",6,"brown","GO_BP",1,"Eng","GO_BP (subset con hub genes)","Eng"
"Myocytes","GO:0008015","blood circulation","35/516","463/13010",0.0755939524838013,1.90596380196561,4.03392155974713,0.000193335043523276,0.0067828377769416,0.00646334502226936,"Actc1/Adm/Atp1a2/Camk2d/Camk2n1/Cav3/Cd36/Csrp3/Gata4/Gata6/Gnao1/Mkks/Mybpc3/Myh6/Myl1/Myl4/Myl7/Nkx2-5/Nppa/Pln/Popdc2/Rangrf/Sgcg/Smad7/Tbx20/Tbx5/Tcap/Tgfbr3/Tmem65/Tnnc1/Tnni3/Tnnt2/Tpm1/Trdn/Wnk1",35,"brown","GO_BP",3,"Cd36/Nppa/Tgfbr3","GO_BP (subset con hub genes)","Nppa"
"EndothelialCells","GO:0061844","antimicrobial humoral immune response mediated by antimicrobial peptide","7/197","65/13010",0.107692307692308,7.11206559937524,6.12524288573651,5.43472788988474e-05,0.00743816621656498,0.00659708356776918,"Ccl6/Ccl7/Fau/Pf4/Ppbp/Rpl39/S100a9",7,"brown","GO_BP",2,"Ccl6/Pf4","GO_BP (subset con hub genes)","Ccl6"
"EndocardialCells","GO:0045765","regulation of angiogenesis","17/309","260/13010",0.0653846153846154,2.75292506845905,4.45325097882595,0.000160838486318321,0.00748818038444868,0.00680117027860328,"Amot/Cd59a/Creb3l1/Ctnnd1/Cyp1b1/Dcn/Ecscr/Eng/Epn1/Foxc1/Gata4/Nrp1/Pf4/Plxnd1/Stab1/Tie1/Vegfa",17,"brown","GO_BP",8,"Cd59a/Dcn/Eng/Nrp1/Pf4/Stab1/Tie1/Vegfa","GO_BP (subset con hub genes)","Eng/Pf4"
"EndocardialCells","GO:0003151","outflow tract morphogenesis","9/309","85/13010",0.105882352941176,4.45802398629355,4.98889572788042,0.000180928842295512,0.00830488869071935,0.00754294891823544,"Bmpr1a/Eng/Foxc1/Gata4/Hand2/Nrp1/Plxnd1/Vegfa/Zfpm2",9,"brown","GO_BP",4,"Bmpr1a/Eng/Nrp1/Vegfa","GO_BP (subset con hub genes)","Eng"
"EndocardialCells","GO:0071526","semaphorin-plexin signaling pathway","7/309","51/13010",0.137254901960784,5.77891998223238,5.33348822307321,0.000188108150873097,0.00851450644021422,0.00773333509144956,"Ece1/Hand2/Nrp1/Plxnd1/Sema4c/Sema6d/Tyrobp",7,"brown","GO_BP",2,"Ece1/Nrp1","GO_BP (subset con hub genes)","Ece1"
"EndocardialCells","GO:1901342","regulation of vasculature development","17/309","267/13010",0.0636704119850187,2.68075100299383,4.32818092572805,0.000220721446073109,0.00985385195551046,0.00894980110104663,"Amot/Cd59a/Creb3l1/Ctnnd1/Cyp1b1/Dcn/Ecscr/Eng/Epn1/Foxc1/Gata4/Nrp1/Pf4/Plxnd1/Stab1/Tie1/Vegfa",17,"brown","GO_BP",8,"Cd59a/Dcn/Eng/Nrp1/Pf4/Stab1/Tie1/Vegfa","GO_BP (subset con hub genes)","Eng/Pf4"
"SmoothMuscleCells","GO:1901342","regulation of vasculature development","26/546","267/13010",0.0973782771535581,2.3203138933476,4.56232837394446,5.80564857480659e-05,0.0105880515883035,0.0098696025771712,"Adm/Angpt2/C3/Cd34/Cldn5/Dcn/Ecscr/Emilin1/Foxo4/Fyn/Gata2/Gata6/Itga5/Mdk/Mtdh/Pf4/Ppp1r16b/Pxn/Ramp2/Rtn4/Smad1/Tcf4/Tek/Tgfb1/Tgfbr1/Tnfrsf12a",26,"brown","GO_BP",10,"Angpt2/C3/Cldn5/Dcn/Itga5/Pf4/Rtn4/Tek/Tgfb1/Tgfbr1","GO_BP (subset con hub genes)","C3/Dcn"
"Fibroblasts","GO:0045765","regulation of angiogenesis","14/226","260/13010",0.0538461538461538,3.0997277059224,4.54712984499154,0.000181808412238181,0.0133562667722293,0.0121501231593321,"Aqp1/Ccl24/Csprs/Cx3cr1/Dcn/Egln1/Fbln5/Foxo4/Kdr/Pf4/Pparg/Rapgef3/Tie1/Tjp1",14,"brown","GO_BP",4,"Dcn/Kdr/Pf4/Tie1","GO_BP (subset con hub genes)","Dcn"
"EndocardialCells","GO:0003300","cardiac muscle hypertrophy","10/309","113/13010",0.0884955752212389,3.72597874960621,4.53941173816483,0.000353584652174422,0.0149653556030707,0.0135923450706012,"Csrp3/Ece1/Gata4/Gsn/Hand2/Myh6/Nppa/Tcap/Tiam1/Trip10",10,"brown","GO_BP",2,"Ece1/Nppa","GO_BP (subset con hub genes)","Ece1"
"EndocardialCells","GO:0003209","cardiac atrium morphogenesis","5/309","27/13010",0.185185185185185,7.79695553158336,5.51430801072631,0.000384352319077719,0.0156575525984286,0.0142210358058756,"Eng/Gata4/Myh6/Tbx5/Tnnt2",5,"brown","GO_BP",1,"Eng","GO_BP (subset con hub genes)","Eng"
"SmoothMuscleCells","GO:0007389","pattern specification process","31/546","356/13010",0.0870786516853933,2.07489607770507,4.30394903592937,9.83859396615596e-05,0.0165628945345633,0.0154390243776601,"Apc2/Bcor/Bhlhe40/C3/Chsy1/Ddit3/Dvl2/Efnb1/Ext1/Gli3/Hand2/Heyl/Ifitm1/Ift172/Ift74/Kat2a/Mapk8/Mical2/Mllt3/Pcgf2/Pkd2/Psen2/Smad1/Smad5/Smad6/Snai1/Spry1/Tbx18/Tbx20/Tcap/Tgfbr1",31,"brown","GO_BP",3,"C3/Efnb1/Tgfbr1","GO_BP (subset con hub genes)","C3"
"EndocardialCells","GO:0007517","muscle organ development","18/309","308/13010",0.0584415584415584,2.46059765477241,4.0462446815586,0.000412884003328313,0.0166122094672466,0.0150881067882939,"Abcc9/Actc1/Bmpr1a/Csrp3/Ddx5/Dmd/Efemp2/Eng/Foxc1/Gata4/Myh6/Myl2/Ski/Tcap/Tnnc1/Tnni3/Tnnt2/Zfpm2",18,"brown","GO_BP",2,"Bmpr1a/Eng","GO_BP (subset con hub genes)","Eng"
"EndocardialCells","GO:0014897","striated muscle hypertrophy","10/309","116/13010",0.0862068965517241,3.62961723021984,4.43720952885456,0.000436421133648941,0.0171361021031554,0.0155639344048297,"Csrp3/Ece1/Gata4/Gsn/Hand2/Myh6/Nppa/Tcap/Tiam1/Trip10",10,"brown","GO_BP",2,"Ece1/Nppa","GO_BP (subset con hub genes)","Ece1"
"Myocytes","GO:0003013","circulatory system process","35/516","489/13010",0.0715746421267894,1.80462421331304,3.68573474048775,0.000536076577811566,0.0175102944252416,0.0166855050988537,"Actc1/Adm/Atp1a2/Camk2d/Camk2n1/Cav3/Cd36/Csrp3/Gata4/Gata6/Gnao1/Mkks/Mybpc3/Myh6/Myl1/Myl4/Myl7/Nkx2-5/Nppa/Pln/Popdc2/Rangrf/Sgcg/Smad7/Tbx20/Tbx5/Tcap/Tgfbr3/Tmem65/Tnnc1/Tnni3/Tnnt2/Tpm1/Trdn/Wnk1",35,"brown","GO_BP",3,"Cd36/Nppa/Tgfbr3","GO_BP (subset con hub genes)","Nppa"
"EndocardialCells","GO:0014896","muscle hypertrophy","10/309","117/13010",0.0854700854700855,3.59859486073078,4.4038929470553,0.000467381270698421,0.0179199477788959,0.0162758654266744,"Csrp3/Ece1/Gata4/Gsn/Hand2/Myh6/Nppa/Tcap/Tiam1/Trip10",10,"brown","GO_BP",2,"Ece1/Nppa","GO_BP (subset con hub genes)","Ece1"
"Fibroblasts","GO:0060348","bone development","12/226","206/13010",0.058252427184466,3.35338087464559,4.52684675302236,0.000256768588083246,0.0179857438908543,0.016361533287165,"Bgn/Cfh/Fbln5/Hoxb4/Hspg2/Igf1/Kdr/Ltbp3/Ogn/P2rx5/Tgfb1/Ttc9",12,"brown","GO_BP",5,"Bgn/Cfh/Hspg2/Kdr/Tgfb1","GO_BP (subset con hub genes)","Cfh"
"EndocardialCells","GO:0061564","axon development","23/309","454/13010",0.0506607929515418,2.13299972912479,3.83278375823186,0.000531282057318581,0.0196755480091052,0.0178703964734432,"Ablim1/Agrn/Dbn1/Ece1/Eif4g2/Kremen1/Lamb1/Lamb2/Lamc1/Nrp1/Ntn1/Plxnd1/Raph1/Rpl24/Ryk/Sema4c/Sema6d/Stxbp1/Taok2/Tfap4/Tiam1/Tspan2/Vegfa",23,"brown","GO_BP",4,"Ece1/Lamc1/Nrp1/Vegfa","GO_BP (subset con hub genes)","Ece1"
"Myocytes","GO:0009165","nucleotide biosynthetic process","17/516","176/13010",0.0965909090909091,2.43536381254405,3.89612934382417,0.000632381018391454,0.0199007112144193,0.0189633258227995,"Ak1/Atic/Idh2/Ndufa12/Ndufa3/Ndufa8/Ndufa9/Ndufb3/Ndufb6/Ndufb7/Ndufs1/Ndufs2/Ndufs8/Ndufv2/Nppa/Sdha/Sdhd",17,"brown","GO_BP",1,"Nppa","GO_BP (subset con hub genes)","Nppa"
"EndocardialCells","GO:0003228","atrial cardiac muscle tissue development","4/309","17/13010",0.235294117647059,9.90671996954121,5.73151955074102,0.000581560546536863,0.0206011502300395,0.0187110784537947,"Eng/Myh6/Tbx5/Tnnt2",4,"brown","GO_BP",1,"Eng","GO_BP (subset con hub genes)","Eng"
"EndocardialCells","GO:0060973","cell migration involved in heart development","4/309","17/13010",0.235294117647059,9.90671996954121,5.73151955074102,0.000581560546536863,0.0206011502300395,0.0187110784537947,"Dchs1/Eng/Hand2/Nrp1",4,"brown","GO_BP",2,"Eng/Nrp1","GO_BP (subset con hub genes)","Eng"
"Myocytes","GO:0060419","heart growth","13/516","116/13010",0.112068965517241,2.82561480887463,4.01365804238381,0.000678893325010426,0.0206052735534985,0.019634701084441,"Adprhl1/Camk2d/Cav3/Gata4/Gata6/Myh6/Nkx2-5/Nppa/Pdlim5/Pim1/Tbx20/Tbx5/Tgfbr3",13,"brown","GO_BP",2,"Nppa/Tgfbr3","GO_BP (subset con hub genes)","Nppa"
"Myocytes","GO:0014888","striated muscle adaptation","8/516","51/13010",0.156862745098039,3.95500835993312,4.29688879207566,0.000820443672875718,0.0232964199147106,0.0221990860822763,"Asb2/Gata4/Gata6/Myh6/Myoz2/Nppa/Tcap/Tnnc1",8,"brown","GO_BP",1,"Nppa","GO_BP (subset con hub genes)","Nppa"
"EndocardialCells","GO:0060041","retina development in camera-type eye","11/309","146/13010",0.0753424657534247,3.17218601764419,4.11687484609703,0.000722197823203544,0.0242643577919624,0.0220382016152834,"Arhgef15/Cfh/Cgnl1/Cyp1b1/Lamb2/Lrp5/Mdm1/Nrp1/Pfdn5/Rpl24/Ski",11,"brown","GO_BP",3,"Cfh/Lrp5/Nrp1","GO_BP (subset con hub genes)","Cfh"
"EndothelialCells","GO:0019730","antimicrobial humoral response","7/197","80/13010",0.0875,5.77855329949239,5.31583904034404,0.000204857315520634,0.0246730150813052,0.0218830740831936,"Ccl6/Ccl7/Fau/Pf4/Ppbp/Rpl39/S100a9",7,"brown","GO_BP",2,"Ccl6/Pf4","GO_BP (subset con hub genes)","Ccl6"
"Fibroblasts","GO:0001501","skeletal system development","19/226","458/13010",0.0414847161572052,2.38812458940372,4.02112447095177,0.000405671027286884,0.0257889234019695,0.0234600432009949,"Bgn/Cfh/Chrd/Cytl1/Fbln5/Hoxb4/Hspg2/Igf1/Kdr/Ltbp3/Lum/Ogn/P2rx5/Pdgfra/Rpl38/Tcf15/Tgfb1/Ttc9/Zeb1",19,"brown","GO_BP",6,"Bgn/Cfh/Hspg2/Kdr/Pdgfra/Tgfb1","GO_BP (subset con hub genes)","Cfh"
"Fibroblasts","GO:0001525","angiogenesis","20/226","497/13010",0.0402414486921529,2.3165541924111,3.97904644003859,0.000422384844772578,0.0257889234019695,0.0234600432009949,"Aqp1/Ccl24/Cfh/Csprs/Cx3cr1/Dcn/Egfl7/Egln1/Fbln5/Foxo4/Hspg2/Kdr/Mmrn2/Pdgfra/Pf4/Pparg/Rapgef3/Tgfb1/Tie1/Tjp1",20,"brown","GO_BP",8,"Cfh/Dcn/Hspg2/Kdr/Pdgfra/Pf4/Tgfb1/Tie1","GO_BP (subset con hub genes)","Cfh/Dcn"
"Fibroblasts","GO:0001654","eye development","16/226","352/13010",0.0454545454545455,2.61665325824618,4.08835371945571,0.000436665037682751,0.0257889234019695,0.0234600432009949,"Aqp1/Bak1/Cfh/Inhbb/Kdr/Mfap2/Mfap5/Nes/Pbx2/Pdgfra/Pfdn5/Rpgrip1/Rpl24/Tgfb1/Twsg1/Zeb1",16,"brown","GO_BP",5,"Cfh/Inhbb/Kdr/Pdgfra/Tgfb1","GO_BP (subset con hub genes)","Cfh"
"Fibroblasts","GO:0019730","antimicrobial humoral response","7/226","80/13010",0.0875,5.03705752212389,4.81563391065318,0.00047123773759813,0.0262389430386234,0.0238694236141528,"Ccl19/Ccl24/Colec11/Fau/Pf4/Rarres2/Rpl39",7,"brown","GO_BP",2,"Ccl19/Pf4","GO_BP (subset con hub genes)","Ccl19"
"Fibroblasts","GO:0150063","visual system development","16/226","355/13010",0.0450704225352113,2.59454069550044,4.05006044519009,0.000479130765977519,0.0262389430386234,0.0238694236141528,"Aqp1/Bak1/Cfh/Inhbb/Kdr/Mfap2/Mfap5/Nes/Pbx2/Pdgfra/Pfdn5/Rpgrip1/Rpl24/Tgfb1/Twsg1/Zeb1",16,"brown","GO_BP",5,"Cfh/Inhbb/Kdr/Pdgfra/Tgfb1","GO_BP (subset con hub genes)","Cfh"
"EndocardialCells","GO:0007411","axon guidance","13/309","198/13010",0.0656565656565657,2.76437514301592,3.90209015621493,0.000902379346621617,0.0294085429063985,0.0267104286599999,"Ablim1/Agrn/Ece1/Lamb1/Lamb2/Lamc1/Nrp1/Ntn1/Rpl24/Ryk/Sema4c/Sema6d/Vegfa",13,"brown","GO_BP",4,"Ece1/Lamc1/Nrp1/Vegfa","GO_BP (subset con hub genes)","Ece1"
"Fibroblasts","GO:0048880","sensory system development","16/226","361/13010",0.0443213296398892,2.55141813546442,3.97463418930638,0.000574811272677128,0.0298505440224743,0.0271548773644022,"Aqp1/Bak1/Cfh/Inhbb/Kdr/Mfap2/Mfap5/Nes/Pbx2/Pdgfra/Pfdn5/Rpgrip1/Rpl24/Tgfb1/Twsg1/Zeb1",16,"brown","GO_BP",5,"Cfh/Inhbb/Kdr/Pdgfra/Tgfb1","GO_BP (subset con hub genes)","Cfh"
"EndocardialCells","GO:0035904","aorta development","7/309","66/13010",0.106060606060606,4.46552907717956,4.4024000150145,0.000934325129235736,0.0301481742195967,0.0273822018073047,"Ap2b1/Bmpr1a/Efemp2/Eng/Ephb4/Pkd2/Plxnd1",7,"brown","GO_BP",3,"Bmpr1a/Eng/Ephb4","GO_BP (subset con hub genes)","Eng"
"EndocardialCells","GO:0097485","neuron projection guidance","13/309","199/13010",0.0653266331658292,2.75048381063896,3.88128344363581,0.000945315248919941,0.0302037489826479,0.0274326778117944,"Ablim1/Agrn/Ece1/Lamb1/Lamb2/Lamc1/Nrp1/Ntn1/Rpl24/Ryk/Sema4c/Sema6d/Vegfa",13,"brown","GO_BP",4,"Ece1/Lamc1/Nrp1/Vegfa","GO_BP (subset con hub genes)","Ece1"
"Myocytes","GO:1903522","regulation of blood circulation","20/516","235/13010",0.0851063829787234,2.14580240804882,3.60212902025341,0.00110147446943396,0.0304634070414984,0.0290284858252669,"Adm/Atp1a2/Cav3/Csrp3/Gata4/Gnao1/Mybpc3/Myh6/Myl4/Nkx2-5/Nppa/Pln/Popdc2/Rangrf/Smad7/Tbx5/Tmem65/Tnni3/Tnnt2/Tpm1",20,"brown","GO_BP",1,"Nppa","GO_BP (subset con hub genes)","Nppa"
"EndocardialCells","GO:0060485","mesenchyme development","16/309","277/13010",0.0577617328519856,2.4319745773603,3.75744006008771,0.000969019299782644,0.0306605232814722,0.0278475449257925,"Actc1/Bmpr1a/Dchs1/Ddx5/Eng/Foxc1/Gata4/Hand2/Nrp1/Pkd2/Sema4c/Sema6d/Tbx5/Tiam1/Trip10/Vegfa",16,"brown","GO_BP",4,"Bmpr1a/Eng/Nrp1/Vegfa","GO_BP (subset con hub genes)","Eng"
"SmoothMuscleCells","GO:0045765","regulation of angiogenesis","24/546","260/13010",0.0923076923076923,2.19949281487743,4.08901581682069,0.000250871741895312,0.0322960474786995,0.0301046090274375,"Adm/Angpt2/C3/Cd34/Cldn5/Dcn/Ecscr/Emilin1/Foxo4/Fyn/Gata2/Gata6/Itga5/Mdk/Mtdh/Pf4/Ppp1r16b/Pxn/Ramp2/Rtn4/Smad1/Tcf4/Tek/Tnfrsf12a",24,"brown","GO_BP",8,"Angpt2/C3/Cldn5/Dcn/Itga5/Pf4/Rtn4/Tek","GO_BP (subset con hub genes)","C3/Dcn"
"EndocardialCells","GO:0001570","vasculogenesis","8/309","89/13010",0.0898876404494382,3.78458965128541,4.11140617109026,0.00123242959296729,0.0362846419402568,0.0329556735634122,"Amot/Egfl8/Eng/Gata4/Nrp1/Tie1/Tnni3/Zfpm2",8,"brown","GO_BP",3,"Eng/Nrp1/Tie1","GO_BP (subset con hub genes)","Eng"
"EndocardialCells","GO:0050905","neuromuscular process","12/309","180/13010",0.0666666666666667,2.80690399137001,3.80750287673444,0.00123583775862796,0.0362846419402568,0.0329556735634122,"Cfh/Dbn1/Dlg4/Dmd/Ei24/Kcnj8/Mb/Rem1/Slc1a3/Tcap/Tnnc1/Tnni3",12,"brown","GO_BP",1,"Cfh","GO_BP (subset con hub genes)","Cfh"
"EndocardialCells","GO:0043500","muscle adaptation","10/309","133/13010",0.075187969924812,3.16568119327445,3.91557219917498,0.00126812177849339,0.0365735298770794,0.0332180572065526,"Dmd/Ece1/Gata4/Gsn/Hand2/Myh6/Nppa/Tcap/Tnnc1/Trip10",10,"brown","GO_BP",2,"Ece1/Nppa","GO_BP (subset con hub genes)","Ece1"
"Fibroblasts","GO:0090288","negative regulation of cellular response to growth factor stimulus","7/226","87/13010",0.0804597701149425,4.63177703183806,4.51897488126087,0.000782473739120558,0.0376164737731779,0.0342195013740065,"Chrd/Dcn/Htra3/Mmrn2/Pparg/Sost/Twsg1",7,"brown","GO_BP",1,"Dcn","GO_BP (subset con hub genes)","Dcn"
"Fibroblasts","GO:0006959","humoral immune response","9/226","141/13010",0.0638297872340425,3.67444925626059,4.24535794607623,0.000790430836184469,0.0376164737731779,0.0342195013740065,"Ccl19/Ccl24/Cfh/Colec11/Fau/Pf4/Rarres2/Rpl39/Serping1",9,"brown","GO_BP",4,"Ccl19/Cfh/Pf4/Serping1","GO_BP (subset con hub genes)","Ccl19/Cfh"
"Fibroblasts","GO:0030336","negative regulation of cell migration","13/226","267/13010",0.048689138576779,2.80285704815883,3.95752691024381,0.000799287623334457,0.0376164737731779,0.0342195013740065,"Arap3/Chrd/Csprs/Cx3cr1/Dcn/Dpep1/Egfl7/Ifitm1/Mmrn2/Pparg/Srgap1/Tgfb1/Tie1",13,"brown","GO_BP",3,"Dcn/Tgfb1/Tie1","GO_BP (subset con hub genes)","Dcn"
"Fibroblasts","GO:0090287","regulation of cellular response to growth factor stimulus","13/226","271/13010",0.0479704797047971,2.76148646442217,3.89618062542713,0.00091660817001042,0.0400119392474114,0.0363986432728775,"Cav3/Chrd/Dcn/Fstl1/Htra3/Kdr/Mmrn2/Peg10/Pelo/Pparg/Sost/Twsg1/Zeb1",13,"brown","GO_BP",2,"Dcn/Kdr","GO_BP (subset con hub genes)","Dcn"
"EndocardialCells","GO:0051149","positive regulation of muscle cell differentiation","7/309","72/13010",0.0972222222222222,4.09340165408127,4.10535981341069,0.00156610170655447,0.042459378773567,0.0385639033966733,"Csrp3/Efemp2/Eng/Lamb1/Lamb2/Lamc1/Trip10",7,"brown","GO_BP",2,"Eng/Lamc1","GO_BP (subset con hub genes)","Eng"
"EndocardialCells","GO:0060411","cardiac septum morphogenesis","7/309","72/13010",0.0972222222222222,4.09340165408127,4.10535981341069,0.00156610170655447,0.042459378773567,0.0385639033966733,"Bmpr1a/Eng/Gata4/Nrp1/Sav1/Tbx5/Zfpm2",7,"brown","GO_BP",3,"Bmpr1a/Eng/Nrp1","GO_BP (subset con hub genes)","Eng"
"EndocardialCells","GO:0060562","epithelial tube morphogenesis","18/309","346/13010",0.0520231213872832,2.19035860598238,3.50035952286225,0.00157642983479644,0.042459378773567,0.0385639033966733,"Ctnnd1/Dchs1/Eng/Gata4/Hand2/Lrp5/Mgp/Mmrn2/Nphp3/Nrp1/Ntn1/Pkd2/Plxnd1/Sema4c/Ski/Tcap/Tie1/Vegfa",18,"brown","GO_BP",5,"Eng/Lrp5/Nrp1/Tie1/Vegfa","GO_BP (subset con hub genes)","Eng"
"Fibroblasts","GO:0042060","wound healing","15/226","344/13010",0.0436046511627907,2.51016155587569,3.77420673362962,0.00100393429144726,0.0425894378287202,0.0387433796981054,"Aqp1/Axl/Cav3/Cfh/Cytl1/Entpd2/F2r/Igf1/Kdr/Nbeal2/Pdgfra/Pf4/Pparg/Serping1/Tfpi",15,"brown","GO_BP",7,"Axl/Cfh/F2r/Kdr/Pdgfra/Pf4/Serping1","GO_BP (subset con hub genes)","Cfh"
"SmoothMuscleCells","GO:1904018","positive regulation of vasculature development","17/546","161/13010",0.105590062111801,2.51598298182149,4.05099920071209,0.000428449953925198,0.0436122197286184,0.0406529258608095,"Adm/Angpt2/C3/Cd34/Emilin1/Gata2/Gata6/Itga5/Mdk/Mtdh/Pxn/Ramp2/Rtn4/Smad1/Tek/Tgfb1/Tgfbr1",17,"brown","GO_BP",7,"Angpt2/C3/Itga5/Rtn4/Tek/Tgfb1/Tgfbr1","GO_BP (subset con hub genes)","C3"
"EndocardialCells","GO:0007409","axonogenesis","20/309","408/13010",0.0490196078431373,2.06389999365442,3.40559805197181,0.00179912079952831,0.0472849571424417,0.0429467545693855,"Ablim1/Agrn/Dbn1/Ece1/Eif4g2/Lamb1/Lamb2/Lamc1/Nrp1/Ntn1/Plxnd1/Raph1/Rpl24/Ryk/Sema4c/Sema6d/Stxbp1/Taok2/Tiam1/Vegfa",20,"brown","GO_BP",4,"Ece1/Lamc1/Nrp1/Vegfa","GO_BP (subset con hub genes)","Ece1"
"Fibroblasts","GO:2000146","negative regulation of cell motility","13/226","279/13010",0.046594982078853,2.68230405684017,3.77674906373059,0.00119493216040831,0.0486369684749976,0.0442447853989022,"Arap3/Chrd/Csprs/Cx3cr1/Dcn/Dpep1/Egfl7/Ifitm1/Mmrn2/Pparg/Srgap1/Tgfb1/Tie1",13,"brown","GO_BP",3,"Dcn/Tgfb1/Tie1","GO_BP (subset con hub genes)","Dcn"
"Myocytes","GO:0051146","striated muscle cell differentiation","63/516","348/13010",0.181034482758621,4.56445469125902,13.6970683479959,7.80684933081237e-25,5.91603042288962e-22,5.6373669904603e-22,"Actc1/Actn2/Acvr1/Adprhl1/Asb2/Camk2d/Cav3/Cfl2/Csrp3/Fhl2/Gata4/Gata6/Hand2/Ldb3/Lmod2/Mfn2/Mybpc3/Myh6/Myl9/Mylk3/Myom1/Myom2/Myoz2/Nkx2-5/Nppa/Nrap/Pdlim5/Pgm5/Popdc2/Ptgfrn/Rpl10a/Rpl11/Rpl12/Rpl13a/Rpl17/Rpl18a/Rpl19/Rpl23/Rpl24/Rpl27/Rpl27a/Rpl29/Rpl31/Rpl32/Rpl34/Rpl35/Rpl35a/Rpl37/Rpl37a/Rpl6/Rpl7/Rpl7a/Rpl8/Rpl9/Rplp1/Smyd1/Speg/Tanc1/Tbx5/Tcap/Tmod1/Tnnt2/Tpm1",63,"brown","GO_BP",2,"Acvr1/Nppa","GO_BP (todos los genes del módulo)",NA
"Fibroblasts","GO:0006941","striated muscle contraction","34/226","217/13010",0.15668202764977,9.01961583948452,15.8394474482948,4.6140383371773e-23,1.06903719012139e-20,9.724973110666e-21,"Ank2/Cav3/Fxyd1/Gsn/Mb/Myl4/Nppa/Rpl10/Rpl10a/Rpl11/Rpl15/Rpl19/Rpl21/Rpl23/Rpl23a/Rpl24/Rpl27/Rpl27a/Rpl28/Rpl31/Rpl35a/Rpl36a/Rpl37/Rpl37a/Rpl38/Rpl39/Rpl41/Rpl7a/Rpl9/Rplp2/Tnnc1/Tnni3/Tnnt2/Uba52",34,"brown","GO_BP",1,"Nppa","GO_BP (todos los genes del módulo)",NA
"Myocytes","GO:0006941","striated muscle contraction","48/516","217/13010",0.221198156682028,5.577108562855,13.817546578984,5.45046439074847e-23,3.44196826275766e-20,3.27984085267846e-20,"Actc1/Atp1a2/Camk2d/Cav3/Csrp3/Gata4/Grcc10/Mb/Mybpc3/Myh6/Myl1/Myl4/Nkx2-5/Nppa/Pgam2/Pln/Rangrf/Rpl10a/Rpl11/Rpl12/Rpl13a/Rpl17/Rpl18a/Rpl19/Rpl23/Rpl24/Rpl27/Rpl27a/Rpl29/Rpl31/Rpl32/Rpl34/Rpl35/Rpl35a/Rpl37/Rpl37a/Rpl6/Rpl7/Rpl7a/Rpl8/Rpl9/Rplp1/Smad7/Tcap/Tnnc1/Tnni3/Tnnt2/Tpm1",48,"brown","GO_BP",1,"Nppa","GO_BP (todos los genes del módulo)",NA
"Myocytes","GO:0006936","muscle contraction","57/516","327/13010",0.174311926605505,4.39495768437522,12.635525322682,1.0973970869437e-21,4.62004173603299e-19,4.40242340142327e-19,"Actc1/Actn2/Atp1a2/Camk2d/Cav3/Csrp3/Gata4/Grcc10/Hsbp1/Lmod2/Mb/Mkks/Mybpc3/Myh6/Myl1/Myl4/Myom1/Myom2/Nkx2-5/Nppa/Pgam2/Pln/Rangrf/Rpl10a/Rpl11/Rpl12/Rpl13a/Rpl17/Rpl18a/Rpl19/Rpl23/Rpl24/Rpl27/Rpl27a/Rpl29/Rpl31/Rpl32/Rpl34/Rpl35/Rpl35a/Rpl37/Rpl37a/Rpl6/Rpl7/Rpl7a/Rpl8/Rpl9/Rplp1/Smad7/Tbx20/Tcap/Tmod1/Tnnc1/Tnni3/Tnnt2/Tpm1/Tpm2",57,"brown","GO_BP",1,"Nppa","GO_BP (todos los genes del módulo)",NA
"Myocytes","GO:0003012","muscle system process","65/516","442/13010",0.147058823529412,3.7078203374373,11.7704739703889,1.69767673823172e-20,6.43249716116e-18,6.12950653908928e-18,"Actc1/Actn2/Asb2/Atp1a2/Camk2d/Cav3/Csrp3/Fbxo32/Gata4/Gata6/Grcc10/Hand2/Hsbp1/Lmod2/Mb/Mkks/Mybpc3/Myh6/Myl1/Myl4/Myom1/Myom2/Myoz2/Nkx2-5/Nppa/Pdlim5/Pgam2/Pln/Rangrf/Rpl10a/Rpl11/Rpl12/Rpl13a/Rpl17/Rpl18a/Rpl19/Rpl23/Rpl24/Rpl27/Rpl27a/Rpl29/Rpl31/Rpl32/Rpl34/Rpl35/Rpl35a/Rpl37/Rpl37a/Rpl6/Rpl7/Rpl7a/Rpl8/Rpl9/Rplp1/Sln/Smad7/Srl/Tbx20/Tcap/Tmod1/Tnnc1/Tnni3/Tnnt2/Tpm1/Tpm2",65,"brown","GO_BP",1,"Nppa","GO_BP (todos los genes del módulo)",NA
"EndocardialCells","GO:0006941","striated muscle contraction","36/309","217/13010",0.165898617511521,6.98492237483781,13.8670610469865,1.56855814116145e-20,5.11193098204516e-17,4.64293209783788e-17,"Abcc9/Actc1/Agrn/Csrp3/Dmd/Gata4/Gsn/Kcnj5/Kcnj8/Mb/Myh6/Myl2/Myl4/Nppa/Rem1/Rpl11/Rpl17/Rpl23/Rpl23a/Rpl24/Rpl27/Rpl28/Rpl34/Rpl35a/Rpl36a/Rpl37/Rpl37a/Rpl41/Rpl6/Smad5/Srsf1/Tcap/Tnnc1/Tnni3/Tnnt2/Uba52",36,"brown","GO_BP",1,"Nppa","GO_BP (todos los genes del módulo)",NA
"Myocytes","GO:0042692","muscle cell differentiation","64/516","451/13010",0.141906873614191,3.57792330566012,11.3233984684725,2.2888434320691e-19,7.22702313675819e-17,6.88660787017282e-17,"Actc1/Actn2/Acvr1/Adm/Adprhl1/Asb2/Camk2d/Cav3/Cfl2/Csrp3/Fhl2/Gata4/Gata6/Hand2/Ldb3/Lmod2/Mfn2/Mybpc3/Myh6/Myl9/Mylk3/Myom1/Myom2/Myoz2/Nkx2-5/Nppa/Nrap/Pdlim5/Pgm5/Popdc2/Ptgfrn/Rpl10a/Rpl11/Rpl12/Rpl13a/Rpl17/Rpl18a/Rpl19/Rpl23/Rpl24/Rpl27/Rpl27a/Rpl29/Rpl31/Rpl32/Rpl34/Rpl35/Rpl35a/Rpl37/Rpl37a/Rpl6/Rpl7/Rpl7a/Rpl8/Rpl9/Rplp1/Smyd1/Speg/Tanc1/Tbx5/Tcap/Tmod1/Tnnt2/Tpm1",64,"brown","GO_BP",2,"Acvr1/Nppa","GO_BP (todos los genes del módulo)",NA
"Fibroblasts","GO:0006936","muscle contraction","36/226","327/13010",0.110091743119266,6.33758220345863,12.9972134749031,4.25722620046943e-19,8.54851021054261e-17,7.77653319285748e-17,"Ank2/Cav3/F2r/Fxyd1/Gsn/Mb/Myl4/Myl6b/Nppa/Rpl10/Rpl10a/Rpl11/Rpl15/Rpl19/Rpl21/Rpl23/Rpl23a/Rpl24/Rpl27/Rpl27a/Rpl28/Rpl31/Rpl35a/Rpl36a/Rpl37/Rpl37a/Rpl38/Rpl39/Rpl41/Rpl7a/Rpl9/Rplp2/Tnnc1/Tnni3/Tnnt2/Uba52",36,"brown","GO_BP",2,"F2r/Nppa","GO_BP (todos los genes del módulo)",NA
"Fibroblasts","GO:0003012","muscle system process","39/226","442/13010",0.0882352941176471,5.07938573659552,11.6015393434598,2.9275623049481e-17,5.5111360390648e-15,5.01345044722362e-15,"Ank2/Cav3/F2r/Fxyd1/Gsn/Igf1/Mb/Myl4/Myl6b/Nppa/Pparg/Rpl10/Rpl10a/Rpl11/Rpl15/Rpl19/Rpl21/Rpl23/Rpl23a/Rpl24/Rpl27/Rpl27a/Rpl28/Rpl31/Rpl35a/Rpl36a/Rpl37/Rpl37a/Rpl38/Rpl39/Rpl41/Rpl7a/Rpl9/Rplp2/Sln/Tnnc1/Tnni3/Tnnt2/Uba52",39,"brown","GO_BP",2,"F2r/Nppa","GO_BP (todos los genes del módulo)",NA
"EndocardialCells","GO:0006936","muscle contraction","40/309","327/13010",0.122324159021407,5.1502825529725,11.8555793961468,8.43660540424576e-18,8.30870477463345e-15,7.54641489196533e-15,"Abcc9/Actc1/Agrn/Csrp3/Dbn1/Dmd/F2r/Gata4/Gsn/Kcnj5/Kcnj8/Mb/Myh6/Myl2/Myl4/Nppa/Ptgs1/Rem1/Rpl11/Rpl17/Rpl23/Rpl23a/Rpl24/Rpl27/Rpl28/Rpl34/Rpl35a/Rpl36a/Rpl37/Rpl37a/Rpl41/Rpl6/Smad5/Srsf1/Tcap/Tmod2/Tnnc1/Tnni3/Tnnt2/Uba52",40,"brown","GO_BP",2,"F2r/Nppa","GO_BP (todos los genes del módulo)",NA
"EndocardialCells","GO:0003012","muscle system process","46/309","442/13010",0.104072398190045,4.38181844806631,11.2826359725406,1.5296786943173e-17,8.30870477463345e-15,7.54641489196533e-15,"Abcc9/Actc1/Agrn/Csrp3/Dbn1/Dmd/Ece1/F2r/Gata4/Gsn/Hand2/Kcnj5/Kcnj8/Mb/Myh6/Myl2/Myl4/Nppa/Npr3/Ptgs1/Rem1/Rpl11/Rpl17/Rpl23/Rpl23a/Rpl24/Rpl27/Rpl28/Rpl34/Rpl35a/Rpl36a/Rpl37/Rpl37a/Rpl41/Rpl6/Sln/Smad5/Srsf1/Tcap/Tiam1/Tmod2/Tnnc1/Tnni3/Tnnt2/Trip10/Uba52",46,"brown","GO_BP",3,"Ece1/F2r/Nppa","GO_BP (todos los genes del módulo)",NA
"Fibroblasts","GO:0042692","muscle cell differentiation","37/226","451/13010",0.082039911308204,4.72274002707847,10.6983362823574,2.20858981295921e-15,3.91310148037244e-13,3.55972711029897e-13,"Ank2/Cav3/Cfh/Foxo4/Igf1/Lamc1/Nppa/Pdgfra/Ptgfrn/Rpl10/Rpl10a/Rpl11/Rpl15/Rpl19/Rpl21/Rpl23/Rpl23a/Rpl24/Rpl27/Rpl27a/Rpl28/Rpl31/Rpl35a/Rpl36a/Rpl37/Rpl37a/Rpl38/Rpl39/Rpl41/Rpl7a/Rpl9/Rplp2/Tgfb1/Tnnt2/Uba52/Xirp1/Zeb1",37,"brown","GO_BP",5,"Cfh/Lamc1/Nppa/Pdgfra/Tgfb1","GO_BP (todos los genes del módulo)",NA
"EndothelialCells","GO:0006941","striated muscle contraction","25/197","217/13010",0.115207373271889,7.60836510795574,12.1721516165801,2.21918929848905e-15,9.54568425392933e-13,8.46629060190484e-13,"Actc1/Cacna2d1/Casq1/Cav1/Dmd/Gsn/Mb/Nppa/Rpl11/Rpl13a/Rpl17/Rpl23/Rpl23a/Rpl24/Rpl27/Rpl27a/Rpl35a/Rpl37/Rpl37a/Rpl39/Rpl41/Rplp2/Tnni3/Tnnt2/Uba52",25,"brown","GO_BP",1,"Nppa","GO_BP (todos los genes del módulo)",NA
"Fibroblasts","GO:0051146","striated muscle cell differentiation","32/226","348/13010",0.0919540229885057,5.29345946495779,10.794154497065,8.69147918016746e-15,1.45437418281469e-12,1.32303627520327e-12,"Cav3/Igf1/Nppa/Pdgfra/Ptgfrn/Rpl10/Rpl10a/Rpl11/Rpl15/Rpl19/Rpl21/Rpl23/Rpl23a/Rpl24/Rpl27/Rpl27a/Rpl28/Rpl31/Rpl35a/Rpl36a/Rpl37/Rpl37a/Rpl38/Rpl39/Rpl41/Rpl7a/Rpl9/Rplp2/Tgfb1/Tnnt2/Uba52/Xirp1",32,"brown","GO_BP",3,"Nppa/Pdgfra/Tgfb1","GO_BP (todos los genes del módulo)",NA
"EndocardialCells","GO:0042692","muscle cell differentiation","43/309","451/13010",0.0953436807095344,4.0143083690325,10.1620343502547,4.64861650721344e-15,1.68331568855651e-12,1.52887831792798e-12,"Actc1/Adprhl1/Bmpr1a/Cfh/Csrp3/Dmd/Efemp2/Ehd1/Ehd2/Eng/Gata4/Hand2/Kcnj8/Lamb1/Lamb2/Lamc1/Myh6/Myl2/Nppa/Plekho1/Rpl11/Rpl17/Rpl23/Rpl23a/Rpl24/Rpl27/Rpl28/Rpl34/Rpl35a/Rpl36a/Rpl37/Rpl37a/Rpl41/Rpl6/Sema4c/Ski/Tbx5/Tcap/Tmod2/Tnnt2/Trip10/Uba52/Vegfa",43,"brown","GO_BP",6,"Bmpr1a/Cfh/Eng/Lamc1/Nppa/Vegfa","GO_BP (todos los genes del módulo)",NA
"EndothelialCells","GO:0006936","muscle contraction","29/197","327/13010",0.0886850152905199,5.85681243111504,11.0291963495413,1.18384367977398e-14,3.96061479977718e-12,3.51276188957497e-12,"Actc1/Adra2c/Apbb2/Cacna2d1/Casq1/Cav1/Dmd/Gsn/Mb/Nppa/Npy1r/Rpl11/Rpl13a/Rpl17/Rpl23/Rpl23a/Rpl24/Rpl27/Rpl27a/Rpl35a/Rpl37/Rpl37a/Rpl39/Rpl41/Rplp2/Smpd3/Tnni3/Tnnt2/Uba52",29,"brown","GO_BP",1,"Nppa","GO_BP (todos los genes del módulo)",NA
"EndothelialCells","GO:0003012","muscle system process","33/197","442/13010",0.0746606334841629,4.93063371385259,10.4248611766948,2.17419111699198e-14,6.54648945326284e-12,5.80623459348278e-12,"Actc1/Adra2c/Akap1/Apbb2/Cacna2d1/Casq1/Cav1/Dmd/Gsn/Hand2/Mb/Meis1/Nppa/Npy1r/Rpl11/Rpl13a/Rpl17/Rpl23/Rpl23a/Rpl24/Rpl27/Rpl27a/Rpl35a/Rpl37/Rpl37a/Rpl39/Rpl41/Rplp2/Smpd3/Tnni3/Tnnt2/Trip10/Uba52",33,"brown","GO_BP",1,"Nppa","GO_BP (todos los genes del módulo)",NA
"EndocardialCells","GO:0051146","striated muscle cell differentiation","36/309","348/13010",0.103448275862069,4.35554067626381,9.89653611103656,8.08086016080584e-14,2.63355232640662e-11,2.39193460759853e-11,"Actc1/Adprhl1/Bmpr1a/Csrp3/Dmd/Ehd1/Ehd2/Gata4/Hand2/Kcnj8/Myh6/Myl2/Nppa/Plekho1/Rpl11/Rpl17/Rpl23/Rpl23a/Rpl24/Rpl27/Rpl28/Rpl34/Rpl35a/Rpl36a/Rpl37/Rpl37a/Rpl41/Rpl6/Ski/Tbx5/Tcap/Tmod2/Tnnt2/Trip10/Uba52/Vegfa",36,"brown","GO_BP",3,"Bmpr1a/Nppa/Vegfa","GO_BP (todos los genes del módulo)",NA
"Myocytes","GO:0015980","energy derivation by oxidation of organic compounds","47/516","365/13010",0.128767123287671,3.2466284379314,8.84737273290438,7.32130954774058e-13,1.2609291761995e-10,1.20153549037082e-10,"Aco2/Arl2/Bloc1s1/Cd36/Cisd1/Coq10a/Coq7/Cox6a1/Cox6a2/Cox7a2l/Cyc1/Dld/Dlst/Eno3/Epm2aip1/Etfb/Idh2/Idh3g/Mfn2/Ndufa12/Ndufa3/Ndufa8/Ndufa9/Ndufb3/Ndufb6/Ndufb7/Ndufs1/Ndufs2/Ndufs8/Ndufv2/Pdha1/Pdhb/Pdk2/Pgam2/Pink1/Ppp1cb/Ppp1r3c/Prkaca/Pygb/Pygm/Sdha/Sdhd/Suclg1/Tpi1/Ugp2/Uqcrh/Vdac1",47,"brown","GO_BP",1,"Cd36","GO_BP (todos los genes del módulo)",NA
"Myocytes","GO:0055002","striated muscle cell development","32/516","183/13010",0.174863387978142,4.4088617782861,9.4377495065144,1.10474251058367e-12,1.81994320547893e-10,1.73421822027552e-10,"Actc1/Actn2/Adprhl1/Asb2/Camk2d/Cav3/Cfl2/Csrp3/Fhl2/Gata4/Ldb3/Lmod2/Mfn2/Mybpc3/Myh6/Myl9/Mylk3/Myom1/Myom2/Myoz2/Nkx2-5/Nppa/Nrap/Pdlim5/Pgm5/Popdc2/Speg/Tbx5/Tcap/Tmod1/Tnnt2/Tpm1",32,"brown","GO_BP",1,"Nppa","GO_BP (todos los genes del módulo)",NA
"Myocytes","GO:0006091","generation of precursor metabolites and energy","49/516","407/13010",0.12039312039312,3.03549320991181,8.47863522954656,2.92944219150502e-12,4.27607957333647e-10,4.07466292635026e-10,"Aco2/Arl2/Bloc1s1/Cd36/Cisd1/Coq10a/Coq7/Cox6a1/Cox6a2/Cox7a2l/Cxxc5/Cyc1/Dld/Dlst/Eno3/Epm2aip1/Etfb/Idh2/Idh3g/Mfn2/Ndufa12/Ndufa3/Ndufa8/Ndufa9/Ndufb3/Ndufb6/Ndufb7/Ndufs1/Ndufs2/Ndufs8/Ndufv2/Oxct1/Pdha1/Pdhb/Pdk2/Pgam2/Pink1/Ppp1cb/Ppp1r3c/Prkaca/Pygb/Pygm/Sdha/Sdhd/Suclg1/Tpi1/Ugp2/Uqcrh/Vdac1",49,"brown","GO_BP",1,"Cd36","GO_BP (todos los genes del módulo)",NA
"Myocytes","GO:0048738","cardiac muscle tissue development","37/516","250/13010",0.148,3.7315503875969,8.86237127472956,3.56147692514067e-12,4.99793928494741e-10,4.76252080048051e-10,"Actc1/Actn2/Acvr1/Adprhl1/Ankrd1/Asb2/Camk2d/Cav3/Csrp3/Fhl2/Gata4/Gata6/Hand2/Jph2/Mybpc3/Myh6/Myl7/Mylk3/Ndufv2/Nkx2-5/Nppa/Nrap/Pdlim5/Pim1/Pln/Popdc2/Sgcg/Smad7/Speg/Tbx20/Tbx5/Tcap/Tgfbr3/Tnnc1/Tnni3/Tnnt2/Tpm1",37,"brown","GO_BP",3,"Acvr1/Nppa/Tgfbr3","GO_BP (todos los genes del módulo)",NA
"EndothelialCells","GO:0051146","striated muscle cell differentiation","27/197","348/13010",0.0775862068965517,5.12384036408192,9.66874194898938,2.59555925778725e-12,6.01171455784416e-10,5.33193023239372e-10,"Actc1/Akap1/Casq1/Cav2/Dmd/Hand2/Meis1/Nppa/Rpl11/Rpl13a/Rpl17/Rpl23/Rpl23a/Rpl24/Rpl27/Rpl27a/Rpl35a/Rpl37/Rpl37a/Rpl39/Rpl41/Rplp2/Tgfb1/Thra/Tnnt2/Trip10/Uba52",27,"brown","GO_BP",2,"Nppa/Tgfb1","GO_BP (todos los genes del módulo)",NA
"EndothelialCells","GO:0042692","muscle cell differentiation","30/197","451/13010",0.0665188470066519,4.39294517541391,9.09321039572252,7.28802638305444e-12,1.56744624566978e-09,1.39020473186535e-09,"Actc1/Akap1/Casq1/Cav2/Dmd/Hand2/Lamc1/Meis1/Nppa/Ntf3/Rpl11/Rpl13a/Rpl17/Rpl23/Rpl23a/Rpl24/Rpl27/Rpl27a/Rpl35a/Rpl37/Rpl37a/Rpl39/Rpl41/Rplp2/Smad6/Tgfb1/Thra/Tnnt2/Trip10/Uba52",30,"brown","GO_BP",3,"Lamc1/Nppa/Tgfb1","GO_BP (todos los genes del módulo)",NA
"Myocytes","GO:0055001","muscle cell development","33/516","216/13010",0.152777777777778,3.85201335055986,8.58956782665797,2.26245853098247e-11,2.95601909444572e-09,2.81678140154987e-09,"Actc1/Actn2/Adm/Adprhl1/Asb2/Camk2d/Cav3/Cfl2/Csrp3/Fhl2/Gata4/Ldb3/Lmod2/Mfn2/Mybpc3/Myh6/Myl9/Mylk3/Myom1/Myom2/Myoz2/Nkx2-5/Nppa/Nrap/Pdlim5/Pgm5/Popdc2/Speg/Tbx5/Tcap/Tmod1/Tnnt2/Tpm1",33,"brown","GO_BP",1,"Nppa","GO_BP (todos los genes del módulo)",NA
"Myocytes","GO:0140694","membraneless organelle assembly","46/516","401/13010",0.114713216957606,2.89228479189623,7.82193891087417,7.48795782773964e-11,9.15221684171145e-09,8.72111896405669e-09,"Actc1/Actn2/Adprhl1/Alkbh5/Asb2/Cav3/Cfl2/Clasp1/Csde1/Csrp3/Dazap2/Eif5b/Epha4/Fabp4/Fitm1/H3f3a/Ldb3/Lmod2/Mapre1/Mfn2/Mybpc3/Myh6/Myl9/Mylk3/Myom1/Myom2/Myoz2/Nkx2-5/Npm1/Nrap/Pgm5/Rangrf/Rpl11/Rpl24/Rps10/Rps14/Rps15/Rps19/Rps28/Rps3/Rps6/Tcap/Tmod1/Tnnt2/Tpm1/Wnk1",46,"brown","GO_BP",1,"Epha4","GO_BP (todos los genes del módulo)",NA
"EndocardialCells","GO:0060048","cardiac muscle contraction","19/309","131/13010",0.145038167938931,6.1066231873317,9.16242911291594,2.52531655854317e-10,4.33158245489063e-08,3.93417737541462e-08,"Abcc9/Actc1/Agrn/Csrp3/Dmd/Gata4/Gsn/Kcnj5/Kcnj8/Myh6/Myl2/Myl4/Nppa/Smad5/Srsf1/Tcap/Tnnc1/Tnni3/Tnnt2",19,"brown","GO_BP",1,"Nppa","GO_BP (todos los genes del módulo)",NA
"Myocytes","GO:0014706","striated muscle tissue development","45/516","410/13010",0.109756097560976,2.7673000567215,7.38946512925583,5.20707370340285e-10,5.19200059531405e-08,4.94744121957667e-08,"Actc1/Actn2/Acvr1/Adprhl1/Ankrd1/Asb2/Camk2d/Cav3/Cfl2/Csrp3/Fhl2/Gata4/Gata6/Gpc1/Hand2/Jph2/Lemd3/Mybpc3/Myh6/Myl7/Mylk3/Myom1/Myoz2/Ndufv2/Nkx2-5/Nppa/Nrap/Pdlim5/Pgm5/Pim1/Pln/Popdc2/Sgcg/Smad7/Smyd1/Speg/Tbx20/Tbx5/Tcap/Tgfbr3/Tnnc1/Tnni3/Tnnt2/Tpm1/Vamp5",45,"brown","GO_BP",3,"Acvr1/Nppa/Tgfbr3","GO_BP (todos los genes del módulo)",NA
"EndocardialCells","GO:0003007","heart morphogenesis","26/309","257/13010",0.101167315175097,4.25950411141753,8.23178755248767,4.51688531346084e-10,7.36026461828444e-08,6.68499026392205e-08,"Abcc9/Actc1/Adprhl1/Bmpr1a/Cpe/Dchs1/Eng/Ephb4/Foxc1/Gata4/Hand2/Kcnj8/Myh6/Myl2/Nphp3/Nrp1/Pkd2/Plxnd1/Sav1/Tbx5/Tcap/Tnnc1/Tnni3/Tnnt2/Vegfa/Zfpm2",26,"brown","GO_BP",5,"Bmpr1a/Eng/Ephb4/Nrp1/Vegfa","GO_BP (todos los genes del módulo)",NA
"Myocytes","GO:0060537","muscle tissue development","46/516","430/13010",0.106976744186047,2.69722372453579,7.27325908298583,7.70669792174964e-10,7.48735344243831e-08,7.13467580879926e-08,"Actc1/Actn2/Acvr1/Adprhl1/Ankrd1/Asb2/Camk2d/Cav3/Cfl2/Csrp3/Fhl2/Gata4/Gata6/Gpc1/Hand2/Jph2/Lemd3/Mybpc3/Myh6/Myl7/Mylk3/Myom1/Myoz2/Ndufv2/Nkx2-5/Nppa/Nrap/Pdlim5/Pgm5/Pim1/Pln/Popdc2/Sgcg/Smad7/Smyd1/Speg/Tbx20/Tbx5/Tcap/Tgfbr3/Tnnc1/Tnni3/Tnnt2/Tpm1/Vamp5/Zfand5",46,"brown","GO_BP",3,"Acvr1/Nppa/Tgfbr3","GO_BP (todos los genes del módulo)",NA
"EndocardialCells","GO:0003013","circulatory system process","36/309","489/13010",0.0736196319018405,3.09964857942701,7.38182546861491,1.48699632546215e-09,2.30767667841959e-07,2.09595672541331e-07,"Abcb1b/Abcc9/Actc1/Agrn/Amot/Camk2n1/Csrp3/Dmd/Ece1/Eng/F2r/Foxc1/Gata4/Gsn/Kcnj5/Kcnj8/Lrp5/Myh6/Myl2/Myl4/Myl7/Nisch/Nppa/Npr3/Pecam1/Ptgs1/Rps6ka2/Slc16a2/Smad5/Srsf1/Tbx5/Tcap/Tnnc1/Tnni3/Tnnt2/Vegfa",36,"brown","GO_BP",7,"Ece1/Eng/F2r/Lrp5/Nppa/Pecam1/Vegfa","GO_BP (todos los genes del módulo)",NA
"EndocardialCells","GO:0003205","cardiac chamber development","20/309","170/13010",0.117647058823529,4.95335998477061,8.09264611522141,3.69639182819176e-09,5.47570044003497e-07,4.97332718702164e-07,"Adprhl1/Ap2b1/Bmpr1a/Cpe/Eng/Foxc1/Gata4/Hand2/Kcnj8/Myh6/Myl2/Nphp3/Nrp1/Plxnd1/Sav1/Tbx5/Tnnc1/Tnni3/Tnnt2/Zfpm2",20,"brown","GO_BP",3,"Bmpr1a/Eng/Nrp1","GO_BP (todos los genes del módulo)",NA
"EndocardialCells","GO:0008015","blood circulation","34/309","463/13010",0.0734341252699784,3.09183808984602,7.14876221729442,4.69832207809015e-09,6.65731810978078e-07,6.04653623962906e-07,"Abcc9/Actc1/Agrn/Amot/Camk2n1/Csrp3/Dmd/Ece1/Eng/F2r/Foxc1/Gata4/Gsn/Kcnj5/Kcnj8/Lrp5/Myh6/Myl2/Myl4/Myl7/Nisch/Nppa/Npr3/Pecam1/Ptgs1/Rps6ka2/Smad5/Srsf1/Tbx5/Tcap/Tnnc1/Tnni3/Tnnt2/Vegfa",34,"brown","GO_BP",7,"Ece1/Eng/F2r/Lrp5/Nppa/Pecam1/Vegfa","GO_BP (todos los genes del módulo)",NA
"Myocytes","GO:0060047","heart contraction","29/516","218/13010",0.13302752293578,3.3540466538653,7.12311808444975,1.00231419137013e-08,8.63129197977598e-07,8.22473128325252e-07,"Actc1/Adm/Atp1a2/Camk2d/Cav3/Csrp3/Gata4/Gata6/Gnao1/Mybpc3/Myh6/Myl1/Myl4/Myl7/Nkx2-5/Nppa/Pln/Popdc2/Rangrf/Sgcg/Smad7/Tbx5/Tcap/Tmem65/Tnnc1/Tnni3/Tnnt2/Tpm1/Trdn",29,"brown","GO_BP",1,"Nppa","GO_BP (todos los genes del módulo)",NA
"Myocytes","GO:0055006","cardiac cell development","20/516","112/13010",0.178571428571429,4.50235326688815,7.56491114328946,1.4056445889568e-08,1.18355274390163e-06,1.12780372868347e-06,"Actc1/Actn2/Adprhl1/Asb2/Camk2d/Cav3/Csrp3/Fhl2/Gata4/Myh6/Mylk3/Nkx2-5/Nppa/Nrap/Pdlim5/Popdc2/Speg/Tbx5/Tcap/Tgfbr3",20,"brown","GO_BP",2,"Nppa/Tgfbr3","GO_BP (todos los genes del módulo)",NA
"EndocardialCells","GO:0060047","heart contraction","22/309","218/13010",0.100917431192661,4.24898310620231,7.54551198256999,1.0865175588808e-08,1.47540030183022e-06,1.34003832261966e-06,"Abcc9/Actc1/Agrn/Csrp3/Dmd/Gata4/Gsn/Kcnj5/Kcnj8/Myh6/Myl2/Myl4/Myl7/Nppa/Rps6ka2/Smad5/Srsf1/Tbx5/Tcap/Tnnc1/Tnni3/Tnnt2",22,"brown","GO_BP",1,"Nppa","GO_BP (todos los genes del módulo)",NA
"Myocytes","GO:0055013","cardiac muscle cell development","19/516","103/13010",0.184466019417476,4.6509746368631,7.55980912200023,1.86479389343456e-08,1.53602262222251e-06,1.463671179515e-06,"Actc1/Actn2/Adprhl1/Asb2/Camk2d/Cav3/Csrp3/Fhl2/Gata4/Myh6/Mylk3/Nkx2-5/Nppa/Nrap/Pdlim5/Popdc2/Speg/Tbx5/Tcap",19,"brown","GO_BP",1,"Nppa","GO_BP (todos los genes del módulo)",NA
"EndocardialCells","GO:0003208","cardiac ventricle morphogenesis","13/309","72/13010",0.180555555555556,7.60203164329378,8.76178344298901,1.19964967315772e-08,1.5638633139284e-06,1.42038521301874e-06,"Bmpr1a/Cpe/Eng/Foxc1/Gata4/Hand2/Myh6/Myl2/Tbx5/Tnnc1/Tnni3/Tnnt2/Zfpm2",13,"brown","GO_BP",2,"Bmpr1a/Eng","GO_BP (todos los genes del módulo)",NA
"Myocytes","GO:0003015","heart process","29/516","226/13010",0.128318584070796,3.23531933868423,6.88900453805413,2.27726755387155e-08,1.83586526842964e-06,1.74939030454186e-06,"Actc1/Adm/Atp1a2/Camk2d/Cav3/Csrp3/Gata4/Gata6/Gnao1/Mybpc3/Myh6/Myl1/Myl4/Myl7/Nkx2-5/Nppa/Pln/Popdc2/Rangrf/Sgcg/Smad7/Tbx5/Tcap/Tmem65/Tnnc1/Tnni3/Tnnt2/Tpm1/Trdn",29,"brown","GO_BP",1,"Nppa","GO_BP (todos los genes del módulo)",NA
"Fibroblasts","GO:0048232","male gamete generation","28/226","476/13010",0.0588235294117647,3.38625715773035,7.05210338835058,1.53370446737538e-08,2.31464361847421e-06,2.10561869675277e-06,"Axl/Inhbb/Parp11/Rpl10a/Rpl11/Rpl15/Rpl19/Rpl21/Rpl23/Rpl23a/Rpl24/Rpl27/Rpl27a/Rpl28/Rpl31/Rpl35a/Rpl36a/Rpl37/Rpl37a/Rpl38/Rpl41/Rpl7a/Rpl9/Rplp2/Rspo1/Sfmbt1/Tpt1/Uba52",28,"brown","GO_BP",2,"Axl/Inhbb","GO_BP (todos los genes del módulo)",NA
"EndocardialCells","GO:0003015","heart process","22/309","226/13010",0.0973451327433628,4.09857662456683,7.3293475741149,2.10486643349907e-08,2.6383691179898e-06,2.39630947813741e-06,"Abcc9/Actc1/Agrn/Csrp3/Dmd/Gata4/Gsn/Kcnj5/Kcnj8/Myh6/Myl2/Myl4/Myl7/Nppa/Rps6ka2/Smad5/Srsf1/Tbx5/Tcap/Tnnc1/Tnni3/Tnnt2",22,"brown","GO_BP",1,"Nppa","GO_BP (todos los genes del módulo)",NA
"Leukocytes","GO:0001525","angiogenesis","35/300","497/13010",0.0704225352112676,3.05399061032864,7.17308099866812,3.72902231036273e-09,3.1911108420929e-06,3.05387300785495e-06,"Aqp1/Cav1/Ccl24/Cd36/Cd93/Cdh5/Col4a2/Csprs/Cxcl12/Dcn/Dll4/Dysf/Ecscr/Egfl7/Elk3/Emcn/Emilin1/Epas1/Epn1/Flt4/Foxo4/Hspg2/Igfbp7/Notch4/Pik3r6/Plekhg5/Ptprb/Ramp2/Rasip1/Rhob/Rxra/Tbx20/Tgfb1/Tlr3/Unc5b",35,"brown","GO_BP",7,"Cd36/Cdh5/Cxcl12/Dcn/Hspg2/Tgfb1/Unc5b","GO_BP (todos los genes del módulo)",NA
"EndocardialCells","GO:0003229","ventricular cardiac muscle tissue development","12/309","64/13010",0.1875,7.89441747572816,8.62386604104724,2.83296380610477e-08,3.36591696530126e-06,3.05710776842336e-06,"Bmpr1a/Eng/Foxc1/Gata4/Kcnj8/Myh6/Myl2/Tbx5/Tnnc1/Tnni3/Tnnt2/Zfpm2",12,"brown","GO_BP",2,"Bmpr1a/Eng","GO_BP (todos los genes del módulo)",NA
"EndocardialCells","GO:0048738","cardiac muscle tissue development","23/309","250/13010",0.092,3.87352750809062,7.15553754254843,2.89185869985994e-08,3.36591696530126e-06,3.05710776842336e-06,"Actc1/Adprhl1/Bmpr1a/Csrp3/Eng/Foxc1/Gata4/Hand2/Hspg2/Kcnj8/Myh6/Myl2/Myl7/Nppa/Sav1/Tbx5/Tcap/Tnnc1/Tnni3/Tnnt2/Trip10/Vegfa/Zfpm2",23,"brown","GO_BP",5,"Bmpr1a/Eng/Hspg2/Nppa/Vegfa","GO_BP (todos los genes del módulo)",NA
"Fibroblasts","GO:0007283","spermatogenesis","27/226","462/13010",0.0584415584415584,3.36426847488794,6.87976049779608,3.24618758866362e-08,4.65596048431182e-06,4.2355019013992e-06,"Axl/Inhbb/Parp11/Rpl10a/Rpl11/Rpl15/Rpl19/Rpl21/Rpl23/Rpl23a/Rpl24/Rpl27/Rpl27a/Rpl28/Rpl31/Rpl35a/Rpl36a/Rpl37/Rpl37a/Rpl38/Rpl41/Rpl7a/Rpl9/Rplp2/Sfmbt1/Tpt1/Uba52",27,"brown","GO_BP",2,"Axl/Inhbb","GO_BP (todos los genes del módulo)",NA
"Myocytes","GO:0007283","spermatogenesis","44/516","462/13010",0.0952380952380952,2.40125507567368,6.23228045239684,6.15868781772085e-08,4.76229962068251e-06,4.53798049726799e-06,"Alkbh5/Dazap1/Dld/Gamt/Gata4/Gpx4/Hsf2/Ift81/Jam3/Lztfl1/Mkks/Nr2c2/Pgam2/Pln/Prkaca/Rpl10a/Rpl11/Rpl12/Rpl13a/Rpl17/Rpl18a/Rpl19/Rpl23/Rpl24/Rpl27/Rpl27a/Rpl29/Rpl3/Rpl31/Rpl32/Rpl34/Rpl35/Rpl35a/Rpl37/Rpl37a/Rpl6/Rpl7/Rpl7a/Rpl8/Rpl9/Rplp1/Tnk2/Tpt1/Zfp449",44,"brown","GO_BP",1,"Jam3","GO_BP (todos los genes del módulo)",NA
"Myocytes","GO:0055007","cardiac muscle cell differentiation","22/516","147/13010",0.149659863945578,3.7734008332015,6.87220697708091,7.51221810691609e-08,5.69275888142102e-06,5.42461223299415e-06,"Actc1/Actn2/Acvr1/Adprhl1/Asb2/Camk2d/Cav3/Csrp3/Fhl2/Gata4/Gata6/Hand2/Myh6/Mylk3/Nkx2-5/Nppa/Nrap/Pdlim5/Popdc2/Speg/Tbx5/Tcap",22,"brown","GO_BP",2,"Acvr1/Nppa","GO_BP (todos los genes del módulo)",NA
"EndocardialCells","GO:0003206","cardiac chamber morphogenesis","16/309","128/13010",0.125,5.26294498381877,7.5597129250656,5.8969827467106e-08,6.40608892384328e-06,5.8183563100878e-06,"Adprhl1/Bmpr1a/Cpe/Eng/Foxc1/Gata4/Hand2/Myh6/Myl2/Nrp1/Sav1/Tbx5/Tnnc1/Tnni3/Tnnt2/Zfpm2",16,"brown","GO_BP",3,"Bmpr1a/Eng/Nrp1","GO_BP (todos los genes del módulo)",NA
"EndocardialCells","GO:0048644","muscle organ morphogenesis","13/309","83/13010",0.156626506024096,6.59453347370063,7.97510274779988,7.07943413908095e-08,7.44254059976284e-06,6.75971775860633e-06,"Actc1/Bmpr1a/Efemp2/Eng/Foxc1/Gata4/Myh6/Myl2/Tcap/Tnnc1/Tnni3/Tnnt2/Zfpm2",13,"brown","GO_BP",2,"Bmpr1a/Eng","GO_BP (todos los genes del módulo)",NA
"Myocytes","GO:0048232","male gamete generation","44/516","476/13010",0.092436974789916,2.33062992638916,6.01051900491235,1.45514091536272e-07,1.08108410359007e-05,1.03016168001943e-05,"Alkbh5/Dazap1/Dld/Gamt/Gata4/Gpx4/Hsf2/Ift81/Jam3/Lztfl1/Mkks/Nr2c2/Pgam2/Pln/Prkaca/Rpl10a/Rpl11/Rpl12/Rpl13a/Rpl17/Rpl18a/Rpl19/Rpl23/Rpl24/Rpl27/Rpl27a/Rpl29/Rpl3/Rpl31/Rpl32/Rpl34/Rpl35/Rpl35a/Rpl37/Rpl37a/Rpl6/Rpl7/Rpl7a/Rpl8/Rpl9/Rplp1/Tnk2/Tpt1/Zfp449",44,"brown","GO_BP",1,"Jam3","GO_BP (todos los genes del módulo)",NA
"Myocytes","GO:0060048","cardiac muscle contraction","20/516","131/13010",0.152671755725191,3.84934019764483,6.66093104979984,2.10949684542989e-07,1.50809123534601e-05,1.43705544783009e-05,"Actc1/Atp1a2/Camk2d/Cav3/Csrp3/Gata4/Mybpc3/Myh6/Myl1/Myl4/Nkx2-5/Nppa/Pln/Rangrf/Smad7/Tcap/Tnnc1/Tnni3/Tnnt2/Tpm1",20,"brown","GO_BP",1,"Nppa","GO_BP (todos los genes del módulo)",NA
"EndocardialCells","GO:0060415","muscle tissue morphogenesis","12/309","77/13010",0.155844155844156,6.56159374605977,7.63444067052873,2.40539524585077e-07,2.44974472069614e-05,2.22499060241196e-05,"Actc1/Bmpr1a/Efemp2/Eng/Foxc1/Myh6/Myl2/Tcap/Tnnc1/Tnni3/Tnnt2/Zfpm2",12,"brown","GO_BP",2,"Bmpr1a/Eng","GO_BP (todos los genes del módulo)",NA
"EndocardialCells","GO:0003231","cardiac ventricle development","15/309","128/13010",0.1171875,4.9340109223301,6.97639620726393,3.62322622977766e-07,3.57821038874102e-05,3.24992413337632e-05,"Ap2b1/Bmpr1a/Cpe/Eng/Foxc1/Gata4/Hand2/Myh6/Myl2/Sav1/Tbx5/Tnnc1/Tnni3/Tnnt2/Zfpm2",15,"brown","GO_BP",2,"Bmpr1a/Eng","GO_BP (todos los genes del módulo)",NA
"EndocardialCells","GO:0060537","muscle tissue development","29/309","430/13010",0.0674418604651163,2.83954240987431,6.05042595664097,4.17380279515489e-07,4.0007127380617e-05,3.63366360989955e-05,"Abcc9/Actc1/Adprhl1/Bmpr1a/Csrp3/Ddx5/Dmd/Efemp2/Eng/Foxc1/Gata4/Hand2/Hspg2/Kcnj8/Myh6/Myl2/Myl7/Nppa/Pkd2/Sav1/Ski/Tbx5/Tcap/Tnnc1/Tnni3/Tnnt2/Trip10/Vegfa/Zfpm2",29,"brown","GO_BP",5,"Bmpr1a/Eng/Hspg2/Nppa/Vegfa","GO_BP (todos los genes del módulo)",NA
"EndocardialCells","GO:0055008","cardiac muscle tissue morphogenesis","11/309","67/13010",0.164179104477612,6.91252475486645,7.5678956713063,4.46476187305186e-07,4.04184970674333e-05,3.67102642895375e-05,"Actc1/Bmpr1a/Eng/Foxc1/Myh6/Myl2/Tcap/Tnnc1/Tnni3/Tnnt2/Zfpm2",11,"brown","GO_BP",2,"Bmpr1a/Eng","GO_BP (todos los genes del módulo)",NA
"Myocytes","GO:0035051","cardiocyte differentiation","23/516","181/13010",0.12707182320442,3.20388453466958,6.06775139893046,7.81919637936784e-07,5.29052412168299e-05,5.04132398143453e-05,"Actc1/Actn2/Acvr1/Adprhl1/Asb2/Camk2d/Cav3/Csrp3/Fhl2/Gata4/Gata6/Hand2/Myh6/Mylk3/Nkx2-5/Nppa/Nrap/Pdlim5/Popdc2/Speg/Tbx5/Tcap/Tgfbr3",23,"brown","GO_BP",3,"Acvr1/Nppa/Tgfbr3","GO_BP (todos los genes del módulo)",NA
"SmoothMuscleCells","GO:0001525","angiogenesis","49/546","497/13010",0.0985915492957746,2.34922354640664,6.41905271036053,2.11587432267763e-08,9.26118191036e-05,8.63276723652475e-05,"Adm/Angpt2/Angptl4/C3/Casp8/Ccdc134/Cd34/Cfh/Cldn5/Dcn/Ecscr/Emcn/Emilin1/Enpep/Fap/Fbn1/Foxo4/Fyn/Gata2/Gata6/Hand2/Hspg2/Itga5/Mcam/Mdk/Mmrn2/Mtdh/Nrxn1/Pdgfrb/Pf4/Ppp1r16b/Prkx/Pxdn/Pxn/Ramp2/Rasip1/Rora/Rtn4/S1pr1/Smad1/Smad5/Tbx20/Tcf21/Tcf4/Tek/Tgfb1/Tgfbr1/Tmem201/Tnfrsf12a",49,"brown","GO_BP",15,"Angpt2/C3/Cfh/Cldn5/Dcn/Fbn1/Hspg2/Itga5/Mcam/Pdgfrb/Pf4/Rtn4/Tek/Tgfb1/Tgfbr1","GO_BP (todos los genes del módulo)",NA
"Myocytes","GO:0055008","cardiac muscle tissue morphogenesis","13/516","67/13010",0.194029850746269,4.89210922133518,6.49084146188022,1.8384859479064e-06,0.000120103849252023,0.000114446584415952,"Actc1/Ankrd1/Mybpc3/Myh6/Nkx2-5/Smad7/Tbx20/Tcap/Tgfbr3/Tnnc1/Tnni3/Tnnt2/Tpm1",13,"brown","GO_BP",1,"Tgfbr3","GO_BP (todos los genes del módulo)",NA
"Myocytes","GO:0072521","purine-containing compound metabolic process","42/516","490/13010",0.0857142857142857,2.16112956810631,5.32442381063351,2.08561676896644e-06,0.000131706698960231,0.000125502903816752,"Adnp/Ak1/Arl2/Atic/Atp1a2/Dld/Dlst/Eno3/Entpd4/Gamt/Got2/Idh2/Ldhb/Mfn1/Myh6/Ndufa12/Ndufa3/Ndufa8/Ndufa9/Ndufb3/Ndufb6/Ndufb7/Ndufs1/Ndufs2/Ndufs8/Ndufv2/Nppa/Nudt19/Nudt3/Nudt4/Pdha1/Pdhb/Pdk2/Pgam2/Prkaca/Rhoq/Sdha/Sdhd/Slc25a11/Suclg1/Tpi1/Vdac1",42,"brown","GO_BP",1,"Nppa","GO_BP (todos los genes del módulo)",NA
"EndocardialCells","GO:0014706","striated muscle tissue development","27/309","410/13010",0.0658536585365854,2.77267345488989,5.68876031120208,1.68553703736778e-06,0.000148463924453556,0.000134842962989422,"Abcc9/Actc1/Adprhl1/Bmpr1a/Csrp3/Ddx5/Dmd/Eng/Foxc1/Gata4/Hand2/Hspg2/Kcnj8/Myh6/Myl2/Myl7/Nppa/Sav1/Ski/Tbx5/Tcap/Tnnc1/Tnni3/Tnnt2/Trip10/Vegfa/Zfpm2",27,"brown","GO_BP",5,"Bmpr1a/Eng/Hspg2/Nppa/Vegfa","GO_BP (todos los genes del módulo)",NA
"Myocytes","GO:0003206","cardiac chamber morphogenesis","18/516","128/13010",0.140625,3.54560319767442,5.88166252432864,2.8977561166416e-06,0.000174279332158016,0.000166070233585308,"Acvr1/Adprhl1/Cav3/Fhl2/Gata4/Gata6/Hand2/Mybpc3/Myh6/Nkx2-5/Smad7/Tbx20/Tbx5/Tgfbr3/Tnnc1/Tnni3/Tnnt2/Tpm1",18,"brown","GO_BP",2,"Acvr1/Tgfbr3","GO_BP (todos los genes del módulo)",NA
"Myocytes","GO:0003007","heart morphogenesis","27/516","257/13010",0.105058365758755,2.64885530721202,5.42549022228326,3.82269797370793e-06,0.000222833886498144,0.000212337717405963,"Actc1/Acvr1/Adprhl1/Ankrd1/Asb2/Cav3/Ephb4/Fhl2/Gata4/Gata6/Gng5/Hand2/Mybpc3/Myh6/Nkx2-5/Olfm1/Pim1/Rbm20/Smad7/Tbx20/Tbx5/Tcap/Tgfbr3/Tnnc1/Tnni3/Tnnt2/Tpm1",27,"brown","GO_BP",3,"Acvr1/Ephb4/Tgfbr3","GO_BP (todos los genes del módulo)",NA
"Myocytes","GO:0048644","muscle organ morphogenesis","14/516","83/13010",0.168674698795181,4.2528252545064,6.04153035303224,4.25972579966486e-06,0.000242350507078759,0.000230935044458375,"Actc1/Ankrd1/Gata4/Mybpc3/Myh6/Nkx2-5/Smad7/Tbx20/Tcap/Tgfbr3/Tnnc1/Tnni3/Tnnt2/Tpm1",14,"brown","GO_BP",1,"Tgfbr3","GO_BP (todos los genes del módulo)",NA
"Myocytes","GO:0003208","cardiac ventricle morphogenesis","13/516","72/13010",0.180555555555556,4.55237941429802,6.14254117529007,4.2854272827334e-06,0.000242350507078759,0.000230935044458375,"Gata4/Hand2/Mybpc3/Myh6/Nkx2-5/Smad7/Tbx20/Tbx5/Tgfbr3/Tnnc1/Tnni3/Tnnt2/Tpm1",13,"brown","GO_BP",1,"Tgfbr3","GO_BP (todos los genes del módulo)",NA
"Myocytes","GO:0009150","purine ribonucleotide metabolic process","29/516","291/13010",0.0996563573883162,2.51265350701937,5.30341394572796,4.81839146371858e-06,0.000268483606706319,0.000255837193816637,"Adnp/Ak1/Arl2/Atic/Atp1a2/Eno3/Entpd4/Mfn1/Myh6/Ndufa12/Ndufa3/Ndufa8/Ndufa9/Ndufb3/Ndufb6/Ndufb7/Ndufs1/Ndufs2/Ndufs8/Ndufv2/Nppa/Nudt3/Nudt4/Pgam2/Prkaca/Rhoq/Sdha/Sdhd/Tpi1",29,"brown","GO_BP",1,"Nppa","GO_BP (todos los genes del módulo)",NA
"EndocardialCells","GO:0055010","ventricular cardiac muscle tissue morphogenesis","9/309","52/13010",0.173076923076923,7.28715459297984,7.08547649677758,3.2090812285376e-06,0.000275220940100106,0.000249970537801876,"Bmpr1a/Eng/Foxc1/Myh6/Myl2/Tnnc1/Tnni3/Tnnt2/Zfpm2",9,"brown","GO_BP",2,"Bmpr1a/Eng","GO_BP (todos los genes del módulo)",NA
"SmoothMuscleCells","GO:0030198","extracellular matrix organization","32/546","279/13010",0.114695340501792,2.7329420877808,6.12413069095569,2.33129991933962e-07,0.000276894671750109,0.000258106068252329,"Aebp1/Antxr1/Cflar/Col1a1/Col4a5/Col5a3/Col6a1/Dpt/Ecm2/Emilin1/Ext1/Fap/Fbn1/Fscn1/Hspg2/Lama2/Lamb1/Lrp1/Ltbp4/Matn2/Mmp23/Noxo1/Phldb1/Plod2/Postn/Pxdn/Ramp2/Tgfb1/Tgfbr1/Tnxb/Vtn/Vwa1",32,"brown","GO_BP",7,"Fbn1/Hspg2/Lrp1/Postn/Tgfb1/Tgfbr1/Tnxb","GO_BP (todos los genes del módulo)",NA
"SmoothMuscleCells","GO:0045229","external encapsulating structure organization","32/546","279/13010",0.114695340501792,2.7329420877808,6.12413069095569,2.33129991933962e-07,0.000276894671750109,0.000258106068252329,"Aebp1/Antxr1/Cflar/Col1a1/Col4a5/Col5a3/Col6a1/Dpt/Ecm2/Emilin1/Ext1/Fap/Fbn1/Fscn1/Hspg2/Lama2/Lamb1/Lrp1/Ltbp4/Matn2/Mmp23/Noxo1/Phldb1/Plod2/Postn/Pxdn/Ramp2/Tgfb1/Tgfbr1/Tnxb/Vtn/Vwa1",32,"brown","GO_BP",7,"Fbn1/Hspg2/Lrp1/Postn/Tgfb1/Tgfbr1/Tnxb","GO_BP (todos los genes del módulo)",NA
"SmoothMuscleCells","GO:0043062","extracellular structure organization","32/546","280/13010",0.114285714285714,2.72318158032444,6.10078072114736,2.53045164953264e-07,0.000276894671750109,0.000258106068252329,"Aebp1/Antxr1/Cflar/Col1a1/Col4a5/Col5a3/Col6a1/Dpt/Ecm2/Emilin1/Ext1/Fap/Fbn1/Fscn1/Hspg2/Lama2/Lamb1/Lrp1/Ltbp4/Matn2/Mmp23/Noxo1/Phldb1/Plod2/Postn/Pxdn/Ramp2/Tgfb1/Tgfbr1/Tnxb/Vtn/Vwa1",32,"brown","GO_BP",7,"Fbn1/Hspg2/Lrp1/Postn/Tgfb1/Tgfbr1/Tnxb","GO_BP (todos los genes del módulo)",NA
"EndocardialCells","GO:0055001","muscle cell development","18/309","216/13010",0.0833333333333333,3.50862998921251,5.79885902244807,3.98920511074206e-06,0.000333354345023291,0.000302770439174269,"Actc1/Adprhl1/Bmpr1a/Csrp3/Dmd/Efemp2/Eng/Gata4/Myh6/Myl2/Nppa/Ski/Tbx5/Tcap/Tmod2/Tnnt2/Trip10/Vegfa",18,"brown","GO_BP",4,"Bmpr1a/Eng/Nppa/Vegfa","GO_BP (todos los genes del módulo)",NA
"Myocytes","GO:0072522","purine-containing compound biosynthetic process","23/516","205/13010",0.11219512195122,2.82879561353753,5.36350101756619,6.74079033856872e-06,0.000370157312939665,0.000352721752269881,"Ak1/Atic/Dld/Dlst/Idh2/Ndufa12/Ndufa3/Ndufa8/Ndufa9/Ndufb3/Ndufb6/Ndufb7/Ndufs1/Ndufs2/Ndufs8/Ndufv2/Nppa/Pdha1/Pdhb/Pdk2/Sdha/Sdhd/Vdac1",23,"brown","GO_BP",1,"Nppa","GO_BP (todos los genes del módulo)",NA
"SmoothMuscleCells","GO:1903053","regulation of extracellular matrix organization","13/546","57/13010",0.228070175438596,5.4344193817878,7.0222868680277,4.86783766970827e-07,0.000408047625666125,0.000380359678482474,"Aebp1/Antxr1/Cflar/Col6a1/Emilin1/Fap/Fscn1/Lama2/Lamb1/Lrp1/Tgfb1/Tgfbr1/Tnxb",13,"brown","GO_BP",4,"Lrp1/Tgfb1/Tgfbr1/Tnxb","GO_BP (todos los genes del módulo)",NA
"SmoothMuscleCells","GO:0051145","smooth muscle cell differentiation","14/546","67/13010",0.208955223880597,4.97895139686184,6.83404946710727,5.5935246835658e-07,0.000408047625666125,0.000380359678482474,"Adm/C3/Cfh/Ednrb/Foxo4/Gata6/Pbrm1/Pdgfrb/Ramp2/Rcan1/Sgcb/Smad6/Tbx18/Tgfb1",14,"brown","GO_BP",5,"C3/Cfh/Ednrb/Pdgfrb/Tgfb1","GO_BP (todos los genes del módulo)",NA
"EndocardialCells","GO:0055013","cardiac muscle cell development","12/309","103/13010",0.116504854368932,4.90526911113206,6.20639142531042,5.76835234209193e-06,0.000458513665436039,0.00041644690079493,"Actc1/Adprhl1/Bmpr1a/Csrp3/Gata4/Myh6/Myl2/Nppa/Tbx5/Tcap/Trip10/Vegfa",12,"brown","GO_BP",3,"Bmpr1a/Nppa/Vegfa","GO_BP (todos los genes del módulo)",NA
"Myocytes","GO:0060415","muscle tissue morphogenesis","13/516","77/13010",0.168831168831169,4.25677036142152,5.82477183005016,9.26374445445362e-06,0.000501433253398925,0.000477814187650766,"Actc1/Ankrd1/Mybpc3/Myh6/Nkx2-5/Smad7/Tbx20/Tcap/Tgfbr3/Tnnc1/Tnni3/Tnnt2/Tpm1",13,"brown","GO_BP",1,"Tgfbr3","GO_BP (todos los genes del módulo)",NA
"Myocytes","GO:0006163","purine nucleotide metabolic process","33/516","368/13010",0.0896739130434783,2.26096435793731,4.98671885923512,1.04712353909592e-05,0.000551048762449227,0.000525092651915059,"Adnp/Ak1/Arl2/Atic/Atp1a2/Eno3/Entpd4/Got2/Idh2/Ldhb/Mfn1/Myh6/Ndufa12/Ndufa3/Ndufa8/Ndufa9/Ndufb3/Ndufb6/Ndufb7/Ndufs1/Ndufs2/Ndufs8/Ndufv2/Nppa/Nudt3/Nudt4/Pgam2/Prkaca/Rhoq/Sdha/Sdhd/Slc25a11/Tpi1",33,"brown","GO_BP",1,"Nppa","GO_BP (todos los genes del módulo)",NA
"EndocardialCells","GO:0055002","striated muscle cell development","16/309","183/13010",0.087431693989071,3.68118556245247,5.69733961412407,7.49637320969728e-06,0.000572085052408981,0.000519598574756239,"Actc1/Adprhl1/Bmpr1a/Csrp3/Dmd/Gata4/Myh6/Myl2/Nppa/Ski/Tbx5/Tcap/Tmod2/Tnnt2/Trip10/Vegfa",16,"brown","GO_BP",3,"Bmpr1a/Nppa/Vegfa","GO_BP (todos los genes del módulo)",NA
"EndocardialCells","GO:0001525","angiogenesis","29/309","497/13010",0.0583501006036217,2.45674695421721,5.16492273875679,7.54822253868861e-06,0.000572085052408981,0.000519598574756239,"Amot/Amotl1/Bmpr1a/Cd59a/Cfh/Cgnl1/Creb3l1/Ctnnd1/Cyp1b1/Dcn/Ecscr/Emcn/Eng/Ephb4/Epn1/Foxc1/Gata4/Hand2/Hspg2/Mmrn2/Npr3/Nrp1/Pecam1/Pf4/Plxnd1/Smad5/Stab1/Tie1/Vegfa",29,"brown","GO_BP",13,"Bmpr1a/Cd59a/Cfh/Dcn/Eng/Ephb4/Hspg2/Nrp1/Pecam1/Pf4/Stab1/Tie1/Vegfa","GO_BP (todos los genes del módulo)",NA
"Myocytes","GO:0007517","muscle organ development","29/516","308/13010",0.0941558441558442,2.37396808617739,4.9592043715359,1.44561359182669e-05,0.00071135453239368,0.000677847521526392,"Actc1/Ankrd1/Asb2/Btbd1/Cfl2/Cryab/Csrp3/Des/Etv1/Gata4/Gpc1/Jph2/Lemd3/Mybpc3/Myh6/Myom1/Myoz2/Nkx2-5/Popdc2/Smad7/Smyd1/Tbx20/Tcap/Tgfbr3/Tnnc1/Tnni3/Tnnt2/Tpm1/Vamp5",29,"brown","GO_BP",1,"Tgfbr3","GO_BP (todos los genes del módulo)",NA
"Myocytes","GO:0009259","ribonucleotide metabolic process","29/516","308/13010",0.0941558441558442,2.37396808617739,4.9592043715359,1.44561359182669e-05,0.00071135453239368,0.000677847521526392,"Adnp/Ak1/Arl2/Atic/Atp1a2/Eno3/Entpd4/Mfn1/Myh6/Ndufa12/Ndufa3/Ndufa8/Ndufa9/Ndufb3/Ndufb6/Ndufb7/Ndufs1/Ndufs2/Ndufs8/Ndufv2/Nppa/Nudt3/Nudt4/Pgam2/Prkaca/Rhoq/Sdha/Sdhd/Tpi1",29,"brown","GO_BP",1,"Nppa","GO_BP (todos los genes del módulo)",NA
"EndocardialCells","GO:0055007","cardiac muscle cell differentiation","14/309","147/13010",0.0952380952380952,4.0098628448143,5.72422211193154,1.05565532246755e-05,0.000781904703618582,0.000710168126023628,"Actc1/Adprhl1/Bmpr1a/Csrp3/Gata4/Hand2/Kcnj8/Myh6/Myl2/Nppa/Tbx5/Tcap/Trip10/Vegfa",14,"brown","GO_BP",3,"Bmpr1a/Nppa/Vegfa","GO_BP (todos los genes del módulo)",NA
"EndocardialCells","GO:0030198","extracellular matrix organization","20/309","279/13010",0.0716845878136201,3.01817633480646,5.31510918542223,1.13993885565702e-05,0.000807621897953527,0.000733525872335821,"Ccdc80/Creb3l1/Crispld2/Cyp1b1/Dpt/Efemp2/Eng/Foxc1/Hmcn1/Hspg2/Lamb1/Lamb2/Lamc1/Ltbp4/Mfap4/Nphp3/Phldb2/Prdx4/Smoc1/Tie1",20,"brown","GO_BP",4,"Eng/Hspg2/Lamc1/Tie1","GO_BP (todos los genes del módulo)",NA
"EndocardialCells","GO:0045229","external encapsulating structure organization","20/309","279/13010",0.0716845878136201,3.01817633480646,5.31510918542223,1.13993885565702e-05,0.000807621897953527,0.000733525872335821,"Ccdc80/Creb3l1/Crispld2/Cyp1b1/Dpt/Efemp2/Eng/Foxc1/Hmcn1/Hspg2/Lamb1/Lamb2/Lamc1/Ltbp4/Mfap4/Nphp3/Phldb2/Prdx4/Smoc1/Tie1",20,"brown","GO_BP",4,"Eng/Hspg2/Lamc1/Tie1","GO_BP (todos los genes del módulo)",NA
"EndocardialCells","GO:0043062","extracellular structure organization","20/309","280/13010",0.0714285714285714,3.00739713361073,5.29639481910698,1.20156412543856e-05,0.000833169677617929,0.00075672974708471,"Ccdc80/Creb3l1/Crispld2/Cyp1b1/Dpt/Efemp2/Eng/Foxc1/Hmcn1/Hspg2/Lamb1/Lamb2/Lamc1/Ltbp4/Mfap4/Nphp3/Phldb2/Prdx4/Smoc1/Tie1",20,"brown","GO_BP",4,"Eng/Hspg2/Lamc1/Tie1","GO_BP (todos los genes del módulo)",NA
"EndocardialCells","GO:0055006","cardiac cell development","12/309","112/13010",0.107142857142857,4.51109570041609,5.82066668566758,1.37725422660402e-05,0.000935098234271355,0.00084930677307248,"Actc1/Adprhl1/Bmpr1a/Csrp3/Gata4/Myh6/Myl2/Nppa/Tbx5/Tcap/Trip10/Vegfa",12,"brown","GO_BP",3,"Bmpr1a/Nppa/Vegfa","GO_BP (todos los genes del módulo)",NA
"Myocytes","GO:0009152","purine ribonucleotide biosynthetic process","16/516","120/13010",0.133333333333333,3.36175710594315,5.28196418281942,2.03555459787726e-05,0.000964089546419618,0.000918677930357764,"Ak1/Atic/Ndufa12/Ndufa3/Ndufa8/Ndufa9/Ndufb3/Ndufb6/Ndufb7/Ndufs1/Ndufs2/Ndufs8/Ndufv2/Nppa/Sdha/Sdhd",16,"brown","GO_BP",1,"Nppa","GO_BP (todos los genes del módulo)",NA
"EndocardialCells","GO:0016525","negative regulation of angiogenesis","11/309","95/13010",0.115789473684211,4.87514903764265,5.91269185550496,1.50289502209547e-05,0.000985779228645772,0.000895337992264954,"Amot/Cd59a/Creb3l1/Ctnnd1/Dcn/Ecscr/Epn1/Foxc1/Pf4/Stab1/Tie1",11,"brown","GO_BP",5,"Cd59a/Dcn/Pf4/Stab1/Tie1","GO_BP (todos los genes del módulo)",NA
"EndocardialCells","GO:0006956","complement activation","7/309","35/13010",0.2,8.42071197411003,6.85658955489149,1.51239525720431e-05,0.000985779228645772,0.000895337992264954,"C1qb/C1qc/C4b/Cd59a/Cfh/Cfp/Colec11",7,"brown","GO_BP",4,"C1qb/C4b/Cd59a/Cfh","GO_BP (todos los genes del módulo)",NA
"Myocytes","GO:0019693","ribose phosphate metabolic process","29/516","316/13010",0.0917721518987342,2.31386762829948,4.80498419610488,2.34260537177193e-05,0.00108245509190779,0.00103146809052346,"Adnp/Ak1/Arl2/Atic/Atp1a2/Eno3/Entpd4/Mfn1/Myh6/Ndufa12/Ndufa3/Ndufa8/Ndufa9/Ndufb3/Ndufb6/Ndufb7/Ndufs1/Ndufs2/Ndufs8/Ndufv2/Nppa/Nudt3/Nudt4/Pgam2/Prkaca/Rhoq/Sdha/Sdhd/Tpi1",29,"brown","GO_BP",1,"Nppa","GO_BP (todos los genes del módulo)",NA
"EndothelialCells","GO:0008015","blood circulation","21/197","463/13010",0.0453563714902808,2.99536240146474,5.42090739013019,7.21579262112276e-06,0.00114351324116845,0.00101420863599936,"Actc1/Adra2c/Cacna2d1/Camk2n1/Cav1/Cd36/Comt/Dmd/Fgfbp3/Gsn/Myl7/Nppa/Npr1/Npy1r/Smad6/Smpd3/Svep1/Tgfb1/Thra/Tnni3/Tnnt2",21,"brown","GO_BP",4,"Cd36/Nppa/Npr1/Tgfb1","GO_BP (todos los genes del módulo)",NA
"EndocardialCells","GO:2000181","negative regulation of blood vessel morphogenesis","11/309","97/13010",0.11340206185567,4.77463050078404,5.82008027817583,1.83554831553496e-05,0.00117295136477028,0.00106533784587911,"Amot/Cd59a/Creb3l1/Ctnnd1/Dcn/Ecscr/Epn1/Foxc1/Pf4/Stab1/Tie1",11,"brown","GO_BP",5,"Cd59a/Dcn/Pf4/Stab1/Tie1","GO_BP (todos los genes del módulo)",NA
"Myocytes","GO:0006457","protein folding","19/516","164/13010",0.115853658536585,2.92103894876158,5.03118390322989,2.69629441936949e-05,0.00123087464517964,0.00117289662123492,"Arl2/Bag1/Cd74/Cryab/Dnaja2/Fkbp4/Hspa9/Hspb2/Hspd1/Mettl21a/Mkks/Nppa/Pdcd5/Pfdn1/Pfdn2/Pfdn5/Sh3glb1/Snrnp70/Tbca",19,"brown","GO_BP",1,"Nppa","GO_BP (todos los genes del módulo)",NA
"Leukocytes","GO:0006754","ATP biosynthetic process","10/300","69/13010",0.144927536231884,6.28502415458937,6.76234637782199,3.73580415474427e-06,0.00123950303785879,0.00118619661233345,"Fam3a/Ndufa1/Ndufa11/Ndufa13/Ndufa2/Ndufa5/Ndufb2/Ndufc1/Ndufv3/Tgfb1",10,"brown","GO_BP",1,"Tgfb1","GO_BP (todos los genes del módulo)",NA
"EndocardialCells","GO:1901343","negative regulation of vasculature development","11/309","98/13010",0.112244897959184,4.72590978138828,5.77471895084256,2.02455786317705e-05,0.00126885270694116,0.00115244062980848,"Amot/Cd59a/Creb3l1/Ctnnd1/Dcn/Ecscr/Epn1/Foxc1/Pf4/Stab1/Tie1",11,"brown","GO_BP",5,"Cd59a/Dcn/Pf4/Stab1/Tie1","GO_BP (todos los genes del módulo)",NA
"Myocytes","GO:0008016","regulation of heart contraction","20/516","179/13010",0.111731843575419,2.81711489324845,4.97478948573586,2.83501831960858e-05,0.00127879576345201,0.00121856050579667,"Adm/Atp1a2/Cav3/Csrp3/Gata4/Gnao1/Mybpc3/Myh6/Myl4/Nkx2-5/Nppa/Pln/Popdc2/Rangrf/Smad7/Tbx5/Tmem65/Tnni3/Tnnt2/Tpm1",20,"brown","GO_BP",1,"Nppa","GO_BP (todos los genes del módulo)",NA
"EndocardialCells","GO:0060976","coronary vasculature development","9/309","65/13010",0.138461538461538,5.82972367438387,6.08849807994913,2.12723407588217e-05,0.00130804827420755,0.00118804016313419,"Abcc9/Ap2b1/Gata4/Hand2/Kcnj8/Nrp1/Plxnd1/Vegfa/Zfpm2",9,"brown","GO_BP",2,"Nrp1/Vegfa","GO_BP (todos los genes del módulo)",NA
"SmoothMuscleCells","GO:0085029","extracellular matrix assembly","11/546","46/13010",0.239130434782609,5.69796145883102,6.6804914466165,2.25282762722311e-06,0.00140866093205079,0.0013130766741529,"Antxr1/Col6a1/Emilin1/Fbn1/Lamb1/Ltbp4/Pxdn/Ramp2/Tgfb1/Tgfbr1/Tnxb",11,"brown","GO_BP",4,"Fbn1/Tgfb1/Tgfbr1/Tnxb","GO_BP (todos los genes del módulo)",NA
"SmoothMuscleCells","GO:0042692","muscle cell differentiation","41/546","451/13010",0.0909090909090909,2.16616716616717,5.2754694001983,2.60082334552339e-06,0.00142297547291948,0.00132641990621693,"Adm/C3/Cfh/Cflar/Col6a1/Dmd/Ednrb/Fbxo22/Foxo4/Gata6/Hand2/Ift20/Kat2a/Kcnj8/Lama2/Lamb1/Nebl/Nppa/Pbrm1/Pdgfrb/Pld3/Ramp2/Rcan1/Rora/Rpl11/Rpl23/Rpl27a/Rpl30/Rpl36a/Rpl37/Rpl38/Rpl39/Rpl41/Rplp2/Sgcb/Smad6/Tbx18/Tcap/Tgfb1/Tmod3/Uchl1",41,"brown","GO_BP",6,"C3/Cfh/Ednrb/Nppa/Pdgfrb/Tgfb1","GO_BP (todos los genes del módulo)",NA
"EndothelialCells","GO:0006959","humoral immune response","11/197","141/13010",0.0780141843971631,5.15210425891925,6.1466015736571,9.61585879840421e-06,0.00144766754209975,0.00128397019850271,"C1qa/C1qc/C4b/Ccl6/Ccl7/Fau/Il1b/Pf4/Ppbp/Rpl39/S100a9",11,"brown","GO_BP",4,"C4b/Ccl6/Il1b/Pf4","GO_BP (todos los genes del módulo)",NA
"Myocytes","GO:0003229","ventricular cardiac muscle tissue development","11/516","64/13010",0.171875,4.33351501937984,5.43276173681008,3.79048902736691e-05,0.00161372617131384,0.00153771464977747,"Gata4/Mybpc3/Myh6/Nkx2-5/Smad7/Tbx5/Tgfbr3/Tnnc1/Tnni3/Tnnt2/Tpm1",11,"brown","GO_BP",1,"Tgfbr3","GO_BP (todos los genes del módulo)",NA
"EndocardialCells","GO:0008217","regulation of blood pressure","14/309","160/13010",0.0875,3.68406148867314,5.3282320043042,2.76600847633564e-05,0.00166933733784775,0.00151618242406546,"Abcc9/Camk2n1/Ece1/Eng/F2r/Kcnj8/Lrp5/Myh6/Nisch/Nppa/Npr3/Ptgs1/Rps6ka2/Tnni3",14,"brown","GO_BP",5,"Ece1/Eng/F2r/Lrp5/Nppa","GO_BP (todos los genes del módulo)",NA
"Leukocytes","GO:0009142","nucleoside triphosphate biosynthetic process","11/300","90/13010",0.122222222222222,5.30037037037037,6.28934860960574,6.72468953902571e-06,0.00177066248400654,0.00169451286197959,"Cmpk2/Fam3a/Ndufa1/Ndufa11/Ndufa13/Ndufa2/Ndufa5/Ndufb2/Ndufc1/Ndufv3/Tgfb1",11,"brown","GO_BP",1,"Tgfb1","GO_BP (todos los genes del módulo)",NA
"Myocytes","GO:0003205","cardiac chamber development","19/516","170/13010",0.111764705882353,2.81794345645235,4.84862254915927,4.45485611611655e-05,0.00185488459604018,0.00176751376266972,"Acvr1/Adprhl1/Cav3/Fhl2/Gata4/Gata6/Hand2/Mybpc3/Myh6/Nkx2-5/Smad7/Tbx20/Tbx5/Tgfbr3/Tmem65/Tnnc1/Tnni3/Tnnt2/Tpm1",19,"brown","GO_BP",2,"Acvr1/Tgfbr3","GO_BP (todos los genes del módulo)",NA
"SmoothMuscleCells","GO:0035886","vascular associated smooth muscle cell differentiation","9/546","32/13010",0.28125,6.70157967032967,6.75858623614955,4.46272742439893e-06,0.00195333579365941,0.00182079278915476,"Adm/C3/Cfh/Gata6/Pbrm1/Pdgfrb/Ramp2/Sgcb/Smad6",9,"brown","GO_BP",3,"C3/Cfh/Pdgfrb","GO_BP (todos los genes del módulo)",NA
"EndocardialCells","GO:0031589","cell-substrate adhesion","21/309","329/13010",0.0638297872340425,2.68746126833299,4.83545392752724,3.93282948338848e-05,0.00233038023388419,0.00211657732196907,"Acer2/Ccdc80/Cgnl1/Dbn1/Dmd/Efemp2/Fndc3b/Kank1/Lamb1/Lamb2/Lamc1/Nid2/Nrp1/Pecam1/Phldb2/Ppm1f/Smoc1/Taok2/Tiam1/Vegfa/Vwf",21,"brown","GO_BP",5,"Lamc1/Nrp1/Pecam1/Vegfa/Vwf","GO_BP (todos los genes del módulo)",NA
"EndothelialCells","GO:0003013","circulatory system process","21/197","489/13010",0.0429447852760736,2.83609977889197,5.13169524311426,1.65144925711539e-05,0.00236786367294021,0.00210011366681791,"Actc1/Adra2c/Cacna2d1/Camk2n1/Cav1/Cd36/Comt/Dmd/Fgfbp3/Gsn/Myl7/Nppa/Npr1/Npy1r/Smad6/Smpd3/Svep1/Tgfb1/Thra/Tnni3/Tnnt2",21,"brown","GO_BP",4,"Cd36/Nppa/Npr1/Tgfb1","GO_BP (todos los genes del módulo)",NA
"SmoothMuscleCells","GO:0071560","cellular response to transforming growth factor beta stimulus","26/546","235/13010",0.11063829787234,2.63627152988855,5.29783476340044,6.17751841487604e-06,0.0024580907365375,0.00229129773933584,"Appl2/Brms1/Cflar/Cldn5/Col1a1/Dbn1/Emilin1/Fbn1/Fermt2/Fut8/Fyn/Htra3/Itgb5/Lrp1/Ltbp4/Pdgfd/Ptprk/Pxn/Smad1/Smad5/Smad6/Spry1/Tgfb1/Tgfb3/Tgfbr1/Zfp36l2",26,"brown","GO_BP",8,"Cldn5/Fbn1/Itgb5/Lrp1/Ptprk/Tgfb1/Tgfb3/Tgfbr1","GO_BP (todos los genes del módulo)",NA
"Myocytes","GO:0003209","cardiac atrium morphogenesis","7/516","27/13010",0.259259259259259,6.5367499282228,5.85255251183836,6.58837726738242e-05,0.00262772225959074,0.00250394836865614,"Acvr1/Gata4/Myh6/Nkx2-5/Tbx20/Tbx5/Tnnt2",7,"brown","GO_BP",1,"Acvr1","GO_BP (todos los genes del módulo)",NA
"Leukocytes","GO:0009206","purine ribonucleoside triphosphate biosynthetic process","10/300","79/13010",0.126582278481013,5.48945147679325,6.14894460647781,1.29164149856928e-05,0.00275072032650072,0.00263242205392938,"Fam3a/Ndufa1/Ndufa11/Ndufa13/Ndufa2/Ndufa5/Ndufb2/Ndufc1/Ndufv3/Tgfb1",10,"brown","GO_BP",1,"Tgfb1","GO_BP (todos los genes del módulo)",NA
"Leukocytes","GO:0009165","nucleotide biosynthetic process","15/300","176/13010",0.0852272727272727,3.69602272727273,5.53233760121112,1.38457128949373e-05,0.00275072032650072,0.00263242205392938,"Cmpk2/Fam3a/Ndufa1/Ndufa11/Ndufa13/Ndufa2/Ndufa5/Ndufb2/Ndufc1/Ndufv3/Nppb/Npr1/Oasl2/Rrm2b/Tgfb1",15,"brown","GO_BP",3,"Nppb/Npr1/Tgfb1","GO_BP (todos los genes del módulo)",NA
"Leukocytes","GO:0009145","purine nucleoside triphosphate biosynthetic process","10/300","80/13010",0.125,5.42083333333333,6.09339991497289,1.44647869929924e-05,0.00275072032650072,0.00263242205392938,"Fam3a/Ndufa1/Ndufa11/Ndufa13/Ndufa2/Ndufa5/Ndufb2/Ndufc1/Ndufv3/Tgfb1",10,"brown","GO_BP",1,"Tgfb1","GO_BP (todos los genes del módulo)",NA
"EndocardialCells","GO:0090257","regulation of muscle system process","17/309","236/13010",0.0720338983050847,3.03288354999726,4.91572167805855,4.89635192620809e-05,0.00275124326336417,0.00249882787958206,"Agrn/Dbn1/Dmd/Ece1/F2r/Gata4/Gsn/Hand2/Nppa/Npr3/Ptgs1/Rem1/Sln/Tnnc1/Tnni3/Tnnt2/Trip10",17,"brown","GO_BP",3,"Ece1/F2r/Nppa","GO_BP (todos los genes del módulo)",NA
"Myocytes","GO:0009117","nucleotide metabolic process","33/516","405/13010",0.0814814814814815,2.05440712029859,4.38087108487049,7.20010731414476e-05,0.00284179235555151,0.00270793509731541,"Adnp/Ak1/Arl2/Atic/Atp1a2/Eno3/Entpd4/Got2/Idh2/Ldhb/Mfn1/Myh6/Ndufa12/Ndufa3/Ndufa8/Ndufa9/Ndufb3/Ndufb6/Ndufb7/Ndufs1/Ndufs2/Ndufs8/Ndufv2/Nppa/Nudt3/Nudt4/Pgam2/Prkaca/Rhoq/Sdha/Sdhd/Slc25a11/Tpi1",33,"brown","GO_BP",1,"Nppa","GO_BP (todos los genes del módulo)",NA
"Fibroblasts","GO:0071731","response to nitric oxide","5/226","21/13010",0.238095238095238,13.7062789717657,7.74788151506862,2.45382888397553e-05,0.00284266638405166,0.00258595813157422,"Aqp1/Ccl19/Dpep1/Egln1/Mb",5,"brown","GO_BP",1,"Ccl19","GO_BP (todos los genes del módulo)",NA
"EndocardialCells","GO:0048844","artery morphogenesis","9/309","73/13010",0.123287671232877,5.19084984705413,5.60052809760894,5.47114573995316e-05,0.00298802485819077,0.00271388572575781,"Bmpr1a/Efemp2/Eng/Ephb4/Foxc1/Hand2/Nrp1/Pkd2/Vegfa",9,"brown","GO_BP",5,"Bmpr1a/Eng/Ephb4/Nrp1/Vegfa","GO_BP (todos los genes del módulo)",NA
"EndocardialCells","GO:0003279","cardiac septum development","11/309","109/13010",0.100917431192661,4.24898310620231,5.31289524600707,5.50111971437393e-05,0.00298802485819077,0.00271388572575781,"Ap2b1/Bmpr1a/Eng/Gata4/Kcnj8/Nphp3/Nrp1/Plxnd1/Sav1/Tbx5/Zfpm2",11,"brown","GO_BP",3,"Bmpr1a/Eng/Nrp1","GO_BP (todos los genes del módulo)",NA
"Leukocytes","GO:0042692","muscle cell differentiation","26/300","451/13010",0.057649667405765,2.50007390983001,4.9811911435779,1.67544239673427e-05,0.00301844174948496,0.00288862977209809,"Actc1/Akap6/Cav2/Cfl2/Csrp3/Cxcl12/Dysf/Foxo4/Myh10/Myh6/Myoz2/Notch4/Pi16/Ramp2/Rpl35a/Rpl36a/Rpl37/Rpl37a/Rpl38/Rpl39/Rxra/Sema4c/Tanc1/Tcap/Tgfb1/Zeb1",26,"brown","GO_BP",2,"Cxcl12/Tgfb1","GO_BP (todos los genes del módulo)",NA
"Fibroblasts","GO:0030198","extracellular matrix organization","16/226","279/13010",0.0573476702508961,3.30129730072636,5.16638023343349,2.95861637901078e-05,0.0031025128588807,0.00282233905489147,"Ccdc80/Col15a1/Dpt/Fbln5/Hspg2/Kazald1/Lamc1/Loxl1/Mmp23/Pdgfra/Phldb1/Pparg/Tcf15/Tgfb1/Tie1/Tnxb",16,"brown","GO_BP",6,"Hspg2/Lamc1/Pdgfra/Tgfb1/Tie1/Tnxb","GO_BP (todos los genes del módulo)",NA
"Fibroblasts","GO:0045229","external encapsulating structure organization","16/226","279/13010",0.0573476702508961,3.30129730072636,5.16638023343349,2.95861637901078e-05,0.0031025128588807,0.00282233905489147,"Ccdc80/Col15a1/Dpt/Fbln5/Hspg2/Kazald1/Lamc1/Loxl1/Mmp23/Pdgfra/Phldb1/Pparg/Tcf15/Tgfb1/Tie1/Tnxb",16,"brown","GO_BP",6,"Hspg2/Lamc1/Pdgfra/Tgfb1/Tie1/Tnxb","GO_BP (todos los genes del módulo)",NA
"Fibroblasts","GO:0007178","cell surface receptor protein serine/threonine kinase signaling pathway","17/226","311/13010",0.0546623794212219,3.14671485075264,5.09462930104844,3.06914407091521e-05,0.0031025128588807,0.00282233905489147,"Atoh8/Cav3/Chrd/Cytl1/Ddx5/Fstl1/Htra3/Inhbb/Kdr/Ltbp3/Peg10/Pelo/Pparg/Sost/Tgfb1/Twsg1/Zeb1",17,"brown","GO_BP",3,"Inhbb/Kdr/Tgfb1","GO_BP (todos los genes del módulo)",NA
"Fibroblasts","GO:0043062","extracellular structure organization","16/226","280/13010",0.0571428571428571,3.28950695322377,5.14931637866863,3.09015224988117e-05,0.0031025128588807,0.00282233905489147,"Ccdc80/Col15a1/Dpt/Fbln5/Hspg2/Kazald1/Lamc1/Loxl1/Mmp23/Pdgfra/Phldb1/Pparg/Tcf15/Tgfb1/Tie1/Tnxb",16,"brown","GO_BP",6,"Hspg2/Lamc1/Pdgfra/Tgfb1/Tie1/Tnxb","GO_BP (todos los genes del módulo)",NA
"Myocytes","GO:0009260","ribonucleotide biosynthetic process","16/516","134/13010",0.119402985074627,3.01052875159088,4.75409942530441,7.99808919333061e-05,0.00312420205706492,0.00297704242356202,"Ak1/Atic/Ndufa12/Ndufa3/Ndufa8/Ndufa9/Ndufb3/Ndufb6/Ndufb7/Ndufs1/Ndufs2/Ndufs8/Ndufv2/Nppa/Sdha/Sdhd",16,"brown","GO_BP",1,"Nppa","GO_BP (todos los genes del módulo)",NA
"EndocardialCells","GO:0061299","retina vasculature morphogenesis in camera-type eye","4/309","10/13010",0.4,16.8414239482201,7.8163640589927,5.85357538655802e-05,0.0031273446204578,0.00284042346626422,"Arhgef15/Cyp1b1/Lrp5/Nrp1",4,"brown","GO_BP",2,"Lrp5/Nrp1","GO_BP (todos los genes del módulo)",NA
"EndocardialCells","GO:0060840","artery development","11/309","110/13010",0.1,4.21035598705502,5.27396105784994,5.98522798310094e-05,0.00314610612853644,0.00285746368225464,"Ap2b1/Bmpr1a/Efemp2/Eng/Ephb4/Foxc1/Hand2/Nrp1/Pkd2/Plxnd1/Vegfa",11,"brown","GO_BP",5,"Bmpr1a/Eng/Ephb4/Nrp1/Vegfa","GO_BP (todos los genes del módulo)",NA
"Leukocytes","GO:0009201","ribonucleoside triphosphate biosynthetic process","10/300","83/13010",0.120481927710843,5.22489959839357,5.93220804393457,2.01056208527424e-05,0.00321744266698239,0.00307907239868051,"Fam3a/Ndufa1/Ndufa11/Ndufa13/Ndufa2/Ndufa5/Ndufb2/Ndufc1/Ndufv3/Tgfb1",10,"brown","GO_BP",1,"Tgfb1","GO_BP (todos los genes del módulo)",NA
"Leukocytes","GO:0048644","muscle organ morphogenesis","10/300","83/13010",0.120481927710843,5.22489959839357,5.93220804393457,2.01056208527424e-05,0.00321744266698239,0.00307907239868051,"Actc1/Dll4/Myh6/Rxra/Tbx20/Tcap/Tcf15/Tgfb1/Tnnc1/Tnni3",10,"brown","GO_BP",1,"Tgfb1","GO_BP (todos los genes del módulo)",NA
"Leukocytes","GO:0009152","purine ribonucleotide biosynthetic process","12/300","120/13010",0.1,4.33666666666667,5.64139872483753,2.07366828170141e-05,0.00321744266698239,0.00307907239868051,"Fam3a/Ndufa1/Ndufa11/Ndufa13/Ndufa2/Ndufa5/Ndufb2/Ndufc1/Ndufv3/Nppb/Npr1/Tgfb1",12,"brown","GO_BP",3,"Nppb/Npr1/Tgfb1","GO_BP (todos los genes del módulo)",NA
"Leukocytes","GO:0055008","cardiac muscle tissue morphogenesis","9/300","67/13010",0.134328358208955,5.82537313432836,6.08359979520011,2.16188084547459e-05,0.00321744266698239,0.00307907239868051,"Actc1/Dll4/Myh6/Rxra/Tbx20/Tcap/Tgfb1/Tnnc1/Tnni3",9,"brown","GO_BP",1,"Tgfb1","GO_BP (todos los genes del módulo)",NA
"Myocytes","GO:0006164","purine nucleotide biosynthetic process","17/516","149/13010",0.114093959731544,2.87667134904532,4.68209310632064,8.58701524261697e-05,0.00328648492467431,0.00313168126338928,"Ak1/Atic/Idh2/Ndufa12/Ndufa3/Ndufa8/Ndufa9/Ndufb3/Ndufb6/Ndufb7/Ndufs1/Ndufs2/Ndufs8/Ndufv2/Nppa/Sdha/Sdhd",17,"brown","GO_BP",1,"Nppa","GO_BP (todos los genes del módulo)",NA
"SmoothMuscleCells","GO:0071559","response to transforming growth factor beta","26/546","244/13010",0.10655737704918,2.53903200624512,5.07930980538151,1.2175178195848e-05,0.00409928884332513,0.00382113284915845,"Appl2/Brms1/Cflar/Cldn5/Col1a1/Dbn1/Emilin1/Fbn1/Fermt2/Fut8/Fyn/Htra3/Itgb5/Lrp1/Ltbp4/Pdgfd/Ptprk/Pxn/Smad1/Smad5/Smad6/Spry1/Tgfb1/Tgfb3/Tgfbr1/Zfp36l2",26,"brown","GO_BP",8,"Cldn5/Fbn1/Itgb5/Lrp1/Ptprk/Tgfb1/Tgfb3/Tgfbr1","GO_BP (todos los genes del módulo)",NA
"Fibroblasts","GO:0141091","transforming growth factor beta receptor superfamily signaling pathway","16/226","291/13010",0.0549828178694158,3.16516132956239,4.96653005694021,4.91763253504348e-05,0.00462872162360967,0.00421072285813098,"Cav3/Chrd/Cytl1/Ddx5/Fstl1/Htra3/Inhbb/Kdr/Ltbp3/Peg10/Pelo/Pparg/Sost/Tgfb1/Twsg1/Zeb1",16,"brown","GO_BP",3,"Inhbb/Kdr/Tgfb1","GO_BP (todos los genes del módulo)",NA
"EndocardialCells","GO:0008016","regulation of heart contraction","14/309","179/13010",0.0782122905027933,3.29301585579722,4.81820816618532,9.47252954999295e-05,0.00482358965678547,0.00438104491687174,"Abcc9/Agrn/Csrp3/Dmd/Gata4/Kcnj5/Kcnj8/Myh6/Myl2/Myl4/Nppa/Tbx5/Tnni3/Tnnt2",14,"brown","GO_BP",1,"Nppa","GO_BP (todos los genes del módulo)",NA
"Fibroblasts","GO:0008015","blood circulation","21/226","463/13010",0.0453563714902808,2.61100173932988,4.69309506207821,5.75684947705274e-05,0.00509989136025966,0.00463934340209544,"Adcy6/Ank2/Cav3/F2r/Fxyd1/Gnao1/Gsn/Kdr/Myl4/Myl7/Npff/Nppa/Pde2a/Pparg/Rarres2/Sod3/Tgfb1/Tjp1/Tnnc1/Tnni3/Tnnt2",21,"brown","GO_BP",4,"F2r/Kdr/Nppa/Tgfb1","GO_BP (todos los genes del módulo)",NA
"SmoothMuscleCells","GO:0030199","collagen fibril organization","12/546","66/13010",0.181818181818182,4.33233433233433,5.68035974769468,1.63843895576663e-05,0.00512246236385038,0.00477487924251988,"Aebp1/Col1a1/Col4a5/Col5a3/Col6a1/Dpt/Emilin1/Ext1/Plod2/Pxdn/Tgfbr1/Tnxb",12,"brown","GO_BP",2,"Tgfbr1/Tnxb","GO_BP (todos los genes del módulo)",NA
"Myocytes","GO:0060413","atrial septum morphogenesis","5/516","14/13010",0.357142857142857,9.0047065337763,6.08976645978402,0.000143079747342166,0.00531499179097518,0.00506463914740589,"Acvr1/Gata4/Nkx2-5/Tbx20/Tbx5",5,"brown","GO_BP",1,"Acvr1","GO_BP (todos los genes del módulo)",NA
"EndocardialCells","GO:0035051","cardiocyte differentiation","14/309","181/13010",0.0773480662983425,3.25662894026355,4.7685383190048,0.000106696378876804,0.00534959228860777,0.00485878894577447,"Actc1/Adprhl1/Bmpr1a/Csrp3/Gata4/Hand2/Kcnj8/Myh6/Myl2/Nppa/Tbx5/Tcap/Trip10/Vegfa",14,"brown","GO_BP",3,"Bmpr1a/Nppa/Vegfa","GO_BP (todos los genes del módulo)",NA
"Myocytes","GO:0046390","ribose phosphate biosynthetic process","16/516","141/13010",0.113475177304965,2.86106987739843,4.51539650597142,0.00014686407461426,0.00540260173508187,0.0051481223906685,"Ak1/Atic/Ndufa12/Ndufa3/Ndufa8/Ndufa9/Ndufb3/Ndufb6/Ndufb7/Ndufs1/Ndufs2/Ndufs8/Ndufv2/Nppa/Sdha/Sdhd",16,"brown","GO_BP",1,"Nppa","GO_BP (todos los genes del módulo)",NA
"SmoothMuscleCells","GO:0002181","cytoplasmic translation","23/546","207/13010",0.111111111111111,2.64753764753765,5.00096949417767,1.96739149317929e-05,0.00543399586992565,0.00506527373755921,"Eif3e/Fau/Ltn1/Pelo/Plxnb2/Rpl11/Rpl22/Rpl22l1/Rpl23/Rpl27a/Rpl30/Rpl36a/Rpl37/Rpl38/Rpl39/Rpl41/Rplp2/Rps15a/Rps16/Rps21/Rps27a/Rps29/Trip4",23,"brown","GO_BP",1,"Plxnb2","GO_BP (todos los genes del módulo)",NA
"Leukocytes","GO:0015980","energy derivation by oxidation of organic compounds","22/300","365/13010",0.0602739726027397,2.61388127853881,4.80472358691693,3.91407680043124e-05,0.00556161582599239,0.0053224313699858,"Cd36/Cox4i2/Cox6a2/Cox6c/Cox7a1/Cox7c/Cox8b/Mrps36/Ndufa1/Ndufa11/Ndufa13/Ndufa2/Ndufa5/Ndufb2/Ndufc1/Ndufv3/Pdp1/Pygm/Uqcr11/Uqcrb/Uqcrh/Uqcrq",22,"brown","GO_BP",1,"Cd36","GO_BP (todos los genes del módulo)",NA
"Leukocytes","GO:0006164","purine nucleotide biosynthetic process","13/300","149/13010",0.087248322147651,3.78366890380313,5.25028830348263,4.0619455346132e-05,0.00556161582599239,0.0053224313699858,"Fam3a/Ndufa1/Ndufa11/Ndufa13/Ndufa2/Ndufa5/Ndufb2/Ndufc1/Ndufv3/Nppb/Npr1/Oasl2/Tgfb1",13,"brown","GO_BP",3,"Nppb/Npr1/Tgfb1","GO_BP (todos los genes del módulo)",NA
"Fibroblasts","GO:1901342","regulation of vasculature development","15/226","267/13010",0.0561797752808989,3.23406582479865,4.90409133099374,6.65314445620872e-05,0.00572550602917162,0.0052084616600034,"Aqp1/Ccl24/Csprs/Cx3cr1/Dcn/Egln1/Fbln5/Foxo4/Kdr/Pf4/Pparg/Rapgef3/Tgfb1/Tie1/Tjp1",15,"brown","GO_BP",5,"Dcn/Kdr/Pf4/Tgfb1/Tie1","GO_BP (todos los genes del módulo)",NA
"Myocytes","GO:0003231","cardiac ventricle development","15/516","128/13010",0.1171875,2.95466933139535,4.51629906987294,0.000164010048810429,0.00597413327031664,0.00569273301306721,"Acvr1/Gata4/Hand2/Mybpc3/Myh6/Nkx2-5/Smad7/Tbx20/Tbx5/Tgfbr3/Tmem65/Tnnc1/Tnni3/Tnnt2/Tpm1",15,"brown","GO_BP",2,"Acvr1/Tgfbr3","GO_BP (todos los genes del módulo)",NA
"Myocytes","GO:1901293","nucleoside phosphate biosynthetic process","23/516","251/13010",0.0916334661354582,2.31037091942308,4.2600906966701,0.000165553970277975,0.00597413327031664,0.00569273301306721,"Ak1/Atic/Dld/Dlst/Idh2/Ndufa12/Ndufa3/Ndufa8/Ndufa9/Ndufb3/Ndufb6/Ndufb7/Ndufs1/Ndufs2/Ndufs8/Ndufv2/Nppa/Pdha1/Pdhb/Pdk2/Sdha/Sdhd/Vdac1",23,"brown","GO_BP",1,"Nppa","GO_BP (todos los genes del módulo)",NA
"Leukocytes","GO:1901342","regulation of vasculature development","18/300","267/13010",0.0674157303370786,2.92359550561798,4.87914080886391,4.77782978750006e-05,0.00629019667792797,0.00601967866344137,"Aqp1/Ccl24/Cd36/Cdh5/Col4a2/Csprs/Cxcl12/Dcn/Ecscr/Emilin1/Epn1/Foxo4/Notch4/Pik3r6/Ramp2/Rhob/Tgfb1/Tlr3",18,"brown","GO_BP",5,"Cd36/Cdh5/Cxcl12/Dcn/Tgfb1","GO_BP (todos los genes del módulo)",NA
"SmoothMuscleCells","GO:0032963","collagen metabolic process","15/546","104/13010",0.144230769230769,3.43670752324598,5.22172265923134,2.74804819488701e-05,0.00633063523632655,0.00590107191323106,"Col1a1/Col6a1/Ctsk/Cygb/Emilin1/F2r/Fap/Mmp23/Mrc2/Pdgfrb/Plod2/Tgfb1/Tgfb3/Tnfrsf12a/Tnxb",15,"brown","GO_BP",5,"F2r/Pdgfrb/Tgfb1/Tgfb3/Tnxb","GO_BP (todos los genes del módulo)",NA
"EndocardialCells","GO:0003230","cardiac atrium development","6/309","34/13010",0.176470588235294,7.43003997715591,5.85551302935222,0.000131219207600952,0.00636814147703393,0.00578389038724162,"Eng/Gata4/Myh6/Nphp3/Tbx5/Tnnt2",6,"brown","GO_BP",1,"Eng","GO_BP (todos los genes del módulo)",NA
"Myocytes","GO:0055010","ventricular cardiac muscle tissue morphogenesis","9/516","52/13010",0.173076923076923,4.36381932021467,4.93925446929264,0.000181677618531025,0.00643342520200051,0.00613039086631989,"Mybpc3/Myh6/Nkx2-5/Smad7/Tgfbr3/Tnnc1/Tnni3/Tnnt2/Tpm1",9,"brown","GO_BP",1,"Tgfbr3","GO_BP (todos los genes del módulo)",NA
"Myocytes","GO:0008015","blood circulation","35/516","463/13010",0.0755939524838013,1.90596380196561,4.03392155974713,0.000193335043523276,0.0067828377769416,0.00646334502226936,"Actc1/Adm/Atp1a2/Camk2d/Camk2n1/Cav3/Cd36/Csrp3/Gata4/Gata6/Gnao1/Mkks/Mybpc3/Myh6/Myl1/Myl4/Myl7/Nkx2-5/Nppa/Pln/Popdc2/Rangrf/Sgcg/Smad7/Tbx20/Tbx5/Tcap/Tgfbr3/Tmem65/Tnnc1/Tnni3/Tnnt2/Tpm1/Trdn/Wnk1",35,"brown","GO_BP",3,"Cd36/Nppa/Tgfbr3","GO_BP (todos los genes del módulo)",NA
"Fibroblasts","GO:0030510","regulation of BMP signaling pathway","8/226","82/13010",0.0975609756097561,5.61623138355277,5.57534336483584,8.64795293084599e-05,0.00703990114262382,0.00640415973797785,"Chrd/Fstl1/Htra3/Kdr/Pelo/Pparg/Sost/Twsg1",8,"brown","GO_BP",1,"Kdr","GO_BP (todos los genes del módulo)",NA
"EndocardialCells","GO:1903522","regulation of blood circulation","16/309","235/13010",0.0680851063829787,2.86662535288852,4.50394289479076,0.000157389781982821,0.00743381593452193,0.00675179354592971,"Abcc9/Agrn/Csrp3/Dmd/F2r/Gata4/Kcnj5/Kcnj8/Myh6/Myl2/Myl4/Nppa/Ptgs1/Tbx5/Tnni3/Tnnt2",16,"brown","GO_BP",2,"F2r/Nppa","GO_BP (todos los genes del módulo)",NA
"EndothelialCells","GO:0061844","antimicrobial humoral immune response mediated by antimicrobial peptide","7/197","65/13010",0.107692307692308,7.11206559937524,6.12524288573651,5.43472788988474e-05,0.00743816621656498,0.00659708356776918,"Ccl6/Ccl7/Fau/Pf4/Ppbp/Rpl39/S100a9",7,"brown","GO_BP",2,"Ccl6/Pf4","GO_BP (todos los genes del módulo)",NA
"EndocardialCells","GO:0045765","regulation of angiogenesis","17/309","260/13010",0.0653846153846154,2.75292506845905,4.45325097882595,0.000160838486318321,0.00748818038444868,0.00680117027860328,"Amot/Cd59a/Creb3l1/Ctnnd1/Cyp1b1/Dcn/Ecscr/Eng/Epn1/Foxc1/Gata4/Nrp1/Pf4/Plxnd1/Stab1/Tie1/Vegfa",17,"brown","GO_BP",8,"Cd59a/Dcn/Eng/Nrp1/Pf4/Stab1/Tie1/Vegfa","GO_BP (todos los genes del módulo)",NA
"SmoothMuscleCells","GO:0032835","glomerulus development","12/546","71/13010",0.169014084507042,4.02724036526853,5.35322233905684,3.51986403912024e-05,0.00759078317217734,0.00707571289524413,"Angpt2/Cd34/Cfh/Cflar/Ednrb/Enpep/Ext1/Heyl/Pdgfd/Pdgfrb/Tcf21/Tek",12,"brown","GO_BP",5,"Angpt2/Cfh/Ednrb/Pdgfrb/Tek","GO_BP (todos los genes del módulo)",NA
"SmoothMuscleCells","GO:0061437","renal system vasculature development","8/546","32/13010",0.25,5.95695970695971,5.87592239093779,3.93739663521174e-05,0.00759078317217734,0.00707571289524413,"Angpt2/Cd34/Cflar/Pdgfd/Pdgfrb/Pkd2/Tcf21/Tek",8,"brown","GO_BP",3,"Angpt2/Pdgfrb/Tek","GO_BP (todos los genes del módulo)",NA
"SmoothMuscleCells","GO:0061440","kidney vasculature development","8/546","32/13010",0.25,5.95695970695971,5.87592239093779,3.93739663521174e-05,0.00759078317217734,0.00707571289524413,"Angpt2/Cd34/Cflar/Pdgfd/Pdgfrb/Pkd2/Tcf21/Tek",8,"brown","GO_BP",3,"Angpt2/Pdgfrb/Tek","GO_BP (todos los genes del módulo)",NA
"Leukocytes","GO:0009260","ribonucleotide biosynthetic process","12/300","134/13010",0.0895522388059701,3.88358208955224,5.15470770031052,6.22103438842963e-05,0.00760521453985522,0.00727814248751617,"Fam3a/Ndufa1/Ndufa11/Ndufa13/Ndufa2/Ndufa5/Ndufb2/Ndufc1/Ndufv3/Nppb/Npr1/Tgfb1",12,"brown","GO_BP",3,"Nppb/Npr1/Tgfb1","GO_BP (todos los genes del módulo)",NA
"Leukocytes","GO:0060415","muscle tissue morphogenesis","9/300","77/13010",0.116883116883117,5.06883116883117,5.50142507301243,6.66856519976352e-05,0.00787120644096225,0.00753269506412489,"Actc1/Dll4/Myh6/Rxra/Tbx20/Tcap/Tgfb1/Tnnc1/Tnni3",9,"brown","GO_BP",1,"Tgfb1","GO_BP (todos los genes del módulo)",NA
"EndocardialCells","GO:0003151","outflow tract morphogenesis","9/309","85/13010",0.105882352941176,4.45802398629355,4.98889572788042,0.000180928842295512,0.00830488869071935,0.00754294891823544,"Bmpr1a/Eng/Foxc1/Gata4/Hand2/Nrp1/Plxnd1/Vegfa/Zfpm2",9,"brown","GO_BP",4,"Bmpr1a/Eng/Nrp1/Vegfa","GO_BP (todos los genes del módulo)",NA
"EndocardialCells","GO:0071526","semaphorin-plexin signaling pathway","7/309","51/13010",0.137254901960784,5.77891998223238,5.33348822307321,0.000188108150873097,0.00851450644021422,0.00773333509144956,"Ece1/Hand2/Nrp1/Plxnd1/Sema4c/Sema6d/Tyrobp",7,"brown","GO_BP",2,"Ece1/Nrp1","GO_BP (todos los genes del módulo)",NA
"Fibroblasts","GO:0090092","regulation of transmembrane receptor protein serine/threonine kinase signaling pathway","13/226","219/13010",0.0593607305936073,3.417181880632,4.79647221984858,0.000118145669828905,0.00931085356831136,0.00847003279454619,"Atoh8/Cav3/Chrd/Fstl1/Htra3/Kdr/Peg10/Pelo/Pparg/Sost/Tgfb1/Twsg1/Zeb1",13,"brown","GO_BP",2,"Kdr/Tgfb1","GO_BP (todos los genes del módulo)",NA
"Fibroblasts","GO:0048738","cardiac muscle tissue development","14/226","250/13010",0.056,3.22371681415929,4.72027110257229,0.000120558860944271,0.00931085356831136,0.00847003279454619,"Cav3/Egln1/Hspg2/Igf1/Jph2/Myl7/Nppa/Pdgfra/Sav1/Tgfb1/Tnnc1/Tnni3/Tnnt2/Xirp1",14,"brown","GO_BP",4,"Hspg2/Nppa/Pdgfra/Tgfb1","GO_BP (todos los genes del módulo)",NA
"Fibroblasts","GO:0003013","circulatory system process","21/226","489/13010",0.0429447852760736,2.47217547098105,4.41201819281959,0.000124636030895857,0.00938509312645802,0.0085375681163662,"Adcy6/Ank2/Cav3/F2r/Fxyd1/Gnao1/Gsn/Kdr/Myl4/Myl7/Npff/Nppa/Pde2a/Pparg/Rarres2/Sod3/Tgfb1/Tjp1/Tnnc1/Tnni3/Tnnt2",21,"brown","GO_BP",4,"F2r/Kdr/Nppa/Tgfb1","GO_BP (todos los genes del módulo)",NA
"EndocardialCells","GO:1901342","regulation of vasculature development","17/309","267/13010",0.0636704119850187,2.68075100299383,4.32818092572805,0.000220721446073109,0.00985385195551046,0.00894980110104663,"Amot/Cd59a/Creb3l1/Ctnnd1/Cyp1b1/Dcn/Ecscr/Eng/Epn1/Foxc1/Gata4/Nrp1/Pf4/Plxnd1/Stab1/Tie1/Vegfa",17,"brown","GO_BP",8,"Cd59a/Dcn/Eng/Nrp1/Pf4/Stab1/Tie1/Vegfa","GO_BP (todos los genes del módulo)",NA
"Leukocytes","GO:0003012","muscle system process","24/300","442/13010",0.0542986425339367,2.35475113122172,4.45192029060404,9.16221896580369e-05,0.00985642948516662,0.00943254103290082,"Actc1/Akap6/Cav1/Csrp3/Grcc10/Kcna5/Mb/Myh6/Myoz2/Nppb/Pi16/Pln/Rpl35a/Rpl36a/Rpl37/Rpl37a/Rpl38/Rpl39/Sln/Sulf2/Tbx20/Tcap/Tnnc1/Tnni3",24,"brown","GO_BP",1,"Nppb","GO_BP (todos los genes del módulo)",NA
"Leukocytes","GO:0007517","muscle organ development","19/300","308/13010",0.0616883116883117,2.67521645021645,4.5710928399229,9.75595253151234e-05,0.0100570934487136,0.00962457518409423,"Actc1/Cav1/Cav2/Cfl2/Cryab/Csrp3/Dll4/Foxo4/Heyl/Myh6/Myoz2/Rxra/Tbx20/Tcap/Tcf15/Tgfb1/Tnnc1/Tnni3/Unc45b",19,"brown","GO_BP",1,"Tgfb1","GO_BP (todos los genes del módulo)",NA
"Leukocytes","GO:0046390","ribose phosphate biosynthetic process","12/300","141/13010",0.0851063829787234,3.69078014184397,4.9354320693625,0.000101926689028515,0.0100570934487136,0.00962457518409423,"Fam3a/Ndufa1/Ndufa11/Ndufa13/Ndufa2/Ndufa5/Ndufb2/Ndufc1/Ndufv3/Nppb/Npr1/Tgfb1",12,"brown","GO_BP",3,"Nppb/Npr1/Tgfb1","GO_BP (todos los genes del módulo)",NA
"SmoothMuscleCells","GO:1901342","regulation of vasculature development","26/546","267/13010",0.0973782771535581,2.3203138933476,4.56232837394446,5.80564857480659e-05,0.0105880515883035,0.0098696025771712,"Adm/Angpt2/C3/Cd34/Cldn5/Dcn/Ecscr/Emilin1/Foxo4/Fyn/Gata2/Gata6/Itga5/Mdk/Mtdh/Pf4/Ppp1r16b/Pxn/Ramp2/Rtn4/Smad1/Tcf4/Tek/Tgfb1/Tgfbr1/Tnfrsf12a",26,"brown","GO_BP",10,"Angpt2/C3/Cldn5/Dcn/Itga5/Pf4/Rtn4/Tek/Tgfb1/Tgfbr1","GO_BP (todos los genes del módulo)",NA
"Myocytes","GO:0003230","cardiac atrium development","7/516","34/13010",0.205882352941176,5.19094847241222,4.97253007102276,0.000313675556341674,0.0108046971179873,0.0102957622799229,"Acvr1/Gata4/Myh6/Nkx2-5/Tbx20/Tbx5/Tnnt2",7,"brown","GO_BP",1,"Acvr1","GO_BP (todos los genes del módulo)",NA
"EndocardialCells","GO:0061298","retina vasculature development in camera-type eye","5/309","25/13010",0.2,8.42071197411003,5.79264403241285,0.000262987463852271,0.0115821100634399,0.0105194985540909,"Arhgef15/Cgnl1/Cyp1b1/Lrp5/Nrp1",5,"brown","GO_BP",2,"Lrp5/Nrp1","GO_BP (todos los genes del módulo)",NA
"Fibroblasts","GO:0045765","regulation of angiogenesis","14/226","260/13010",0.0538461538461538,3.0997277059224,4.54712984499154,0.000181808412238181,0.0133562667722293,0.0121501231593321,"Aqp1/Ccl24/Csprs/Cx3cr1/Dcn/Egln1/Fbln5/Foxo4/Kdr/Pf4/Pparg/Rapgef3/Tie1/Tjp1",14,"brown","GO_BP",4,"Dcn/Kdr/Pf4/Tie1","GO_BP (todos los genes del módulo)",NA
"EndothelialCells","GO:0048738","cardiac muscle tissue development","13/197","250/13010",0.052,3.4341116751269,4.81853284261222,0.000112115277148022,0.0146773521518562,0.0130176868706879,"Actc1/Akap1/Hand2/Hspg2/Meis1/Myl7/Nog/Nppa/S1pr1/Tgfb1/Tnni3/Tnnt2/Trip10",13,"brown","GO_BP",3,"Hspg2/Nppa/Tgfb1","GO_BP (todos los genes del módulo)",NA
"EndocardialCells","GO:0003183","mitral valve morphogenesis","4/309","15/13010",0.266666666666667,11.22761596548,6.18178844725256,0.000346303719642063,0.0148500502935985,0.0134876185544804,"Bmpr1a/Dchs1/Gata4/Zfpm2",4,"brown","GO_BP",1,"Bmpr1a","GO_BP (todos los genes del módulo)",NA
"EndocardialCells","GO:0003300","cardiac muscle hypertrophy","10/309","113/13010",0.0884955752212389,3.72597874960621,4.53941173816483,0.000353584652174422,0.0149653556030707,0.0135923450706012,"Csrp3/Ece1/Gata4/Gsn/Hand2/Myh6/Nppa/Tcap/Tiam1/Trip10",10,"brown","GO_BP",2,"Ece1/Nppa","GO_BP (todos los genes del módulo)",NA
"SmoothMuscleCells","GO:0007179","transforming growth factor beta receptor signaling pathway","20/546","183/13010",0.109289617486339,2.60413539102064,4.5739727826645,8.54826246494459e-05,0.014966297923625,0.0139507643427896,"Appl2/Brms1/Cldn5/Emilin1/Fbn1/Fermt2/Fut8/Htra3/Itgb5/Lrp1/Ltbp4/Ptprk/Pxn/Smad1/Smad5/Smad6/Spry1/Tgfb1/Tgfb3/Tgfbr1",20,"brown","GO_BP",8,"Cldn5/Fbn1/Itgb5/Lrp1/Ptprk/Tgfb1/Tgfb3/Tgfbr1","GO_BP (todos los genes del módulo)",NA
"Leukocytes","GO:0051146","striated muscle cell differentiation","20/300","348/13010",0.0574712643678161,2.49233716475096,4.33526082150814,0.000167810127583517,0.0151161596504837,0.0144660697240971,"Actc1/Akap6/Cav2/Cfl2/Csrp3/Cxcl12/Myh10/Myh6/Myoz2/Pi16/Rpl35a/Rpl36a/Rpl37/Rpl37a/Rpl38/Rpl39/Rxra/Tanc1/Tcap/Tgfb1",20,"brown","GO_BP",2,"Cxcl12/Tgfb1","GO_BP (todos los genes del módulo)",NA
"EndocardialCells","GO:0003181","atrioventricular valve morphogenesis","5/309","27/13010",0.185185185185185,7.79695553158336,5.51430801072631,0.000384352319077719,0.0156575525984286,0.0142210358058756,"Bmpr1a/Dchs1/Gata4/Tbx5/Zfpm2",5,"brown","GO_BP",1,"Bmpr1a","GO_BP (todos los genes del módulo)",NA
"EndocardialCells","GO:0003209","cardiac atrium morphogenesis","5/309","27/13010",0.185185185185185,7.79695553158336,5.51430801072631,0.000384352319077719,0.0156575525984286,0.0142210358058756,"Eng/Gata4/Myh6/Tbx5/Tnnt2",5,"brown","GO_BP",1,"Eng","GO_BP (todos los genes del módulo)",NA
"EndocardialCells","GO:1903909","regulation of receptor clustering","5/309","27/13010",0.185185185185185,7.79695553158336,5.51430801072631,0.000384352319077719,0.0156575525984286,0.0142210358058756,"Agrn/Dlg4/Gsn/Lamb1/Lamc1",5,"brown","GO_BP",1,"Lamc1","GO_BP (todos los genes del módulo)",NA
"SmoothMuscleCells","GO:0007389","pattern specification process","31/546","356/13010",0.0870786516853933,2.07489607770507,4.30394903592937,9.83859396615596e-05,0.0165628945345633,0.0154390243776601,"Apc2/Bcor/Bhlhe40/C3/Chsy1/Ddit3/Dvl2/Efnb1/Ext1/Gli3/Hand2/Heyl/Ifitm1/Ift172/Ift74/Kat2a/Mapk8/Mical2/Mllt3/Pcgf2/Pkd2/Psen2/Smad1/Smad5/Smad6/Snai1/Spry1/Tbx18/Tbx20/Tcap/Tgfbr1",31,"brown","GO_BP",3,"C3/Efnb1/Tgfbr1","GO_BP (todos los genes del módulo)",NA
"EndocardialCells","GO:0007517","muscle organ development","18/309","308/13010",0.0584415584415584,2.46059765477241,4.0462446815586,0.000412884003328313,0.0166122094672466,0.0150881067882939,"Abcc9/Actc1/Bmpr1a/Csrp3/Ddx5/Dmd/Efemp2/Eng/Foxc1/Gata4/Myh6/Myl2/Ski/Tcap/Tnnc1/Tnni3/Tnnt2/Zfpm2",18,"brown","GO_BP",2,"Bmpr1a/Eng","GO_BP (todos los genes del módulo)",NA
"Leukocytes","GO:0006091","generation of precursor metabolites and energy","22/300","407/13010",0.0540540540540541,2.34414414414414,4.23268442154213,0.000191960911269916,0.0168482615199211,0.0161236803204312,"Cd36/Cox4i2/Cox6a2/Cox6c/Cox7a1/Cox7c/Cox8b/Mrps36/Ndufa1/Ndufa11/Ndufa13/Ndufa2/Ndufa5/Ndufb2/Ndufc1/Ndufv3/Pdp1/Pygm/Uqcr11/Uqcrb/Uqcrh/Uqcrq",22,"brown","GO_BP",1,"Cd36","GO_BP (todos los genes del módulo)",NA
"EndocardialCells","GO:0014897","striated muscle hypertrophy","10/309","116/13010",0.0862068965517241,3.62961723021984,4.43720952885456,0.000436421133648941,0.0171361021031554,0.0155639344048297,"Csrp3/Ece1/Gata4/Gsn/Hand2/Myh6/Nppa/Tcap/Tiam1/Trip10",10,"brown","GO_BP",2,"Ece1/Nppa","GO_BP (todos los genes del módulo)",NA
"EndocardialCells","GO:0060419","heart growth","10/309","116/13010",0.0862068965517241,3.62961723021984,4.43720952885456,0.000436421133648941,0.0171361021031554,0.0155639344048297,"Adprhl1/Bmpr1a/Foxc1/Gata4/Myh6/Nppa/Sav1/Tbx5/Trip10/Zfpm2",10,"brown","GO_BP",2,"Bmpr1a/Nppa","GO_BP (todos los genes del módulo)",NA
"Myocytes","GO:0003013","circulatory system process","35/516","489/13010",0.0715746421267894,1.80462421331304,3.68573474048775,0.000536076577811566,0.0175102944252416,0.0166855050988537,"Actc1/Adm/Atp1a2/Camk2d/Camk2n1/Cav3/Cd36/Csrp3/Gata4/Gata6/Gnao1/Mkks/Mybpc3/Myh6/Myl1/Myl4/Myl7/Nkx2-5/Nppa/Pln/Popdc2/Rangrf/Sgcg/Smad7/Tbx20/Tbx5/Tcap/Tgfbr3/Tmem65/Tnnc1/Tnni3/Tnnt2/Tpm1/Trdn/Wnk1",35,"brown","GO_BP",3,"Cd36/Nppa/Tgfbr3","GO_BP (todos los genes del módulo)",NA
"EndocardialCells","GO:0060977","coronary vasculature morphogenesis","5/309","28/13010",0.178571428571429,7.51849283402681,5.38564402242748,0.000458898386679088,0.0178041647879423,0.016170705054406,"Gata4/Hand2/Nrp1/Vegfa/Zfpm2",5,"brown","GO_BP",2,"Nrp1/Vegfa","GO_BP (todos los genes del módulo)",NA
"EndocardialCells","GO:0014896","muscle hypertrophy","10/309","117/13010",0.0854700854700855,3.59859486073078,4.4038929470553,0.000467381270698421,0.0179199477788959,0.0162758654266744,"Csrp3/Ece1/Gata4/Gsn/Hand2/Myh6/Nppa/Tcap/Tiam1/Trip10",10,"brown","GO_BP",2,"Ece1/Nppa","GO_BP (todos los genes del módulo)",NA
"Fibroblasts","GO:0060348","bone development","12/226","206/13010",0.058252427184466,3.35338087464559,4.52684675302236,0.000256768588083246,0.0179857438908543,0.016361533287165,"Bgn/Cfh/Fbln5/Hoxb4/Hspg2/Igf1/Kdr/Ltbp3/Ogn/P2rx5/Tgfb1/Ttc9",12,"brown","GO_BP",5,"Bgn/Cfh/Hspg2/Kdr/Tgfb1","GO_BP (todos los genes del módulo)",NA
"Fibroblasts","GO:0001936","regulation of endothelial cell proliferation","9/226","122/13010",0.0737704918032787,4.24669955026839,4.79040296996944,0.000273690403584675,0.0187353521726601,0.0170434478595912,"Atoh8/Ccl24/Egfl7/Hspg2/Igf1/Kdr/Mmrn2/Pparg/Tie1",9,"brown","GO_BP",3,"Hspg2/Kdr/Tie1","GO_BP (todos los genes del módulo)",NA
"Leukocytes","GO:0048738","cardiac muscle tissue development","16/300","250/13010",0.064,2.77546666666667,4.35478781600296,0.000228049189435133,0.0195153093859115,0.0186760283558457,"Actc1/Akap6/Csrp3/Dll4/Hspg2/Myh10/Myh6/Pi16/Pln/Rxra/Sav1/Tbx20/Tcap/Tgfb1/Tnnc1/Tnni3",16,"brown","GO_BP",2,"Hspg2/Tgfb1","GO_BP (todos los genes del módulo)",NA
"EndocardialCells","GO:0061564","axon development","23/309","454/13010",0.0506607929515418,2.13299972912479,3.83278375823186,0.000531282057318581,0.0196755480091052,0.0178703964734432,"Ablim1/Agrn/Dbn1/Ece1/Eif4g2/Kremen1/Lamb1/Lamb2/Lamc1/Nrp1/Ntn1/Plxnd1/Raph1/Rpl24/Ryk/Sema4c/Sema6d/Stxbp1/Taok2/Tfap4/Tiam1/Tspan2/Vegfa",23,"brown","GO_BP",4,"Ece1/Lamc1/Nrp1/Vegfa","GO_BP (todos los genes del módulo)",NA
"Leukocytes","GO:1901293","nucleoside phosphate biosynthetic process","16/300","251/13010",0.0637450199203187,2.76440903054449,4.33648274696996,0.000238596230977401,0.0197341053113381,0.0188854146805308,"Cmpk2/Fam3a/Ndufa1/Ndufa11/Ndufa13/Ndufa2/Ndufa5/Ndufb2/Ndufc1/Ndufv3/Nppb/Npr1/Oasl2/Pdp1/Rrm2b/Tgfb1",16,"brown","GO_BP",3,"Nppb/Npr1/Tgfb1","GO_BP (todos los genes del módulo)",NA
"Leukocytes","GO:0003208","cardiac ventricle morphogenesis","8/300","72/13010",0.111111111111111,4.81851851851852,4.99157251687621,0.000242136261488811,0.0197341053113381,0.0188854146805308,"Dll4/Heyl/Myh6/Rxra/Tbx20/Tgfb1/Tnnc1/Tnni3",8,"brown","GO_BP",1,"Tgfb1","GO_BP (todos los genes del módulo)",NA
"Myocytes","GO:0009165","nucleotide biosynthetic process","17/516","176/13010",0.0965909090909091,2.43536381254405,3.89612934382417,0.000632381018391454,0.0199007112144193,0.0189633258227995,"Ak1/Atic/Idh2/Ndufa12/Ndufa3/Ndufa8/Ndufa9/Ndufb3/Ndufb6/Ndufb7/Ndufs1/Ndufs2/Ndufs8/Ndufv2/Nppa/Sdha/Sdhd",17,"brown","GO_BP",1,"Nppa","GO_BP (todos los genes del módulo)",NA
"EndocardialCells","GO:0003174","mitral valve development","4/309","17/13010",0.235294117647059,9.90671996954121,5.73151955074102,0.000581560546536863,0.0206011502300395,0.0187110784537947,"Bmpr1a/Dchs1/Gata4/Zfpm2",4,"brown","GO_BP",1,"Bmpr1a","GO_BP (todos los genes del módulo)",NA
"EndocardialCells","GO:0003215","cardiac right ventricle morphogenesis","4/309","17/13010",0.235294117647059,9.90671996954121,5.73151955074102,0.000581560546536863,0.0206011502300395,0.0187110784537947,"Bmpr1a/Gata4/Hand2/Zfpm2",4,"brown","GO_BP",1,"Bmpr1a","GO_BP (todos los genes del módulo)",NA
"EndocardialCells","GO:0003228","atrial cardiac muscle tissue development","4/309","17/13010",0.235294117647059,9.90671996954121,5.73151955074102,0.000581560546536863,0.0206011502300395,0.0187110784537947,"Eng/Myh6/Tbx5/Tnnt2",4,"brown","GO_BP",1,"Eng","GO_BP (todos los genes del módulo)",NA
"EndocardialCells","GO:0060973","cell migration involved in heart development","4/309","17/13010",0.235294117647059,9.90671996954121,5.73151955074102,0.000581560546536863,0.0206011502300395,0.0187110784537947,"Dchs1/Eng/Hand2/Nrp1",4,"brown","GO_BP",2,"Eng/Nrp1","GO_BP (todos los genes del módulo)",NA
"Myocytes","GO:0060419","heart growth","13/516","116/13010",0.112068965517241,2.82561480887463,4.01365804238381,0.000678893325010426,0.0206052735534985,0.019634701084441,"Adprhl1/Camk2d/Cav3/Gata4/Gata6/Myh6/Nkx2-5/Nppa/Pdlim5/Pim1/Tbx20/Tbx5/Tgfbr3",13,"brown","GO_BP",2,"Nppa/Tgfbr3","GO_BP (todos los genes del módulo)",NA
"SmoothMuscleCells","GO:0031589","cell-substrate adhesion","29/546","329/13010",0.088145896656535,2.10032621886725,4.2308947069103,0.000132889350269602,0.0207734530760731,0.0193638767535705,"Acer2/Angpt2/Antxr1/Cd34/Col1a1/Col5a3/Dbn1/Dmd/Ecm2/Efna5/Emilin1/Fermt2/Fndc3b/Itga5/Itga9/Itgb5/Lamb1/Lrp1/Mdk/Postn/Ppm1f/Prkx/Ptprk/Pxn/Smad6/Tek/Tnfrsf12a/Tnxb/Vtn",29,"brown","GO_BP",9,"Angpt2/Itga5/Itga9/Itgb5/Lrp1/Postn/Ptprk/Tek/Tnxb","GO_BP (todos los genes del módulo)",NA
"EndothelialCells","GO:0014706","striated muscle tissue development","17/197","410/13010",0.0414634146341463,2.73826915934134,4.43458861371404,0.000166592642167321,0.0209004352319084,0.0185370847885304,"Actc1/Akap1/Casq1/Cav1/Cav2/Dmd/Hand2/Hspg2/Meis1/Myl7/Nog/Nppa/S1pr1/Tgfb1/Tnni3/Tnnt2/Trip10",17,"brown","GO_BP",3,"Hspg2/Nppa/Tgfb1","GO_BP (todos los genes del módulo)",NA
"EndocardialCells","GO:0032970","regulation of actin filament-based process","19/309","347/13010",0.0547550432276657,2.30538224075059,3.844292040979,0.000640936546449974,0.0222214064348986,0.0201826827392758,"Arhgef15/Cdc42ep2/Cgnl1/Csrp3/Dbn1/Fchsd1/Gata4/Gsn/Inppl1/Kank1/Nrp1/Pecam1/Phldb2/Ppm1f/Rdx/Taok2/Tmod2/Tnnc1/Tnnt2",19,"brown","GO_BP",2,"Nrp1/Pecam1","GO_BP (todos los genes del módulo)",NA
"Leukocytes","GO:0098868","bone growth","3/23","34/13010",0.0882352941176471,49.9104859335038,12.0171773983334,2.78675230988626e-05,0.022516958663881,0.0182458940710448,"Carm1/Kdr/Lepr",3,"darkorange","GO_BP",1,"Kdr","GO_BP (todos los genes del módulo)",NA
"Leukocytes","GO:0072522","purine-containing compound biosynthetic process","14/300","205/13010",0.0682926829268293,2.96162601626016,4.34923786906347,0.000289145391416328,0.0230173180190254,0.022027428594556,"Fam3a/Ndufa1/Ndufa11/Ndufa13/Ndufa2/Ndufa5/Ndufb2/Ndufc1/Ndufv3/Nppb/Npr1/Oasl2/Pdp1/Tgfb1",14,"brown","GO_BP",3,"Nppb/Npr1/Tgfb1","GO_BP (todos los genes del módulo)",NA
"Myocytes","GO:0014888","striated muscle adaptation","8/516","51/13010",0.156862745098039,3.95500835993312,4.29688879207566,0.000820443672875718,0.0232964199147106,0.0221990860822763,"Asb2/Gata4/Gata6/Myh6/Myoz2/Nppa/Tcap/Tnnc1",8,"brown","GO_BP",1,"Nppa","GO_BP (todos los genes del módulo)",NA
"Myocytes","GO:0060045","positive regulation of cardiac muscle cell proliferation","6/516","29/13010",0.206896551724138,5.21651964715317,4.61950146457885,0.000823890279380107,0.0232964199147106,0.0221990860822763,"Gata4/Gata6/Pim1/Tbx20/Tbx5/Tgfbr3",6,"brown","GO_BP",1,"Tgfbr3","GO_BP (todos los genes del módulo)",NA
"EndocardialCells","GO:0006937","regulation of muscle contraction","11/309","145/13010",0.0758620689655172,3.19406316259346,4.14391148558582,0.000681892199938784,0.0233924913642158,0.0212463253875663,"Agrn/Dbn1/Dmd/F2r/Gata4/Nppa/Ptgs1/Rem1/Tnnc1/Tnni3/Tnnt2",11,"brown","GO_BP",2,"F2r/Nppa","GO_BP (todos los genes del módulo)",NA
"EndocardialCells","GO:0085029","extracellular matrix assembly","6/309","46/13010",0.130434782608696,5.49176867876741,4.76002272025269,0.000719678504634833,0.0242643577919624,0.0220382016152834,"Efemp2/Lamb1/Lamb2/Ltbp4/Mfap4/Tie1",6,"brown","GO_BP",1,"Tie1","GO_BP (todos los genes del módulo)",NA
"EndocardialCells","GO:0060041","retina development in camera-type eye","11/309","146/13010",0.0753424657534247,3.17218601764419,4.11687484609703,0.000722197823203544,0.0242643577919624,0.0220382016152834,"Arhgef15/Cfh/Cgnl1/Cyp1b1/Lamb2/Lrp5/Mdm1/Nrp1/Pfdn5/Rpl24/Ski",11,"brown","GO_BP",3,"Cfh/Lrp5/Nrp1","GO_BP (todos los genes del módulo)",NA
"SmoothMuscleCells","GO:0007422","peripheral nervous system development","11/546","71/13010",0.154929577464789,3.69163700149616,4.75975792684141,0.000167179480059213,0.0243914861406392,0.0227364092880529,"Arhgef10/Col6a1/Dmd/Ednrb/Hand2/Heyl/Map2k1/Ndrg1/Pard3/Pi4ka/Sirt2",11,"brown","GO_BP",1,"Ednrb","GO_BP (todos los genes del módulo)",NA
"EndothelialCells","GO:0019730","antimicrobial humoral response","7/197","80/13010",0.0875,5.77855329949239,5.31583904034404,0.000204857315520634,0.0246730150813052,0.0218830740831936,"Ccl6/Ccl7/Fau/Pf4/Ppbp/Rpl39/S100a9",7,"brown","GO_BP",2,"Ccl6/Pf4","GO_BP (todos los genes del módulo)",NA
"Fibroblasts","GO:0001501","skeletal system development","19/226","458/13010",0.0414847161572052,2.38812458940372,4.02112447095177,0.000405671027286884,0.0257889234019695,0.0234600432009949,"Bgn/Cfh/Chrd/Cytl1/Fbln5/Hoxb4/Hspg2/Igf1/Kdr/Ltbp3/Lum/Ogn/P2rx5/Pdgfra/Rpl38/Tcf15/Tgfb1/Ttc9/Zeb1",19,"brown","GO_BP",6,"Bgn/Cfh/Hspg2/Kdr/Pdgfra/Tgfb1","GO_BP (todos los genes del módulo)",NA
"Fibroblasts","GO:0001525","angiogenesis","20/226","497/13010",0.0402414486921529,2.3165541924111,3.97904644003859,0.000422384844772578,0.0257889234019695,0.0234600432009949,"Aqp1/Ccl24/Cfh/Csprs/Cx3cr1/Dcn/Egfl7/Egln1/Fbln5/Foxo4/Hspg2/Kdr/Mmrn2/Pdgfra/Pf4/Pparg/Rapgef3/Tgfb1/Tie1/Tjp1",20,"brown","GO_BP",8,"Cfh/Dcn/Hspg2/Kdr/Pdgfra/Pf4/Tgfb1/Tie1","GO_BP (todos los genes del módulo)",NA
"Fibroblasts","GO:0060047","heart contraction","12/226","218/13010",0.055045871559633,3.16879110172932,4.293579805231,0.000429996194315188,0.0257889234019695,0.0234600432009949,"Ank2/Cav3/Fxyd1/Gnao1/Gsn/Myl4/Myl7/Npff/Nppa/Tnnc1/Tnni3/Tnnt2",12,"brown","GO_BP",1,"Nppa","GO_BP (todos los genes del módulo)",NA
"Fibroblasts","GO:0001654","eye development","16/226","352/13010",0.0454545454545455,2.61665325824618,4.08835371945571,0.000436665037682751,0.0257889234019695,0.0234600432009949,"Aqp1/Bak1/Cfh/Inhbb/Kdr/Mfap2/Mfap5/Nes/Pbx2/Pdgfra/Pfdn5/Rpgrip1/Rpl24/Tgfb1/Twsg1/Zeb1",16,"brown","GO_BP",5,"Cfh/Inhbb/Kdr/Pdgfra/Tgfb1","GO_BP (todos los genes del módulo)",NA
"Fibroblasts","GO:1903053","regulation of extracellular matrix organization","6/226","57/13010",0.105263157894737,6.05961807172799,5.08994132067321,0.000445385887662544,0.0257981210315304,0.0234684102345264,"Lamc1/Pparg/Tcf15/Tgfb1/Tie1/Tnxb",6,"brown","GO_BP",4,"Lamc1/Tgfb1/Tie1/Tnxb","GO_BP (todos los genes del módulo)",NA
"SmoothMuscleCells","GO:0072124","regulation of glomerular mesangial cell proliferation","4/184","11/13010",0.363636363636364,25.7114624505929,9.82030710461633,1.18254737367064e-05,0.025918859262717,0.0237468362360702,"C3ar1/Il6ra/Pdgfb/Wt1",4,"darkorange","GO_BP",2,"C3ar1/Pdgfb","GO_BP (todos los genes del módulo)",NA
"SmoothMuscleCells","GO:0072110","glomerular mesangial cell proliferation","4/184","12/13010",0.333333333333333,23.5688405797101,9.36799943941234,1.75423751355107e-05,0.025918859262717,0.0237468362360702,"C3ar1/Il6ra/Pdgfb/Wt1",4,"darkorange","GO_BP",2,"C3ar1/Pdgfb","GO_BP (todos los genes del módulo)",NA
"Fibroblasts","GO:0060048","cardiac muscle contraction","9/226","131/13010",0.0687022900763359,3.9549415658988,4.51945710490961,0.000463756658390936,0.0262389430386234,0.0238694236141528,"Ank2/Cav3/Fxyd1/Gsn/Myl4/Nppa/Tnnc1/Tnni3/Tnnt2",9,"brown","GO_BP",1,"Nppa","GO_BP (todos los genes del módulo)",NA
"Fibroblasts","GO:0019730","antimicrobial humoral response","7/226","80/13010",0.0875,5.03705752212389,4.81563391065318,0.00047123773759813,0.0262389430386234,0.0238694236141528,"Ccl19/Ccl24/Colec11/Fau/Pf4/Rarres2/Rpl39",7,"brown","GO_BP",2,"Ccl19/Pf4","GO_BP (todos los genes del módulo)",NA
"Fibroblasts","GO:0150063","visual system development","16/226","355/13010",0.0450704225352113,2.59454069550044,4.05006044519009,0.000479130765977519,0.0262389430386234,0.0238694236141528,"Aqp1/Bak1/Cfh/Inhbb/Kdr/Mfap2/Mfap5/Nes/Pbx2/Pdgfra/Pfdn5/Rpgrip1/Rpl24/Tgfb1/Twsg1/Zeb1",16,"brown","GO_BP",5,"Cfh/Inhbb/Kdr/Pdgfra/Tgfb1","GO_BP (todos los genes del módulo)",NA
"Leukocytes","GO:0001935","endothelial cell proliferation","11/300","138/13010",0.0797101449275362,3.45676328502415,4.45748253033708,0.000349648852761003,0.026356407560854,0.0252229162874602,"Cav1/Cav2/Ccl24/Cxcl12/Dll4/Dysf/Egfl7/Flt4/Hspg2/Nppb/Thap1",11,"brown","GO_BP",3,"Cxcl12/Hspg2/Nppb","GO_BP (todos los genes del módulo)",NA
"Leukocytes","GO:1904018","positive regulation of vasculature development","12/300","161/13010",0.0745341614906832,3.23229813664596,4.37865047530966,0.00035379881921719,0.026356407560854,0.0252229162874602,"Aqp1/Ccl24/Cd36/Cdh5/Cxcl12/Emilin1/Notch4/Pik3r6/Ramp2/Rhob/Tgfb1/Tlr3",12,"brown","GO_BP",4,"Cd36/Cdh5/Cxcl12/Tgfb1","GO_BP (todos los genes del módulo)",NA
"Leukocytes","GO:0045765","regulation of angiogenesis","16/300","260/13010",0.0615384615384615,2.66871794871795,4.1756522931233,0.000354190694653603,0.026356407560854,0.0252229162874602,"Aqp1/Ccl24/Cd36/Cdh5/Col4a2/Csprs/Dcn/Ecscr/Emilin1/Epn1/Foxo4/Notch4/Pik3r6/Ramp2/Rhob/Tlr3",16,"brown","GO_BP",3,"Cd36/Cdh5/Dcn","GO_BP (todos los genes del módulo)",NA
"SmoothMuscleCells","GO:0003013","circulatory system process","38/546","489/13010",0.0777096114519427,1.85165209705087,4.01778506399798,0.000186696248610642,0.0263603058118962,0.0245716353010135,"Abcc9/Adcy6/Adm/Aoc3/Atp1a2/Cldn5/Dmd/Ednrb/Emilin1/Enpep/Ext1/F2r/Fbn1/Fermt2/Fli1/Fxyd1/Fyn/Gata6/Itga9/Kat2b/Kcnj8/Lrp1/Map2k1/Myl7/Nppa/Plvap/Postn/Psen2/Ramp2/Rarres2/Slc23a2/Smad5/Smad6/Tbx18/Tbx20/Tcap/Tgfb1/Tmem161b",38,"brown","GO_BP",9,"Cldn5/Ednrb/F2r/Fbn1/Itga9/Lrp1/Nppa/Postn/Tgfb1","GO_BP (todos los genes del módulo)",NA
"Fibroblasts","GO:0030509","BMP signaling pathway","9/226","132/13010",0.0681818181818182,3.92497988736927,4.49084881581205,0.000490315394930994,0.0263719637416456,0.0239904318234094,"Chrd/Ddx5/Fstl1/Htra3/Kdr/Pelo/Pparg/Sost/Twsg1",9,"brown","GO_BP",1,"Kdr","GO_BP (todos los genes del módulo)",NA
"SmoothMuscleCells","GO:0072012","glomerulus vasculature development","7/546","30/13010",0.233333333333333,5.55982905982906,5.23312852601538,0.000193353549058823,0.0264471401322021,0.0246525775049999,"Angpt2/Cd34/Cflar/Pdgfd/Pdgfrb/Tcf21/Tek",7,"brown","GO_BP",3,"Angpt2/Pdgfrb/Tek","GO_BP (todos los genes del módulo)",NA
"SmoothMuscleCells","GO:0043542","endothelial cell migration","11/133","209/13010",0.0526315789473684,5.14839730906213,6.1442937089477,9.62770902946349e-06,0.0267361479748201,0.0250320434766051,"Anxa3/Bmp4/Clec14a/Ctnnd1/Efna1/Flt4/Plekhg5/Pparg/Sox18/Srpx2/Tbxa2r",11,"tan","GO_BP",1,"Bmp4","GO_BP (todos los genes del módulo)",NA
"Fibroblasts","GO:0032496","response to lipopolysaccharide","3/9","316/13010",0.00949367088607595,13.7236286919831,6.024348864799,0.00106944065507882,0.0278019766335973,0.0168647137474096,"Extl3/Penk/Rpl13a",3,"tan","GO_BP",1,"Penk","GO_BP (todos los genes del módulo)",NA
"Fibroblasts","GO:0002237","response to molecule of bacterial origin","3/9","327/13010",0.00917431192660551,13.2619775739042,5.90851347100831,0.00118087779209483,0.0278019766335973,0.0168647137474096,"Extl3/Penk/Rpl13a",3,"tan","GO_BP",1,"Penk","GO_BP (todos los genes del módulo)",NA
"EndocardialCells","GO:0031032","actomyosin structure organization","13/309","197/13010",0.065989847715736,2.77840750414798,3.92302631027463,0.000861091738547521,0.0283464442012765,0.025745773192936,"Actc1/Adprhl1/Arhgef15/Cgnl1/Csrp3/Myh6/Myl2/Nrp1/Phldb2/Ppm1f/Tcap/Tmod2/Tnnt2",13,"brown","GO_BP",1,"Nrp1","GO_BP (todos los genes del módulo)",NA
"EndocardialCells","GO:0007411","axon guidance","13/309","198/13010",0.0656565656565657,2.76437514301592,3.90209015621493,0.000902379346621617,0.0294085429063985,0.0267104286599999,"Ablim1/Agrn/Ece1/Lamb1/Lamb2/Lamc1/Nrp1/Ntn1/Rpl24/Ryk/Sema4c/Sema6d/Vegfa",13,"brown","GO_BP",4,"Ece1/Lamc1/Nrp1/Vegfa","GO_BP (todos los genes del módulo)",NA
"Fibroblasts","GO:0002248","connective tissue replacement involved in inflammatory response wound healing","3/226","10/13010",0.3,17.2699115044248,6.84315394369148,0.000567206120578184,0.0298505440224743,0.0271548773644022,"Cytl1/F2r/Pparg",3,"brown","GO_BP",1,"F2r","GO_BP (todos los genes del módulo)",NA
"Fibroblasts","GO:0048880","sensory system development","16/226","361/13010",0.0443213296398892,2.55141813546442,3.97463418930638,0.000574811272677128,0.0298505440224743,0.0271548773644022,"Aqp1/Bak1/Cfh/Inhbb/Kdr/Mfap2/Mfap5/Nes/Pbx2/Pdgfra/Pfdn5/Rpgrip1/Rpl24/Tgfb1/Twsg1/Zeb1",16,"brown","GO_BP",5,"Cfh/Inhbb/Kdr/Pdgfra/Tgfb1","GO_BP (todos los genes del módulo)",NA
"EndocardialCells","GO:0035904","aorta development","7/309","66/13010",0.106060606060606,4.46552907717956,4.4024000150145,0.000934325129235736,0.0301481742195967,0.0273822018073047,"Ap2b1/Bmpr1a/Efemp2/Eng/Ephb4/Pkd2/Plxnd1",7,"brown","GO_BP",3,"Bmpr1a/Eng/Ephb4","GO_BP (todos los genes del módulo)",NA
"EndocardialCells","GO:0097485","neuron projection guidance","13/309","199/13010",0.0653266331658292,2.75048381063896,3.88128344363581,0.000945315248919941,0.0302037489826479,0.0274326778117944,"Ablim1/Agrn/Ece1/Lamb1/Lamb2/Lamc1/Nrp1/Ntn1/Rpl24/Ryk/Sema4c/Sema6d/Vegfa",13,"brown","GO_BP",4,"Ece1/Lamc1/Nrp1/Vegfa","GO_BP (todos los genes del módulo)",NA
"SmoothMuscleCells","GO:0072001","renal system development","28/546","323/13010",0.086687306501548,2.06557116773835,4.05876409752199,0.000228267586297334,0.0302765825825282,0.0282221743058521,"Angpt2/Ap2b1/Cd34/Cfh/Cflar/Ctsh/Ednrb/Enpep/Ext1/Fbn1/Gimap6/Gli3/Heyl/Ift20/Kcnj8/Pdgfd/Pdgfrb/Pkd2/Prkx/Smad1/Smad5/Smad6/Spry1/Tbx18/Tcf21/Tek/Tgfb1/Tgfbr1",28,"brown","GO_BP",8,"Angpt2/Cfh/Ednrb/Fbn1/Pdgfrb/Tek/Tgfb1/Tgfbr1","GO_BP (todos los genes del módulo)",NA
"Fibroblasts","GO:0003015","heart process","12/226","226/13010",0.0530973451327434,3.05662150520793,4.14684694842117,0.000593497059620083,0.0302985278572151,0.0275624058196445,"Ank2/Cav3/Fxyd1/Gnao1/Gsn/Myl4/Myl7/Npff/Nppa/Tnnc1/Tnni3/Tnnt2",12,"brown","GO_BP",1,"Nppa","GO_BP (todos los genes del módulo)",NA
"Myocytes","GO:1903522","regulation of blood circulation","20/516","235/13010",0.0851063829787234,2.14580240804882,3.60212902025341,0.00110147446943396,0.0304634070414984,0.0290284858252669,"Adm/Atp1a2/Cav3/Csrp3/Gata4/Gnao1/Mybpc3/Myh6/Myl4/Nkx2-5/Nppa/Pln/Popdc2/Rangrf/Smad7/Tbx5/Tmem65/Tnni3/Tnnt2/Tpm1",20,"brown","GO_BP",1,"Nppa","GO_BP (todos los genes del módulo)",NA
"EndocardialCells","GO:0060485","mesenchyme development","16/309","277/13010",0.0577617328519856,2.4319745773603,3.75744006008771,0.000969019299782644,0.0306605232814722,0.0278475449257925,"Actc1/Bmpr1a/Dchs1/Ddx5/Eng/Foxc1/Gata4/Hand2/Nrp1/Pkd2/Sema4c/Sema6d/Tbx5/Tiam1/Trip10/Vegfa",16,"brown","GO_BP",4,"Bmpr1a/Eng/Nrp1/Vegfa","GO_BP (todos los genes del módulo)",NA
"Myocytes","GO:0003283","atrial septum development","5/516","21/13010",0.238095238095238,6.0031376891842,4.66294508556239,0.00115507409610066,0.0314861564757222,0.0300030605802746,"Acvr1/Gata4/Nkx2-5/Tbx20/Tbx5",5,"brown","GO_BP",1,"Acvr1","GO_BP (todos los genes del módulo)",NA
"EndocardialCells","GO:0003171","atrioventricular valve development","5/309","33/13010",0.151515151515152,6.37932725311366,4.82591892689448,0.00100570761467629,0.0315153953483658,0.0286239859561715,"Bmpr1a/Dchs1/Gata4/Tbx5/Zfpm2",5,"brown","GO_BP",1,"Bmpr1a","GO_BP (todos los genes del módulo)",NA
"SmoothMuscleCells","GO:0045765","regulation of angiogenesis","24/546","260/13010",0.0923076923076923,2.19949281487743,4.08901581682069,0.000250871741895312,0.0322960474786995,0.0301046090274375,"Adm/Angpt2/C3/Cd34/Cldn5/Dcn/Ecscr/Emilin1/Foxo4/Fyn/Gata2/Gata6/Itga5/Mdk/Mtdh/Pf4/Ppp1r16b/Pxn/Ramp2/Rtn4/Smad1/Tcf4/Tek/Tnfrsf12a",24,"brown","GO_BP",8,"Angpt2/C3/Cldn5/Dcn/Itga5/Pf4/Rtn4/Tek","GO_BP (todos los genes del módulo)",NA
"EndothelialCells","GO:1900744","regulation of p38MAPK cascade","5/197","39/13010",0.128205128205128,8.466744761161,5.79037294560266,0.000286697260311517,0.0325383751133086,0.0288590458363068,"Dab2ip/Dusp10/Gsn/Hand2/Il1b",5,"brown","GO_BP",1,"Il1b","GO_BP (todos los genes del módulo)",NA
"EndothelialCells","GO:0060537","muscle tissue development","17/197","430/13010",0.0395348837209302,2.61090780309291,4.21205709321997,0.000291775532400973,0.0325383751133086,0.0288590458363068,"Actc1/Akap1/Casq1/Cav1/Cav2/Dmd/Hand2/Hspg2/Meis1/Myl7/Nog/Nppa/S1pr1/Tgfb1/Tnni3/Tnnt2/Trip10",17,"brown","GO_BP",3,"Hspg2/Nppa/Tgfb1","GO_BP (todos los genes del módulo)",NA
"EndocardialCells","GO:0110053","regulation of actin filament organization","14/309","227/13010",0.0616740088105727,2.59669532241279,3.78530454044347,0.0010667984303008,0.0331113912795268,0.0300735557494321,"Arhgef15/Cdc42ep2/Cgnl1/Dbn1/Fchsd1/Gsn/Inppl1/Kank1/Nrp1/Pecam1/Phldb2/Ppm1f/Rdx/Tmod2",14,"brown","GO_BP",2,"Nrp1/Pecam1","GO_BP (todos los genes del módulo)",NA
"Leukocytes","GO:0009141","nucleoside triphosphate metabolic process","15/300","241/13010",0.0622406639004149,2.69917012448133,4.09050332721802,0.000478371327003769,0.0339121452877327,0.0324537097761041,"Cmpk2/Entpd4/Fam3a/Myh6/Ndufa1/Ndufa11/Ndufa13/Ndufa2/Ndufa5/Ndufb2/Ndufc1/Ndufv3/Rhoq/Rrm2b/Tgfb1",15,"brown","GO_BP",1,"Tgfb1","GO_BP (todos los genes del módulo)",NA
"Leukocytes","GO:1901739","regulation of myoblast fusion","7/300","61/13010",0.114754098360656,4.97650273224044,4.78253212783679,0.000485449932544231,0.0339121452877327,0.0324537097761041,"Cxcl12/Rpl35a/Rpl36a/Rpl37/Rpl37a/Rpl38/Rpl39",7,"brown","GO_BP",1,"Cxcl12","GO_BP (todos los genes del módulo)",NA
"SmoothMuscleCells","GO:0008015","blood circulation","36/546","463/13010",0.0777537796976242,1.85270453089028,3.91028736981799,0.000271739633782535,0.0339829822018902,0.031677077309507,"Abcc9/Adcy6/Adm/Aoc3/Atp1a2/Cldn5/Dmd/Ednrb/Emilin1/Enpep/Ext1/F2r/Fbn1/Fermt2/Fli1/Fxyd1/Gata6/Itga9/Kat2b/Kcnj8/Map2k1/Myl7/Nppa/Plvap/Postn/Psen2/Ramp2/Rarres2/Slc23a2/Smad5/Smad6/Tbx18/Tbx20/Tcap/Tgfb1/Tmem161b",36,"brown","GO_BP",8,"Cldn5/Ednrb/F2r/Fbn1/Itga9/Nppa/Postn/Tgfb1","GO_BP (todos los genes del módulo)",NA
"SmoothMuscleCells","GO:0006936","muscle contraction","28/546","327/13010",0.0856269113149847,2.0403042421391,3.9876112042007,0.000279593108601907,0.0339938621208485,0.0316872189748828,"Abcc9/Atp1a2/Cald1/Dbn1/Ddit3/Dmd/Ednrb/F2r/Fxyd1/Kcnj8/Map2k1/Nppa/Psen2/Rem1/Rpl11/Rpl23/Rpl27a/Rpl30/Rpl36a/Rpl37/Rpl38/Rpl39/Rpl41/Rplp2/Smad5/Tbx20/Tcap/Tmod3",28,"brown","GO_BP",3,"Ednrb/F2r/Nppa","GO_BP (todos los genes del módulo)",NA
"Fibroblasts","GO:0001935","endothelial cell proliferation","9/226","138/13010",0.0652173913043478,3.75432858791843,4.32489006833709,0.000677201480252299,0.0339955143086654,0.030925534264855,"Atoh8/Ccl24/Egfl7/Hspg2/Igf1/Kdr/Mmrn2/Pparg/Tie1",9,"brown","GO_BP",3,"Hspg2/Kdr/Tie1","GO_BP (todos los genes del módulo)",NA
"EndocardialCells","GO:0009190","cyclic nucleotide biosynthetic process","4/309","20/13010",0.2,8.42071197411003,5.18010110231487,0.00111918100127693,0.0340879521790796,0.0309605211568198,"Adcy9/Gucy1a2/Nppa/Npr3",4,"brown","GO_BP",1,"Nppa","GO_BP (todos los genes del módulo)",NA
"EndocardialCells","GO:1903911","positive regulation of receptor clustering","4/309","20/13010",0.2,8.42071197411003,5.18010110231487,0.00111918100127693,0.0340879521790796,0.0309605211568198,"Agrn/Dlg4/Lamb1/Lamc1",4,"brown","GO_BP",1,"Lamc1","GO_BP (todos los genes del módulo)",NA
"EndocardialCells","GO:0045667","regulation of osteoblast differentiation","10/309","131/13010",0.0763358778625954,3.21401220385879,3.9724352333869,0.0011298445777251,0.0340941062852416,0.0309661106487619,"Bmpr1a/Ddx5/Fndc3b/Hand2/Lrp5/Ski/Smad5/Smoc1/Tmem53/Vegfa",10,"brown","GO_BP",3,"Bmpr1a/Lrp5/Vegfa","GO_BP (todos los genes del módulo)",NA
"EndocardialCells","GO:0072657","protein localization to membrane","22/309","451/13010",0.0487804878048781,2.05383218880732,3.55274828948621,0.00114708274786726,0.0342967217917376,0.0311501370063036,"Agrn/Ap2b1/Cpe/Csrp3/Dbn1/Dchs1/Dennd4c/Dlg4/Ehd1/Ehd2/Gnai1/Gphn/Gsn/Lamb1/Lamc1/Palm/Rab38/Rdx/Rilpl1/Stx4a/Stxbp1/Tiam1",22,"brown","GO_BP",1,"Lamc1","GO_BP (todos los genes del módulo)",NA
"Myocytes","GO:0060347","heart trabecula formation","4/516","13/13010",0.307692307692308,7.75790101371497,4.95402278497147,0.00131379287736211,0.0350560648755285,0.0334048151916386,"Cav3/Fhl2/Nkx2-5/Tgfbr3",4,"brown","GO_BP",1,"Tgfbr3","GO_BP (todos los genes del módulo)",NA
"Leukocytes","GO:0002042","cell migration involved in sprouting angiogenesis","3/23","54/13010",0.0555555555555556,31.4251207729469,9.42812160943141,0.000112878835984232,0.0352907365654305,0.0285967146218053,"Clec14a/Gata2/Kdr",3,"darkorange","GO_BP",1,"Kdr","GO_BP (todos los genes del módulo)",NA
"Leukocytes","GO:0060837","blood vessel endothelial cell differentiation","2/23","10/13010",0.2,113.130434782609,14.9273695491278,0.000133383314380899,0.0352907365654305,0.0285967146218053,"Hey1/Kdr",2,"darkorange","GO_BP",1,"Kdr","GO_BP (todos los genes del módulo)",NA
"Leukocytes","GO:0001525","angiogenesis","6/23","497/13010",0.0120724346076459,6.82879888023795,5.57581039430745,0.000174706616660547,0.0352907365654305,0.0285967146218053,"Clec14a/Gata2/Hspa12b/Kdr/Lepr/Mmp19",6,"darkorange","GO_BP",1,"Kdr","GO_BP (todos los genes del módulo)",NA
"EndocardialCells","GO:0001570","vasculogenesis","8/309","89/13010",0.0898876404494382,3.78458965128541,4.11140617109026,0.00123242959296729,0.0362846419402568,0.0329556735634122,"Amot/Egfl8/Eng/Gata4/Nrp1/Tie1/Tnni3/Zfpm2",8,"brown","GO_BP",3,"Eng/Nrp1/Tie1","GO_BP (todos los genes del módulo)",NA
"EndocardialCells","GO:0050905","neuromuscular process","12/309","180/13010",0.0666666666666667,2.80690399137001,3.80750287673444,0.00123583775862796,0.0362846419402568,0.0329556735634122,"Cfh/Dbn1/Dlg4/Dmd/Ei24/Kcnj8/Mb/Rem1/Slc1a3/Tcap/Tnnc1/Tnni3",12,"brown","GO_BP",1,"Cfh","GO_BP (todos los genes del módulo)",NA
"EndocardialCells","GO:0014888","striated muscle adaptation","6/309","51/13010",0.117647058823529,4.95335998477061,4.41212637975441,0.00125306625062328,0.0364619902748327,0.0331167509093295,"Gata4/Gsn/Myh6/Nppa/Tcap/Tnnc1",6,"brown","GO_BP",1,"Nppa","GO_BP (todos los genes del módulo)",NA
"EndocardialCells","GO:0043500","muscle adaptation","10/309","133/13010",0.075187969924812,3.16568119327445,3.91557219917498,0.00126812177849339,0.0365735298770794,0.0332180572065526,"Dmd/Ece1/Gata4/Gsn/Hand2/Myh6/Nppa/Tcap/Tnnc1/Trip10",10,"brown","GO_BP",2,"Ece1/Nppa","GO_BP (todos los genes del módulo)",NA
"Leukocytes","GO:0003170","heart valve development","7/300","62/13010",0.112903225806452,4.89623655913978,4.72443224972945,0.00053661110242771,0.036736396072201,0.0351565000158954,"Dchs1/Dll4/Emilin1/Heyl/Lix1l/Tbx20/Tgfb1",7,"brown","GO_BP",1,"Tgfb1","GO_BP (todos los genes del módulo)",NA
"Leukocytes","GO:0014706","striated muscle tissue development","21/300","410/13010",0.0512195121951219,2.22121951219512,3.86020349328223,0.000547516824335831,0.0367480409745402,0.0351676441142024,"Actc1/Akap6/Cav1/Cav2/Cfl2/Csrp3/Dll4/Heyl/Hspg2/Myh10/Myh6/Myoz2/Pi16/Pln/Rxra/Sav1/Tbx20/Tcap/Tgfb1/Tnnc1/Tnni3",21,"brown","GO_BP",2,"Hspg2/Tgfb1","GO_BP (todos los genes del módulo)",NA
"SmoothMuscleCells","GO:0001822","kidney development","27/546","313/13010",0.0862619808306709,2.05543657620335,3.95588180925892,0.00031793907810348,0.0367823907194805,0.0342865328159653,"Angpt2/Ap2b1/Cd34/Cfh/Cflar/Ctsh/Ednrb/Enpep/Ext1/Fbn1/Gimap6/Gli3/Heyl/Ift20/Kcnj8/Pdgfd/Pdgfrb/Pkd2/Prkx/Smad1/Smad5/Smad6/Spry1/Tcf21/Tek/Tgfb1/Tgfbr1",27,"brown","GO_BP",8,"Angpt2/Cfh/Ednrb/Fbn1/Pdgfrb/Tek/Tgfb1/Tgfbr1","GO_BP (todos los genes del módulo)",NA
"SmoothMuscleCells","GO:0006941","striated muscle contraction","21/546","217/13010",0.0967741935483871,2.30591988656505,4.06022181599549,0.000319335354658501,0.0367823907194805,0.0342865328159653,"Abcc9/Atp1a2/Ddit3/Dmd/Fxyd1/Kcnj8/Nppa/Psen2/Rem1/Rpl11/Rpl23/Rpl27a/Rpl30/Rpl36a/Rpl37/Rpl38/Rpl39/Rpl41/Rplp2/Smad5/Tcap",21,"brown","GO_BP",1,"Nppa","GO_BP (todos los genes del módulo)",NA
"Fibroblasts","GO:0090288","negative regulation of cellular response to growth factor stimulus","7/226","87/13010",0.0804597701149425,4.63177703183806,4.51897488126087,0.000782473739120558,0.0376164737731779,0.0342195013740065,"Chrd/Dcn/Htra3/Mmrn2/Pparg/Sost/Twsg1",7,"brown","GO_BP",1,"Dcn","GO_BP (todos los genes del módulo)",NA
"Fibroblasts","GO:0045446","endothelial cell differentiation","8/226","113/13010",0.0707964601769911,4.07549534027723,4.3656884583095,0.000784259273809019,0.0376164737731779,0.0342195013740065,"Atoh8/Fstl1/Kdr/Pde2a/Rapgef3/Tie1/Tjp1/Zeb1",8,"brown","GO_BP",2,"Kdr/Tie1","GO_BP (todos los genes del módulo)",NA
"Fibroblasts","GO:0006959","humoral immune response","9/226","141/13010",0.0638297872340425,3.67444925626059,4.24535794607623,0.000790430836184469,0.0376164737731779,0.0342195013740065,"Ccl19/Ccl24/Cfh/Colec11/Fau/Pf4/Rarres2/Rpl39/Serping1",9,"brown","GO_BP",4,"Ccl19/Cfh/Pf4/Serping1","GO_BP (todos los genes del módulo)",NA
"Fibroblasts","GO:0030336","negative regulation of cell migration","13/226","267/13010",0.048689138576779,2.80285704815883,3.95752691024381,0.000799287623334457,0.0376164737731779,0.0342195013740065,"Arap3/Chrd/Csprs/Cx3cr1/Dcn/Dpep1/Egfl7/Ifitm1/Mmrn2/Pparg/Srgap1/Tgfb1/Tie1",13,"brown","GO_BP",3,"Dcn/Tgfb1/Tie1","GO_BP (todos los genes del módulo)",NA
"Fibroblasts","GO:0014706","striated muscle tissue development","17/226","410/13010",0.0414634146341463,2.38689833800993,3.79397162907113,0.000822340012157207,0.0381059710248847,0.0346647943586269,"Cav3/Ddx5/Egln1/Hspg2/Igf1/Jph2/Myl6b/Myl7/Nppa/Pdgfra/Plagl1/Sav1/Tgfb1/Tnnc1/Tnni3/Tnnt2/Xirp1",17,"brown","GO_BP",4,"Hspg2/Nppa/Pdgfra/Tgfb1","GO_BP (todos los genes del módulo)",NA
"SmoothMuscleCells","GO:0051146","striated muscle cell differentiation","29/546","348/13010",0.0833333333333333,1.98565323565324,3.90078646788952,0.00034478072522324,0.0381432823241046,0.0355550815358344,"Cflar/Col6a1/Dmd/Fbxo22/Gata6/Hand2/Ift20/Kat2a/Kcnj8/Nebl/Nppa/Pdgfrb/Pld3/Rcan1/Rpl11/Rpl23/Rpl27a/Rpl30/Rpl36a/Rpl37/Rpl38/Rpl39/Rpl41/Rplp2/Sgcb/Tbx18/Tcap/Tgfb1/Tmod3",29,"brown","GO_BP",3,"Nppa/Pdgfrb/Tgfb1","GO_BP (todos los genes del módulo)",NA
"SmoothMuscleCells","GO:0060976","coronary vasculature development","10/546","65/13010",0.153846153846154,3.66582135812905,4.50947778809437,0.000348579230743474,0.0381432823241046,0.0355550815358344,"Abcc9/Ap2b1/Gata6/Hand2/Kcnj8/Lrp1/Pbrm1/Pdgfrb/Smad6/Tgfbr1",10,"brown","GO_BP",3,"Lrp1/Pdgfrb/Tgfbr1","GO_BP (todos los genes del módulo)",NA
"Fibroblasts","GO:0090257","regulation of muscle system process","12/226","236/13010",0.0508474576271186,2.92710364481776,3.97228512345742,0.000868569375736027,0.0387196261138353,0.0352230330517625,"Ank2/Cav3/F2r/Fxyd1/Gsn/Igf1/Nppa/Pparg/Sln/Tnnc1/Tnni3/Tnnt2",12,"brown","GO_BP",2,"F2r/Nppa","GO_BP (todos los genes del módulo)",NA
"Fibroblasts","GO:0071772","response to BMP","9/226","143/13010",0.0629370629370629,3.62305835757163,4.19353349811916,0.000874148265518194,0.0387196261138353,0.0352230330517625,"Chrd/Ddx5/Fstl1/Htra3/Kdr/Pelo/Pparg/Sost/Twsg1",9,"brown","GO_BP",1,"Kdr","GO_BP (todos los genes del módulo)",NA
"Fibroblasts","GO:0071773","cellular response to BMP stimulus","9/226","143/13010",0.0629370629370629,3.62305835757163,4.19353349811916,0.000874148265518194,0.0387196261138353,0.0352230330517625,"Chrd/Ddx5/Fstl1/Htra3/Kdr/Pelo/Pparg/Sost/Twsg1",9,"brown","GO_BP",1,"Kdr","GO_BP (todos los genes del módulo)",NA
"SmoothMuscleCells","GO:0061448","connective tissue development","25/546","283/13010",0.088339222614841,2.10493275864301,3.93328669745878,0.000367724186360418,0.0390353902503271,0.0363866557508189,"Cd34/Cfh/Cflar/Chsy1/Col1a1/Col6a1/Ctdspl2/Ctsk/Dmd/Ext1/Gli3/Hand2/Hspg2/Kat2a/Lipa/Mdk/Pdgfd/Pdgfrb/Smad1/Smad5/Snai1/Snx19/Sptlc2/Tgfb1/Tgfbr1",25,"brown","GO_BP",5,"Cfh/Hspg2/Pdgfrb/Tgfb1/Tgfbr1","GO_BP (todos los genes del módulo)",NA
"SmoothMuscleCells","GO:1903055","positive regulation of extracellular matrix organization","6/546","24/13010",0.25,5.95695970695971,5.08713037847548,0.00037456851508196,0.0390353902503271,0.0363866557508189,"Cflar/Emilin1/Fscn1/Tgfb1/Tgfbr1/Tnxb",6,"brown","GO_BP",3,"Tgfb1/Tgfbr1/Tnxb","GO_BP (todos los genes del módulo)",NA
"SmoothMuscleCells","GO:0072012","glomerulus vasculature development","5/184","30/13010",0.166666666666667,11.7844202898551,7.0828058367911,5.73100539257456e-05,0.0392997198655739,0.0360063690423924,"Angpt1/C3ar1/Il6ra/Pdgfb/Wt1",5,"darkorange","GO_BP",3,"Angpt1/C3ar1/Pdgfb","GO_BP (todos los genes del módulo)",NA
"SmoothMuscleCells","GO:0061437","renal system vasculature development","5/184","32/13010",0.15625,11.0478940217391,6.81602854549403,7.91509671660089e-05,0.0392997198655739,0.0360063690423924,"Angpt1/C3ar1/Il6ra/Pdgfb/Wt1",5,"darkorange","GO_BP",3,"Angpt1/C3ar1/Pdgfb","GO_BP (todos los genes del módulo)",NA
"SmoothMuscleCells","GO:0061440","kidney vasculature development","5/184","32/13010",0.15625,11.0478940217391,6.81602854549403,7.91509671660089e-05,0.0392997198655739,0.0360063690423924,"Angpt1/C3ar1/Il6ra/Pdgfb/Wt1",5,"darkorange","GO_BP",3,"Angpt1/C3ar1/Pdgfb","GO_BP (todos los genes del módulo)",NA
"SmoothMuscleCells","GO:0072109","glomerular mesangium development","4/184","17/13010",0.235294117647059,16.6368286445013,7.72687112902179,7.97963855138556e-05,0.0392997198655739,0.0360063690423924,"C3ar1/Il6ra/Pdgfb/Wt1",4,"darkorange","GO_BP",2,"C3ar1/Pdgfb","GO_BP (todos los genes del módulo)",NA
"EndocardialCells","GO:0001941","postsynaptic membrane organization","6/309","52/13010",0.115384615384615,4.85810306198656,4.34799211051292,0.00138872597051348,0.0397005082272231,0.0360581480063149,"Agrn/Dbn1/Dlg4/Gphn/Lamb1/Lamc1",6,"brown","GO_BP",1,"Lamc1","GO_BP (todos los genes del módulo)",NA
"EndocardialCells","GO:0060982","coronary artery morphogenesis","3/309","10/13010",0.3,12.631067961165,5.73891980143407,0.00140658454283813,0.0398613828270388,0.0362042630156597,"Hand2/Nrp1/Vegfa",3,"brown","GO_BP",2,"Nrp1/Vegfa","GO_BP (todos los genes del módulo)",NA
"Fibroblasts","GO:0090287","regulation of cellular response to growth factor stimulus","13/226","271/13010",0.0479704797047971,2.76148646442217,3.89618062542713,0.00091660817001042,0.0400119392474114,0.0363986432728775,"Cav3/Chrd/Dcn/Fstl1/Htra3/Kdr/Mmrn2/Peg10/Pelo/Pparg/Sost/Twsg1/Zeb1",13,"brown","GO_BP",2,"Dcn/Kdr","GO_BP (todos los genes del módulo)",NA
"Leukocytes","GO:0008593","regulation of Notch signaling pathway","3/23","76/13010",0.0394736842105263,22.3283752860412,7.84746877352512,0.000311912334949434,0.0404797614200764,0.0328014742095981,"Gata2/Hey1/Postn",3,"darkorange","GO_BP",1,"Postn","GO_BP (todos los genes del módulo)",NA
"Leukocytes","GO:0035265","organ growth","4/23","193/13010",0.0207253886010363,11.7233611173688,6.31608328946816,0.000333283861604302,0.0404797614200764,0.0328014742095981,"Carm1/Kdr/Lepr/Tmem38b",4,"darkorange","GO_BP",1,"Kdr","GO_BP (todos los genes del módulo)",NA
"Leukocytes","GO:0061042","vascular wound healing","2/23","17/13010",0.117647058823529,66.5473145780051,11.3803626002668,0.000400089381940538,0.0404797614200764,0.0328014742095981,"Gata2/Kdr",2,"darkorange","GO_BP",1,"Kdr","GO_BP (todos los genes del módulo)",NA
"Leukocytes","GO:0060348","bone development","4/23","206/13010",0.0194174757281553,10.9835373575348,6.07822369719404,0.00042687118696495,0.0404797614200764,0.0328014742095981,"Carm1/Kdr/Lepr/Tmem38b",4,"darkorange","GO_BP",1,"Kdr","GO_BP (todos los genes del módulo)",NA
"Leukocytes","GO:0043542","endothelial cell migration","4/23","209/13010",0.0191387559808612,10.8258789265654,6.0263459233311,0.000450888431659266,0.0404797614200764,0.0328014742095981,"Clec14a/Gata2/Hspa12b/Kdr",4,"darkorange","GO_BP",1,"Kdr","GO_BP (todos los genes del módulo)",NA
"EndocardialCells","GO:0007528","neuromuscular junction development","7/309","71/13010",0.0985915492957746,4.15105519850495,4.1525710073201,0.00144258625066904,0.0405292119907793,0.0368108215687962,"Agrn/F2r/Gphn/Kcnj8/Lamb1/Lamb2/Lamc1",7,"brown","GO_BP",2,"F2r/Lamc1","GO_BP (todos los genes del módulo)",NA
"Leukocytes","GO:2001212","regulation of vasculogenesis","2/23","19/13010",0.105263157894737,59.5423340961098,10.7462514300471,0.000501972609176053,0.0405593868214251,0.0328659960955268,"Hey1/Kdr",2,"darkorange","GO_BP",1,"Kdr","GO_BP (todos los genes del módulo)",NA
"Leukocytes","GO:0090050","positive regulation of cell migration involved in sprouting angiogenesis","2/23","20/13010",0.1,56.5652173913044,10.4651364358713,0.000557147853034761,0.0409250422956442,0.0331622932619733,"Gata2/Kdr",2,"darkorange","GO_BP",1,"Kdr","GO_BP (todos los genes del módulo)",NA
"Leukocytes","GO:0007520","myoblast fusion","8/300","83/13010",0.0963855421686747,4.17991967871486,4.46494517983593,0.000641380226776533,0.0415237466631156,0.0397379644250552,"Cxcl12/Rpl35a/Rpl36a/Rpl37/Rpl37a/Rpl38/Rpl39/Tanc1",8,"brown","GO_BP",1,"Cxcl12","GO_BP (todos los genes del módulo)",NA
"EndocardialCells","GO:0003179","heart valve morphogenesis","6/309","53/13010",0.113207547169811,4.76644074006228,4.28547615271246,0.0015353079477541,0.042459378773567,0.0385639033966733,"Bmpr1a/Dchs1/Gata4/Tbx5/Tie1/Zfpm2",6,"brown","GO_BP",2,"Bmpr1a/Tie1","GO_BP (todos los genes del módulo)",NA
"EndocardialCells","GO:0048675","axon extension","9/309","114/13010",0.0789473684210526,3.32396525293817,3.88719907168361,0.00156549903500159,0.042459378773567,0.0385639033966733,"Dbn1/Eif4g2/Lamb2/Nrp1/Ntn1/Raph1/Ryk/Sema6d/Vegfa",9,"brown","GO_BP",2,"Nrp1/Vegfa","GO_BP (todos los genes del módulo)",NA
"EndocardialCells","GO:0051149","positive regulation of muscle cell differentiation","7/309","72/13010",0.0972222222222222,4.09340165408127,4.10535981341069,0.00156610170655447,0.042459378773567,0.0385639033966733,"Csrp3/Efemp2/Eng/Lamb1/Lamb2/Lamc1/Trip10",7,"brown","GO_BP",2,"Eng/Lamc1","GO_BP (todos los genes del módulo)",NA
"EndocardialCells","GO:0060411","cardiac septum morphogenesis","7/309","72/13010",0.0972222222222222,4.09340165408127,4.10535981341069,0.00156610170655447,0.042459378773567,0.0385639033966733,"Bmpr1a/Eng/Gata4/Nrp1/Sav1/Tbx5/Zfpm2",7,"brown","GO_BP",3,"Bmpr1a/Eng/Nrp1","GO_BP (todos los genes del módulo)",NA
"EndocardialCells","GO:0060562","epithelial tube morphogenesis","18/309","346/13010",0.0520231213872832,2.19035860598238,3.50035952286225,0.00157642983479644,0.042459378773567,0.0385639033966733,"Ctnnd1/Dchs1/Eng/Gata4/Hand2/Lrp5/Mgp/Mmrn2/Nphp3/Nrp1/Ntn1/Pkd2/Plxnd1/Sema4c/Ski/Tcap/Tie1/Vegfa",18,"brown","GO_BP",5,"Eng/Lrp5/Nrp1/Tie1/Vegfa","GO_BP (todos los genes del módulo)",NA
"Fibroblasts","GO:0007517","muscle organ development","14/226","308/13010",0.0454545454545455,2.61665325824618,3.81767524066046,0.000991056398475606,0.0425894378287202,0.0387433796981054,"Ddx5/Disp1/Egln1/Fhl1/Foxo4/Jph2/Myl6b/Plagl1/Sfmbt1/Tcf15/Tgfb1/Tnnc1/Tnni3/Tnnt2",14,"brown","GO_BP",1,"Tgfb1","GO_BP (todos los genes del módulo)",NA
"Fibroblasts","GO:0042060","wound healing","15/226","344/13010",0.0436046511627907,2.51016155587569,3.77420673362962,0.00100393429144726,0.0425894378287202,0.0387433796981054,"Aqp1/Axl/Cav3/Cfh/Cytl1/Entpd2/F2r/Igf1/Kdr/Nbeal2/Pdgfra/Pf4/Pparg/Serping1/Tfpi",15,"brown","GO_BP",7,"Axl/Cfh/F2r/Kdr/Pdgfra/Pf4/Serping1","GO_BP (todos los genes del módulo)",NA
"SmoothMuscleCells","GO:1904018","positive regulation of vasculature development","17/546","161/13010",0.105590062111801,2.51598298182149,4.05099920071209,0.000428449953925198,0.0436122197286184,0.0406529258608095,"Adm/Angpt2/C3/Cd34/Emilin1/Gata2/Gata6/Itga5/Mdk/Mtdh/Pxn/Ramp2/Rtn4/Smad1/Tek/Tgfb1/Tgfbr1",17,"brown","GO_BP",7,"Angpt2/C3/Itga5/Rtn4/Tek/Tgfb1/Tgfbr1","GO_BP (todos los genes del módulo)",NA
"SmoothMuscleCells","GO:0060395","SMAD protein signal transduction","10/546","67/13010",0.149253731343284,3.55639385490132,4.39073522626677,0.000447980796211357,0.044563907841298,0.0415400374668713,"Emilin1/Lrp1/Mapk8/Smad1/Smad5/Smad6/Tbx20/Tgfb1/Tgfb3/Tgfbr1",10,"brown","GO_BP",4,"Lrp1/Tgfb1/Tgfb3/Tgfbr1","GO_BP (todos los genes del módulo)",NA
"Fibroblasts","GO:0051924","regulation of calcium ion transport","11/226","210/13010",0.0523809523809524,3.01538137378845,3.91475600043163,0.00111465476629222,0.0466297243898911,0.0424188063838983,"Ank2/Bak1/Cav3/F2r/Gnao1/Igf1/Nppa/P2rx5/Rapgef3/Sln/Tgfb1",11,"brown","GO_BP",3,"F2r/Nppa/Tgfb1","GO_BP (todos los genes del módulo)",NA
"SmoothMuscleCells","GO:0072111","cell proliferation involved in kidney development","4/184","19/13010",0.210526315789474,14.8855835240275,7.25445673237186,0.000127108161274596,0.0469505770708038,0.0430160777366132,"C3ar1/Il6ra/Pdgfb/Wt1",4,"darkorange","GO_BP",2,"C3ar1/Pdgfb","GO_BP (todos los genes del módulo)",NA
"EndocardialCells","GO:0007409","axonogenesis","20/309","408/13010",0.0490196078431373,2.06389999365442,3.40559805197181,0.00179912079952831,0.0472849571424417,0.0429467545693855,"Ablim1/Agrn/Dbn1/Ece1/Eif4g2/Lamb1/Lamb2/Lamc1/Nrp1/Ntn1/Plxnd1/Raph1/Rpl24/Ryk/Sema4c/Sema6d/Stxbp1/Taok2/Tiam1/Vegfa",20,"brown","GO_BP",4,"Ece1/Lamc1/Nrp1/Vegfa","GO_BP (todos los genes del módulo)",NA
"SmoothMuscleCells","GO:0048286","lung alveolus development","9/546","56/13010",0.160714285714286,3.82947409733124,4.44106722996027,0.000491290767887352,0.0477862153565098,0.0445436962884532,"Cic/Col6a1/Fbn1/Gata6/Man2a1/Psen2/Tcf21/Tgfb1/Tgfb3",9,"brown","GO_BP",3,"Fbn1/Tgfb1/Tgfb3","GO_BP (todos los genes del módulo)",NA
"Fibroblasts","GO:0085029","extracellular matrix assembly","5/226","46/13010",0.108695652173913,6.25721431319738,4.74906246254614,0.00116144320594064,0.0479214648807288,0.0435938956750322,"Fbln5/Pparg/Tgfb1/Tie1/Tnxb",5,"brown","GO_BP",3,"Tgfb1/Tie1/Tnxb","GO_BP (todos los genes del módulo)",NA
"Fibroblasts","GO:2000146","negative regulation of cell motility","13/226","279/13010",0.046594982078853,2.68230405684017,3.77674906373059,0.00119493216040831,0.0486369684749976,0.0442447853989022,"Arap3/Chrd/Csprs/Cx3cr1/Dcn/Dpep1/Egfl7/Ifitm1/Mmrn2/Pparg/Srgap1/Tgfb1/Tie1",13,"brown","GO_BP",3,"Dcn/Tgfb1/Tie1","GO_BP (todos los genes del módulo)",NA
"SmoothMuscleCells","GO:0003007","heart morphogenesis","23/546","257/13010",0.0894941634241245,2.13245250210231,3.83769039800996,0.000520375748531761,0.0495148837244243,0.0461550663915127,"Abcc9/Dvl2/Ext1/Gata6/Hand2/Heyl/Ift172/Kcnj8/Lrp1/Mical2/Pbrm1/Pkd2/Rtn4/S1pr1/Sav1/Smad6/Snai1/Spry1/Tbx20/Tcap/Tek/Tgfb1/Tgfbr1",23,"brown","GO_BP",5,"Lrp1/Rtn4/Tek/Tgfb1/Tgfbr1","GO_BP (todos los genes del módulo)",NA
