"sender","receiver","ligand","receptor","contrasts_active","n_contrasts","max_aupr_corrected","aupr_sender_ct"
"Fibroblasts","Fibroblasts","Postn","Itgav","age30m-age3m",1,0.00109579134037307,"Fibroblasts"
"Fibroblasts","Fibroblasts","Postn","Itgb5","age30m-age3m",1,0.00109579134037307,"Fibroblasts"
"Fibroblasts","Fibroblasts","Postn","Ptk7","age30m-age3m",1,0.00109579134037307,"Fibroblasts"
"Fibroblasts","Leukocytes","Postn","Itgav","age30m-age3m",1,0.00109579134037307,"Fibroblasts"
"Fibroblasts","Fibroblasts","Postn","Itgb3","age30m-age3m",1,0.00109579134037307,"Fibroblasts"
"Fibroblasts","Leukocytes","Postn","Itgb3","age30m-age3m",1,0.00109579134037307,"Fibroblasts"
"Fibroblasts","Leukocytes","Postn","Itgb5","age30m-age3m",1,0.00109579134037307,"Fibroblasts"
"Fibroblasts","EndothelialCells","Postn","Itgav","age30m-age3m",1,0.00109579134037307,"Fibroblasts"
"Leukocytes","Fibroblasts","Postn","Itgav","age30m-age3m",1,0.00109579134037307,"Fibroblasts"
"Leukocytes","Fibroblasts","Postn","Itgb5","age30m-age3m",1,0.00109579134037307,"Fibroblasts"
"Fibroblasts","EndothelialCells","Postn","Itgb5","age30m-age3m",1,0.00109579134037307,"Fibroblasts"
"Leukocytes","Fibroblasts","Postn","Itgb3","age30m-age3m",1,0.00109579134037307,"Fibroblasts"
"Myocytes","Fibroblasts","Postn","Itgav","age30m-age3m",1,0.00109579134037307,"Fibroblasts"
"Myocytes","Fibroblasts","Postn","Itgb5","age30m-age3m",1,0.00109579134037307,"Fibroblasts"
"Leukocytes","Fibroblasts","Postn","Ptk7","age30m-age3m",1,0.00109579134037307,"Fibroblasts"
"Myocytes","Fibroblasts","Postn","Itgb3","age30m-age3m",1,0.00109579134037307,"Fibroblasts"
"Leukocytes","Leukocytes","Postn","Itgav","age30m-age3m",1,0.00109579134037307,"Fibroblasts"
"Myocytes","Fibroblasts","Postn","Ptk7","age30m-age3m",1,0.00109579134037307,"Fibroblasts"
"Leukocytes","Leukocytes","Postn","Itgb5","age30m-age3m",1,0.00109579134037307,"Fibroblasts"
"Myocytes","Leukocytes","Postn","Itgav","age30m-age3m",1,0.00109579134037307,"Fibroblasts"
"Fibroblasts","Myocytes","Postn","Itgb5","age30m-age3m",1,0.00109579134037307,"Fibroblasts"
"Leukocytes","EndothelialCells","Postn","Itgav","age30m-age3m",1,0.00109579134037307,"Fibroblasts"
"Myocytes","Leukocytes","Postn","Itgb5","age30m-age3m",1,0.00109579134037307,"Fibroblasts"
"Myocytes","EndothelialCells","Postn","Itgav","age30m-age3m",1,0.00109579134037307,"Fibroblasts"
"Leukocytes","EndothelialCells","Postn","Itgb5","age30m-age3m",1,0.00109579134037307,"Fibroblasts"
"Myocytes","EndothelialCells","Postn","Itgb5","age30m-age3m",1,0.00109579134037307,"Fibroblasts"
"Leukocytes","Myocytes","Postn","Itgb5","age30m-age3m",1,0.00109579134037307,"Fibroblasts"
"Myocytes","Myocytes","Postn","Itgb5","age30m-age3m",1,0.00109579134037307,"Fibroblasts"
"EndothelialCells","Fibroblasts","Epha4","Fgfr1","age30m-age3m",1,0.000457782882912389,"EndothelialCells"
"EndothelialCells","EndothelialCells","Epha4","Fgfr3","age30m-age3m",1,0.000457782882912389,"EndothelialCells"
"EndothelialCells","Leukocytes","Epha4","Fgfr1","age30m-age3m",1,0.000457782882912389,"EndothelialCells"
"EndothelialCells","EndothelialCells","Epha4","Fgfr1","age30m-age3m",1,0.000457782882912389,"EndothelialCells"
"Fibroblasts","Fibroblasts","Epha4","Fgfr1","age30m-age3m",1,0.000457782882912389,"EndothelialCells"
"EndothelialCells","Leukocytes","Epha4","Fgfr3","age30m-age3m",1,0.000457782882912389,"EndothelialCells"
"Fibroblasts","EndothelialCells","Epha4","Fgfr3","age30m-age3m",1,0.000457782882912389,"EndothelialCells"
"Fibroblasts","Leukocytes","Epha4","Fgfr1","age30m-age3m",1,0.000457782882912389,"EndothelialCells"
"Myocytes","Fibroblasts","Epha4","Fgfr1","age30m-age3m",1,0.000457782882912389,"EndothelialCells"
"Myocytes","EndothelialCells","Epha4","Fgfr3","age30m-age3m",1,0.000457782882912389,"EndothelialCells"
"Fibroblasts","EndothelialCells","Epha4","Fgfr1","age30m-age3m",1,0.000457782882912389,"EndothelialCells"
"Myocytes","Leukocytes","Epha4","Fgfr1","age30m-age3m",1,0.000457782882912389,"EndothelialCells"
"Myocytes","EndothelialCells","Epha4","Fgfr1","age30m-age3m",1,0.000457782882912389,"EndothelialCells"
"EndothelialCells","Fibroblasts","Hbegf","Cd9","age30m-age3m",1,0.000448887770580743,"EndothelialCells"
"EndothelialCells","Leukocytes","Hbegf","Cd82","age30m-age3m",1,0.000448887770580743,"EndothelialCells"
"EndothelialCells","Fibroblasts","Hbegf","Egfr","age30m-age3m",1,0.000448887770580743,"EndothelialCells"
"EndothelialCells","Fibroblasts","Hbegf","Cd82","age30m-age3m",1,0.000448887770580743,"EndothelialCells"
"EndothelialCells","Fibroblasts","Hbegf","Erbb2","age30m-age3m",1,0.000448887770580743,"EndothelialCells"
"EndothelialCells","Leukocytes","Hbegf","Cd9","age30m-age3m",1,0.000448887770580743,"EndothelialCells"
"Fibroblasts","Fibroblasts","Hbegf","Cd9","age30m-age3m",1,0.000448887770580743,"EndothelialCells"
"EndothelialCells","Leukocytes","Hbegf","Cd44","age30m-age3m",1,0.000448887770580743,"EndothelialCells"
"EndothelialCells","EndothelialCells","Hbegf","Cd82","age30m-age3m",1,0.000448887770580743,"EndothelialCells"
"Fibroblasts","Leukocytes","Hbegf","Cd82","age30m-age3m",1,0.000448887770580743,"EndothelialCells"
"EndothelialCells","Fibroblasts","Hbegf","Cd44","age30m-age3m",1,0.000448887770580743,"EndothelialCells"
"Fibroblasts","Fibroblasts","Hbegf","Egfr","age30m-age3m",1,0.000448887770580743,"EndothelialCells"
"Fibroblasts","Fibroblasts","Hbegf","Cd82","age30m-age3m",1,0.000448887770580743,"EndothelialCells"
"EndothelialCells","EndothelialCells","Hbegf","Cd9","age30m-age3m",1,0.000448887770580743,"EndothelialCells"
"Fibroblasts","Fibroblasts","Hbegf","Erbb2","age30m-age3m",1,0.000448887770580743,"EndothelialCells"
"Fibroblasts","Leukocytes","Hbegf","Cd9","age30m-age3m",1,0.000448887770580743,"EndothelialCells"
"Fibroblasts","Leukocytes","Hbegf","Cd44","age30m-age3m",1,0.000448887770580743,"EndothelialCells"
"Fibroblasts","EndothelialCells","Hbegf","Cd82","age30m-age3m",1,0.000448887770580743,"EndothelialCells"
"Fibroblasts","Fibroblasts","Hbegf","Cd44","age30m-age3m",1,0.000448887770580743,"EndothelialCells"
"Fibroblasts","EndothelialCells","Hbegf","Cd9","age30m-age3m",1,0.000448887770580743,"EndothelialCells"
"EndothelialCells","Myocytes","Hbegf","Cd9","age30m-age3m",1,0.000448887770580743,"EndothelialCells"
"EndothelialCells","Leukocytes","Hbegf","Egfr","age30m-age3m",1,0.000448887770580743,"EndothelialCells"
"Fibroblasts","Myocytes","Hbegf","Cd9","age30m-age3m",1,0.000448887770580743,"EndothelialCells"
"Myocytes","Fibroblasts","Hbegf","Cd9","age30m-age3m",1,0.000448887770580743,"EndothelialCells"
"EndothelialCells","Myocytes","Hbegf","Cd44","age30m-age3m",1,0.000448887770580743,"EndothelialCells"
"Myocytes","Leukocytes","Hbegf","Cd82","age30m-age3m",1,0.000448887770580743,"EndothelialCells"
"Myocytes","Fibroblasts","Hbegf","Egfr","age30m-age3m",1,0.000448887770580743,"EndothelialCells"
"Myocytes","Fibroblasts","Hbegf","Cd82","age30m-age3m",1,0.000448887770580743,"EndothelialCells"
"Myocytes","Fibroblasts","Hbegf","Erbb2","age30m-age3m",1,0.000448887770580743,"EndothelialCells"
"Myocytes","Leukocytes","Hbegf","Cd9","age30m-age3m",1,0.000448887770580743,"EndothelialCells"
"Fibroblasts","Leukocytes","Hbegf","Egfr","age30m-age3m",1,0.000448887770580743,"EndothelialCells"
"Myocytes","Leukocytes","Hbegf","Cd44","age30m-age3m",1,0.000448887770580743,"EndothelialCells"
"Myocytes","EndothelialCells","Hbegf","Cd82","age30m-age3m",1,0.000448887770580743,"EndothelialCells"
"Fibroblasts","Myocytes","Hbegf","Cd44","age30m-age3m",1,0.000448887770580743,"EndothelialCells"
"Myocytes","Fibroblasts","Hbegf","Cd44","age30m-age3m",1,0.000448887770580743,"EndothelialCells"
"Myocytes","EndothelialCells","Hbegf","Cd9","age30m-age3m",1,0.000448887770580743,"EndothelialCells"
"EndothelialCells","EndothelialCells","Hbegf","Cd44","age30m-age3m",1,0.000448887770580743,"EndothelialCells"
"Fibroblasts","EndothelialCells","Hbegf","Cd44","age30m-age3m",1,0.000448887770580743,"EndothelialCells"
"Myocytes","Leukocytes","Hbegf","Egfr","age30m-age3m",1,0.000448887770580743,"EndothelialCells"
"Myocytes","Myocytes","Hbegf","Cd44","age30m-age3m",1,0.000448887770580743,"EndothelialCells"
"Myocytes","Myocytes","Hbegf","Cd9","age30m-age3m",1,0.000448887770580743,"EndothelialCells"
"Fibroblasts","Myocytes","Lama2","Rpsa","age30m-age3m",1,0.000410870089672555,"Fibroblasts"
"Fibroblasts","Fibroblasts","Lama2","Itga9","age30m-age3m",1,0.000410870089672555,"Fibroblasts"
"Fibroblasts","Fibroblasts","Lama2","Dag1","age30m-age3m",1,0.000410870089672555,"Fibroblasts"
"Fibroblasts","Leukocytes","Lama2","Itga9","age30m-age3m",1,0.000410870089672555,"Fibroblasts"
"Fibroblasts","EndothelialCells","Lama2","Itga1","age30m-age3m",1,0.000410870089672555,"Fibroblasts"
"Fibroblasts","EndothelialCells","Lama2","Itga6","age30m-age3m",1,0.000410870089672555,"Fibroblasts"
"Fibroblasts","EndothelialCells","Lama2","Itgb1","age30m-age3m",1,0.000410870089672555,"Fibroblasts"
"Fibroblasts","Fibroblasts","Lama2","Itga1","age30m-age3m",1,0.000410870089672555,"Fibroblasts"
"Fibroblasts","EndothelialCells","Lama2","Dag1","age30m-age3m",1,0.000410870089672555,"Fibroblasts"
"Fibroblasts","Fibroblasts","Lama2","Rpsa","age30m-age3m",1,0.000410870089672555,"Fibroblasts"
"Fibroblasts","Leukocytes","Lama2","Dag1","age30m-age3m",1,0.000410870089672555,"Fibroblasts"
"Fibroblasts","EndothelialCells","Lama2","Itga9","age30m-age3m",1,0.000410870089672555,"Fibroblasts"
"Fibroblasts","Fibroblasts","Lama2","Itgb1","age30m-age3m",1,0.000410870089672555,"Fibroblasts"
"Fibroblasts","Leukocytes","Lama2","Itgb1","age30m-age3m",1,0.000410870089672555,"Fibroblasts"
"Fibroblasts","Myocytes","Lama2","Itga7","age30m-age3m",1,0.000410870089672555,"Fibroblasts"
"Fibroblasts","Leukocytes","Lama2","Itgb4","age30m-age3m",1,0.000410870089672555,"Fibroblasts"
"Fibroblasts","Leukocytes","Lama2","Rpsa","age30m-age3m",1,0.000410870089672555,"Fibroblasts"
"Myocytes","Myocytes","Lama2","Rpsa","age30m-age3m",1,0.000410870089672555,"Fibroblasts"
"Fibroblasts","Myocytes","Lama2","Itgb1","age30m-age3m",1,0.000410870089672555,"Fibroblasts"
"Fibroblasts","EndothelialCells","Lama2","Rpsa","age30m-age3m",1,0.000410870089672555,"Fibroblasts"
"Myocytes","Fibroblasts","Lama2","Itga9","age30m-age3m",1,0.000410870089672555,"Fibroblasts"
"Fibroblasts","Myocytes","Lama2","Itga6","age30m-age3m",1,0.000410870089672555,"Fibroblasts"
"Myocytes","Fibroblasts","Lama2","Dag1","age30m-age3m",1,0.000410870089672555,"Fibroblasts"
"Myocytes","Leukocytes","Lama2","Itga9","age30m-age3m",1,0.000410870089672555,"Fibroblasts"
"Myocytes","EndothelialCells","Lama2","Itga1","age30m-age3m",1,0.000410870089672555,"Fibroblasts"
"Myocytes","EndothelialCells","Lama2","Itga6","age30m-age3m",1,0.000410870089672555,"Fibroblasts"
"Myocytes","EndothelialCells","Lama2","Itgb1","age30m-age3m",1,0.000410870089672555,"Fibroblasts"
"Myocytes","Fibroblasts","Lama2","Itga1","age30m-age3m",1,0.000410870089672555,"Fibroblasts"
"Fibroblasts","Myocytes","Lama2","Dag1","age30m-age3m",1,0.000410870089672555,"Fibroblasts"
"Myocytes","EndothelialCells","Lama2","Dag1","age30m-age3m",1,0.000410870089672555,"Fibroblasts"
"Myocytes","Leukocytes","Lama2","Itgb4","age30m-age3m",1,0.000410870089672555,"Fibroblasts"
"Myocytes","Fibroblasts","Lama2","Rpsa","age30m-age3m",1,0.000410870089672555,"Fibroblasts"
"Myocytes","Leukocytes","Lama2","Dag1","age30m-age3m",1,0.000410870089672555,"Fibroblasts"
"Myocytes","EndothelialCells","Lama2","Itga9","age30m-age3m",1,0.000410870089672555,"Fibroblasts"
"Myocytes","Fibroblasts","Lama2","Itgb1","age30m-age3m",1,0.000410870089672555,"Fibroblasts"
"Myocytes","Leukocytes","Lama2","Itgb1","age30m-age3m",1,0.000410870089672555,"Fibroblasts"
"Myocytes","Leukocytes","Lama2","Rpsa","age30m-age3m",1,0.000410870089672555,"Fibroblasts"
"Myocytes","Myocytes","Lama2","Itgb1","age30m-age3m",1,0.000410870089672555,"Fibroblasts"
"Myocytes","EndothelialCells","Lama2","Rpsa","age30m-age3m",1,0.000410870089672555,"Fibroblasts"
"EndothelialCells","Fibroblasts","Mmrn2","Cd248","age30m-age3m",1,0.000330476723621225,"EndothelialCells"
"EndothelialCells","EndothelialCells","Mmrn2","Clec14a","age30m-age3m",1,0.000330476723621225,"EndothelialCells"
"EndothelialCells","EndothelialCells","Mmrn2","Cd93","age30m-age3m",1,0.000330476723621225,"EndothelialCells"
"Leukocytes","Fibroblasts","Mmrn2","Cd248","age30m-age3m",1,0.000330476723621225,"EndothelialCells"
"EndothelialCells","Leukocytes","Mmrn2","Clec14a","age30m-age3m",1,0.000330476723621225,"EndothelialCells"
"EndothelialCells","Leukocytes","Mmrn2","Cd93","age30m-age3m",1,0.000330476723621225,"EndothelialCells"
"Leukocytes","EndothelialCells","Mmrn2","Clec14a","age30m-age3m",1,0.000330476723621225,"EndothelialCells"
"Leukocytes","EndothelialCells","Mmrn2","Cd93","age30m-age3m",1,0.000330476723621225,"EndothelialCells"
"Leukocytes","Leukocytes","Mmrn2","Clec14a","age30m-age3m",1,0.000330476723621225,"EndothelialCells"
"Leukocytes","Leukocytes","Mmrn2","Cd93","age30m-age3m",1,0.000330476723621225,"EndothelialCells"
"EndothelialCells","Myocytes","Mmrn2","Cd93","age30m-age3m",1,0.000330476723621225,"EndothelialCells"
"EndothelialCells","Fibroblasts","Mmrn2","Cd93","age30m-age3m",1,0.000330476723621225,"EndothelialCells"
"Leukocytes","Myocytes","Mmrn2","Cd93","age30m-age3m",1,0.000330476723621225,"EndothelialCells"
"EndothelialCells","Fibroblasts","Mmrn2","Clec14a","age30m-age3m",1,0.000330476723621225,"EndothelialCells"
"Leukocytes","Fibroblasts","Mmrn2","Cd93","age30m-age3m",1,0.000330476723621225,"EndothelialCells"
"Fibroblasts","Fibroblasts","Mmrn2","Cd248","age30m-age3m",1,0.000330476723621225,"EndothelialCells"
"Leukocytes","Fibroblasts","Mmrn2","Clec14a","age30m-age3m",1,0.000330476723621225,"EndothelialCells"
"Fibroblasts","EndothelialCells","Mmrn2","Clec14a","age30m-age3m",1,0.000330476723621225,"EndothelialCells"
"Fibroblasts","EndothelialCells","Mmrn2","Cd93","age30m-age3m",1,0.000330476723621225,"EndothelialCells"
"Fibroblasts","Leukocytes","Mmrn2","Clec14a","age30m-age3m",1,0.000330476723621225,"EndothelialCells"
"Fibroblasts","Leukocytes","Mmrn2","Cd93","age30m-age3m",1,0.000330476723621225,"EndothelialCells"
"Fibroblasts","Myocytes","Mmrn2","Cd93","age30m-age3m",1,0.000330476723621225,"EndothelialCells"
"Fibroblasts","Fibroblasts","Mmrn2","Cd93","age30m-age3m",1,0.000330476723621225,"EndothelialCells"
"Fibroblasts","Fibroblasts","Mmrn2","Clec14a","age30m-age3m",1,0.000330476723621225,"EndothelialCells"
"Leukocytes","Leukocytes","Osm","Lifr","age30m-age3m",1,0.000201689444712854,"Leukocytes"
"Leukocytes","EndothelialCells","Osm","Il6st","age30m-age3m",1,0.000201689444712854,"Leukocytes"
"Leukocytes","EndothelialCells","Osm","Osmr","age30m-age3m",1,0.000201689444712854,"Leukocytes"
"Leukocytes","Fibroblasts","Osm","Osmr","age30m-age3m",1,0.000201689444712854,"Leukocytes"
"Leukocytes","Fibroblasts","Osm","Il6st","age30m-age3m",1,0.000201689444712854,"Leukocytes"
"Leukocytes","Leukocytes","Osm","Il6st","age30m-age3m",1,0.000201689444712854,"Leukocytes"
"Leukocytes","EndothelialCells","Osm","Lifr","age30m-age3m",1,0.000201689444712854,"Leukocytes"
"Leukocytes","Fibroblasts","Osm","Lifr","age30m-age3m",1,0.000201689444712854,"Leukocytes"
"Leukocytes","Myocytes","Osm","Lifr","age30m-age3m",1,0.000201689444712854,"Leukocytes"
"Leukocytes","Myocytes","Osm","Il6st","age30m-age3m",1,0.000201689444712854,"Leukocytes"
"Fibroblasts","Fibroblasts","Nrxn2","Nlgn2","age30m-age3m",1,0.000192539445719121,"Fibroblasts"
"Fibroblasts","EndothelialCells","Nrxn2","Nlgn2","age30m-age3m",1,0.000192539445719121,"Fibroblasts"
"Fibroblasts","Fibroblasts","Nrxn2","Fgfrl1","age30m-age3m",1,0.000192539445719121,"Fibroblasts"
"Fibroblasts","Fibroblasts","Nrxn2","Dag1","age30m-age3m",1,0.000192539445719121,"Fibroblasts"
"Fibroblasts","EndothelialCells","Nrxn2","Dag1","age30m-age3m",1,0.000192539445719121,"Fibroblasts"
"Fibroblasts","Leukocytes","Nrxn2","Siglece","age30m-age3m",1,0.000192539445719121,"Fibroblasts"
"Fibroblasts","Leukocytes","Nrxn2","Dag1","age30m-age3m",1,0.000192539445719121,"Fibroblasts"
"Fibroblasts","Fibroblasts","Nrxn2","Nlgn3","age30m-age3m",1,0.000192539445719121,"Fibroblasts"
"Myocytes","Fibroblasts","Nrxn2","Nlgn2","age30m-age3m",1,0.000192539445719121,"Fibroblasts"
"Myocytes","EndothelialCells","Nrxn2","Nlgn2","age30m-age3m",1,0.000192539445719121,"Fibroblasts"
"Myocytes","Fibroblasts","Nrxn2","Fgfrl1","age30m-age3m",1,0.000192539445719121,"Fibroblasts"
"Myocytes","Fibroblasts","Nrxn2","Dag1","age30m-age3m",1,0.000192539445719121,"Fibroblasts"
"Myocytes","EndothelialCells","Nrxn2","Dag1","age30m-age3m",1,0.000192539445719121,"Fibroblasts"
"Myocytes","Leukocytes","Nrxn2","Siglece","age30m-age3m",1,0.000192539445719121,"Fibroblasts"
"Myocytes","Leukocytes","Nrxn2","Dag1","age30m-age3m",1,0.000192539445719121,"Fibroblasts"
"Fibroblasts","Myocytes","Nrxn2","Dag1","age30m-age3m",1,0.000192539445719121,"Fibroblasts"
"Myocytes","Myocytes","Nrxn2","Dag1","age30m-age3m",1,0.000192539445719121,"Fibroblasts"
"Leukocytes","Fibroblasts","Pf4","Sdc2","age30m-age3m",1,0.000139084154281317,"Fibroblasts"
"Leukocytes","Fibroblasts","Pf4","Thbd","age30m-age3m",1,0.000139084154281317,"Fibroblasts"
"Leukocytes","Fibroblasts","Pf4","Ldlr","age30m-age3m",1,0.000139084154281317,"Fibroblasts"
"Myocytes","Fibroblasts","Pf4","Sdc2","age30m-age3m",1,0.000139084154281317,"Fibroblasts"
"Leukocytes","Leukocytes","Pf4","Ldlr","age30m-age3m",1,0.000139084154281317,"Fibroblasts"
"Leukocytes","Leukocytes","Pf4","Thbd","age30m-age3m",1,0.000139084154281317,"Fibroblasts"
"Myocytes","Fibroblasts","Pf4","Thbd","age30m-age3m",1,0.000139084154281317,"Fibroblasts"
"Myocytes","Fibroblasts","Pf4","Ldlr","age30m-age3m",1,0.000139084154281317,"Fibroblasts"
"Leukocytes","EndothelialCells","Pf4","Thbd","age30m-age3m",1,0.000139084154281317,"Fibroblasts"
"Fibroblasts","Fibroblasts","Pf4","Sdc2","age30m-age3m",1,0.000139084154281317,"Fibroblasts"
"EndothelialCells","Fibroblasts","Pf4","Sdc2","age30m-age3m",1,0.000139084154281317,"Fibroblasts"
"Myocytes","Leukocytes","Pf4","Ldlr","age30m-age3m",1,0.000139084154281317,"Fibroblasts"
"Fibroblasts","Fibroblasts","Pf4","Thbd","age30m-age3m",1,0.000139084154281317,"Fibroblasts"
"Fibroblasts","Fibroblasts","Pf4","Ldlr","age30m-age3m",1,0.000139084154281317,"Fibroblasts"
"Myocytes","Leukocytes","Pf4","Thbd","age30m-age3m",1,0.000139084154281317,"Fibroblasts"
"EndothelialCells","Fibroblasts","Pf4","Thbd","age30m-age3m",1,0.000139084154281317,"Fibroblasts"
"EndothelialCells","Fibroblasts","Pf4","Ldlr","age30m-age3m",1,0.000139084154281317,"Fibroblasts"
"Leukocytes","Leukocytes","Pf4","Procr","age30m-age3m",1,0.000139084154281317,"Fibroblasts"
"Myocytes","EndothelialCells","Pf4","Thbd","age30m-age3m",1,0.000139084154281317,"Fibroblasts"
"Fibroblasts","Leukocytes","Pf4","Ldlr","age30m-age3m",1,0.000139084154281317,"Fibroblasts"
"Fibroblasts","Leukocytes","Pf4","Thbd","age30m-age3m",1,0.000139084154281317,"Fibroblasts"
"EndothelialCells","Leukocytes","Pf4","Ldlr","age30m-age3m",1,0.000139084154281317,"Fibroblasts"
"EndothelialCells","Leukocytes","Pf4","Thbd","age30m-age3m",1,0.000139084154281317,"Fibroblasts"
"Fibroblasts","EndothelialCells","Pf4","Thbd","age30m-age3m",1,0.000139084154281317,"Fibroblasts"
"EndothelialCells","EndothelialCells","Pf4","Thbd","age30m-age3m",1,0.000139084154281317,"Fibroblasts"
"Myocytes","Leukocytes","Pf4","Procr","age30m-age3m",1,0.000139084154281317,"Fibroblasts"
"Leukocytes","Leukocytes","Pf4","Sdc2","age30m-age3m",1,0.000139084154281317,"Fibroblasts"
"Leukocytes","EndothelialCells","Pf4","Procr","age30m-age3m",1,0.000139084154281317,"Fibroblasts"
"Fibroblasts","Leukocytes","Pf4","Procr","age30m-age3m",1,0.000139084154281317,"Fibroblasts"
"EndothelialCells","Leukocytes","Pf4","Procr","age30m-age3m",1,0.000139084154281317,"Fibroblasts"
"Leukocytes","Myocytes","Pf4","Sdc2","age30m-age3m",1,0.000139084154281317,"Fibroblasts"
"Leukocytes","Myocytes","Pf4","Thbd","age30m-age3m",1,0.000139084154281317,"Fibroblasts"
"Myocytes","Leukocytes","Pf4","Sdc2","age30m-age3m",1,0.000139084154281317,"Fibroblasts"
"Myocytes","EndothelialCells","Pf4","Procr","age30m-age3m",1,0.000139084154281317,"Fibroblasts"
"Fibroblasts","Leukocytes","Pf4","Sdc2","age30m-age3m",1,0.000139084154281317,"Fibroblasts"
"Myocytes","Myocytes","Pf4","Sdc2","age30m-age3m",1,0.000139084154281317,"Fibroblasts"
"Fibroblasts","EndothelialCells","Pf4","Procr","age30m-age3m",1,0.000139084154281317,"Fibroblasts"
"EndothelialCells","Leukocytes","Pf4","Sdc2","age30m-age3m",1,0.000139084154281317,"Fibroblasts"
"EndothelialCells","EndothelialCells","Pf4","Procr","age30m-age3m",1,0.000139084154281317,"Fibroblasts"
"Myocytes","Myocytes","Pf4","Thbd","age30m-age3m",1,0.000139084154281317,"Fibroblasts"
"Fibroblasts","Myocytes","Pf4","Sdc2","age30m-age3m",1,0.000139084154281317,"Fibroblasts"
"EndothelialCells","Myocytes","Pf4","Sdc2","age30m-age3m",1,0.000139084154281317,"Fibroblasts"
"Fibroblasts","Myocytes","Pf4","Thbd","age30m-age3m",1,0.000139084154281317,"Fibroblasts"
"EndothelialCells","Myocytes","Pf4","Thbd","age30m-age3m",1,0.000139084154281317,"Fibroblasts"
"Fibroblasts","Leukocytes","Rarres2","Ccrl2","age30m-age3m",1,0.000123994014856098,"Fibroblasts"
"Fibroblasts","Leukocytes","Rarres2","Cmklr1","age30m-age3m",1,0.000123994014856098,"Fibroblasts"
"Fibroblasts","Fibroblasts","Rarres2","Cmklr1","age30m-age3m",1,0.000123994014856098,"Fibroblasts"
"Fibroblasts","EndothelialCells","Rarres2","Ccrl2","age30m-age3m",1,0.000123994014856098,"Fibroblasts"
"EndothelialCells","Leukocytes","Rarres2","Ccrl2","age30m-age3m",1,0.000123994014856098,"Fibroblasts"
"EndothelialCells","Leukocytes","Rarres2","Cmklr1","age30m-age3m",1,0.000123994014856098,"Fibroblasts"
"Leukocytes","Leukocytes","Rarres2","Ccrl2","age30m-age3m",1,0.000123994014856098,"Fibroblasts"
"Leukocytes","Leukocytes","Rarres2","Cmklr1","age30m-age3m",1,0.000123994014856098,"Fibroblasts"
"EndothelialCells","Fibroblasts","Rarres2","Cmklr1","age30m-age3m",1,0.000123994014856098,"Fibroblasts"
"Leukocytes","Fibroblasts","Rarres2","Cmklr1","age30m-age3m",1,0.000123994014856098,"Fibroblasts"
"EndothelialCells","EndothelialCells","Rarres2","Ccrl2","age30m-age3m",1,0.000123994014856098,"Fibroblasts"
"Leukocytes","EndothelialCells","Rarres2","Ccrl2","age30m-age3m",1,0.000123994014856098,"Fibroblasts"
"Fibroblasts","Fibroblasts","Rarres2","Ccrl2","age30m-age3m",1,0.000123994014856098,"Fibroblasts"
"Fibroblasts","Myocytes","Rarres2","Ccrl2","age30m-age3m",1,0.000123994014856098,"Fibroblasts"
"EndothelialCells","Fibroblasts","Rarres2","Ccrl2","age30m-age3m",1,0.000123994014856098,"Fibroblasts"
"EndothelialCells","Myocytes","Rarres2","Ccrl2","age30m-age3m",1,0.000123994014856098,"Fibroblasts"
"Leukocytes","Fibroblasts","Rarres2","Ccrl2","age30m-age3m",1,0.000123994014856098,"Fibroblasts"
"Leukocytes","Myocytes","Rarres2","Ccrl2","age30m-age3m",1,0.000123994014856098,"Fibroblasts"
"Fibroblasts","Leukocytes","Angpt1","Itga5","age30m-age3m",1,8.51437418224674e-05,"Fibroblasts"
"Fibroblasts","EndothelialCells","Angpt1","Tek","age30m-age3m",1,8.51437418224674e-05,"Fibroblasts"
"Fibroblasts","Fibroblasts","Angpt1","Itga5","age30m-age3m",1,8.51437418224674e-05,"Fibroblasts"
"Fibroblasts","Leukocytes","Angpt1","Tek","age30m-age3m",1,8.51437418224674e-05,"Fibroblasts"
"Fibroblasts","EndothelialCells","Angpt1","Tie1","age30m-age3m",1,8.51437418224674e-05,"Fibroblasts"
"Fibroblasts","Leukocytes","Angpt1","Tie1","age30m-age3m",1,8.51437418224674e-05,"Fibroblasts"
"Fibroblasts","EndothelialCells","Angpt1","Itgb1","age30m-age3m",1,8.51437418224674e-05,"Fibroblasts"
"Fibroblasts","Fibroblasts","Angpt1","Tek","age30m-age3m",1,8.51437418224674e-05,"Fibroblasts"
"Fibroblasts","EndothelialCells","Angpt1","Itga5","age30m-age3m",1,8.51437418224674e-05,"Fibroblasts"
"Fibroblasts","Leukocytes","Angpt1","Itgb1","age30m-age3m",1,8.51437418224674e-05,"Fibroblasts"
"Fibroblasts","Fibroblasts","Angpt1","Tie1","age30m-age3m",1,8.51437418224674e-05,"Fibroblasts"
"Fibroblasts","Fibroblasts","Angpt1","Itgb1","age30m-age3m",1,8.51437418224674e-05,"Fibroblasts"
"Fibroblasts","Myocytes","Angpt1","Tie1","age30m-age3m",1,8.51437418224674e-05,"Fibroblasts"
"Myocytes","Leukocytes","Angpt1","Itga5","age30m-age3m",1,8.51437418224674e-05,"Fibroblasts"
"Myocytes","EndothelialCells","Angpt1","Tek","age30m-age3m",1,8.51437418224674e-05,"Fibroblasts"
"Myocytes","Fibroblasts","Angpt1","Itga5","age30m-age3m",1,8.51437418224674e-05,"Fibroblasts"
"Myocytes","Leukocytes","Angpt1","Tek","age30m-age3m",1,8.51437418224674e-05,"Fibroblasts"
"Myocytes","EndothelialCells","Angpt1","Tie1","age30m-age3m",1,8.51437418224674e-05,"Fibroblasts"
"Myocytes","Leukocytes","Angpt1","Tie1","age30m-age3m",1,8.51437418224674e-05,"Fibroblasts"
"Myocytes","EndothelialCells","Angpt1","Itgb1","age30m-age3m",1,8.51437418224674e-05,"Fibroblasts"
"Myocytes","Fibroblasts","Angpt1","Tek","age30m-age3m",1,8.51437418224674e-05,"Fibroblasts"
"Fibroblasts","Myocytes","Angpt1","Itgb1","age30m-age3m",1,8.51437418224674e-05,"Fibroblasts"
"Myocytes","EndothelialCells","Angpt1","Itga5","age30m-age3m",1,8.51437418224674e-05,"Fibroblasts"
"Myocytes","Leukocytes","Angpt1","Itgb1","age30m-age3m",1,8.51437418224674e-05,"Fibroblasts"
"Fibroblasts","Myocytes","Angpt1","Itga5","age30m-age3m",1,8.51437418224674e-05,"Fibroblasts"
"Myocytes","Fibroblasts","Angpt1","Tie1","age30m-age3m",1,8.51437418224674e-05,"Fibroblasts"
"Myocytes","Fibroblasts","Angpt1","Itgb1","age30m-age3m",1,8.51437418224674e-05,"Fibroblasts"
"Myocytes","Myocytes","Angpt1","Itga5","age30m-age3m",1,8.51437418224674e-05,"Fibroblasts"
"Myocytes","Myocytes","Angpt1","Itgb1","age30m-age3m",1,8.51437418224674e-05,"Fibroblasts"
"Fibroblasts","Leukocytes","Ctf1","Lifr","age30m-age3m",1,1.45235294287992e-05,"Myocytes"
"Fibroblasts","EndothelialCells","Ctf1","Il6st","age30m-age3m",1,1.45235294287992e-05,"Myocytes"
"Fibroblasts","Fibroblasts","Ctf1","Il6st","age30m-age3m",1,1.45235294287992e-05,"Myocytes"
"Myocytes","Leukocytes","Ctf1","Lifr","age30m-age3m",1,1.45235294287992e-05,"Myocytes"
"Myocytes","EndothelialCells","Ctf1","Il6st","age30m-age3m",1,1.45235294287992e-05,"Myocytes"
"Myocytes","Fibroblasts","Ctf1","Il6st","age30m-age3m",1,1.45235294287992e-05,"Myocytes"
"Fibroblasts","Leukocytes","Ctf1","Il6st","age30m-age3m",1,1.45235294287992e-05,"Myocytes"
"Fibroblasts","Fibroblasts","Ctf1","Lifr","age30m-age3m",1,1.45235294287992e-05,"Myocytes"
"Myocytes","Leukocytes","Ctf1","Il6st","age30m-age3m",1,1.45235294287992e-05,"Myocytes"
"Fibroblasts","EndothelialCells","Ctf1","Lifr","age30m-age3m",1,1.45235294287992e-05,"Myocytes"
"Myocytes","Fibroblasts","Ctf1","Lifr","age30m-age3m",1,1.45235294287992e-05,"Myocytes"
"Myocytes","EndothelialCells","Ctf1","Lifr","age30m-age3m",1,1.45235294287992e-05,"Myocytes"
"Fibroblasts","Myocytes","Ctf1","Lifr","age30m-age3m",1,1.45235294287992e-05,"Myocytes"
"Myocytes","Myocytes","Ctf1","Il6st","age30m-age3m",1,1.45235294287992e-05,"Myocytes"
"Fibroblasts","Fibroblasts","Adm","Ramp1","age30m-age3m",1,-4.32392083189043e-06,"Fibroblasts"
"Fibroblasts","EndothelialCells","Adm","Ramp3","age30m-age3m",1,-4.32392083189043e-06,"Fibroblasts"
"EndothelialCells","Fibroblasts","Adm","Ramp1","age30m-age3m",1,-4.32392083189043e-06,"Fibroblasts"
"Fibroblasts","Fibroblasts","Adm","Ramp2","age30m-age3m",1,-4.32392083189043e-06,"Fibroblasts"
"Fibroblasts","Fibroblasts","Adm","Calcrl","age30m-age3m",1,-4.32392083189043e-06,"Fibroblasts"
"Fibroblasts","EndothelialCells","Adm","Ramp2","age30m-age3m",1,-4.32392083189043e-06,"Fibroblasts"
"EndothelialCells","EndothelialCells","Adm","Ramp3","age30m-age3m",1,-4.32392083189043e-06,"Fibroblasts"
"Fibroblasts","EndothelialCells","Adm","Gpr182","age30m-age3m",1,-4.32392083189043e-06,"Fibroblasts"
"Fibroblasts","Leukocytes","Adm","Calcrl","age30m-age3m",1,-4.32392083189043e-06,"Fibroblasts"
"EndothelialCells","Fibroblasts","Adm","Ramp2","age30m-age3m",1,-4.32392083189043e-06,"Fibroblasts"
"EndothelialCells","Fibroblasts","Adm","Calcrl","age30m-age3m",1,-4.32392083189043e-06,"Fibroblasts"
"EndothelialCells","EndothelialCells","Adm","Ramp2","age30m-age3m",1,-4.32392083189043e-06,"Fibroblasts"
"Fibroblasts","Leukocytes","Adm","Ramp2","age30m-age3m",1,-4.32392083189043e-06,"Fibroblasts"
"Fibroblasts","Leukocytes","Adm","Ramp1","age30m-age3m",1,-4.32392083189043e-06,"Fibroblasts"
"EndothelialCells","EndothelialCells","Adm","Gpr182","age30m-age3m",1,-4.32392083189043e-06,"Fibroblasts"
"EndothelialCells","Leukocytes","Adm","Calcrl","age30m-age3m",1,-4.32392083189043e-06,"Fibroblasts"
"Fibroblasts","EndothelialCells","Adm","Calcrl","age30m-age3m",1,-4.32392083189043e-06,"Fibroblasts"
"EndothelialCells","Leukocytes","Adm","Ramp2","age30m-age3m",1,-4.32392083189043e-06,"Fibroblasts"
"EndothelialCells","Leukocytes","Adm","Ramp1","age30m-age3m",1,-4.32392083189043e-06,"Fibroblasts"
"EndothelialCells","EndothelialCells","Adm","Calcrl","age30m-age3m",1,-4.32392083189043e-06,"Fibroblasts"
"Fibroblasts","Myocytes","Adm","Ramp2","age30m-age3m",1,-4.32392083189043e-06,"Fibroblasts"
"Fibroblasts","Myocytes","Adm","Ramp1","age30m-age3m",1,-4.32392083189043e-06,"Fibroblasts"
"EndothelialCells","Myocytes","Adm","Ramp2","age30m-age3m",1,-4.32392083189043e-06,"Fibroblasts"
"Fibroblasts","Leukocytes","Adm","Ramp3","age30m-age3m",1,-4.32392083189043e-06,"Fibroblasts"
"EndothelialCells","Myocytes","Adm","Ramp1","age30m-age3m",1,-4.32392083189043e-06,"Fibroblasts"
"EndothelialCells","Leukocytes","Adm","Ramp3","age30m-age3m",1,-4.32392083189043e-06,"Fibroblasts"
"Fibroblasts","Fibroblasts","Spon2","Itga5","age30m-age3m",1,-2.51847795061811e-05,"Fibroblasts"
"Fibroblasts","Leukocytes","Spon2","Itga5","age30m-age3m",1,-2.51847795061811e-05,"Fibroblasts"
"Fibroblasts","EndothelialCells","Spon2","Itgb1","age30m-age3m",1,-2.51847795061811e-05,"Fibroblasts"
"Fibroblasts","Leukocytes","Spon2","Itgam","age30m-age3m",1,-2.51847795061811e-05,"Fibroblasts"
"Fibroblasts","EndothelialCells","Spon2","Itga5","age30m-age3m",1,-2.51847795061811e-05,"Fibroblasts"
"Fibroblasts","Leukocytes","Spon2","Itgb2","age30m-age3m",1,-2.51847795061811e-05,"Fibroblasts"
"Fibroblasts","Leukocytes","Spon2","Itga4","age30m-age3m",1,-2.51847795061811e-05,"Fibroblasts"
"Fibroblasts","Leukocytes","Spon2","Itgb1","age30m-age3m",1,-2.51847795061811e-05,"Fibroblasts"
"Fibroblasts","Fibroblasts","Spon2","Itgb1","age30m-age3m",1,-2.51847795061811e-05,"Fibroblasts"
"Fibroblasts","EndothelialCells","Spon2","Itgb2","age30m-age3m",1,-2.51847795061811e-05,"Fibroblasts"
"Fibroblasts","Myocytes","Spon2","Itgb1","age30m-age3m",1,-2.51847795061811e-05,"Fibroblasts"
"Fibroblasts","Myocytes","Spon2","Itga5","age30m-age3m",1,-2.51847795061811e-05,"Fibroblasts"
"Myocytes","EndothelialCells","Angptl6","Tek","age30m-age3m",1,-0.000131908232889059,"Myocytes"
"Fibroblasts","EndothelialCells","Angptl6","Tek","age30m-age3m",1,-0.000131908232889059,"Myocytes"
"Myocytes","Fibroblasts","Angptl6","Tek","age30m-age3m",1,-0.000131908232889059,"Myocytes"
"Myocytes","Leukocytes","Angptl6","Tek","age30m-age3m",1,-0.000131908232889059,"Myocytes"
"Fibroblasts","Fibroblasts","Angptl6","Tek","age30m-age3m",1,-0.000131908232889059,"Myocytes"
"Fibroblasts","Leukocytes","Angptl6","Tek","age30m-age3m",1,-0.000131908232889059,"Myocytes"
"Fibroblasts","Fibroblasts","Nlgn2","Nrxn2","age30m-age3m",1,-0.000143295114159709,"Fibroblasts"
"EndothelialCells","Fibroblasts","Nlgn2","Nrxn2","age30m-age3m",1,-0.000143295114159709,"Fibroblasts"
"Fibroblasts","Myocytes","Nlgn2","Nrxn2","age30m-age3m",1,-0.000143295114159709,"Fibroblasts"
"EndothelialCells","Myocytes","Nlgn2","Nrxn2","age30m-age3m",1,-0.000143295114159709,"Fibroblasts"
"Leukocytes","Fibroblasts","Il15","Il15ra","age30m-age3m",1,-0.000181657404413785,"Fibroblasts"
"EndothelialCells","Fibroblasts","Il15","Il15ra","age30m-age3m",1,-0.000181657404413785,"Fibroblasts"
"Leukocytes","EndothelialCells","Il15","Il15ra","age30m-age3m",1,-0.000181657404413785,"Fibroblasts"
"EndothelialCells","EndothelialCells","Il15","Il15ra","age30m-age3m",1,-0.000181657404413785,"Fibroblasts"
"Fibroblasts","Fibroblasts","Il15","Il15ra","age30m-age3m",1,-0.000181657404413785,"Fibroblasts"
"Fibroblasts","EndothelialCells","Il15","Il15ra","age30m-age3m",1,-0.000181657404413785,"Fibroblasts"
"Leukocytes","Leukocytes","Il15","Il2rg","age30m-age3m",1,-0.000181657404413785,"Fibroblasts"
"EndothelialCells","Leukocytes","Il15","Il2rg","age30m-age3m",1,-0.000181657404413785,"Fibroblasts"
"Leukocytes","EndothelialCells","Il15","Il2rg","age30m-age3m",1,-0.000181657404413785,"Fibroblasts"
"EndothelialCells","EndothelialCells","Il15","Il2rg","age30m-age3m",1,-0.000181657404413785,"Fibroblasts"
"Fibroblasts","Leukocytes","Il15","Il2rg","age30m-age3m",1,-0.000181657404413785,"Fibroblasts"
"Fibroblasts","EndothelialCells","Il15","Il2rg","age30m-age3m",1,-0.000181657404413785,"Fibroblasts"
"Leukocytes","Fibroblasts","Il15","Il2rb","age30m-age3m",1,-0.000181657404413785,"Fibroblasts"
"EndothelialCells","Fibroblasts","Il15","Il2rb","age30m-age3m",1,-0.000181657404413785,"Fibroblasts"
"Fibroblasts","Fibroblasts","Il15","Il2rb","age30m-age3m",1,-0.000181657404413785,"Fibroblasts"
"Leukocytes","Leukocytes","Il15","Il15ra","age30m-age3m",1,-0.000181657404413785,"Fibroblasts"
"EndothelialCells","Leukocytes","Il15","Il15ra","age30m-age3m",1,-0.000181657404413785,"Fibroblasts"
"Leukocytes","Myocytes","Il15","Il15ra","age30m-age3m",1,-0.000181657404413785,"Fibroblasts"
"EndothelialCells","Myocytes","Il15","Il15ra","age30m-age3m",1,-0.000181657404413785,"Fibroblasts"
"Fibroblasts","Leukocytes","Il15","Il15ra","age30m-age3m",1,-0.000181657404413785,"Fibroblasts"
"Fibroblasts","Myocytes","Il15","Il15ra","age30m-age3m",1,-0.000181657404413785,"Fibroblasts"
"Myocytes","Fibroblasts","Il15","Il15ra","age30m-age3m",1,-0.000181657404413785,"Fibroblasts"
"Myocytes","EndothelialCells","Il15","Il15ra","age30m-age3m",1,-0.000181657404413785,"Fibroblasts"
"Myocytes","Leukocytes","Il15","Il2rg","age30m-age3m",1,-0.000181657404413785,"Fibroblasts"
"Myocytes","EndothelialCells","Il15","Il2rg","age30m-age3m",1,-0.000181657404413785,"Fibroblasts"
"Myocytes","Myocytes","Il15","Il15ra","age30m-age3m",1,-0.000181657404413785,"Fibroblasts"
"Leukocytes","Fibroblasts","Ebi3","Il6st","age30m-age3m",1,-0.000199485261874071,"Leukocytes"
"Leukocytes","EndothelialCells","Ebi3","Il6st","age30m-age3m",1,-0.000199485261874071,"Leukocytes"
"Leukocytes","Fibroblasts","Ebi3","Il27ra","age30m-age3m",1,-0.000199485261874071,"Leukocytes"
"Leukocytes","Leukocytes","Ebi3","Il6st","age30m-age3m",1,-0.000199485261874071,"Leukocytes"
"Leukocytes","Myocytes","Ebi3","Il6st","age30m-age3m",1,-0.000199485261874071,"Leukocytes"
"Leukocytes","Fibroblasts","Calr","Lrp1","age30m-age3m",1,-0.000229549903212905,"Fibroblasts"
"Leukocytes","Fibroblasts","Calr","Itgav","age30m-age3m",1,-0.000229549903212905,"Fibroblasts"
"Fibroblasts","Fibroblasts","Calr","Lrp1","age30m-age3m",1,-0.000229549903212905,"Fibroblasts"
"Fibroblasts","Fibroblasts","Calr","Itgav","age30m-age3m",1,-0.000229549903212905,"Fibroblasts"
"EndothelialCells","Fibroblasts","Calr","Lrp1","age30m-age3m",1,-0.000229549903212905,"Fibroblasts"
"EndothelialCells","Fibroblasts","Calr","Itgav","age30m-age3m",1,-0.000229549903212905,"Fibroblasts"
"Leukocytes","Leukocytes","Calr","Scarf1","age30m-age3m",1,-0.000229549903212905,"Fibroblasts"
"Leukocytes","Leukocytes","Calr","Lrp1","age30m-age3m",1,-0.000229549903212905,"Fibroblasts"
"Fibroblasts","Leukocytes","Calr","Scarf1","age30m-age3m",1,-0.000229549903212905,"Fibroblasts"
"Fibroblasts","Leukocytes","Calr","Lrp1","age30m-age3m",1,-0.000229549903212905,"Fibroblasts"
"Leukocytes","Leukocytes","Calr","Itgav","age30m-age3m",1,-0.000229549903212905,"Fibroblasts"
"Leukocytes","EndothelialCells","Calr","Tap2","age30m-age3m",1,-0.000229549903212905,"Fibroblasts"
"Leukocytes","EndothelialCells","Calr","Tap1","age30m-age3m",1,-0.000229549903212905,"Fibroblasts"
"Fibroblasts","Leukocytes","Calr","Itgav","age30m-age3m",1,-0.000229549903212905,"Fibroblasts"
"Fibroblasts","EndothelialCells","Calr","Tap2","age30m-age3m",1,-0.000229549903212905,"Fibroblasts"
"Fibroblasts","EndothelialCells","Calr","Tap1","age30m-age3m",1,-0.000229549903212905,"Fibroblasts"
"EndothelialCells","Leukocytes","Calr","Scarf1","age30m-age3m",1,-0.000229549903212905,"Fibroblasts"
"EndothelialCells","Leukocytes","Calr","Lrp1","age30m-age3m",1,-0.000229549903212905,"Fibroblasts"
"Leukocytes","Fibroblasts","Calr","Tap1","age30m-age3m",1,-0.000229549903212905,"Fibroblasts"
"Leukocytes","EndothelialCells","Calr","Scarf1","age30m-age3m",1,-0.000229549903212905,"Fibroblasts"
"Fibroblasts","Fibroblasts","Calr","Tap1","age30m-age3m",1,-0.000229549903212905,"Fibroblasts"
"Leukocytes","Leukocytes","Calr","Tap1","age30m-age3m",1,-0.000229549903212905,"Fibroblasts"
"Fibroblasts","EndothelialCells","Calr","Scarf1","age30m-age3m",1,-0.000229549903212905,"Fibroblasts"
"EndothelialCells","Leukocytes","Calr","Itgav","age30m-age3m",1,-0.000229549903212905,"Fibroblasts"
"EndothelialCells","EndothelialCells","Calr","Tap2","age30m-age3m",1,-0.000229549903212905,"Fibroblasts"
"Fibroblasts","Leukocytes","Calr","Tap1","age30m-age3m",1,-0.000229549903212905,"Fibroblasts"
"Leukocytes","Fibroblasts","Calr","Tap2","age30m-age3m",1,-0.000229549903212905,"Fibroblasts"
"EndothelialCells","EndothelialCells","Calr","Tap1","age30m-age3m",1,-0.000229549903212905,"Fibroblasts"
"Fibroblasts","Fibroblasts","Calr","Tap2","age30m-age3m",1,-0.000229549903212905,"Fibroblasts"
"Leukocytes","Fibroblasts","Calr","Itga2b","age30m-age3m",1,-0.000229549903212905,"Fibroblasts"
"Myocytes","Fibroblasts","Calr","Lrp1","age30m-age3m",1,-0.000229549903212905,"Fibroblasts"
"Fibroblasts","Fibroblasts","Calr","Itga2b","age30m-age3m",1,-0.000229549903212905,"Fibroblasts"
"Myocytes","Fibroblasts","Calr","Itgav","age30m-age3m",1,-0.000229549903212905,"Fibroblasts"
"EndothelialCells","Fibroblasts","Calr","Tap1","age30m-age3m",1,-0.000229549903212905,"Fibroblasts"
"Leukocytes","EndothelialCells","Calr","Itgav","age30m-age3m",1,-0.000229549903212905,"Fibroblasts"
"EndothelialCells","EndothelialCells","Calr","Scarf1","age30m-age3m",1,-0.000229549903212905,"Fibroblasts"
"Leukocytes","Leukocytes","Calr","Tap2","age30m-age3m",1,-0.000229549903212905,"Fibroblasts"
"EndothelialCells","Leukocytes","Calr","Tap1","age30m-age3m",1,-0.000229549903212905,"Fibroblasts"
"Fibroblasts","EndothelialCells","Calr","Itgav","age30m-age3m",1,-0.000229549903212905,"Fibroblasts"
"Fibroblasts","Leukocytes","Calr","Tap2","age30m-age3m",1,-0.000229549903212905,"Fibroblasts"
"EndothelialCells","Fibroblasts","Calr","Tap2","age30m-age3m",1,-0.000229549903212905,"Fibroblasts"
"EndothelialCells","Fibroblasts","Calr","Itga2b","age30m-age3m",1,-0.000229549903212905,"Fibroblasts"
"Myocytes","Leukocytes","Calr","Scarf1","age30m-age3m",1,-0.000229549903212905,"Fibroblasts"
"EndothelialCells","EndothelialCells","Calr","Itgav","age30m-age3m",1,-0.000229549903212905,"Fibroblasts"
"EndothelialCells","Leukocytes","Calr","Tap2","age30m-age3m",1,-0.000229549903212905,"Fibroblasts"
"Myocytes","Leukocytes","Calr","Lrp1","age30m-age3m",1,-0.000229549903212905,"Fibroblasts"
"Myocytes","Leukocytes","Calr","Itgav","age30m-age3m",1,-0.000229549903212905,"Fibroblasts"
"Myocytes","EndothelialCells","Calr","Tap2","age30m-age3m",1,-0.000229549903212905,"Fibroblasts"
"Myocytes","EndothelialCells","Calr","Tap1","age30m-age3m",1,-0.000229549903212905,"Fibroblasts"
"Leukocytes","Myocytes","Calr","Tap2","age30m-age3m",1,-0.000229549903212905,"Fibroblasts"
"Myocytes","Fibroblasts","Calr","Tap1","age30m-age3m",1,-0.000229549903212905,"Fibroblasts"
"Myocytes","EndothelialCells","Calr","Scarf1","age30m-age3m",1,-0.000229549903212905,"Fibroblasts"
"Fibroblasts","Myocytes","Calr","Tap2","age30m-age3m",1,-0.000229549903212905,"Fibroblasts"
"Myocytes","Leukocytes","Calr","Tap1","age30m-age3m",1,-0.000229549903212905,"Fibroblasts"
"Leukocytes","EndothelialCells","Calr","Lrp1","age30m-age3m",1,-0.000229549903212905,"Fibroblasts"
"Leukocytes","Myocytes","Calr","Lrp1","age30m-age3m",1,-0.000229549903212905,"Fibroblasts"
"Myocytes","Fibroblasts","Calr","Tap2","age30m-age3m",1,-0.000229549903212905,"Fibroblasts"
"Fibroblasts","EndothelialCells","Calr","Lrp1","age30m-age3m",1,-0.000229549903212905,"Fibroblasts"
"Fibroblasts","Myocytes","Calr","Lrp1","age30m-age3m",1,-0.000229549903212905,"Fibroblasts"
"Myocytes","Fibroblasts","Calr","Itga2b","age30m-age3m",1,-0.000229549903212905,"Fibroblasts"
"EndothelialCells","Myocytes","Calr","Tap2","age30m-age3m",1,-0.000229549903212905,"Fibroblasts"
"Myocytes","EndothelialCells","Calr","Itgav","age30m-age3m",1,-0.000229549903212905,"Fibroblasts"
"Myocytes","Leukocytes","Calr","Tap2","age30m-age3m",1,-0.000229549903212905,"Fibroblasts"
"EndothelialCells","EndothelialCells","Calr","Lrp1","age30m-age3m",1,-0.000229549903212905,"Fibroblasts"
"EndothelialCells","Myocytes","Calr","Lrp1","age30m-age3m",1,-0.000229549903212905,"Fibroblasts"
"Myocytes","Myocytes","Calr","Tap2","age30m-age3m",1,-0.000229549903212905,"Fibroblasts"
"Myocytes","EndothelialCells","Calr","Lrp1","age30m-age3m",1,-0.000229549903212905,"Fibroblasts"
"Myocytes","Myocytes","Calr","Lrp1","age30m-age3m",1,-0.000229549903212905,"Fibroblasts"
"Fibroblasts","EndothelialCells","Tgfb2","Acvr1","age30m-age3m",1,-0.00025392884054536,"Fibroblasts"
"Fibroblasts","Fibroblasts","Tgfb2","Tgfbr1","age30m-age3m",1,-0.00025392884054536,"Fibroblasts"
"Fibroblasts","EndothelialCells","Tgfb2","Eng","age30m-age3m",1,-0.00025392884054536,"Fibroblasts"
"Fibroblasts","Leukocytes","Tgfb2","Tgfbr2","age30m-age3m",1,-0.00025392884054536,"Fibroblasts"
"Fibroblasts","Fibroblasts","Tgfb2","Tgfbr3","age30m-age3m",1,-0.00025392884054536,"Fibroblasts"
"Fibroblasts","Fibroblasts","Tgfb2","Tgfbr2","age30m-age3m",1,-0.00025392884054536,"Fibroblasts"
"Fibroblasts","Fibroblasts","Tgfb2","Acvr1","age30m-age3m",1,-0.00025392884054536,"Fibroblasts"
"EndothelialCells","EndothelialCells","Tgfb2","Acvr1","age30m-age3m",1,-0.00025392884054536,"Fibroblasts"
"EndothelialCells","Fibroblasts","Tgfb2","Tgfbr1","age30m-age3m",1,-0.00025392884054536,"Fibroblasts"
"Fibroblasts","Leukocytes","Tgfb2","Tgfbr1","age30m-age3m",1,-0.00025392884054536,"Fibroblasts"
"EndothelialCells","EndothelialCells","Tgfb2","Eng","age30m-age3m",1,-0.00025392884054536,"Fibroblasts"
"Fibroblasts","EndothelialCells","Tgfb2","Tgfbr1","age30m-age3m",1,-0.00025392884054536,"Fibroblasts"
"EndothelialCells","Leukocytes","Tgfb2","Tgfbr2","age30m-age3m",1,-0.00025392884054536,"Fibroblasts"
"Fibroblasts","Leukocytes","Tgfb2","Acvr1","age30m-age3m",1,-0.00025392884054536,"Fibroblasts"
"EndothelialCells","Fibroblasts","Tgfb2","Tgfbr3","age30m-age3m",1,-0.00025392884054536,"Fibroblasts"
"Fibroblasts","Leukocytes","Tgfb2","Eng","age30m-age3m",1,-0.00025392884054536,"Fibroblasts"
"EndothelialCells","Fibroblasts","Tgfb2","Tgfbr2","age30m-age3m",1,-0.00025392884054536,"Fibroblasts"
"EndothelialCells","Fibroblasts","Tgfb2","Acvr1","age30m-age3m",1,-0.00025392884054536,"Fibroblasts"
"Fibroblasts","Fibroblasts","Tgfb2","Eng","age30m-age3m",1,-0.00025392884054536,"Fibroblasts"
"EndothelialCells","Leukocytes","Tgfb2","Tgfbr1","age30m-age3m",1,-0.00025392884054536,"Fibroblasts"
"EndothelialCells","EndothelialCells","Tgfb2","Tgfbr1","age30m-age3m",1,-0.00025392884054536,"Fibroblasts"
"EndothelialCells","Leukocytes","Tgfb2","Acvr1","age30m-age3m",1,-0.00025392884054536,"Fibroblasts"
"Fibroblasts","EndothelialCells","Tgfb2","Tgfbr2","age30m-age3m",1,-0.00025392884054536,"Fibroblasts"
"EndothelialCells","Leukocytes","Tgfb2","Eng","age30m-age3m",1,-0.00025392884054536,"Fibroblasts"
"EndothelialCells","Fibroblasts","Tgfb2","Eng","age30m-age3m",1,-0.00025392884054536,"Fibroblasts"
"Fibroblasts","EndothelialCells","Tgfb2","Tgfbr3","age30m-age3m",1,-0.00025392884054536,"Fibroblasts"
"EndothelialCells","EndothelialCells","Tgfb2","Tgfbr2","age30m-age3m",1,-0.00025392884054536,"Fibroblasts"
"Fibroblasts","Leukocytes","Tgfb2","Tgfbr3","age30m-age3m",1,-0.00025392884054536,"Fibroblasts"
"EndothelialCells","EndothelialCells","Tgfb2","Tgfbr3","age30m-age3m",1,-0.00025392884054536,"Fibroblasts"
"Fibroblasts","Myocytes","Tgfb2","Eng","age30m-age3m",1,-0.00025392884054536,"Fibroblasts"
"EndothelialCells","Leukocytes","Tgfb2","Tgfbr3","age30m-age3m",1,-0.00025392884054536,"Fibroblasts"
"Fibroblasts","Myocytes","Tgfb2","Tgfbr1","age30m-age3m",1,-0.00025392884054536,"Fibroblasts"
"EndothelialCells","Myocytes","Tgfb2","Eng","age30m-age3m",1,-0.00025392884054536,"Fibroblasts"
"Fibroblasts","Myocytes","Tgfb2","Tgfbr2","age30m-age3m",1,-0.00025392884054536,"Fibroblasts"
"EndothelialCells","Myocytes","Tgfb2","Tgfbr1","age30m-age3m",1,-0.00025392884054536,"Fibroblasts"
"Fibroblasts","Myocytes","Tgfb2","Tgfbr3","age30m-age3m",1,-0.00025392884054536,"Fibroblasts"
"EndothelialCells","Myocytes","Tgfb2","Tgfbr2","age30m-age3m",1,-0.00025392884054536,"Fibroblasts"
"EndothelialCells","Myocytes","Tgfb2","Tgfbr3","age30m-age3m",1,-0.00025392884054536,"Fibroblasts"
"Leukocytes","EndothelialCells","Ifitm6","Cd81","age30m-age3m",1,-0.000266198543804997,"Leukocytes"
"Leukocytes","Fibroblasts","Ifitm6","Cd81","age30m-age3m",1,-0.000266198543804997,"Leukocytes"
"Leukocytes","Leukocytes","Ifitm6","Cd81","age30m-age3m",1,-0.000266198543804997,"Leukocytes"
"Leukocytes","Myocytes","Ifitm6","Cd81","age30m-age3m",1,-0.000266198543804997,"Leukocytes"
"Leukocytes","Fibroblasts","Il1rn","Il1r1","age30m-age3m",1,-0.000269173587485978,"Leukocytes"
"Leukocytes","EndothelialCells","Il1rn","Il1r1","age30m-age3m",1,-0.000269173587485978,"Leukocytes"
"Leukocytes","Fibroblasts","Furin","Lrp1","age30m-age3m",1,-0.000288698590599643,"Fibroblasts"
"Leukocytes","Fibroblasts","Furin","Insr","age30m-age3m",1,-0.000288698590599643,"Fibroblasts"
"Leukocytes","Fibroblasts","Furin","Adam19","age30m-age3m",1,-0.000288698590599643,"Fibroblasts"
"EndothelialCells","Fibroblasts","Furin","Lrp1","age30m-age3m",1,-0.000288698590599643,"Fibroblasts"
"EndothelialCells","Fibroblasts","Furin","Insr","age30m-age3m",1,-0.000288698590599643,"Fibroblasts"
"Leukocytes","EndothelialCells","Furin","Adamts1","age30m-age3m",1,-0.000288698590599643,"Fibroblasts"
"Leukocytes","Leukocytes","Furin","Lrp1","age30m-age3m",1,-0.000288698590599643,"Fibroblasts"
"Leukocytes","EndothelialCells","Furin","Notch1","age30m-age3m",1,-0.000288698590599643,"Fibroblasts"
"Fibroblasts","Fibroblasts","Furin","Lrp1","age30m-age3m",1,-0.000288698590599643,"Fibroblasts"
"Leukocytes","Fibroblasts","Furin","Bace1","age30m-age3m",1,-0.000288698590599643,"Fibroblasts"
"Leukocytes","Fibroblasts","Furin","Adamts1","age30m-age3m",1,-0.000288698590599643,"Fibroblasts"
"Fibroblasts","Fibroblasts","Furin","Insr","age30m-age3m",1,-0.000288698590599643,"Fibroblasts"
"Leukocytes","Leukocytes","Furin","Adam19","age30m-age3m",1,-0.000288698590599643,"Fibroblasts"
"Leukocytes","Leukocytes","Furin","Notch1","age30m-age3m",1,-0.000288698590599643,"Fibroblasts"
"EndothelialCells","Fibroblasts","Furin","Adam19","age30m-age3m",1,-0.000288698590599643,"Fibroblasts"
"Leukocytes","Myocytes","Furin","Bace1","age30m-age3m",1,-0.000288698590599643,"Fibroblasts"
"Leukocytes","Leukocytes","Furin","Insr","age30m-age3m",1,-0.000288698590599643,"Fibroblasts"
"EndothelialCells","EndothelialCells","Furin","Adamts1","age30m-age3m",1,-0.000288698590599643,"Fibroblasts"
"Fibroblasts","Fibroblasts","Furin","Adam19","age30m-age3m",1,-0.000288698590599643,"Fibroblasts"
"EndothelialCells","Leukocytes","Furin","Lrp1","age30m-age3m",1,-0.000288698590599643,"Fibroblasts"
"EndothelialCells","EndothelialCells","Furin","Notch1","age30m-age3m",1,-0.000288698590599643,"Fibroblasts"
"Leukocytes","EndothelialCells","Furin","Insr","age30m-age3m",1,-0.000288698590599643,"Fibroblasts"
"EndothelialCells","Fibroblasts","Furin","Bace1","age30m-age3m",1,-0.000288698590599643,"Fibroblasts"
"EndothelialCells","Fibroblasts","Furin","Adamts1","age30m-age3m",1,-0.000288698590599643,"Fibroblasts"
"Fibroblasts","EndothelialCells","Furin","Adamts1","age30m-age3m",1,-0.000288698590599643,"Fibroblasts"
"EndothelialCells","Leukocytes","Furin","Adam19","age30m-age3m",1,-0.000288698590599643,"Fibroblasts"
"EndothelialCells","Leukocytes","Furin","Notch1","age30m-age3m",1,-0.000288698590599643,"Fibroblasts"
"Fibroblasts","Leukocytes","Furin","Lrp1","age30m-age3m",1,-0.000288698590599643,"Fibroblasts"
"Fibroblasts","EndothelialCells","Furin","Notch1","age30m-age3m",1,-0.000288698590599643,"Fibroblasts"
"EndothelialCells","Myocytes","Furin","Bace1","age30m-age3m",1,-0.000288698590599643,"Fibroblasts"
"EndothelialCells","Leukocytes","Furin","Insr","age30m-age3m",1,-0.000288698590599643,"Fibroblasts"
"Fibroblasts","Fibroblasts","Furin","Bace1","age30m-age3m",1,-0.000288698590599643,"Fibroblasts"
"Fibroblasts","Fibroblasts","Furin","Adamts1","age30m-age3m",1,-0.000288698590599643,"Fibroblasts"
"Leukocytes","EndothelialCells","Furin","Bace1","age30m-age3m",1,-0.000288698590599643,"Fibroblasts"
"Leukocytes","Fibroblasts","Furin","Notch1","age30m-age3m",1,-0.000288698590599643,"Fibroblasts"
"Fibroblasts","Leukocytes","Furin","Adam19","age30m-age3m",1,-0.000288698590599643,"Fibroblasts"
"Fibroblasts","Leukocytes","Furin","Notch1","age30m-age3m",1,-0.000288698590599643,"Fibroblasts"
"Fibroblasts","Myocytes","Furin","Bace1","age30m-age3m",1,-0.000288698590599643,"Fibroblasts"
"Fibroblasts","Leukocytes","Furin","Insr","age30m-age3m",1,-0.000288698590599643,"Fibroblasts"
"EndothelialCells","EndothelialCells","Furin","Insr","age30m-age3m",1,-0.000288698590599643,"Fibroblasts"
"Leukocytes","Leukocytes","Furin","Adamts1","age30m-age3m",1,-0.000288698590599643,"Fibroblasts"
"Fibroblasts","EndothelialCells","Furin","Insr","age30m-age3m",1,-0.000288698590599643,"Fibroblasts"
"EndothelialCells","EndothelialCells","Furin","Bace1","age30m-age3m",1,-0.000288698590599643,"Fibroblasts"
"EndothelialCells","Fibroblasts","Furin","Notch1","age30m-age3m",1,-0.000288698590599643,"Fibroblasts"
"Fibroblasts","EndothelialCells","Furin","Bace1","age30m-age3m",1,-0.000288698590599643,"Fibroblasts"
"Fibroblasts","Fibroblasts","Furin","Notch1","age30m-age3m",1,-0.000288698590599643,"Fibroblasts"
"Leukocytes","Myocytes","Furin","Lrp1","age30m-age3m",1,-0.000288698590599643,"Fibroblasts"
"EndothelialCells","Leukocytes","Furin","Adamts1","age30m-age3m",1,-0.000288698590599643,"Fibroblasts"
"Leukocytes","EndothelialCells","Furin","Lrp1","age30m-age3m",1,-0.000288698590599643,"Fibroblasts"
"Fibroblasts","Leukocytes","Furin","Adamts1","age30m-age3m",1,-0.000288698590599643,"Fibroblasts"
"Leukocytes","Myocytes","Furin","Adamts1","age30m-age3m",1,-0.000288698590599643,"Fibroblasts"
"EndothelialCells","Myocytes","Furin","Lrp1","age30m-age3m",1,-0.000288698590599643,"Fibroblasts"
"EndothelialCells","EndothelialCells","Furin","Lrp1","age30m-age3m",1,-0.000288698590599643,"Fibroblasts"
"Fibroblasts","Myocytes","Furin","Lrp1","age30m-age3m",1,-0.000288698590599643,"Fibroblasts"
"Myocytes","Fibroblasts","Furin","Lrp1","age30m-age3m",1,-0.000288698590599643,"Fibroblasts"
"Fibroblasts","EndothelialCells","Furin","Lrp1","age30m-age3m",1,-0.000288698590599643,"Fibroblasts"
"EndothelialCells","Myocytes","Furin","Adamts1","age30m-age3m",1,-0.000288698590599643,"Fibroblasts"
"Myocytes","Fibroblasts","Furin","Insr","age30m-age3m",1,-0.000288698590599643,"Fibroblasts"
"Leukocytes","EndothelialCells","Furin","Adam19","age30m-age3m",1,-0.000288698590599643,"Fibroblasts"
"Leukocytes","Myocytes","Furin","Adam19","age30m-age3m",1,-0.000288698590599643,"Fibroblasts"
"Leukocytes","Myocytes","Furin","Insr","age30m-age3m",1,-0.000288698590599643,"Fibroblasts"
"Fibroblasts","Myocytes","Furin","Adamts1","age30m-age3m",1,-0.000288698590599643,"Fibroblasts"
"Myocytes","Fibroblasts","Furin","Adam19","age30m-age3m",1,-0.000288698590599643,"Fibroblasts"
"Myocytes","EndothelialCells","Furin","Adamts1","age30m-age3m",1,-0.000288698590599643,"Fibroblasts"
"EndothelialCells","EndothelialCells","Furin","Adam19","age30m-age3m",1,-0.000288698590599643,"Fibroblasts"
"Myocytes","Leukocytes","Furin","Lrp1","age30m-age3m",1,-0.000288698590599643,"Fibroblasts"
"Myocytes","EndothelialCells","Furin","Notch1","age30m-age3m",1,-0.000288698590599643,"Fibroblasts"
"EndothelialCells","Myocytes","Furin","Adam19","age30m-age3m",1,-0.000288698590599643,"Fibroblasts"
"EndothelialCells","Myocytes","Furin","Insr","age30m-age3m",1,-0.000288698590599643,"Fibroblasts"
"Myocytes","Fibroblasts","Furin","Bace1","age30m-age3m",1,-0.000288698590599643,"Fibroblasts"
"Myocytes","Fibroblasts","Furin","Adamts1","age30m-age3m",1,-0.000288698590599643,"Fibroblasts"
"Myocytes","Leukocytes","Furin","Adam19","age30m-age3m",1,-0.000288698590599643,"Fibroblasts"
"Myocytes","Leukocytes","Furin","Notch1","age30m-age3m",1,-0.000288698590599643,"Fibroblasts"
"Fibroblasts","EndothelialCells","Furin","Adam19","age30m-age3m",1,-0.000288698590599643,"Fibroblasts"
"Myocytes","Leukocytes","Furin","Insr","age30m-age3m",1,-0.000288698590599643,"Fibroblasts"
"Fibroblasts","Myocytes","Furin","Adam19","age30m-age3m",1,-0.000288698590599643,"Fibroblasts"
"Fibroblasts","Myocytes","Furin","Insr","age30m-age3m",1,-0.000288698590599643,"Fibroblasts"
"Myocytes","EndothelialCells","Furin","Insr","age30m-age3m",1,-0.000288698590599643,"Fibroblasts"
"Myocytes","EndothelialCells","Furin","Bace1","age30m-age3m",1,-0.000288698590599643,"Fibroblasts"
"Myocytes","Fibroblasts","Furin","Notch1","age30m-age3m",1,-0.000288698590599643,"Fibroblasts"
"Myocytes","Myocytes","Furin","Lrp1","age30m-age3m",1,-0.000288698590599643,"Fibroblasts"
"Myocytes","Leukocytes","Furin","Adamts1","age30m-age3m",1,-0.000288698590599643,"Fibroblasts"
"Myocytes","Myocytes","Furin","Adam19","age30m-age3m",1,-0.000288698590599643,"Fibroblasts"
"Myocytes","Myocytes","Furin","Insr","age30m-age3m",1,-0.000288698590599643,"Fibroblasts"
"Fibroblasts","Leukocytes","Tslp","Crlf2","age30m-age3m",1,-0.000289614455164398,"Fibroblasts"
"Fibroblasts","EndothelialCells","Tslp","Crlf2","age30m-age3m",1,-0.000289614455164398,"Fibroblasts"
"Fibroblasts","Fibroblasts","Tslp","Crlf2","age30m-age3m",1,-0.000289614455164398,"Fibroblasts"
"Leukocytes","Leukocytes","Tslp","Crlf2","age30m-age3m",1,-0.000289614455164398,"Fibroblasts"
"Leukocytes","EndothelialCells","Tslp","Crlf2","age30m-age3m",1,-0.000289614455164398,"Fibroblasts"
"Leukocytes","Fibroblasts","Tslp","Crlf2","age30m-age3m",1,-0.000289614455164398,"Fibroblasts"
"Fibroblasts","Fibroblasts","Ltbp1","Itgb5","age30m-age3m",1,-0.000293361361191412,"Fibroblasts"
"Fibroblasts","Leukocytes","Ltbp1","Itgb5","age30m-age3m",1,-0.000293361361191412,"Fibroblasts"
"EndothelialCells","Fibroblasts","Ltbp1","Itgb5","age30m-age3m",1,-0.000293361361191412,"Fibroblasts"
"EndothelialCells","Leukocytes","Ltbp1","Itgb5","age30m-age3m",1,-0.000293361361191412,"Fibroblasts"
"Fibroblasts","EndothelialCells","Ltbp1","Itgb5","age30m-age3m",1,-0.000293361361191412,"Fibroblasts"
"EndothelialCells","EndothelialCells","Ltbp1","Itgb5","age30m-age3m",1,-0.000293361361191412,"Fibroblasts"
"Fibroblasts","Myocytes","Ltbp1","Itgb5","age30m-age3m",1,-0.000293361361191412,"Fibroblasts"
"EndothelialCells","Myocytes","Ltbp1","Itgb5","age30m-age3m",1,-0.000293361361191412,"Fibroblasts"
"Fibroblasts","EndothelialCells","Inhbb","Acvr1","age30m-age3m",1,-0.000307832598259807,"Fibroblasts"
"Fibroblasts","Fibroblasts","Inhbb","Acvr1","age30m-age3m",1,-0.000307832598259807,"Fibroblasts"
"EndothelialCells","EndothelialCells","Inhbb","Acvr1","age30m-age3m",1,-0.000307832598259807,"Fibroblasts"
"Fibroblasts","Myocytes","Inhbb","Bambi","age30m-age3m",1,-0.000307832598259807,"Fibroblasts"
"EndothelialCells","Fibroblasts","Inhbb","Acvr1","age30m-age3m",1,-0.000307832598259807,"Fibroblasts"
"Fibroblasts","EndothelialCells","Inhbb","Acvr2a","age30m-age3m",1,-0.000307832598259807,"Fibroblasts"
"Fibroblasts","EndothelialCells","Inhbb","Acvr2b","age30m-age3m",1,-0.000307832598259807,"Fibroblasts"
"Fibroblasts","Fibroblasts","Inhbb","Acvr2b","age30m-age3m",1,-0.000307832598259807,"Fibroblasts"
"Fibroblasts","Leukocytes","Inhbb","Acvr1","age30m-age3m",1,-0.000307832598259807,"Fibroblasts"
"EndothelialCells","Myocytes","Inhbb","Bambi","age30m-age3m",1,-0.000307832598259807,"Fibroblasts"
"Fibroblasts","Fibroblasts","Inhbb","Bambi","age30m-age3m",1,-0.000307832598259807,"Fibroblasts"
"EndothelialCells","EndothelialCells","Inhbb","Acvr2a","age30m-age3m",1,-0.000307832598259807,"Fibroblasts"
"EndothelialCells","EndothelialCells","Inhbb","Acvr2b","age30m-age3m",1,-0.000307832598259807,"Fibroblasts"
"EndothelialCells","Fibroblasts","Inhbb","Acvr2b","age30m-age3m",1,-0.000307832598259807,"Fibroblasts"
"EndothelialCells","Leukocytes","Inhbb","Acvr1","age30m-age3m",1,-0.000307832598259807,"Fibroblasts"
"EndothelialCells","Fibroblasts","Inhbb","Bambi","age30m-age3m",1,-0.000307832598259807,"Fibroblasts"
"Fibroblasts","Leukocytes","Inhbb","Bambi","age30m-age3m",1,-0.000307832598259807,"Fibroblasts"
"Fibroblasts","Fibroblasts","Inhbb","Acvr2a","age30m-age3m",1,-0.000307832598259807,"Fibroblasts"
"EndothelialCells","Leukocytes","Inhbb","Bambi","age30m-age3m",1,-0.000307832598259807,"Fibroblasts"
"EndothelialCells","Fibroblasts","Inhbb","Acvr2a","age30m-age3m",1,-0.000307832598259807,"Fibroblasts"
"Fibroblasts","EndothelialCells","Inhbb","Bambi","age30m-age3m",1,-0.000307832598259807,"Fibroblasts"
"EndothelialCells","EndothelialCells","Inhbb","Bambi","age30m-age3m",1,-0.000307832598259807,"Fibroblasts"
"EndothelialCells","Leukocytes","Cxcl12","Cxcr4","age30m-age3m",1,-0.000332408512044993,"Fibroblasts"
"Leukocytes","Leukocytes","Cxcl12","Cxcr4","age30m-age3m",1,-0.000332408512044993,"Fibroblasts"
"Fibroblasts","Leukocytes","Cxcl12","Cxcr4","age30m-age3m",1,-0.000332408512044993,"Fibroblasts"
"EndothelialCells","Fibroblasts","Cxcl12","Dpp4","age30m-age3m",1,-0.000332408512044993,"Fibroblasts"
"EndothelialCells","EndothelialCells","Cxcl12","Itgb1","age30m-age3m",1,-0.000332408512044993,"Fibroblasts"
"EndothelialCells","Leukocytes","Cxcl12","Itgb1","age30m-age3m",1,-0.000332408512044993,"Fibroblasts"
"Leukocytes","Fibroblasts","Cxcl12","Dpp4","age30m-age3m",1,-0.000332408512044993,"Fibroblasts"
"Fibroblasts","Fibroblasts","Cxcl12","Dpp4","age30m-age3m",1,-0.000332408512044993,"Fibroblasts"
"Leukocytes","EndothelialCells","Cxcl12","Itgb1","age30m-age3m",1,-0.000332408512044993,"Fibroblasts"
"EndothelialCells","Fibroblasts","Cxcl12","Itgb1","age30m-age3m",1,-0.000332408512044993,"Fibroblasts"
"Fibroblasts","EndothelialCells","Cxcl12","Itgb1","age30m-age3m",1,-0.000332408512044993,"Fibroblasts"
"EndothelialCells","Myocytes","Cxcl12","Itgb1","age30m-age3m",1,-0.000332408512044993,"Fibroblasts"
"Leukocytes","Leukocytes","Cxcl12","Itgb1","age30m-age3m",1,-0.000332408512044993,"Fibroblasts"
"EndothelialCells","Leukocytes","Cxcl12","Dpp4","age30m-age3m",1,-0.000332408512044993,"Fibroblasts"
"Fibroblasts","Leukocytes","Cxcl12","Itgb1","age30m-age3m",1,-0.000332408512044993,"Fibroblasts"
"Myocytes","Leukocytes","Cxcl12","Cxcr4","age30m-age3m",1,-0.000332408512044993,"Fibroblasts"
"Leukocytes","Fibroblasts","Cxcl12","Itgb1","age30m-age3m",1,-0.000332408512044993,"Fibroblasts"
"EndothelialCells","EndothelialCells","Cxcl12","Cxcr4","age30m-age3m",1,-0.000332408512044993,"Fibroblasts"
"Leukocytes","Myocytes","Cxcl12","Itgb1","age30m-age3m",1,-0.000332408512044993,"Fibroblasts"
"Fibroblasts","Fibroblasts","Cxcl12","Itgb1","age30m-age3m",1,-0.000332408512044993,"Fibroblasts"
"Leukocytes","Leukocytes","Cxcl12","Dpp4","age30m-age3m",1,-0.000332408512044993,"Fibroblasts"
"Fibroblasts","Myocytes","Cxcl12","Itgb1","age30m-age3m",1,-0.000332408512044993,"Fibroblasts"
"Fibroblasts","Leukocytes","Cxcl12","Dpp4","age30m-age3m",1,-0.000332408512044993,"Fibroblasts"
"Myocytes","Fibroblasts","Cxcl12","Dpp4","age30m-age3m",1,-0.000332408512044993,"Fibroblasts"
"Leukocytes","EndothelialCells","Cxcl12","Cxcr4","age30m-age3m",1,-0.000332408512044993,"Fibroblasts"
"Myocytes","EndothelialCells","Cxcl12","Itgb1","age30m-age3m",1,-0.000332408512044993,"Fibroblasts"
"Fibroblasts","EndothelialCells","Cxcl12","Cxcr4","age30m-age3m",1,-0.000332408512044993,"Fibroblasts"
"Myocytes","Leukocytes","Cxcl12","Itgb1","age30m-age3m",1,-0.000332408512044993,"Fibroblasts"
"Myocytes","Fibroblasts","Cxcl12","Itgb1","age30m-age3m",1,-0.000332408512044993,"Fibroblasts"
"Myocytes","Myocytes","Cxcl12","Itgb1","age30m-age3m",1,-0.000332408512044993,"Fibroblasts"
"Fibroblasts","EndothelialCells","Flrt2","Unc5b","age30m-age3m",1,-0.000340224573477505,"Fibroblasts"
"Fibroblasts","Fibroblasts","Flrt2","Unc5b","age30m-age3m",1,-0.000340224573477505,"Fibroblasts"
"Fibroblasts","EndothelialCells","Flrt2","Flt4","age30m-age3m",1,-0.000340224573477505,"Fibroblasts"
"Fibroblasts","Leukocytes","Flrt2","Flt4","age30m-age3m",1,-0.000340224573477505,"Fibroblasts"
"Leukocytes","EndothelialCells","Flrt2","Unc5b","age30m-age3m",1,-0.000340224573477505,"Fibroblasts"
"Leukocytes","Leukocytes","Flrt2","Flt4","age30m-age3m",1,-0.000340224573477505,"Fibroblasts"
"Fibroblasts","Leukocytes","Flrt2","Unc5b","age30m-age3m",1,-0.000340224573477505,"Fibroblasts"
"Leukocytes","Fibroblasts","Flrt2","Unc5b","age30m-age3m",1,-0.000340224573477505,"Fibroblasts"
"Leukocytes","EndothelialCells","Flrt2","Flt4","age30m-age3m",1,-0.000340224573477505,"Fibroblasts"
"Leukocytes","Leukocytes","Flrt2","Unc5b","age30m-age3m",1,-0.000340224573477505,"Fibroblasts"
"Leukocytes","Leukocytes","Tnf","Ltbr","age30m-age3m",1,-0.000345883009909493,"Leukocytes"
"Leukocytes","Leukocytes","Tnf","Tnfrsf21","age30m-age3m",1,-0.000345883009909493,"Leukocytes"
"Leukocytes","Leukocytes","Tnf","Tnfrsf1a","age30m-age3m",1,-0.000345883009909493,"Leukocytes"
"Leukocytes","Fibroblasts","Tnf","Tnfrsf1a","age30m-age3m",1,-0.000345883009909493,"Leukocytes"
"Leukocytes","Fibroblasts","Tnf","Ltbr","age30m-age3m",1,-0.000345883009909493,"Leukocytes"
"Leukocytes","EndothelialCells","Tnf","Tnfrsf1a","age30m-age3m",1,-0.000345883009909493,"Leukocytes"
"Leukocytes","EndothelialCells","Tnf","Traf2","age30m-age3m",1,-0.000345883009909493,"Leukocytes"
"Leukocytes","Fibroblasts","Tnf","Tnfrsf1b","age30m-age3m",1,-0.000345883009909493,"Leukocytes"
"Leukocytes","Leukocytes","Tnf","Traf2","age30m-age3m",1,-0.000345883009909493,"Leukocytes"
"Leukocytes","Fibroblasts","Tnf","Traf2","age30m-age3m",1,-0.000345883009909493,"Leukocytes"
"Leukocytes","Leukocytes","Tnf","Tnfrsf1b","age30m-age3m",1,-0.000345883009909493,"Leukocytes"
"Leukocytes","EndothelialCells","Tnf","Ltbr","age30m-age3m",1,-0.000345883009909493,"Leukocytes"
"Leukocytes","EndothelialCells","Tnf","Tnfrsf1b","age30m-age3m",1,-0.000345883009909493,"Leukocytes"
"EndothelialCells","Leukocytes","Tnf","Ltbr","age30m-age3m",1,-0.000345883009909493,"Leukocytes"
"Leukocytes","EndothelialCells","Tnf","Tnfrsf21","age30m-age3m",1,-0.000345883009909493,"Leukocytes"
"EndothelialCells","Leukocytes","Tnf","Tnfrsf21","age30m-age3m",1,-0.000345883009909493,"Leukocytes"
"EndothelialCells","Leukocytes","Tnf","Tnfrsf1a","age30m-age3m",1,-0.000345883009909493,"Leukocytes"
"EndothelialCells","Fibroblasts","Tnf","Tnfrsf1a","age30m-age3m",1,-0.000345883009909493,"Leukocytes"
"EndothelialCells","Fibroblasts","Tnf","Ltbr","age30m-age3m",1,-0.000345883009909493,"Leukocytes"
"EndothelialCells","EndothelialCells","Tnf","Tnfrsf1a","age30m-age3m",1,-0.000345883009909493,"Leukocytes"
"EndothelialCells","EndothelialCells","Tnf","Traf2","age30m-age3m",1,-0.000345883009909493,"Leukocytes"
"EndothelialCells","Fibroblasts","Tnf","Tnfrsf1b","age30m-age3m",1,-0.000345883009909493,"Leukocytes"
"EndothelialCells","Leukocytes","Tnf","Traf2","age30m-age3m",1,-0.000345883009909493,"Leukocytes"
"EndothelialCells","Fibroblasts","Tnf","Traf2","age30m-age3m",1,-0.000345883009909493,"Leukocytes"
"EndothelialCells","Leukocytes","Tnf","Tnfrsf1b","age30m-age3m",1,-0.000345883009909493,"Leukocytes"
"EndothelialCells","EndothelialCells","Tnf","Ltbr","age30m-age3m",1,-0.000345883009909493,"Leukocytes"
"EndothelialCells","EndothelialCells","Tnf","Tnfrsf1b","age30m-age3m",1,-0.000345883009909493,"Leukocytes"
"Leukocytes","Fibroblasts","Tnf","Tnfrsf21","age30m-age3m",1,-0.000345883009909493,"Leukocytes"
"EndothelialCells","EndothelialCells","Tnf","Tnfrsf21","age30m-age3m",1,-0.000345883009909493,"Leukocytes"
"Leukocytes","Myocytes","Tnf","Ltbr","age30m-age3m",1,-0.000345883009909493,"Leukocytes"
"Leukocytes","Myocytes","Tnf","Tnfrsf1a","age30m-age3m",1,-0.000345883009909493,"Leukocytes"
"EndothelialCells","Fibroblasts","Tnf","Tnfrsf21","age30m-age3m",1,-0.000345883009909493,"Leukocytes"
"EndothelialCells","Leukocytes","Jag1","Notch1","age30m-age3m",1,-0.000352264038541044,"Fibroblasts"
"EndothelialCells","EndothelialCells","Jag1","Notch4","age30m-age3m",1,-0.000352264038541044,"Fibroblasts"
"EndothelialCells","EndothelialCells","Jag1","Notch1","age30m-age3m",1,-0.000352264038541044,"Fibroblasts"
"EndothelialCells","Leukocytes","Jag1","Notch2","age30m-age3m",1,-0.000352264038541044,"Fibroblasts"
"Fibroblasts","Leukocytes","Jag1","Notch1","age30m-age3m",1,-0.000352264038541044,"Fibroblasts"
"Fibroblasts","EndothelialCells","Jag1","Notch4","age30m-age3m",1,-0.000352264038541044,"Fibroblasts"
"Fibroblasts","EndothelialCells","Jag1","Notch1","age30m-age3m",1,-0.000352264038541044,"Fibroblasts"
"Fibroblasts","Leukocytes","Jag1","Notch2","age30m-age3m",1,-0.000352264038541044,"Fibroblasts"
"EndothelialCells","Fibroblasts","Jag1","Notch2","age30m-age3m",1,-0.000352264038541044,"Fibroblasts"
"EndothelialCells","Leukocytes","Jag1","Notch4","age30m-age3m",1,-0.000352264038541044,"Fibroblasts"
"EndothelialCells","Fibroblasts","Jag1","Notch1","age30m-age3m",1,-0.000352264038541044,"Fibroblasts"
"EndothelialCells","Fibroblasts","Jag1","Notch3","age30m-age3m",1,-0.000352264038541044,"Fibroblasts"
"EndothelialCells","Fibroblasts","Jag1","Notch4","age30m-age3m",1,-0.000352264038541044,"Fibroblasts"
"Fibroblasts","Fibroblasts","Jag1","Notch2","age30m-age3m",1,-0.000352264038541044,"Fibroblasts"
"Fibroblasts","Leukocytes","Jag1","Notch4","age30m-age3m",1,-0.000352264038541044,"Fibroblasts"
"Fibroblasts","Fibroblasts","Jag1","Notch1","age30m-age3m",1,-0.000352264038541044,"Fibroblasts"
"Fibroblasts","Fibroblasts","Jag1","Notch3","age30m-age3m",1,-0.000352264038541044,"Fibroblasts"
"Fibroblasts","Fibroblasts","Jag1","Notch4","age30m-age3m",1,-0.000352264038541044,"Fibroblasts"
"EndothelialCells","Fibroblasts","Pdgfb","Pdgfrb","age30m-age3m",1,-0.000368644176663355,"EndothelialCells"
"EndothelialCells","Fibroblasts","Pdgfb","Lrp1","age30m-age3m",1,-0.000368644176663355,"EndothelialCells"
"EndothelialCells","Fibroblasts","Pdgfb","Pdgfra","age30m-age3m",1,-0.000368644176663355,"EndothelialCells"
"EndothelialCells","Leukocytes","Pdgfb","Lrp1","age30m-age3m",1,-0.000368644176663355,"EndothelialCells"
"Leukocytes","Fibroblasts","Pdgfb","Pdgfrb","age30m-age3m",1,-0.000368644176663355,"EndothelialCells"
"Leukocytes","Fibroblasts","Pdgfb","Lrp1","age30m-age3m",1,-0.000368644176663355,"EndothelialCells"
"Leukocytes","Fibroblasts","Pdgfb","Pdgfra","age30m-age3m",1,-0.000368644176663355,"EndothelialCells"
"Leukocytes","Leukocytes","Pdgfb","Lrp1","age30m-age3m",1,-0.000368644176663355,"EndothelialCells"
"EndothelialCells","Myocytes","Pdgfb","Lrp1","age30m-age3m",1,-0.000368644176663355,"EndothelialCells"
"EndothelialCells","EndothelialCells","Pdgfb","Pdgfra","age30m-age3m",1,-0.000368644176663355,"EndothelialCells"
"EndothelialCells","EndothelialCells","Pdgfb","Lrp1","age30m-age3m",1,-0.000368644176663355,"EndothelialCells"
"Leukocytes","Myocytes","Pdgfb","Lrp1","age30m-age3m",1,-0.000368644176663355,"EndothelialCells"
"Leukocytes","EndothelialCells","Pdgfb","Pdgfra","age30m-age3m",1,-0.000368644176663355,"EndothelialCells"
"Leukocytes","EndothelialCells","Pdgfb","Lrp1","age30m-age3m",1,-0.000368644176663355,"EndothelialCells"
"Fibroblasts","Leukocytes","Ang","Plxnb2","age30m-age3m",1,-0.000391562322901078,"Fibroblasts"
"Fibroblasts","Fibroblasts","Ang","Egfr","age30m-age3m",1,-0.000391562322901078,"Fibroblasts"
"Fibroblasts","Fibroblasts","Ang","Plxnb2","age30m-age3m",1,-0.000391562322901078,"Fibroblasts"
"Leukocytes","Leukocytes","Ang","Plxnb2","age30m-age3m",1,-0.000391562322901078,"Fibroblasts"
"Leukocytes","Fibroblasts","Ang","Egfr","age30m-age3m",1,-0.000391562322901078,"Fibroblasts"
"Leukocytes","Fibroblasts","Ang","Plxnb2","age30m-age3m",1,-0.000391562322901078,"Fibroblasts"
"EndothelialCells","Leukocytes","Ang","Plxnb2","age30m-age3m",1,-0.000391562322901078,"Fibroblasts"
"EndothelialCells","Fibroblasts","Ang","Egfr","age30m-age3m",1,-0.000391562322901078,"Fibroblasts"
"EndothelialCells","Fibroblasts","Ang","Plxnb2","age30m-age3m",1,-0.000391562322901078,"Fibroblasts"
"Fibroblasts","Leukocytes","Ang","Egfr","age30m-age3m",1,-0.000391562322901078,"Fibroblasts"
"Leukocytes","Leukocytes","Ang","Egfr","age30m-age3m",1,-0.000391562322901078,"Fibroblasts"
"EndothelialCells","Fibroblasts","Tgm2","Itga9","age30m-age3m",1,-0.000407091186790059,"Fibroblasts"
"EndothelialCells","Leukocytes","Tgm2","Itga9","age30m-age3m",1,-0.000407091186790059,"Fibroblasts"
"Leukocytes","Fibroblasts","Tgm2","Itga9","age30m-age3m",1,-0.000407091186790059,"Fibroblasts"
"EndothelialCells","EndothelialCells","Tgm2","Itgb1","age30m-age3m",1,-0.000407091186790059,"Fibroblasts"
"EndothelialCells","Leukocytes","Tgm2","Sdc4","age30m-age3m",1,-0.000407091186790059,"Fibroblasts"
"EndothelialCells","EndothelialCells","Tgm2","Tbxa2r","age30m-age3m",1,-0.000407091186790059,"Fibroblasts"
"EndothelialCells","Fibroblasts","Tgm2","Sdc4","age30m-age3m",1,-0.000407091186790059,"Fibroblasts"
"EndothelialCells","Fibroblasts","Tgm2","Itgb3","age30m-age3m",1,-0.000407091186790059,"Fibroblasts"
"EndothelialCells","Leukocytes","Tgm2","Itgb3","age30m-age3m",1,-0.000407091186790059,"Fibroblasts"
"Leukocytes","Leukocytes","Tgm2","Itga9","age30m-age3m",1,-0.000407091186790059,"Fibroblasts"
"Fibroblasts","Fibroblasts","Tgm2","Itga9","age30m-age3m",1,-0.000407091186790059,"Fibroblasts"
"Leukocytes","EndothelialCells","Tgm2","Itgb1","age30m-age3m",1,-0.000407091186790059,"Fibroblasts"
"EndothelialCells","Leukocytes","Tgm2","Itga4","age30m-age3m",1,-0.000407091186790059,"Fibroblasts"
"Leukocytes","Leukocytes","Tgm2","Sdc4","age30m-age3m",1,-0.000407091186790059,"Fibroblasts"
"Leukocytes","EndothelialCells","Tgm2","Tbxa2r","age30m-age3m",1,-0.000407091186790059,"Fibroblasts"
"EndothelialCells","EndothelialCells","Tgm2","Itga9","age30m-age3m",1,-0.000407091186790059,"Fibroblasts"
"Leukocytes","Fibroblasts","Tgm2","Sdc4","age30m-age3m",1,-0.000407091186790059,"Fibroblasts"
"Leukocytes","Fibroblasts","Tgm2","Itgb3","age30m-age3m",1,-0.000407091186790059,"Fibroblasts"
"Leukocytes","Leukocytes","Tgm2","Itgb3","age30m-age3m",1,-0.000407091186790059,"Fibroblasts"
"EndothelialCells","EndothelialCells","Tgm2","Sdc4","age30m-age3m",1,-0.000407091186790059,"Fibroblasts"
"EndothelialCells","Fibroblasts","Tgm2","Itgb1","age30m-age3m",1,-0.000407091186790059,"Fibroblasts"
"Fibroblasts","Leukocytes","Tgm2","Itga9","age30m-age3m",1,-0.000407091186790059,"Fibroblasts"
"Leukocytes","Leukocytes","Tgm2","Itga4","age30m-age3m",1,-0.000407091186790059,"Fibroblasts"
"Fibroblasts","EndothelialCells","Tgm2","Itgb1","age30m-age3m",1,-0.000407091186790059,"Fibroblasts"
"EndothelialCells","Leukocytes","Tgm2","Itgb1","age30m-age3m",1,-0.000407091186790059,"Fibroblasts"
"Fibroblasts","Leukocytes","Tgm2","Sdc4","age30m-age3m",1,-0.000407091186790059,"Fibroblasts"
"Leukocytes","EndothelialCells","Tgm2","Itga9","age30m-age3m",1,-0.000407091186790059,"Fibroblasts"
"Fibroblasts","EndothelialCells","Tgm2","Tbxa2r","age30m-age3m",1,-0.000407091186790059,"Fibroblasts"
"Fibroblasts","Fibroblasts","Tgm2","Sdc4","age30m-age3m",1,-0.000407091186790059,"Fibroblasts"
"Fibroblasts","Fibroblasts","Tgm2","Itgb3","age30m-age3m",1,-0.000407091186790059,"Fibroblasts"
"Fibroblasts","Leukocytes","Tgm2","Itgb3","age30m-age3m",1,-0.000407091186790059,"Fibroblasts"
"Leukocytes","EndothelialCells","Tgm2","Sdc4","age30m-age3m",1,-0.000407091186790059,"Fibroblasts"
"Leukocytes","Fibroblasts","Tgm2","Itgb1","age30m-age3m",1,-0.000407091186790059,"Fibroblasts"
"Fibroblasts","Leukocytes","Tgm2","Itga4","age30m-age3m",1,-0.000407091186790059,"Fibroblasts"
"Leukocytes","Leukocytes","Tgm2","Itgb1","age30m-age3m",1,-0.000407091186790059,"Fibroblasts"
"Fibroblasts","EndothelialCells","Tgm2","Itga9","age30m-age3m",1,-0.000407091186790059,"Fibroblasts"
"Myocytes","Fibroblasts","Tgm2","Itga9","age30m-age3m",1,-0.000407091186790059,"Fibroblasts"
"Myocytes","Fibroblasts","Tgm2","Itgb3","age30m-age3m",1,-0.000407091186790059,"Fibroblasts"
"EndothelialCells","Myocytes","Tgm2","Itgb1","age30m-age3m",1,-0.000407091186790059,"Fibroblasts"
"EndothelialCells","Fibroblasts","Tgm2","Tbxa2r","age30m-age3m",1,-0.000407091186790059,"Fibroblasts"
"Fibroblasts","EndothelialCells","Tgm2","Sdc4","age30m-age3m",1,-0.000407091186790059,"Fibroblasts"
"Fibroblasts","Fibroblasts","Tgm2","Itgb1","age30m-age3m",1,-0.000407091186790059,"Fibroblasts"
"Myocytes","Leukocytes","Tgm2","Itga9","age30m-age3m",1,-0.000407091186790059,"Fibroblasts"
"Fibroblasts","Leukocytes","Tgm2","Itgb1","age30m-age3m",1,-0.000407091186790059,"Fibroblasts"
"Leukocytes","Myocytes","Tgm2","Itgb1","age30m-age3m",1,-0.000407091186790059,"Fibroblasts"
"Myocytes","EndothelialCells","Tgm2","Itgb1","age30m-age3m",1,-0.000407091186790059,"Fibroblasts"
"Myocytes","Leukocytes","Tgm2","Sdc4","age30m-age3m",1,-0.000407091186790059,"Fibroblasts"
"Myocytes","EndothelialCells","Tgm2","Tbxa2r","age30m-age3m",1,-0.000407091186790059,"Fibroblasts"
"Leukocytes","Fibroblasts","Tgm2","Tbxa2r","age30m-age3m",1,-0.000407091186790059,"Fibroblasts"
"Myocytes","Fibroblasts","Tgm2","Sdc4","age30m-age3m",1,-0.000407091186790059,"Fibroblasts"
"EndothelialCells","Myocytes","Tgm2","Sdc4","age30m-age3m",1,-0.000407091186790059,"Fibroblasts"
"Fibroblasts","Myocytes","Tgm2","Itgb1","age30m-age3m",1,-0.000407091186790059,"Fibroblasts"
"Myocytes","Leukocytes","Tgm2","Itga4","age30m-age3m",1,-0.000407091186790059,"Fibroblasts"
"Myocytes","EndothelialCells","Tgm2","Itga9","age30m-age3m",1,-0.000407091186790059,"Fibroblasts"
"Fibroblasts","Fibroblasts","Tgm2","Tbxa2r","age30m-age3m",1,-0.000407091186790059,"Fibroblasts"
"Leukocytes","Myocytes","Tgm2","Sdc4","age30m-age3m",1,-0.000407091186790059,"Fibroblasts"
"Myocytes","EndothelialCells","Tgm2","Sdc4","age30m-age3m",1,-0.000407091186790059,"Fibroblasts"
"Myocytes","Fibroblasts","Tgm2","Itgb1","age30m-age3m",1,-0.000407091186790059,"Fibroblasts"
"Myocytes","Leukocytes","Tgm2","Itgb1","age30m-age3m",1,-0.000407091186790059,"Fibroblasts"
"Fibroblasts","Myocytes","Tgm2","Sdc4","age30m-age3m",1,-0.000407091186790059,"Fibroblasts"
"Myocytes","Myocytes","Tgm2","Sdc4","age30m-age3m",1,-0.000407091186790059,"Fibroblasts"
"Myocytes","Myocytes","Tgm2","Itgb1","age30m-age3m",1,-0.000407091186790059,"Fibroblasts"
"Fibroblasts","Leukocytes","Tnfsf12","Cd163","age30m-age3m",1,-0.000441449968393885,"Fibroblasts"
"Fibroblasts","Fibroblasts","Tnfsf12","Tnfrsf12a","age30m-age3m",1,-0.000441449968393885,"Fibroblasts"
"Leukocytes","Leukocytes","Tnfsf12","Cd163","age30m-age3m",1,-0.000441449968393885,"Fibroblasts"
"Leukocytes","Fibroblasts","Tnfsf12","Tnfrsf12a","age30m-age3m",1,-0.000441449968393885,"Fibroblasts"
"EndothelialCells","Leukocytes","Tnfsf12","Cd163","age30m-age3m",1,-0.000441449968393885,"Fibroblasts"
"EndothelialCells","Fibroblasts","Tnfsf12","Tnfrsf12a","age30m-age3m",1,-0.000441449968393885,"Fibroblasts"
"Fibroblasts","EndothelialCells","Tnfsf12","Tnfrsf12a","age30m-age3m",1,-0.000441449968393885,"Fibroblasts"
"Leukocytes","EndothelialCells","Tnfsf12","Tnfrsf12a","age30m-age3m",1,-0.000441449968393885,"Fibroblasts"
"EndothelialCells","EndothelialCells","Tnfsf12","Tnfrsf12a","age30m-age3m",1,-0.000441449968393885,"Fibroblasts"
"Fibroblasts","Myocytes","Tnfsf12","Tnfrsf12a","age30m-age3m",1,-0.000441449968393885,"Fibroblasts"
"Leukocytes","Myocytes","Tnfsf12","Tnfrsf12a","age30m-age3m",1,-0.000441449968393885,"Fibroblasts"
"EndothelialCells","Myocytes","Tnfsf12","Tnfrsf12a","age30m-age3m",1,-0.000441449968393885,"Fibroblasts"
"Fibroblasts","Leukocytes","Tnfsf12","Tnfrsf12a","age30m-age3m",1,-0.000441449968393885,"Fibroblasts"
"Leukocytes","Leukocytes","Tnfsf12","Tnfrsf12a","age30m-age3m",1,-0.000441449968393885,"Fibroblasts"
"Myocytes","Leukocytes","Tnfsf12","Cd163","age30m-age3m",1,-0.000441449968393885,"Fibroblasts"
"Myocytes","Fibroblasts","Tnfsf12","Tnfrsf12a","age30m-age3m",1,-0.000441449968393885,"Fibroblasts"
"EndothelialCells","Leukocytes","Tnfsf12","Tnfrsf12a","age30m-age3m",1,-0.000441449968393885,"Fibroblasts"
"Myocytes","Myocytes","Tnfsf12","Tnfrsf12a","age30m-age3m",1,-0.000441449968393885,"Fibroblasts"
"Myocytes","EndothelialCells","Tnfsf12","Tnfrsf12a","age30m-age3m",1,-0.000441449968393885,"Fibroblasts"
"Myocytes","Leukocytes","Tnfsf12","Tnfrsf12a","age30m-age3m",1,-0.000441449968393885,"Fibroblasts"
"EndothelialCells","Leukocytes","Vegfc","Nrp2","age30m-age3m",1,-0.000443433911964375,"Fibroblasts"
"EndothelialCells","Leukocytes","Vegfc","Kdr","age30m-age3m",1,-0.000443433911964375,"Fibroblasts"
"EndothelialCells","Fibroblasts","Vegfc","Vipr2","age30m-age3m",1,-0.000443433911964375,"Fibroblasts"
"EndothelialCells","EndothelialCells","Vegfc","Kdr","age30m-age3m",1,-0.000443433911964375,"Fibroblasts"
"EndothelialCells","Leukocytes","Vegfc","Flt4","age30m-age3m",1,-0.000443433911964375,"Fibroblasts"
"Fibroblasts","Leukocytes","Vegfc","Nrp2","age30m-age3m",1,-0.000443433911964375,"Fibroblasts"
"EndothelialCells","Fibroblasts","Vegfc","Kdr","age30m-age3m",1,-0.000443433911964375,"Fibroblasts"
"Fibroblasts","Leukocytes","Vegfc","Kdr","age30m-age3m",1,-0.000443433911964375,"Fibroblasts"
"EndothelialCells","EndothelialCells","Vegfc","Flt4","age30m-age3m",1,-0.000443433911964375,"Fibroblasts"
"EndothelialCells","EndothelialCells","Vegfc","Nrp2","age30m-age3m",1,-0.000443433911964375,"Fibroblasts"
"Fibroblasts","Fibroblasts","Vegfc","Vipr2","age30m-age3m",1,-0.000443433911964375,"Fibroblasts"
"Fibroblasts","EndothelialCells","Vegfc","Kdr","age30m-age3m",1,-0.000443433911964375,"Fibroblasts"
"EndothelialCells","Fibroblasts","Vegfc","Nrp2","age30m-age3m",1,-0.000443433911964375,"Fibroblasts"
"Fibroblasts","Leukocytes","Vegfc","Flt4","age30m-age3m",1,-0.000443433911964375,"Fibroblasts"
"Fibroblasts","Fibroblasts","Vegfc","Kdr","age30m-age3m",1,-0.000443433911964375,"Fibroblasts"
"Fibroblasts","EndothelialCells","Vegfc","Flt4","age30m-age3m",1,-0.000443433911964375,"Fibroblasts"
"Fibroblasts","EndothelialCells","Vegfc","Nrp2","age30m-age3m",1,-0.000443433911964375,"Fibroblasts"
"Fibroblasts","Fibroblasts","Vegfc","Nrp2","age30m-age3m",1,-0.000443433911964375,"Fibroblasts"
"EndothelialCells","Myocytes","Vegfc","Nrp2","age30m-age3m",1,-0.000443433911964375,"Fibroblasts"
"Fibroblasts","Myocytes","Vegfc","Nrp2","age30m-age3m",1,-0.000443433911964375,"Fibroblasts"
"Fibroblasts","EndothelialCells","Ildr2","Csf2rb2","age30m-age3m",1,-0.000454992060274442,"Fibroblasts"
"Fibroblasts","Fibroblasts","Ildr2","Csf2rb2","age30m-age3m",1,-0.000454992060274442,"Fibroblasts"
"Fibroblasts","Leukocytes","Ildr2","Csf2rb2","age30m-age3m",1,-0.000454992060274442,"Fibroblasts"
"Fibroblasts","EndothelialCells","Ildr2","Flt4","age30m-age3m",1,-0.000454992060274442,"Fibroblasts"
"Fibroblasts","Leukocytes","Ildr2","Csf2rb","age30m-age3m",1,-0.000454992060274442,"Fibroblasts"
"Fibroblasts","Leukocytes","Ildr2","Flt4","age30m-age3m",1,-0.000454992060274442,"Fibroblasts"
"Fibroblasts","EndothelialCells","Ildr2","Csf2rb","age30m-age3m",1,-0.000454992060274442,"Fibroblasts"
"Leukocytes","EndothelialCells","Ildr2","Csf2rb2","age30m-age3m",1,-0.000454992060274442,"Fibroblasts"
"Leukocytes","Fibroblasts","Ildr2","Csf2rb2","age30m-age3m",1,-0.000454992060274442,"Fibroblasts"
"Leukocytes","Leukocytes","Ildr2","Csf2rb2","age30m-age3m",1,-0.000454992060274442,"Fibroblasts"
"Leukocytes","EndothelialCells","Ildr2","Flt4","age30m-age3m",1,-0.000454992060274442,"Fibroblasts"
"Leukocytes","Leukocytes","Ildr2","Csf2rb","age30m-age3m",1,-0.000454992060274442,"Fibroblasts"
"Leukocytes","EndothelialCells","Ildr2","Csf2rb","age30m-age3m",1,-0.000454992060274442,"Fibroblasts"
"Fibroblasts","Fibroblasts","Fgf7","Fgfr1","age30m-age3m",1,-0.000461119798770066,"Fibroblasts"
"Fibroblasts","Leukocytes","Fgf7","Fgfr1","age30m-age3m",1,-0.000461119798770066,"Fibroblasts"
"Fibroblasts","Leukocytes","Fgf7","Nrp1","age30m-age3m",1,-0.000461119798770066,"Fibroblasts"
"Fibroblasts","EndothelialCells","Fgf7","Fgfr3","age30m-age3m",1,-0.000461119798770066,"Fibroblasts"
"Fibroblasts","EndothelialCells","Fgf7","Nrp1","age30m-age3m",1,-0.000461119798770066,"Fibroblasts"
"Fibroblasts","Fibroblasts","Fgf7","Nrp1","age30m-age3m",1,-0.000461119798770066,"Fibroblasts"
"Fibroblasts","EndothelialCells","Fgf7","Fgfr1","age30m-age3m",1,-0.000461119798770066,"Fibroblasts"
"Fibroblasts","Leukocytes","Fgf7","Fgfr3","age30m-age3m",1,-0.000461119798770066,"Fibroblasts"
"Fibroblasts","Myocytes","Fgf7","Nrp1","age30m-age3m",1,-0.000461119798770066,"Fibroblasts"
"EndothelialCells","EndothelialCells","Esam","Esam","age30m-age3m",1,-0.000461274283379292,"EndothelialCells"
"EndothelialCells","Fibroblasts","Esam","Esam","age30m-age3m",1,-0.000461274283379292,"EndothelialCells"
"EndothelialCells","Leukocytes","Esam","Esam","age30m-age3m",1,-0.000461274283379292,"EndothelialCells"
"Leukocytes","EndothelialCells","Esam","Esam","age30m-age3m",1,-0.000461274283379292,"EndothelialCells"
"Fibroblasts","EndothelialCells","Esam","Esam","age30m-age3m",1,-0.000461274283379292,"EndothelialCells"
"Leukocytes","Fibroblasts","Esam","Esam","age30m-age3m",1,-0.000461274283379292,"EndothelialCells"
"Fibroblasts","Fibroblasts","Esam","Esam","age30m-age3m",1,-0.000461274283379292,"EndothelialCells"
"Leukocytes","Leukocytes","Esam","Esam","age30m-age3m",1,-0.000461274283379292,"EndothelialCells"
"Fibroblasts","Leukocytes","Esam","Esam","age30m-age3m",1,-0.000461274283379292,"EndothelialCells"
"EndothelialCells","Myocytes","Esam","Esam","age30m-age3m",1,-0.000461274283379292,"EndothelialCells"
"Myocytes","EndothelialCells","Esam","Esam","age30m-age3m",1,-0.000461274283379292,"EndothelialCells"
"Myocytes","Fibroblasts","Esam","Esam","age30m-age3m",1,-0.000461274283379292,"EndothelialCells"
"Myocytes","Leukocytes","Esam","Esam","age30m-age3m",1,-0.000461274283379292,"EndothelialCells"
"Leukocytes","Myocytes","Esam","Esam","age30m-age3m",1,-0.000461274283379292,"EndothelialCells"
"Fibroblasts","Myocytes","Esam","Esam","age30m-age3m",1,-0.000461274283379292,"EndothelialCells"
"Myocytes","Myocytes","Esam","Esam","age30m-age3m",1,-0.000461274283379292,"EndothelialCells"
"Leukocytes","Fibroblasts","Il1b","Il1r1","age30m-age3m",1,-0.000471736422934738,"Leukocytes"
"Leukocytes","EndothelialCells","Il1b","Il1r1","age30m-age3m",1,-0.000471736422934738,"Leukocytes"
"Leukocytes","Fibroblasts","Il1b","Il1rap","age30m-age3m",1,-0.000471736422934738,"Leukocytes"
"Leukocytes","Leukocytes","Il1b","Il1rap","age30m-age3m",1,-0.000471736422934738,"Leukocytes"
"Leukocytes","EndothelialCells","Il1b","Adrb2","age30m-age3m",1,-0.000471736422934738,"Leukocytes"
"EndothelialCells","Fibroblasts","Il1b","Il1r1","age30m-age3m",1,-0.000471736422934738,"Leukocytes"
"Leukocytes","Leukocytes","Il1b","Adrb2","age30m-age3m",1,-0.000471736422934738,"Leukocytes"
"EndothelialCells","EndothelialCells","Il1b","Il1r1","age30m-age3m",1,-0.000471736422934738,"Leukocytes"
"EndothelialCells","Fibroblasts","Il1b","Il1rap","age30m-age3m",1,-0.000471736422934738,"Leukocytes"
"EndothelialCells","Leukocytes","Il1b","Il1rap","age30m-age3m",1,-0.000471736422934738,"Leukocytes"
"Myocytes","Fibroblasts","Il1b","Il1r1","age30m-age3m",1,-0.000471736422934738,"Leukocytes"
"Myocytes","EndothelialCells","Il1b","Il1r1","age30m-age3m",1,-0.000471736422934738,"Leukocytes"
"EndothelialCells","EndothelialCells","Il1b","Adrb2","age30m-age3m",1,-0.000471736422934738,"Leukocytes"
"Myocytes","Fibroblasts","Il1b","Il1rap","age30m-age3m",1,-0.000471736422934738,"Leukocytes"
"Myocytes","Leukocytes","Il1b","Il1rap","age30m-age3m",1,-0.000471736422934738,"Leukocytes"
"Fibroblasts","Fibroblasts","Il1b","Il1r1","age30m-age3m",1,-0.000471736422934738,"Leukocytes"
"EndothelialCells","Leukocytes","Il1b","Adrb2","age30m-age3m",1,-0.000471736422934738,"Leukocytes"
"Fibroblasts","EndothelialCells","Il1b","Il1r1","age30m-age3m",1,-0.000471736422934738,"Leukocytes"
"Myocytes","EndothelialCells","Il1b","Adrb2","age30m-age3m",1,-0.000471736422934738,"Leukocytes"
"Fibroblasts","Fibroblasts","Il1b","Il1rap","age30m-age3m",1,-0.000471736422934738,"Leukocytes"
"Fibroblasts","Leukocytes","Il1b","Il1rap","age30m-age3m",1,-0.000471736422934738,"Leukocytes"
"Myocytes","Leukocytes","Il1b","Adrb2","age30m-age3m",1,-0.000471736422934738,"Leukocytes"
"Fibroblasts","EndothelialCells","Il1b","Adrb2","age30m-age3m",1,-0.000471736422934738,"Leukocytes"
"Leukocytes","Fibroblasts","Il1b","Adrb2","age30m-age3m",1,-0.000471736422934738,"Leukocytes"
"Fibroblasts","Leukocytes","Il1b","Adrb2","age30m-age3m",1,-0.000471736422934738,"Leukocytes"
"Myocytes","Fibroblasts","Il1b","Adrb2","age30m-age3m",1,-0.000471736422934738,"Leukocytes"
"EndothelialCells","Fibroblasts","Il1b","Adrb2","age30m-age3m",1,-0.000471736422934738,"Leukocytes"
"Fibroblasts","Fibroblasts","Il1b","Adrb2","age30m-age3m",1,-0.000471736422934738,"Leukocytes"
"Leukocytes","Fibroblasts","Gas6","Axl","age30m-age3m",1,-0.000483566502316464,"Fibroblasts"
"EndothelialCells","Fibroblasts","Gas6","Axl","age30m-age3m",1,-0.000483566502316464,"Fibroblasts"
"Fibroblasts","Fibroblasts","Gas6","Axl","age30m-age3m",1,-0.000483566502316464,"Fibroblasts"
"Leukocytes","EndothelialCells","Gas6","Axl","age30m-age3m",1,-0.000483566502316464,"Fibroblasts"
"Leukocytes","Leukocytes","Gas6","Axl","age30m-age3m",1,-0.000483566502316464,"Fibroblasts"
"Leukocytes","Fibroblasts","Gas6","Tyro3","age30m-age3m",1,-0.000483566502316464,"Fibroblasts"
"Leukocytes","EndothelialCells","Gas6","Mertk","age30m-age3m",1,-0.000483566502316464,"Fibroblasts"
"Leukocytes","Fibroblasts","Gas6","Mertk","age30m-age3m",1,-0.000483566502316464,"Fibroblasts"
"Leukocytes","Leukocytes","Gas6","Mertk","age30m-age3m",1,-0.000483566502316464,"Fibroblasts"
"EndothelialCells","EndothelialCells","Gas6","Axl","age30m-age3m",1,-0.000483566502316464,"Fibroblasts"
"Myocytes","Fibroblasts","Gas6","Axl","age30m-age3m",1,-0.000483566502316464,"Fibroblasts"
"Fibroblasts","EndothelialCells","Gas6","Axl","age30m-age3m",1,-0.000483566502316464,"Fibroblasts"
"EndothelialCells","Leukocytes","Gas6","Axl","age30m-age3m",1,-0.000483566502316464,"Fibroblasts"
"Fibroblasts","Leukocytes","Gas6","Axl","age30m-age3m",1,-0.000483566502316464,"Fibroblasts"
"EndothelialCells","Fibroblasts","Gas6","Tyro3","age30m-age3m",1,-0.000483566502316464,"Fibroblasts"
"EndothelialCells","EndothelialCells","Gas6","Mertk","age30m-age3m",1,-0.000483566502316464,"Fibroblasts"
"Fibroblasts","Fibroblasts","Gas6","Tyro3","age30m-age3m",1,-0.000483566502316464,"Fibroblasts"
"Fibroblasts","EndothelialCells","Gas6","Mertk","age30m-age3m",1,-0.000483566502316464,"Fibroblasts"
"EndothelialCells","Fibroblasts","Gas6","Mertk","age30m-age3m",1,-0.000483566502316464,"Fibroblasts"
"Fibroblasts","Fibroblasts","Gas6","Mertk","age30m-age3m",1,-0.000483566502316464,"Fibroblasts"
"EndothelialCells","Leukocytes","Gas6","Mertk","age30m-age3m",1,-0.000483566502316464,"Fibroblasts"
"Fibroblasts","Leukocytes","Gas6","Mertk","age30m-age3m",1,-0.000483566502316464,"Fibroblasts"
"Myocytes","EndothelialCells","Gas6","Axl","age30m-age3m",1,-0.000483566502316464,"Fibroblasts"
"Myocytes","Leukocytes","Gas6","Axl","age30m-age3m",1,-0.000483566502316464,"Fibroblasts"
"Myocytes","Fibroblasts","Gas6","Tyro3","age30m-age3m",1,-0.000483566502316464,"Fibroblasts"
"Myocytes","EndothelialCells","Gas6","Mertk","age30m-age3m",1,-0.000483566502316464,"Fibroblasts"
"Myocytes","Fibroblasts","Gas6","Mertk","age30m-age3m",1,-0.000483566502316464,"Fibroblasts"
"Myocytes","Leukocytes","Gas6","Mertk","age30m-age3m",1,-0.000483566502316464,"Fibroblasts"
"Fibroblasts","Fibroblasts","Gpc6","Lrp1","age30m-age3m",1,-0.000485877893037419,"Fibroblasts"
"Fibroblasts","Fibroblasts","Gpc6","Fgfrl1","age30m-age3m",1,-0.000485877893037419,"Fibroblasts"
"Fibroblasts","Leukocytes","Gpc6","Lrp1","age30m-age3m",1,-0.000485877893037419,"Fibroblasts"
"Fibroblasts","EndothelialCells","Gpc6","Lrp1","age30m-age3m",1,-0.000485877893037419,"Fibroblasts"
"Fibroblasts","Myocytes","Gpc6","Lrp1","age30m-age3m",1,-0.000485877893037419,"Fibroblasts"
"Fibroblasts","Myocytes","Crlf1","Cntfr","age30m-age3m",1,-0.000497094642082572,"Fibroblasts"
"Fibroblasts","Leukocytes","Crlf1","Lifr","age30m-age3m",1,-0.000497094642082572,"Fibroblasts"
"Fibroblasts","Fibroblasts","Crlf1","Il6st","age30m-age3m",1,-0.000497094642082572,"Fibroblasts"
"Fibroblasts","EndothelialCells","Crlf1","Il6st","age30m-age3m",1,-0.000497094642082572,"Fibroblasts"
"Fibroblasts","Fibroblasts","Crlf1","Cntfr","age30m-age3m",1,-0.000497094642082572,"Fibroblasts"
"Fibroblasts","Leukocytes","Crlf1","Il6st","age30m-age3m",1,-0.000497094642082572,"Fibroblasts"
"Fibroblasts","Fibroblasts","Crlf1","Lifr","age30m-age3m",1,-0.000497094642082572,"Fibroblasts"
"Fibroblasts","EndothelialCells","Crlf1","Lifr","age30m-age3m",1,-0.000497094642082572,"Fibroblasts"
"Fibroblasts","Myocytes","Crlf1","Lifr","age30m-age3m",1,-0.000497094642082572,"Fibroblasts"
"Fibroblasts","Myocytes","Crlf1","Il6st","age30m-age3m",1,-0.000497094642082572,"Fibroblasts"
"Leukocytes","EndothelialCells","Cd38","Pecam1","age30m-age3m",1,-0.000508792353742571,"EndothelialCells"
"EndothelialCells","EndothelialCells","Cd38","Pecam1","age30m-age3m",1,-0.000508792353742571,"EndothelialCells"
"Leukocytes","Leukocytes","Cd38","Pecam1","age30m-age3m",1,-0.000508792353742571,"EndothelialCells"
"Leukocytes","Fibroblasts","Cd38","Pecam1","age30m-age3m",1,-0.000508792353742571,"EndothelialCells"
"EndothelialCells","Leukocytes","Cd38","Pecam1","age30m-age3m",1,-0.000508792353742571,"EndothelialCells"
"EndothelialCells","Fibroblasts","Cd38","Pecam1","age30m-age3m",1,-0.000508792353742571,"EndothelialCells"
"Myocytes","EndothelialCells","Cd38","Pecam1","age30m-age3m",1,-0.000508792353742571,"EndothelialCells"
"Myocytes","Leukocytes","Cd38","Pecam1","age30m-age3m",1,-0.000508792353742571,"EndothelialCells"
"Myocytes","Fibroblasts","Cd38","Pecam1","age30m-age3m",1,-0.000508792353742571,"EndothelialCells"
"Leukocytes","Myocytes","Cd38","Pecam1","age30m-age3m",1,-0.000508792353742571,"EndothelialCells"
"EndothelialCells","Myocytes","Cd38","Pecam1","age30m-age3m",1,-0.000508792353742571,"EndothelialCells"
"Myocytes","Myocytes","Cd38","Pecam1","age30m-age3m",1,-0.000508792353742571,"EndothelialCells"
"Fibroblasts","Fibroblasts","Inhba","Tgfbr3","age30m-age3m",1,-0.000512933842675753,"Fibroblasts"
"Fibroblasts","Fibroblasts","Inhba","Acvr1","age30m-age3m",1,-0.000512933842675753,"Fibroblasts"
"Fibroblasts","EndothelialCells","Inhba","Acvr1","age30m-age3m",1,-0.000512933842675753,"Fibroblasts"
"Fibroblasts","EndothelialCells","Inhba","Eng","age30m-age3m",1,-0.000512933842675753,"Fibroblasts"
"Fibroblasts","Myocytes","Inhba","Bambi","age30m-age3m",1,-0.000512933842675753,"Fibroblasts"
"Fibroblasts","Leukocytes","Inhba","Acvr1","age30m-age3m",1,-0.000512933842675753,"Fibroblasts"
"Fibroblasts","Leukocytes","Inhba","Eng","age30m-age3m",1,-0.000512933842675753,"Fibroblasts"
"Fibroblasts","Fibroblasts","Inhba","Eng","age30m-age3m",1,-0.000512933842675753,"Fibroblasts"
"Fibroblasts","Fibroblasts","Inhba","Acvr2b","age30m-age3m",1,-0.000512933842675753,"Fibroblasts"
"Fibroblasts","EndothelialCells","Inhba","Acvr2a","age30m-age3m",1,-0.000512933842675753,"Fibroblasts"
"Fibroblasts","Fibroblasts","Inhba","Bambi","age30m-age3m",1,-0.000512933842675753,"Fibroblasts"
"Fibroblasts","EndothelialCells","Inhba","Acvr2b","age30m-age3m",1,-0.000512933842675753,"Fibroblasts"
"Fibroblasts","Leukocytes","Inhba","Bambi","age30m-age3m",1,-0.000512933842675753,"Fibroblasts"
"Fibroblasts","Fibroblasts","Inhba","Acvr2a","age30m-age3m",1,-0.000512933842675753,"Fibroblasts"
"Fibroblasts","EndothelialCells","Inhba","Tgfbr3","age30m-age3m",1,-0.000512933842675753,"Fibroblasts"
"Fibroblasts","Leukocytes","Inhba","Tgfbr3","age30m-age3m",1,-0.000512933842675753,"Fibroblasts"
"Fibroblasts","Myocytes","Inhba","Eng","age30m-age3m",1,-0.000512933842675753,"Fibroblasts"
"Fibroblasts","EndothelialCells","Inhba","Bambi","age30m-age3m",1,-0.000512933842675753,"Fibroblasts"
"Fibroblasts","Myocytes","Inhba","Tgfbr3","age30m-age3m",1,-0.000512933842675753,"Fibroblasts"
"Fibroblasts","EndothelialCells","Lrrn2","Tmem123","age30m-age3m",1,-0.000513725716159726,"Fibroblasts"
"Fibroblasts","Fibroblasts","Lrrn2","Tmem123","age30m-age3m",1,-0.000513725716159726,"Fibroblasts"
"Fibroblasts","Leukocytes","Lrrn2","Tmem123","age30m-age3m",1,-0.000513725716159726,"Fibroblasts"
"Fibroblasts","Myocytes","Lrrn2","Tmem123","age30m-age3m",1,-0.000513725716159726,"Fibroblasts"
"EndothelialCells","Fibroblasts","Pdgfa","Pdgfrb","age30m-age3m",1,-0.000526079728471888,"Fibroblasts"
"Leukocytes","Fibroblasts","Pdgfa","Pdgfrb","age30m-age3m",1,-0.000526079728471888,"Fibroblasts"
"EndothelialCells","Fibroblasts","Pdgfa","Pdgfra","age30m-age3m",1,-0.000526079728471888,"Fibroblasts"
"Leukocytes","Fibroblasts","Pdgfa","Pdgfra","age30m-age3m",1,-0.000526079728471888,"Fibroblasts"
"Fibroblasts","Fibroblasts","Pdgfa","Pdgfrb","age30m-age3m",1,-0.000526079728471888,"Fibroblasts"
"Fibroblasts","Fibroblasts","Pdgfa","Pdgfra","age30m-age3m",1,-0.000526079728471888,"Fibroblasts"
"EndothelialCells","Leukocytes","Pdgfa","Furin","age30m-age3m",1,-0.000526079728471888,"Fibroblasts"
"Leukocytes","Leukocytes","Pdgfa","Furin","age30m-age3m",1,-0.000526079728471888,"Fibroblasts"
"Fibroblasts","Leukocytes","Pdgfa","Furin","age30m-age3m",1,-0.000526079728471888,"Fibroblasts"
"EndothelialCells","Fibroblasts","Pdgfa","Furin","age30m-age3m",1,-0.000526079728471888,"Fibroblasts"
"Leukocytes","Fibroblasts","Pdgfa","Furin","age30m-age3m",1,-0.000526079728471888,"Fibroblasts"
"Fibroblasts","Fibroblasts","Pdgfa","Furin","age30m-age3m",1,-0.000526079728471888,"Fibroblasts"
"EndothelialCells","EndothelialCells","Pdgfa","Furin","age30m-age3m",1,-0.000526079728471888,"Fibroblasts"
"Leukocytes","EndothelialCells","Pdgfa","Furin","age30m-age3m",1,-0.000526079728471888,"Fibroblasts"
"Fibroblasts","EndothelialCells","Pdgfa","Furin","age30m-age3m",1,-0.000526079728471888,"Fibroblasts"
"Myocytes","Fibroblasts","Pdgfa","Pdgfrb","age30m-age3m",1,-0.000526079728471888,"Fibroblasts"
"Myocytes","Fibroblasts","Pdgfa","Pdgfra","age30m-age3m",1,-0.000526079728471888,"Fibroblasts"
"EndothelialCells","EndothelialCells","Pdgfa","Pdgfra","age30m-age3m",1,-0.000526079728471888,"Fibroblasts"
"Leukocytes","EndothelialCells","Pdgfa","Pdgfra","age30m-age3m",1,-0.000526079728471888,"Fibroblasts"
"Fibroblasts","EndothelialCells","Pdgfa","Pdgfra","age30m-age3m",1,-0.000526079728471888,"Fibroblasts"
"Myocytes","Leukocytes","Pdgfa","Furin","age30m-age3m",1,-0.000526079728471888,"Fibroblasts"
"EndothelialCells","Myocytes","Pdgfa","Furin","age30m-age3m",1,-0.000526079728471888,"Fibroblasts"
"Leukocytes","Myocytes","Pdgfa","Furin","age30m-age3m",1,-0.000526079728471888,"Fibroblasts"
"Fibroblasts","Myocytes","Pdgfa","Furin","age30m-age3m",1,-0.000526079728471888,"Fibroblasts"
"Myocytes","Fibroblasts","Pdgfa","Furin","age30m-age3m",1,-0.000526079728471888,"Fibroblasts"
"Myocytes","EndothelialCells","Pdgfa","Furin","age30m-age3m",1,-0.000526079728471888,"Fibroblasts"
"Myocytes","Myocytes","Pdgfa","Furin","age30m-age3m",1,-0.000526079728471888,"Fibroblasts"
"Leukocytes","EndothelialCells","Alcam","Nrp1","age30m-age3m",1,-0.000530084910854771,"Fibroblasts"
"Leukocytes","Leukocytes","Alcam","Nrp1","age30m-age3m",1,-0.000530084910854771,"Fibroblasts"
"Leukocytes","Leukocytes","Alcam","Alcam","age30m-age3m",1,-0.000530084910854771,"Fibroblasts"
"Fibroblasts","EndothelialCells","Alcam","Nrp1","age30m-age3m",1,-0.000530084910854771,"Fibroblasts"
"Fibroblasts","Leukocytes","Alcam","Nrp1","age30m-age3m",1,-0.000530084910854771,"Fibroblasts"
"Fibroblasts","Leukocytes","Alcam","Alcam","age30m-age3m",1,-0.000530084910854771,"Fibroblasts"
"Leukocytes","Fibroblasts","Alcam","Alcam","age30m-age3m",1,-0.000530084910854771,"Fibroblasts"
"Leukocytes","Fibroblasts","Alcam","Nrp1","age30m-age3m",1,-0.000530084910854771,"Fibroblasts"
"Fibroblasts","Fibroblasts","Alcam","Alcam","age30m-age3m",1,-0.000530084910854771,"Fibroblasts"
"Fibroblasts","Fibroblasts","Alcam","Nrp1","age30m-age3m",1,-0.000530084910854771,"Fibroblasts"
"Leukocytes","Myocytes","Alcam","Nrp1","age30m-age3m",1,-0.000530084910854771,"Fibroblasts"
"Fibroblasts","Myocytes","Alcam","Nrp1","age30m-age3m",1,-0.000530084910854771,"Fibroblasts"
"Fibroblasts","EndothelialCells","Bace2","App","age30m-age3m",1,-0.000549199486835016,"Fibroblasts"
"Fibroblasts","Fibroblasts","Bace2","App","age30m-age3m",1,-0.000549199486835016,"Fibroblasts"
"Fibroblasts","Leukocytes","Bace2","App","age30m-age3m",1,-0.000549199486835016,"Fibroblasts"
"EndothelialCells","EndothelialCells","Bace2","App","age30m-age3m",1,-0.000549199486835016,"Fibroblasts"
"EndothelialCells","Fibroblasts","Bace2","App","age30m-age3m",1,-0.000549199486835016,"Fibroblasts"
"EndothelialCells","Leukocytes","Bace2","App","age30m-age3m",1,-0.000549199486835016,"Fibroblasts"
"Leukocytes","EndothelialCells","Bace2","App","age30m-age3m",1,-0.000549199486835016,"Fibroblasts"
"Leukocytes","Fibroblasts","Bace2","App","age30m-age3m",1,-0.000549199486835016,"Fibroblasts"
"Leukocytes","Leukocytes","Bace2","App","age30m-age3m",1,-0.000549199486835016,"Fibroblasts"
"Fibroblasts","Myocytes","Bace2","App","age30m-age3m",1,-0.000549199486835016,"Fibroblasts"
"EndothelialCells","Myocytes","Bace2","App","age30m-age3m",1,-0.000549199486835016,"Fibroblasts"
"Fibroblasts","Fibroblasts","Myoc","Fzd1","age30m-age3m",1,-0.000549958894583707,"Fibroblasts"
"Fibroblasts","Fibroblasts","Myoc","Fzd7","age30m-age3m",1,-0.000549958894583707,"Fibroblasts"
"Fibroblasts","Fibroblasts","Myoc","Fzd4","age30m-age3m",1,-0.000549958894583707,"Fibroblasts"
"Fibroblasts","EndothelialCells","Myoc","Fzd4","age30m-age3m",1,-0.000549958894583707,"Fibroblasts"
"Fibroblasts","Leukocytes","Myoc","Fzd7","age30m-age3m",1,-0.000549958894583707,"Fibroblasts"
"EndothelialCells","Fibroblasts","Myoc","Fzd1","age30m-age3m",1,-0.000549958894583707,"Fibroblasts"
"EndothelialCells","Fibroblasts","Myoc","Fzd7","age30m-age3m",1,-0.000549958894583707,"Fibroblasts"
"Fibroblasts","Fibroblasts","Myoc","Fzd3","age30m-age3m",1,-0.000549958894583707,"Fibroblasts"
"Leukocytes","Fibroblasts","Myoc","Fzd1","age30m-age3m",1,-0.000549958894583707,"Fibroblasts"
"Leukocytes","Fibroblasts","Myoc","Fzd7","age30m-age3m",1,-0.000549958894583707,"Fibroblasts"
"EndothelialCells","Fibroblasts","Myoc","Fzd4","age30m-age3m",1,-0.000549958894583707,"Fibroblasts"
"EndothelialCells","EndothelialCells","Myoc","Fzd4","age30m-age3m",1,-0.000549958894583707,"Fibroblasts"
"EndothelialCells","Leukocytes","Myoc","Fzd7","age30m-age3m",1,-0.000549958894583707,"Fibroblasts"
"EndothelialCells","Fibroblasts","Myoc","Fzd3","age30m-age3m",1,-0.000549958894583707,"Fibroblasts"
"Leukocytes","Fibroblasts","Myoc","Fzd4","age30m-age3m",1,-0.000549958894583707,"Fibroblasts"
"Leukocytes","EndothelialCells","Myoc","Fzd4","age30m-age3m",1,-0.000549958894583707,"Fibroblasts"
"Leukocytes","Leukocytes","Myoc","Fzd7","age30m-age3m",1,-0.000549958894583707,"Fibroblasts"
"Leukocytes","Fibroblasts","Myoc","Fzd3","age30m-age3m",1,-0.000549958894583707,"Fibroblasts"
"Leukocytes","Fibroblasts","Mmp9","Lrp1","age30m-age3m",1,-0.000556329734272919,"Leukocytes"
"Leukocytes","Fibroblasts","Mmp9","Reck","age30m-age3m",1,-0.000556329734272919,"Leukocytes"
"Leukocytes","Leukocytes","Mmp9","Lrp1","age30m-age3m",1,-0.000556329734272919,"Leukocytes"
"Leukocytes","Leukocytes","Mmp9","Ifnar1","age30m-age3m",1,-0.000556329734272919,"Leukocytes"
"Leukocytes","Leukocytes","Mmp9","Itgam","age30m-age3m",1,-0.000556329734272919,"Leukocytes"
"Leukocytes","Fibroblasts","Mmp9","Ddr1","age30m-age3m",1,-0.000556329734272919,"Leukocytes"
"Leukocytes","Fibroblasts","Mmp9","Ifnar1","age30m-age3m",1,-0.000556329734272919,"Leukocytes"
"Leukocytes","Leukocytes","Mmp9","Itgb2","age30m-age3m",1,-0.000556329734272919,"Leukocytes"
"Leukocytes","Leukocytes","Mmp9","Cd44","age30m-age3m",1,-0.000556329734272919,"Leukocytes"
"Leukocytes","EndothelialCells","Mmp9","Ifnar1","age30m-age3m",1,-0.000556329734272919,"Leukocytes"
"Leukocytes","Fibroblasts","Mmp9","Cd44","age30m-age3m",1,-0.000556329734272919,"Leukocytes"
"Fibroblasts","Fibroblasts","Mmp9","Lrp1","age30m-age3m",1,-0.000556329734272919,"Leukocytes"
"Fibroblasts","Fibroblasts","Mmp9","Reck","age30m-age3m",1,-0.000556329734272919,"Leukocytes"
"Fibroblasts","Leukocytes","Mmp9","Lrp1","age30m-age3m",1,-0.000556329734272919,"Leukocytes"
"Fibroblasts","Leukocytes","Mmp9","Ifnar1","age30m-age3m",1,-0.000556329734272919,"Leukocytes"
"Leukocytes","EndothelialCells","Mmp9","Lrp1","age30m-age3m",1,-0.000556329734272919,"Leukocytes"
"Fibroblasts","Leukocytes","Mmp9","Itgam","age30m-age3m",1,-0.000556329734272919,"Leukocytes"
"Fibroblasts","Fibroblasts","Mmp9","Ddr1","age30m-age3m",1,-0.000556329734272919,"Leukocytes"
"Fibroblasts","Fibroblasts","Mmp9","Ifnar1","age30m-age3m",1,-0.000556329734272919,"Leukocytes"
"Fibroblasts","Leukocytes","Mmp9","Itgb2","age30m-age3m",1,-0.000556329734272919,"Leukocytes"
"Leukocytes","EndothelialCells","Mmp9","Itgb2","age30m-age3m",1,-0.000556329734272919,"Leukocytes"
"Leukocytes","Myocytes","Mmp9","Cd44","age30m-age3m",1,-0.000556329734272919,"Leukocytes"
"Fibroblasts","Leukocytes","Mmp9","Cd44","age30m-age3m",1,-0.000556329734272919,"Leukocytes"
"Leukocytes","Myocytes","Mmp9","Lrp1","age30m-age3m",1,-0.000556329734272919,"Leukocytes"
"Fibroblasts","EndothelialCells","Mmp9","Ifnar1","age30m-age3m",1,-0.000556329734272919,"Leukocytes"
"Fibroblasts","Fibroblasts","Mmp9","Cd44","age30m-age3m",1,-0.000556329734272919,"Leukocytes"
"Fibroblasts","EndothelialCells","Mmp9","Lrp1","age30m-age3m",1,-0.000556329734272919,"Leukocytes"
"Leukocytes","EndothelialCells","Mmp9","Cd44","age30m-age3m",1,-0.000556329734272919,"Leukocytes"
"Fibroblasts","EndothelialCells","Mmp9","Itgb2","age30m-age3m",1,-0.000556329734272919,"Leukocytes"
"Leukocytes","Myocytes","Mmp9","Ddr1","age30m-age3m",1,-0.000556329734272919,"Leukocytes"
"Fibroblasts","EndothelialCells","Mmp9","Cd44","age30m-age3m",1,-0.000556329734272919,"Leukocytes"
"Fibroblasts","EndothelialCells","Pgf","Kdr","age30m-age3m",1,-0.000558753580121483,"Fibroblasts"
"Fibroblasts","EndothelialCells","Pgf","Nrp1","age30m-age3m",1,-0.000558753580121483,"Fibroblasts"
"Fibroblasts","EndothelialCells","Pgf","Flt1","age30m-age3m",1,-0.000558753580121483,"Fibroblasts"
"Fibroblasts","Leukocytes","Pgf","Nrp2","age30m-age3m",1,-0.000558753580121483,"Fibroblasts"
"Fibroblasts","Leukocytes","Pgf","Kdr","age30m-age3m",1,-0.000558753580121483,"Fibroblasts"
"Fibroblasts","Leukocytes","Pgf","Nrp1","age30m-age3m",1,-0.000558753580121483,"Fibroblasts"
"EndothelialCells","EndothelialCells","Pgf","Kdr","age30m-age3m",1,-0.000558753580121483,"Fibroblasts"
"Fibroblasts","EndothelialCells","Pgf","Nrp2","age30m-age3m",1,-0.000558753580121483,"Fibroblasts"
"EndothelialCells","EndothelialCells","Pgf","Nrp1","age30m-age3m",1,-0.000558753580121483,"Fibroblasts"
"EndothelialCells","EndothelialCells","Pgf","Flt1","age30m-age3m",1,-0.000558753580121483,"Fibroblasts"
"EndothelialCells","Leukocytes","Pgf","Nrp2","age30m-age3m",1,-0.000558753580121483,"Fibroblasts"
"Fibroblasts","Fibroblasts","Pgf","Kdr","age30m-age3m",1,-0.000558753580121483,"Fibroblasts"
"EndothelialCells","Leukocytes","Pgf","Kdr","age30m-age3m",1,-0.000558753580121483,"Fibroblasts"
"EndothelialCells","Leukocytes","Pgf","Nrp1","age30m-age3m",1,-0.000558753580121483,"Fibroblasts"
"Fibroblasts","Fibroblasts","Pgf","Flt1","age30m-age3m",1,-0.000558753580121483,"Fibroblasts"
"EndothelialCells","EndothelialCells","Pgf","Nrp2","age30m-age3m",1,-0.000558753580121483,"Fibroblasts"
"Fibroblasts","Fibroblasts","Pgf","Nrp1","age30m-age3m",1,-0.000558753580121483,"Fibroblasts"
"Fibroblasts","Fibroblasts","Pgf","Nrp2","age30m-age3m",1,-0.000558753580121483,"Fibroblasts"
"EndothelialCells","Fibroblasts","Pgf","Kdr","age30m-age3m",1,-0.000558753580121483,"Fibroblasts"
"EndothelialCells","Fibroblasts","Pgf","Flt1","age30m-age3m",1,-0.000558753580121483,"Fibroblasts"
"EndothelialCells","Fibroblasts","Pgf","Nrp1","age30m-age3m",1,-0.000558753580121483,"Fibroblasts"
"EndothelialCells","Fibroblasts","Pgf","Nrp2","age30m-age3m",1,-0.000558753580121483,"Fibroblasts"
"Fibroblasts","Myocytes","Pgf","Flt1","age30m-age3m",1,-0.000558753580121483,"Fibroblasts"
"Fibroblasts","Myocytes","Pgf","Nrp2","age30m-age3m",1,-0.000558753580121483,"Fibroblasts"
"EndothelialCells","Myocytes","Pgf","Flt1","age30m-age3m",1,-0.000558753580121483,"Fibroblasts"
"Fibroblasts","Myocytes","Pgf","Nrp1","age30m-age3m",1,-0.000558753580121483,"Fibroblasts"
"EndothelialCells","Myocytes","Pgf","Nrp2","age30m-age3m",1,-0.000558753580121483,"Fibroblasts"
"EndothelialCells","Myocytes","Pgf","Nrp1","age30m-age3m",1,-0.000558753580121483,"Fibroblasts"
"Leukocytes","EndothelialCells","Glg1","Unc5b","age30m-age3m",1,-0.000559637701083292,"Fibroblasts"
"EndothelialCells","EndothelialCells","Glg1","Unc5b","age30m-age3m",1,-0.000559637701083292,"Fibroblasts"
"Leukocytes","Fibroblasts","Glg1","Unc5b","age30m-age3m",1,-0.000559637701083292,"Fibroblasts"
"Fibroblasts","EndothelialCells","Glg1","Unc5b","age30m-age3m",1,-0.000559637701083292,"Fibroblasts"
"EndothelialCells","Fibroblasts","Glg1","Unc5b","age30m-age3m",1,-0.000559637701083292,"Fibroblasts"
"Fibroblasts","Fibroblasts","Glg1","Unc5b","age30m-age3m",1,-0.000559637701083292,"Fibroblasts"
"Leukocytes","Leukocytes","Glg1","Unc5b","age30m-age3m",1,-0.000559637701083292,"Fibroblasts"
"EndothelialCells","Leukocytes","Glg1","Unc5b","age30m-age3m",1,-0.000559637701083292,"Fibroblasts"
"Fibroblasts","Leukocytes","Glg1","Unc5b","age30m-age3m",1,-0.000559637701083292,"Fibroblasts"
"EndothelialCells","Fibroblasts","Sema6d","Plxna1","age30m-age3m",1,-0.000564105976188297,"Fibroblasts"
"EndothelialCells","Leukocytes","Sema6d","Plxna4","age30m-age3m",1,-0.000564105976188297,"Fibroblasts"
"EndothelialCells","EndothelialCells","Sema6d","Plxna4","age30m-age3m",1,-0.000564105976188297,"Fibroblasts"
"EndothelialCells","Leukocytes","Sema6d","Trem2","age30m-age3m",1,-0.000564105976188297,"Fibroblasts"
"EndothelialCells","EndothelialCells","Sema6d","Kdr","age30m-age3m",1,-0.000564105976188297,"Fibroblasts"
"EndothelialCells","Leukocytes","Sema6d","Kdr","age30m-age3m",1,-0.000564105976188297,"Fibroblasts"
"EndothelialCells","Leukocytes","Sema6d","Plxna1","age30m-age3m",1,-0.000564105976188297,"Fibroblasts"
"Leukocytes","Fibroblasts","Sema6d","Plxna1","age30m-age3m",1,-0.000564105976188297,"Fibroblasts"
"Fibroblasts","Fibroblasts","Sema6d","Plxna1","age30m-age3m",1,-0.000564105976188297,"Fibroblasts"
"EndothelialCells","EndothelialCells","Sema6d","Plxna1","age30m-age3m",1,-0.000564105976188297,"Fibroblasts"
"Leukocytes","Leukocytes","Sema6d","Plxna4","age30m-age3m",1,-0.000564105976188297,"Fibroblasts"
"Leukocytes","EndothelialCells","Sema6d","Plxna4","age30m-age3m",1,-0.000564105976188297,"Fibroblasts"
"Fibroblasts","Leukocytes","Sema6d","Plxna4","age30m-age3m",1,-0.000564105976188297,"Fibroblasts"
"Fibroblasts","EndothelialCells","Sema6d","Plxna4","age30m-age3m",1,-0.000564105976188297,"Fibroblasts"
"Leukocytes","Leukocytes","Sema6d","Trem2","age30m-age3m",1,-0.000564105976188297,"Fibroblasts"
"Fibroblasts","Leukocytes","Sema6d","Trem2","age30m-age3m",1,-0.000564105976188297,"Fibroblasts"
"EndothelialCells","Leukocytes","Sema6d","Tyrobp","age30m-age3m",1,-0.000564105976188297,"Fibroblasts"
"Leukocytes","EndothelialCells","Sema6d","Kdr","age30m-age3m",1,-0.000564105976188297,"Fibroblasts"
"Fibroblasts","EndothelialCells","Sema6d","Kdr","age30m-age3m",1,-0.000564105976188297,"Fibroblasts"
"EndothelialCells","Fibroblasts","Sema6d","Kdr","age30m-age3m",1,-0.000564105976188297,"Fibroblasts"
"EndothelialCells","Fibroblasts","Sema6d","Plxnc1","age30m-age3m",1,-0.000564105976188297,"Fibroblasts"
"EndothelialCells","Myocytes","Sema6d","Tyrobp","age30m-age3m",1,-0.000564105976188297,"Fibroblasts"
"Leukocytes","Leukocytes","Sema6d","Kdr","age30m-age3m",1,-0.000564105976188297,"Fibroblasts"
"EndothelialCells","Leukocytes","Sema6d","Plxnc1","age30m-age3m",1,-0.000564105976188297,"Fibroblasts"
"Fibroblasts","Leukocytes","Sema6d","Kdr","age30m-age3m",1,-0.000564105976188297,"Fibroblasts"
"Leukocytes","Leukocytes","Sema6d","Plxna1","age30m-age3m",1,-0.000564105976188297,"Fibroblasts"
"Fibroblasts","Leukocytes","Sema6d","Plxna1","age30m-age3m",1,-0.000564105976188297,"Fibroblasts"
"Leukocytes","EndothelialCells","Sema6d","Plxna1","age30m-age3m",1,-0.000564105976188297,"Fibroblasts"
"Fibroblasts","EndothelialCells","Sema6d","Plxna1","age30m-age3m",1,-0.000564105976188297,"Fibroblasts"
"Leukocytes","Leukocytes","Sema6d","Tyrobp","age30m-age3m",1,-0.000564105976188297,"Fibroblasts"
"Fibroblasts","Leukocytes","Sema6d","Tyrobp","age30m-age3m",1,-0.000564105976188297,"Fibroblasts"
"Leukocytes","Fibroblasts","Sema6d","Kdr","age30m-age3m",1,-0.000564105976188297,"Fibroblasts"
"Fibroblasts","Fibroblasts","Sema6d","Kdr","age30m-age3m",1,-0.000564105976188297,"Fibroblasts"
"Leukocytes","Fibroblasts","Sema6d","Plxnc1","age30m-age3m",1,-0.000564105976188297,"Fibroblasts"
"Fibroblasts","Fibroblasts","Sema6d","Plxnc1","age30m-age3m",1,-0.000564105976188297,"Fibroblasts"
"EndothelialCells","Fibroblasts","Sema6d","Tyrobp","age30m-age3m",1,-0.000564105976188297,"Fibroblasts"
"EndothelialCells","EndothelialCells","Sema6d","Tyrobp","age30m-age3m",1,-0.000564105976188297,"Fibroblasts"
"Leukocytes","Myocytes","Sema6d","Tyrobp","age30m-age3m",1,-0.000564105976188297,"Fibroblasts"
"Fibroblasts","Myocytes","Sema6d","Tyrobp","age30m-age3m",1,-0.000564105976188297,"Fibroblasts"
"Leukocytes","Leukocytes","Sema6d","Plxnc1","age30m-age3m",1,-0.000564105976188297,"Fibroblasts"
"Fibroblasts","Leukocytes","Sema6d","Plxnc1","age30m-age3m",1,-0.000564105976188297,"Fibroblasts"
"Leukocytes","Fibroblasts","Sema6d","Tyrobp","age30m-age3m",1,-0.000564105976188297,"Fibroblasts"
"Fibroblasts","Fibroblasts","Sema6d","Tyrobp","age30m-age3m",1,-0.000564105976188297,"Fibroblasts"
"Leukocytes","EndothelialCells","Sema6d","Tyrobp","age30m-age3m",1,-0.000564105976188297,"Fibroblasts"
"Fibroblasts","EndothelialCells","Sema6d","Tyrobp","age30m-age3m",1,-0.000564105976188297,"Fibroblasts"
"EndothelialCells","Fibroblasts","Sema6d","Trem2","age30m-age3m",1,-0.000564105976188297,"Fibroblasts"
"Leukocytes","Fibroblasts","Sema6d","Trem2","age30m-age3m",1,-0.000564105976188297,"Fibroblasts"
"Fibroblasts","Fibroblasts","Sema6d","Trem2","age30m-age3m",1,-0.000564105976188297,"Fibroblasts"
"Fibroblasts","Fibroblasts","Igfbp4","Lrp6","age30m-age3m",1,-0.000576430235280682,"Fibroblasts"
"Fibroblasts","Leukocytes","Igfbp4","Lrp6","age30m-age3m",1,-0.000576430235280682,"Fibroblasts"
"Fibroblasts","Fibroblasts","Igfbp4","Fzd8","age30m-age3m",1,-0.000576430235280682,"Fibroblasts"
"Fibroblasts","EndothelialCells","Igfbp4","Fzd8","age30m-age3m",1,-0.000576430235280682,"Fibroblasts"
"Leukocytes","Fibroblasts","Igfbp4","Lrp6","age30m-age3m",1,-0.000576430235280682,"Fibroblasts"
"Leukocytes","Leukocytes","Igfbp4","Lrp6","age30m-age3m",1,-0.000576430235280682,"Fibroblasts"
"Leukocytes","Fibroblasts","Igfbp4","Fzd8","age30m-age3m",1,-0.000576430235280682,"Fibroblasts"
"Fibroblasts","EndothelialCells","Igfbp4","Lrp6","age30m-age3m",1,-0.000576430235280682,"Fibroblasts"
"Leukocytes","EndothelialCells","Igfbp4","Fzd8","age30m-age3m",1,-0.000576430235280682,"Fibroblasts"
"Leukocytes","EndothelialCells","Igfbp4","Lrp6","age30m-age3m",1,-0.000576430235280682,"Fibroblasts"
"EndothelialCells","Fibroblasts","Igfbp4","Lrp6","age30m-age3m",1,-0.000576430235280682,"Fibroblasts"
"EndothelialCells","Leukocytes","Igfbp4","Lrp6","age30m-age3m",1,-0.000576430235280682,"Fibroblasts"
"EndothelialCells","Fibroblasts","Igfbp4","Fzd8","age30m-age3m",1,-0.000576430235280682,"Fibroblasts"
"Myocytes","Fibroblasts","Igfbp4","Lrp6","age30m-age3m",1,-0.000576430235280682,"Fibroblasts"
"Myocytes","Leukocytes","Igfbp4","Lrp6","age30m-age3m",1,-0.000576430235280682,"Fibroblasts"
"Myocytes","Fibroblasts","Igfbp4","Fzd8","age30m-age3m",1,-0.000576430235280682,"Fibroblasts"
"EndothelialCells","EndothelialCells","Igfbp4","Fzd8","age30m-age3m",1,-0.000576430235280682,"Fibroblasts"
"Myocytes","EndothelialCells","Igfbp4","Fzd8","age30m-age3m",1,-0.000576430235280682,"Fibroblasts"
"Fibroblasts","Myocytes","Igfbp4","Lrp6","age30m-age3m",1,-0.000576430235280682,"Fibroblasts"
"EndothelialCells","EndothelialCells","Igfbp4","Lrp6","age30m-age3m",1,-0.000576430235280682,"Fibroblasts"
"Myocytes","EndothelialCells","Igfbp4","Lrp6","age30m-age3m",1,-0.000576430235280682,"Fibroblasts"
"Leukocytes","Myocytes","Igfbp4","Lrp6","age30m-age3m",1,-0.000576430235280682,"Fibroblasts"
"Myocytes","Myocytes","Igfbp4","Lrp6","age30m-age3m",1,-0.000576430235280682,"Fibroblasts"
"EndothelialCells","Myocytes","Igfbp4","Lrp6","age30m-age3m",1,-0.000576430235280682,"Fibroblasts"
"EndothelialCells","EndothelialCells","Efna1","Epha4","age30m-age3m",1,-0.000590763189682932,"Fibroblasts"
"Leukocytes","EndothelialCells","Efna1","Epha4","age30m-age3m",1,-0.000590763189682932,"Fibroblasts"
"EndothelialCells","EndothelialCells","Efna1","Epha2","age30m-age3m",1,-0.000590763189682932,"Fibroblasts"
"EndothelialCells","EndothelialCells","Efna1","Ephb1","age30m-age3m",1,-0.000590763189682932,"Fibroblasts"
"Fibroblasts","EndothelialCells","Efna1","Epha4","age30m-age3m",1,-0.000590763189682932,"Fibroblasts"
"Leukocytes","EndothelialCells","Efna1","Epha2","age30m-age3m",1,-0.000590763189682932,"Fibroblasts"
"Leukocytes","EndothelialCells","Efna1","Ephb1","age30m-age3m",1,-0.000590763189682932,"Fibroblasts"
"Fibroblasts","EndothelialCells","Efna1","Epha2","age30m-age3m",1,-0.000590763189682932,"Fibroblasts"
"Fibroblasts","EndothelialCells","Efna1","Ephb1","age30m-age3m",1,-0.000590763189682932,"Fibroblasts"
"Myocytes","EndothelialCells","Efna1","Epha4","age30m-age3m",1,-0.000590763189682932,"Fibroblasts"
"EndothelialCells","Fibroblasts","Efna1","Epha4","age30m-age3m",1,-0.000590763189682932,"Fibroblasts"
"Myocytes","EndothelialCells","Efna1","Epha2","age30m-age3m",1,-0.000590763189682932,"Fibroblasts"
"Myocytes","EndothelialCells","Efna1","Ephb1","age30m-age3m",1,-0.000590763189682932,"Fibroblasts"
"EndothelialCells","Myocytes","Efna1","Epha4","age30m-age3m",1,-0.000590763189682932,"Fibroblasts"
"Fibroblasts","Fibroblasts","Efna1","Epha4","age30m-age3m",1,-0.000590763189682932,"Fibroblasts"
"Myocytes","Fibroblasts","Efna1","Epha4","age30m-age3m",1,-0.000590763189682932,"Fibroblasts"
"Fibroblasts","Myocytes","Efna1","Epha4","age30m-age3m",1,-0.000590763189682932,"Fibroblasts"
"Myocytes","Myocytes","Efna1","Epha4","age30m-age3m",1,-0.000590763189682932,"Fibroblasts"
"Fibroblasts","Fibroblasts","Znrf3","Fzd2","age30m-age3m",1,-0.000606464646856108,"Fibroblasts"
"Fibroblasts","Fibroblasts","Znrf3","Lrp6","age30m-age3m",1,-0.000606464646856108,"Fibroblasts"
"Fibroblasts","Fibroblasts","Znrf3","Fzd8","age30m-age3m",1,-0.000606464646856108,"Fibroblasts"
"Fibroblasts","Leukocytes","Znrf3","Lrp6","age30m-age3m",1,-0.000606464646856108,"Fibroblasts"
"Fibroblasts","EndothelialCells","Znrf3","Fzd6","age30m-age3m",1,-0.000606464646856108,"Fibroblasts"
"Fibroblasts","EndothelialCells","Znrf3","Fzd8","age30m-age3m",1,-0.000606464646856108,"Fibroblasts"
"Fibroblasts","EndothelialCells","Znrf3","Fzd4","age30m-age3m",1,-0.000606464646856108,"Fibroblasts"
"Fibroblasts","Leukocytes","Znrf3","Fzd6","age30m-age3m",1,-0.000606464646856108,"Fibroblasts"
"Fibroblasts","Fibroblasts","Znrf3","Fzd4","age30m-age3m",1,-0.000606464646856108,"Fibroblasts"
"Fibroblasts","EndothelialCells","Znrf3","Lrp6","age30m-age3m",1,-0.000606464646856108,"Fibroblasts"
"Leukocytes","Fibroblasts","Cklf","Lrp6","age30m-age3m",1,-0.000614412815892441,"Leukocytes"
"Leukocytes","Leukocytes","Cklf","Lrp6","age30m-age3m",1,-0.000614412815892441,"Leukocytes"
"Leukocytes","EndothelialCells","Cklf","Lrp6","age30m-age3m",1,-0.000614412815892441,"Leukocytes"
"EndothelialCells","Fibroblasts","Cklf","Lrp6","age30m-age3m",1,-0.000614412815892441,"Leukocytes"
"EndothelialCells","Leukocytes","Cklf","Lrp6","age30m-age3m",1,-0.000614412815892441,"Leukocytes"
"Fibroblasts","Fibroblasts","Cklf","Lrp6","age30m-age3m",1,-0.000614412815892441,"Leukocytes"
"Fibroblasts","Leukocytes","Cklf","Lrp6","age30m-age3m",1,-0.000614412815892441,"Leukocytes"
"Myocytes","Fibroblasts","Cklf","Lrp6","age30m-age3m",1,-0.000614412815892441,"Leukocytes"
"Myocytes","Leukocytes","Cklf","Lrp6","age30m-age3m",1,-0.000614412815892441,"Leukocytes"
"EndothelialCells","EndothelialCells","Cklf","Lrp6","age30m-age3m",1,-0.000614412815892441,"Leukocytes"
"Fibroblasts","EndothelialCells","Cklf","Lrp6","age30m-age3m",1,-0.000614412815892441,"Leukocytes"
"Myocytes","EndothelialCells","Cklf","Lrp6","age30m-age3m",1,-0.000614412815892441,"Leukocytes"
"Leukocytes","Myocytes","Cklf","Lrp6","age30m-age3m",1,-0.000614412815892441,"Leukocytes"
"Myocytes","Myocytes","Cklf","Lrp6","age30m-age3m",1,-0.000614412815892441,"Leukocytes"
"EndothelialCells","Myocytes","Cklf","Lrp6","age30m-age3m",1,-0.000614412815892441,"Leukocytes"
"Fibroblasts","Myocytes","Cklf","Lrp6","age30m-age3m",1,-0.000614412815892441,"Leukocytes"
"Leukocytes","Fibroblasts","Pdgfc","Pdgfrb","age30m-age3m",1,-0.000621411954644398,"Myocytes"
"Leukocytes","Fibroblasts","Pdgfc","Pdgfra","age30m-age3m",1,-0.000621411954644398,"Myocytes"
"Leukocytes","EndothelialCells","Pdgfc","Kdr","age30m-age3m",1,-0.000621411954644398,"Myocytes"
"Leukocytes","Leukocytes","Pdgfc","Kdr","age30m-age3m",1,-0.000621411954644398,"Myocytes"
"Leukocytes","EndothelialCells","Pdgfc","Flt1","age30m-age3m",1,-0.000621411954644398,"Myocytes"
"Leukocytes","Leukocytes","Pdgfc","Flt4","age30m-age3m",1,-0.000621411954644398,"Myocytes"
"Leukocytes","Fibroblasts","Pdgfc","Kdr","age30m-age3m",1,-0.000621411954644398,"Myocytes"
"Leukocytes","EndothelialCells","Pdgfc","Flt4","age30m-age3m",1,-0.000621411954644398,"Myocytes"
"Leukocytes","Fibroblasts","Pdgfc","Flt1","age30m-age3m",1,-0.000621411954644398,"Myocytes"
"Myocytes","Fibroblasts","Pdgfc","Pdgfrb","age30m-age3m",1,-0.000621411954644398,"Myocytes"
"Myocytes","Fibroblasts","Pdgfc","Pdgfra","age30m-age3m",1,-0.000621411954644398,"Myocytes"
"Leukocytes","Myocytes","Pdgfc","Flt1","age30m-age3m",1,-0.000621411954644398,"Myocytes"
"Myocytes","EndothelialCells","Pdgfc","Kdr","age30m-age3m",1,-0.000621411954644398,"Myocytes"
"Myocytes","Leukocytes","Pdgfc","Kdr","age30m-age3m",1,-0.000621411954644398,"Myocytes"
"Myocytes","EndothelialCells","Pdgfc","Flt1","age30m-age3m",1,-0.000621411954644398,"Myocytes"
"Leukocytes","EndothelialCells","Pdgfc","Pdgfra","age30m-age3m",1,-0.000621411954644398,"Myocytes"
"Myocytes","Myocytes","Pdgfc","Flt1","age30m-age3m",1,-0.000621411954644398,"Myocytes"
"Myocytes","Fibroblasts","Pdgfc","Kdr","age30m-age3m",1,-0.000621411954644398,"Myocytes"
"Myocytes","EndothelialCells","Pdgfc","Flt4","age30m-age3m",1,-0.000621411954644398,"Myocytes"
"Myocytes","Fibroblasts","Pdgfc","Flt1","age30m-age3m",1,-0.000621411954644398,"Myocytes"
"Fibroblasts","Fibroblasts","Bmp1","Bmpr1a","age30m-age3m",1,-0.000632534261226517,"Fibroblasts"
"Fibroblasts","EndothelialCells","Bmp1","Bmpr2","age30m-age3m",1,-0.000632534261226517,"Fibroblasts"
"EndothelialCells","Fibroblasts","Bmp1","Bmpr1a","age30m-age3m",1,-0.000632534261226517,"Fibroblasts"
"Fibroblasts","Fibroblasts","Bmp1","Bmpr2","age30m-age3m",1,-0.000632534261226517,"Fibroblasts"
"EndothelialCells","EndothelialCells","Bmp1","Bmpr2","age30m-age3m",1,-0.000632534261226517,"Fibroblasts"
"EndothelialCells","Fibroblasts","Bmp1","Bmpr2","age30m-age3m",1,-0.000632534261226517,"Fibroblasts"
"Leukocytes","Fibroblasts","Bmp1","Bmpr1a","age30m-age3m",1,-0.000632534261226517,"Fibroblasts"
"Fibroblasts","Leukocytes","Bmp1","Bmpr1a","age30m-age3m",1,-0.000632534261226517,"Fibroblasts"
"Leukocytes","EndothelialCells","Bmp1","Bmpr2","age30m-age3m",1,-0.000632534261226517,"Fibroblasts"
"Leukocytes","Fibroblasts","Bmp1","Bmpr2","age30m-age3m",1,-0.000632534261226517,"Fibroblasts"
"EndothelialCells","Leukocytes","Bmp1","Bmpr1a","age30m-age3m",1,-0.000632534261226517,"Fibroblasts"
"Fibroblasts","Myocytes","Bmp1","Bmpr1a","age30m-age3m",1,-0.000632534261226517,"Fibroblasts"
"EndothelialCells","Myocytes","Bmp1","Bmpr1a","age30m-age3m",1,-0.000632534261226517,"Fibroblasts"
"Fibroblasts","EndothelialCells","Efemp2","Plscr4","age30m-age3m",1,-0.000633704968364037,"Fibroblasts"
"Fibroblasts","Fibroblasts","Efemp2","Plscr4","age30m-age3m",1,-0.000633704968364037,"Fibroblasts"
"Fibroblasts","Leukocytes","Efemp2","Plscr4","age30m-age3m",1,-0.000633704968364037,"Fibroblasts"
"Fibroblasts","Leukocytes","Efemp2","Aqp1","age30m-age3m",1,-0.000633704968364037,"Fibroblasts"
"EndothelialCells","EndothelialCells","Efemp2","Plscr4","age30m-age3m",1,-0.000633704968364037,"Fibroblasts"
"Fibroblasts","EndothelialCells","Efemp2","Aqp1","age30m-age3m",1,-0.000633704968364037,"Fibroblasts"
"EndothelialCells","Fibroblasts","Efemp2","Plscr4","age30m-age3m",1,-0.000633704968364037,"Fibroblasts"
"Fibroblasts","Fibroblasts","Efemp2","Aqp1","age30m-age3m",1,-0.000633704968364037,"Fibroblasts"
"EndothelialCells","Leukocytes","Efemp2","Plscr4","age30m-age3m",1,-0.000633704968364037,"Fibroblasts"
"EndothelialCells","Leukocytes","Efemp2","Aqp1","age30m-age3m",1,-0.000633704968364037,"Fibroblasts"
"Leukocytes","EndothelialCells","Efemp2","Plscr4","age30m-age3m",1,-0.000633704968364037,"Fibroblasts"
"EndothelialCells","EndothelialCells","Efemp2","Aqp1","age30m-age3m",1,-0.000633704968364037,"Fibroblasts"
"Leukocytes","Fibroblasts","Efemp2","Plscr4","age30m-age3m",1,-0.000633704968364037,"Fibroblasts"
"EndothelialCells","Fibroblasts","Efemp2","Aqp1","age30m-age3m",1,-0.000633704968364037,"Fibroblasts"
"Leukocytes","Leukocytes","Efemp2","Plscr4","age30m-age3m",1,-0.000633704968364037,"Fibroblasts"
"Leukocytes","Leukocytes","Efemp2","Aqp1","age30m-age3m",1,-0.000633704968364037,"Fibroblasts"
"Leukocytes","EndothelialCells","Efemp2","Aqp1","age30m-age3m",1,-0.000633704968364037,"Fibroblasts"
"Leukocytes","Fibroblasts","Efemp2","Aqp1","age30m-age3m",1,-0.000633704968364037,"Fibroblasts"
"Fibroblasts","Myocytes","Efemp2","Aqp1","age30m-age3m",1,-0.000633704968364037,"Fibroblasts"
"EndothelialCells","Myocytes","Efemp2","Aqp1","age30m-age3m",1,-0.000633704968364037,"Fibroblasts"
"Leukocytes","Myocytes","Efemp2","Aqp1","age30m-age3m",1,-0.000633704968364037,"Fibroblasts"
"Leukocytes","EndothelialCells","Itgam","Icam1","age30m-age3m",1,-0.000656770125741718,"Leukocytes"
"Leukocytes","Leukocytes","Itgam","Icam1","age30m-age3m",1,-0.000656770125741718,"Leukocytes"
"Leukocytes","Fibroblasts","Itgam","Icam1","age30m-age3m",1,-0.000656770125741718,"Leukocytes"
"EndothelialCells","EndothelialCells","Sema3f","Plxna4","age30m-age3m",1,-0.000657634917668234,"EndothelialCells"
"EndothelialCells","Fibroblasts","Sema3f","Plxna1","age30m-age3m",1,-0.000657634917668234,"EndothelialCells"
"EndothelialCells","Leukocytes","Sema3f","Plxna4","age30m-age3m",1,-0.000657634917668234,"EndothelialCells"
"EndothelialCells","EndothelialCells","Sema3f","Nrp1","age30m-age3m",1,-0.000657634917668234,"EndothelialCells"
"EndothelialCells","Leukocytes","Sema3f","Nrp2","age30m-age3m",1,-0.000657634917668234,"EndothelialCells"
"EndothelialCells","EndothelialCells","Sema3f","Plxna2","age30m-age3m",1,-0.000657634917668234,"EndothelialCells"
"EndothelialCells","EndothelialCells","Sema3f","Plxna1","age30m-age3m",1,-0.000657634917668234,"EndothelialCells"
"EndothelialCells","Leukocytes","Sema3f","Plxna1","age30m-age3m",1,-0.000657634917668234,"EndothelialCells"
"EndothelialCells","Leukocytes","Sema3f","Nrp1","age30m-age3m",1,-0.000657634917668234,"EndothelialCells"
"EndothelialCells","EndothelialCells","Sema3f","Nrp2","age30m-age3m",1,-0.000657634917668234,"EndothelialCells"
"EndothelialCells","Fibroblasts","Sema3f","Plxna2","age30m-age3m",1,-0.000657634917668234,"EndothelialCells"
"EndothelialCells","Fibroblasts","Sema3f","Nrp1","age30m-age3m",1,-0.000657634917668234,"EndothelialCells"
"EndothelialCells","Fibroblasts","Sema3f","Nrp2","age30m-age3m",1,-0.000657634917668234,"EndothelialCells"
"EndothelialCells","Fibroblasts","Sema3f","Plxna3","age30m-age3m",1,-0.000657634917668234,"EndothelialCells"
"EndothelialCells","Myocytes","Sema3f","Nrp2","age30m-age3m",1,-0.000657634917668234,"EndothelialCells"
"EndothelialCells","Myocytes","Sema3f","Nrp1","age30m-age3m",1,-0.000657634917668234,"EndothelialCells"
"EndothelialCells","Fibroblasts","Angptl4","Itga5","age30m-age3m",1,-0.000658579659097268,"Fibroblasts"
"EndothelialCells","Fibroblasts","Angptl4","Sdc2","age30m-age3m",1,-0.000658579659097268,"Fibroblasts"
"EndothelialCells","Fibroblasts","Angptl4","Itgav","age30m-age3m",1,-0.000658579659097268,"Fibroblasts"
"EndothelialCells","Fibroblasts","Angptl4","Sdc3","age30m-age3m",1,-0.000658579659097268,"Fibroblasts"
"EndothelialCells","EndothelialCells","Angptl4","Lpl","age30m-age3m",1,-0.000658579659097268,"Fibroblasts"
"EndothelialCells","EndothelialCells","Angptl4","Gpihbp1","age30m-age3m",1,-0.000658579659097268,"Fibroblasts"
"EndothelialCells","EndothelialCells","Angptl4","Cdh5","age30m-age3m",1,-0.000658579659097268,"Fibroblasts"
"EndothelialCells","Fibroblasts","Angptl4","Cdh5","age30m-age3m",1,-0.000658579659097268,"Fibroblasts"
"EndothelialCells","EndothelialCells","Angptl4","Sdc3","age30m-age3m",1,-0.000658579659097268,"Fibroblasts"
"EndothelialCells","Fibroblasts","Angptl4","Gpihbp1","age30m-age3m",1,-0.000658579659097268,"Fibroblasts"
"EndothelialCells","EndothelialCells","Angptl4","Tie1","age30m-age3m",1,-0.000658579659097268,"Fibroblasts"
"Fibroblasts","Fibroblasts","Angptl4","Itga5","age30m-age3m",1,-0.000658579659097268,"Fibroblasts"
"Fibroblasts","Fibroblasts","Angptl4","Sdc2","age30m-age3m",1,-0.000658579659097268,"Fibroblasts"
"EndothelialCells","Fibroblasts","Angptl4","Sdc1","age30m-age3m",1,-0.000658579659097268,"Fibroblasts"
"Fibroblasts","Fibroblasts","Angptl4","Itgav","age30m-age3m",1,-0.000658579659097268,"Fibroblasts"
"EndothelialCells","Fibroblasts","Angptl4","Sdc4","age30m-age3m",1,-0.000658579659097268,"Fibroblasts"
"EndothelialCells","Fibroblasts","Angptl4","Itgb3","age30m-age3m",1,-0.000658579659097268,"Fibroblasts"
"EndothelialCells","Leukocytes","Angptl4","Sdc1","age30m-age3m",1,-0.000658579659097268,"Fibroblasts"
"EndothelialCells","Fibroblasts","Angptl4","Lpl","age30m-age3m",1,-0.000658579659097268,"Fibroblasts"
"Fibroblasts","Fibroblasts","Angptl4","Sdc3","age30m-age3m",1,-0.000658579659097268,"Fibroblasts"
"EndothelialCells","Leukocytes","Angptl4","Sdc3","age30m-age3m",1,-0.000658579659097268,"Fibroblasts"
"EndothelialCells","EndothelialCells","Angptl4","Itgb1","age30m-age3m",1,-0.000658579659097268,"Fibroblasts"
"Fibroblasts","EndothelialCells","Angptl4","Lpl","age30m-age3m",1,-0.000658579659097268,"Fibroblasts"
"EndothelialCells","Leukocytes","Angptl4","Gpihbp1","age30m-age3m",1,-0.000658579659097268,"Fibroblasts"
"Fibroblasts","EndothelialCells","Angptl4","Gpihbp1","age30m-age3m",1,-0.000658579659097268,"Fibroblasts"
"EndothelialCells","Leukocytes","Angptl4","Itga5","age30m-age3m",1,-0.000658579659097268,"Fibroblasts"
"EndothelialCells","Leukocytes","Angptl4","Cdh5","age30m-age3m",1,-0.000658579659097268,"Fibroblasts"
"EndothelialCells","EndothelialCells","Angptl4","Itga5","age30m-age3m",1,-0.000658579659097268,"Fibroblasts"
"EndothelialCells","EndothelialCells","Angptl4","Itgav","age30m-age3m",1,-0.000658579659097268,"Fibroblasts"
"EndothelialCells","Leukocytes","Angptl4","Itgav","age30m-age3m",1,-0.000658579659097268,"Fibroblasts"
"EndothelialCells","Leukocytes","Angptl4","Sdc4","age30m-age3m",1,-0.000658579659097268,"Fibroblasts"
"Fibroblasts","EndothelialCells","Angptl4","Cdh5","age30m-age3m",1,-0.000658579659097268,"Fibroblasts"
"EndothelialCells","Fibroblasts","Angptl4","Tie1","age30m-age3m",1,-0.000658579659097268,"Fibroblasts"
"EndothelialCells","Myocytes","Angptl4","Lpl","age30m-age3m",1,-0.000658579659097268,"Fibroblasts"
"EndothelialCells","Leukocytes","Angptl4","Tie1","age30m-age3m",1,-0.000658579659097268,"Fibroblasts"
"EndothelialCells","Leukocytes","Angptl4","Itgb3","age30m-age3m",1,-0.000658579659097268,"Fibroblasts"
"Fibroblasts","Fibroblasts","Angptl4","Cdh5","age30m-age3m",1,-0.000658579659097268,"Fibroblasts"
"Fibroblasts","EndothelialCells","Angptl4","Sdc3","age30m-age3m",1,-0.000658579659097268,"Fibroblasts"
"Fibroblasts","Fibroblasts","Angptl4","Gpihbp1","age30m-age3m",1,-0.000658579659097268,"Fibroblasts"
"EndothelialCells","Fibroblasts","Angptl4","Itgb1","age30m-age3m",1,-0.000658579659097268,"Fibroblasts"
"Fibroblasts","EndothelialCells","Angptl4","Tie1","age30m-age3m",1,-0.000658579659097268,"Fibroblasts"
"Fibroblasts","Fibroblasts","Angptl4","Sdc1","age30m-age3m",1,-0.000658579659097268,"Fibroblasts"
"Fibroblasts","Fibroblasts","Angptl4","Sdc4","age30m-age3m",1,-0.000658579659097268,"Fibroblasts"
"EndothelialCells","EndothelialCells","Angptl4","Sdc4","age30m-age3m",1,-0.000658579659097268,"Fibroblasts"
"Fibroblasts","Fibroblasts","Angptl4","Itgb3","age30m-age3m",1,-0.000658579659097268,"Fibroblasts"
"Fibroblasts","Leukocytes","Angptl4","Sdc1","age30m-age3m",1,-0.000658579659097268,"Fibroblasts"
"Fibroblasts","Fibroblasts","Angptl4","Lpl","age30m-age3m",1,-0.000658579659097268,"Fibroblasts"
"EndothelialCells","Myocytes","Angptl4","Tie1","age30m-age3m",1,-0.000658579659097268,"Fibroblasts"
"Fibroblasts","Leukocytes","Angptl4","Sdc3","age30m-age3m",1,-0.000658579659097268,"Fibroblasts"
"Fibroblasts","EndothelialCells","Angptl4","Itgb1","age30m-age3m",1,-0.000658579659097268,"Fibroblasts"
"Fibroblasts","Leukocytes","Angptl4","Gpihbp1","age30m-age3m",1,-0.000658579659097268,"Fibroblasts"
"Fibroblasts","Leukocytes","Angptl4","Itga5","age30m-age3m",1,-0.000658579659097268,"Fibroblasts"
"Fibroblasts","Leukocytes","Angptl4","Cdh5","age30m-age3m",1,-0.000658579659097268,"Fibroblasts"
"Fibroblasts","EndothelialCells","Angptl4","Itga5","age30m-age3m",1,-0.000658579659097268,"Fibroblasts"
"Fibroblasts","EndothelialCells","Angptl4","Itgav","age30m-age3m",1,-0.000658579659097268,"Fibroblasts"
"Fibroblasts","Leukocytes","Angptl4","Itgav","age30m-age3m",1,-0.000658579659097268,"Fibroblasts"
"Fibroblasts","Leukocytes","Angptl4","Sdc4","age30m-age3m",1,-0.000658579659097268,"Fibroblasts"
"Fibroblasts","Fibroblasts","Angptl4","Tie1","age30m-age3m",1,-0.000658579659097268,"Fibroblasts"
"EndothelialCells","Leukocytes","Angptl4","Itgb1","age30m-age3m",1,-0.000658579659097268,"Fibroblasts"
"Fibroblasts","Myocytes","Angptl4","Lpl","age30m-age3m",1,-0.000658579659097268,"Fibroblasts"
"Fibroblasts","Leukocytes","Angptl4","Tie1","age30m-age3m",1,-0.000658579659097268,"Fibroblasts"
"Fibroblasts","Leukocytes","Angptl4","Itgb3","age30m-age3m",1,-0.000658579659097268,"Fibroblasts"
"EndothelialCells","Leukocytes","Angptl4","Lpl","age30m-age3m",1,-0.000658579659097268,"Fibroblasts"
"Fibroblasts","Fibroblasts","Angptl4","Itgb1","age30m-age3m",1,-0.000658579659097268,"Fibroblasts"
"EndothelialCells","Myocytes","Angptl4","Gpihbp1","age30m-age3m",1,-0.000658579659097268,"Fibroblasts"
"Fibroblasts","EndothelialCells","Angptl4","Sdc4","age30m-age3m",1,-0.000658579659097268,"Fibroblasts"
"EndothelialCells","Myocytes","Angptl4","Itgb1","age30m-age3m",1,-0.000658579659097268,"Fibroblasts"
"Fibroblasts","Myocytes","Angptl4","Tie1","age30m-age3m",1,-0.000658579659097268,"Fibroblasts"
"EndothelialCells","Myocytes","Angptl4","Sdc2","age30m-age3m",1,-0.000658579659097268,"Fibroblasts"
"EndothelialCells","Leukocytes","Angptl4","Sdc2","age30m-age3m",1,-0.000658579659097268,"Fibroblasts"
"Fibroblasts","Leukocytes","Angptl4","Itgb1","age30m-age3m",1,-0.000658579659097268,"Fibroblasts"
"EndothelialCells","Myocytes","Angptl4","Itga5","age30m-age3m",1,-0.000658579659097268,"Fibroblasts"
"Fibroblasts","Leukocytes","Angptl4","Lpl","age30m-age3m",1,-0.000658579659097268,"Fibroblasts"
"EndothelialCells","Myocytes","Angptl4","Sdc4","age30m-age3m",1,-0.000658579659097268,"Fibroblasts"
"Fibroblasts","Myocytes","Angptl4","Gpihbp1","age30m-age3m",1,-0.000658579659097268,"Fibroblasts"
"Fibroblasts","Myocytes","Angptl4","Itgb1","age30m-age3m",1,-0.000658579659097268,"Fibroblasts"
"Fibroblasts","Myocytes","Angptl4","Sdc2","age30m-age3m",1,-0.000658579659097268,"Fibroblasts"
"Fibroblasts","Leukocytes","Angptl4","Sdc2","age30m-age3m",1,-0.000658579659097268,"Fibroblasts"
"Fibroblasts","Myocytes","Angptl4","Itga5","age30m-age3m",1,-0.000658579659097268,"Fibroblasts"
"Fibroblasts","Myocytes","Angptl4","Sdc4","age30m-age3m",1,-0.000658579659097268,"Fibroblasts"
"EndothelialCells","Fibroblasts","Ntf3","Ntrk1","age30m-age3m",1,-0.000663723408502071,"EndothelialCells"
"Fibroblasts","Fibroblasts","Ntf3","Ntrk1","age30m-age3m",1,-0.000663723408502071,"EndothelialCells"
"EndothelialCells","Fibroblasts","Ntf3","Ntrk2","age30m-age3m",1,-0.000663723408502071,"EndothelialCells"
"Fibroblasts","Fibroblasts","Ntf3","Ntrk2","age30m-age3m",1,-0.000663723408502071,"EndothelialCells"
"Leukocytes","Leukocytes","Sema4d","Plxnb2","age30m-age3m",1,-0.000664082037936875,"Myocytes"
"Leukocytes","Leukocytes","Sema4d","Cd72","age30m-age3m",1,-0.000664082037936875,"Myocytes"
"Leukocytes","Fibroblasts","Sema4d","Erbb2","age30m-age3m",1,-0.000664082037936875,"Myocytes"
"Leukocytes","Fibroblasts","Sema4d","Plxnb2","age30m-age3m",1,-0.000664082037936875,"Myocytes"
"Fibroblasts","EndothelialCells","Mpdz","Cldn5","age30m-age3m",1,-0.000672016769353079,"Fibroblasts"
"Fibroblasts","Leukocytes","Mpdz","Cldn5","age30m-age3m",1,-0.000672016769353079,"Fibroblasts"
"Fibroblasts","EndothelialCells","Mpdz","F11r","age30m-age3m",1,-0.000672016769353079,"Fibroblasts"
"Fibroblasts","Leukocytes","Mpdz","F11r","age30m-age3m",1,-0.000672016769353079,"Fibroblasts"
"Fibroblasts","Fibroblasts","Mpdz","Cldn5","age30m-age3m",1,-0.000672016769353079,"Fibroblasts"
"EndothelialCells","EndothelialCells","Mpdz","Cldn5","age30m-age3m",1,-0.000672016769353079,"Fibroblasts"
"EndothelialCells","Leukocytes","Mpdz","Cldn5","age30m-age3m",1,-0.000672016769353079,"Fibroblasts"
"EndothelialCells","EndothelialCells","Mpdz","F11r","age30m-age3m",1,-0.000672016769353079,"Fibroblasts"
"EndothelialCells","Leukocytes","Mpdz","F11r","age30m-age3m",1,-0.000672016769353079,"Fibroblasts"
"EndothelialCells","Fibroblasts","Mpdz","Cldn5","age30m-age3m",1,-0.000672016769353079,"Fibroblasts"
"Fibroblasts","Myocytes","Mpdz","F11r","age30m-age3m",1,-0.000672016769353079,"Fibroblasts"
"Fibroblasts","Fibroblasts","Mpdz","F11r","age30m-age3m",1,-0.000672016769353079,"Fibroblasts"
"Myocytes","EndothelialCells","Mpdz","Cldn5","age30m-age3m",1,-0.000672016769353079,"Fibroblasts"
"Myocytes","Leukocytes","Mpdz","Cldn5","age30m-age3m",1,-0.000672016769353079,"Fibroblasts"
"EndothelialCells","Myocytes","Mpdz","F11r","age30m-age3m",1,-0.000672016769353079,"Fibroblasts"
"Myocytes","EndothelialCells","Mpdz","F11r","age30m-age3m",1,-0.000672016769353079,"Fibroblasts"
"EndothelialCells","Fibroblasts","Mpdz","F11r","age30m-age3m",1,-0.000672016769353079,"Fibroblasts"
"Fibroblasts","Myocytes","Mpdz","Cldn5","age30m-age3m",1,-0.000672016769353079,"Fibroblasts"
"Myocytes","Leukocytes","Mpdz","F11r","age30m-age3m",1,-0.000672016769353079,"Fibroblasts"
"Myocytes","Fibroblasts","Mpdz","Cldn5","age30m-age3m",1,-0.000672016769353079,"Fibroblasts"
"EndothelialCells","Myocytes","Mpdz","Cldn5","age30m-age3m",1,-0.000672016769353079,"Fibroblasts"
"Myocytes","Myocytes","Mpdz","F11r","age30m-age3m",1,-0.000672016769353079,"Fibroblasts"
"Myocytes","Fibroblasts","Mpdz","F11r","age30m-age3m",1,-0.000672016769353079,"Fibroblasts"
"Leukocytes","Fibroblasts","Timp2","Mmp2","age30m-age3m",1,-0.000678582342068721,"Fibroblasts"
"Fibroblasts","Fibroblasts","Timp2","Mmp2","age30m-age3m",1,-0.000678582342068721,"Fibroblasts"
"Leukocytes","EndothelialCells","Timp2","Itgb1","age30m-age3m",1,-0.000678582342068721,"Fibroblasts"
"Fibroblasts","EndothelialCells","Timp2","Itgb1","age30m-age3m",1,-0.000678582342068721,"Fibroblasts"
"Leukocytes","EndothelialCells","Timp2","Mmp2","age30m-age3m",1,-0.000678582342068721,"Fibroblasts"
"Fibroblasts","EndothelialCells","Timp2","Mmp2","age30m-age3m",1,-0.000678582342068721,"Fibroblasts"
"Leukocytes","Leukocytes","Timp2","Cd44","age30m-age3m",1,-0.000678582342068721,"Fibroblasts"
"Fibroblasts","Leukocytes","Timp2","Cd44","age30m-age3m",1,-0.000678582342068721,"Fibroblasts"
"Leukocytes","Leukocytes","Timp2","Mmp2","age30m-age3m",1,-0.000678582342068721,"Fibroblasts"
"Fibroblasts","Leukocytes","Timp2","Mmp2","age30m-age3m",1,-0.000678582342068721,"Fibroblasts"
"Leukocytes","Fibroblasts","Timp2","Cd44","age30m-age3m",1,-0.000678582342068721,"Fibroblasts"
"Fibroblasts","Fibroblasts","Timp2","Cd44","age30m-age3m",1,-0.000678582342068721,"Fibroblasts"
"EndothelialCells","Fibroblasts","Timp2","Mmp2","age30m-age3m",1,-0.000678582342068721,"Fibroblasts"
"Leukocytes","Leukocytes","Timp2","Itgb1","age30m-age3m",1,-0.000678582342068721,"Fibroblasts"
"Fibroblasts","Leukocytes","Timp2","Itgb1","age30m-age3m",1,-0.000678582342068721,"Fibroblasts"
"Leukocytes","Myocytes","Timp2","Mmp2","age30m-age3m",1,-0.000678582342068721,"Fibroblasts"
"EndothelialCells","EndothelialCells","Timp2","Itgb1","age30m-age3m",1,-0.000678582342068721,"Fibroblasts"
"Leukocytes","Myocytes","Timp2","Cd44","age30m-age3m",1,-0.000678582342068721,"Fibroblasts"
"Fibroblasts","Myocytes","Timp2","Mmp2","age30m-age3m",1,-0.000678582342068721,"Fibroblasts"
"Leukocytes","Fibroblasts","Timp2","Itgb1","age30m-age3m",1,-0.000678582342068721,"Fibroblasts"
"Leukocytes","Myocytes","Timp2","Itgb1","age30m-age3m",1,-0.000678582342068721,"Fibroblasts"
"EndothelialCells","EndothelialCells","Timp2","Mmp2","age30m-age3m",1,-0.000678582342068721,"Fibroblasts"
"Fibroblasts","Myocytes","Timp2","Cd44","age30m-age3m",1,-0.000678582342068721,"Fibroblasts"
"Fibroblasts","Fibroblasts","Timp2","Itgb1","age30m-age3m",1,-0.000678582342068721,"Fibroblasts"
"Fibroblasts","Myocytes","Timp2","Itgb1","age30m-age3m",1,-0.000678582342068721,"Fibroblasts"
"EndothelialCells","Leukocytes","Timp2","Cd44","age30m-age3m",1,-0.000678582342068721,"Fibroblasts"
"EndothelialCells","Leukocytes","Timp2","Mmp2","age30m-age3m",1,-0.000678582342068721,"Fibroblasts"
"EndothelialCells","Fibroblasts","Timp2","Cd44","age30m-age3m",1,-0.000678582342068721,"Fibroblasts"
"Myocytes","Fibroblasts","Timp2","Mmp2","age30m-age3m",1,-0.000678582342068721,"Fibroblasts"
"Leukocytes","EndothelialCells","Timp2","Cd44","age30m-age3m",1,-0.000678582342068721,"Fibroblasts"
"EndothelialCells","Leukocytes","Timp2","Itgb1","age30m-age3m",1,-0.000678582342068721,"Fibroblasts"
"Fibroblasts","EndothelialCells","Timp2","Cd44","age30m-age3m",1,-0.000678582342068721,"Fibroblasts"
"EndothelialCells","Myocytes","Timp2","Mmp2","age30m-age3m",1,-0.000678582342068721,"Fibroblasts"
"Myocytes","EndothelialCells","Timp2","Itgb1","age30m-age3m",1,-0.000678582342068721,"Fibroblasts"
"EndothelialCells","Myocytes","Timp2","Cd44","age30m-age3m",1,-0.000678582342068721,"Fibroblasts"
"EndothelialCells","Fibroblasts","Timp2","Itgb1","age30m-age3m",1,-0.000678582342068721,"Fibroblasts"
"Myocytes","EndothelialCells","Timp2","Mmp2","age30m-age3m",1,-0.000678582342068721,"Fibroblasts"
"EndothelialCells","Myocytes","Timp2","Itgb1","age30m-age3m",1,-0.000678582342068721,"Fibroblasts"
"Myocytes","Leukocytes","Timp2","Cd44","age30m-age3m",1,-0.000678582342068721,"Fibroblasts"
"Myocytes","Myocytes","Timp2","Mmp2","age30m-age3m",1,-0.000678582342068721,"Fibroblasts"
"Myocytes","Myocytes","Timp2","Cd44","age30m-age3m",1,-0.000678582342068721,"Fibroblasts"
"Myocytes","Leukocytes","Timp2","Mmp2","age30m-age3m",1,-0.000678582342068721,"Fibroblasts"
"Myocytes","Fibroblasts","Timp2","Cd44","age30m-age3m",1,-0.000678582342068721,"Fibroblasts"
"Myocytes","Leukocytes","Timp2","Itgb1","age30m-age3m",1,-0.000678582342068721,"Fibroblasts"
"EndothelialCells","EndothelialCells","Timp2","Cd44","age30m-age3m",1,-0.000678582342068721,"Fibroblasts"
"Myocytes","Fibroblasts","Timp2","Itgb1","age30m-age3m",1,-0.000678582342068721,"Fibroblasts"
"Myocytes","Myocytes","Timp2","Itgb1","age30m-age3m",1,-0.000678582342068721,"Fibroblasts"
"Myocytes","Fibroblasts","Fgf12","Fgfr1","age30m-age3m",1,-0.000683520822614045,"Myocytes"
"Myocytes","Leukocytes","Fgf12","Fgfr1","age30m-age3m",1,-0.000683520822614045,"Myocytes"
"Myocytes","EndothelialCells","Fgf12","Fgfr3","age30m-age3m",1,-0.000683520822614045,"Myocytes"
"Myocytes","EndothelialCells","Fgf12","Fgfr1","age30m-age3m",1,-0.000683520822614045,"Myocytes"
"Myocytes","Myocytes","Fgf12","Scn5a","age30m-age3m",1,-0.000683520822614045,"Myocytes"
"Myocytes","Leukocytes","Fgf12","Fgfr3","age30m-age3m",1,-0.000683520822614045,"Myocytes"
"Myocytes","EndothelialCells","Lgals3","Mcam","age30m-age3m",1,-0.000687074965424436,"Fibroblasts"
"Myocytes","EndothelialCells","Lgals3","Eng","age30m-age3m",1,-0.000687074965424436,"Fibroblasts"
"Myocytes","EndothelialCells","Lgals3","Ptprk","age30m-age3m",1,-0.000687074965424436,"Fibroblasts"
"Leukocytes","EndothelialCells","Lgals3","Mcam","age30m-age3m",1,-0.000687074965424436,"Fibroblasts"
"Leukocytes","EndothelialCells","Lgals3","Eng","age30m-age3m",1,-0.000687074965424436,"Fibroblasts"
"Leukocytes","EndothelialCells","Lgals3","Ptprk","age30m-age3m",1,-0.000687074965424436,"Fibroblasts"
"Myocytes","EndothelialCells","Lgals3","Anxa2","age30m-age3m",1,-0.000687074965424436,"Fibroblasts"
"Myocytes","Leukocytes","Lgals3","Eng","age30m-age3m",1,-0.000687074965424436,"Fibroblasts"
"Fibroblasts","EndothelialCells","Lgals3","Mcam","age30m-age3m",1,-0.000687074965424436,"Fibroblasts"
"Leukocytes","EndothelialCells","Lgals3","Anxa2","age30m-age3m",1,-0.000687074965424436,"Fibroblasts"
"Fibroblasts","EndothelialCells","Lgals3","Eng","age30m-age3m",1,-0.000687074965424436,"Fibroblasts"
"Myocytes","Fibroblasts","Lgals3","Anxa2","age30m-age3m",1,-0.000687074965424436,"Fibroblasts"
"Myocytes","Fibroblasts","Lgals3","Eng","age30m-age3m",1,-0.000687074965424436,"Fibroblasts"
"Myocytes","Fibroblasts","Lgals3","Lag3","age30m-age3m",1,-0.000687074965424436,"Fibroblasts"
"Myocytes","Leukocytes","Lgals3","Anxa2","age30m-age3m",1,-0.000687074965424436,"Fibroblasts"
"Leukocytes","Leukocytes","Lgals3","Eng","age30m-age3m",1,-0.000687074965424436,"Fibroblasts"
"Fibroblasts","EndothelialCells","Lgals3","Ptprk","age30m-age3m",1,-0.000687074965424436,"Fibroblasts"
"Myocytes","Myocytes","Lgals3","Lag3","age30m-age3m",1,-0.000687074965424436,"Fibroblasts"
"Myocytes","Myocytes","Lgals3","Anxa2","age30m-age3m",1,-0.000687074965424436,"Fibroblasts"
"Leukocytes","Fibroblasts","Lgals3","Anxa2","age30m-age3m",1,-0.000687074965424436,"Fibroblasts"
"Leukocytes","Fibroblasts","Lgals3","Eng","age30m-age3m",1,-0.000687074965424436,"Fibroblasts"
"Myocytes","Fibroblasts","Lgals3","Ptprk","age30m-age3m",1,-0.000687074965424436,"Fibroblasts"
"Leukocytes","Fibroblasts","Lgals3","Lag3","age30m-age3m",1,-0.000687074965424436,"Fibroblasts"
"Leukocytes","Leukocytes","Lgals3","Anxa2","age30m-age3m",1,-0.000687074965424436,"Fibroblasts"
"EndothelialCells","EndothelialCells","Lgals3","Mcam","age30m-age3m",1,-0.000687074965424436,"Fibroblasts"
"EndothelialCells","EndothelialCells","Lgals3","Eng","age30m-age3m",1,-0.000687074965424436,"Fibroblasts"
"Leukocytes","Myocytes","Lgals3","Lag3","age30m-age3m",1,-0.000687074965424436,"Fibroblasts"
"Leukocytes","Myocytes","Lgals3","Anxa2","age30m-age3m",1,-0.000687074965424436,"Fibroblasts"
"Fibroblasts","EndothelialCells","Lgals3","Anxa2","age30m-age3m",1,-0.000687074965424436,"Fibroblasts"
"Leukocytes","Fibroblasts","Lgals3","Ptprk","age30m-age3m",1,-0.000687074965424436,"Fibroblasts"
"EndothelialCells","EndothelialCells","Lgals3","Ptprk","age30m-age3m",1,-0.000687074965424436,"Fibroblasts"
"Myocytes","Myocytes","Lgals3","Eng","age30m-age3m",1,-0.000687074965424436,"Fibroblasts"
"Myocytes","Fibroblasts","Lgals3","Mcam","age30m-age3m",1,-0.000687074965424436,"Fibroblasts"
"Fibroblasts","Leukocytes","Lgals3","Eng","age30m-age3m",1,-0.000687074965424436,"Fibroblasts"
"Myocytes","Myocytes","Lgals3","Mcam","age30m-age3m",1,-0.000687074965424436,"Fibroblasts"
"Fibroblasts","Fibroblasts","Lgals3","Anxa2","age30m-age3m",1,-0.000687074965424436,"Fibroblasts"
"Fibroblasts","Fibroblasts","Lgals3","Eng","age30m-age3m",1,-0.000687074965424436,"Fibroblasts"
"Leukocytes","Myocytes","Lgals3","Eng","age30m-age3m",1,-0.000687074965424436,"Fibroblasts"
"Fibroblasts","Fibroblasts","Lgals3","Lag3","age30m-age3m",1,-0.000687074965424436,"Fibroblasts"
"Fibroblasts","Leukocytes","Lgals3","Anxa2","age30m-age3m",1,-0.000687074965424436,"Fibroblasts"
"Leukocytes","Fibroblasts","Lgals3","Mcam","age30m-age3m",1,-0.000687074965424436,"Fibroblasts"
"EndothelialCells","EndothelialCells","Lgals3","Anxa2","age30m-age3m",1,-0.000687074965424436,"Fibroblasts"
"Myocytes","Myocytes","Lgals3","Ptprk","age30m-age3m",1,-0.000687074965424436,"Fibroblasts"
"Fibroblasts","Myocytes","Lgals3","Lag3","age30m-age3m",1,-0.000687074965424436,"Fibroblasts"
"Leukocytes","Myocytes","Lgals3","Mcam","age30m-age3m",1,-0.000687074965424436,"Fibroblasts"
"Fibroblasts","Myocytes","Lgals3","Anxa2","age30m-age3m",1,-0.000687074965424436,"Fibroblasts"
"Fibroblasts","Fibroblasts","Lgals3","Ptprk","age30m-age3m",1,-0.000687074965424436,"Fibroblasts"
"EndothelialCells","Leukocytes","Lgals3","Eng","age30m-age3m",1,-0.000687074965424436,"Fibroblasts"
"EndothelialCells","Fibroblasts","Lgals3","Anxa2","age30m-age3m",1,-0.000687074965424436,"Fibroblasts"
"Leukocytes","Myocytes","Lgals3","Ptprk","age30m-age3m",1,-0.000687074965424436,"Fibroblasts"
"EndothelialCells","Fibroblasts","Lgals3","Eng","age30m-age3m",1,-0.000687074965424436,"Fibroblasts"
"EndothelialCells","Fibroblasts","Lgals3","Lag3","age30m-age3m",1,-0.000687074965424436,"Fibroblasts"
"EndothelialCells","Leukocytes","Lgals3","Anxa2","age30m-age3m",1,-0.000687074965424436,"Fibroblasts"
"Fibroblasts","Myocytes","Lgals3","Eng","age30m-age3m",1,-0.000687074965424436,"Fibroblasts"
"EndothelialCells","Myocytes","Lgals3","Lag3","age30m-age3m",1,-0.000687074965424436,"Fibroblasts"
"EndothelialCells","Myocytes","Lgals3","Anxa2","age30m-age3m",1,-0.000687074965424436,"Fibroblasts"
"Fibroblasts","Fibroblasts","Lgals3","Mcam","age30m-age3m",1,-0.000687074965424436,"Fibroblasts"
"EndothelialCells","Fibroblasts","Lgals3","Ptprk","age30m-age3m",1,-0.000687074965424436,"Fibroblasts"
"Fibroblasts","Myocytes","Lgals3","Mcam","age30m-age3m",1,-0.000687074965424436,"Fibroblasts"
"Fibroblasts","Myocytes","Lgals3","Ptprk","age30m-age3m",1,-0.000687074965424436,"Fibroblasts"
"EndothelialCells","Myocytes","Lgals3","Eng","age30m-age3m",1,-0.000687074965424436,"Fibroblasts"
"EndothelialCells","Fibroblasts","Lgals3","Mcam","age30m-age3m",1,-0.000687074965424436,"Fibroblasts"
"EndothelialCells","Myocytes","Lgals3","Mcam","age30m-age3m",1,-0.000687074965424436,"Fibroblasts"
"EndothelialCells","Myocytes","Lgals3","Ptprk","age30m-age3m",1,-0.000687074965424436,"Fibroblasts"
"Myocytes","EndothelialCells","Nppb","Npr1","age30m-age3m",1,-0.000693552211901949,"Myocytes"
"Myocytes","EndothelialCells","Nppb","Npr2","age30m-age3m",1,-0.000693552211901949,"Myocytes"
"Myocytes","Fibroblasts","Nppb","Fap","age30m-age3m",1,-0.000693552211901949,"Myocytes"
"Myocytes","Fibroblasts","Nppb","Npr2","age30m-age3m",1,-0.000693552211901949,"Myocytes"
"Myocytes","Fibroblasts","Nppb","Dpp4","age30m-age3m",1,-0.000693552211901949,"Myocytes"
"Myocytes","Fibroblasts","Nppb","Npr3","age30m-age3m",1,-0.000693552211901949,"Myocytes"
"Myocytes","Fibroblasts","Nppb","Npr1","age30m-age3m",1,-0.000693552211901949,"Myocytes"
"Myocytes","Leukocytes","Nppb","Npr1","age30m-age3m",1,-0.000693552211901949,"Myocytes"
"Leukocytes","EndothelialCells","Nppb","Npr1","age30m-age3m",1,-0.000693552211901949,"Myocytes"
"Leukocytes","EndothelialCells","Nppb","Npr2","age30m-age3m",1,-0.000693552211901949,"Myocytes"
"Leukocytes","Fibroblasts","Nppb","Fap","age30m-age3m",1,-0.000693552211901949,"Myocytes"
"Leukocytes","Fibroblasts","Nppb","Npr2","age30m-age3m",1,-0.000693552211901949,"Myocytes"
"Myocytes","Myocytes","Nppb","Npr1","age30m-age3m",1,-0.000693552211901949,"Myocytes"
"Leukocytes","Fibroblasts","Nppb","Dpp4","age30m-age3m",1,-0.000693552211901949,"Myocytes"
"Myocytes","Myocytes","Nppb","Npr2","age30m-age3m",1,-0.000693552211901949,"Myocytes"
"Myocytes","Leukocytes","Nppb","Dpp4","age30m-age3m",1,-0.000693552211901949,"Myocytes"
"Leukocytes","Fibroblasts","Nppb","Npr1","age30m-age3m",1,-0.000693552211901949,"Myocytes"
"Leukocytes","Leukocytes","Nppb","Npr1","age30m-age3m",1,-0.000693552211901949,"Myocytes"
"Fibroblasts","Leukocytes","Plxna1","Trem2","age30m-age3m",1,-0.000703091973279753,"Fibroblasts"
"Fibroblasts","Leukocytes","Plxna1","Notch1","age30m-age3m",1,-0.000703091973279753,"Fibroblasts"
"Fibroblasts","EndothelialCells","Plxna1","Notch1","age30m-age3m",1,-0.000703091973279753,"Fibroblasts"
"EndothelialCells","Leukocytes","Plxna1","Trem2","age30m-age3m",1,-0.000703091973279753,"Fibroblasts"
"Fibroblasts","Leukocytes","Plxna1","Tyrobp","age30m-age3m",1,-0.000703091973279753,"Fibroblasts"
"Leukocytes","Leukocytes","Plxna1","Trem2","age30m-age3m",1,-0.000703091973279753,"Fibroblasts"
"Fibroblasts","Myocytes","Plxna1","Tyrobp","age30m-age3m",1,-0.000703091973279753,"Fibroblasts"
"EndothelialCells","Leukocytes","Plxna1","Notch1","age30m-age3m",1,-0.000703091973279753,"Fibroblasts"
"Leukocytes","Leukocytes","Plxna1","Notch1","age30m-age3m",1,-0.000703091973279753,"Fibroblasts"
"EndothelialCells","EndothelialCells","Plxna1","Notch1","age30m-age3m",1,-0.000703091973279753,"Fibroblasts"
"Leukocytes","EndothelialCells","Plxna1","Notch1","age30m-age3m",1,-0.000703091973279753,"Fibroblasts"
"EndothelialCells","Leukocytes","Plxna1","Tyrobp","age30m-age3m",1,-0.000703091973279753,"Fibroblasts"
"Leukocytes","Leukocytes","Plxna1","Tyrobp","age30m-age3m",1,-0.000703091973279753,"Fibroblasts"
"Fibroblasts","Fibroblasts","Plxna1","Notch1","age30m-age3m",1,-0.000703091973279753,"Fibroblasts"
"Fibroblasts","Fibroblasts","Plxna1","Tyrobp","age30m-age3m",1,-0.000703091973279753,"Fibroblasts"
"EndothelialCells","Myocytes","Plxna1","Tyrobp","age30m-age3m",1,-0.000703091973279753,"Fibroblasts"
"Leukocytes","Myocytes","Plxna1","Tyrobp","age30m-age3m",1,-0.000703091973279753,"Fibroblasts"
"Fibroblasts","EndothelialCells","Plxna1","Tyrobp","age30m-age3m",1,-0.000703091973279753,"Fibroblasts"
"EndothelialCells","Fibroblasts","Plxna1","Notch1","age30m-age3m",1,-0.000703091973279753,"Fibroblasts"
"EndothelialCells","Fibroblasts","Plxna1","Tyrobp","age30m-age3m",1,-0.000703091973279753,"Fibroblasts"
"Leukocytes","Fibroblasts","Plxna1","Notch1","age30m-age3m",1,-0.000703091973279753,"Fibroblasts"
"Leukocytes","Fibroblasts","Plxna1","Tyrobp","age30m-age3m",1,-0.000703091973279753,"Fibroblasts"
"Fibroblasts","Fibroblasts","Plxna1","Trem2","age30m-age3m",1,-0.000703091973279753,"Fibroblasts"
"EndothelialCells","EndothelialCells","Plxna1","Tyrobp","age30m-age3m",1,-0.000703091973279753,"Fibroblasts"
"Leukocytes","EndothelialCells","Plxna1","Tyrobp","age30m-age3m",1,-0.000703091973279753,"Fibroblasts"
"EndothelialCells","Fibroblasts","Plxna1","Trem2","age30m-age3m",1,-0.000703091973279753,"Fibroblasts"
"Leukocytes","Fibroblasts","Plxna1","Trem2","age30m-age3m",1,-0.000703091973279753,"Fibroblasts"
"EndothelialCells","Leukocytes","Nts","Sort1","age30m-age3m",1,-0.000707710029939568,"EndothelialCells"
"Leukocytes","Leukocytes","Nts","Sort1","age30m-age3m",1,-0.000707710029939568,"EndothelialCells"
"EndothelialCells","Myocytes","Nts","Sort1","age30m-age3m",1,-0.000707710029939568,"EndothelialCells"
"Leukocytes","EndothelialCells","Bmp2","Acvr1","age30m-age3m",1,-0.000710705437942178,"Leukocytes"
"Leukocytes","Fibroblasts","Bmp2","Bmpr1a","age30m-age3m",1,-0.000710705437942178,"Leukocytes"
"Leukocytes","EndothelialCells","Bmp2","Eng","age30m-age3m",1,-0.000710705437942178,"Leukocytes"
"Leukocytes","Fibroblasts","Bmp2","Acvr1","age30m-age3m",1,-0.000710705437942178,"Leukocytes"
"Leukocytes","EndothelialCells","Bmp2","Bmpr2","age30m-age3m",1,-0.000710705437942178,"Leukocytes"
"Leukocytes","Leukocytes","Bmp2","Acvr1","age30m-age3m",1,-0.000710705437942178,"Leukocytes"
"Leukocytes","EndothelialCells","Bmp2","Acvr2a","age30m-age3m",1,-0.000710705437942178,"Leukocytes"
"Leukocytes","Leukocytes","Bmp2","Eng","age30m-age3m",1,-0.000710705437942178,"Leukocytes"
"Leukocytes","EndothelialCells","Bmp2","Acvr2b","age30m-age3m",1,-0.000710705437942178,"Leukocytes"
"Leukocytes","Fibroblasts","Bmp2","Bmpr2","age30m-age3m",1,-0.000710705437942178,"Leukocytes"
"Leukocytes","Fibroblasts","Bmp2","Eng","age30m-age3m",1,-0.000710705437942178,"Leukocytes"
"Leukocytes","Fibroblasts","Bmp2","Acvr2b","age30m-age3m",1,-0.000710705437942178,"Leukocytes"
"Fibroblasts","EndothelialCells","Bmp2","Acvr1","age30m-age3m",1,-0.000710705437942178,"Leukocytes"
"Fibroblasts","Fibroblasts","Bmp2","Bmpr1a","age30m-age3m",1,-0.000710705437942178,"Leukocytes"
"Fibroblasts","EndothelialCells","Bmp2","Eng","age30m-age3m",1,-0.000710705437942178,"Leukocytes"
"Fibroblasts","Fibroblasts","Bmp2","Acvr1","age30m-age3m",1,-0.000710705437942178,"Leukocytes"
"Fibroblasts","EndothelialCells","Bmp2","Bmpr2","age30m-age3m",1,-0.000710705437942178,"Leukocytes"
"Fibroblasts","Leukocytes","Bmp2","Acvr1","age30m-age3m",1,-0.000710705437942178,"Leukocytes"
"Fibroblasts","EndothelialCells","Bmp2","Acvr2a","age30m-age3m",1,-0.000710705437942178,"Leukocytes"
"Fibroblasts","Leukocytes","Bmp2","Eng","age30m-age3m",1,-0.000710705437942178,"Leukocytes"
"Fibroblasts","EndothelialCells","Bmp2","Acvr2b","age30m-age3m",1,-0.000710705437942178,"Leukocytes"
"Leukocytes","Leukocytes","Bmp2","Bmpr1a","age30m-age3m",1,-0.000710705437942178,"Leukocytes"
"Fibroblasts","Fibroblasts","Bmp2","Bmpr2","age30m-age3m",1,-0.000710705437942178,"Leukocytes"
"Fibroblasts","Fibroblasts","Bmp2","Eng","age30m-age3m",1,-0.000710705437942178,"Leukocytes"
"Fibroblasts","Fibroblasts","Bmp2","Acvr2b","age30m-age3m",1,-0.000710705437942178,"Leukocytes"
"Leukocytes","Fibroblasts","Bmp2","Acvr2a","age30m-age3m",1,-0.000710705437942178,"Leukocytes"
"Leukocytes","Myocytes","Bmp2","Eng","age30m-age3m",1,-0.000710705437942178,"Leukocytes"
"Fibroblasts","Leukocytes","Bmp2","Bmpr1a","age30m-age3m",1,-0.000710705437942178,"Leukocytes"
"Leukocytes","Myocytes","Bmp2","Bmpr1a","age30m-age3m",1,-0.000710705437942178,"Leukocytes"
"Fibroblasts","Fibroblasts","Bmp2","Acvr2a","age30m-age3m",1,-0.000710705437942178,"Leukocytes"
"Fibroblasts","Myocytes","Bmp2","Eng","age30m-age3m",1,-0.000710705437942178,"Leukocytes"
"Fibroblasts","Myocytes","Bmp2","Bmpr1a","age30m-age3m",1,-0.000710705437942178,"Leukocytes"
"Leukocytes","EndothelialCells","S100a9","Cd36","age30m-age3m",1,-0.00071498362078859,"Fibroblasts"
"Leukocytes","EndothelialCells","S100a9","Tlr4","age30m-age3m",1,-0.00071498362078859,"Fibroblasts"
"EndothelialCells","EndothelialCells","S100a9","Cd36","age30m-age3m",1,-0.00071498362078859,"Fibroblasts"
"Leukocytes","Fibroblasts","S100a9","Tlr4","age30m-age3m",1,-0.00071498362078859,"Fibroblasts"
"Leukocytes","Leukocytes","S100a9","Tlr4","age30m-age3m",1,-0.00071498362078859,"Fibroblasts"
"Leukocytes","Leukocytes","S100a9","Cd68","age30m-age3m",1,-0.00071498362078859,"Fibroblasts"
"EndothelialCells","EndothelialCells","S100a9","Tlr4","age30m-age3m",1,-0.00071498362078859,"Fibroblasts"
"Leukocytes","Leukocytes","S100a9","Alcam","age30m-age3m",1,-0.00071498362078859,"Fibroblasts"
"EndothelialCells","Fibroblasts","S100a9","Tlr4","age30m-age3m",1,-0.00071498362078859,"Fibroblasts"
"Leukocytes","Leukocytes","S100a9","Itgb2","age30m-age3m",1,-0.00071498362078859,"Fibroblasts"
"EndothelialCells","Leukocytes","S100a9","Tlr4","age30m-age3m",1,-0.00071498362078859,"Fibroblasts"
"EndothelialCells","Leukocytes","S100a9","Cd68","age30m-age3m",1,-0.00071498362078859,"Fibroblasts"
"Leukocytes","Leukocytes","S100a9","Cd36","age30m-age3m",1,-0.00071498362078859,"Fibroblasts"
"Leukocytes","Fibroblasts","S100a9","Alcam","age30m-age3m",1,-0.00071498362078859,"Fibroblasts"
"Fibroblasts","EndothelialCells","S100a9","Cd36","age30m-age3m",1,-0.00071498362078859,"Fibroblasts"
"EndothelialCells","Leukocytes","S100a9","Alcam","age30m-age3m",1,-0.00071498362078859,"Fibroblasts"
"Myocytes","EndothelialCells","S100a9","Cd36","age30m-age3m",1,-0.00071498362078859,"Fibroblasts"
"Leukocytes","Myocytes","S100a9","Cd36","age30m-age3m",1,-0.00071498362078859,"Fibroblasts"
"Fibroblasts","EndothelialCells","S100a9","Tlr4","age30m-age3m",1,-0.00071498362078859,"Fibroblasts"
"Leukocytes","Fibroblasts","S100a9","Cd36","age30m-age3m",1,-0.00071498362078859,"Fibroblasts"
"EndothelialCells","Leukocytes","S100a9","Itgb2","age30m-age3m",1,-0.00071498362078859,"Fibroblasts"
"EndothelialCells","Leukocytes","S100a9","Cd36","age30m-age3m",1,-0.00071498362078859,"Fibroblasts"
"EndothelialCells","Fibroblasts","S100a9","Alcam","age30m-age3m",1,-0.00071498362078859,"Fibroblasts"
"Myocytes","EndothelialCells","S100a9","Tlr4","age30m-age3m",1,-0.00071498362078859,"Fibroblasts"
"Fibroblasts","Fibroblasts","S100a9","Tlr4","age30m-age3m",1,-0.00071498362078859,"Fibroblasts"
"Fibroblasts","Leukocytes","S100a9","Tlr4","age30m-age3m",1,-0.00071498362078859,"Fibroblasts"
"Fibroblasts","Leukocytes","S100a9","Cd68","age30m-age3m",1,-0.00071498362078859,"Fibroblasts"
"EndothelialCells","Myocytes","S100a9","Cd36","age30m-age3m",1,-0.00071498362078859,"Fibroblasts"
"Myocytes","Fibroblasts","S100a9","Tlr4","age30m-age3m",1,-0.00071498362078859,"Fibroblasts"
"EndothelialCells","Fibroblasts","S100a9","Cd36","age30m-age3m",1,-0.00071498362078859,"Fibroblasts"
"Leukocytes","EndothelialCells","S100a9","Itgb2","age30m-age3m",1,-0.00071498362078859,"Fibroblasts"
"Myocytes","Leukocytes","S100a9","Tlr4","age30m-age3m",1,-0.00071498362078859,"Fibroblasts"
"Fibroblasts","Leukocytes","S100a9","Alcam","age30m-age3m",1,-0.00071498362078859,"Fibroblasts"
"Myocytes","Leukocytes","S100a9","Cd68","age30m-age3m",1,-0.00071498362078859,"Fibroblasts"
"Myocytes","Leukocytes","S100a9","Alcam","age30m-age3m",1,-0.00071498362078859,"Fibroblasts"
"Fibroblasts","Leukocytes","S100a9","Itgb2","age30m-age3m",1,-0.00071498362078859,"Fibroblasts"
"Fibroblasts","Leukocytes","S100a9","Cd36","age30m-age3m",1,-0.00071498362078859,"Fibroblasts"
"Fibroblasts","Fibroblasts","S100a9","Alcam","age30m-age3m",1,-0.00071498362078859,"Fibroblasts"
"Myocytes","Leukocytes","S100a9","Itgb2","age30m-age3m",1,-0.00071498362078859,"Fibroblasts"
"EndothelialCells","EndothelialCells","S100a9","Itgb2","age30m-age3m",1,-0.00071498362078859,"Fibroblasts"
"Myocytes","Leukocytes","S100a9","Cd36","age30m-age3m",1,-0.00071498362078859,"Fibroblasts"
"Myocytes","Fibroblasts","S100a9","Alcam","age30m-age3m",1,-0.00071498362078859,"Fibroblasts"
"Leukocytes","Fibroblasts","S100a9","Cd68","age30m-age3m",1,-0.00071498362078859,"Fibroblasts"
"Fibroblasts","Myocytes","S100a9","Cd36","age30m-age3m",1,-0.00071498362078859,"Fibroblasts"
"Fibroblasts","Fibroblasts","S100a9","Cd36","age30m-age3m",1,-0.00071498362078859,"Fibroblasts"
"Myocytes","Myocytes","S100a9","Cd36","age30m-age3m",1,-0.00071498362078859,"Fibroblasts"
"Myocytes","Fibroblasts","S100a9","Cd36","age30m-age3m",1,-0.00071498362078859,"Fibroblasts"
"EndothelialCells","Fibroblasts","S100a9","Cd68","age30m-age3m",1,-0.00071498362078859,"Fibroblasts"
"Fibroblasts","Fibroblasts","Wnt5a","Fzd1","age30m-age3m",1,-0.000715930582953288,"Fibroblasts"
"Fibroblasts","Fibroblasts","Wnt5a","Fzd2","age30m-age3m",1,-0.000715930582953288,"Fibroblasts"
"Fibroblasts","Fibroblasts","Wnt5a","Ror2","age30m-age3m",1,-0.000715930582953288,"Fibroblasts"
"Fibroblasts","Fibroblasts","Wnt5a","Ryk","age30m-age3m",1,-0.000715930582953288,"Fibroblasts"
"Fibroblasts","Fibroblasts","Wnt5a","Lrp6","age30m-age3m",1,-0.000715930582953288,"Fibroblasts"
"Fibroblasts","Fibroblasts","Wnt5a","Fzd8","age30m-age3m",1,-0.000715930582953288,"Fibroblasts"
"Fibroblasts","Fibroblasts","Wnt5a","Fzd7","age30m-age3m",1,-0.000715930582953288,"Fibroblasts"
"Fibroblasts","EndothelialCells","Wnt5a","Mcam","age30m-age3m",1,-0.000715930582953288,"Fibroblasts"
"Fibroblasts","Fibroblasts","Wnt5a","Lrp5","age30m-age3m",1,-0.000715930582953288,"Fibroblasts"
"Fibroblasts","Leukocytes","Wnt5a","Lrp6","age30m-age3m",1,-0.000715930582953288,"Fibroblasts"
"Fibroblasts","EndothelialCells","Wnt5a","Lrp5","age30m-age3m",1,-0.000715930582953288,"Fibroblasts"
"Fibroblasts","Fibroblasts","Wnt5a","Fzd4","age30m-age3m",1,-0.000715930582953288,"Fibroblasts"
"Fibroblasts","EndothelialCells","Wnt5a","Fzd6","age30m-age3m",1,-0.000715930582953288,"Fibroblasts"
"Fibroblasts","Leukocytes","Wnt5a","Ryk","age30m-age3m",1,-0.000715930582953288,"Fibroblasts"
"Fibroblasts","EndothelialCells","Wnt5a","Fzd8","age30m-age3m",1,-0.000715930582953288,"Fibroblasts"
"Fibroblasts","EndothelialCells","Wnt5a","Ryk","age30m-age3m",1,-0.000715930582953288,"Fibroblasts"
"Fibroblasts","EndothelialCells","Wnt5a","Fzd4","age30m-age3m",1,-0.000715930582953288,"Fibroblasts"
"Fibroblasts","EndothelialCells","Wnt5a","Lrp6","age30m-age3m",1,-0.000715930582953288,"Fibroblasts"
"Fibroblasts","Leukocytes","Wnt5a","Fzd7","age30m-age3m",1,-0.000715930582953288,"Fibroblasts"
"Fibroblasts","Leukocytes","Wnt5a","Fzd6","age30m-age3m",1,-0.000715930582953288,"Fibroblasts"
"Fibroblasts","Fibroblasts","Wnt5a","Fzd3","age30m-age3m",1,-0.000715930582953288,"Fibroblasts"
"Fibroblasts","Fibroblasts","Wnt5a","Mcam","age30m-age3m",1,-0.000715930582953288,"Fibroblasts"
"Fibroblasts","Leukocytes","Wnt5a","Lrp5","age30m-age3m",1,-0.000715930582953288,"Fibroblasts"
"Fibroblasts","Myocytes","Wnt5a","Mcam","age30m-age3m",1,-0.000715930582953288,"Fibroblasts"
"Fibroblasts","Myocytes","Wnt5a","Lrp6","age30m-age3m",1,-0.000715930582953288,"Fibroblasts"
"Fibroblasts","Myocytes","Wnt5a","Ryk","age30m-age3m",1,-0.000715930582953288,"Fibroblasts"
"EndothelialCells","EndothelialCells","Jam2","Jam3","age30m-age3m",1,-0.000715965985263509,"Fibroblasts"
"EndothelialCells","EndothelialCells","Jam2","Jam2","age30m-age3m",1,-0.000715965985263509,"Fibroblasts"
"EndothelialCells","Leukocytes","Jam2","Itgav","age30m-age3m",1,-0.000715965985263509,"Fibroblasts"
"EndothelialCells","Fibroblasts","Jam2","Itgav","age30m-age3m",1,-0.000715965985263509,"Fibroblasts"
"EndothelialCells","Fibroblasts","Jam2","Jam3","age30m-age3m",1,-0.000715965985263509,"Fibroblasts"
"EndothelialCells","Leukocytes","Jam2","F11r","age30m-age3m",1,-0.000715965985263509,"Fibroblasts"
"EndothelialCells","EndothelialCells","Jam2","F11r","age30m-age3m",1,-0.000715965985263509,"Fibroblasts"
"Fibroblasts","EndothelialCells","Jam2","Jam3","age30m-age3m",1,-0.000715965985263509,"Fibroblasts"
"Fibroblasts","EndothelialCells","Jam2","Jam2","age30m-age3m",1,-0.000715965985263509,"Fibroblasts"
"Fibroblasts","Leukocytes","Jam2","Itgav","age30m-age3m",1,-0.000715965985263509,"Fibroblasts"
"EndothelialCells","Leukocytes","Jam2","Itga4","age30m-age3m",1,-0.000715965985263509,"Fibroblasts"
"EndothelialCells","EndothelialCells","Jam2","Itgb1","age30m-age3m",1,-0.000715965985263509,"Fibroblasts"
"EndothelialCells","Leukocytes","Jam2","Jam2","age30m-age3m",1,-0.000715965985263509,"Fibroblasts"
"Fibroblasts","Fibroblasts","Jam2","Itgav","age30m-age3m",1,-0.000715965985263509,"Fibroblasts"
"EndothelialCells","Fibroblasts","Jam2","Jam2","age30m-age3m",1,-0.000715965985263509,"Fibroblasts"
"Fibroblasts","Fibroblasts","Jam2","Jam3","age30m-age3m",1,-0.000715965985263509,"Fibroblasts"
"EndothelialCells","EndothelialCells","Jam2","Itgav","age30m-age3m",1,-0.000715965985263509,"Fibroblasts"
"Fibroblasts","Leukocytes","Jam2","F11r","age30m-age3m",1,-0.000715965985263509,"Fibroblasts"
"Leukocytes","EndothelialCells","Jam2","Jam3","age30m-age3m",1,-0.000715965985263509,"Fibroblasts"
"Fibroblasts","EndothelialCells","Jam2","F11r","age30m-age3m",1,-0.000715965985263509,"Fibroblasts"
"Leukocytes","EndothelialCells","Jam2","Jam2","age30m-age3m",1,-0.000715965985263509,"Fibroblasts"
"Leukocytes","Leukocytes","Jam2","Itgav","age30m-age3m",1,-0.000715965985263509,"Fibroblasts"
"Fibroblasts","Leukocytes","Jam2","Itga4","age30m-age3m",1,-0.000715965985263509,"Fibroblasts"
"EndothelialCells","Leukocytes","Jam2","Itgb1","age30m-age3m",1,-0.000715965985263509,"Fibroblasts"
"Leukocytes","Fibroblasts","Jam2","Itgav","age30m-age3m",1,-0.000715965985263509,"Fibroblasts"
"Fibroblasts","EndothelialCells","Jam2","Itgb1","age30m-age3m",1,-0.000715965985263509,"Fibroblasts"
"Fibroblasts","Leukocytes","Jam2","Jam2","age30m-age3m",1,-0.000715965985263509,"Fibroblasts"
"Fibroblasts","Fibroblasts","Jam2","Jam2","age30m-age3m",1,-0.000715965985263509,"Fibroblasts"
"Leukocytes","Fibroblasts","Jam2","Jam3","age30m-age3m",1,-0.000715965985263509,"Fibroblasts"
"EndothelialCells","Myocytes","Jam2","F11r","age30m-age3m",1,-0.000715965985263509,"Fibroblasts"
"Leukocytes","Leukocytes","Jam2","F11r","age30m-age3m",1,-0.000715965985263509,"Fibroblasts"
"Fibroblasts","EndothelialCells","Jam2","Itgav","age30m-age3m",1,-0.000715965985263509,"Fibroblasts"
"Leukocytes","EndothelialCells","Jam2","F11r","age30m-age3m",1,-0.000715965985263509,"Fibroblasts"
"Leukocytes","Leukocytes","Jam2","Itga4","age30m-age3m",1,-0.000715965985263509,"Fibroblasts"
"Leukocytes","EndothelialCells","Jam2","Itgb1","age30m-age3m",1,-0.000715965985263509,"Fibroblasts"
"Fibroblasts","Leukocytes","Jam2","Itgb1","age30m-age3m",1,-0.000715965985263509,"Fibroblasts"
"Leukocytes","Leukocytes","Jam2","Jam2","age30m-age3m",1,-0.000715965985263509,"Fibroblasts"
"Leukocytes","Fibroblasts","Jam2","Jam2","age30m-age3m",1,-0.000715965985263509,"Fibroblasts"
"EndothelialCells","Fibroblasts","Jam2","Itgb1","age30m-age3m",1,-0.000715965985263509,"Fibroblasts"
"Leukocytes","EndothelialCells","Jam2","Itgav","age30m-age3m",1,-0.000715965985263509,"Fibroblasts"
"Fibroblasts","Myocytes","Jam2","F11r","age30m-age3m",1,-0.000715965985263509,"Fibroblasts"
"EndothelialCells","Fibroblasts","Jam2","F11r","age30m-age3m",1,-0.000715965985263509,"Fibroblasts"
"Leukocytes","Leukocytes","Jam2","Itgb1","age30m-age3m",1,-0.000715965985263509,"Fibroblasts"
"Leukocytes","Myocytes","Jam2","F11r","age30m-age3m",1,-0.000715965985263509,"Fibroblasts"
"Fibroblasts","Fibroblasts","Jam2","Itgb1","age30m-age3m",1,-0.000715965985263509,"Fibroblasts"
"Fibroblasts","Fibroblasts","Jam2","F11r","age30m-age3m",1,-0.000715965985263509,"Fibroblasts"
"EndothelialCells","Myocytes","Jam2","Jam3","age30m-age3m",1,-0.000715965985263509,"Fibroblasts"
"EndothelialCells","Myocytes","Jam2","Itgb1","age30m-age3m",1,-0.000715965985263509,"Fibroblasts"
"Myocytes","EndothelialCells","Jam2","Jam3","age30m-age3m",1,-0.000715965985263509,"Fibroblasts"
"Myocytes","EndothelialCells","Jam2","Jam2","age30m-age3m",1,-0.000715965985263509,"Fibroblasts"
"Myocytes","Leukocytes","Jam2","Itgav","age30m-age3m",1,-0.000715965985263509,"Fibroblasts"
"Leukocytes","Fibroblasts","Jam2","Itgb1","age30m-age3m",1,-0.000715965985263509,"Fibroblasts"
"Myocytes","Fibroblasts","Jam2","Itgav","age30m-age3m",1,-0.000715965985263509,"Fibroblasts"
"EndothelialCells","Myocytes","Jam2","Jam2","age30m-age3m",1,-0.000715965985263509,"Fibroblasts"
"Leukocytes","Fibroblasts","Jam2","F11r","age30m-age3m",1,-0.000715965985263509,"Fibroblasts"
"Fibroblasts","Myocytes","Jam2","Jam3","age30m-age3m",1,-0.000715965985263509,"Fibroblasts"
"Myocytes","Fibroblasts","Jam2","Jam3","age30m-age3m",1,-0.000715965985263509,"Fibroblasts"
"Myocytes","Leukocytes","Jam2","F11r","age30m-age3m",1,-0.000715965985263509,"Fibroblasts"
"Fibroblasts","Myocytes","Jam2","Itgb1","age30m-age3m",1,-0.000715965985263509,"Fibroblasts"
"Myocytes","EndothelialCells","Jam2","F11r","age30m-age3m",1,-0.000715965985263509,"Fibroblasts"
"Myocytes","Leukocytes","Jam2","Itga4","age30m-age3m",1,-0.000715965985263509,"Fibroblasts"
"Myocytes","EndothelialCells","Jam2","Itgb1","age30m-age3m",1,-0.000715965985263509,"Fibroblasts"
"Myocytes","Leukocytes","Jam2","Jam2","age30m-age3m",1,-0.000715965985263509,"Fibroblasts"
"Fibroblasts","Myocytes","Jam2","Jam2","age30m-age3m",1,-0.000715965985263509,"Fibroblasts"
"Myocytes","Fibroblasts","Jam2","Jam2","age30m-age3m",1,-0.000715965985263509,"Fibroblasts"
"Leukocytes","Myocytes","Jam2","Jam3","age30m-age3m",1,-0.000715965985263509,"Fibroblasts"
"Myocytes","EndothelialCells","Jam2","Itgav","age30m-age3m",1,-0.000715965985263509,"Fibroblasts"
"Leukocytes","Myocytes","Jam2","Itgb1","age30m-age3m",1,-0.000715965985263509,"Fibroblasts"
"Myocytes","Leukocytes","Jam2","Itgb1","age30m-age3m",1,-0.000715965985263509,"Fibroblasts"
"Leukocytes","Myocytes","Jam2","Jam2","age30m-age3m",1,-0.000715965985263509,"Fibroblasts"
"Myocytes","Myocytes","Jam2","F11r","age30m-age3m",1,-0.000715965985263509,"Fibroblasts"
"Myocytes","Myocytes","Jam2","Jam3","age30m-age3m",1,-0.000715965985263509,"Fibroblasts"
"Myocytes","Fibroblasts","Jam2","Itgb1","age30m-age3m",1,-0.000715965985263509,"Fibroblasts"
"Myocytes","Fibroblasts","Jam2","F11r","age30m-age3m",1,-0.000715965985263509,"Fibroblasts"
"Myocytes","Myocytes","Jam2","Jam2","age30m-age3m",1,-0.000715965985263509,"Fibroblasts"
"Myocytes","Myocytes","Jam2","Itgb1","age30m-age3m",1,-0.000715965985263509,"Fibroblasts"
"Fibroblasts","Leukocytes","Dcn","Tlr2","age30m-age3m",1,-0.000721142319714534,"Fibroblasts"
"Fibroblasts","Fibroblasts","Dcn","Lrp1","age30m-age3m",1,-0.000721142319714534,"Fibroblasts"
"Fibroblasts","Leukocytes","Dcn","Tlr4","age30m-age3m",1,-0.000721142319714534,"Fibroblasts"
"Fibroblasts","Leukocytes","Dcn","Lrp1","age30m-age3m",1,-0.000721142319714534,"Fibroblasts"
"Fibroblasts","Fibroblasts","Dcn","Igf1r","age30m-age3m",1,-0.000721142319714534,"Fibroblasts"
"Fibroblasts","EndothelialCells","Dcn","Kdr","age30m-age3m",1,-0.000721142319714534,"Fibroblasts"
"Fibroblasts","Fibroblasts","Dcn","Tlr4","age30m-age3m",1,-0.000721142319714534,"Fibroblasts"
"Fibroblasts","Leukocytes","Dcn","Kdr","age30m-age3m",1,-0.000721142319714534,"Fibroblasts"
"Fibroblasts","EndothelialCells","Dcn","Tlr4","age30m-age3m",1,-0.000721142319714534,"Fibroblasts"
"Fibroblasts","EndothelialCells","Dcn","Igf1r","age30m-age3m",1,-0.000721142319714534,"Fibroblasts"
"Fibroblasts","Fibroblasts","Dcn","Egfr","age30m-age3m",1,-0.000721142319714534,"Fibroblasts"
"Fibroblasts","Fibroblasts","Dcn","Kdr","age30m-age3m",1,-0.000721142319714534,"Fibroblasts"
"Leukocytes","Leukocytes","Dcn","Tlr2","age30m-age3m",1,-0.000721142319714534,"Fibroblasts"
"Fibroblasts","Leukocytes","Dcn","Igf1r","age30m-age3m",1,-0.000721142319714534,"Fibroblasts"
"Leukocytes","Fibroblasts","Dcn","Lrp1","age30m-age3m",1,-0.000721142319714534,"Fibroblasts"
"Leukocytes","Leukocytes","Dcn","Tlr4","age30m-age3m",1,-0.000721142319714534,"Fibroblasts"
"Myocytes","Leukocytes","Dcn","Tlr2","age30m-age3m",1,-0.000721142319714534,"Fibroblasts"
"Leukocytes","Leukocytes","Dcn","Lrp1","age30m-age3m",1,-0.000721142319714534,"Fibroblasts"
"Leukocytes","Fibroblasts","Dcn","Igf1r","age30m-age3m",1,-0.000721142319714534,"Fibroblasts"
"EndothelialCells","Leukocytes","Dcn","Tlr2","age30m-age3m",1,-0.000721142319714534,"Fibroblasts"
"Fibroblasts","Fibroblasts","Dcn","Tlr2","age30m-age3m",1,-0.000721142319714534,"Fibroblasts"
"Leukocytes","EndothelialCells","Dcn","Kdr","age30m-age3m",1,-0.000721142319714534,"Fibroblasts"
"Leukocytes","Fibroblasts","Dcn","Tlr4","age30m-age3m",1,-0.000721142319714534,"Fibroblasts"
"Leukocytes","Leukocytes","Dcn","Kdr","age30m-age3m",1,-0.000721142319714534,"Fibroblasts"
"Myocytes","Fibroblasts","Dcn","Lrp1","age30m-age3m",1,-0.000721142319714534,"Fibroblasts"
"EndothelialCells","Fibroblasts","Dcn","Lrp1","age30m-age3m",1,-0.000721142319714534,"Fibroblasts"
"Leukocytes","EndothelialCells","Dcn","Tlr4","age30m-age3m",1,-0.000721142319714534,"Fibroblasts"
"Myocytes","Leukocytes","Dcn","Tlr4","age30m-age3m",1,-0.000721142319714534,"Fibroblasts"
"Myocytes","Leukocytes","Dcn","Lrp1","age30m-age3m",1,-0.000721142319714534,"Fibroblasts"
"EndothelialCells","Leukocytes","Dcn","Tlr4","age30m-age3m",1,-0.000721142319714534,"Fibroblasts"
"Myocytes","Fibroblasts","Dcn","Igf1r","age30m-age3m",1,-0.000721142319714534,"Fibroblasts"
"Leukocytes","EndothelialCells","Dcn","Igf1r","age30m-age3m",1,-0.000721142319714534,"Fibroblasts"
"EndothelialCells","Leukocytes","Dcn","Lrp1","age30m-age3m",1,-0.000721142319714534,"Fibroblasts"
"EndothelialCells","Fibroblasts","Dcn","Igf1r","age30m-age3m",1,-0.000721142319714534,"Fibroblasts"
"Myocytes","EndothelialCells","Dcn","Kdr","age30m-age3m",1,-0.000721142319714534,"Fibroblasts"
"Myocytes","Fibroblasts","Dcn","Tlr4","age30m-age3m",1,-0.000721142319714534,"Fibroblasts"
"EndothelialCells","EndothelialCells","Dcn","Kdr","age30m-age3m",1,-0.000721142319714534,"Fibroblasts"
"EndothelialCells","Fibroblasts","Dcn","Tlr4","age30m-age3m",1,-0.000721142319714534,"Fibroblasts"
"Myocytes","Leukocytes","Dcn","Kdr","age30m-age3m",1,-0.000721142319714534,"Fibroblasts"
"EndothelialCells","Leukocytes","Dcn","Kdr","age30m-age3m",1,-0.000721142319714534,"Fibroblasts"
"Myocytes","EndothelialCells","Dcn","Tlr4","age30m-age3m",1,-0.000721142319714534,"Fibroblasts"
"EndothelialCells","EndothelialCells","Dcn","Tlr4","age30m-age3m",1,-0.000721142319714534,"Fibroblasts"
"Leukocytes","Fibroblasts","Dcn","Egfr","age30m-age3m",1,-0.000721142319714534,"Fibroblasts"
"Myocytes","EndothelialCells","Dcn","Igf1r","age30m-age3m",1,-0.000721142319714534,"Fibroblasts"
"Leukocytes","Fibroblasts","Dcn","Kdr","age30m-age3m",1,-0.000721142319714534,"Fibroblasts"
"EndothelialCells","EndothelialCells","Dcn","Igf1r","age30m-age3m",1,-0.000721142319714534,"Fibroblasts"
"Leukocytes","Leukocytes","Dcn","Igf1r","age30m-age3m",1,-0.000721142319714534,"Fibroblasts"
"Myocytes","Fibroblasts","Dcn","Egfr","age30m-age3m",1,-0.000721142319714534,"Fibroblasts"
"Fibroblasts","EndothelialCells","Dcn","Lrp1","age30m-age3m",1,-0.000721142319714534,"Fibroblasts"
"EndothelialCells","Fibroblasts","Dcn","Egfr","age30m-age3m",1,-0.000721142319714534,"Fibroblasts"
"Myocytes","Fibroblasts","Dcn","Kdr","age30m-age3m",1,-0.000721142319714534,"Fibroblasts"
"Fibroblasts","Leukocytes","Dcn","Egfr","age30m-age3m",1,-0.000721142319714534,"Fibroblasts"
"EndothelialCells","Fibroblasts","Dcn","Kdr","age30m-age3m",1,-0.000721142319714534,"Fibroblasts"
"Leukocytes","Fibroblasts","Dcn","Tlr2","age30m-age3m",1,-0.000721142319714534,"Fibroblasts"
"Myocytes","Leukocytes","Dcn","Igf1r","age30m-age3m",1,-0.000721142319714534,"Fibroblasts"
"Fibroblasts","Myocytes","Dcn","Lrp1","age30m-age3m",1,-0.000721142319714534,"Fibroblasts"
"EndothelialCells","Leukocytes","Dcn","Igf1r","age30m-age3m",1,-0.000721142319714534,"Fibroblasts"
"Myocytes","Fibroblasts","Dcn","Tlr2","age30m-age3m",1,-0.000721142319714534,"Fibroblasts"
"EndothelialCells","Fibroblasts","Dcn","Tlr2","age30m-age3m",1,-0.000721142319714534,"Fibroblasts"
"Fibroblasts","Myocytes","Dcn","Igf1r","age30m-age3m",1,-0.000721142319714534,"Fibroblasts"
"Leukocytes","EndothelialCells","Dcn","Lrp1","age30m-age3m",1,-0.000721142319714534,"Fibroblasts"
"Leukocytes","Leukocytes","Dcn","Egfr","age30m-age3m",1,-0.000721142319714534,"Fibroblasts"
"Leukocytes","Myocytes","Dcn","Lrp1","age30m-age3m",1,-0.000721142319714534,"Fibroblasts"
"Myocytes","EndothelialCells","Dcn","Lrp1","age30m-age3m",1,-0.000721142319714534,"Fibroblasts"
"Myocytes","Leukocytes","Dcn","Egfr","age30m-age3m",1,-0.000721142319714534,"Fibroblasts"
"EndothelialCells","EndothelialCells","Dcn","Lrp1","age30m-age3m",1,-0.000721142319714534,"Fibroblasts"
"EndothelialCells","Leukocytes","Dcn","Egfr","age30m-age3m",1,-0.000721142319714534,"Fibroblasts"
"Myocytes","Myocytes","Dcn","Lrp1","age30m-age3m",1,-0.000721142319714534,"Fibroblasts"
"EndothelialCells","Myocytes","Dcn","Lrp1","age30m-age3m",1,-0.000721142319714534,"Fibroblasts"
"Leukocytes","Myocytes","Dcn","Igf1r","age30m-age3m",1,-0.000721142319714534,"Fibroblasts"
"Myocytes","Myocytes","Dcn","Igf1r","age30m-age3m",1,-0.000721142319714534,"Fibroblasts"
"EndothelialCells","Myocytes","Dcn","Igf1r","age30m-age3m",1,-0.000721142319714534,"Fibroblasts"
"Fibroblasts","Fibroblasts","Lama4","Itgav","age30m-age3m",1,-0.000721869102710764,"Fibroblasts"
"Fibroblasts","Fibroblasts","Lama4","Itga9","age30m-age3m",1,-0.000721869102710764,"Fibroblasts"
"Leukocytes","Fibroblasts","Lama4","Itgav","age30m-age3m",1,-0.000721869102710764,"Fibroblasts"
"EndothelialCells","Fibroblasts","Lama4","Itgav","age30m-age3m",1,-0.000721869102710764,"Fibroblasts"
"Leukocytes","Fibroblasts","Lama4","Itga9","age30m-age3m",1,-0.000721869102710764,"Fibroblasts"
"EndothelialCells","Fibroblasts","Lama4","Itga9","age30m-age3m",1,-0.000721869102710764,"Fibroblasts"
"Fibroblasts","Leukocytes","Lama4","Itga9","age30m-age3m",1,-0.000721869102710764,"Fibroblasts"
"Fibroblasts","EndothelialCells","Lama4","Itga6","age30m-age3m",1,-0.000721869102710764,"Fibroblasts"
"Fibroblasts","Leukocytes","Lama4","Itgav","age30m-age3m",1,-0.000721869102710764,"Fibroblasts"
"Fibroblasts","EndothelialCells","Lama4","Itgb1","age30m-age3m",1,-0.000721869102710764,"Fibroblasts"
"Leukocytes","Leukocytes","Lama4","Itga9","age30m-age3m",1,-0.000721869102710764,"Fibroblasts"
"Leukocytes","EndothelialCells","Lama4","Itga6","age30m-age3m",1,-0.000721869102710764,"Fibroblasts"
"Fibroblasts","EndothelialCells","Lama4","Itgav","age30m-age3m",1,-0.000721869102710764,"Fibroblasts"
"Leukocytes","Leukocytes","Lama4","Itgav","age30m-age3m",1,-0.000721869102710764,"Fibroblasts"
"EndothelialCells","Leukocytes","Lama4","Itga9","age30m-age3m",1,-0.000721869102710764,"Fibroblasts"
"EndothelialCells","EndothelialCells","Lama4","Itga6","age30m-age3m",1,-0.000721869102710764,"Fibroblasts"
"Leukocytes","EndothelialCells","Lama4","Itgb1","age30m-age3m",1,-0.000721869102710764,"Fibroblasts"
"EndothelialCells","Leukocytes","Lama4","Itgav","age30m-age3m",1,-0.000721869102710764,"Fibroblasts"
"EndothelialCells","EndothelialCells","Lama4","Itgb1","age30m-age3m",1,-0.000721869102710764,"Fibroblasts"
"Leukocytes","EndothelialCells","Lama4","Itgav","age30m-age3m",1,-0.000721869102710764,"Fibroblasts"
"EndothelialCells","EndothelialCells","Lama4","Itgav","age30m-age3m",1,-0.000721869102710764,"Fibroblasts"
"Fibroblasts","EndothelialCells","Lama4","Itga9","age30m-age3m",1,-0.000721869102710764,"Fibroblasts"
"Fibroblasts","Fibroblasts","Lama4","Itgb1","age30m-age3m",1,-0.000721869102710764,"Fibroblasts"
"Leukocytes","EndothelialCells","Lama4","Itga9","age30m-age3m",1,-0.000721869102710764,"Fibroblasts"
"EndothelialCells","EndothelialCells","Lama4","Itga9","age30m-age3m",1,-0.000721869102710764,"Fibroblasts"
"Fibroblasts","Leukocytes","Lama4","Itgb1","age30m-age3m",1,-0.000721869102710764,"Fibroblasts"
"Leukocytes","Fibroblasts","Lama4","Itgb1","age30m-age3m",1,-0.000721869102710764,"Fibroblasts"
"EndothelialCells","Fibroblasts","Lama4","Itgb1","age30m-age3m",1,-0.000721869102710764,"Fibroblasts"
"Leukocytes","Leukocytes","Lama4","Itgb1","age30m-age3m",1,-0.000721869102710764,"Fibroblasts"
"EndothelialCells","Leukocytes","Lama4","Itgb1","age30m-age3m",1,-0.000721869102710764,"Fibroblasts"
"Fibroblasts","Myocytes","Lama4","Itgb1","age30m-age3m",1,-0.000721869102710764,"Fibroblasts"
"Fibroblasts","Myocytes","Lama4","Itga6","age30m-age3m",1,-0.000721869102710764,"Fibroblasts"
"Leukocytes","Myocytes","Lama4","Itgb1","age30m-age3m",1,-0.000721869102710764,"Fibroblasts"
"EndothelialCells","Myocytes","Lama4","Itgb1","age30m-age3m",1,-0.000721869102710764,"Fibroblasts"
"Leukocytes","Myocytes","Lama4","Itga6","age30m-age3m",1,-0.000721869102710764,"Fibroblasts"
"EndothelialCells","Myocytes","Lama4","Itga6","age30m-age3m",1,-0.000721869102710764,"Fibroblasts"
"Myocytes","Fibroblasts","Fgf1","Fgfr1","age30m-age3m",1,-0.000724162825643367,"Myocytes"
"Myocytes","Leukocytes","Fgf1","Fgfr1","age30m-age3m",1,-0.000724162825643367,"Myocytes"
"Myocytes","Leukocytes","Fgf1","Nrp1","age30m-age3m",1,-0.000724162825643367,"Myocytes"
"Myocytes","EndothelialCells","Fgf1","Fgfr3","age30m-age3m",1,-0.000724162825643367,"Myocytes"
"Myocytes","EndothelialCells","Fgf1","Nrp1","age30m-age3m",1,-0.000724162825643367,"Myocytes"
"Myocytes","Fibroblasts","Fgf1","Nrp1","age30m-age3m",1,-0.000724162825643367,"Myocytes"
"Myocytes","EndothelialCells","Fgf1","Fgfr1","age30m-age3m",1,-0.000724162825643367,"Myocytes"
"Myocytes","Myocytes","Fgf1","Nrp1","age30m-age3m",1,-0.000724162825643367,"Myocytes"
"Myocytes","Leukocytes","Fgf1","Fgfr3","age30m-age3m",1,-0.000724162825643367,"Myocytes"
"EndothelialCells","Fibroblasts","Eng","Itgav","age30m-age3m",1,-0.000726636585245276,"Fibroblasts"
"EndothelialCells","EndothelialCells","Eng","Acvrl1","age30m-age3m",1,-0.000726636585245276,"Fibroblasts"
"EndothelialCells","EndothelialCells","Eng","Cdh5","age30m-age3m",1,-0.000726636585245276,"Fibroblasts"
"EndothelialCells","Leukocytes","Eng","Cdh5","age30m-age3m",1,-0.000726636585245276,"Fibroblasts"
"EndothelialCells","Fibroblasts","Eng","Acvrl1","age30m-age3m",1,-0.000726636585245276,"Fibroblasts"
"EndothelialCells","Leukocytes","Eng","Itgav","age30m-age3m",1,-0.000726636585245276,"Fibroblasts"
"EndothelialCells","EndothelialCells","Eng","Bmpr2","age30m-age3m",1,-0.000726636585245276,"Fibroblasts"
"Leukocytes","Fibroblasts","Eng","Itgav","age30m-age3m",1,-0.000726636585245276,"Fibroblasts"
"EndothelialCells","Fibroblasts","Eng","Cdh5","age30m-age3m",1,-0.000726636585245276,"Fibroblasts"
"EndothelialCells","Fibroblasts","Eng","Bmpr2","age30m-age3m",1,-0.000726636585245276,"Fibroblasts"
"EndothelialCells","EndothelialCells","Eng","Acvr2a","age30m-age3m",1,-0.000726636585245276,"Fibroblasts"
"Leukocytes","EndothelialCells","Eng","Acvrl1","age30m-age3m",1,-0.000726636585245276,"Fibroblasts"
"Leukocytes","EndothelialCells","Eng","Cdh5","age30m-age3m",1,-0.000726636585245276,"Fibroblasts"
"Fibroblasts","Fibroblasts","Eng","Itgav","age30m-age3m",1,-0.000726636585245276,"Fibroblasts"
"EndothelialCells","Leukocytes","Eng","Acvrl1","age30m-age3m",1,-0.000726636585245276,"Fibroblasts"
"EndothelialCells","EndothelialCells","Eng","Itgav","age30m-age3m",1,-0.000726636585245276,"Fibroblasts"
"Fibroblasts","EndothelialCells","Eng","Acvrl1","age30m-age3m",1,-0.000726636585245276,"Fibroblasts"
"Fibroblasts","EndothelialCells","Eng","Cdh5","age30m-age3m",1,-0.000726636585245276,"Fibroblasts"
"Leukocytes","Leukocytes","Eng","Cdh5","age30m-age3m",1,-0.000726636585245276,"Fibroblasts"
"Leukocytes","Fibroblasts","Eng","Acvrl1","age30m-age3m",1,-0.000726636585245276,"Fibroblasts"
"Leukocytes","Leukocytes","Eng","Itgav","age30m-age3m",1,-0.000726636585245276,"Fibroblasts"
"Leukocytes","EndothelialCells","Eng","Bmpr2","age30m-age3m",1,-0.000726636585245276,"Fibroblasts"
"Leukocytes","Fibroblasts","Eng","Cdh5","age30m-age3m",1,-0.000726636585245276,"Fibroblasts"
"Fibroblasts","Leukocytes","Eng","Cdh5","age30m-age3m",1,-0.000726636585245276,"Fibroblasts"
"Leukocytes","Fibroblasts","Eng","Bmpr2","age30m-age3m",1,-0.000726636585245276,"Fibroblasts"
"Leukocytes","EndothelialCells","Eng","Acvr2a","age30m-age3m",1,-0.000726636585245276,"Fibroblasts"
"Fibroblasts","Fibroblasts","Eng","Acvrl1","age30m-age3m",1,-0.000726636585245276,"Fibroblasts"
"Fibroblasts","Leukocytes","Eng","Itgav","age30m-age3m",1,-0.000726636585245276,"Fibroblasts"
"Fibroblasts","EndothelialCells","Eng","Bmpr2","age30m-age3m",1,-0.000726636585245276,"Fibroblasts"
"Fibroblasts","Fibroblasts","Eng","Cdh5","age30m-age3m",1,-0.000726636585245276,"Fibroblasts"
"Leukocytes","Leukocytes","Eng","Acvrl1","age30m-age3m",1,-0.000726636585245276,"Fibroblasts"
"Fibroblasts","Fibroblasts","Eng","Bmpr2","age30m-age3m",1,-0.000726636585245276,"Fibroblasts"
"Fibroblasts","EndothelialCells","Eng","Acvr2a","age30m-age3m",1,-0.000726636585245276,"Fibroblasts"
"Leukocytes","EndothelialCells","Eng","Itgav","age30m-age3m",1,-0.000726636585245276,"Fibroblasts"
"Fibroblasts","Leukocytes","Eng","Acvrl1","age30m-age3m",1,-0.000726636585245276,"Fibroblasts"
"Fibroblasts","EndothelialCells","Eng","Itgav","age30m-age3m",1,-0.000726636585245276,"Fibroblasts"
"EndothelialCells","Fibroblasts","Eng","Acvr2a","age30m-age3m",1,-0.000726636585245276,"Fibroblasts"
"Myocytes","Fibroblasts","Eng","Itgav","age30m-age3m",1,-0.000726636585245276,"Fibroblasts"
"Myocytes","EndothelialCells","Eng","Acvrl1","age30m-age3m",1,-0.000726636585245276,"Fibroblasts"
"Myocytes","EndothelialCells","Eng","Cdh5","age30m-age3m",1,-0.000726636585245276,"Fibroblasts"
"Leukocytes","Fibroblasts","Eng","Acvr2a","age30m-age3m",1,-0.000726636585245276,"Fibroblasts"
"Myocytes","Leukocytes","Eng","Cdh5","age30m-age3m",1,-0.000726636585245276,"Fibroblasts"
"Myocytes","Fibroblasts","Eng","Acvrl1","age30m-age3m",1,-0.000726636585245276,"Fibroblasts"
"Myocytes","Leukocytes","Eng","Itgav","age30m-age3m",1,-0.000726636585245276,"Fibroblasts"
"Myocytes","EndothelialCells","Eng","Bmpr2","age30m-age3m",1,-0.000726636585245276,"Fibroblasts"
"Fibroblasts","Fibroblasts","Eng","Acvr2a","age30m-age3m",1,-0.000726636585245276,"Fibroblasts"
"Myocytes","Fibroblasts","Eng","Cdh5","age30m-age3m",1,-0.000726636585245276,"Fibroblasts"
"Myocytes","Fibroblasts","Eng","Bmpr2","age30m-age3m",1,-0.000726636585245276,"Fibroblasts"
"Myocytes","EndothelialCells","Eng","Acvr2a","age30m-age3m",1,-0.000726636585245276,"Fibroblasts"
"Myocytes","Leukocytes","Eng","Acvrl1","age30m-age3m",1,-0.000726636585245276,"Fibroblasts"
"Myocytes","EndothelialCells","Eng","Itgav","age30m-age3m",1,-0.000726636585245276,"Fibroblasts"
"Myocytes","Fibroblasts","Eng","Acvr2a","age30m-age3m",1,-0.000726636585245276,"Fibroblasts"
"Fibroblasts","EndothelialCells","Lefty1","Acvr2a","age30m-age3m",1,-0.000731758415397647,"Fibroblasts"
"Fibroblasts","EndothelialCells","Lefty1","Acvr2b","age30m-age3m",1,-0.000731758415397647,"Fibroblasts"
"Fibroblasts","Fibroblasts","Lefty1","Acvr2b","age30m-age3m",1,-0.000731758415397647,"Fibroblasts"
"Fibroblasts","Fibroblasts","Lefty1","Acvr2a","age30m-age3m",1,-0.000731758415397647,"Fibroblasts"
"Leukocytes","EndothelialCells","Sirpa","Lrpap1","age30m-age3m",1,-0.00073181601256794,"Fibroblasts"
"Leukocytes","Leukocytes","Sirpa","Cd47","age30m-age3m",1,-0.00073181601256794,"Fibroblasts"
"Leukocytes","Leukocytes","Sirpa","Lrpap1","age30m-age3m",1,-0.00073181601256794,"Fibroblasts"
"Leukocytes","EndothelialCells","Sirpa","Cd47","age30m-age3m",1,-0.00073181601256794,"Fibroblasts"
"Fibroblasts","EndothelialCells","Sirpa","Lrpap1","age30m-age3m",1,-0.00073181601256794,"Fibroblasts"
"Leukocytes","Fibroblasts","Sirpa","Cd47","age30m-age3m",1,-0.00073181601256794,"Fibroblasts"
"Leukocytes","Fibroblasts","Sirpa","Ptprd","age30m-age3m",1,-0.00073181601256794,"Fibroblasts"
"Leukocytes","Fibroblasts","Sirpa","Lrpap1","age30m-age3m",1,-0.00073181601256794,"Fibroblasts"
"Fibroblasts","Leukocytes","Sirpa","Cd47","age30m-age3m",1,-0.00073181601256794,"Fibroblasts"
"Fibroblasts","Leukocytes","Sirpa","Lrpap1","age30m-age3m",1,-0.00073181601256794,"Fibroblasts"
"Fibroblasts","EndothelialCells","Sirpa","Cd47","age30m-age3m",1,-0.00073181601256794,"Fibroblasts"
"Fibroblasts","Fibroblasts","Sirpa","Cd47","age30m-age3m",1,-0.00073181601256794,"Fibroblasts"
"Fibroblasts","Fibroblasts","Sirpa","Ptprd","age30m-age3m",1,-0.00073181601256794,"Fibroblasts"
"Fibroblasts","Fibroblasts","Sirpa","Lrpap1","age30m-age3m",1,-0.00073181601256794,"Fibroblasts"
"Leukocytes","Myocytes","Sirpa","Cd47","age30m-age3m",1,-0.00073181601256794,"Fibroblasts"
"Leukocytes","Myocytes","Sirpa","Ptprd","age30m-age3m",1,-0.00073181601256794,"Fibroblasts"
"Fibroblasts","Myocytes","Sirpa","Cd47","age30m-age3m",1,-0.00073181601256794,"Fibroblasts"
"Fibroblasts","Myocytes","Sirpa","Ptprd","age30m-age3m",1,-0.00073181601256794,"Fibroblasts"
"Leukocytes","Myocytes","Sirpa","Lrpap1","age30m-age3m",1,-0.00073181601256794,"Fibroblasts"
"Fibroblasts","Myocytes","Sirpa","Lrpap1","age30m-age3m",1,-0.00073181601256794,"Fibroblasts"
"Leukocytes","Leukocytes","H2-DMa","Cd74","age30m-age3m",1,-0.000740326632116152,"Leukocytes"
"Leukocytes","EndothelialCells","H2-DMa","Cd74","age30m-age3m",1,-0.000740326632116152,"Leukocytes"
"Leukocytes","Fibroblasts","H2-DMa","Cd74","age30m-age3m",1,-0.000740326632116152,"Leukocytes"
"Leukocytes","Myocytes","H2-DMa","Cd74","age30m-age3m",1,-0.000740326632116152,"Leukocytes"
"EndothelialCells","EndothelialCells","Icam1","Cdh5","age30m-age3m",1,-0.000745149673079235,"Fibroblasts"
"Leukocytes","EndothelialCells","Icam1","Cdh5","age30m-age3m",1,-0.000745149673079235,"Fibroblasts"
"Fibroblasts","EndothelialCells","Icam1","Cdh5","age30m-age3m",1,-0.000745149673079235,"Fibroblasts"
"EndothelialCells","Leukocytes","Icam1","Msn","age30m-age3m",1,-0.000745149673079235,"Fibroblasts"
"EndothelialCells","Leukocytes","Icam1","Cdh5","age30m-age3m",1,-0.000745149673079235,"Fibroblasts"
"EndothelialCells","Leukocytes","Icam1","Spn","age30m-age3m",1,-0.000745149673079235,"Fibroblasts"
"EndothelialCells","EndothelialCells","Icam1","Msn","age30m-age3m",1,-0.000745149673079235,"Fibroblasts"
"EndothelialCells","Leukocytes","Icam1","Itgam","age30m-age3m",1,-0.000745149673079235,"Fibroblasts"
"EndothelialCells","Fibroblasts","Icam1","Egfr","age30m-age3m",1,-0.000745149673079235,"Fibroblasts"
"EndothelialCells","EndothelialCells","Icam1","Il2rg","age30m-age3m",1,-0.000745149673079235,"Fibroblasts"
"EndothelialCells","Fibroblasts","Icam1","Cdh5","age30m-age3m",1,-0.000745149673079235,"Fibroblasts"
"Leukocytes","Leukocytes","Icam1","Msn","age30m-age3m",1,-0.000745149673079235,"Fibroblasts"
"EndothelialCells","Leukocytes","Icam1","Il2rg","age30m-age3m",1,-0.000745149673079235,"Fibroblasts"
"EndothelialCells","Leukocytes","Icam1","Itgb2","age30m-age3m",1,-0.000745149673079235,"Fibroblasts"
"Leukocytes","Leukocytes","Icam1","Cdh5","age30m-age3m",1,-0.000745149673079235,"Fibroblasts"
"Fibroblasts","Leukocytes","Icam1","Msn","age30m-age3m",1,-0.000745149673079235,"Fibroblasts"
"Leukocytes","Leukocytes","Icam1","Spn","age30m-age3m",1,-0.000745149673079235,"Fibroblasts"
"Fibroblasts","Leukocytes","Icam1","Cdh5","age30m-age3m",1,-0.000745149673079235,"Fibroblasts"
"Leukocytes","EndothelialCells","Icam1","Msn","age30m-age3m",1,-0.000745149673079235,"Fibroblasts"
"EndothelialCells","Leukocytes","Icam1","Ezr","age30m-age3m",1,-0.000745149673079235,"Fibroblasts"
"Fibroblasts","Leukocytes","Icam1","Spn","age30m-age3m",1,-0.000745149673079235,"Fibroblasts"
"EndothelialCells","Leukocytes","Icam1","Itgal","age30m-age3m",1,-0.000745149673079235,"Fibroblasts"
"EndothelialCells","Fibroblasts","Icam1","Ezr","age30m-age3m",1,-0.000745149673079235,"Fibroblasts"
"Fibroblasts","EndothelialCells","Icam1","Msn","age30m-age3m",1,-0.000745149673079235,"Fibroblasts"
"EndothelialCells","EndothelialCells","Icam1","Ezr","age30m-age3m",1,-0.000745149673079235,"Fibroblasts"
"EndothelialCells","Myocytes","Icam1","Itgax","age30m-age3m",1,-0.000745149673079235,"Fibroblasts"
"Leukocytes","Leukocytes","Icam1","Itgam","age30m-age3m",1,-0.000745149673079235,"Fibroblasts"
"Fibroblasts","Leukocytes","Icam1","Itgam","age30m-age3m",1,-0.000745149673079235,"Fibroblasts"
"Leukocytes","Fibroblasts","Icam1","Egfr","age30m-age3m",1,-0.000745149673079235,"Fibroblasts"
"Fibroblasts","Fibroblasts","Icam1","Egfr","age30m-age3m",1,-0.000745149673079235,"Fibroblasts"
"Leukocytes","EndothelialCells","Icam1","Il2rg","age30m-age3m",1,-0.000745149673079235,"Fibroblasts"
"Leukocytes","Fibroblasts","Icam1","Cdh5","age30m-age3m",1,-0.000745149673079235,"Fibroblasts"
"Fibroblasts","EndothelialCells","Icam1","Il2rg","age30m-age3m",1,-0.000745149673079235,"Fibroblasts"
"Leukocytes","Leukocytes","Icam1","Il2rg","age30m-age3m",1,-0.000745149673079235,"Fibroblasts"
"Fibroblasts","Fibroblasts","Icam1","Cdh5","age30m-age3m",1,-0.000745149673079235,"Fibroblasts"
"Leukocytes","Leukocytes","Icam1","Itgb2","age30m-age3m",1,-0.000745149673079235,"Fibroblasts"
"Fibroblasts","Leukocytes","Icam1","Il2rg","age30m-age3m",1,-0.000745149673079235,"Fibroblasts"
"Fibroblasts","Leukocytes","Icam1","Itgb2","age30m-age3m",1,-0.000745149673079235,"Fibroblasts"
"EndothelialCells","Fibroblasts","Icam1","Msn","age30m-age3m",1,-0.000745149673079235,"Fibroblasts"
"Leukocytes","Leukocytes","Icam1","Ezr","age30m-age3m",1,-0.000745149673079235,"Fibroblasts"
"Leukocytes","Leukocytes","Icam1","Itgal","age30m-age3m",1,-0.000745149673079235,"Fibroblasts"
"Leukocytes","Fibroblasts","Icam1","Ezr","age30m-age3m",1,-0.000745149673079235,"Fibroblasts"
"Leukocytes","EndothelialCells","Icam1","Ezr","age30m-age3m",1,-0.000745149673079235,"Fibroblasts"
"Fibroblasts","Leukocytes","Icam1","Ezr","age30m-age3m",1,-0.000745149673079235,"Fibroblasts"
"Fibroblasts","Leukocytes","Icam1","Itgal","age30m-age3m",1,-0.000745149673079235,"Fibroblasts"
"Leukocytes","Myocytes","Icam1","Itgax","age30m-age3m",1,-0.000745149673079235,"Fibroblasts"
"Fibroblasts","Fibroblasts","Icam1","Ezr","age30m-age3m",1,-0.000745149673079235,"Fibroblasts"
"Fibroblasts","EndothelialCells","Icam1","Ezr","age30m-age3m",1,-0.000745149673079235,"Fibroblasts"
"Fibroblasts","Myocytes","Icam1","Itgax","age30m-age3m",1,-0.000745149673079235,"Fibroblasts"
"EndothelialCells","Myocytes","Icam1","Msn","age30m-age3m",1,-0.000745149673079235,"Fibroblasts"
"Leukocytes","Fibroblasts","Icam1","Msn","age30m-age3m",1,-0.000745149673079235,"Fibroblasts"
"EndothelialCells","Leukocytes","Icam1","Itgax","age30m-age3m",1,-0.000745149673079235,"Fibroblasts"
"Fibroblasts","Fibroblasts","Icam1","Msn","age30m-age3m",1,-0.000745149673079235,"Fibroblasts"
"Leukocytes","Myocytes","Icam1","Msn","age30m-age3m",1,-0.000745149673079235,"Fibroblasts"
"Fibroblasts","Myocytes","Icam1","Msn","age30m-age3m",1,-0.000745149673079235,"Fibroblasts"
"Leukocytes","Leukocytes","Icam1","Itgax","age30m-age3m",1,-0.000745149673079235,"Fibroblasts"
"EndothelialCells","EndothelialCells","Icam1","Itgb2","age30m-age3m",1,-0.000745149673079235,"Fibroblasts"
"Fibroblasts","Leukocytes","Icam1","Itgax","age30m-age3m",1,-0.000745149673079235,"Fibroblasts"
"EndothelialCells","Myocytes","Icam1","Ezr","age30m-age3m",1,-0.000745149673079235,"Fibroblasts"
"EndothelialCells","Leukocytes","Icam1","Egfr","age30m-age3m",1,-0.000745149673079235,"Fibroblasts"
"Leukocytes","EndothelialCells","Icam1","Itgb2","age30m-age3m",1,-0.000745149673079235,"Fibroblasts"
"Fibroblasts","EndothelialCells","Icam1","Itgb2","age30m-age3m",1,-0.000745149673079235,"Fibroblasts"
"Leukocytes","Myocytes","Icam1","Ezr","age30m-age3m",1,-0.000745149673079235,"Fibroblasts"
"Fibroblasts","Myocytes","Icam1","Ezr","age30m-age3m",1,-0.000745149673079235,"Fibroblasts"
"Leukocytes","Leukocytes","Icam1","Egfr","age30m-age3m",1,-0.000745149673079235,"Fibroblasts"
"Fibroblasts","Leukocytes","Icam1","Egfr","age30m-age3m",1,-0.000745149673079235,"Fibroblasts"
"Fibroblasts","EndothelialCells","Fbln1","Itgb1","age30m-age3m",1,-0.000748126654804624,"Fibroblasts"
"Fibroblasts","Fibroblasts","Fbln1","Itgb1","age30m-age3m",1,-0.000748126654804624,"Fibroblasts"
"Fibroblasts","Leukocytes","Fbln1","Itgb1","age30m-age3m",1,-0.000748126654804624,"Fibroblasts"
"Leukocytes","EndothelialCells","Fbln1","Itgb1","age30m-age3m",1,-0.000748126654804624,"Fibroblasts"
"Leukocytes","Fibroblasts","Fbln1","Itgb1","age30m-age3m",1,-0.000748126654804624,"Fibroblasts"
"Leukocytes","Leukocytes","Fbln1","Itgb1","age30m-age3m",1,-0.000748126654804624,"Fibroblasts"
"Fibroblasts","Myocytes","Fbln1","Itgb1","age30m-age3m",1,-0.000748126654804624,"Fibroblasts"
"EndothelialCells","EndothelialCells","Fbln1","Itgb1","age30m-age3m",1,-0.000748126654804624,"Fibroblasts"
"EndothelialCells","Fibroblasts","Fbln1","Itgb1","age30m-age3m",1,-0.000748126654804624,"Fibroblasts"
"EndothelialCells","Leukocytes","Fbln1","Itgb1","age30m-age3m",1,-0.000748126654804624,"Fibroblasts"
"Leukocytes","Myocytes","Fbln1","Itgb1","age30m-age3m",1,-0.000748126654804624,"Fibroblasts"
"Myocytes","EndothelialCells","Fbln1","Itgb1","age30m-age3m",1,-0.000748126654804624,"Fibroblasts"
"Myocytes","Fibroblasts","Fbln1","Itgb1","age30m-age3m",1,-0.000748126654804624,"Fibroblasts"
"Myocytes","Leukocytes","Fbln1","Itgb1","age30m-age3m",1,-0.000748126654804624,"Fibroblasts"
"EndothelialCells","Myocytes","Fbln1","Itgb1","age30m-age3m",1,-0.000748126654804624,"Fibroblasts"
"Myocytes","Myocytes","Fbln1","Itgb1","age30m-age3m",1,-0.000748126654804624,"Fibroblasts"
"EndothelialCells","Fibroblasts","Pdgfd","Pdgfrb","age30m-age3m",1,-0.000750575969955242,"EndothelialCells"
"EndothelialCells","Fibroblasts","Pdgfd","Pdgfra","age30m-age3m",1,-0.000750575969955242,"EndothelialCells"
"EndothelialCells","EndothelialCells","Pdgfd","Pdgfra","age30m-age3m",1,-0.000750575969955242,"EndothelialCells"
"Fibroblasts","Fibroblasts","Col1a1","Itga5","age30m-age3m",1,-0.000755592307145603,"Fibroblasts"
"Fibroblasts","Leukocytes","Col1a1","Sdc1","age30m-age3m",1,-0.000755592307145603,"Fibroblasts"
"Fibroblasts","Fibroblasts","Col1a1","Itgav","age30m-age3m",1,-0.000755592307145603,"Fibroblasts"
"Fibroblasts","Fibroblasts","Col1a1","Ddr2","age30m-age3m",1,-0.000755592307145603,"Fibroblasts"
"Fibroblasts","Leukocytes","Col1a1","Itga9","age30m-age3m",1,-0.000755592307145603,"Fibroblasts"
"Fibroblasts","Leukocytes","Col1a1","Itga5","age30m-age3m",1,-0.000755592307145603,"Fibroblasts"
"Fibroblasts","EndothelialCells","Col1a1","Cd36","age30m-age3m",1,-0.000755592307145603,"Fibroblasts"
"Fibroblasts","Leukocytes","Col1a1","Itgav","age30m-age3m",1,-0.000755592307145603,"Fibroblasts"
"Fibroblasts","Fibroblasts","Col1a1","Itga9","age30m-age3m",1,-0.000755592307145603,"Fibroblasts"
"Fibroblasts","Leukocytes","Col1a1","Cd93","age30m-age3m",1,-0.000755592307145603,"Fibroblasts"
"Fibroblasts","EndothelialCells","Col1a1","Cd93","age30m-age3m",1,-0.000755592307145603,"Fibroblasts"
"Fibroblasts","Fibroblasts","Col1a1","Ddr1","age30m-age3m",1,-0.000755592307145603,"Fibroblasts"
"Fibroblasts","Leukocytes","Col1a1","Cd36","age30m-age3m",1,-0.000755592307145603,"Fibroblasts"
"Fibroblasts","Fibroblasts","Col1a1","Itga11","age30m-age3m",1,-0.000755592307145603,"Fibroblasts"
"Fibroblasts","Leukocytes","Col1a1","Cd44","age30m-age3m",1,-0.000755592307145603,"Fibroblasts"
"Fibroblasts","EndothelialCells","Col1a1","Itga1","age30m-age3m",1,-0.000755592307145603,"Fibroblasts"
"Fibroblasts","Fibroblasts","Col1a1","Itga1","age30m-age3m",1,-0.000755592307145603,"Fibroblasts"
"Fibroblasts","Fibroblasts","Col1a1","Sdc1","age30m-age3m",1,-0.000755592307145603,"Fibroblasts"
"Fibroblasts","EndothelialCells","Col1a1","Itgb1","age30m-age3m",1,-0.000755592307145603,"Fibroblasts"
"Fibroblasts","Fibroblasts","Col1a1","Cd44","age30m-age3m",1,-0.000755592307145603,"Fibroblasts"
"Fibroblasts","EndothelialCells","Col1a1","Itga5","age30m-age3m",1,-0.000755592307145603,"Fibroblasts"
"Fibroblasts","EndothelialCells","Col1a1","Itgav","age30m-age3m",1,-0.000755592307145603,"Fibroblasts"
"Fibroblasts","Leukocytes","Col1a1","Itgb1","age30m-age3m",1,-0.000755592307145603,"Fibroblasts"
"Fibroblasts","Fibroblasts","Col1a1","Cd36","age30m-age3m",1,-0.000755592307145603,"Fibroblasts"
"Fibroblasts","Fibroblasts","Col1a1","Itgb8","age30m-age3m",1,-0.000755592307145603,"Fibroblasts"
"Fibroblasts","Fibroblasts","Col1a1","Cd93","age30m-age3m",1,-0.000755592307145603,"Fibroblasts"
"Fibroblasts","Myocytes","Col1a1","Cd93","age30m-age3m",1,-0.000755592307145603,"Fibroblasts"
"Fibroblasts","Fibroblasts","Col1a1","Tmprss6","age30m-age3m",1,-0.000755592307145603,"Fibroblasts"
"Fibroblasts","EndothelialCells","Col1a1","Itga9","age30m-age3m",1,-0.000755592307145603,"Fibroblasts"
"Fibroblasts","Myocytes","Col1a1","Cd36","age30m-age3m",1,-0.000755592307145603,"Fibroblasts"
"Fibroblasts","Fibroblasts","Col1a1","Itgb1","age30m-age3m",1,-0.000755592307145603,"Fibroblasts"
"Fibroblasts","Myocytes","Col1a1","Cd44","age30m-age3m",1,-0.000755592307145603,"Fibroblasts"
"Fibroblasts","Myocytes","Col1a1","Itgb1","age30m-age3m",1,-0.000755592307145603,"Fibroblasts"
"Fibroblasts","Myocytes","Col1a1","Itga5","age30m-age3m",1,-0.000755592307145603,"Fibroblasts"
"Fibroblasts","Myocytes","Col1a1","Ddr1","age30m-age3m",1,-0.000755592307145603,"Fibroblasts"
"Fibroblasts","EndothelialCells","Col1a1","Cd44","age30m-age3m",1,-0.000755592307145603,"Fibroblasts"
"Fibroblasts","Leukocytes","Vegfa","Nrp2","age30m-age3m",1,-0.000763025146791894,"Fibroblasts"
"EndothelialCells","Leukocytes","Vegfa","Nrp2","age30m-age3m",1,-0.000763025146791894,"Fibroblasts"
"Fibroblasts","Leukocytes","Vegfa","Kdr","age30m-age3m",1,-0.000763025146791894,"Fibroblasts"
"EndothelialCells","Leukocytes","Vegfa","Kdr","age30m-age3m",1,-0.000763025146791894,"Fibroblasts"
"Fibroblasts","Leukocytes","Vegfa","Nrp1","age30m-age3m",1,-0.000763025146791894,"Fibroblasts"
"EndothelialCells","Leukocytes","Vegfa","Nrp1","age30m-age3m",1,-0.000763025146791894,"Fibroblasts"
"Fibroblasts","EndothelialCells","Vegfa","Kdr","age30m-age3m",1,-0.000763025146791894,"Fibroblasts"
"EndothelialCells","EndothelialCells","Vegfa","Kdr","age30m-age3m",1,-0.000763025146791894,"Fibroblasts"
"Fibroblasts","EndothelialCells","Vegfa","Nrp1","age30m-age3m",1,-0.000763025146791894,"Fibroblasts"
"EndothelialCells","EndothelialCells","Vegfa","Nrp1","age30m-age3m",1,-0.000763025146791894,"Fibroblasts"
"Fibroblasts","EndothelialCells","Vegfa","Flt1","age30m-age3m",1,-0.000763025146791894,"Fibroblasts"
"EndothelialCells","EndothelialCells","Vegfa","Flt1","age30m-age3m",1,-0.000763025146791894,"Fibroblasts"
"Fibroblasts","Fibroblasts","Vegfa","Kdr","age30m-age3m",1,-0.000763025146791894,"Fibroblasts"
"EndothelialCells","Fibroblasts","Vegfa","Kdr","age30m-age3m",1,-0.000763025146791894,"Fibroblasts"
"Fibroblasts","Fibroblasts","Vegfa","Flt1","age30m-age3m",1,-0.000763025146791894,"Fibroblasts"
"EndothelialCells","Fibroblasts","Vegfa","Flt1","age30m-age3m",1,-0.000763025146791894,"Fibroblasts"
"Fibroblasts","EndothelialCells","Vegfa","Nrp2","age30m-age3m",1,-0.000763025146791894,"Fibroblasts"
"EndothelialCells","EndothelialCells","Vegfa","Nrp2","age30m-age3m",1,-0.000763025146791894,"Fibroblasts"
"Fibroblasts","Fibroblasts","Vegfa","Nrp1","age30m-age3m",1,-0.000763025146791894,"Fibroblasts"
"EndothelialCells","Fibroblasts","Vegfa","Nrp1","age30m-age3m",1,-0.000763025146791894,"Fibroblasts"
"Fibroblasts","Myocytes","Vegfa","Gpc1","age30m-age3m",1,-0.000763025146791894,"Fibroblasts"
"EndothelialCells","Myocytes","Vegfa","Gpc1","age30m-age3m",1,-0.000763025146791894,"Fibroblasts"
"Fibroblasts","Fibroblasts","Vegfa","Nrp2","age30m-age3m",1,-0.000763025146791894,"Fibroblasts"
"EndothelialCells","Fibroblasts","Vegfa","Nrp2","age30m-age3m",1,-0.000763025146791894,"Fibroblasts"
"Myocytes","Leukocytes","Vegfa","Nrp2","age30m-age3m",1,-0.000763025146791894,"Fibroblasts"
"Myocytes","Leukocytes","Vegfa","Kdr","age30m-age3m",1,-0.000763025146791894,"Fibroblasts"
"Myocytes","Leukocytes","Vegfa","Nrp1","age30m-age3m",1,-0.000763025146791894,"Fibroblasts"
"Fibroblasts","Myocytes","Vegfa","Flt1","age30m-age3m",1,-0.000763025146791894,"Fibroblasts"
"EndothelialCells","Myocytes","Vegfa","Flt1","age30m-age3m",1,-0.000763025146791894,"Fibroblasts"
"Myocytes","EndothelialCells","Vegfa","Kdr","age30m-age3m",1,-0.000763025146791894,"Fibroblasts"
"Fibroblasts","Myocytes","Vegfa","Nrp2","age30m-age3m",1,-0.000763025146791894,"Fibroblasts"
"EndothelialCells","Myocytes","Vegfa","Nrp2","age30m-age3m",1,-0.000763025146791894,"Fibroblasts"
"Myocytes","EndothelialCells","Vegfa","Nrp1","age30m-age3m",1,-0.000763025146791894,"Fibroblasts"
"Myocytes","EndothelialCells","Vegfa","Flt1","age30m-age3m",1,-0.000763025146791894,"Fibroblasts"
"Myocytes","Fibroblasts","Vegfa","Kdr","age30m-age3m",1,-0.000763025146791894,"Fibroblasts"
"Myocytes","Fibroblasts","Vegfa","Flt1","age30m-age3m",1,-0.000763025146791894,"Fibroblasts"
"Fibroblasts","Myocytes","Vegfa","Nrp1","age30m-age3m",1,-0.000763025146791894,"Fibroblasts"
"EndothelialCells","Myocytes","Vegfa","Nrp1","age30m-age3m",1,-0.000763025146791894,"Fibroblasts"
"Myocytes","EndothelialCells","Vegfa","Nrp2","age30m-age3m",1,-0.000763025146791894,"Fibroblasts"
"Myocytes","Fibroblasts","Vegfa","Nrp1","age30m-age3m",1,-0.000763025146791894,"Fibroblasts"
"Myocytes","Myocytes","Vegfa","Gpc1","age30m-age3m",1,-0.000763025146791894,"Fibroblasts"
"Myocytes","Fibroblasts","Vegfa","Nrp2","age30m-age3m",1,-0.000763025146791894,"Fibroblasts"
"Myocytes","Myocytes","Vegfa","Flt1","age30m-age3m",1,-0.000763025146791894,"Fibroblasts"
"Myocytes","Myocytes","Vegfa","Nrp1","age30m-age3m",1,-0.000763025146791894,"Fibroblasts"
"Fibroblasts","EndothelialCells","Clec11a","Itgb1","age30m-age3m",1,-0.000764833158832324,"Fibroblasts"
"Fibroblasts","Fibroblasts","Clec11a","Itga11","age30m-age3m",1,-0.000764833158832324,"Fibroblasts"
"Fibroblasts","Leukocytes","Clec11a","Itgb1","age30m-age3m",1,-0.000764833158832324,"Fibroblasts"
"Fibroblasts","Fibroblasts","Clec11a","Itgb1","age30m-age3m",1,-0.000764833158832324,"Fibroblasts"
"Fibroblasts","Myocytes","Clec11a","Itgb1","age30m-age3m",1,-0.000764833158832324,"Fibroblasts"
"Fibroblasts","Leukocytes","Angptl2","Gm14548","age30m-age3m",1,-0.000769443626484801,"Fibroblasts"
"Fibroblasts","Fibroblasts","Angptl2","Itga5","age30m-age3m",1,-0.000769443626484801,"Fibroblasts"
"Fibroblasts","Leukocytes","Angptl2","Lilra5","age30m-age3m",1,-0.000769443626484801,"Fibroblasts"
"Fibroblasts","Fibroblasts","Angptl2","Tlr4","age30m-age3m",1,-0.000769443626484801,"Fibroblasts"
"Fibroblasts","Leukocytes","Angptl2","Tlr4","age30m-age3m",1,-0.000769443626484801,"Fibroblasts"
"Fibroblasts","EndothelialCells","Angptl2","Tlr4","age30m-age3m",1,-0.000769443626484801,"Fibroblasts"
"Fibroblasts","Leukocytes","Angptl2","Itga5","age30m-age3m",1,-0.000769443626484801,"Fibroblasts"
"Fibroblasts","EndothelialCells","Angptl2","Tie1","age30m-age3m",1,-0.000769443626484801,"Fibroblasts"
"Fibroblasts","Leukocytes","Angptl2","Tie1","age30m-age3m",1,-0.000769443626484801,"Fibroblasts"
"Fibroblasts","Leukocytes","Angptl2","Lilra6","age30m-age3m",1,-0.000769443626484801,"Fibroblasts"
"Fibroblasts","EndothelialCells","Angptl2","Itgb1","age30m-age3m",1,-0.000769443626484801,"Fibroblasts"
"Fibroblasts","EndothelialCells","Angptl2","Itga5","age30m-age3m",1,-0.000769443626484801,"Fibroblasts"
"Fibroblasts","Myocytes","Angptl2","Tie1","age30m-age3m",1,-0.000769443626484801,"Fibroblasts"
"Fibroblasts","Leukocytes","Angptl2","Itgb1","age30m-age3m",1,-0.000769443626484801,"Fibroblasts"
"Fibroblasts","Fibroblasts","Angptl2","Tie1","age30m-age3m",1,-0.000769443626484801,"Fibroblasts"
"Fibroblasts","Fibroblasts","Angptl2","Itgb1","age30m-age3m",1,-0.000769443626484801,"Fibroblasts"
"Fibroblasts","Myocytes","Angptl2","Itgb1","age30m-age3m",1,-0.000769443626484801,"Fibroblasts"
"Myocytes","Leukocytes","Angptl2","Gm14548","age30m-age3m",1,-0.000769443626484801,"Fibroblasts"
"Myocytes","Fibroblasts","Angptl2","Itga5","age30m-age3m",1,-0.000769443626484801,"Fibroblasts"
"Fibroblasts","Myocytes","Angptl2","Itga5","age30m-age3m",1,-0.000769443626484801,"Fibroblasts"
"Myocytes","Leukocytes","Angptl2","Lilra5","age30m-age3m",1,-0.000769443626484801,"Fibroblasts"
"Myocytes","Fibroblasts","Angptl2","Tlr4","age30m-age3m",1,-0.000769443626484801,"Fibroblasts"
"Myocytes","Leukocytes","Angptl2","Tlr4","age30m-age3m",1,-0.000769443626484801,"Fibroblasts"
"Myocytes","EndothelialCells","Angptl2","Tlr4","age30m-age3m",1,-0.000769443626484801,"Fibroblasts"
"Myocytes","Leukocytes","Angptl2","Itga5","age30m-age3m",1,-0.000769443626484801,"Fibroblasts"
"Myocytes","EndothelialCells","Angptl2","Tie1","age30m-age3m",1,-0.000769443626484801,"Fibroblasts"
"Myocytes","Leukocytes","Angptl2","Tie1","age30m-age3m",1,-0.000769443626484801,"Fibroblasts"
"Myocytes","Leukocytes","Angptl2","Lilra6","age30m-age3m",1,-0.000769443626484801,"Fibroblasts"
"Myocytes","EndothelialCells","Angptl2","Itgb1","age30m-age3m",1,-0.000769443626484801,"Fibroblasts"
"Myocytes","EndothelialCells","Angptl2","Itga5","age30m-age3m",1,-0.000769443626484801,"Fibroblasts"
"Myocytes","Leukocytes","Angptl2","Itgb1","age30m-age3m",1,-0.000769443626484801,"Fibroblasts"
"Myocytes","Fibroblasts","Angptl2","Tie1","age30m-age3m",1,-0.000769443626484801,"Fibroblasts"
"Myocytes","Fibroblasts","Angptl2","Itgb1","age30m-age3m",1,-0.000769443626484801,"Fibroblasts"
"Myocytes","Myocytes","Angptl2","Itga5","age30m-age3m",1,-0.000769443626484801,"Fibroblasts"
"Myocytes","Myocytes","Angptl2","Itgb1","age30m-age3m",1,-0.000769443626484801,"Fibroblasts"
"Leukocytes","EndothelialCells","S100a8","Cd36","age30m-age3m",1,-0.000769832295766254,"Fibroblasts"
"Leukocytes","Fibroblasts","S100a8","Tlr4","age30m-age3m",1,-0.000769832295766254,"Fibroblasts"
"Leukocytes","EndothelialCells","S100a8","Tlr4","age30m-age3m",1,-0.000769832295766254,"Fibroblasts"
"Leukocytes","Leukocytes","S100a8","Tlr4","age30m-age3m",1,-0.000769832295766254,"Fibroblasts"
"Leukocytes","Leukocytes","S100a8","Cd68","age30m-age3m",1,-0.000769832295766254,"Fibroblasts"
"Myocytes","EndothelialCells","S100a8","Cd36","age30m-age3m",1,-0.000769832295766254,"Fibroblasts"
"EndothelialCells","EndothelialCells","S100a8","Cd36","age30m-age3m",1,-0.000769832295766254,"Fibroblasts"
"Myocytes","Fibroblasts","S100a8","Tlr4","age30m-age3m",1,-0.000769832295766254,"Fibroblasts"
"Myocytes","EndothelialCells","S100a8","Tlr4","age30m-age3m",1,-0.000769832295766254,"Fibroblasts"
"Leukocytes","Leukocytes","S100a8","Itgb2","age30m-age3m",1,-0.000769832295766254,"Fibroblasts"
"Leukocytes","Leukocytes","S100a8","Cd36","age30m-age3m",1,-0.000769832295766254,"Fibroblasts"
"Myocytes","Leukocytes","S100a8","Tlr4","age30m-age3m",1,-0.000769832295766254,"Fibroblasts"
"EndothelialCells","Fibroblasts","S100a8","Tlr4","age30m-age3m",1,-0.000769832295766254,"Fibroblasts"
"Myocytes","Leukocytes","S100a8","Cd68","age30m-age3m",1,-0.000769832295766254,"Fibroblasts"
"EndothelialCells","EndothelialCells","S100a8","Tlr4","age30m-age3m",1,-0.000769832295766254,"Fibroblasts"
"EndothelialCells","Leukocytes","S100a8","Tlr4","age30m-age3m",1,-0.000769832295766254,"Fibroblasts"
"EndothelialCells","Leukocytes","S100a8","Cd68","age30m-age3m",1,-0.000769832295766254,"Fibroblasts"
"Leukocytes","Fibroblasts","S100a8","Cd36","age30m-age3m",1,-0.000769832295766254,"Fibroblasts"
"Fibroblasts","EndothelialCells","S100a8","Cd36","age30m-age3m",1,-0.000769832295766254,"Fibroblasts"
"Myocytes","Leukocytes","S100a8","Itgb2","age30m-age3m",1,-0.000769832295766254,"Fibroblasts"
"Leukocytes","Myocytes","S100a8","Cd36","age30m-age3m",1,-0.000769832295766254,"Fibroblasts"
"Myocytes","Leukocytes","S100a8","Cd36","age30m-age3m",1,-0.000769832295766254,"Fibroblasts"
"Fibroblasts","Fibroblasts","S100a8","Tlr4","age30m-age3m",1,-0.000769832295766254,"Fibroblasts"
"Fibroblasts","EndothelialCells","S100a8","Tlr4","age30m-age3m",1,-0.000769832295766254,"Fibroblasts"
"EndothelialCells","Leukocytes","S100a8","Itgb2","age30m-age3m",1,-0.000769832295766254,"Fibroblasts"
"Fibroblasts","Leukocytes","S100a8","Tlr4","age30m-age3m",1,-0.000769832295766254,"Fibroblasts"
"EndothelialCells","Leukocytes","S100a8","Cd36","age30m-age3m",1,-0.000769832295766254,"Fibroblasts"
"Fibroblasts","Leukocytes","S100a8","Cd68","age30m-age3m",1,-0.000769832295766254,"Fibroblasts"
"Myocytes","Fibroblasts","S100a8","Cd36","age30m-age3m",1,-0.000769832295766254,"Fibroblasts"
"Myocytes","Myocytes","S100a8","Cd36","age30m-age3m",1,-0.000769832295766254,"Fibroblasts"
"EndothelialCells","Fibroblasts","S100a8","Cd36","age30m-age3m",1,-0.000769832295766254,"Fibroblasts"
"Leukocytes","EndothelialCells","S100a8","Itgb2","age30m-age3m",1,-0.000769832295766254,"Fibroblasts"
"Fibroblasts","Leukocytes","S100a8","Itgb2","age30m-age3m",1,-0.000769832295766254,"Fibroblasts"
"EndothelialCells","Myocytes","S100a8","Cd36","age30m-age3m",1,-0.000769832295766254,"Fibroblasts"
"Fibroblasts","Leukocytes","S100a8","Cd36","age30m-age3m",1,-0.000769832295766254,"Fibroblasts"
"Leukocytes","Fibroblasts","S100a8","Cd68","age30m-age3m",1,-0.000769832295766254,"Fibroblasts"
"Fibroblasts","Fibroblasts","S100a8","Cd36","age30m-age3m",1,-0.000769832295766254,"Fibroblasts"
"Myocytes","EndothelialCells","S100a8","Itgb2","age30m-age3m",1,-0.000769832295766254,"Fibroblasts"
"Fibroblasts","Myocytes","S100a8","Cd36","age30m-age3m",1,-0.000769832295766254,"Fibroblasts"
"EndothelialCells","EndothelialCells","S100a8","Itgb2","age30m-age3m",1,-0.000769832295766254,"Fibroblasts"
"Myocytes","Fibroblasts","S100a8","Cd68","age30m-age3m",1,-0.000769832295766254,"Fibroblasts"
"EndothelialCells","Fibroblasts","S100a8","Cd68","age30m-age3m",1,-0.000769832295766254,"Fibroblasts"
"Fibroblasts","EndothelialCells","S100a8","Itgb2","age30m-age3m",1,-0.000769832295766254,"Fibroblasts"
"Fibroblasts","Fibroblasts","S100a8","Cd68","age30m-age3m",1,-0.000769832295766254,"Fibroblasts"
"Leukocytes","EndothelialCells","Sema4a","Plxna4","age30m-age3m",1,-0.000778491125463424,"Leukocytes"
"Leukocytes","Leukocytes","Sema4a","Plxna4","age30m-age3m",1,-0.000778491125463424,"Leukocytes"
"Leukocytes","Fibroblasts","Sema4a","Plxna1","age30m-age3m",1,-0.000778491125463424,"Leukocytes"
"Leukocytes","EndothelialCells","Sema4a","Nrp1","age30m-age3m",1,-0.000778491125463424,"Leukocytes"
"Leukocytes","EndothelialCells","Sema4a","Plxnd1","age30m-age3m",1,-0.000778491125463424,"Leukocytes"
"Leukocytes","EndothelialCells","Sema4a","Plxna2","age30m-age3m",1,-0.000778491125463424,"Leukocytes"
"Leukocytes","Leukocytes","Sema4a","Plxnb2","age30m-age3m",1,-0.000778491125463424,"Leukocytes"
"Leukocytes","Leukocytes","Sema4a","Plxnd1","age30m-age3m",1,-0.000778491125463424,"Leukocytes"
"Leukocytes","EndothelialCells","Sema4a","Plxna1","age30m-age3m",1,-0.000778491125463424,"Leukocytes"
"Leukocytes","Leukocytes","Sema4a","Plxna1","age30m-age3m",1,-0.000778491125463424,"Leukocytes"
"Leukocytes","Leukocytes","Sema4a","Nrp1","age30m-age3m",1,-0.000778491125463424,"Leukocytes"
"Leukocytes","Fibroblasts","Sema4a","Plxnd1","age30m-age3m",1,-0.000778491125463424,"Leukocytes"
"Leukocytes","Fibroblasts","Sema4a","Plxna2","age30m-age3m",1,-0.000778491125463424,"Leukocytes"
"Leukocytes","Fibroblasts","Sema4a","Plxnb2","age30m-age3m",1,-0.000778491125463424,"Leukocytes"
"Leukocytes","Fibroblasts","Sema4a","Nrp1","age30m-age3m",1,-0.000778491125463424,"Leukocytes"
"Leukocytes","Fibroblasts","Sema4a","Plxna3","age30m-age3m",1,-0.000778491125463424,"Leukocytes"
"Leukocytes","Myocytes","Sema4a","Nrp1","age30m-age3m",1,-0.000778491125463424,"Leukocytes"
"Leukocytes","EndothelialCells","Apoc2","Lpl","age30m-age3m",1,-0.00079478881601854,"Leukocytes"
"Leukocytes","Fibroblasts","Apoc2","Lrp1","age30m-age3m",1,-0.00079478881601854,"Leukocytes"
"Leukocytes","Fibroblasts","Apoc2","Ldlr","age30m-age3m",1,-0.00079478881601854,"Leukocytes"
"Leukocytes","Leukocytes","Apoc2","Ldlr","age30m-age3m",1,-0.00079478881601854,"Leukocytes"
"Leukocytes","Leukocytes","Apoc2","Lrp1","age30m-age3m",1,-0.00079478881601854,"Leukocytes"
"Leukocytes","Fibroblasts","Apoc2","Lpl","age30m-age3m",1,-0.00079478881601854,"Leukocytes"
"Leukocytes","Myocytes","Apoc2","Lpl","age30m-age3m",1,-0.00079478881601854,"Leukocytes"
"Leukocytes","Leukocytes","Apoc2","Lpl","age30m-age3m",1,-0.00079478881601854,"Leukocytes"
"Leukocytes","EndothelialCells","Apoc2","Lrp1","age30m-age3m",1,-0.00079478881601854,"Leukocytes"
"Leukocytes","Myocytes","Apoc2","Lrp1","age30m-age3m",1,-0.00079478881601854,"Leukocytes"
"Fibroblasts","Fibroblasts","Mmp16","Mmp2","age30m-age3m",1,-0.000797452384130941,"Fibroblasts"
"Fibroblasts","Fibroblasts","Mmp16","Ddr1","age30m-age3m",1,-0.000797452384130941,"Fibroblasts"
"Fibroblasts","EndothelialCells","Mmp16","Mmp2","age30m-age3m",1,-0.000797452384130941,"Fibroblasts"
"Fibroblasts","Leukocytes","Mmp16","Mmp2","age30m-age3m",1,-0.000797452384130941,"Fibroblasts"
"Fibroblasts","Myocytes","Mmp16","Mmp2","age30m-age3m",1,-0.000797452384130941,"Fibroblasts"
"Fibroblasts","Myocytes","Mmp16","Ddr1","age30m-age3m",1,-0.000797452384130941,"Fibroblasts"
"Fibroblasts","Fibroblasts","Neo1","Rgmb","age30m-age3m",1,-0.000803448810595954,"Fibroblasts"
"Fibroblasts","EndothelialCells","Neo1","Rgmb","age30m-age3m",1,-0.000803448810595954,"Fibroblasts"
"EndothelialCells","Fibroblasts","Neo1","Rgmb","age30m-age3m",1,-0.000803448810595954,"Fibroblasts"
"EndothelialCells","EndothelialCells","Neo1","Rgmb","age30m-age3m",1,-0.000803448810595954,"Fibroblasts"
"Fibroblasts","Myocytes","Neo1","Rgmb","age30m-age3m",1,-0.000803448810595954,"Fibroblasts"
"Fibroblasts","Leukocytes","Neo1","Rgmb","age30m-age3m",1,-0.000803448810595954,"Fibroblasts"
"EndothelialCells","Leukocytes","Neo1","Rgmb","age30m-age3m",1,-0.000803448810595954,"Fibroblasts"
"Leukocytes","EndothelialCells","Siglec1","Cd47","age30m-age3m",1,-0.000812803285709044,"Leukocytes"
"Leukocytes","Leukocytes","Siglec1","Cd47","age30m-age3m",1,-0.000812803285709044,"Leukocytes"
"Leukocytes","Leukocytes","Siglec1","Spn","age30m-age3m",1,-0.000812803285709044,"Leukocytes"
"Leukocytes","Fibroblasts","Siglec1","Cd47","age30m-age3m",1,-0.000812803285709044,"Leukocytes"
"Leukocytes","Leukocytes","Siglec1","Ptprc","age30m-age3m",1,-0.000812803285709044,"Leukocytes"
"Leukocytes","Myocytes","Siglec1","Cd47","age30m-age3m",1,-0.000812803285709044,"Leukocytes"
"Leukocytes","Fibroblasts","Siglec1","Ptprc","age30m-age3m",1,-0.000812803285709044,"Leukocytes"
"Leukocytes","Fibroblasts","Cd44","Has2","age30m-age3m",1,-0.000816304957020604,"Fibroblasts"
"Fibroblasts","Fibroblasts","Cd44","Has2","age30m-age3m",1,-0.000816304957020604,"Fibroblasts"
"Leukocytes","EndothelialCells","Cd44","Acvr2b","age30m-age3m",1,-0.000816304957020604,"Fibroblasts"
"Leukocytes","Fibroblasts","Cd44","Acvr2b","age30m-age3m",1,-0.000816304957020604,"Fibroblasts"
"Fibroblasts","EndothelialCells","Cd44","Acvr2b","age30m-age3m",1,-0.000816304957020604,"Fibroblasts"
"Fibroblasts","Fibroblasts","Cd44","Acvr2b","age30m-age3m",1,-0.000816304957020604,"Fibroblasts"
"Myocytes","Fibroblasts","Cd44","Has2","age30m-age3m",1,-0.000816304957020604,"Fibroblasts"
"Myocytes","EndothelialCells","Cd44","Acvr2b","age30m-age3m",1,-0.000816304957020604,"Fibroblasts"
"EndothelialCells","Fibroblasts","Cd44","Has2","age30m-age3m",1,-0.000816304957020604,"Fibroblasts"
"EndothelialCells","Fibroblasts","Cd44","Acvr2b","age30m-age3m",1,-0.000816304957020604,"Fibroblasts"
"Leukocytes","EndothelialCells","Sema6b","Plxna4","age30m-age3m",1,-0.000818280662612175,"EndothelialCells"
"Leukocytes","Leukocytes","Sema6b","Plxna4","age30m-age3m",1,-0.000818280662612175,"EndothelialCells"
"EndothelialCells","EndothelialCells","Sema6b","Plxna4","age30m-age3m",1,-0.000818280662612175,"EndothelialCells"
"Leukocytes","EndothelialCells","Sema6b","Plxna2","age30m-age3m",1,-0.000818280662612175,"EndothelialCells"
"EndothelialCells","Leukocytes","Sema6b","Plxna4","age30m-age3m",1,-0.000818280662612175,"EndothelialCells"
"EndothelialCells","EndothelialCells","Sema6b","Plxna2","age30m-age3m",1,-0.000818280662612175,"EndothelialCells"
"Leukocytes","Fibroblasts","Sema6b","Plxna2","age30m-age3m",1,-0.000818280662612175,"EndothelialCells"
"EndothelialCells","Fibroblasts","Sema6b","Plxna2","age30m-age3m",1,-0.000818280662612175,"EndothelialCells"
"Fibroblasts","EndothelialCells","Vegfb","Kdr","age30m-age3m",1,-0.000818908098877987,"Fibroblasts"
"Fibroblasts","EndothelialCells","Vegfb","Nrp1","age30m-age3m",1,-0.000818908098877987,"Fibroblasts"
"Fibroblasts","EndothelialCells","Vegfb","Flt1","age30m-age3m",1,-0.000818908098877987,"Fibroblasts"
"Fibroblasts","Fibroblasts","Vegfb","Ret","age30m-age3m",1,-0.000818908098877987,"Fibroblasts"
"Leukocytes","EndothelialCells","Vegfb","Kdr","age30m-age3m",1,-0.000818908098877987,"Fibroblasts"
"Myocytes","EndothelialCells","Vegfb","Kdr","age30m-age3m",1,-0.000818908098877987,"Fibroblasts"
"Leukocytes","EndothelialCells","Vegfb","Nrp1","age30m-age3m",1,-0.000818908098877987,"Fibroblasts"
"Fibroblasts","Leukocytes","Vegfb","Kdr","age30m-age3m",1,-0.000818908098877987,"Fibroblasts"
"Leukocytes","EndothelialCells","Vegfb","Flt1","age30m-age3m",1,-0.000818908098877987,"Fibroblasts"
"Myocytes","EndothelialCells","Vegfb","Nrp1","age30m-age3m",1,-0.000818908098877987,"Fibroblasts"
"Myocytes","EndothelialCells","Vegfb","Flt1","age30m-age3m",1,-0.000818908098877987,"Fibroblasts"
"Fibroblasts","Leukocytes","Vegfb","Nrp1","age30m-age3m",1,-0.000818908098877987,"Fibroblasts"
"Leukocytes","Fibroblasts","Vegfb","Ret","age30m-age3m",1,-0.000818908098877987,"Fibroblasts"
"Myocytes","Fibroblasts","Vegfb","Ret","age30m-age3m",1,-0.000818908098877987,"Fibroblasts"
"Fibroblasts","Fibroblasts","Vegfb","Kdr","age30m-age3m",1,-0.000818908098877987,"Fibroblasts"
"Leukocytes","Leukocytes","Vegfb","Kdr","age30m-age3m",1,-0.000818908098877987,"Fibroblasts"
"Myocytes","Leukocytes","Vegfb","Kdr","age30m-age3m",1,-0.000818908098877987,"Fibroblasts"
"Leukocytes","Leukocytes","Vegfb","Nrp1","age30m-age3m",1,-0.000818908098877987,"Fibroblasts"
"Myocytes","Leukocytes","Vegfb","Nrp1","age30m-age3m",1,-0.000818908098877987,"Fibroblasts"
"Fibroblasts","Fibroblasts","Vegfb","Flt1","age30m-age3m",1,-0.000818908098877987,"Fibroblasts"
"Fibroblasts","Fibroblasts","Vegfb","Nrp1","age30m-age3m",1,-0.000818908098877987,"Fibroblasts"
"Leukocytes","Fibroblasts","Vegfb","Kdr","age30m-age3m",1,-0.000818908098877987,"Fibroblasts"
"Myocytes","Fibroblasts","Vegfb","Kdr","age30m-age3m",1,-0.000818908098877987,"Fibroblasts"
"Leukocytes","Fibroblasts","Vegfb","Flt1","age30m-age3m",1,-0.000818908098877987,"Fibroblasts"
"Myocytes","Fibroblasts","Vegfb","Flt1","age30m-age3m",1,-0.000818908098877987,"Fibroblasts"
"Leukocytes","Fibroblasts","Vegfb","Nrp1","age30m-age3m",1,-0.000818908098877987,"Fibroblasts"
"Myocytes","Fibroblasts","Vegfb","Nrp1","age30m-age3m",1,-0.000818908098877987,"Fibroblasts"
"Fibroblasts","Myocytes","Vegfb","Flt1","age30m-age3m",1,-0.000818908098877987,"Fibroblasts"
"Leukocytes","Myocytes","Vegfb","Flt1","age30m-age3m",1,-0.000818908098877987,"Fibroblasts"
"Myocytes","Myocytes","Vegfb","Flt1","age30m-age3m",1,-0.000818908098877987,"Fibroblasts"
"EndothelialCells","EndothelialCells","Vegfb","Kdr","age30m-age3m",1,-0.000818908098877987,"Fibroblasts"
"EndothelialCells","EndothelialCells","Vegfb","Nrp1","age30m-age3m",1,-0.000818908098877987,"Fibroblasts"
"Fibroblasts","Myocytes","Vegfb","Nrp1","age30m-age3m",1,-0.000818908098877987,"Fibroblasts"
"EndothelialCells","EndothelialCells","Vegfb","Flt1","age30m-age3m",1,-0.000818908098877987,"Fibroblasts"
"EndothelialCells","Fibroblasts","Vegfb","Ret","age30m-age3m",1,-0.000818908098877987,"Fibroblasts"
"Leukocytes","Myocytes","Vegfb","Nrp1","age30m-age3m",1,-0.000818908098877987,"Fibroblasts"
"EndothelialCells","Leukocytes","Vegfb","Kdr","age30m-age3m",1,-0.000818908098877987,"Fibroblasts"
"Myocytes","Myocytes","Vegfb","Nrp1","age30m-age3m",1,-0.000818908098877987,"Fibroblasts"
"EndothelialCells","Leukocytes","Vegfb","Nrp1","age30m-age3m",1,-0.000818908098877987,"Fibroblasts"
"EndothelialCells","Fibroblasts","Vegfb","Kdr","age30m-age3m",1,-0.000818908098877987,"Fibroblasts"
"EndothelialCells","Fibroblasts","Vegfb","Flt1","age30m-age3m",1,-0.000818908098877987,"Fibroblasts"
"EndothelialCells","Fibroblasts","Vegfb","Nrp1","age30m-age3m",1,-0.000818908098877987,"Fibroblasts"
"Fibroblasts","Leukocytes","Pi16","Tnfrsf21","age30m-age3m",1,-0.000823058478261386,"Fibroblasts"
"Leukocytes","Leukocytes","Pi16","Tnfrsf21","age30m-age3m",1,-0.000823058478261386,"Fibroblasts"
"EndothelialCells","Leukocytes","Pi16","Tnfrsf21","age30m-age3m",1,-0.000823058478261386,"Fibroblasts"
"Fibroblasts","EndothelialCells","Pi16","Tnfrsf21","age30m-age3m",1,-0.000823058478261386,"Fibroblasts"
"Leukocytes","EndothelialCells","Pi16","Tnfrsf21","age30m-age3m",1,-0.000823058478261386,"Fibroblasts"
"EndothelialCells","EndothelialCells","Pi16","Tnfrsf21","age30m-age3m",1,-0.000823058478261386,"Fibroblasts"
"Myocytes","Leukocytes","Pi16","Tnfrsf21","age30m-age3m",1,-0.000823058478261386,"Fibroblasts"
"Fibroblasts","Fibroblasts","Pi16","Tnfrsf21","age30m-age3m",1,-0.000823058478261386,"Fibroblasts"
"Leukocytes","Fibroblasts","Pi16","Tnfrsf21","age30m-age3m",1,-0.000823058478261386,"Fibroblasts"
"EndothelialCells","Fibroblasts","Pi16","Tnfrsf21","age30m-age3m",1,-0.000823058478261386,"Fibroblasts"
"Myocytes","EndothelialCells","Pi16","Tnfrsf21","age30m-age3m",1,-0.000823058478261386,"Fibroblasts"
"EndothelialCells","Fibroblasts","Vsig10","Il6st","age30m-age3m",1,-0.000823251443406779,"Fibroblasts"
"EndothelialCells","EndothelialCells","Vsig10","Il6st","age30m-age3m",1,-0.000823251443406779,"Fibroblasts"
"Fibroblasts","Fibroblasts","Vsig10","Il6st","age30m-age3m",1,-0.000823251443406779,"Fibroblasts"
"Fibroblasts","EndothelialCells","Vsig10","Il6st","age30m-age3m",1,-0.000823251443406779,"Fibroblasts"
"EndothelialCells","Leukocytes","Vsig10","Il6st","age30m-age3m",1,-0.000823251443406779,"Fibroblasts"
"Fibroblasts","Leukocytes","Vsig10","Il6st","age30m-age3m",1,-0.000823251443406779,"Fibroblasts"
"Leukocytes","Fibroblasts","Vsig10","Il6st","age30m-age3m",1,-0.000823251443406779,"Fibroblasts"
"Leukocytes","EndothelialCells","Vsig10","Il6st","age30m-age3m",1,-0.000823251443406779,"Fibroblasts"
"Leukocytes","Leukocytes","Vsig10","Il6st","age30m-age3m",1,-0.000823251443406779,"Fibroblasts"
"EndothelialCells","Myocytes","Vsig10","Il6st","age30m-age3m",1,-0.000823251443406779,"Fibroblasts"
"Fibroblasts","Myocytes","Vsig10","Il6st","age30m-age3m",1,-0.000823251443406779,"Fibroblasts"
"EndothelialCells","Leukocytes","Jag2","Notch1","age30m-age3m",1,-0.000825911917875555,"EndothelialCells"
"EndothelialCells","EndothelialCells","Jag2","Notch4","age30m-age3m",1,-0.000825911917875555,"EndothelialCells"
"EndothelialCells","EndothelialCells","Jag2","Notch1","age30m-age3m",1,-0.000825911917875555,"EndothelialCells"
"EndothelialCells","Leukocytes","Jag2","Notch2","age30m-age3m",1,-0.000825911917875555,"EndothelialCells"
"EndothelialCells","Fibroblasts","Jag2","Notch2","age30m-age3m",1,-0.000825911917875555,"EndothelialCells"
"EndothelialCells","Fibroblasts","Jag2","Notch1","age30m-age3m",1,-0.000825911917875555,"EndothelialCells"
"EndothelialCells","Fibroblasts","Jag2","Notch3","age30m-age3m",1,-0.000825911917875555,"EndothelialCells"
"EndothelialCells","Leukocytes","Jag2","Notch4","age30m-age3m",1,-0.000825911917875555,"EndothelialCells"
"EndothelialCells","Fibroblasts","Jag2","Notch4","age30m-age3m",1,-0.000825911917875555,"EndothelialCells"
"Leukocytes","Leukocytes","Jag2","Notch1","age30m-age3m",1,-0.000825911917875555,"EndothelialCells"
"Leukocytes","EndothelialCells","Jag2","Notch4","age30m-age3m",1,-0.000825911917875555,"EndothelialCells"
"Leukocytes","EndothelialCells","Jag2","Notch1","age30m-age3m",1,-0.000825911917875555,"EndothelialCells"
"Leukocytes","Fibroblasts","Jag2","Notch3","age30m-age3m",1,-0.000825911917875555,"EndothelialCells"
"Leukocytes","Leukocytes","Jag2","Notch4","age30m-age3m",1,-0.000825911917875555,"EndothelialCells"
"Leukocytes","Leukocytes","Jag2","Notch2","age30m-age3m",1,-0.000825911917875555,"EndothelialCells"
"Leukocytes","Fibroblasts","Jag2","Notch2","age30m-age3m",1,-0.000825911917875555,"EndothelialCells"
"Leukocytes","Fibroblasts","Jag2","Notch1","age30m-age3m",1,-0.000825911917875555,"EndothelialCells"
"Leukocytes","Leukocytes","Anxa1","Fpr2","age30m-age3m",1,-0.000827412561590222,"Fibroblasts"
"Leukocytes","EndothelialCells","Anxa1","Dysf","age30m-age3m",1,-0.000827412561590222,"Fibroblasts"
"Fibroblasts","Leukocytes","Anxa1","Fpr2","age30m-age3m",1,-0.000827412561590222,"Fibroblasts"
"Fibroblasts","EndothelialCells","Anxa1","Dysf","age30m-age3m",1,-0.000827412561590222,"Fibroblasts"
"Leukocytes","Fibroblasts","Anxa1","Egfr","age30m-age3m",1,-0.000827412561590222,"Fibroblasts"
"Fibroblasts","Fibroblasts","Anxa1","Egfr","age30m-age3m",1,-0.000827412561590222,"Fibroblasts"
"EndothelialCells","Leukocytes","Anxa1","Fpr2","age30m-age3m",1,-0.000827412561590222,"Fibroblasts"
"EndothelialCells","EndothelialCells","Anxa1","Dysf","age30m-age3m",1,-0.000827412561590222,"Fibroblasts"
"Leukocytes","Leukocytes","Anxa1","Fpr1","age30m-age3m",1,-0.000827412561590222,"Fibroblasts"
"Fibroblasts","Leukocytes","Anxa1","Fpr1","age30m-age3m",1,-0.000827412561590222,"Fibroblasts"
"EndothelialCells","Fibroblasts","Anxa1","Egfr","age30m-age3m",1,-0.000827412561590222,"Fibroblasts"
"Leukocytes","Leukocytes","Anxa1","Dysf","age30m-age3m",1,-0.000827412561590222,"Fibroblasts"
"Fibroblasts","Leukocytes","Anxa1","Dysf","age30m-age3m",1,-0.000827412561590222,"Fibroblasts"
"EndothelialCells","Leukocytes","Anxa1","Fpr1","age30m-age3m",1,-0.000827412561590222,"Fibroblasts"
"Leukocytes","Leukocytes","Anxa1","Egfr","age30m-age3m",1,-0.000827412561590222,"Fibroblasts"
"EndothelialCells","Leukocytes","Anxa1","Dysf","age30m-age3m",1,-0.000827412561590222,"Fibroblasts"
"Fibroblasts","Leukocytes","Anxa1","Egfr","age30m-age3m",1,-0.000827412561590222,"Fibroblasts"
"Leukocytes","Myocytes","Anxa1","Dysf","age30m-age3m",1,-0.000827412561590222,"Fibroblasts"
"Fibroblasts","Myocytes","Anxa1","Dysf","age30m-age3m",1,-0.000827412561590222,"Fibroblasts"
"EndothelialCells","Leukocytes","Anxa1","Egfr","age30m-age3m",1,-0.000827412561590222,"Fibroblasts"
"EndothelialCells","Myocytes","Anxa1","Dysf","age30m-age3m",1,-0.000827412561590222,"Fibroblasts"
"Fibroblasts","Fibroblasts","Serping1","Lrp1","age30m-age3m",1,-0.000827532181162547,"Fibroblasts"
"Fibroblasts","Fibroblasts","Serping1","C1ra","age30m-age3m",1,-0.000827532181162547,"Fibroblasts"
"Fibroblasts","Leukocytes","Serping1","Lrp1","age30m-age3m",1,-0.000827532181162547,"Fibroblasts"
"Fibroblasts","Leukocytes","Serping1","C1ra","age30m-age3m",1,-0.000827532181162547,"Fibroblasts"
"Leukocytes","Fibroblasts","Serping1","Lrp1","age30m-age3m",1,-0.000827532181162547,"Fibroblasts"
"Leukocytes","Fibroblasts","Serping1","C1ra","age30m-age3m",1,-0.000827532181162547,"Fibroblasts"
"Myocytes","Fibroblasts","Serping1","Lrp1","age30m-age3m",1,-0.000827532181162547,"Fibroblasts"
"Myocytes","Fibroblasts","Serping1","C1ra","age30m-age3m",1,-0.000827532181162547,"Fibroblasts"
"Fibroblasts","Fibroblasts","Serping1","C1rb","age30m-age3m",1,-0.000827532181162547,"Fibroblasts"
"Leukocytes","Leukocytes","Serping1","Lrp1","age30m-age3m",1,-0.000827532181162547,"Fibroblasts"
"EndothelialCells","Fibroblasts","Serping1","Lrp1","age30m-age3m",1,-0.000827532181162547,"Fibroblasts"
"Myocytes","Leukocytes","Serping1","Lrp1","age30m-age3m",1,-0.000827532181162547,"Fibroblasts"
"EndothelialCells","Fibroblasts","Serping1","C1ra","age30m-age3m",1,-0.000827532181162547,"Fibroblasts"
"Leukocytes","Leukocytes","Serping1","C1ra","age30m-age3m",1,-0.000827532181162547,"Fibroblasts"
"Myocytes","Leukocytes","Serping1","C1ra","age30m-age3m",1,-0.000827532181162547,"Fibroblasts"
"EndothelialCells","Leukocytes","Serping1","Lrp1","age30m-age3m",1,-0.000827532181162547,"Fibroblasts"
"EndothelialCells","Leukocytes","Serping1","C1ra","age30m-age3m",1,-0.000827532181162547,"Fibroblasts"
"Fibroblasts","EndothelialCells","Serping1","Lrp1","age30m-age3m",1,-0.000827532181162547,"Fibroblasts"
"Leukocytes","Fibroblasts","Serping1","C1rb","age30m-age3m",1,-0.000827532181162547,"Fibroblasts"
"Fibroblasts","Myocytes","Serping1","Lrp1","age30m-age3m",1,-0.000827532181162547,"Fibroblasts"
"Myocytes","Fibroblasts","Serping1","C1rb","age30m-age3m",1,-0.000827532181162547,"Fibroblasts"
"EndothelialCells","Fibroblasts","Serping1","C1rb","age30m-age3m",1,-0.000827532181162547,"Fibroblasts"
"Leukocytes","EndothelialCells","Serping1","Lrp1","age30m-age3m",1,-0.000827532181162547,"Fibroblasts"
"Myocytes","EndothelialCells","Serping1","Lrp1","age30m-age3m",1,-0.000827532181162547,"Fibroblasts"
"EndothelialCells","EndothelialCells","Serping1","Lrp1","age30m-age3m",1,-0.000827532181162547,"Fibroblasts"
"Leukocytes","Myocytes","Serping1","Lrp1","age30m-age3m",1,-0.000827532181162547,"Fibroblasts"
"Myocytes","Myocytes","Serping1","Lrp1","age30m-age3m",1,-0.000827532181162547,"Fibroblasts"
"EndothelialCells","Myocytes","Serping1","Lrp1","age30m-age3m",1,-0.000827532181162547,"Fibroblasts"
"Fibroblasts","Fibroblasts","Ngf","Ntrk1","age30m-age3m",1,-0.000830709235927417,"Fibroblasts"
"Fibroblasts","Leukocytes","Ngf","Sort1","age30m-age3m",1,-0.000830709235927417,"Fibroblasts"
"Fibroblasts","Myocytes","Ngf","Sort1","age30m-age3m",1,-0.000830709235927417,"Fibroblasts"
"EndothelialCells","EndothelialCells","Jam3","Jam3","age30m-age3m",1,-0.000836866621373555,"Fibroblasts"
"EndothelialCells","EndothelialCells","Jam3","Jam2","age30m-age3m",1,-0.000836866621373555,"Fibroblasts"
"Fibroblasts","EndothelialCells","Jam3","Jam3","age30m-age3m",1,-0.000836866621373555,"Fibroblasts"
"Fibroblasts","EndothelialCells","Jam3","Jam2","age30m-age3m",1,-0.000836866621373555,"Fibroblasts"
"EndothelialCells","Fibroblasts","Jam3","Jam3","age30m-age3m",1,-0.000836866621373555,"Fibroblasts"
"EndothelialCells","Leukocytes","Jam3","Itgam","age30m-age3m",1,-0.000836866621373555,"Fibroblasts"
"EndothelialCells","EndothelialCells","Jam3","F11r","age30m-age3m",1,-0.000836866621373555,"Fibroblasts"
"Fibroblasts","Fibroblasts","Jam3","Jam3","age30m-age3m",1,-0.000836866621373555,"Fibroblasts"
"EndothelialCells","Leukocytes","Jam3","F11r","age30m-age3m",1,-0.000836866621373555,"Fibroblasts"
"Fibroblasts","Leukocytes","Jam3","Itgam","age30m-age3m",1,-0.000836866621373555,"Fibroblasts"
"EndothelialCells","Leukocytes","Jam3","Itgb2","age30m-age3m",1,-0.000836866621373555,"Fibroblasts"
"Fibroblasts","EndothelialCells","Jam3","F11r","age30m-age3m",1,-0.000836866621373555,"Fibroblasts"
"EndothelialCells","EndothelialCells","Jam3","Itgb1","age30m-age3m",1,-0.000836866621373555,"Fibroblasts"
"Fibroblasts","Leukocytes","Jam3","F11r","age30m-age3m",1,-0.000836866621373555,"Fibroblasts"
"Fibroblasts","Leukocytes","Jam3","Itgb2","age30m-age3m",1,-0.000836866621373555,"Fibroblasts"
"EndothelialCells","Fibroblasts","Jam3","Jam2","age30m-age3m",1,-0.000836866621373555,"Fibroblasts"
"EndothelialCells","Leukocytes","Jam3","Jam2","age30m-age3m",1,-0.000836866621373555,"Fibroblasts"
"Fibroblasts","EndothelialCells","Jam3","Itgb1","age30m-age3m",1,-0.000836866621373555,"Fibroblasts"
"Fibroblasts","Fibroblasts","Jam3","Jam2","age30m-age3m",1,-0.000836866621373555,"Fibroblasts"
"Fibroblasts","Leukocytes","Jam3","Jam2","age30m-age3m",1,-0.000836866621373555,"Fibroblasts"
"EndothelialCells","Leukocytes","Jam3","Itgb1","age30m-age3m",1,-0.000836866621373555,"Fibroblasts"
"Fibroblasts","Leukocytes","Jam3","Itgb1","age30m-age3m",1,-0.000836866621373555,"Fibroblasts"
"EndothelialCells","Myocytes","Jam3","F11r","age30m-age3m",1,-0.000836866621373555,"Fibroblasts"
"Fibroblasts","Myocytes","Jam3","F11r","age30m-age3m",1,-0.000836866621373555,"Fibroblasts"
"EndothelialCells","Fibroblasts","Jam3","Itgb1","age30m-age3m",1,-0.000836866621373555,"Fibroblasts"
"EndothelialCells","Fibroblasts","Jam3","F11r","age30m-age3m",1,-0.000836866621373555,"Fibroblasts"
"Fibroblasts","Fibroblasts","Jam3","Itgb1","age30m-age3m",1,-0.000836866621373555,"Fibroblasts"
"Fibroblasts","Fibroblasts","Jam3","F11r","age30m-age3m",1,-0.000836866621373555,"Fibroblasts"
"Myocytes","EndothelialCells","Jam3","Jam3","age30m-age3m",1,-0.000836866621373555,"Fibroblasts"
"EndothelialCells","EndothelialCells","Jam3","Itgb2","age30m-age3m",1,-0.000836866621373555,"Fibroblasts"
"Myocytes","EndothelialCells","Jam3","Jam2","age30m-age3m",1,-0.000836866621373555,"Fibroblasts"
"Fibroblasts","EndothelialCells","Jam3","Itgb2","age30m-age3m",1,-0.000836866621373555,"Fibroblasts"
"EndothelialCells","Myocytes","Jam3","Jam3","age30m-age3m",1,-0.000836866621373555,"Fibroblasts"
"Myocytes","Fibroblasts","Jam3","Jam3","age30m-age3m",1,-0.000836866621373555,"Fibroblasts"
"EndothelialCells","Myocytes","Jam3","Itgb1","age30m-age3m",1,-0.000836866621373555,"Fibroblasts"
"Myocytes","Leukocytes","Jam3","Itgam","age30m-age3m",1,-0.000836866621373555,"Fibroblasts"
"Myocytes","EndothelialCells","Jam3","F11r","age30m-age3m",1,-0.000836866621373555,"Fibroblasts"
"Fibroblasts","Myocytes","Jam3","Jam3","age30m-age3m",1,-0.000836866621373555,"Fibroblasts"
"Fibroblasts","Myocytes","Jam3","Itgb1","age30m-age3m",1,-0.000836866621373555,"Fibroblasts"
"Myocytes","Leukocytes","Jam3","F11r","age30m-age3m",1,-0.000836866621373555,"Fibroblasts"
"Myocytes","Leukocytes","Jam3","Itgb2","age30m-age3m",1,-0.000836866621373555,"Fibroblasts"
"Myocytes","EndothelialCells","Jam3","Itgb1","age30m-age3m",1,-0.000836866621373555,"Fibroblasts"
"EndothelialCells","Myocytes","Jam3","Jam2","age30m-age3m",1,-0.000836866621373555,"Fibroblasts"
"Myocytes","Fibroblasts","Jam3","Jam2","age30m-age3m",1,-0.000836866621373555,"Fibroblasts"
"Myocytes","Leukocytes","Jam3","Jam2","age30m-age3m",1,-0.000836866621373555,"Fibroblasts"
"Fibroblasts","Myocytes","Jam3","Jam2","age30m-age3m",1,-0.000836866621373555,"Fibroblasts"
"Myocytes","Leukocytes","Jam3","Itgb1","age30m-age3m",1,-0.000836866621373555,"Fibroblasts"
"Myocytes","Myocytes","Jam3","F11r","age30m-age3m",1,-0.000836866621373555,"Fibroblasts"
"Myocytes","Fibroblasts","Jam3","Itgb1","age30m-age3m",1,-0.000836866621373555,"Fibroblasts"
"Myocytes","Myocytes","Jam3","Jam3","age30m-age3m",1,-0.000836866621373555,"Fibroblasts"
"Myocytes","Fibroblasts","Jam3","F11r","age30m-age3m",1,-0.000836866621373555,"Fibroblasts"
"Myocytes","Myocytes","Jam3","Jam2","age30m-age3m",1,-0.000836866621373555,"Fibroblasts"
"Myocytes","Myocytes","Jam3","Itgb1","age30m-age3m",1,-0.000836866621373555,"Fibroblasts"
"Fibroblasts","EndothelialCells","Mmp2","F2r","age30m-age3m",1,-0.00084542924737081,"Fibroblasts"
"Fibroblasts","EndothelialCells","Mmp2","Pecam1","age30m-age3m",1,-0.00084542924737081,"Fibroblasts"
"Fibroblasts","Fibroblasts","Mmp2","Sdc2","age30m-age3m",1,-0.00084542924737081,"Fibroblasts"
"Fibroblasts","Leukocytes","Mmp2","Fgfr1","age30m-age3m",1,-0.00084542924737081,"Fibroblasts"
"Fibroblasts","Fibroblasts","Mmp2","Fgfr1","age30m-age3m",1,-0.00084542924737081,"Fibroblasts"
"Fibroblasts","Fibroblasts","Mmp2","F2r","age30m-age3m",1,-0.00084542924737081,"Fibroblasts"
"Fibroblasts","Fibroblasts","Mmp2","Itgav","age30m-age3m",1,-0.00084542924737081,"Fibroblasts"
"Fibroblasts","Leukocytes","Mmp2","Itgav","age30m-age3m",1,-0.00084542924737081,"Fibroblasts"
"Fibroblasts","Leukocytes","Mmp2","Pecam1","age30m-age3m",1,-0.00084542924737081,"Fibroblasts"
"Fibroblasts","EndothelialCells","Mmp2","Fgfr1","age30m-age3m",1,-0.00084542924737081,"Fibroblasts"
"Fibroblasts","Leukocytes","Mmp2","Itgb3","age30m-age3m",1,-0.00084542924737081,"Fibroblasts"
"Fibroblasts","Leukocytes","Mmp2","Ccr2","age30m-age3m",1,-0.00084542924737081,"Fibroblasts"
"Fibroblasts","EndothelialCells","Mmp2","Itgav","age30m-age3m",1,-0.00084542924737081,"Fibroblasts"
"EndothelialCells","EndothelialCells","Mmp2","F2r","age30m-age3m",1,-0.00084542924737081,"Fibroblasts"
"EndothelialCells","EndothelialCells","Mmp2","Pecam1","age30m-age3m",1,-0.00084542924737081,"Fibroblasts"
"Fibroblasts","Fibroblasts","Mmp2","Ddr1","age30m-age3m",1,-0.00084542924737081,"Fibroblasts"
"Fibroblasts","Fibroblasts","Mmp2","Egfr","age30m-age3m",1,-0.00084542924737081,"Fibroblasts"
"Fibroblasts","Fibroblasts","Mmp2","Pecam1","age30m-age3m",1,-0.00084542924737081,"Fibroblasts"
"EndothelialCells","Fibroblasts","Mmp2","Sdc2","age30m-age3m",1,-0.00084542924737081,"Fibroblasts"
"EndothelialCells","Leukocytes","Mmp2","Fgfr1","age30m-age3m",1,-0.00084542924737081,"Fibroblasts"
"EndothelialCells","Fibroblasts","Mmp2","Fgfr1","age30m-age3m",1,-0.00084542924737081,"Fibroblasts"
"EndothelialCells","Fibroblasts","Mmp2","F2r","age30m-age3m",1,-0.00084542924737081,"Fibroblasts"
"Leukocytes","EndothelialCells","Mmp2","F2r","age30m-age3m",1,-0.00084542924737081,"Fibroblasts"
"EndothelialCells","Fibroblasts","Mmp2","Itgav","age30m-age3m",1,-0.00084542924737081,"Fibroblasts"
"Leukocytes","EndothelialCells","Mmp2","Pecam1","age30m-age3m",1,-0.00084542924737081,"Fibroblasts"
"Fibroblasts","Fibroblasts","Mmp2","Itgb3","age30m-age3m",1,-0.00084542924737081,"Fibroblasts"
"EndothelialCells","Leukocytes","Mmp2","Itgav","age30m-age3m",1,-0.00084542924737081,"Fibroblasts"
"EndothelialCells","Leukocytes","Mmp2","Pecam1","age30m-age3m",1,-0.00084542924737081,"Fibroblasts"
"Leukocytes","Fibroblasts","Mmp2","Sdc2","age30m-age3m",1,-0.00084542924737081,"Fibroblasts"
"Leukocytes","Leukocytes","Mmp2","Fgfr1","age30m-age3m",1,-0.00084542924737081,"Fibroblasts"
"Leukocytes","Fibroblasts","Mmp2","Fgfr1","age30m-age3m",1,-0.00084542924737081,"Fibroblasts"
"Leukocytes","Fibroblasts","Mmp2","F2r","age30m-age3m",1,-0.00084542924737081,"Fibroblasts"
"Leukocytes","Fibroblasts","Mmp2","Itgav","age30m-age3m",1,-0.00084542924737081,"Fibroblasts"
"EndothelialCells","EndothelialCells","Mmp2","Fgfr1","age30m-age3m",1,-0.00084542924737081,"Fibroblasts"
"EndothelialCells","Leukocytes","Mmp2","Itgb3","age30m-age3m",1,-0.00084542924737081,"Fibroblasts"
"EndothelialCells","Leukocytes","Mmp2","Ccr2","age30m-age3m",1,-0.00084542924737081,"Fibroblasts"
"Leukocytes","Leukocytes","Mmp2","Itgav","age30m-age3m",1,-0.00084542924737081,"Fibroblasts"
"EndothelialCells","EndothelialCells","Mmp2","Itgav","age30m-age3m",1,-0.00084542924737081,"Fibroblasts"
"Leukocytes","Leukocytes","Mmp2","Pecam1","age30m-age3m",1,-0.00084542924737081,"Fibroblasts"
"EndothelialCells","Fibroblasts","Mmp2","Ddr1","age30m-age3m",1,-0.00084542924737081,"Fibroblasts"
"EndothelialCells","Fibroblasts","Mmp2","Egfr","age30m-age3m",1,-0.00084542924737081,"Fibroblasts"
"EndothelialCells","Fibroblasts","Mmp2","Pecam1","age30m-age3m",1,-0.00084542924737081,"Fibroblasts"
"Leukocytes","EndothelialCells","Mmp2","Fgfr1","age30m-age3m",1,-0.00084542924737081,"Fibroblasts"
"Leukocytes","Leukocytes","Mmp2","Itgb3","age30m-age3m",1,-0.00084542924737081,"Fibroblasts"
"Leukocytes","Leukocytes","Mmp2","Ccr2","age30m-age3m",1,-0.00084542924737081,"Fibroblasts"
"Leukocytes","EndothelialCells","Mmp2","Itgav","age30m-age3m",1,-0.00084542924737081,"Fibroblasts"
"Leukocytes","Fibroblasts","Mmp2","Ddr1","age30m-age3m",1,-0.00084542924737081,"Fibroblasts"
"EndothelialCells","Fibroblasts","Mmp2","Itgb3","age30m-age3m",1,-0.00084542924737081,"Fibroblasts"
"Leukocytes","Fibroblasts","Mmp2","Egfr","age30m-age3m",1,-0.00084542924737081,"Fibroblasts"
"Myocytes","EndothelialCells","Mmp2","F2r","age30m-age3m",1,-0.00084542924737081,"Fibroblasts"
"Myocytes","EndothelialCells","Mmp2","Pecam1","age30m-age3m",1,-0.00084542924737081,"Fibroblasts"
"Leukocytes","Fibroblasts","Mmp2","Pecam1","age30m-age3m",1,-0.00084542924737081,"Fibroblasts"
"Fibroblasts","Leukocytes","Mmp2","Sdc2","age30m-age3m",1,-0.00084542924737081,"Fibroblasts"
"Fibroblasts","Leukocytes","Mmp2","Egfr","age30m-age3m",1,-0.00084542924737081,"Fibroblasts"
"Myocytes","Fibroblasts","Mmp2","Sdc2","age30m-age3m",1,-0.00084542924737081,"Fibroblasts"
"Myocytes","Leukocytes","Mmp2","Fgfr1","age30m-age3m",1,-0.00084542924737081,"Fibroblasts"
"Leukocytes","Fibroblasts","Mmp2","Itgb3","age30m-age3m",1,-0.00084542924737081,"Fibroblasts"
"Myocytes","Fibroblasts","Mmp2","Fgfr1","age30m-age3m",1,-0.00084542924737081,"Fibroblasts"
"Myocytes","Fibroblasts","Mmp2","F2r","age30m-age3m",1,-0.00084542924737081,"Fibroblasts"
"Myocytes","Fibroblasts","Mmp2","Itgav","age30m-age3m",1,-0.00084542924737081,"Fibroblasts"
"Myocytes","Leukocytes","Mmp2","Itgav","age30m-age3m",1,-0.00084542924737081,"Fibroblasts"
"Myocytes","Leukocytes","Mmp2","Pecam1","age30m-age3m",1,-0.00084542924737081,"Fibroblasts"
"Myocytes","Fibroblasts","Mmp2","Itgb3","age30m-age3m",1,-0.00084542924737081,"Fibroblasts"
"Fibroblasts","Myocytes","Mmp2","Sdc2","age30m-age3m",1,-0.00084542924737081,"Fibroblasts"
"Fibroblasts","Myocytes","Mmp2","Pecam1","age30m-age3m",1,-0.00084542924737081,"Fibroblasts"
"Myocytes","EndothelialCells","Mmp2","Fgfr1","age30m-age3m",1,-0.00084542924737081,"Fibroblasts"
"Myocytes","Leukocytes","Mmp2","Ccr2","age30m-age3m",1,-0.00084542924737081,"Fibroblasts"
"Myocytes","EndothelialCells","Mmp2","Itgav","age30m-age3m",1,-0.00084542924737081,"Fibroblasts"
"Myocytes","Fibroblasts","Mmp2","Ddr1","age30m-age3m",1,-0.00084542924737081,"Fibroblasts"
"EndothelialCells","Leukocytes","Mmp2","Sdc2","age30m-age3m",1,-0.00084542924737081,"Fibroblasts"
"Myocytes","Fibroblasts","Mmp2","Egfr","age30m-age3m",1,-0.00084542924737081,"Fibroblasts"
"EndothelialCells","Leukocytes","Mmp2","Egfr","age30m-age3m",1,-0.00084542924737081,"Fibroblasts"
"Myocytes","Fibroblasts","Mmp2","Pecam1","age30m-age3m",1,-0.00084542924737081,"Fibroblasts"
"Fibroblasts","Myocytes","Mmp2","Ddr1","age30m-age3m",1,-0.00084542924737081,"Fibroblasts"
"Leukocytes","Leukocytes","Mmp2","Sdc2","age30m-age3m",1,-0.00084542924737081,"Fibroblasts"
"Leukocytes","Leukocytes","Mmp2","Egfr","age30m-age3m",1,-0.00084542924737081,"Fibroblasts"
"EndothelialCells","Myocytes","Mmp2","Sdc2","age30m-age3m",1,-0.00084542924737081,"Fibroblasts"
"EndothelialCells","Myocytes","Mmp2","Pecam1","age30m-age3m",1,-0.00084542924737081,"Fibroblasts"
"Myocytes","Leukocytes","Mmp2","Egfr","age30m-age3m",1,-0.00084542924737081,"Fibroblasts"
"Leukocytes","Myocytes","Mmp2","Sdc2","age30m-age3m",1,-0.00084542924737081,"Fibroblasts"
"Leukocytes","Myocytes","Mmp2","Pecam1","age30m-age3m",1,-0.00084542924737081,"Fibroblasts"
"EndothelialCells","Myocytes","Mmp2","Ddr1","age30m-age3m",1,-0.00084542924737081,"Fibroblasts"
"Myocytes","Myocytes","Mmp2","Sdc2","age30m-age3m",1,-0.00084542924737081,"Fibroblasts"
"Myocytes","Myocytes","Mmp2","Pecam1","age30m-age3m",1,-0.00084542924737081,"Fibroblasts"
"Leukocytes","Myocytes","Mmp2","Ddr1","age30m-age3m",1,-0.00084542924737081,"Fibroblasts"
"Myocytes","Myocytes","Mmp2","Ddr1","age30m-age3m",1,-0.00084542924737081,"Fibroblasts"
"Fibroblasts","EndothelialCells","Sema3d","Plxna4","age30m-age3m",1,-0.000846145430211851,"Fibroblasts"
"Fibroblasts","Leukocytes","Sema3d","Plxna4","age30m-age3m",1,-0.000846145430211851,"Fibroblasts"
"Fibroblasts","Fibroblasts","Sema3d","Plxna1","age30m-age3m",1,-0.000846145430211851,"Fibroblasts"
"Fibroblasts","EndothelialCells","Sema3d","Nrp1","age30m-age3m",1,-0.000846145430211851,"Fibroblasts"
"Fibroblasts","Leukocytes","Sema3d","Nrp2","age30m-age3m",1,-0.000846145430211851,"Fibroblasts"
"Fibroblasts","EndothelialCells","Sema3d","Plxnd1","age30m-age3m",1,-0.000846145430211851,"Fibroblasts"
"Fibroblasts","EndothelialCells","Sema3d","Plxna2","age30m-age3m",1,-0.000846145430211851,"Fibroblasts"
"Fibroblasts","Leukocytes","Sema3d","Plxnd1","age30m-age3m",1,-0.000846145430211851,"Fibroblasts"
"Fibroblasts","EndothelialCells","Sema3d","Plxna1","age30m-age3m",1,-0.000846145430211851,"Fibroblasts"
"Fibroblasts","Leukocytes","Sema3d","Plxna1","age30m-age3m",1,-0.000846145430211851,"Fibroblasts"
"Fibroblasts","Leukocytes","Sema3d","Nrp1","age30m-age3m",1,-0.000846145430211851,"Fibroblasts"
"Fibroblasts","EndothelialCells","Sema3d","Nrp2","age30m-age3m",1,-0.000846145430211851,"Fibroblasts"
"Fibroblasts","Fibroblasts","Sema3d","Plxnd1","age30m-age3m",1,-0.000846145430211851,"Fibroblasts"
"Fibroblasts","Fibroblasts","Sema3d","Plxna2","age30m-age3m",1,-0.000846145430211851,"Fibroblasts"
"Fibroblasts","Fibroblasts","Sema3d","Nrp1","age30m-age3m",1,-0.000846145430211851,"Fibroblasts"
"Fibroblasts","Fibroblasts","Sema3d","Nrp2","age30m-age3m",1,-0.000846145430211851,"Fibroblasts"
"Fibroblasts","Fibroblasts","Sema3d","Plxna3","age30m-age3m",1,-0.000846145430211851,"Fibroblasts"
"Fibroblasts","Myocytes","Sema3d","Nrp2","age30m-age3m",1,-0.000846145430211851,"Fibroblasts"
"Fibroblasts","Myocytes","Sema3d","Nrp1","age30m-age3m",1,-0.000846145430211851,"Fibroblasts"
"EndothelialCells","Leukocytes","Sema4c","Plxnb2","age30m-age3m",1,-0.000848064399084888,"Fibroblasts"
"EndothelialCells","Fibroblasts","Sema4c","Plxnb2","age30m-age3m",1,-0.000848064399084888,"Fibroblasts"
"Fibroblasts","Leukocytes","Sema4c","Plxnb2","age30m-age3m",1,-0.000848064399084888,"Fibroblasts"
"Fibroblasts","Fibroblasts","Sema4c","Plxnb2","age30m-age3m",1,-0.000848064399084888,"Fibroblasts"
"Leukocytes","Leukocytes","Sema4c","Plxnb2","age30m-age3m",1,-0.000848064399084888,"Fibroblasts"
"Leukocytes","Fibroblasts","Sema4c","Plxnb2","age30m-age3m",1,-0.000848064399084888,"Fibroblasts"
"Leukocytes","EndothelialCells","Tnfsf9","Traf2","age30m-age3m",1,-0.000848791682040989,"Leukocytes"
"EndothelialCells","EndothelialCells","Tnfsf9","Traf2","age30m-age3m",1,-0.000848791682040989,"Leukocytes"
"Leukocytes","EndothelialCells","Tnfsf9","Pvr","age30m-age3m",1,-0.000848791682040989,"Leukocytes"
"Fibroblasts","EndothelialCells","Tnfsf9","Traf2","age30m-age3m",1,-0.000848791682040989,"Leukocytes"
"Leukocytes","Leukocytes","Tnfsf9","Traf2","age30m-age3m",1,-0.000848791682040989,"Leukocytes"
"Leukocytes","Fibroblasts","Tnfsf9","Traf2","age30m-age3m",1,-0.000848791682040989,"Leukocytes"
"EndothelialCells","EndothelialCells","Tnfsf9","Pvr","age30m-age3m",1,-0.000848791682040989,"Leukocytes"
"EndothelialCells","Leukocytes","Tnfsf9","Traf2","age30m-age3m",1,-0.000848791682040989,"Leukocytes"
"EndothelialCells","Fibroblasts","Tnfsf9","Traf2","age30m-age3m",1,-0.000848791682040989,"Leukocytes"
"Fibroblasts","EndothelialCells","Tnfsf9","Pvr","age30m-age3m",1,-0.000848791682040989,"Leukocytes"
"Fibroblasts","Leukocytes","Tnfsf9","Traf2","age30m-age3m",1,-0.000848791682040989,"Leukocytes"
"Fibroblasts","Fibroblasts","Tnfsf9","Traf2","age30m-age3m",1,-0.000848791682040989,"Leukocytes"
"Leukocytes","Leukocytes","Tnfsf9","Pvr","age30m-age3m",1,-0.000848791682040989,"Leukocytes"
"EndothelialCells","Leukocytes","Tnfsf9","Pvr","age30m-age3m",1,-0.000848791682040989,"Leukocytes"
"Leukocytes","Fibroblasts","Tnfsf9","Pvr","age30m-age3m",1,-0.000848791682040989,"Leukocytes"
"Fibroblasts","Leukocytes","Tnfsf9","Pvr","age30m-age3m",1,-0.000848791682040989,"Leukocytes"
"EndothelialCells","Fibroblasts","Tnfsf9","Pvr","age30m-age3m",1,-0.000848791682040989,"Leukocytes"
"Fibroblasts","Fibroblasts","Tnfsf9","Pvr","age30m-age3m",1,-0.000848791682040989,"Leukocytes"
"Fibroblasts","Fibroblasts","Rgma","Neo1","age30m-age3m",1,-0.000850223004746356,"Fibroblasts"
"Fibroblasts","EndothelialCells","Rgma","Bmpr2","age30m-age3m",1,-0.000850223004746356,"Fibroblasts"
"Fibroblasts","Fibroblasts","Rgma","Bmpr2","age30m-age3m",1,-0.000850223004746356,"Fibroblasts"
"Fibroblasts","EndothelialCells","Rgma","Neo1","age30m-age3m",1,-0.000850223004746356,"Fibroblasts"
"EndothelialCells","Fibroblasts","Vwf","Itgav","age30m-age3m",1,-0.000854088188663541,"EndothelialCells"
"EndothelialCells","Leukocytes","Vwf","Itgav","age30m-age3m",1,-0.000854088188663541,"EndothelialCells"
"EndothelialCells","Leukocytes","Vwf","Itgb3","age30m-age3m",1,-0.000854088188663541,"EndothelialCells"
"Leukocytes","Fibroblasts","Vwf","Itgav","age30m-age3m",1,-0.000854088188663541,"EndothelialCells"
"EndothelialCells","EndothelialCells","Vwf","Itgav","age30m-age3m",1,-0.000854088188663541,"EndothelialCells"
"Leukocytes","Leukocytes","Vwf","Itgav","age30m-age3m",1,-0.000854088188663541,"EndothelialCells"
"EndothelialCells","Fibroblasts","Vwf","Itgb3","age30m-age3m",1,-0.000854088188663541,"EndothelialCells"
"Leukocytes","Leukocytes","Vwf","Itgb3","age30m-age3m",1,-0.000854088188663541,"EndothelialCells"
"EndothelialCells","Fibroblasts","Vwf","Itga2b","age30m-age3m",1,-0.000854088188663541,"EndothelialCells"
"Leukocytes","EndothelialCells","Vwf","Itgav","age30m-age3m",1,-0.000854088188663541,"EndothelialCells"
"Leukocytes","Fibroblasts","Vwf","Itgb3","age30m-age3m",1,-0.000854088188663541,"EndothelialCells"
"Leukocytes","Fibroblasts","Vwf","Itga2b","age30m-age3m",1,-0.000854088188663541,"EndothelialCells"
"Myocytes","Fibroblasts","Vwf","Itgav","age30m-age3m",1,-0.000854088188663541,"EndothelialCells"
"Myocytes","Leukocytes","Vwf","Itgav","age30m-age3m",1,-0.000854088188663541,"EndothelialCells"
"Myocytes","Fibroblasts","Vwf","Itgb3","age30m-age3m",1,-0.000854088188663541,"EndothelialCells"
"Myocytes","EndothelialCells","Vwf","Itgav","age30m-age3m",1,-0.000854088188663541,"EndothelialCells"
"EndothelialCells","EndothelialCells","Plxna2","Sema6a","age30m-age3m",1,-0.000854680345204893,"Fibroblasts"
"EndothelialCells","Fibroblasts","Plxna2","Sema6a","age30m-age3m",1,-0.000854680345204893,"Fibroblasts"
"Fibroblasts","EndothelialCells","Plxna2","Sema6a","age30m-age3m",1,-0.000854680345204893,"Fibroblasts"
"EndothelialCells","Leukocytes","Plxna2","Sema6a","age30m-age3m",1,-0.000854680345204893,"Fibroblasts"
"Fibroblasts","Fibroblasts","Plxna2","Sema6a","age30m-age3m",1,-0.000854680345204893,"Fibroblasts"
"Fibroblasts","Leukocytes","Plxna2","Sema6a","age30m-age3m",1,-0.000854680345204893,"Fibroblasts"
"Leukocytes","Fibroblasts","Tgfb1","Tgfbr1","age30m-age3m",1,-0.00086509339274762,"Fibroblasts"
"Leukocytes","Fibroblasts","Tgfb1","Sdc2","age30m-age3m",1,-0.00086509339274762,"Fibroblasts"
"Leukocytes","EndothelialCells","Tgfb1","Eng","age30m-age3m",1,-0.00086509339274762,"Fibroblasts"
"Leukocytes","Fibroblasts","Tgfb1","Pdgfra","age30m-age3m",1,-0.00086509339274762,"Fibroblasts"
"Leukocytes","EndothelialCells","Tgfb1","Acvrl1","age30m-age3m",1,-0.00086509339274762,"Fibroblasts"
"Leukocytes","Fibroblasts","Tgfb1","Itgav","age30m-age3m",1,-0.00086509339274762,"Fibroblasts"
"Leukocytes","Fibroblasts","Tgfb1","Tgfbr3","age30m-age3m",1,-0.00086509339274762,"Fibroblasts"
"Leukocytes","Fibroblasts","Tgfb1","Tgfbr2","age30m-age3m",1,-0.00086509339274762,"Fibroblasts"
"EndothelialCells","Fibroblasts","Tgfb1","Tgfbr1","age30m-age3m",1,-0.00086509339274762,"Fibroblasts"
"Fibroblasts","Fibroblasts","Tgfb1","Tgfbr1","age30m-age3m",1,-0.00086509339274762,"Fibroblasts"
"EndothelialCells","Fibroblasts","Tgfb1","Sdc2","age30m-age3m",1,-0.00086509339274762,"Fibroblasts"
"EndothelialCells","EndothelialCells","Tgfb1","Eng","age30m-age3m",1,-0.00086509339274762,"Fibroblasts"
"EndothelialCells","Fibroblasts","Tgfb1","Pdgfra","age30m-age3m",1,-0.00086509339274762,"Fibroblasts"
"Leukocytes","Leukocytes","Tgfb1","Tgfbr2","age30m-age3m",1,-0.00086509339274762,"Fibroblasts"
"Fibroblasts","Fibroblasts","Tgfb1","Sdc2","age30m-age3m",1,-0.00086509339274762,"Fibroblasts"
"EndothelialCells","EndothelialCells","Tgfb1","Acvrl1","age30m-age3m",1,-0.00086509339274762,"Fibroblasts"
"Fibroblasts","EndothelialCells","Tgfb1","Eng","age30m-age3m",1,-0.00086509339274762,"Fibroblasts"
"Fibroblasts","Fibroblasts","Tgfb1","Pdgfra","age30m-age3m",1,-0.00086509339274762,"Fibroblasts"
"EndothelialCells","Fibroblasts","Tgfb1","Itgav","age30m-age3m",1,-0.00086509339274762,"Fibroblasts"
"Fibroblasts","EndothelialCells","Tgfb1","Acvrl1","age30m-age3m",1,-0.00086509339274762,"Fibroblasts"
"Fibroblasts","Fibroblasts","Tgfb1","Itgav","age30m-age3m",1,-0.00086509339274762,"Fibroblasts"
"EndothelialCells","Fibroblasts","Tgfb1","Tgfbr3","age30m-age3m",1,-0.00086509339274762,"Fibroblasts"
"EndothelialCells","Fibroblasts","Tgfb1","Tgfbr2","age30m-age3m",1,-0.00086509339274762,"Fibroblasts"
"Fibroblasts","Fibroblasts","Tgfb1","Tgfbr3","age30m-age3m",1,-0.00086509339274762,"Fibroblasts"
"Fibroblasts","Fibroblasts","Tgfb1","Tgfbr2","age30m-age3m",1,-0.00086509339274762,"Fibroblasts"
"Leukocytes","EndothelialCells","Tgfb1","Tgfbr1","age30m-age3m",1,-0.00086509339274762,"Fibroblasts"
"Leukocytes","Fibroblasts","Tgfb1","Acvrl1","age30m-age3m",1,-0.00086509339274762,"Fibroblasts"
"EndothelialCells","Leukocytes","Tgfb1","Tgfbr2","age30m-age3m",1,-0.00086509339274762,"Fibroblasts"
"Leukocytes","EndothelialCells","Tgfb1","App","age30m-age3m",1,-0.00086509339274762,"Fibroblasts"
"Fibroblasts","Leukocytes","Tgfb1","Tgfbr2","age30m-age3m",1,-0.00086509339274762,"Fibroblasts"
"Leukocytes","Leukocytes","Tgfb1","Tgfbr1","age30m-age3m",1,-0.00086509339274762,"Fibroblasts"
"Leukocytes","EndothelialCells","Tgfb1","Itgb1","age30m-age3m",1,-0.00086509339274762,"Fibroblasts"
"Leukocytes","Leukocytes","Tgfb1","Itgav","age30m-age3m",1,-0.00086509339274762,"Fibroblasts"
"EndothelialCells","EndothelialCells","Tgfb1","Tgfbr1","age30m-age3m",1,-0.00086509339274762,"Fibroblasts"
"Leukocytes","Fibroblasts","Tgfb1","Eng","age30m-age3m",1,-0.00086509339274762,"Fibroblasts"
"Leukocytes","Leukocytes","Tgfb1","Eng","age30m-age3m",1,-0.00086509339274762,"Fibroblasts"
"Leukocytes","Fibroblasts","Tgfb1","App","age30m-age3m",1,-0.00086509339274762,"Fibroblasts"
"Leukocytes","EndothelialCells","Tgfb1","Itgav","age30m-age3m",1,-0.00086509339274762,"Fibroblasts"
"EndothelialCells","Fibroblasts","Tgfb1","Acvrl1","age30m-age3m",1,-0.00086509339274762,"Fibroblasts"
"Fibroblasts","EndothelialCells","Tgfb1","Tgfbr1","age30m-age3m",1,-0.00086509339274762,"Fibroblasts"
"EndothelialCells","EndothelialCells","Tgfb1","App","age30m-age3m",1,-0.00086509339274762,"Fibroblasts"
"Leukocytes","Leukocytes","Tgfb1","Itgb3","age30m-age3m",1,-0.00086509339274762,"Fibroblasts"
"Fibroblasts","Fibroblasts","Tgfb1","Acvrl1","age30m-age3m",1,-0.00086509339274762,"Fibroblasts"
"Leukocytes","Leukocytes","Tgfb1","App","age30m-age3m",1,-0.00086509339274762,"Fibroblasts"
"EndothelialCells","Leukocytes","Tgfb1","Tgfbr1","age30m-age3m",1,-0.00086509339274762,"Fibroblasts"
"Fibroblasts","EndothelialCells","Tgfb1","App","age30m-age3m",1,-0.00086509339274762,"Fibroblasts"
"Leukocytes","Fibroblasts","Tgfb1","Itgb3","age30m-age3m",1,-0.00086509339274762,"Fibroblasts"
"EndothelialCells","EndothelialCells","Tgfb1","Itgb1","age30m-age3m",1,-0.00086509339274762,"Fibroblasts"
"Fibroblasts","Leukocytes","Tgfb1","Tgfbr1","age30m-age3m",1,-0.00086509339274762,"Fibroblasts"
"EndothelialCells","Leukocytes","Tgfb1","Itgav","age30m-age3m",1,-0.00086509339274762,"Fibroblasts"
"Fibroblasts","EndothelialCells","Tgfb1","Itgb1","age30m-age3m",1,-0.00086509339274762,"Fibroblasts"
"Fibroblasts","Leukocytes","Tgfb1","Itgav","age30m-age3m",1,-0.00086509339274762,"Fibroblasts"
"Leukocytes","Leukocytes","Tgfb1","Acvrl1","age30m-age3m",1,-0.00086509339274762,"Fibroblasts"
"EndothelialCells","Fibroblasts","Tgfb1","Eng","age30m-age3m",1,-0.00086509339274762,"Fibroblasts"
"EndothelialCells","Leukocytes","Tgfb1","Eng","age30m-age3m",1,-0.00086509339274762,"Fibroblasts"
"EndothelialCells","Fibroblasts","Tgfb1","App","age30m-age3m",1,-0.00086509339274762,"Fibroblasts"
"EndothelialCells","EndothelialCells","Tgfb1","Itgav","age30m-age3m",1,-0.00086509339274762,"Fibroblasts"
"Fibroblasts","Fibroblasts","Tgfb1","Eng","age30m-age3m",1,-0.00086509339274762,"Fibroblasts"
"Fibroblasts","Leukocytes","Tgfb1","Eng","age30m-age3m",1,-0.00086509339274762,"Fibroblasts"
"Fibroblasts","Fibroblasts","Tgfb1","App","age30m-age3m",1,-0.00086509339274762,"Fibroblasts"
"Leukocytes","EndothelialCells","Tgfb1","Tgfbr2","age30m-age3m",1,-0.00086509339274762,"Fibroblasts"
"Fibroblasts","EndothelialCells","Tgfb1","Itgav","age30m-age3m",1,-0.00086509339274762,"Fibroblasts"
"EndothelialCells","Leukocytes","Tgfb1","Itgb3","age30m-age3m",1,-0.00086509339274762,"Fibroblasts"
"EndothelialCells","Leukocytes","Tgfb1","App","age30m-age3m",1,-0.00086509339274762,"Fibroblasts"
"Fibroblasts","Leukocytes","Tgfb1","Itgb3","age30m-age3m",1,-0.00086509339274762,"Fibroblasts"
"EndothelialCells","Fibroblasts","Tgfb1","Itgb3","age30m-age3m",1,-0.00086509339274762,"Fibroblasts"
"Fibroblasts","Leukocytes","Tgfb1","App","age30m-age3m",1,-0.00086509339274762,"Fibroblasts"
"Leukocytes","Fibroblasts","Tgfb1","Itgb8","age30m-age3m",1,-0.00086509339274762,"Fibroblasts"
"Fibroblasts","Fibroblasts","Tgfb1","Itgb3","age30m-age3m",1,-0.00086509339274762,"Fibroblasts"
"EndothelialCells","Leukocytes","Tgfb1","Acvrl1","age30m-age3m",1,-0.00086509339274762,"Fibroblasts"
"Fibroblasts","Leukocytes","Tgfb1","Acvrl1","age30m-age3m",1,-0.00086509339274762,"Fibroblasts"
"EndothelialCells","EndothelialCells","Tgfb1","Tgfbr2","age30m-age3m",1,-0.00086509339274762,"Fibroblasts"
"Fibroblasts","EndothelialCells","Tgfb1","Tgfbr2","age30m-age3m",1,-0.00086509339274762,"Fibroblasts"
"EndothelialCells","Fibroblasts","Tgfb1","Itgb8","age30m-age3m",1,-0.00086509339274762,"Fibroblasts"
"Leukocytes","Fibroblasts","Tgfb1","Itgb1","age30m-age3m",1,-0.00086509339274762,"Fibroblasts"
"Fibroblasts","Fibroblasts","Tgfb1","Itgb8","age30m-age3m",1,-0.00086509339274762,"Fibroblasts"
"Leukocytes","EndothelialCells","Tgfb1","Pdgfra","age30m-age3m",1,-0.00086509339274762,"Fibroblasts"
"Leukocytes","EndothelialCells","Tgfb1","Tgfbr3","age30m-age3m",1,-0.00086509339274762,"Fibroblasts"
"Leukocytes","Leukocytes","Tgfb1","Itgb1","age30m-age3m",1,-0.00086509339274762,"Fibroblasts"
"EndothelialCells","Fibroblasts","Tgfb1","Itgb1","age30m-age3m",1,-0.00086509339274762,"Fibroblasts"
"EndothelialCells","EndothelialCells","Tgfb1","Pdgfra","age30m-age3m",1,-0.00086509339274762,"Fibroblasts"
"Fibroblasts","Fibroblasts","Tgfb1","Itgb1","age30m-age3m",1,-0.00086509339274762,"Fibroblasts"
"EndothelialCells","EndothelialCells","Tgfb1","Tgfbr3","age30m-age3m",1,-0.00086509339274762,"Fibroblasts"
"Fibroblasts","EndothelialCells","Tgfb1","Pdgfra","age30m-age3m",1,-0.00086509339274762,"Fibroblasts"
"Fibroblasts","EndothelialCells","Tgfb1","Tgfbr3","age30m-age3m",1,-0.00086509339274762,"Fibroblasts"
"EndothelialCells","Leukocytes","Tgfb1","Itgb1","age30m-age3m",1,-0.00086509339274762,"Fibroblasts"
"Fibroblasts","Leukocytes","Tgfb1","Itgb1","age30m-age3m",1,-0.00086509339274762,"Fibroblasts"
"Myocytes","Fibroblasts","Tgfb1","Tgfbr1","age30m-age3m",1,-0.00086509339274762,"Fibroblasts"
"Myocytes","Fibroblasts","Tgfb1","Sdc2","age30m-age3m",1,-0.00086509339274762,"Fibroblasts"
"Leukocytes","Myocytes","Tgfb1","Eng","age30m-age3m",1,-0.00086509339274762,"Fibroblasts"
"Leukocytes","Leukocytes","Tgfb1","Tgfbr3","age30m-age3m",1,-0.00086509339274762,"Fibroblasts"
"Myocytes","EndothelialCells","Tgfb1","Eng","age30m-age3m",1,-0.00086509339274762,"Fibroblasts"
"Myocytes","Fibroblasts","Tgfb1","Pdgfra","age30m-age3m",1,-0.00086509339274762,"Fibroblasts"
"Myocytes","EndothelialCells","Tgfb1","Acvrl1","age30m-age3m",1,-0.00086509339274762,"Fibroblasts"
"Myocytes","Fibroblasts","Tgfb1","Itgav","age30m-age3m",1,-0.00086509339274762,"Fibroblasts"
"Leukocytes","Myocytes","Tgfb1","Tgfbr1","age30m-age3m",1,-0.00086509339274762,"Fibroblasts"
"Myocytes","Fibroblasts","Tgfb1","Tgfbr3","age30m-age3m",1,-0.00086509339274762,"Fibroblasts"
"Myocytes","Fibroblasts","Tgfb1","Tgfbr2","age30m-age3m",1,-0.00086509339274762,"Fibroblasts"
"Leukocytes","Myocytes","Tgfb1","Itgb1","age30m-age3m",1,-0.00086509339274762,"Fibroblasts"
"Leukocytes","Myocytes","Tgfb1","App","age30m-age3m",1,-0.00086509339274762,"Fibroblasts"
"Leukocytes","Leukocytes","Tgfb1","Sdc2","age30m-age3m",1,-0.00086509339274762,"Fibroblasts"
"Myocytes","Fibroblasts","Tgfb1","Itgb3","age30m-age3m",1,-0.00086509339274762,"Fibroblasts"
"EndothelialCells","Myocytes","Tgfb1","Eng","age30m-age3m",1,-0.00086509339274762,"Fibroblasts"
"EndothelialCells","Leukocytes","Tgfb1","Tgfbr3","age30m-age3m",1,-0.00086509339274762,"Fibroblasts"
"Myocytes","Leukocytes","Tgfb1","Tgfbr2","age30m-age3m",1,-0.00086509339274762,"Fibroblasts"
"Fibroblasts","Myocytes","Tgfb1","Eng","age30m-age3m",1,-0.00086509339274762,"Fibroblasts"
"Fibroblasts","Leukocytes","Tgfb1","Tgfbr3","age30m-age3m",1,-0.00086509339274762,"Fibroblasts"
"Leukocytes","Myocytes","Tgfb1","Sdc2","age30m-age3m",1,-0.00086509339274762,"Fibroblasts"
"EndothelialCells","Myocytes","Tgfb1","Tgfbr1","age30m-age3m",1,-0.00086509339274762,"Fibroblasts"
"Fibroblasts","Myocytes","Tgfb1","Tgfbr1","age30m-age3m",1,-0.00086509339274762,"Fibroblasts"
"EndothelialCells","Myocytes","Tgfb1","Itgb1","age30m-age3m",1,-0.00086509339274762,"Fibroblasts"
"EndothelialCells","Myocytes","Tgfb1","App","age30m-age3m",1,-0.00086509339274762,"Fibroblasts"
"Fibroblasts","Myocytes","Tgfb1","Itgb1","age30m-age3m",1,-0.00086509339274762,"Fibroblasts"
"EndothelialCells","Leukocytes","Tgfb1","Sdc2","age30m-age3m",1,-0.00086509339274762,"Fibroblasts"
"Myocytes","EndothelialCells","Tgfb1","Tgfbr1","age30m-age3m",1,-0.00086509339274762,"Fibroblasts"
"Fibroblasts","Myocytes","Tgfb1","App","age30m-age3m",1,-0.00086509339274762,"Fibroblasts"
"Fibroblasts","Leukocytes","Tgfb1","Sdc2","age30m-age3m",1,-0.00086509339274762,"Fibroblasts"
"Myocytes","Fibroblasts","Tgfb1","Acvrl1","age30m-age3m",1,-0.00086509339274762,"Fibroblasts"
"Myocytes","EndothelialCells","Tgfb1","App","age30m-age3m",1,-0.00086509339274762,"Fibroblasts"
"Myocytes","Leukocytes","Tgfb1","Tgfbr1","age30m-age3m",1,-0.00086509339274762,"Fibroblasts"
"Leukocytes","Myocytes","Tgfb1","Tgfbr2","age30m-age3m",1,-0.00086509339274762,"Fibroblasts"
"EndothelialCells","Myocytes","Tgfb1","Sdc2","age30m-age3m",1,-0.00086509339274762,"Fibroblasts"
"Myocytes","EndothelialCells","Tgfb1","Itgb1","age30m-age3m",1,-0.00086509339274762,"Fibroblasts"
"Myocytes","Leukocytes","Tgfb1","Itgav","age30m-age3m",1,-0.00086509339274762,"Fibroblasts"
"Fibroblasts","Myocytes","Tgfb1","Sdc2","age30m-age3m",1,-0.00086509339274762,"Fibroblasts"
"Myocytes","Fibroblasts","Tgfb1","Eng","age30m-age3m",1,-0.00086509339274762,"Fibroblasts"
"Myocytes","Leukocytes","Tgfb1","Eng","age30m-age3m",1,-0.00086509339274762,"Fibroblasts"
"Leukocytes","Myocytes","Tgfb1","Tgfbr3","age30m-age3m",1,-0.00086509339274762,"Fibroblasts"
"Myocytes","Fibroblasts","Tgfb1","App","age30m-age3m",1,-0.00086509339274762,"Fibroblasts"
"Myocytes","EndothelialCells","Tgfb1","Itgav","age30m-age3m",1,-0.00086509339274762,"Fibroblasts"
"Myocytes","Leukocytes","Tgfb1","App","age30m-age3m",1,-0.00086509339274762,"Fibroblasts"
"EndothelialCells","Myocytes","Tgfb1","Tgfbr2","age30m-age3m",1,-0.00086509339274762,"Fibroblasts"
"Fibroblasts","Myocytes","Tgfb1","Tgfbr2","age30m-age3m",1,-0.00086509339274762,"Fibroblasts"
"Myocytes","Leukocytes","Tgfb1","Acvrl1","age30m-age3m",1,-0.00086509339274762,"Fibroblasts"
"EndothelialCells","Myocytes","Tgfb1","Tgfbr3","age30m-age3m",1,-0.00086509339274762,"Fibroblasts"
"Fibroblasts","Myocytes","Tgfb1","Tgfbr3","age30m-age3m",1,-0.00086509339274762,"Fibroblasts"
"Myocytes","EndothelialCells","Tgfb1","Tgfbr2","age30m-age3m",1,-0.00086509339274762,"Fibroblasts"
"Myocytes","Myocytes","Tgfb1","Eng","age30m-age3m",1,-0.00086509339274762,"Fibroblasts"
"Myocytes","Myocytes","Tgfb1","Tgfbr1","age30m-age3m",1,-0.00086509339274762,"Fibroblasts"
"Myocytes","Fibroblasts","Tgfb1","Itgb1","age30m-age3m",1,-0.00086509339274762,"Fibroblasts"
"Myocytes","EndothelialCells","Tgfb1","Tgfbr3","age30m-age3m",1,-0.00086509339274762,"Fibroblasts"
"Myocytes","Myocytes","Tgfb1","App","age30m-age3m",1,-0.00086509339274762,"Fibroblasts"
"Myocytes","Leukocytes","Tgfb1","Itgb1","age30m-age3m",1,-0.00086509339274762,"Fibroblasts"
"Myocytes","Myocytes","Tgfb1","Sdc2","age30m-age3m",1,-0.00086509339274762,"Fibroblasts"
"Myocytes","Myocytes","Tgfb1","Tgfbr2","age30m-age3m",1,-0.00086509339274762,"Fibroblasts"
"Myocytes","Myocytes","Tgfb1","Tgfbr3","age30m-age3m",1,-0.00086509339274762,"Fibroblasts"
"Myocytes","Myocytes","Tgfb1","Itgb1","age30m-age3m",1,-0.00086509339274762,"Fibroblasts"
"Fibroblasts","EndothelialCells","Sema3c","Plxna4","age30m-age3m",1,-0.000865330405423798,"Fibroblasts"
"Fibroblasts","Fibroblasts","Sema3c","Plxna1","age30m-age3m",1,-0.000865330405423798,"Fibroblasts"
"Fibroblasts","EndothelialCells","Sema3c","Nrp1","age30m-age3m",1,-0.000865330405423798,"Fibroblasts"
"Fibroblasts","Leukocytes","Sema3c","Plxna4","age30m-age3m",1,-0.000865330405423798,"Fibroblasts"
"Fibroblasts","EndothelialCells","Sema3c","Plxnd1","age30m-age3m",1,-0.000865330405423798,"Fibroblasts"
"Fibroblasts","EndothelialCells","Sema3c","Plxna2","age30m-age3m",1,-0.000865330405423798,"Fibroblasts"
"Fibroblasts","Leukocytes","Sema3c","Nrp2","age30m-age3m",1,-0.000865330405423798,"Fibroblasts"
"Fibroblasts","EndothelialCells","Sema3c","Plxna1","age30m-age3m",1,-0.000865330405423798,"Fibroblasts"
"Fibroblasts","Leukocytes","Sema3c","Plxnd1","age30m-age3m",1,-0.000865330405423798,"Fibroblasts"
"Fibroblasts","Fibroblasts","Sema3c","Plxnd1","age30m-age3m",1,-0.000865330405423798,"Fibroblasts"
"Fibroblasts","Leukocytes","Sema3c","Plxna1","age30m-age3m",1,-0.000865330405423798,"Fibroblasts"
"Fibroblasts","Leukocytes","Sema3c","Nrp1","age30m-age3m",1,-0.000865330405423798,"Fibroblasts"
"Fibroblasts","EndothelialCells","Sema3c","Nrp2","age30m-age3m",1,-0.000865330405423798,"Fibroblasts"
"Fibroblasts","Fibroblasts","Sema3c","Plxna2","age30m-age3m",1,-0.000865330405423798,"Fibroblasts"
"Fibroblasts","Fibroblasts","Sema3c","Nrp1","age30m-age3m",1,-0.000865330405423798,"Fibroblasts"
"Fibroblasts","Fibroblasts","Sema3c","Nrp2","age30m-age3m",1,-0.000865330405423798,"Fibroblasts"
"Fibroblasts","Fibroblasts","Sema3c","Plxna3","age30m-age3m",1,-0.000865330405423798,"Fibroblasts"
"Fibroblasts","Myocytes","Sema3c","Nrp2","age30m-age3m",1,-0.000865330405423798,"Fibroblasts"
"Fibroblasts","Myocytes","Sema3c","Nrp1","age30m-age3m",1,-0.000865330405423798,"Fibroblasts"
"EndothelialCells","Leukocytes","Dll1","Notch1","age30m-age3m",1,-0.000869679536344647,"EndocardialCells"
"EndothelialCells","EndothelialCells","Dll1","Notch4","age30m-age3m",1,-0.000869679536344647,"EndocardialCells"
"EndothelialCells","EndothelialCells","Dll1","Notch1","age30m-age3m",1,-0.000869679536344647,"EndocardialCells"
"EndothelialCells","Leukocytes","Dll1","Notch2","age30m-age3m",1,-0.000869679536344647,"EndocardialCells"
"EndothelialCells","Fibroblasts","Dll1","Notch2","age30m-age3m",1,-0.000869679536344647,"EndocardialCells"
"EndothelialCells","Fibroblasts","Dll1","Notch1","age30m-age3m",1,-0.000869679536344647,"EndocardialCells"
"EndothelialCells","Fibroblasts","Dll1","Notch3","age30m-age3m",1,-0.000869679536344647,"EndocardialCells"
"Leukocytes","Leukocytes","Dll1","Notch1","age30m-age3m",1,-0.000869679536344647,"EndocardialCells"
"EndothelialCells","Leukocytes","Dll1","Notch4","age30m-age3m",1,-0.000869679536344647,"EndocardialCells"
"EndothelialCells","Fibroblasts","Dll1","Notch4","age30m-age3m",1,-0.000869679536344647,"EndocardialCells"
"Leukocytes","EndothelialCells","Dll1","Notch4","age30m-age3m",1,-0.000869679536344647,"EndocardialCells"
"Leukocytes","EndothelialCells","Dll1","Notch1","age30m-age3m",1,-0.000869679536344647,"EndocardialCells"
"Leukocytes","Fibroblasts","Dll1","Notch3","age30m-age3m",1,-0.000869679536344647,"EndocardialCells"
"Leukocytes","Leukocytes","Dll1","Notch4","age30m-age3m",1,-0.000869679536344647,"EndocardialCells"
"Leukocytes","Leukocytes","Dll1","Notch2","age30m-age3m",1,-0.000869679536344647,"EndocardialCells"
"Leukocytes","Fibroblasts","Dll1","Notch2","age30m-age3m",1,-0.000869679536344647,"EndocardialCells"
"Leukocytes","Fibroblasts","Dll1","Notch1","age30m-age3m",1,-0.000869679536344647,"EndocardialCells"
"Fibroblasts","Fibroblasts","Tgfb3","Tgfbr1","age30m-age3m",1,-0.000875693591449248,"Fibroblasts"
"Fibroblasts","Fibroblasts","Tgfb3","Tgfbr3","age30m-age3m",1,-0.000875693591449248,"Fibroblasts"
"Fibroblasts","Fibroblasts","Tgfb3","Tgfbr2","age30m-age3m",1,-0.000875693591449248,"Fibroblasts"
"Fibroblasts","Fibroblasts","Tgfb3","Acvrl1","age30m-age3m",1,-0.000875693591449248,"Fibroblasts"
"Fibroblasts","Leukocytes","Tgfb3","Tgfbr2","age30m-age3m",1,-0.000875693591449248,"Fibroblasts"
"Fibroblasts","EndothelialCells","Tgfb3","Eng","age30m-age3m",1,-0.000875693591449248,"Fibroblasts"
"Fibroblasts","EndothelialCells","Tgfb3","Acvrl1","age30m-age3m",1,-0.000875693591449248,"Fibroblasts"
"Fibroblasts","Fibroblasts","Tgfb3","Eng","age30m-age3m",1,-0.000875693591449248,"Fibroblasts"
"Fibroblasts","Fibroblasts","Tgfb3","Itgb3","age30m-age3m",1,-0.000875693591449248,"Fibroblasts"
"Fibroblasts","Leukocytes","Tgfb3","Tgfbr1","age30m-age3m",1,-0.000875693591449248,"Fibroblasts"
"Fibroblasts","Leukocytes","Tgfb3","Eng","age30m-age3m",1,-0.000875693591449248,"Fibroblasts"
"Fibroblasts","EndothelialCells","Tgfb3","Tgfbr1","age30m-age3m",1,-0.000875693591449248,"Fibroblasts"
"Fibroblasts","Leukocytes","Tgfb3","Itgb3","age30m-age3m",1,-0.000875693591449248,"Fibroblasts"
"Leukocytes","Fibroblasts","Tgfb3","Tgfbr1","age30m-age3m",1,-0.000875693591449248,"Fibroblasts"
"Fibroblasts","Leukocytes","Tgfb3","Acvrl1","age30m-age3m",1,-0.000875693591449248,"Fibroblasts"
"Leukocytes","Fibroblasts","Tgfb3","Tgfbr3","age30m-age3m",1,-0.000875693591449248,"Fibroblasts"
"Leukocytes","Fibroblasts","Tgfb3","Tgfbr2","age30m-age3m",1,-0.000875693591449248,"Fibroblasts"
"Myocytes","Fibroblasts","Tgfb3","Tgfbr1","age30m-age3m",1,-0.000875693591449248,"Fibroblasts"
"Fibroblasts","EndothelialCells","Tgfb3","Tgfbr2","age30m-age3m",1,-0.000875693591449248,"Fibroblasts"
"Leukocytes","Fibroblasts","Tgfb3","Acvrl1","age30m-age3m",1,-0.000875693591449248,"Fibroblasts"
"Leukocytes","Leukocytes","Tgfb3","Itgb3","age30m-age3m",1,-0.000875693591449248,"Fibroblasts"
"Fibroblasts","Myocytes","Tgfb3","Eng","age30m-age3m",1,-0.000875693591449248,"Fibroblasts"
"Myocytes","Fibroblasts","Tgfb3","Tgfbr3","age30m-age3m",1,-0.000875693591449248,"Fibroblasts"
"Leukocytes","Leukocytes","Tgfb3","Tgfbr2","age30m-age3m",1,-0.000875693591449248,"Fibroblasts"
"Myocytes","Fibroblasts","Tgfb3","Tgfbr2","age30m-age3m",1,-0.000875693591449248,"Fibroblasts"
"Leukocytes","EndothelialCells","Tgfb3","Eng","age30m-age3m",1,-0.000875693591449248,"Fibroblasts"
"Leukocytes","EndothelialCells","Tgfb3","Acvrl1","age30m-age3m",1,-0.000875693591449248,"Fibroblasts"
"Myocytes","Fibroblasts","Tgfb3","Itgb3","age30m-age3m",1,-0.000875693591449248,"Fibroblasts"
"Fibroblasts","Myocytes","Tgfb3","Tgfbr1","age30m-age3m",1,-0.000875693591449248,"Fibroblasts"
"Leukocytes","Fibroblasts","Tgfb3","Eng","age30m-age3m",1,-0.000875693591449248,"Fibroblasts"
"Fibroblasts","EndothelialCells","Tgfb3","Tgfbr3","age30m-age3m",1,-0.000875693591449248,"Fibroblasts"
"Leukocytes","Leukocytes","Tgfb3","Tgfbr1","age30m-age3m",1,-0.000875693591449248,"Fibroblasts"
"Myocytes","Fibroblasts","Tgfb3","Acvrl1","age30m-age3m",1,-0.000875693591449248,"Fibroblasts"
"Fibroblasts","Leukocytes","Tgfb3","Tgfbr3","age30m-age3m",1,-0.000875693591449248,"Fibroblasts"
"Myocytes","Leukocytes","Tgfb3","Tgfbr2","age30m-age3m",1,-0.000875693591449248,"Fibroblasts"
"Leukocytes","Leukocytes","Tgfb3","Eng","age30m-age3m",1,-0.000875693591449248,"Fibroblasts"
"Leukocytes","EndothelialCells","Tgfb3","Tgfbr1","age30m-age3m",1,-0.000875693591449248,"Fibroblasts"
"Myocytes","EndothelialCells","Tgfb3","Eng","age30m-age3m",1,-0.000875693591449248,"Fibroblasts"
"Fibroblasts","Myocytes","Tgfb3","Tgfbr2","age30m-age3m",1,-0.000875693591449248,"Fibroblasts"
"Myocytes","EndothelialCells","Tgfb3","Acvrl1","age30m-age3m",1,-0.000875693591449248,"Fibroblasts"
"Myocytes","Fibroblasts","Tgfb3","Eng","age30m-age3m",1,-0.000875693591449248,"Fibroblasts"
"Leukocytes","Leukocytes","Tgfb3","Acvrl1","age30m-age3m",1,-0.000875693591449248,"Fibroblasts"
"Fibroblasts","Myocytes","Tgfb3","Tgfbr3","age30m-age3m",1,-0.000875693591449248,"Fibroblasts"
"Myocytes","Leukocytes","Tgfb3","Tgfbr1","age30m-age3m",1,-0.000875693591449248,"Fibroblasts"
"Myocytes","Leukocytes","Tgfb3","Eng","age30m-age3m",1,-0.000875693591449248,"Fibroblasts"
"Leukocytes","Leukocytes","Tgfb3","Tgfbr3","age30m-age3m",1,-0.000875693591449248,"Fibroblasts"
"Myocytes","EndothelialCells","Tgfb3","Tgfbr1","age30m-age3m",1,-0.000875693591449248,"Fibroblasts"
"Myocytes","Myocytes","Tgfb3","Eng","age30m-age3m",1,-0.000875693591449248,"Fibroblasts"
"Leukocytes","EndothelialCells","Tgfb3","Tgfbr2","age30m-age3m",1,-0.000875693591449248,"Fibroblasts"
"Myocytes","Leukocytes","Tgfb3","Acvrl1","age30m-age3m",1,-0.000875693591449248,"Fibroblasts"
"Myocytes","Myocytes","Tgfb3","Tgfbr1","age30m-age3m",1,-0.000875693591449248,"Fibroblasts"
"Leukocytes","EndothelialCells","Tgfb3","Tgfbr3","age30m-age3m",1,-0.000875693591449248,"Fibroblasts"
"Myocytes","EndothelialCells","Tgfb3","Tgfbr2","age30m-age3m",1,-0.000875693591449248,"Fibroblasts"
"Myocytes","Myocytes","Tgfb3","Tgfbr2","age30m-age3m",1,-0.000875693591449248,"Fibroblasts"
"Myocytes","Myocytes","Tgfb3","Tgfbr3","age30m-age3m",1,-0.000875693591449248,"Fibroblasts"
"Myocytes","EndothelialCells","Tgfb3","Tgfbr3","age30m-age3m",1,-0.000875693591449248,"Fibroblasts"
"Fibroblasts","EndothelialCells","Lgals1","Itgb1","age30m-age3m",1,-0.000876068336618156,"Fibroblasts"
"Leukocytes","EndothelialCells","Lgals1","Itgb1","age30m-age3m",1,-0.000876068336618156,"Fibroblasts"
"Fibroblasts","Leukocytes","Lgals1","Ptprc","age30m-age3m",1,-0.000876068336618156,"Fibroblasts"
"Myocytes","EndothelialCells","Lgals1","Itgb1","age30m-age3m",1,-0.000876068336618156,"Fibroblasts"
"Leukocytes","Leukocytes","Lgals1","Ptprc","age30m-age3m",1,-0.000876068336618156,"Fibroblasts"
"Myocytes","Leukocytes","Lgals1","Ptprc","age30m-age3m",1,-0.000876068336618156,"Fibroblasts"
"Fibroblasts","Leukocytes","Lgals1","Itgb1","age30m-age3m",1,-0.000876068336618156,"Fibroblasts"
"Fibroblasts","Fibroblasts","Lgals1","Itgb1","age30m-age3m",1,-0.000876068336618156,"Fibroblasts"
"Leukocytes","Leukocytes","Lgals1","Itgb1","age30m-age3m",1,-0.000876068336618156,"Fibroblasts"
"Leukocytes","Fibroblasts","Lgals1","Itgb1","age30m-age3m",1,-0.000876068336618156,"Fibroblasts"
"Myocytes","Leukocytes","Lgals1","Itgb1","age30m-age3m",1,-0.000876068336618156,"Fibroblasts"
"Myocytes","Fibroblasts","Lgals1","Itgb1","age30m-age3m",1,-0.000876068336618156,"Fibroblasts"
"EndothelialCells","EndothelialCells","Lgals1","Itgb1","age30m-age3m",1,-0.000876068336618156,"Fibroblasts"
"Fibroblasts","Myocytes","Lgals1","Itgb1","age30m-age3m",1,-0.000876068336618156,"Fibroblasts"
"Leukocytes","Myocytes","Lgals1","Itgb1","age30m-age3m",1,-0.000876068336618156,"Fibroblasts"
"EndothelialCells","Leukocytes","Lgals1","Ptprc","age30m-age3m",1,-0.000876068336618156,"Fibroblasts"
"Myocytes","Myocytes","Lgals1","Itgb1","age30m-age3m",1,-0.000876068336618156,"Fibroblasts"
"Fibroblasts","Fibroblasts","Lgals1","Ptprc","age30m-age3m",1,-0.000876068336618156,"Fibroblasts"
"EndothelialCells","Leukocytes","Lgals1","Itgb1","age30m-age3m",1,-0.000876068336618156,"Fibroblasts"
"Leukocytes","Fibroblasts","Lgals1","Ptprc","age30m-age3m",1,-0.000876068336618156,"Fibroblasts"
"EndothelialCells","Fibroblasts","Lgals1","Itgb1","age30m-age3m",1,-0.000876068336618156,"Fibroblasts"
"Myocytes","Fibroblasts","Lgals1","Ptprc","age30m-age3m",1,-0.000876068336618156,"Fibroblasts"
"EndothelialCells","Myocytes","Lgals1","Itgb1","age30m-age3m",1,-0.000876068336618156,"Fibroblasts"
"EndothelialCells","Fibroblasts","Lgals1","Ptprc","age30m-age3m",1,-0.000876068336618156,"Fibroblasts"
"Leukocytes","Fibroblasts","Plekho2","Pdgfrb","age30m-age3m",1,-0.000877195212775936,"Fibroblasts"
"Fibroblasts","Fibroblasts","Plekho2","Pdgfrb","age30m-age3m",1,-0.000877195212775936,"Fibroblasts"
"EndothelialCells","Fibroblasts","Plekho2","Pdgfrb","age30m-age3m",1,-0.000877195212775936,"Fibroblasts"
"Myocytes","Leukocytes","Mif","Cxcr4","age30m-age3m",1,-0.000877490238429436,"Fibroblasts"
"Myocytes","Fibroblasts","Mif","Egfr","age30m-age3m",1,-0.000877490238429436,"Fibroblasts"
"Myocytes","Leukocytes","Mif","Cd74","age30m-age3m",1,-0.000877490238429436,"Fibroblasts"
"Myocytes","Leukocytes","Mif","Cd44","age30m-age3m",1,-0.000877490238429436,"Fibroblasts"
"Myocytes","EndothelialCells","Mif","Cd74","age30m-age3m",1,-0.000877490238429436,"Fibroblasts"
"Myocytes","Fibroblasts","Mif","Cd74","age30m-age3m",1,-0.000877490238429436,"Fibroblasts"
"Myocytes","Fibroblasts","Mif","Cd44","age30m-age3m",1,-0.000877490238429436,"Fibroblasts"
"Fibroblasts","Leukocytes","Mif","Cxcr4","age30m-age3m",1,-0.000877490238429436,"Fibroblasts"
"EndothelialCells","Leukocytes","Mif","Cxcr4","age30m-age3m",1,-0.000877490238429436,"Fibroblasts"
"Leukocytes","Leukocytes","Mif","Cxcr4","age30m-age3m",1,-0.000877490238429436,"Fibroblasts"
"Myocytes","Myocytes","Mif","Cd74","age30m-age3m",1,-0.000877490238429436,"Fibroblasts"
"Myocytes","Myocytes","Mif","Cd44","age30m-age3m",1,-0.000877490238429436,"Fibroblasts"
"Fibroblasts","Fibroblasts","Mif","Egfr","age30m-age3m",1,-0.000877490238429436,"Fibroblasts"
"Myocytes","Leukocytes","Mif","Egfr","age30m-age3m",1,-0.000877490238429436,"Fibroblasts"
"Fibroblasts","Leukocytes","Mif","Cd74","age30m-age3m",1,-0.000877490238429436,"Fibroblasts"
"Fibroblasts","Leukocytes","Mif","Cd44","age30m-age3m",1,-0.000877490238429436,"Fibroblasts"
"Fibroblasts","EndothelialCells","Mif","Cd74","age30m-age3m",1,-0.000877490238429436,"Fibroblasts"
"Myocytes","EndothelialCells","Mif","Cxcr4","age30m-age3m",1,-0.000877490238429436,"Fibroblasts"
"Fibroblasts","Fibroblasts","Mif","Cd74","age30m-age3m",1,-0.000877490238429436,"Fibroblasts"
"EndothelialCells","Fibroblasts","Mif","Egfr","age30m-age3m",1,-0.000877490238429436,"Fibroblasts"
"Leukocytes","Fibroblasts","Mif","Egfr","age30m-age3m",1,-0.000877490238429436,"Fibroblasts"
"Fibroblasts","Fibroblasts","Mif","Cd44","age30m-age3m",1,-0.000877490238429436,"Fibroblasts"
"EndothelialCells","Leukocytes","Mif","Cd74","age30m-age3m",1,-0.000877490238429436,"Fibroblasts"
"EndothelialCells","Leukocytes","Mif","Cd44","age30m-age3m",1,-0.000877490238429436,"Fibroblasts"
"EndothelialCells","EndothelialCells","Mif","Cd74","age30m-age3m",1,-0.000877490238429436,"Fibroblasts"
"Leukocytes","Leukocytes","Mif","Cd74","age30m-age3m",1,-0.000877490238429436,"Fibroblasts"
"EndothelialCells","Fibroblasts","Mif","Cd74","age30m-age3m",1,-0.000877490238429436,"Fibroblasts"
"Leukocytes","Leukocytes","Mif","Cd44","age30m-age3m",1,-0.000877490238429436,"Fibroblasts"
"Leukocytes","EndothelialCells","Mif","Cd74","age30m-age3m",1,-0.000877490238429436,"Fibroblasts"
"Leukocytes","Fibroblasts","Mif","Cd74","age30m-age3m",1,-0.000877490238429436,"Fibroblasts"
"EndothelialCells","Fibroblasts","Mif","Cd44","age30m-age3m",1,-0.000877490238429436,"Fibroblasts"
"Leukocytes","Fibroblasts","Mif","Cd44","age30m-age3m",1,-0.000877490238429436,"Fibroblasts"
"Myocytes","EndothelialCells","Mif","Cd44","age30m-age3m",1,-0.000877490238429436,"Fibroblasts"
"Fibroblasts","Myocytes","Mif","Cd74","age30m-age3m",1,-0.000877490238429436,"Fibroblasts"
"Fibroblasts","Myocytes","Mif","Cd44","age30m-age3m",1,-0.000877490238429436,"Fibroblasts"
"Fibroblasts","Leukocytes","Mif","Egfr","age30m-age3m",1,-0.000877490238429436,"Fibroblasts"
"EndothelialCells","Myocytes","Mif","Cd74","age30m-age3m",1,-0.000877490238429436,"Fibroblasts"
"EndothelialCells","Myocytes","Mif","Cd44","age30m-age3m",1,-0.000877490238429436,"Fibroblasts"
"Leukocytes","Myocytes","Mif","Cd74","age30m-age3m",1,-0.000877490238429436,"Fibroblasts"
"Leukocytes","Myocytes","Mif","Cd44","age30m-age3m",1,-0.000877490238429436,"Fibroblasts"
"Fibroblasts","EndothelialCells","Mif","Cxcr4","age30m-age3m",1,-0.000877490238429436,"Fibroblasts"
"EndothelialCells","Leukocytes","Mif","Egfr","age30m-age3m",1,-0.000877490238429436,"Fibroblasts"
"Leukocytes","Leukocytes","Mif","Egfr","age30m-age3m",1,-0.000877490238429436,"Fibroblasts"
"EndothelialCells","EndothelialCells","Mif","Cxcr4","age30m-age3m",1,-0.000877490238429436,"Fibroblasts"
"Leukocytes","EndothelialCells","Mif","Cxcr4","age30m-age3m",1,-0.000877490238429436,"Fibroblasts"
"Fibroblasts","EndothelialCells","Mif","Cd44","age30m-age3m",1,-0.000877490238429436,"Fibroblasts"
"EndothelialCells","EndothelialCells","Mif","Cd44","age30m-age3m",1,-0.000877490238429436,"Fibroblasts"
"Leukocytes","EndothelialCells","Mif","Cd44","age30m-age3m",1,-0.000877490238429436,"Fibroblasts"
"Myocytes","EndothelialCells","Zdhhc5","S1pr1","age30m-age3m",1,-0.000879371749652393,"Fibroblasts"
"Fibroblasts","EndothelialCells","Zdhhc5","S1pr1","age30m-age3m",1,-0.000879371749652393,"Fibroblasts"
"Myocytes","Leukocytes","Zdhhc5","S1pr1","age30m-age3m",1,-0.000879371749652393,"Fibroblasts"
"Fibroblasts","Leukocytes","Zdhhc5","S1pr1","age30m-age3m",1,-0.000879371749652393,"Fibroblasts"
"EndothelialCells","EndothelialCells","Zdhhc5","S1pr1","age30m-age3m",1,-0.000879371749652393,"Fibroblasts"
"Myocytes","Fibroblasts","Zdhhc5","S1pr1","age30m-age3m",1,-0.000879371749652393,"Fibroblasts"
"Leukocytes","EndothelialCells","Zdhhc5","S1pr1","age30m-age3m",1,-0.000879371749652393,"Fibroblasts"
"Fibroblasts","Fibroblasts","Zdhhc5","S1pr1","age30m-age3m",1,-0.000879371749652393,"Fibroblasts"
"EndothelialCells","Leukocytes","Zdhhc5","S1pr1","age30m-age3m",1,-0.000879371749652393,"Fibroblasts"
"Leukocytes","Leukocytes","Zdhhc5","S1pr1","age30m-age3m",1,-0.000879371749652393,"Fibroblasts"
"EndothelialCells","Fibroblasts","Zdhhc5","S1pr1","age30m-age3m",1,-0.000879371749652393,"Fibroblasts"
"Leukocytes","Fibroblasts","Zdhhc5","S1pr1","age30m-age3m",1,-0.000879371749652393,"Fibroblasts"
"Myocytes","Myocytes","Zdhhc5","S1pr1","age30m-age3m",1,-0.000879371749652393,"Fibroblasts"
"Fibroblasts","Myocytes","Zdhhc5","S1pr1","age30m-age3m",1,-0.000879371749652393,"Fibroblasts"
"EndothelialCells","Myocytes","Zdhhc5","S1pr1","age30m-age3m",1,-0.000879371749652393,"Fibroblasts"
"Leukocytes","Myocytes","Zdhhc5","S1pr1","age30m-age3m",1,-0.000879371749652393,"Fibroblasts"
"Fibroblasts","Fibroblasts","Timp1","Mmp2","age30m-age3m",1,-0.000880419594697801,"Fibroblasts"
"Fibroblasts","Leukocytes","Timp1","Cd63","age30m-age3m",1,-0.000880419594697801,"Fibroblasts"
"Fibroblasts","Fibroblasts","Timp1","Cd63","age30m-age3m",1,-0.000880419594697801,"Fibroblasts"
"Fibroblasts","EndothelialCells","Timp1","Mmp2","age30m-age3m",1,-0.000880419594697801,"Fibroblasts"
"Fibroblasts","Leukocytes","Timp1","Mmp9","age30m-age3m",1,-0.000880419594697801,"Fibroblasts"
"Fibroblasts","Leukocytes","Timp1","Mmp2","age30m-age3m",1,-0.000880419594697801,"Fibroblasts"
"Myocytes","Fibroblasts","Timp1","Mmp2","age30m-age3m",1,-0.000880419594697801,"Fibroblasts"
"Myocytes","Leukocytes","Timp1","Cd63","age30m-age3m",1,-0.000880419594697801,"Fibroblasts"
"Fibroblasts","EndothelialCells","Timp1","Cd63","age30m-age3m",1,-0.000880419594697801,"Fibroblasts"
"Fibroblasts","Myocytes","Timp1","Mmp2","age30m-age3m",1,-0.000880419594697801,"Fibroblasts"
"Leukocytes","Fibroblasts","Timp1","Mmp2","age30m-age3m",1,-0.000880419594697801,"Fibroblasts"
"Leukocytes","Leukocytes","Timp1","Cd63","age30m-age3m",1,-0.000880419594697801,"Fibroblasts"
"Fibroblasts","Myocytes","Timp1","Cd63","age30m-age3m",1,-0.000880419594697801,"Fibroblasts"
"Myocytes","Fibroblasts","Timp1","Cd63","age30m-age3m",1,-0.000880419594697801,"Fibroblasts"
"Fibroblasts","Fibroblasts","Timp1","Mmp9","age30m-age3m",1,-0.000880419594697801,"Fibroblasts"
"Myocytes","EndothelialCells","Timp1","Mmp2","age30m-age3m",1,-0.000880419594697801,"Fibroblasts"
"Leukocytes","Fibroblasts","Timp1","Cd63","age30m-age3m",1,-0.000880419594697801,"Fibroblasts"
"Myocytes","Leukocytes","Timp1","Mmp9","age30m-age3m",1,-0.000880419594697801,"Fibroblasts"
"Leukocytes","EndothelialCells","Timp1","Mmp2","age30m-age3m",1,-0.000880419594697801,"Fibroblasts"
"Myocytes","Leukocytes","Timp1","Mmp2","age30m-age3m",1,-0.000880419594697801,"Fibroblasts"
"Leukocytes","Leukocytes","Timp1","Mmp9","age30m-age3m",1,-0.000880419594697801,"Fibroblasts"
"Myocytes","Myocytes","Timp1","Mmp2","age30m-age3m",1,-0.000880419594697801,"Fibroblasts"
"Leukocytes","Leukocytes","Timp1","Mmp2","age30m-age3m",1,-0.000880419594697801,"Fibroblasts"
"Myocytes","Myocytes","Timp1","Cd63","age30m-age3m",1,-0.000880419594697801,"Fibroblasts"
"Leukocytes","Myocytes","Timp1","Mmp2","age30m-age3m",1,-0.000880419594697801,"Fibroblasts"
"Leukocytes","Myocytes","Timp1","Cd63","age30m-age3m",1,-0.000880419594697801,"Fibroblasts"
"Myocytes","EndothelialCells","Timp1","Cd63","age30m-age3m",1,-0.000880419594697801,"Fibroblasts"
"Leukocytes","EndothelialCells","Timp1","Cd63","age30m-age3m",1,-0.000880419594697801,"Fibroblasts"
"EndothelialCells","Fibroblasts","Bmp4","Bmpr1a","age30m-age3m",1,-0.000891810552840502,"Fibroblasts"
"EndothelialCells","EndothelialCells","Bmp4","Acvr1","age30m-age3m",1,-0.000891810552840502,"Fibroblasts"
"EndothelialCells","Fibroblasts","Bmp4","Acvr1","age30m-age3m",1,-0.000891810552840502,"Fibroblasts"
"EndothelialCells","Leukocytes","Bmp4","Acvr1","age30m-age3m",1,-0.000891810552840502,"Fibroblasts"
"EndothelialCells","EndothelialCells","Bmp4","Bmpr2","age30m-age3m",1,-0.000891810552840502,"Fibroblasts"
"Fibroblasts","Fibroblasts","Bmp4","Bmpr1a","age30m-age3m",1,-0.000891810552840502,"Fibroblasts"
"EndothelialCells","Fibroblasts","Bmp4","Bmpr2","age30m-age3m",1,-0.000891810552840502,"Fibroblasts"
"EndothelialCells","Fibroblasts","Bmp4","Acvr2b","age30m-age3m",1,-0.000891810552840502,"Fibroblasts"
"EndothelialCells","EndothelialCells","Bmp4","Acvr2a","age30m-age3m",1,-0.000891810552840502,"Fibroblasts"
"Fibroblasts","EndothelialCells","Bmp4","Acvr1","age30m-age3m",1,-0.000891810552840502,"Fibroblasts"
"Fibroblasts","Fibroblasts","Bmp4","Acvr1","age30m-age3m",1,-0.000891810552840502,"Fibroblasts"
"EndothelialCells","EndothelialCells","Bmp4","Acvr2b","age30m-age3m",1,-0.000891810552840502,"Fibroblasts"
"Fibroblasts","Leukocytes","Bmp4","Acvr1","age30m-age3m",1,-0.000891810552840502,"Fibroblasts"
"Fibroblasts","EndothelialCells","Bmp4","Bmpr2","age30m-age3m",1,-0.000891810552840502,"Fibroblasts"
"Fibroblasts","Fibroblasts","Bmp4","Bmpr2","age30m-age3m",1,-0.000891810552840502,"Fibroblasts"
"Fibroblasts","Fibroblasts","Bmp4","Acvr2b","age30m-age3m",1,-0.000891810552840502,"Fibroblasts"
"Fibroblasts","EndothelialCells","Bmp4","Acvr2a","age30m-age3m",1,-0.000891810552840502,"Fibroblasts"
"EndothelialCells","Leukocytes","Bmp4","Bmpr1a","age30m-age3m",1,-0.000891810552840502,"Fibroblasts"
"Fibroblasts","EndothelialCells","Bmp4","Acvr2b","age30m-age3m",1,-0.000891810552840502,"Fibroblasts"
"EndothelialCells","Fibroblasts","Bmp4","Acvr2a","age30m-age3m",1,-0.000891810552840502,"Fibroblasts"
"Fibroblasts","Leukocytes","Bmp4","Bmpr1a","age30m-age3m",1,-0.000891810552840502,"Fibroblasts"
"Fibroblasts","Fibroblasts","Bmp4","Acvr2a","age30m-age3m",1,-0.000891810552840502,"Fibroblasts"
"EndothelialCells","Myocytes","Bmp4","Bmpr1a","age30m-age3m",1,-0.000891810552840502,"Fibroblasts"
"Fibroblasts","Myocytes","Bmp4","Bmpr1a","age30m-age3m",1,-0.000891810552840502,"Fibroblasts"
"Fibroblasts","Fibroblasts","Fgf18","Fgfr1","age30m-age3m",1,-0.000894519275069535,"Fibroblasts"
"Fibroblasts","EndothelialCells","Fgf18","Fgfr3","age30m-age3m",1,-0.000894519275069535,"Fibroblasts"
"Fibroblasts","Leukocytes","Fgf18","Fgfr1","age30m-age3m",1,-0.000894519275069535,"Fibroblasts"
"Fibroblasts","EndothelialCells","Fgf18","Fgfr1","age30m-age3m",1,-0.000894519275069535,"Fibroblasts"
"Fibroblasts","Leukocytes","Fgf18","Fgfr3","age30m-age3m",1,-0.000894519275069535,"Fibroblasts"
"Leukocytes","Fibroblasts","Psap","Lrp1","age30m-age3m",1,-0.000894962919862844,"Fibroblasts"
"Leukocytes","Leukocytes","Psap","Sort1","age30m-age3m",1,-0.000894962919862844,"Fibroblasts"
"Leukocytes","Leukocytes","Psap","Lrp1","age30m-age3m",1,-0.000894962919862844,"Fibroblasts"
"EndothelialCells","Fibroblasts","Psap","Lrp1","age30m-age3m",1,-0.000894962919862844,"Fibroblasts"
"Fibroblasts","Fibroblasts","Psap","Lrp1","age30m-age3m",1,-0.000894962919862844,"Fibroblasts"
"EndothelialCells","Leukocytes","Psap","Sort1","age30m-age3m",1,-0.000894962919862844,"Fibroblasts"
"Fibroblasts","Leukocytes","Psap","Sort1","age30m-age3m",1,-0.000894962919862844,"Fibroblasts"
"EndothelialCells","Leukocytes","Psap","Lrp1","age30m-age3m",1,-0.000894962919862844,"Fibroblasts"
"Fibroblasts","Leukocytes","Psap","Lrp1","age30m-age3m",1,-0.000894962919862844,"Fibroblasts"
"Myocytes","Fibroblasts","Psap","Lrp1","age30m-age3m",1,-0.000894962919862844,"Fibroblasts"
"Myocytes","Leukocytes","Psap","Sort1","age30m-age3m",1,-0.000894962919862844,"Fibroblasts"
"Myocytes","Leukocytes","Psap","Lrp1","age30m-age3m",1,-0.000894962919862844,"Fibroblasts"
"Leukocytes","EndothelialCells","Psap","Lrp1","age30m-age3m",1,-0.000894962919862844,"Fibroblasts"
"EndothelialCells","EndothelialCells","Psap","Lrp1","age30m-age3m",1,-0.000894962919862844,"Fibroblasts"
"Leukocytes","Myocytes","Psap","Lrp1","age30m-age3m",1,-0.000894962919862844,"Fibroblasts"
"Fibroblasts","EndothelialCells","Psap","Lrp1","age30m-age3m",1,-0.000894962919862844,"Fibroblasts"
"EndothelialCells","Myocytes","Psap","Lrp1","age30m-age3m",1,-0.000894962919862844,"Fibroblasts"
"Leukocytes","Myocytes","Psap","Sort1","age30m-age3m",1,-0.000894962919862844,"Fibroblasts"
"Fibroblasts","Myocytes","Psap","Lrp1","age30m-age3m",1,-0.000894962919862844,"Fibroblasts"
"EndothelialCells","Myocytes","Psap","Sort1","age30m-age3m",1,-0.000894962919862844,"Fibroblasts"
"Fibroblasts","Myocytes","Psap","Sort1","age30m-age3m",1,-0.000894962919862844,"Fibroblasts"
"Myocytes","EndothelialCells","Psap","Lrp1","age30m-age3m",1,-0.000894962919862844,"Fibroblasts"
"Myocytes","Myocytes","Psap","Lrp1","age30m-age3m",1,-0.000894962919862844,"Fibroblasts"
"Myocytes","Myocytes","Psap","Sort1","age30m-age3m",1,-0.000894962919862844,"Fibroblasts"
"Fibroblasts","Leukocytes","Tspan3","Adam10","age30m-age3m",1,-0.000897543869764181,"Fibroblasts"
"Fibroblasts","EndothelialCells","Tspan3","Adam10","age30m-age3m",1,-0.000897543869764181,"Fibroblasts"
"Leukocytes","Leukocytes","Tspan3","Adam10","age30m-age3m",1,-0.000897543869764181,"Fibroblasts"
"Fibroblasts","Fibroblasts","Tspan3","Adam10","age30m-age3m",1,-0.000897543869764181,"Fibroblasts"
"EndothelialCells","Leukocytes","Tspan3","Adam10","age30m-age3m",1,-0.000897543869764181,"Fibroblasts"
"Leukocytes","EndothelialCells","Tspan3","Adam10","age30m-age3m",1,-0.000897543869764181,"Fibroblasts"
"EndothelialCells","EndothelialCells","Tspan3","Adam10","age30m-age3m",1,-0.000897543869764181,"Fibroblasts"
"Leukocytes","Fibroblasts","Tspan3","Adam10","age30m-age3m",1,-0.000897543869764181,"Fibroblasts"
"EndothelialCells","Fibroblasts","Tspan3","Adam10","age30m-age3m",1,-0.000897543869764181,"Fibroblasts"
"Myocytes","Leukocytes","Tspan3","Adam10","age30m-age3m",1,-0.000897543869764181,"Fibroblasts"
"Myocytes","EndothelialCells","Tspan3","Adam10","age30m-age3m",1,-0.000897543869764181,"Fibroblasts"
"Myocytes","Fibroblasts","Tspan3","Adam10","age30m-age3m",1,-0.000897543869764181,"Fibroblasts"
"Leukocytes","Fibroblasts","Adam17","Itga5","age30m-age3m",1,-0.00090172595903937,"Fibroblasts"
"Leukocytes","EndothelialCells","Adam17","Notch4","age30m-age3m",1,-0.00090172595903937,"Fibroblasts"
"Leukocytes","EndothelialCells","Adam17","Notch1","age30m-age3m",1,-0.00090172595903937,"Fibroblasts"
"Fibroblasts","Fibroblasts","Adam17","Itga5","age30m-age3m",1,-0.00090172595903937,"Fibroblasts"
"Leukocytes","Leukocytes","Adam17","Itga5","age30m-age3m",1,-0.00090172595903937,"Fibroblasts"
"Leukocytes","EndothelialCells","Adam17","Itgb1","age30m-age3m",1,-0.00090172595903937,"Fibroblasts"
"EndothelialCells","Fibroblasts","Adam17","Itga5","age30m-age3m",1,-0.00090172595903937,"Fibroblasts"
"Leukocytes","Leukocytes","Adam17","Notch1","age30m-age3m",1,-0.00090172595903937,"Fibroblasts"
"Fibroblasts","EndothelialCells","Adam17","Notch4","age30m-age3m",1,-0.00090172595903937,"Fibroblasts"
"Fibroblasts","EndothelialCells","Adam17","Notch1","age30m-age3m",1,-0.00090172595903937,"Fibroblasts"
"Leukocytes","EndothelialCells","Adam17","Itga5","age30m-age3m",1,-0.00090172595903937,"Fibroblasts"
"EndothelialCells","EndothelialCells","Adam17","Notch4","age30m-age3m",1,-0.00090172595903937,"Fibroblasts"
"EndothelialCells","EndothelialCells","Adam17","Notch1","age30m-age3m",1,-0.00090172595903937,"Fibroblasts"
"Leukocytes","Leukocytes","Adam17","Notch2","age30m-age3m",1,-0.00090172595903937,"Fibroblasts"
"Fibroblasts","Leukocytes","Adam17","Itga5","age30m-age3m",1,-0.00090172595903937,"Fibroblasts"
"Fibroblasts","EndothelialCells","Adam17","Itgb1","age30m-age3m",1,-0.00090172595903937,"Fibroblasts"
"Fibroblasts","Leukocytes","Adam17","Notch1","age30m-age3m",1,-0.00090172595903937,"Fibroblasts"
"Leukocytes","Leukocytes","Adam17","Il6ra","age30m-age3m",1,-0.00090172595903937,"Fibroblasts"
"Leukocytes","Fibroblasts","Adam17","Notch2","age30m-age3m",1,-0.00090172595903937,"Fibroblasts"
"Leukocytes","Fibroblasts","Adam17","Il6ra","age30m-age3m",1,-0.00090172595903937,"Fibroblasts"
"Fibroblasts","EndothelialCells","Adam17","Itga5","age30m-age3m",1,-0.00090172595903937,"Fibroblasts"
"EndothelialCells","Leukocytes","Adam17","Itga5","age30m-age3m",1,-0.00090172595903937,"Fibroblasts"
"EndothelialCells","EndothelialCells","Adam17","Itgb1","age30m-age3m",1,-0.00090172595903937,"Fibroblasts"
"EndothelialCells","Leukocytes","Adam17","Notch1","age30m-age3m",1,-0.00090172595903937,"Fibroblasts"
"Leukocytes","Fibroblasts","Adam17","Notch1","age30m-age3m",1,-0.00090172595903937,"Fibroblasts"
"Leukocytes","Fibroblasts","Adam17","Notch3","age30m-age3m",1,-0.00090172595903937,"Fibroblasts"
"Fibroblasts","Leukocytes","Adam17","Notch2","age30m-age3m",1,-0.00090172595903937,"Fibroblasts"
"EndothelialCells","EndothelialCells","Adam17","Itga5","age30m-age3m",1,-0.00090172595903937,"Fibroblasts"
"Leukocytes","Fibroblasts","Adam17","Notch4","age30m-age3m",1,-0.00090172595903937,"Fibroblasts"
"Fibroblasts","Leukocytes","Adam17","Il6ra","age30m-age3m",1,-0.00090172595903937,"Fibroblasts"
"Fibroblasts","Fibroblasts","Adam17","Notch2","age30m-age3m",1,-0.00090172595903937,"Fibroblasts"
"Fibroblasts","Fibroblasts","Adam17","Il6ra","age30m-age3m",1,-0.00090172595903937,"Fibroblasts"
"Leukocytes","Fibroblasts","Adam17","Itgb1","age30m-age3m",1,-0.00090172595903937,"Fibroblasts"
"Leukocytes","Leukocytes","Adam17","Itgb1","age30m-age3m",1,-0.00090172595903937,"Fibroblasts"
"EndothelialCells","Leukocytes","Adam17","Notch2","age30m-age3m",1,-0.00090172595903937,"Fibroblasts"
"Leukocytes","Leukocytes","Adam17","Notch4","age30m-age3m",1,-0.00090172595903937,"Fibroblasts"
"Fibroblasts","Fibroblasts","Adam17","Notch1","age30m-age3m",1,-0.00090172595903937,"Fibroblasts"
"EndothelialCells","Leukocytes","Adam17","Il6ra","age30m-age3m",1,-0.00090172595903937,"Fibroblasts"
"Fibroblasts","Fibroblasts","Adam17","Notch3","age30m-age3m",1,-0.00090172595903937,"Fibroblasts"
"EndothelialCells","Fibroblasts","Adam17","Notch2","age30m-age3m",1,-0.00090172595903937,"Fibroblasts"
"EndothelialCells","Fibroblasts","Adam17","Il6ra","age30m-age3m",1,-0.00090172595903937,"Fibroblasts"
"Fibroblasts","Fibroblasts","Adam17","Notch4","age30m-age3m",1,-0.00090172595903937,"Fibroblasts"
"EndothelialCells","Fibroblasts","Adam17","Notch1","age30m-age3m",1,-0.00090172595903937,"Fibroblasts"
"EndothelialCells","Fibroblasts","Adam17","Notch3","age30m-age3m",1,-0.00090172595903937,"Fibroblasts"
"Fibroblasts","Fibroblasts","Adam17","Itgb1","age30m-age3m",1,-0.00090172595903937,"Fibroblasts"
"Fibroblasts","Leukocytes","Adam17","Itgb1","age30m-age3m",1,-0.00090172595903937,"Fibroblasts"
"Fibroblasts","Leukocytes","Adam17","Notch4","age30m-age3m",1,-0.00090172595903937,"Fibroblasts"
"EndothelialCells","Fibroblasts","Adam17","Notch4","age30m-age3m",1,-0.00090172595903937,"Fibroblasts"
"EndothelialCells","Fibroblasts","Adam17","Itgb1","age30m-age3m",1,-0.00090172595903937,"Fibroblasts"
"EndothelialCells","Leukocytes","Adam17","Itgb1","age30m-age3m",1,-0.00090172595903937,"Fibroblasts"
"EndothelialCells","Leukocytes","Adam17","Notch4","age30m-age3m",1,-0.00090172595903937,"Fibroblasts"
"Leukocytes","Myocytes","Adam17","Il6ra","age30m-age3m",1,-0.00090172595903937,"Fibroblasts"
"Leukocytes","Myocytes","Adam17","Itgb1","age30m-age3m",1,-0.00090172595903937,"Fibroblasts"
"Fibroblasts","Myocytes","Adam17","Il6ra","age30m-age3m",1,-0.00090172595903937,"Fibroblasts"
"Fibroblasts","Myocytes","Adam17","Itgb1","age30m-age3m",1,-0.00090172595903937,"Fibroblasts"
"EndothelialCells","Myocytes","Adam17","Il6ra","age30m-age3m",1,-0.00090172595903937,"Fibroblasts"
"Leukocytes","Myocytes","Adam17","Itga5","age30m-age3m",1,-0.00090172595903937,"Fibroblasts"
"EndothelialCells","Myocytes","Adam17","Itgb1","age30m-age3m",1,-0.00090172595903937,"Fibroblasts"
"Fibroblasts","Myocytes","Adam17","Itga5","age30m-age3m",1,-0.00090172595903937,"Fibroblasts"
"EndothelialCells","Myocytes","Adam17","Itga5","age30m-age3m",1,-0.00090172595903937,"Fibroblasts"
"Fibroblasts","Fibroblasts","Cp","Smo","age30m-age3m",1,-0.000904516426434213,"Fibroblasts"
"Leukocytes","Fibroblasts","Cp","Smo","age30m-age3m",1,-0.000904516426434213,"Fibroblasts"
"Fibroblasts","Leukocytes","Cp","Slc40a1","age30m-age3m",1,-0.000904516426434213,"Fibroblasts"
"Leukocytes","Leukocytes","Cp","Slc40a1","age30m-age3m",1,-0.000904516426434213,"Fibroblasts"
"EndothelialCells","Fibroblasts","Cp","Smo","age30m-age3m",1,-0.000904516426434213,"Fibroblasts"
"EndothelialCells","Leukocytes","Cp","Slc40a1","age30m-age3m",1,-0.000904516426434213,"Fibroblasts"
"Fibroblasts","Leukocytes","Cp","Smo","age30m-age3m",1,-0.000904516426434213,"Fibroblasts"
"Leukocytes","Leukocytes","Cp","Smo","age30m-age3m",1,-0.000904516426434213,"Fibroblasts"
"Myocytes","Fibroblasts","Cp","Smo","age30m-age3m",1,-0.000904516426434213,"Fibroblasts"
"EndothelialCells","Leukocytes","Cp","Smo","age30m-age3m",1,-0.000904516426434213,"Fibroblasts"
"Myocytes","Leukocytes","Cp","Slc40a1","age30m-age3m",1,-0.000904516426434213,"Fibroblasts"
"Leukocytes","EndothelialCells","Apoe","Lrp5","age30m-age3m",1,-0.000907674000404556,"Fibroblasts"
"Leukocytes","Fibroblasts","Apoe","Lrp1","age30m-age3m",1,-0.000907674000404556,"Fibroblasts"
"Leukocytes","Leukocytes","Apoe","Trem2","age30m-age3m",1,-0.000907674000404556,"Fibroblasts"
"Leukocytes","Leukocytes","Apoe","Ldlr","age30m-age3m",1,-0.000907674000404556,"Fibroblasts"
"Leukocytes","Leukocytes","Apoe","Lrp1","age30m-age3m",1,-0.000907674000404556,"Fibroblasts"
"Leukocytes","Fibroblasts","Apoe","Ldlr","age30m-age3m",1,-0.000907674000404556,"Fibroblasts"
"Leukocytes","EndothelialCells","Apoe","App","age30m-age3m",1,-0.000907674000404556,"Fibroblasts"
"Leukocytes","Fibroblasts","Apoe","Lrp5","age30m-age3m",1,-0.000907674000404556,"Fibroblasts"
"Leukocytes","Fibroblasts","Apoe","Vldlr","age30m-age3m",1,-0.000907674000404556,"Fibroblasts"
"Leukocytes","Leukocytes","Apoe","App","age30m-age3m",1,-0.000907674000404556,"Fibroblasts"
"Leukocytes","Leukocytes","Apoe","Scarb1","age30m-age3m",1,-0.000907674000404556,"Fibroblasts"
"Leukocytes","EndothelialCells","Apoe","Scarb1","age30m-age3m",1,-0.000907674000404556,"Fibroblasts"
"Fibroblasts","EndothelialCells","Apoe","Lrp5","age30m-age3m",1,-0.000907674000404556,"Fibroblasts"
"Leukocytes","Fibroblasts","Apoe","App","age30m-age3m",1,-0.000907674000404556,"Fibroblasts"
"Fibroblasts","Fibroblasts","Apoe","Lrp1","age30m-age3m",1,-0.000907674000404556,"Fibroblasts"
"Fibroblasts","Leukocytes","Apoe","Trem2","age30m-age3m",1,-0.000907674000404556,"Fibroblasts"
"Myocytes","EndothelialCells","Apoe","Lrp5","age30m-age3m",1,-0.000907674000404556,"Fibroblasts"
"Myocytes","Fibroblasts","Apoe","Lrp1","age30m-age3m",1,-0.000907674000404556,"Fibroblasts"
"Myocytes","Leukocytes","Apoe","Trem2","age30m-age3m",1,-0.000907674000404556,"Fibroblasts"
"Fibroblasts","Leukocytes","Apoe","Ldlr","age30m-age3m",1,-0.000907674000404556,"Fibroblasts"
"Fibroblasts","Leukocytes","Apoe","Lrp1","age30m-age3m",1,-0.000907674000404556,"Fibroblasts"
"Fibroblasts","Fibroblasts","Apoe","Ldlr","age30m-age3m",1,-0.000907674000404556,"Fibroblasts"
"Myocytes","Leukocytes","Apoe","Ldlr","age30m-age3m",1,-0.000907674000404556,"Fibroblasts"
"Myocytes","Leukocytes","Apoe","Lrp1","age30m-age3m",1,-0.000907674000404556,"Fibroblasts"
"Fibroblasts","EndothelialCells","Apoe","App","age30m-age3m",1,-0.000907674000404556,"Fibroblasts"
"Fibroblasts","Fibroblasts","Apoe","Lrp5","age30m-age3m",1,-0.000907674000404556,"Fibroblasts"
"Myocytes","Fibroblasts","Apoe","Ldlr","age30m-age3m",1,-0.000907674000404556,"Fibroblasts"
"Fibroblasts","Fibroblasts","Apoe","Vldlr","age30m-age3m",1,-0.000907674000404556,"Fibroblasts"
"Myocytes","EndothelialCells","Apoe","App","age30m-age3m",1,-0.000907674000404556,"Fibroblasts"
"Myocytes","Fibroblasts","Apoe","Lrp5","age30m-age3m",1,-0.000907674000404556,"Fibroblasts"
"Fibroblasts","Leukocytes","Apoe","App","age30m-age3m",1,-0.000907674000404556,"Fibroblasts"
"Leukocytes","Leukocytes","Apoe","Lrp8","age30m-age3m",1,-0.000907674000404556,"Fibroblasts"
"Fibroblasts","Leukocytes","Apoe","Scarb1","age30m-age3m",1,-0.000907674000404556,"Fibroblasts"
"Myocytes","Fibroblasts","Apoe","Vldlr","age30m-age3m",1,-0.000907674000404556,"Fibroblasts"
"Fibroblasts","EndothelialCells","Apoe","Scarb1","age30m-age3m",1,-0.000907674000404556,"Fibroblasts"
"Leukocytes","EndothelialCells","Apoe","Lrp1","age30m-age3m",1,-0.000907674000404556,"Fibroblasts"
"Myocytes","Leukocytes","Apoe","App","age30m-age3m",1,-0.000907674000404556,"Fibroblasts"
"Fibroblasts","Fibroblasts","Apoe","App","age30m-age3m",1,-0.000907674000404556,"Fibroblasts"
"Myocytes","Leukocytes","Apoe","Scarb1","age30m-age3m",1,-0.000907674000404556,"Fibroblasts"
"Myocytes","EndothelialCells","Apoe","Scarb1","age30m-age3m",1,-0.000907674000404556,"Fibroblasts"
"Leukocytes","Fibroblasts","Apoe","Trem2","age30m-age3m",1,-0.000907674000404556,"Fibroblasts"
"Myocytes","Fibroblasts","Apoe","App","age30m-age3m",1,-0.000907674000404556,"Fibroblasts"
"EndothelialCells","EndothelialCells","Apoe","Lrp5","age30m-age3m",1,-0.000907674000404556,"Fibroblasts"
"Leukocytes","Leukocytes","Apoe","Lrp5","age30m-age3m",1,-0.000907674000404556,"Fibroblasts"
"EndothelialCells","Fibroblasts","Apoe","Lrp1","age30m-age3m",1,-0.000907674000404556,"Fibroblasts"
"EndothelialCells","Leukocytes","Apoe","Trem2","age30m-age3m",1,-0.000907674000404556,"Fibroblasts"
"EndothelialCells","Leukocytes","Apoe","Ldlr","age30m-age3m",1,-0.000907674000404556,"Fibroblasts"
"EndothelialCells","Leukocytes","Apoe","Lrp1","age30m-age3m",1,-0.000907674000404556,"Fibroblasts"
"EndothelialCells","Fibroblasts","Apoe","Ldlr","age30m-age3m",1,-0.000907674000404556,"Fibroblasts"
"EndothelialCells","EndothelialCells","Apoe","App","age30m-age3m",1,-0.000907674000404556,"Fibroblasts"
"EndothelialCells","Fibroblasts","Apoe","Lrp5","age30m-age3m",1,-0.000907674000404556,"Fibroblasts"
"Fibroblasts","Leukocytes","Apoe","Lrp8","age30m-age3m",1,-0.000907674000404556,"Fibroblasts"
"Leukocytes","Myocytes","Apoe","Lrp1","age30m-age3m",1,-0.000907674000404556,"Fibroblasts"
"EndothelialCells","Fibroblasts","Apoe","Vldlr","age30m-age3m",1,-0.000907674000404556,"Fibroblasts"
"Leukocytes","Myocytes","Apoe","App","age30m-age3m",1,-0.000907674000404556,"Fibroblasts"
"Fibroblasts","EndothelialCells","Apoe","Lrp1","age30m-age3m",1,-0.000907674000404556,"Fibroblasts"
"Leukocytes","Myocytes","Apoe","Vldlr","age30m-age3m",1,-0.000907674000404556,"Fibroblasts"
"EndothelialCells","Leukocytes","Apoe","App","age30m-age3m",1,-0.000907674000404556,"Fibroblasts"
"Myocytes","Leukocytes","Apoe","Lrp8","age30m-age3m",1,-0.000907674000404556,"Fibroblasts"
"EndothelialCells","Leukocytes","Apoe","Scarb1","age30m-age3m",1,-0.000907674000404556,"Fibroblasts"
"Myocytes","EndothelialCells","Apoe","Lrp1","age30m-age3m",1,-0.000907674000404556,"Fibroblasts"
"EndothelialCells","EndothelialCells","Apoe","Scarb1","age30m-age3m",1,-0.000907674000404556,"Fibroblasts"
"Fibroblasts","Fibroblasts","Apoe","Trem2","age30m-age3m",1,-0.000907674000404556,"Fibroblasts"
"Fibroblasts","Leukocytes","Apoe","Lrp5","age30m-age3m",1,-0.000907674000404556,"Fibroblasts"
"EndothelialCells","Fibroblasts","Apoe","App","age30m-age3m",1,-0.000907674000404556,"Fibroblasts"
"Myocytes","Fibroblasts","Apoe","Trem2","age30m-age3m",1,-0.000907674000404556,"Fibroblasts"
"Myocytes","Leukocytes","Apoe","Lrp5","age30m-age3m",1,-0.000907674000404556,"Fibroblasts"
"Fibroblasts","Myocytes","Apoe","Lrp1","age30m-age3m",1,-0.000907674000404556,"Fibroblasts"
"Fibroblasts","Myocytes","Apoe","App","age30m-age3m",1,-0.000907674000404556,"Fibroblasts"
"Fibroblasts","Myocytes","Apoe","Vldlr","age30m-age3m",1,-0.000907674000404556,"Fibroblasts"
"Myocytes","Myocytes","Apoe","Lrp1","age30m-age3m",1,-0.000907674000404556,"Fibroblasts"
"EndothelialCells","Leukocytes","Apoe","Lrp8","age30m-age3m",1,-0.000907674000404556,"Fibroblasts"
"Myocytes","Myocytes","Apoe","App","age30m-age3m",1,-0.000907674000404556,"Fibroblasts"
"Myocytes","Myocytes","Apoe","Vldlr","age30m-age3m",1,-0.000907674000404556,"Fibroblasts"
"EndothelialCells","EndothelialCells","Apoe","Lrp1","age30m-age3m",1,-0.000907674000404556,"Fibroblasts"
"EndothelialCells","Fibroblasts","Apoe","Trem2","age30m-age3m",1,-0.000907674000404556,"Fibroblasts"
"EndothelialCells","Leukocytes","Apoe","Lrp5","age30m-age3m",1,-0.000907674000404556,"Fibroblasts"
"EndothelialCells","Myocytes","Apoe","Lrp1","age30m-age3m",1,-0.000907674000404556,"Fibroblasts"
"EndothelialCells","Myocytes","Apoe","App","age30m-age3m",1,-0.000907674000404556,"Fibroblasts"
"EndothelialCells","Myocytes","Apoe","Vldlr","age30m-age3m",1,-0.000907674000404556,"Fibroblasts"
"Leukocytes","EndothelialCells","Cd14","Plxnd1","age30m-age3m",1,-0.00090831559746975,"Leukocytes"
"Leukocytes","Leukocytes","Cd14","Plxnd1","age30m-age3m",1,-0.00090831559746975,"Leukocytes"
"Leukocytes","Fibroblasts","Cd14","Plxnd1","age30m-age3m",1,-0.00090831559746975,"Leukocytes"
"EndothelialCells","EndothelialCells","Cd14","Plxnd1","age30m-age3m",1,-0.00090831559746975,"Leukocytes"
"Fibroblasts","EndothelialCells","Cd14","Plxnd1","age30m-age3m",1,-0.00090831559746975,"Leukocytes"
"EndothelialCells","Leukocytes","Cd14","Plxnd1","age30m-age3m",1,-0.00090831559746975,"Leukocytes"
"EndothelialCells","Fibroblasts","Cd14","Plxnd1","age30m-age3m",1,-0.00090831559746975,"Leukocytes"
"Fibroblasts","Leukocytes","Cd14","Plxnd1","age30m-age3m",1,-0.00090831559746975,"Leukocytes"
"Fibroblasts","Fibroblasts","Cd14","Plxnd1","age30m-age3m",1,-0.00090831559746975,"Leukocytes"
"Fibroblasts","Fibroblasts","Serpinf1","Lrp6","age30m-age3m",1,-0.000909694678369523,"Fibroblasts"
"Fibroblasts","Fibroblasts","Serpinf1","Plxdc2","age30m-age3m",1,-0.000909694678369523,"Fibroblasts"
"Fibroblasts","Leukocytes","Serpinf1","Lrp6","age30m-age3m",1,-0.000909694678369523,"Fibroblasts"
"Fibroblasts","Fibroblasts","Serpinf1","Plxdc1","age30m-age3m",1,-0.000909694678369523,"Fibroblasts"
"Fibroblasts","EndothelialCells","Serpinf1","Lrp6","age30m-age3m",1,-0.000909694678369523,"Fibroblasts"
"Fibroblasts","EndothelialCells","Serpinf1","Plxdc1","age30m-age3m",1,-0.000909694678369523,"Fibroblasts"
"Fibroblasts","Leukocytes","Serpinf1","Plxdc1","age30m-age3m",1,-0.000909694678369523,"Fibroblasts"
"Leukocytes","Fibroblasts","Serpinf1","Lrp6","age30m-age3m",1,-0.000909694678369523,"Fibroblasts"
"Leukocytes","Fibroblasts","Serpinf1","Plxdc2","age30m-age3m",1,-0.000909694678369523,"Fibroblasts"
"Leukocytes","Leukocytes","Serpinf1","Lrp6","age30m-age3m",1,-0.000909694678369523,"Fibroblasts"
"Leukocytes","Fibroblasts","Serpinf1","Plxdc1","age30m-age3m",1,-0.000909694678369523,"Fibroblasts"
"Leukocytes","EndothelialCells","Serpinf1","Lrp6","age30m-age3m",1,-0.000909694678369523,"Fibroblasts"
"Leukocytes","EndothelialCells","Serpinf1","Plxdc1","age30m-age3m",1,-0.000909694678369523,"Fibroblasts"
"Leukocytes","Leukocytes","Serpinf1","Plxdc1","age30m-age3m",1,-0.000909694678369523,"Fibroblasts"
"EndothelialCells","EndothelialCells","Serpinf1","Plxdc1","age30m-age3m",1,-0.000909694678369523,"Fibroblasts"
"EndothelialCells","Fibroblasts","Serpinf1","Lrp6","age30m-age3m",1,-0.000909694678369523,"Fibroblasts"
"EndothelialCells","Fibroblasts","Serpinf1","Plxdc2","age30m-age3m",1,-0.000909694678369523,"Fibroblasts"
"EndothelialCells","Leukocytes","Serpinf1","Lrp6","age30m-age3m",1,-0.000909694678369523,"Fibroblasts"
"EndothelialCells","Fibroblasts","Serpinf1","Plxdc1","age30m-age3m",1,-0.000909694678369523,"Fibroblasts"
"EndothelialCells","Leukocytes","Serpinf1","Plxdc1","age30m-age3m",1,-0.000909694678369523,"Fibroblasts"
"Fibroblasts","Leukocytes","Serpinf1","Plxdc2","age30m-age3m",1,-0.000909694678369523,"Fibroblasts"
"EndothelialCells","EndothelialCells","Serpinf1","Lrp6","age30m-age3m",1,-0.000909694678369523,"Fibroblasts"
"Fibroblasts","Myocytes","Serpinf1","Lrp6","age30m-age3m",1,-0.000909694678369523,"Fibroblasts"
"Leukocytes","Leukocytes","Serpinf1","Plxdc2","age30m-age3m",1,-0.000909694678369523,"Fibroblasts"
"EndothelialCells","Leukocytes","Serpinf1","Plxdc2","age30m-age3m",1,-0.000909694678369523,"Fibroblasts"
"Leukocytes","Myocytes","Serpinf1","Lrp6","age30m-age3m",1,-0.000909694678369523,"Fibroblasts"
"EndothelialCells","Fibroblasts","Hspg2","Lrp1","age30m-age3m",1,-0.000913413314704068,"Fibroblasts"
"EndothelialCells","Fibroblasts","Hspg2","Fgfr1","age30m-age3m",1,-0.000913413314704068,"Fibroblasts"
"Fibroblasts","Fibroblasts","Hspg2","Lrp1","age30m-age3m",1,-0.000913413314704068,"Fibroblasts"
"Fibroblasts","Fibroblasts","Hspg2","Fgfr1","age30m-age3m",1,-0.000913413314704068,"Fibroblasts"
"EndothelialCells","Fibroblasts","Hspg2","Ptprs","age30m-age3m",1,-0.000913413314704068,"Fibroblasts"
"EndothelialCells","Leukocytes","Hspg2","Sdc1","age30m-age3m",1,-0.000913413314704068,"Fibroblasts"
"Fibroblasts","Fibroblasts","Hspg2","Ptprs","age30m-age3m",1,-0.000913413314704068,"Fibroblasts"
"EndothelialCells","Leukocytes","Hspg2","Fgfr1","age30m-age3m",1,-0.000913413314704068,"Fibroblasts"
"Fibroblasts","Leukocytes","Hspg2","Sdc1","age30m-age3m",1,-0.000913413314704068,"Fibroblasts"
"EndothelialCells","Leukocytes","Hspg2","Lrp1","age30m-age3m",1,-0.000913413314704068,"Fibroblasts"
"Fibroblasts","Leukocytes","Hspg2","Fgfr1","age30m-age3m",1,-0.000913413314704068,"Fibroblasts"
"Fibroblasts","Leukocytes","Hspg2","Lrp1","age30m-age3m",1,-0.000913413314704068,"Fibroblasts"
"EndothelialCells","Fibroblasts","Hspg2","Dag1","age30m-age3m",1,-0.000913413314704068,"Fibroblasts"
"Fibroblasts","Fibroblasts","Hspg2","Dag1","age30m-age3m",1,-0.000913413314704068,"Fibroblasts"
"EndothelialCells","EndothelialCells","Hspg2","Itgb1","age30m-age3m",1,-0.000913413314704068,"Fibroblasts"
"EndothelialCells","EndothelialCells","Hspg2","Fgfr1","age30m-age3m",1,-0.000913413314704068,"Fibroblasts"
"Fibroblasts","EndothelialCells","Hspg2","Itgb1","age30m-age3m",1,-0.000913413314704068,"Fibroblasts"
"EndothelialCells","EndothelialCells","Hspg2","Dag1","age30m-age3m",1,-0.000913413314704068,"Fibroblasts"
"Fibroblasts","EndothelialCells","Hspg2","Fgfr1","age30m-age3m",1,-0.000913413314704068,"Fibroblasts"
"Fibroblasts","EndothelialCells","Hspg2","Dag1","age30m-age3m",1,-0.000913413314704068,"Fibroblasts"
"Leukocytes","Fibroblasts","Hspg2","Lrp1","age30m-age3m",1,-0.000913413314704068,"Fibroblasts"
"EndothelialCells","Fibroblasts","Hspg2","Sdc1","age30m-age3m",1,-0.000913413314704068,"Fibroblasts"
"Leukocytes","Fibroblasts","Hspg2","Fgfr1","age30m-age3m",1,-0.000913413314704068,"Fibroblasts"
"Fibroblasts","Fibroblasts","Hspg2","Sdc1","age30m-age3m",1,-0.000913413314704068,"Fibroblasts"
"Leukocytes","Fibroblasts","Hspg2","Ptprs","age30m-age3m",1,-0.000913413314704068,"Fibroblasts"
"Leukocytes","Leukocytes","Hspg2","Sdc1","age30m-age3m",1,-0.000913413314704068,"Fibroblasts"
"EndothelialCells","Leukocytes","Hspg2","Dag1","age30m-age3m",1,-0.000913413314704068,"Fibroblasts"
"Leukocytes","Leukocytes","Hspg2","Fgfr1","age30m-age3m",1,-0.000913413314704068,"Fibroblasts"
"Leukocytes","Leukocytes","Hspg2","Lrp1","age30m-age3m",1,-0.000913413314704068,"Fibroblasts"
"Fibroblasts","Leukocytes","Hspg2","Dag1","age30m-age3m",1,-0.000913413314704068,"Fibroblasts"
"Leukocytes","Fibroblasts","Hspg2","Dag1","age30m-age3m",1,-0.000913413314704068,"Fibroblasts"
"EndothelialCells","Leukocytes","Hspg2","Itgb1","age30m-age3m",1,-0.000913413314704068,"Fibroblasts"
"Leukocytes","EndothelialCells","Hspg2","Itgb1","age30m-age3m",1,-0.000913413314704068,"Fibroblasts"
"Fibroblasts","Leukocytes","Hspg2","Itgb1","age30m-age3m",1,-0.000913413314704068,"Fibroblasts"
"Leukocytes","EndothelialCells","Hspg2","Fgfr1","age30m-age3m",1,-0.000913413314704068,"Fibroblasts"
"Leukocytes","EndothelialCells","Hspg2","Dag1","age30m-age3m",1,-0.000913413314704068,"Fibroblasts"
"EndothelialCells","Fibroblasts","Hspg2","Itgb1","age30m-age3m",1,-0.000913413314704068,"Fibroblasts"
"EndothelialCells","Leukocytes","Hspg2","Ptprs","age30m-age3m",1,-0.000913413314704068,"Fibroblasts"
"Fibroblasts","Fibroblasts","Hspg2","Itgb1","age30m-age3m",1,-0.000913413314704068,"Fibroblasts"
"Fibroblasts","Leukocytes","Hspg2","Ptprs","age30m-age3m",1,-0.000913413314704068,"Fibroblasts"
"EndothelialCells","EndothelialCells","Hspg2","Lrp1","age30m-age3m",1,-0.000913413314704068,"Fibroblasts"
"Leukocytes","Fibroblasts","Hspg2","Sdc1","age30m-age3m",1,-0.000913413314704068,"Fibroblasts"
"Fibroblasts","EndothelialCells","Hspg2","Lrp1","age30m-age3m",1,-0.000913413314704068,"Fibroblasts"
"Leukocytes","Leukocytes","Hspg2","Dag1","age30m-age3m",1,-0.000913413314704068,"Fibroblasts"
"Leukocytes","Leukocytes","Hspg2","Itgb1","age30m-age3m",1,-0.000913413314704068,"Fibroblasts"
"EndothelialCells","Myocytes","Hspg2","Lrp1","age30m-age3m",1,-0.000913413314704068,"Fibroblasts"
"EndothelialCells","Myocytes","Hspg2","Itgb1","age30m-age3m",1,-0.000913413314704068,"Fibroblasts"
"Fibroblasts","Myocytes","Hspg2","Lrp1","age30m-age3m",1,-0.000913413314704068,"Fibroblasts"
"Fibroblasts","Myocytes","Hspg2","Itgb1","age30m-age3m",1,-0.000913413314704068,"Fibroblasts"
"Leukocytes","Fibroblasts","Hspg2","Itgb1","age30m-age3m",1,-0.000913413314704068,"Fibroblasts"
"Leukocytes","Leukocytes","Hspg2","Ptprs","age30m-age3m",1,-0.000913413314704068,"Fibroblasts"
"Leukocytes","EndothelialCells","Hspg2","Lrp1","age30m-age3m",1,-0.000913413314704068,"Fibroblasts"
"Myocytes","Fibroblasts","Hspg2","Lrp1","age30m-age3m",1,-0.000913413314704068,"Fibroblasts"
"Myocytes","Fibroblasts","Hspg2","Fgfr1","age30m-age3m",1,-0.000913413314704068,"Fibroblasts"
"EndothelialCells","Myocytes","Hspg2","Dag1","age30m-age3m",1,-0.000913413314704068,"Fibroblasts"
"Myocytes","Fibroblasts","Hspg2","Ptprs","age30m-age3m",1,-0.000913413314704068,"Fibroblasts"
"Myocytes","Leukocytes","Hspg2","Sdc1","age30m-age3m",1,-0.000913413314704068,"Fibroblasts"
"Fibroblasts","Myocytes","Hspg2","Dag1","age30m-age3m",1,-0.000913413314704068,"Fibroblasts"
"Myocytes","Leukocytes","Hspg2","Fgfr1","age30m-age3m",1,-0.000913413314704068,"Fibroblasts"
"Leukocytes","Myocytes","Hspg2","Lrp1","age30m-age3m",1,-0.000913413314704068,"Fibroblasts"
"Myocytes","Leukocytes","Hspg2","Lrp1","age30m-age3m",1,-0.000913413314704068,"Fibroblasts"
"Leukocytes","Myocytes","Hspg2","Itgb1","age30m-age3m",1,-0.000913413314704068,"Fibroblasts"
"Myocytes","Fibroblasts","Hspg2","Dag1","age30m-age3m",1,-0.000913413314704068,"Fibroblasts"
"Myocytes","EndothelialCells","Hspg2","Itgb1","age30m-age3m",1,-0.000913413314704068,"Fibroblasts"
"Myocytes","EndothelialCells","Hspg2","Fgfr1","age30m-age3m",1,-0.000913413314704068,"Fibroblasts"
"Myocytes","EndothelialCells","Hspg2","Dag1","age30m-age3m",1,-0.000913413314704068,"Fibroblasts"
"Myocytes","Fibroblasts","Hspg2","Sdc1","age30m-age3m",1,-0.000913413314704068,"Fibroblasts"
"Leukocytes","Myocytes","Hspg2","Dag1","age30m-age3m",1,-0.000913413314704068,"Fibroblasts"
"Myocytes","EndothelialCells","Hspg2","Lrp1","age30m-age3m",1,-0.000913413314704068,"Fibroblasts"
"Myocytes","Leukocytes","Hspg2","Dag1","age30m-age3m",1,-0.000913413314704068,"Fibroblasts"
"Myocytes","Leukocytes","Hspg2","Itgb1","age30m-age3m",1,-0.000913413314704068,"Fibroblasts"
"Myocytes","Fibroblasts","Hspg2","Itgb1","age30m-age3m",1,-0.000913413314704068,"Fibroblasts"
"Myocytes","Myocytes","Hspg2","Itgb1","age30m-age3m",1,-0.000913413314704068,"Fibroblasts"
"Fibroblasts","Fibroblasts","Il16","Kcnj15","age30m-age3m",1,-0.000914971694528464,"Fibroblasts"
"Fibroblasts","Fibroblasts","Il16","Cd9","age30m-age3m",1,-0.000914971694528464,"Fibroblasts"
"Fibroblasts","Leukocytes","Il16","Cd9","age30m-age3m",1,-0.000914971694528464,"Fibroblasts"
"Leukocytes","Fibroblasts","Il16","Kcnj15","age30m-age3m",1,-0.000914971694528464,"Fibroblasts"
"Leukocytes","Fibroblasts","Il16","Cd9","age30m-age3m",1,-0.000914971694528464,"Fibroblasts"
"Leukocytes","Leukocytes","Il16","Cd9","age30m-age3m",1,-0.000914971694528464,"Fibroblasts"
"Fibroblasts","EndothelialCells","Il16","Cd9","age30m-age3m",1,-0.000914971694528464,"Fibroblasts"
"EndothelialCells","Fibroblasts","Il16","Kcnj15","age30m-age3m",1,-0.000914971694528464,"Fibroblasts"
"EndothelialCells","Fibroblasts","Il16","Cd9","age30m-age3m",1,-0.000914971694528464,"Fibroblasts"
"EndothelialCells","Leukocytes","Il16","Cd9","age30m-age3m",1,-0.000914971694528464,"Fibroblasts"
"Leukocytes","EndothelialCells","Il16","Cd9","age30m-age3m",1,-0.000914971694528464,"Fibroblasts"
"EndothelialCells","EndothelialCells","Il16","Cd9","age30m-age3m",1,-0.000914971694528464,"Fibroblasts"
"Fibroblasts","Myocytes","Il16","Cd9","age30m-age3m",1,-0.000914971694528464,"Fibroblasts"
"Leukocytes","Myocytes","Il16","Cd9","age30m-age3m",1,-0.000914971694528464,"Fibroblasts"
"EndothelialCells","Myocytes","Il16","Cd9","age30m-age3m",1,-0.000914971694528464,"Fibroblasts"
"EndothelialCells","Leukocytes","Dll4","Notch1","age30m-age3m",1,-0.000915837698844668,"EndothelialCells"
"EndothelialCells","Leukocytes","Dll4","Notch2","age30m-age3m",1,-0.000915837698844668,"EndothelialCells"
"EndothelialCells","EndothelialCells","Dll4","Notch4","age30m-age3m",1,-0.000915837698844668,"EndothelialCells"
"EndothelialCells","EndothelialCells","Dll4","Notch1","age30m-age3m",1,-0.000915837698844668,"EndothelialCells"
"Leukocytes","Leukocytes","Dll4","Notch1","age30m-age3m",1,-0.000915837698844668,"EndothelialCells"
"EndothelialCells","Fibroblasts","Dll4","Notch2","age30m-age3m",1,-0.000915837698844668,"EndothelialCells"
"EndothelialCells","Leukocytes","Dll4","Notch4","age30m-age3m",1,-0.000915837698844668,"EndothelialCells"
"Leukocytes","Leukocytes","Dll4","Notch4","age30m-age3m",1,-0.000915837698844668,"EndothelialCells"
"EndothelialCells","Fibroblasts","Dll4","Notch1","age30m-age3m",1,-0.000915837698844668,"EndothelialCells"
"Leukocytes","Leukocytes","Dll4","Notch2","age30m-age3m",1,-0.000915837698844668,"EndothelialCells"
"EndothelialCells","Fibroblasts","Dll4","Notch3","age30m-age3m",1,-0.000915837698844668,"EndothelialCells"
"Leukocytes","EndothelialCells","Dll4","Notch4","age30m-age3m",1,-0.000915837698844668,"EndothelialCells"
"Leukocytes","EndothelialCells","Dll4","Notch1","age30m-age3m",1,-0.000915837698844668,"EndothelialCells"
"Leukocytes","Fibroblasts","Dll4","Notch3","age30m-age3m",1,-0.000915837698844668,"EndothelialCells"
"EndothelialCells","Fibroblasts","Dll4","Notch4","age30m-age3m",1,-0.000915837698844668,"EndothelialCells"
"Leukocytes","Fibroblasts","Dll4","Notch2","age30m-age3m",1,-0.000915837698844668,"EndothelialCells"
"Leukocytes","Fibroblasts","Dll4","Notch1","age30m-age3m",1,-0.000915837698844668,"EndothelialCells"
"Leukocytes","Fibroblasts","Calm2","Pde1a","age30m-age3m",1,-0.000916692050593976,"Fibroblasts"
"EndothelialCells","Fibroblasts","Calm2","Pde1a","age30m-age3m",1,-0.000916692050593976,"Fibroblasts"
"Leukocytes","EndothelialCells","Calm2","Mylk","age30m-age3m",1,-0.000916692050593976,"Fibroblasts"
"Leukocytes","Leukocytes","Calm2","Mylk","age30m-age3m",1,-0.000916692050593976,"Fibroblasts"
"Fibroblasts","Fibroblasts","Calm2","Pde1a","age30m-age3m",1,-0.000916692050593976,"Fibroblasts"
"EndothelialCells","EndothelialCells","Calm2","Mylk","age30m-age3m",1,-0.000916692050593976,"Fibroblasts"
"EndothelialCells","Leukocytes","Calm2","Mylk","age30m-age3m",1,-0.000916692050593976,"Fibroblasts"
"Leukocytes","Fibroblasts","Calm2","Mylk","age30m-age3m",1,-0.000916692050593976,"Fibroblasts"
"Myocytes","Fibroblasts","Calm2","Pde1a","age30m-age3m",1,-0.000916692050593976,"Fibroblasts"
"Leukocytes","Myocytes","Calm2","Pde1c","age30m-age3m",1,-0.000916692050593976,"Fibroblasts"
"Fibroblasts","EndothelialCells","Calm2","Mylk","age30m-age3m",1,-0.000916692050593976,"Fibroblasts"
"Fibroblasts","Leukocytes","Calm2","Mylk","age30m-age3m",1,-0.000916692050593976,"Fibroblasts"
"EndothelialCells","Fibroblasts","Calm2","Mylk","age30m-age3m",1,-0.000916692050593976,"Fibroblasts"
"EndothelialCells","Myocytes","Calm2","Pde1c","age30m-age3m",1,-0.000916692050593976,"Fibroblasts"
"Myocytes","EndothelialCells","Calm2","Mylk","age30m-age3m",1,-0.000916692050593976,"Fibroblasts"
"Myocytes","Leukocytes","Calm2","Mylk","age30m-age3m",1,-0.000916692050593976,"Fibroblasts"
"Fibroblasts","Fibroblasts","Calm2","Mylk","age30m-age3m",1,-0.000916692050593976,"Fibroblasts"
"Fibroblasts","Myocytes","Calm2","Pde1c","age30m-age3m",1,-0.000916692050593976,"Fibroblasts"
"Myocytes","Fibroblasts","Calm2","Mylk","age30m-age3m",1,-0.000916692050593976,"Fibroblasts"
"Myocytes","Myocytes","Calm2","Pde1c","age30m-age3m",1,-0.000916692050593976,"Fibroblasts"
"Fibroblasts","EndothelialCells","Ntn1","Unc5b","age30m-age3m",1,-0.000919101636821368,"Fibroblasts"
"Fibroblasts","Fibroblasts","Ntn1","Unc5b","age30m-age3m",1,-0.000919101636821368,"Fibroblasts"
"Fibroblasts","Leukocytes","Ntn1","Adora2b","age30m-age3m",1,-0.000919101636821368,"Fibroblasts"
"Leukocytes","EndothelialCells","Ntn1","Unc5b","age30m-age3m",1,-0.000919101636821368,"Fibroblasts"
"Leukocytes","Fibroblasts","Ntn1","Unc5b","age30m-age3m",1,-0.000919101636821368,"Fibroblasts"
"Fibroblasts","Fibroblasts","Ntn1","Neo1","age30m-age3m",1,-0.000919101636821368,"Fibroblasts"
"EndothelialCells","EndothelialCells","Ntn1","Unc5b","age30m-age3m",1,-0.000919101636821368,"Fibroblasts"
"Leukocytes","Leukocytes","Ntn1","Adora2b","age30m-age3m",1,-0.000919101636821368,"Fibroblasts"
"EndothelialCells","Fibroblasts","Ntn1","Unc5b","age30m-age3m",1,-0.000919101636821368,"Fibroblasts"
"Fibroblasts","Fibroblasts","Ntn1","Adora2b","age30m-age3m",1,-0.000919101636821368,"Fibroblasts"
"EndothelialCells","Leukocytes","Ntn1","Adora2b","age30m-age3m",1,-0.000919101636821368,"Fibroblasts"
"Fibroblasts","EndothelialCells","Ntn1","Neo1","age30m-age3m",1,-0.000919101636821368,"Fibroblasts"
"Leukocytes","Fibroblasts","Ntn1","Neo1","age30m-age3m",1,-0.000919101636821368,"Fibroblasts"
"Fibroblasts","Leukocytes","Ntn1","Unc5b","age30m-age3m",1,-0.000919101636821368,"Fibroblasts"
"Leukocytes","Fibroblasts","Ntn1","Adora2b","age30m-age3m",1,-0.000919101636821368,"Fibroblasts"
"EndothelialCells","Fibroblasts","Ntn1","Neo1","age30m-age3m",1,-0.000919101636821368,"Fibroblasts"
"Leukocytes","EndothelialCells","Ntn1","Neo1","age30m-age3m",1,-0.000919101636821368,"Fibroblasts"
"EndothelialCells","Fibroblasts","Ntn1","Adora2b","age30m-age3m",1,-0.000919101636821368,"Fibroblasts"
"Leukocytes","Leukocytes","Ntn1","Unc5b","age30m-age3m",1,-0.000919101636821368,"Fibroblasts"
"EndothelialCells","EndothelialCells","Ntn1","Neo1","age30m-age3m",1,-0.000919101636821368,"Fibroblasts"
"EndothelialCells","Leukocytes","Ntn1","Unc5b","age30m-age3m",1,-0.000919101636821368,"Fibroblasts"
"Leukocytes","Fibroblasts","F13a1","Itga9","age30m-age3m",1,-0.000921973638793257,"Leukocytes"
"Leukocytes","Leukocytes","F13a1","Itga9","age30m-age3m",1,-0.000921973638793257,"Leukocytes"
"Leukocytes","EndothelialCells","F13a1","Itgb1","age30m-age3m",1,-0.000921973638793257,"Leukocytes"
"Leukocytes","Leukocytes","F13a1","Itga4","age30m-age3m",1,-0.000921973638793257,"Leukocytes"
"Leukocytes","EndothelialCells","F13a1","Itga9","age30m-age3m",1,-0.000921973638793257,"Leukocytes"
"Leukocytes","Leukocytes","F13a1","Itgb1","age30m-age3m",1,-0.000921973638793257,"Leukocytes"
"Leukocytes","Fibroblasts","F13a1","Itgb1","age30m-age3m",1,-0.000921973638793257,"Leukocytes"
"Fibroblasts","Fibroblasts","F13a1","Itga9","age30m-age3m",1,-0.000921973638793257,"Leukocytes"
"Fibroblasts","Leukocytes","F13a1","Itga9","age30m-age3m",1,-0.000921973638793257,"Leukocytes"
"Fibroblasts","EndothelialCells","F13a1","Itgb1","age30m-age3m",1,-0.000921973638793257,"Leukocytes"
"Leukocytes","Myocytes","F13a1","Itgb1","age30m-age3m",1,-0.000921973638793257,"Leukocytes"
"Fibroblasts","Leukocytes","F13a1","Itga4","age30m-age3m",1,-0.000921973638793257,"Leukocytes"
"Fibroblasts","EndothelialCells","F13a1","Itga9","age30m-age3m",1,-0.000921973638793257,"Leukocytes"
"Fibroblasts","Leukocytes","F13a1","Itgb1","age30m-age3m",1,-0.000921973638793257,"Leukocytes"
"Fibroblasts","Fibroblasts","F13a1","Itgb1","age30m-age3m",1,-0.000921973638793257,"Leukocytes"
"Fibroblasts","Myocytes","F13a1","Itgb1","age30m-age3m",1,-0.000921973638793257,"Leukocytes"
"EndothelialCells","Fibroblasts","Igf2","Igf2r","age30m-age3m",1,-0.00092205034615605,"EndocardialCells"
"EndothelialCells","Fibroblasts","Igf2","Itgav","age30m-age3m",1,-0.00092205034615605,"EndocardialCells"
"EndothelialCells","Fibroblasts","Igf2","Insr","age30m-age3m",1,-0.00092205034615605,"EndocardialCells"
"EndothelialCells","Fibroblasts","Igf2","Igf1r","age30m-age3m",1,-0.00092205034615605,"EndocardialCells"
"EndothelialCells","Leukocytes","Igf2","Itgav","age30m-age3m",1,-0.00092205034615605,"EndocardialCells"
"EndothelialCells","EndothelialCells","Igf2","Igf1r","age30m-age3m",1,-0.00092205034615605,"EndocardialCells"
"EndothelialCells","Leukocytes","Igf2","Insr","age30m-age3m",1,-0.00092205034615605,"EndocardialCells"
"EndothelialCells","Fibroblasts","Igf2","Itgb3","age30m-age3m",1,-0.00092205034615605,"EndocardialCells"
"EndothelialCells","Leukocytes","Igf2","Itgb3","age30m-age3m",1,-0.00092205034615605,"EndocardialCells"
"EndothelialCells","EndothelialCells","Igf2","Itga6","age30m-age3m",1,-0.00092205034615605,"EndocardialCells"
"EndothelialCells","EndothelialCells","Igf2","Igf2r","age30m-age3m",1,-0.00092205034615605,"EndocardialCells"
"EndothelialCells","EndothelialCells","Igf2","Itgav","age30m-age3m",1,-0.00092205034615605,"EndocardialCells"
"EndothelialCells","EndothelialCells","Igf2","Insr","age30m-age3m",1,-0.00092205034615605,"EndocardialCells"
"EndothelialCells","Leukocytes","Igf2","Igf1r","age30m-age3m",1,-0.00092205034615605,"EndocardialCells"
"EndothelialCells","Leukocytes","Igf2","Itgb4","age30m-age3m",1,-0.00092205034615605,"EndocardialCells"
"EndothelialCells","Leukocytes","Igf2","Igf2r","age30m-age3m",1,-0.00092205034615605,"EndocardialCells"
"EndothelialCells","Myocytes","Igf2","Itga6","age30m-age3m",1,-0.00092205034615605,"EndocardialCells"
"EndothelialCells","Myocytes","Igf2","Igf2r","age30m-age3m",1,-0.00092205034615605,"EndocardialCells"
"EndothelialCells","Myocytes","Igf2","Igf1r","age30m-age3m",1,-0.00092205034615605,"EndocardialCells"
"EndothelialCells","Myocytes","Igf2","Insr","age30m-age3m",1,-0.00092205034615605,"EndocardialCells"
"Fibroblasts","EndothelialCells","Col6a2","Itga1","age30m-age3m",1,-0.000922853632602092,"Fibroblasts"
"Fibroblasts","Fibroblasts","Col6a2","Itga11","age30m-age3m",1,-0.000922853632602092,"Fibroblasts"
"Fibroblasts","EndothelialCells","Col6a2","Itgb1","age30m-age3m",1,-0.000922853632602092,"Fibroblasts"
"Fibroblasts","Fibroblasts","Col6a2","Itga1","age30m-age3m",1,-0.000922853632602092,"Fibroblasts"
"Fibroblasts","Leukocytes","Col6a2","Itgb1","age30m-age3m",1,-0.000922853632602092,"Fibroblasts"
"Fibroblasts","Fibroblasts","Col6a2","Itgb1","age30m-age3m",1,-0.000922853632602092,"Fibroblasts"
"Fibroblasts","Myocytes","Col6a2","Itgb1","age30m-age3m",1,-0.000922853632602092,"Fibroblasts"
"Myocytes","EndothelialCells","Col6a2","Itga1","age30m-age3m",1,-0.000922853632602092,"Fibroblasts"
"Myocytes","Fibroblasts","Col6a2","Itga11","age30m-age3m",1,-0.000922853632602092,"Fibroblasts"
"Myocytes","EndothelialCells","Col6a2","Itgb1","age30m-age3m",1,-0.000922853632602092,"Fibroblasts"
"Myocytes","Fibroblasts","Col6a2","Itga1","age30m-age3m",1,-0.000922853632602092,"Fibroblasts"
"Myocytes","Leukocytes","Col6a2","Itgb1","age30m-age3m",1,-0.000922853632602092,"Fibroblasts"
"Myocytes","Fibroblasts","Col6a2","Itgb1","age30m-age3m",1,-0.000922853632602092,"Fibroblasts"
"Myocytes","Myocytes","Col6a2","Itgb1","age30m-age3m",1,-0.000922853632602092,"Fibroblasts"
"Leukocytes","Leukocytes","Grn","Cd209g","age30m-age3m",1,-0.000930637124121882,"Fibroblasts"
"Leukocytes","Leukocytes","Grn","Cd209f","age30m-age3m",1,-0.000930637124121882,"Fibroblasts"
"Leukocytes","Fibroblasts","Grn","Tnfrsf1a","age30m-age3m",1,-0.000930637124121882,"Fibroblasts"
"Leukocytes","Leukocytes","Grn","Sort1","age30m-age3m",1,-0.000930637124121882,"Fibroblasts"
"Leukocytes","Leukocytes","Grn","Tnfrsf1a","age30m-age3m",1,-0.000930637124121882,"Fibroblasts"
"Leukocytes","Fibroblasts","Grn","Tnfrsf1b","age30m-age3m",1,-0.000930637124121882,"Fibroblasts"
"Leukocytes","EndothelialCells","Grn","Tnfrsf1a","age30m-age3m",1,-0.000930637124121882,"Fibroblasts"
"Leukocytes","Leukocytes","Grn","Tnfrsf1b","age30m-age3m",1,-0.000930637124121882,"Fibroblasts"
"Leukocytes","Fibroblasts","Grn","Egfr","age30m-age3m",1,-0.000930637124121882,"Fibroblasts"
"Leukocytes","Leukocytes","Grn","Cd209a","age30m-age3m",1,-0.000930637124121882,"Fibroblasts"
"Fibroblasts","Leukocytes","Grn","Cd209g","age30m-age3m",1,-0.000930637124121882,"Fibroblasts"
"Fibroblasts","Leukocytes","Grn","Cd209f","age30m-age3m",1,-0.000930637124121882,"Fibroblasts"
"Leukocytes","EndothelialCells","Grn","Tnfrsf1b","age30m-age3m",1,-0.000930637124121882,"Fibroblasts"
"EndothelialCells","Leukocytes","Grn","Cd209g","age30m-age3m",1,-0.000930637124121882,"Fibroblasts"
"EndothelialCells","Leukocytes","Grn","Cd209f","age30m-age3m",1,-0.000930637124121882,"Fibroblasts"
"Fibroblasts","Fibroblasts","Grn","Tnfrsf1a","age30m-age3m",1,-0.000930637124121882,"Fibroblasts"
"Fibroblasts","Leukocytes","Grn","Sort1","age30m-age3m",1,-0.000930637124121882,"Fibroblasts"
"Fibroblasts","Leukocytes","Grn","Tnfrsf1a","age30m-age3m",1,-0.000930637124121882,"Fibroblasts"
"EndothelialCells","Fibroblasts","Grn","Tnfrsf1a","age30m-age3m",1,-0.000930637124121882,"Fibroblasts"
"Fibroblasts","Fibroblasts","Grn","Tnfrsf1b","age30m-age3m",1,-0.000930637124121882,"Fibroblasts"
"EndothelialCells","Leukocytes","Grn","Sort1","age30m-age3m",1,-0.000930637124121882,"Fibroblasts"
"Leukocytes","Fibroblasts","Grn","Cd209f","age30m-age3m",1,-0.000930637124121882,"Fibroblasts"
"EndothelialCells","Leukocytes","Grn","Tnfrsf1a","age30m-age3m",1,-0.000930637124121882,"Fibroblasts"
"Fibroblasts","EndothelialCells","Grn","Tnfrsf1a","age30m-age3m",1,-0.000930637124121882,"Fibroblasts"
"EndothelialCells","Fibroblasts","Grn","Tnfrsf1b","age30m-age3m",1,-0.000930637124121882,"Fibroblasts"
"EndothelialCells","EndothelialCells","Grn","Tnfrsf1a","age30m-age3m",1,-0.000930637124121882,"Fibroblasts"
"Fibroblasts","Leukocytes","Grn","Tnfrsf1b","age30m-age3m",1,-0.000930637124121882,"Fibroblasts"
"Fibroblasts","Fibroblasts","Grn","Egfr","age30m-age3m",1,-0.000930637124121882,"Fibroblasts"
"Fibroblasts","Leukocytes","Grn","Cd209a","age30m-age3m",1,-0.000930637124121882,"Fibroblasts"
"EndothelialCells","Leukocytes","Grn","Tnfrsf1b","age30m-age3m",1,-0.000930637124121882,"Fibroblasts"
"EndothelialCells","Fibroblasts","Grn","Egfr","age30m-age3m",1,-0.000930637124121882,"Fibroblasts"
"EndothelialCells","Leukocytes","Grn","Cd209a","age30m-age3m",1,-0.000930637124121882,"Fibroblasts"
"Fibroblasts","EndothelialCells","Grn","Tnfrsf1b","age30m-age3m",1,-0.000930637124121882,"Fibroblasts"
"EndothelialCells","EndothelialCells","Grn","Tnfrsf1b","age30m-age3m",1,-0.000930637124121882,"Fibroblasts"
"Leukocytes","Leukocytes","Grn","Egfr","age30m-age3m",1,-0.000930637124121882,"Fibroblasts"
"Fibroblasts","Fibroblasts","Grn","Cd209f","age30m-age3m",1,-0.000930637124121882,"Fibroblasts"
"EndothelialCells","Fibroblasts","Grn","Cd209f","age30m-age3m",1,-0.000930637124121882,"Fibroblasts"
"Myocytes","Leukocytes","Grn","Cd209g","age30m-age3m",1,-0.000930637124121882,"Fibroblasts"
"Myocytes","Leukocytes","Grn","Cd209f","age30m-age3m",1,-0.000930637124121882,"Fibroblasts"
"Leukocytes","Myocytes","Grn","Tnfrsf1a","age30m-age3m",1,-0.000930637124121882,"Fibroblasts"
"Myocytes","Fibroblasts","Grn","Tnfrsf1a","age30m-age3m",1,-0.000930637124121882,"Fibroblasts"
"Myocytes","Leukocytes","Grn","Sort1","age30m-age3m",1,-0.000930637124121882,"Fibroblasts"
"Myocytes","Leukocytes","Grn","Tnfrsf1a","age30m-age3m",1,-0.000930637124121882,"Fibroblasts"
"Leukocytes","Myocytes","Grn","Sort1","age30m-age3m",1,-0.000930637124121882,"Fibroblasts"
"Myocytes","Fibroblasts","Grn","Tnfrsf1b","age30m-age3m",1,-0.000930637124121882,"Fibroblasts"
"Myocytes","EndothelialCells","Grn","Tnfrsf1a","age30m-age3m",1,-0.000930637124121882,"Fibroblasts"
"Myocytes","Leukocytes","Grn","Tnfrsf1b","age30m-age3m",1,-0.000930637124121882,"Fibroblasts"
"Myocytes","Fibroblasts","Grn","Egfr","age30m-age3m",1,-0.000930637124121882,"Fibroblasts"
"Myocytes","Leukocytes","Grn","Cd209a","age30m-age3m",1,-0.000930637124121882,"Fibroblasts"
"Fibroblasts","Leukocytes","Grn","Egfr","age30m-age3m",1,-0.000930637124121882,"Fibroblasts"
"EndothelialCells","Leukocytes","Grn","Egfr","age30m-age3m",1,-0.000930637124121882,"Fibroblasts"
"Myocytes","EndothelialCells","Grn","Tnfrsf1b","age30m-age3m",1,-0.000930637124121882,"Fibroblasts"
"Fibroblasts","Myocytes","Grn","Tnfrsf1a","age30m-age3m",1,-0.000930637124121882,"Fibroblasts"
"EndothelialCells","Myocytes","Grn","Tnfrsf1a","age30m-age3m",1,-0.000930637124121882,"Fibroblasts"
"Fibroblasts","Myocytes","Grn","Sort1","age30m-age3m",1,-0.000930637124121882,"Fibroblasts"
"EndothelialCells","Myocytes","Grn","Sort1","age30m-age3m",1,-0.000930637124121882,"Fibroblasts"
"Myocytes","Leukocytes","Grn","Egfr","age30m-age3m",1,-0.000930637124121882,"Fibroblasts"
"Myocytes","Myocytes","Grn","Tnfrsf1a","age30m-age3m",1,-0.000930637124121882,"Fibroblasts"
"Myocytes","Myocytes","Grn","Sort1","age30m-age3m",1,-0.000930637124121882,"Fibroblasts"
"Fibroblasts","Fibroblasts","Mmp14","Adam9","age30m-age3m",1,-0.000932153837464697,"Fibroblasts"
"Fibroblasts","Fibroblasts","Mmp14","Mmp2","age30m-age3m",1,-0.000932153837464697,"Fibroblasts"
"Fibroblasts","Leukocytes","Mmp14","Adam9","age30m-age3m",1,-0.000932153837464697,"Fibroblasts"
"Fibroblasts","Leukocytes","Mmp14","Sdc1","age30m-age3m",1,-0.000932153837464697,"Fibroblasts"
"Leukocytes","Fibroblasts","Mmp14","Adam9","age30m-age3m",1,-0.000932153837464697,"Fibroblasts"
"Leukocytes","Fibroblasts","Mmp14","Mmp2","age30m-age3m",1,-0.000932153837464697,"Fibroblasts"
"Leukocytes","Leukocytes","Mmp14","Adam9","age30m-age3m",1,-0.000932153837464697,"Fibroblasts"
"Fibroblasts","EndothelialCells","Mmp14","Adam9","age30m-age3m",1,-0.000932153837464697,"Fibroblasts"
"Leukocytes","Leukocytes","Mmp14","Sdc1","age30m-age3m",1,-0.000932153837464697,"Fibroblasts"
"Fibroblasts","Fibroblasts","Mmp14","Ddr1","age30m-age3m",1,-0.000932153837464697,"Fibroblasts"
"Fibroblasts","Leukocytes","Mmp14","Cd44","age30m-age3m",1,-0.000932153837464697,"Fibroblasts"
"Leukocytes","EndothelialCells","Mmp14","Adam9","age30m-age3m",1,-0.000932153837464697,"Fibroblasts"
"Fibroblasts","Fibroblasts","Mmp14","Sdc1","age30m-age3m",1,-0.000932153837464697,"Fibroblasts"
"Fibroblasts","EndothelialCells","Mmp14","Mmp2","age30m-age3m",1,-0.000932153837464697,"Fibroblasts"
"Leukocytes","Fibroblasts","Mmp14","Ddr1","age30m-age3m",1,-0.000932153837464697,"Fibroblasts"
"Fibroblasts","Fibroblasts","Mmp14","Cd44","age30m-age3m",1,-0.000932153837464697,"Fibroblasts"
"Fibroblasts","Leukocytes","Mmp14","Mmp2","age30m-age3m",1,-0.000932153837464697,"Fibroblasts"
"Leukocytes","Leukocytes","Mmp14","Cd44","age30m-age3m",1,-0.000932153837464697,"Fibroblasts"
"Leukocytes","Fibroblasts","Mmp14","Sdc1","age30m-age3m",1,-0.000932153837464697,"Fibroblasts"
"Leukocytes","EndothelialCells","Mmp14","Mmp2","age30m-age3m",1,-0.000932153837464697,"Fibroblasts"
"Leukocytes","Fibroblasts","Mmp14","Cd44","age30m-age3m",1,-0.000932153837464697,"Fibroblasts"
"Leukocytes","Leukocytes","Mmp14","Mmp2","age30m-age3m",1,-0.000932153837464697,"Fibroblasts"
"Fibroblasts","Leukocytes","Mmp14","Mmp13","age30m-age3m",1,-0.000932153837464697,"Fibroblasts"
"Leukocytes","Leukocytes","Mmp14","Mmp13","age30m-age3m",1,-0.000932153837464697,"Fibroblasts"
"Fibroblasts","Myocytes","Mmp14","Mmp2","age30m-age3m",1,-0.000932153837464697,"Fibroblasts"
"Fibroblasts","Myocytes","Mmp14","Cd44","age30m-age3m",1,-0.000932153837464697,"Fibroblasts"
"Leukocytes","Myocytes","Mmp14","Mmp2","age30m-age3m",1,-0.000932153837464697,"Fibroblasts"
"Fibroblasts","Myocytes","Mmp14","Adam9","age30m-age3m",1,-0.000932153837464697,"Fibroblasts"
"Leukocytes","Myocytes","Mmp14","Cd44","age30m-age3m",1,-0.000932153837464697,"Fibroblasts"
"Fibroblasts","EndothelialCells","Mmp14","Cd44","age30m-age3m",1,-0.000932153837464697,"Fibroblasts"
"Fibroblasts","Myocytes","Mmp14","Ddr1","age30m-age3m",1,-0.000932153837464697,"Fibroblasts"
"Leukocytes","Myocytes","Mmp14","Adam9","age30m-age3m",1,-0.000932153837464697,"Fibroblasts"
"Leukocytes","EndothelialCells","Mmp14","Cd44","age30m-age3m",1,-0.000932153837464697,"Fibroblasts"
"Leukocytes","Myocytes","Mmp14","Ddr1","age30m-age3m",1,-0.000932153837464697,"Fibroblasts"
"Fibroblasts","Fibroblasts","Fbn1","Itga5","age30m-age3m",1,-0.000932900564413283,"Fibroblasts"
"Fibroblasts","Fibroblasts","Fbn1","Itgav","age30m-age3m",1,-0.000932900564413283,"Fibroblasts"
"Fibroblasts","Leukocytes","Fbn1","Itga5","age30m-age3m",1,-0.000932900564413283,"Fibroblasts"
"Fibroblasts","Leukocytes","Fbn1","Itgav","age30m-age3m",1,-0.000932900564413283,"Fibroblasts"
"Fibroblasts","EndothelialCells","Fbn1","Itgb1","age30m-age3m",1,-0.000932900564413283,"Fibroblasts"
"Fibroblasts","Leukocytes","Fbn1","Itgb3","age30m-age3m",1,-0.000932900564413283,"Fibroblasts"
"Fibroblasts","EndothelialCells","Fbn1","Itga5","age30m-age3m",1,-0.000932900564413283,"Fibroblasts"
"Fibroblasts","EndothelialCells","Fbn1","Itgav","age30m-age3m",1,-0.000932900564413283,"Fibroblasts"
"EndothelialCells","Fibroblasts","Fbn1","Itga5","age30m-age3m",1,-0.000932900564413283,"Fibroblasts"
"EndothelialCells","Fibroblasts","Fbn1","Itgav","age30m-age3m",1,-0.000932900564413283,"Fibroblasts"
"Fibroblasts","Fibroblasts","Fbn1","Itgb3","age30m-age3m",1,-0.000932900564413283,"Fibroblasts"
"EndothelialCells","Leukocytes","Fbn1","Itga5","age30m-age3m",1,-0.000932900564413283,"Fibroblasts"
"EndothelialCells","Leukocytes","Fbn1","Itgav","age30m-age3m",1,-0.000932900564413283,"Fibroblasts"
"EndothelialCells","EndothelialCells","Fbn1","Itgb1","age30m-age3m",1,-0.000932900564413283,"Fibroblasts"
"Fibroblasts","Leukocytes","Fbn1","Itgb1","age30m-age3m",1,-0.000932900564413283,"Fibroblasts"
"EndothelialCells","Leukocytes","Fbn1","Itgb3","age30m-age3m",1,-0.000932900564413283,"Fibroblasts"
"EndothelialCells","EndothelialCells","Fbn1","Itga5","age30m-age3m",1,-0.000932900564413283,"Fibroblasts"
"EndothelialCells","EndothelialCells","Fbn1","Itgav","age30m-age3m",1,-0.000932900564413283,"Fibroblasts"
"Fibroblasts","Fibroblasts","Fbn1","Itgb1","age30m-age3m",1,-0.000932900564413283,"Fibroblasts"
"EndothelialCells","Fibroblasts","Fbn1","Itgb3","age30m-age3m",1,-0.000932900564413283,"Fibroblasts"
"Leukocytes","Fibroblasts","Fbn1","Itga5","age30m-age3m",1,-0.000932900564413283,"Fibroblasts"
"Myocytes","Fibroblasts","Fbn1","Itga5","age30m-age3m",1,-0.000932900564413283,"Fibroblasts"
"Leukocytes","Fibroblasts","Fbn1","Itgav","age30m-age3m",1,-0.000932900564413283,"Fibroblasts"
"EndothelialCells","Leukocytes","Fbn1","Itgb1","age30m-age3m",1,-0.000932900564413283,"Fibroblasts"
"Myocytes","Fibroblasts","Fbn1","Itgav","age30m-age3m",1,-0.000932900564413283,"Fibroblasts"
"Leukocytes","Fibroblasts","Fbn1","Itgb3","age30m-age3m",1,-0.000932900564413283,"Fibroblasts"
"Leukocytes","Leukocytes","Fbn1","Itga5","age30m-age3m",1,-0.000932900564413283,"Fibroblasts"
"Leukocytes","Leukocytes","Fbn1","Itgav","age30m-age3m",1,-0.000932900564413283,"Fibroblasts"
"Myocytes","Fibroblasts","Fbn1","Itgb3","age30m-age3m",1,-0.000932900564413283,"Fibroblasts"
"EndothelialCells","Fibroblasts","Fbn1","Itgb1","age30m-age3m",1,-0.000932900564413283,"Fibroblasts"
"Myocytes","Leukocytes","Fbn1","Itga5","age30m-age3m",1,-0.000932900564413283,"Fibroblasts"
"Fibroblasts","Myocytes","Fbn1","Itgb1","age30m-age3m",1,-0.000932900564413283,"Fibroblasts"
"Myocytes","Leukocytes","Fbn1","Itgav","age30m-age3m",1,-0.000932900564413283,"Fibroblasts"
"Leukocytes","EndothelialCells","Fbn1","Itgb1","age30m-age3m",1,-0.000932900564413283,"Fibroblasts"
"Myocytes","EndothelialCells","Fbn1","Itgb1","age30m-age3m",1,-0.000932900564413283,"Fibroblasts"
"Leukocytes","EndothelialCells","Fbn1","Itga5","age30m-age3m",1,-0.000932900564413283,"Fibroblasts"
"Leukocytes","EndothelialCells","Fbn1","Itgav","age30m-age3m",1,-0.000932900564413283,"Fibroblasts"
"Myocytes","EndothelialCells","Fbn1","Itga5","age30m-age3m",1,-0.000932900564413283,"Fibroblasts"
"Myocytes","EndothelialCells","Fbn1","Itgav","age30m-age3m",1,-0.000932900564413283,"Fibroblasts"
"Fibroblasts","Myocytes","Fbn1","Itga5","age30m-age3m",1,-0.000932900564413283,"Fibroblasts"
"EndothelialCells","Myocytes","Fbn1","Itgb1","age30m-age3m",1,-0.000932900564413283,"Fibroblasts"
"Leukocytes","Leukocytes","Fbn1","Itgb1","age30m-age3m",1,-0.000932900564413283,"Fibroblasts"
"Myocytes","Leukocytes","Fbn1","Itgb1","age30m-age3m",1,-0.000932900564413283,"Fibroblasts"
"Leukocytes","Fibroblasts","Fbn1","Itgb1","age30m-age3m",1,-0.000932900564413283,"Fibroblasts"
"Myocytes","Fibroblasts","Fbn1","Itgb1","age30m-age3m",1,-0.000932900564413283,"Fibroblasts"
"EndothelialCells","Myocytes","Fbn1","Itga5","age30m-age3m",1,-0.000932900564413283,"Fibroblasts"
"Leukocytes","Myocytes","Fbn1","Itga5","age30m-age3m",1,-0.000932900564413283,"Fibroblasts"
"Myocytes","Myocytes","Fbn1","Itga5","age30m-age3m",1,-0.000932900564413283,"Fibroblasts"
"Leukocytes","Myocytes","Fbn1","Itgb1","age30m-age3m",1,-0.000932900564413283,"Fibroblasts"
"Myocytes","Myocytes","Fbn1","Itgb1","age30m-age3m",1,-0.000932900564413283,"Fibroblasts"
"Fibroblasts","Leukocytes","Ccl19","Ccrl2","age30m-age3m",1,-0.00093808711928083,"Fibroblasts"
"Fibroblasts","EndothelialCells","Ccl19","Ccrl2","age30m-age3m",1,-0.00093808711928083,"Fibroblasts"
"Fibroblasts","Fibroblasts","Ccl19","Ccrl2","age30m-age3m",1,-0.00093808711928083,"Fibroblasts"
"Fibroblasts","Myocytes","Ccl19","Ccrl2","age30m-age3m",1,-0.00093808711928083,"Fibroblasts"
"Fibroblasts","EndothelialCells","Mxra8","Jam3","age30m-age3m",1,-0.000939489348548333,"Fibroblasts"
"Fibroblasts","Fibroblasts","Mxra8","Jam3","age30m-age3m",1,-0.000939489348548333,"Fibroblasts"
"Leukocytes","EndothelialCells","Mxra8","Jam3","age30m-age3m",1,-0.000939489348548333,"Fibroblasts"
"Leukocytes","Fibroblasts","Mxra8","Jam3","age30m-age3m",1,-0.000939489348548333,"Fibroblasts"
"EndothelialCells","EndothelialCells","Mxra8","Jam3","age30m-age3m",1,-0.000939489348548333,"Fibroblasts"
"EndothelialCells","Fibroblasts","Mxra8","Jam3","age30m-age3m",1,-0.000939489348548333,"Fibroblasts"
"Fibroblasts","Myocytes","Mxra8","Jam3","age30m-age3m",1,-0.000939489348548333,"Fibroblasts"
"Leukocytes","Myocytes","Mxra8","Jam3","age30m-age3m",1,-0.000939489348548333,"Fibroblasts"
"EndothelialCells","Myocytes","Mxra8","Jam3","age30m-age3m",1,-0.000939489348548333,"Fibroblasts"
"EndothelialCells","EndothelialCells","Sema6a","Plxna4","age30m-age3m",1,-0.00094067532964759,"EndothelialCells"
"EndothelialCells","Leukocytes","Sema6a","Plxna4","age30m-age3m",1,-0.00094067532964759,"EndothelialCells"
"EndothelialCells","EndothelialCells","Sema6a","Plxna2","age30m-age3m",1,-0.00094067532964759,"EndothelialCells"
"Fibroblasts","EndothelialCells","Sema6a","Plxna4","age30m-age3m",1,-0.00094067532964759,"EndothelialCells"
"Fibroblasts","Leukocytes","Sema6a","Plxna4","age30m-age3m",1,-0.00094067532964759,"EndothelialCells"
"Fibroblasts","EndothelialCells","Sema6a","Plxna2","age30m-age3m",1,-0.00094067532964759,"EndothelialCells"
"Leukocytes","EndothelialCells","Sema6a","Plxna4","age30m-age3m",1,-0.00094067532964759,"EndothelialCells"
"EndothelialCells","Fibroblasts","Sema6a","Plxna2","age30m-age3m",1,-0.00094067532964759,"EndothelialCells"
"Leukocytes","Leukocytes","Sema6a","Plxna4","age30m-age3m",1,-0.00094067532964759,"EndothelialCells"
"Leukocytes","EndothelialCells","Sema6a","Plxna2","age30m-age3m",1,-0.00094067532964759,"EndothelialCells"
"Fibroblasts","Fibroblasts","Sema6a","Plxna2","age30m-age3m",1,-0.00094067532964759,"EndothelialCells"
"Leukocytes","Fibroblasts","Sema6a","Plxna2","age30m-age3m",1,-0.00094067532964759,"EndothelialCells"
"Myocytes","Fibroblasts","Fgf13","Fgfr1","age30m-age3m",1,-0.000949961326678772,"Myocytes"
"Myocytes","EndothelialCells","Fgf13","Fgfr3","age30m-age3m",1,-0.000949961326678772,"Myocytes"
"Myocytes","Leukocytes","Fgf13","Fgfr1","age30m-age3m",1,-0.000949961326678772,"Myocytes"
"Myocytes","Fibroblasts","Fgf13","Egfr","age30m-age3m",1,-0.000949961326678772,"Myocytes"
"Myocytes","EndothelialCells","Fgf13","Fgfr1","age30m-age3m",1,-0.000949961326678772,"Myocytes"
"Myocytes","Myocytes","Fgf13","Scn5a","age30m-age3m",1,-0.000949961326678772,"Myocytes"
"Myocytes","Leukocytes","Fgf13","Egfr","age30m-age3m",1,-0.000949961326678772,"Myocytes"
"Myocytes","Leukocytes","Fgf13","Fgfr3","age30m-age3m",1,-0.000949961326678772,"Myocytes"
"Fibroblasts","Fibroblasts","Col15a1","Itga11","age30m-age3m",1,-0.000950284091196196,"Fibroblasts"
"Fibroblasts","EndothelialCells","Col15a1","Itga1","age30m-age3m",1,-0.000950284091196196,"Fibroblasts"
"Fibroblasts","Fibroblasts","Col15a1","Itga1","age30m-age3m",1,-0.000950284091196196,"Fibroblasts"
"Fibroblasts","EndothelialCells","Col15a1","Itgb1","age30m-age3m",1,-0.000950284091196196,"Fibroblasts"
"Fibroblasts","Leukocytes","Col15a1","Itgb1","age30m-age3m",1,-0.000950284091196196,"Fibroblasts"
"Fibroblasts","Fibroblasts","Col15a1","Itgb1","age30m-age3m",1,-0.000950284091196196,"Fibroblasts"
"EndothelialCells","Fibroblasts","Col15a1","Itga11","age30m-age3m",1,-0.000950284091196196,"Fibroblasts"
"EndothelialCells","EndothelialCells","Col15a1","Itga1","age30m-age3m",1,-0.000950284091196196,"Fibroblasts"
"EndothelialCells","Fibroblasts","Col15a1","Itga1","age30m-age3m",1,-0.000950284091196196,"Fibroblasts"
"Fibroblasts","Myocytes","Col15a1","Itgb1","age30m-age3m",1,-0.000950284091196196,"Fibroblasts"
"EndothelialCells","EndothelialCells","Col15a1","Itgb1","age30m-age3m",1,-0.000950284091196196,"Fibroblasts"
"EndothelialCells","Leukocytes","Col15a1","Itgb1","age30m-age3m",1,-0.000950284091196196,"Fibroblasts"
"EndothelialCells","Fibroblasts","Col15a1","Itgb1","age30m-age3m",1,-0.000950284091196196,"Fibroblasts"
"EndothelialCells","Myocytes","Col15a1","Itgb1","age30m-age3m",1,-0.000950284091196196,"Fibroblasts"
"Fibroblasts","Fibroblasts","Calm3","Pde1a","age30m-age3m",1,-0.00095138784321076,"Fibroblasts"
"EndothelialCells","Fibroblasts","Calm3","Pde1a","age30m-age3m",1,-0.00095138784321076,"Fibroblasts"
"Fibroblasts","Leukocytes","Calm3","Mylk","age30m-age3m",1,-0.00095138784321076,"Fibroblasts"
"Fibroblasts","EndothelialCells","Calm3","Mylk","age30m-age3m",1,-0.00095138784321076,"Fibroblasts"
"Leukocytes","Fibroblasts","Calm3","Pde1a","age30m-age3m",1,-0.00095138784321076,"Fibroblasts"
"EndothelialCells","Leukocytes","Calm3","Mylk","age30m-age3m",1,-0.00095138784321076,"Fibroblasts"
"EndothelialCells","EndothelialCells","Calm3","Mylk","age30m-age3m",1,-0.00095138784321076,"Fibroblasts"
"Myocytes","Fibroblasts","Calm3","Pde1a","age30m-age3m",1,-0.00095138784321076,"Fibroblasts"
"Fibroblasts","Fibroblasts","Calm3","Mylk","age30m-age3m",1,-0.00095138784321076,"Fibroblasts"
"Fibroblasts","Myocytes","Calm3","Pde1c","age30m-age3m",1,-0.00095138784321076,"Fibroblasts"
"EndothelialCells","Fibroblasts","Calm3","Mylk","age30m-age3m",1,-0.00095138784321076,"Fibroblasts"
"Leukocytes","Leukocytes","Calm3","Mylk","age30m-age3m",1,-0.00095138784321076,"Fibroblasts"
"Leukocytes","EndothelialCells","Calm3","Mylk","age30m-age3m",1,-0.00095138784321076,"Fibroblasts"
"EndothelialCells","Myocytes","Calm3","Pde1c","age30m-age3m",1,-0.00095138784321076,"Fibroblasts"
"Myocytes","Leukocytes","Calm3","Mylk","age30m-age3m",1,-0.00095138784321076,"Fibroblasts"
"Myocytes","EndothelialCells","Calm3","Mylk","age30m-age3m",1,-0.00095138784321076,"Fibroblasts"
"Leukocytes","Fibroblasts","Calm3","Mylk","age30m-age3m",1,-0.00095138784321076,"Fibroblasts"
"Leukocytes","Myocytes","Calm3","Pde1c","age30m-age3m",1,-0.00095138784321076,"Fibroblasts"
"Myocytes","Fibroblasts","Calm3","Mylk","age30m-age3m",1,-0.00095138784321076,"Fibroblasts"
"Myocytes","Myocytes","Calm3","Pde1c","age30m-age3m",1,-0.00095138784321076,"Fibroblasts"
"Fibroblasts","Leukocytes","Angptl1","Gm14548","age30m-age3m",1,-0.000952990192939705,"Fibroblasts"
"Fibroblasts","EndothelialCells","Angptl1","Tek","age30m-age3m",1,-0.000952990192939705,"Fibroblasts"
"Fibroblasts","Leukocytes","Angptl1","Lilra5","age30m-age3m",1,-0.000952990192939705,"Fibroblasts"
"Fibroblasts","Fibroblasts","Angptl1","Tek","age30m-age3m",1,-0.000952990192939705,"Fibroblasts"
"Fibroblasts","EndothelialCells","Angptl1","Itga1","age30m-age3m",1,-0.000952990192939705,"Fibroblasts"
"Fibroblasts","Leukocytes","Angptl1","Tek","age30m-age3m",1,-0.000952990192939705,"Fibroblasts"
"Fibroblasts","EndothelialCells","Angptl1","Itgb1","age30m-age3m",1,-0.000952990192939705,"Fibroblasts"
"Fibroblasts","Leukocytes","Angptl1","Lilra6","age30m-age3m",1,-0.000952990192939705,"Fibroblasts"
"Fibroblasts","Fibroblasts","Angptl1","Itga1","age30m-age3m",1,-0.000952990192939705,"Fibroblasts"
"Fibroblasts","Leukocytes","Angptl1","Itgb1","age30m-age3m",1,-0.000952990192939705,"Fibroblasts"
"Fibroblasts","Fibroblasts","Angptl1","Itgb1","age30m-age3m",1,-0.000952990192939705,"Fibroblasts"
"Fibroblasts","Myocytes","Angptl1","Itgb1","age30m-age3m",1,-0.000952990192939705,"Fibroblasts"
"Fibroblasts","Fibroblasts","Boc","Smo","age30m-age3m",1,-0.000955464089643076,"Fibroblasts"
"Fibroblasts","Leukocytes","Boc","Lilra6","age30m-age3m",1,-0.000955464089643076,"Fibroblasts"
"Fibroblasts","Leukocytes","Boc","Smo","age30m-age3m",1,-0.000955464089643076,"Fibroblasts"
"EndothelialCells","EndothelialCells","Efnb1","Ephb4","age30m-age3m",1,-0.00095765116458106,"Fibroblasts"
"EndothelialCells","EndothelialCells","Efnb1","Epha4","age30m-age3m",1,-0.00095765116458106,"Fibroblasts"
"EndothelialCells","Fibroblasts","Efnb1","Naalad2","age30m-age3m",1,-0.00095765116458106,"Fibroblasts"
"EndothelialCells","Leukocytes","Efnb1","Slamf9","age30m-age3m",1,-0.00095765116458106,"Fibroblasts"
"EndothelialCells","Fibroblasts","Efnb1","Ephb3","age30m-age3m",1,-0.00095765116458106,"Fibroblasts"
"EndothelialCells","Fibroblasts","Efnb1","Evc2","age30m-age3m",1,-0.00095765116458106,"Fibroblasts"
"EndothelialCells","Fibroblasts","Efnb1","Dag1","age30m-age3m",1,-0.00095765116458106,"Fibroblasts"
"EndothelialCells","Leukocytes","Efnb1","Ephb4","age30m-age3m",1,-0.00095765116458106,"Fibroblasts"
"EndothelialCells","Fibroblasts","Efnb1","Erbb2","age30m-age3m",1,-0.00095765116458106,"Fibroblasts"
"EndothelialCells","EndothelialCells","Efnb1","Dag1","age30m-age3m",1,-0.00095765116458106,"Fibroblasts"
"EndothelialCells","EndothelialCells","Efnb1","Ephb1","age30m-age3m",1,-0.00095765116458106,"Fibroblasts"
"Fibroblasts","EndothelialCells","Efnb1","Ephb4","age30m-age3m",1,-0.00095765116458106,"Fibroblasts"
"Fibroblasts","EndothelialCells","Efnb1","Epha4","age30m-age3m",1,-0.00095765116458106,"Fibroblasts"
"Fibroblasts","Fibroblasts","Efnb1","Naalad2","age30m-age3m",1,-0.00095765116458106,"Fibroblasts"
"EndothelialCells","Fibroblasts","Efnb1","Ephb4","age30m-age3m",1,-0.00095765116458106,"Fibroblasts"
"Fibroblasts","Leukocytes","Efnb1","Slamf9","age30m-age3m",1,-0.00095765116458106,"Fibroblasts"
"Fibroblasts","Fibroblasts","Efnb1","Ephb3","age30m-age3m",1,-0.00095765116458106,"Fibroblasts"
"Fibroblasts","Fibroblasts","Efnb1","Evc2","age30m-age3m",1,-0.00095765116458106,"Fibroblasts"
"EndothelialCells","Leukocytes","Efnb1","Dag1","age30m-age3m",1,-0.00095765116458106,"Fibroblasts"
"Leukocytes","EndothelialCells","Efnb1","Ephb4","age30m-age3m",1,-0.00095765116458106,"Fibroblasts"
"Leukocytes","EndothelialCells","Efnb1","Epha4","age30m-age3m",1,-0.00095765116458106,"Fibroblasts"
"Leukocytes","Fibroblasts","Efnb1","Naalad2","age30m-age3m",1,-0.00095765116458106,"Fibroblasts"
"Leukocytes","Leukocytes","Efnb1","Slamf9","age30m-age3m",1,-0.00095765116458106,"Fibroblasts"
"Fibroblasts","Fibroblasts","Efnb1","Dag1","age30m-age3m",1,-0.00095765116458106,"Fibroblasts"
"Fibroblasts","Leukocytes","Efnb1","Ephb4","age30m-age3m",1,-0.00095765116458106,"Fibroblasts"
"Leukocytes","Fibroblasts","Efnb1","Ephb3","age30m-age3m",1,-0.00095765116458106,"Fibroblasts"
"Leukocytes","Fibroblasts","Efnb1","Evc2","age30m-age3m",1,-0.00095765116458106,"Fibroblasts"
"EndothelialCells","Fibroblasts","Efnb1","Ephb6","age30m-age3m",1,-0.00095765116458106,"Fibroblasts"
"Fibroblasts","Fibroblasts","Efnb1","Erbb2","age30m-age3m",1,-0.00095765116458106,"Fibroblasts"
"Fibroblasts","EndothelialCells","Efnb1","Dag1","age30m-age3m",1,-0.00095765116458106,"Fibroblasts"
"Leukocytes","Fibroblasts","Efnb1","Dag1","age30m-age3m",1,-0.00095765116458106,"Fibroblasts"
"Leukocytes","Leukocytes","Efnb1","Ephb4","age30m-age3m",1,-0.00095765116458106,"Fibroblasts"
"Fibroblasts","EndothelialCells","Efnb1","Ephb1","age30m-age3m",1,-0.00095765116458106,"Fibroblasts"
"Fibroblasts","Fibroblasts","Efnb1","Ephb4","age30m-age3m",1,-0.00095765116458106,"Fibroblasts"
"Leukocytes","Fibroblasts","Efnb1","Erbb2","age30m-age3m",1,-0.00095765116458106,"Fibroblasts"
"Leukocytes","EndothelialCells","Efnb1","Dag1","age30m-age3m",1,-0.00095765116458106,"Fibroblasts"
"Fibroblasts","Leukocytes","Efnb1","Dag1","age30m-age3m",1,-0.00095765116458106,"Fibroblasts"
"Leukocytes","EndothelialCells","Efnb1","Ephb1","age30m-age3m",1,-0.00095765116458106,"Fibroblasts"
"Leukocytes","Fibroblasts","Efnb1","Ephb4","age30m-age3m",1,-0.00095765116458106,"Fibroblasts"
"Leukocytes","Leukocytes","Efnb1","Dag1","age30m-age3m",1,-0.00095765116458106,"Fibroblasts"
"Fibroblasts","Fibroblasts","Efnb1","Ephb6","age30m-age3m",1,-0.00095765116458106,"Fibroblasts"
"EndothelialCells","Fibroblasts","Efnb1","Epha4","age30m-age3m",1,-0.00095765116458106,"Fibroblasts"
"Leukocytes","Fibroblasts","Efnb1","Ephb6","age30m-age3m",1,-0.00095765116458106,"Fibroblasts"
"EndothelialCells","Myocytes","Efnb1","Epha4","age30m-age3m",1,-0.00095765116458106,"Fibroblasts"
"EndothelialCells","Myocytes","Efnb1","Dag1","age30m-age3m",1,-0.00095765116458106,"Fibroblasts"
"Fibroblasts","Fibroblasts","Efnb1","Epha4","age30m-age3m",1,-0.00095765116458106,"Fibroblasts"
"Leukocytes","Fibroblasts","Efnb1","Epha4","age30m-age3m",1,-0.00095765116458106,"Fibroblasts"
"Fibroblasts","Myocytes","Efnb1","Epha4","age30m-age3m",1,-0.00095765116458106,"Fibroblasts"
"Fibroblasts","Myocytes","Efnb1","Dag1","age30m-age3m",1,-0.00095765116458106,"Fibroblasts"
"Leukocytes","Myocytes","Efnb1","Epha4","age30m-age3m",1,-0.00095765116458106,"Fibroblasts"
"Leukocytes","Myocytes","Efnb1","Dag1","age30m-age3m",1,-0.00095765116458106,"Fibroblasts"
"EndothelialCells","Leukocytes","Agrn","Atp1a3","age30m-age3m",1,-0.000961813663864364,"Fibroblasts"
"EndothelialCells","Fibroblasts","Agrn","Lrp1","age30m-age3m",1,-0.000961813663864364,"Fibroblasts"
"EndothelialCells","Leukocytes","Agrn","Lrp1","age30m-age3m",1,-0.000961813663864364,"Fibroblasts"
"Fibroblasts","Leukocytes","Agrn","Atp1a3","age30m-age3m",1,-0.000961813663864364,"Fibroblasts"
"Fibroblasts","Fibroblasts","Agrn","Lrp1","age30m-age3m",1,-0.000961813663864364,"Fibroblasts"
"Fibroblasts","Leukocytes","Agrn","Lrp1","age30m-age3m",1,-0.000961813663864364,"Fibroblasts"
"EndothelialCells","EndothelialCells","Agrn","Itgb1","age30m-age3m",1,-0.000961813663864364,"Fibroblasts"
"EndothelialCells","Fibroblasts","Agrn","Dag1","age30m-age3m",1,-0.000961813663864364,"Fibroblasts"
"EndothelialCells","EndothelialCells","Agrn","Dag1","age30m-age3m",1,-0.000961813663864364,"Fibroblasts"
"Fibroblasts","EndothelialCells","Agrn","Itgb1","age30m-age3m",1,-0.000961813663864364,"Fibroblasts"
"Fibroblasts","Fibroblasts","Agrn","Dag1","age30m-age3m",1,-0.000961813663864364,"Fibroblasts"
"Fibroblasts","EndothelialCells","Agrn","Dag1","age30m-age3m",1,-0.000961813663864364,"Fibroblasts"
"EndothelialCells","Fibroblasts","Agrn","Lrp4","age30m-age3m",1,-0.000961813663864364,"Fibroblasts"
"Fibroblasts","Fibroblasts","Agrn","Lrp4","age30m-age3m",1,-0.000961813663864364,"Fibroblasts"
"EndothelialCells","Leukocytes","Agrn","Dag1","age30m-age3m",1,-0.000961813663864364,"Fibroblasts"
"Fibroblasts","Leukocytes","Agrn","Dag1","age30m-age3m",1,-0.000961813663864364,"Fibroblasts"
"EndothelialCells","Leukocytes","Agrn","Itgb1","age30m-age3m",1,-0.000961813663864364,"Fibroblasts"
"Fibroblasts","Leukocytes","Agrn","Itgb1","age30m-age3m",1,-0.000961813663864364,"Fibroblasts"
"EndothelialCells","Fibroblasts","Agrn","Itgb1","age30m-age3m",1,-0.000961813663864364,"Fibroblasts"
"EndothelialCells","EndothelialCells","Agrn","Lrp1","age30m-age3m",1,-0.000961813663864364,"Fibroblasts"
"Fibroblasts","Fibroblasts","Agrn","Itgb1","age30m-age3m",1,-0.000961813663864364,"Fibroblasts"
"Fibroblasts","EndothelialCells","Agrn","Lrp1","age30m-age3m",1,-0.000961813663864364,"Fibroblasts"
"EndothelialCells","Leukocytes","Agrn","Lrp4","age30m-age3m",1,-0.000961813663864364,"Fibroblasts"
"Fibroblasts","Leukocytes","Agrn","Lrp4","age30m-age3m",1,-0.000961813663864364,"Fibroblasts"
"EndothelialCells","Myocytes","Agrn","Lrp1","age30m-age3m",1,-0.000961813663864364,"Fibroblasts"
"EndothelialCells","Myocytes","Agrn","Itgb1","age30m-age3m",1,-0.000961813663864364,"Fibroblasts"
"Fibroblasts","Myocytes","Agrn","Lrp1","age30m-age3m",1,-0.000961813663864364,"Fibroblasts"
"Fibroblasts","Myocytes","Agrn","Itgb1","age30m-age3m",1,-0.000961813663864364,"Fibroblasts"
"EndothelialCells","Myocytes","Agrn","Dag1","age30m-age3m",1,-0.000961813663864364,"Fibroblasts"
"Fibroblasts","Myocytes","Agrn","Dag1","age30m-age3m",1,-0.000961813663864364,"Fibroblasts"
"Fibroblasts","Fibroblasts","Fgfrl1","Nrxn2","age30m-age3m",1,-0.000962009001243908,"Fibroblasts"
"Fibroblasts","Fibroblasts","Fgfrl1","Fgfr1","age30m-age3m",1,-0.000962009001243908,"Fibroblasts"
"Fibroblasts","Leukocytes","Fgfrl1","Fgfr1","age30m-age3m",1,-0.000962009001243908,"Fibroblasts"
"Fibroblasts","Fibroblasts","Fgfrl1","Gpc4","age30m-age3m",1,-0.000962009001243908,"Fibroblasts"
"Fibroblasts","EndothelialCells","Fgfrl1","Fgfr1","age30m-age3m",1,-0.000962009001243908,"Fibroblasts"
"Fibroblasts","Leukocytes","Fgfrl1","Plvap","age30m-age3m",1,-0.000962009001243908,"Fibroblasts"
"Fibroblasts","Myocytes","Fgfrl1","Nrxn2","age30m-age3m",1,-0.000962009001243908,"Fibroblasts"
"Fibroblasts","Fibroblasts","Fgfrl1","Plvap","age30m-age3m",1,-0.000962009001243908,"Fibroblasts"
"Fibroblasts","EndothelialCells","Fgfrl1","Gpc4","age30m-age3m",1,-0.000962009001243908,"Fibroblasts"
"Fibroblasts","Myocytes","Fgfrl1","Plvap","age30m-age3m",1,-0.000962009001243908,"Fibroblasts"
"Fibroblasts","Myocytes","Fgfrl1","Gpc4","age30m-age3m",1,-0.000962009001243908,"Fibroblasts"
"Myocytes","EndothelialCells","Nppa","Npr1","age30m-age3m",1,-0.000963345210758628,"Fibroblasts"
"Myocytes","EndothelialCells","Nppa","Npr2","age30m-age3m",1,-0.000963345210758628,"Fibroblasts"
"Myocytes","Fibroblasts","Nppa","Npr2","age30m-age3m",1,-0.000963345210758628,"Fibroblasts"
"Leukocytes","EndothelialCells","Nppa","Npr1","age30m-age3m",1,-0.000963345210758628,"Fibroblasts"
"Fibroblasts","EndothelialCells","Nppa","Npr1","age30m-age3m",1,-0.000963345210758628,"Fibroblasts"
"Leukocytes","EndothelialCells","Nppa","Npr2","age30m-age3m",1,-0.000963345210758628,"Fibroblasts"
"Myocytes","Fibroblasts","Nppa","Npr3","age30m-age3m",1,-0.000963345210758628,"Fibroblasts"
"Fibroblasts","EndothelialCells","Nppa","Npr2","age30m-age3m",1,-0.000963345210758628,"Fibroblasts"
"Leukocytes","Fibroblasts","Nppa","Npr2","age30m-age3m",1,-0.000963345210758628,"Fibroblasts"
"Myocytes","Fibroblasts","Nppa","Npr1","age30m-age3m",1,-0.000963345210758628,"Fibroblasts"
"Myocytes","Leukocytes","Nppa","Npr1","age30m-age3m",1,-0.000963345210758628,"Fibroblasts"
"Fibroblasts","Fibroblasts","Nppa","Npr2","age30m-age3m",1,-0.000963345210758628,"Fibroblasts"
"Myocytes","Myocytes","Nppa","Npr1","age30m-age3m",1,-0.000963345210758628,"Fibroblasts"
"Myocytes","Myocytes","Nppa","Npr2","age30m-age3m",1,-0.000963345210758628,"Fibroblasts"
"Leukocytes","Fibroblasts","Nppa","Npr3","age30m-age3m",1,-0.000963345210758628,"Fibroblasts"
"Fibroblasts","Fibroblasts","Nppa","Npr3","age30m-age3m",1,-0.000963345210758628,"Fibroblasts"
"Leukocytes","Fibroblasts","Nppa","Npr1","age30m-age3m",1,-0.000963345210758628,"Fibroblasts"
"Leukocytes","Leukocytes","Nppa","Npr1","age30m-age3m",1,-0.000963345210758628,"Fibroblasts"
"Fibroblasts","Fibroblasts","Nppa","Npr1","age30m-age3m",1,-0.000963345210758628,"Fibroblasts"
"Fibroblasts","Leukocytes","Nppa","Npr1","age30m-age3m",1,-0.000963345210758628,"Fibroblasts"
"EndothelialCells","EndothelialCells","Nppa","Npr1","age30m-age3m",1,-0.000963345210758628,"Fibroblasts"
"Leukocytes","Myocytes","Nppa","Npr1","age30m-age3m",1,-0.000963345210758628,"Fibroblasts"
"EndothelialCells","EndothelialCells","Nppa","Npr2","age30m-age3m",1,-0.000963345210758628,"Fibroblasts"
"Fibroblasts","Myocytes","Nppa","Npr1","age30m-age3m",1,-0.000963345210758628,"Fibroblasts"
"Leukocytes","Myocytes","Nppa","Npr2","age30m-age3m",1,-0.000963345210758628,"Fibroblasts"
"Fibroblasts","Myocytes","Nppa","Npr2","age30m-age3m",1,-0.000963345210758628,"Fibroblasts"
"EndothelialCells","Fibroblasts","Nppa","Npr2","age30m-age3m",1,-0.000963345210758628,"Fibroblasts"
"EndothelialCells","Fibroblasts","Nppa","Npr1","age30m-age3m",1,-0.000963345210758628,"Fibroblasts"
"EndothelialCells","Leukocytes","Nppa","Npr1","age30m-age3m",1,-0.000963345210758628,"Fibroblasts"
"Fibroblasts","Fibroblasts","Comp","Itga5","age30m-age3m",1,-0.000966973930059376,"EndocardialCells"
"Fibroblasts","EndothelialCells","Comp","Cd36","age30m-age3m",1,-0.000966973930059376,"EndocardialCells"
"Fibroblasts","Fibroblasts","Comp","Itgav","age30m-age3m",1,-0.000966973930059376,"EndocardialCells"
"Fibroblasts","Leukocytes","Comp","Sdc1","age30m-age3m",1,-0.000966973930059376,"EndocardialCells"
"Fibroblasts","Leukocytes","Comp","Itga5","age30m-age3m",1,-0.000966973930059376,"EndocardialCells"
"Fibroblasts","Leukocytes","Comp","Cd47","age30m-age3m",1,-0.000966973930059376,"EndocardialCells"
"Fibroblasts","Leukocytes","Comp","Itgav","age30m-age3m",1,-0.000966973930059376,"EndocardialCells"
"Fibroblasts","EndothelialCells","Comp","Itgb1","age30m-age3m",1,-0.000966973930059376,"EndocardialCells"
"Fibroblasts","Leukocytes","Comp","Itgb3","age30m-age3m",1,-0.000966973930059376,"EndocardialCells"
"Fibroblasts","Fibroblasts","Comp","Cd47","age30m-age3m",1,-0.000966973930059376,"EndocardialCells"
"Fibroblasts","EndothelialCells","Comp","Cd47","age30m-age3m",1,-0.000966973930059376,"EndocardialCells"
"Fibroblasts","Fibroblasts","Comp","Sdc1","age30m-age3m",1,-0.000966973930059376,"EndocardialCells"
"Fibroblasts","EndothelialCells","Comp","Itga5","age30m-age3m",1,-0.000966973930059376,"EndocardialCells"
"Fibroblasts","EndothelialCells","Comp","Itgav","age30m-age3m",1,-0.000966973930059376,"EndocardialCells"
"Fibroblasts","Fibroblasts","Comp","Itgb3","age30m-age3m",1,-0.000966973930059376,"EndocardialCells"
"Fibroblasts","Leukocytes","Comp","Cd36","age30m-age3m",1,-0.000966973930059376,"EndocardialCells"
"Fibroblasts","Fibroblasts","Comp","Cd36","age30m-age3m",1,-0.000966973930059376,"EndocardialCells"
"Fibroblasts","Fibroblasts","Comp","Itga2b","age30m-age3m",1,-0.000966973930059376,"EndocardialCells"
"Fibroblasts","Leukocytes","Comp","Itgb1","age30m-age3m",1,-0.000966973930059376,"EndocardialCells"
"Fibroblasts","Fibroblasts","Comp","Itgb1","age30m-age3m",1,-0.000966973930059376,"EndocardialCells"
"Leukocytes","Fibroblasts","Comp","Itga5","age30m-age3m",1,-0.000966973930059376,"EndocardialCells"
"Leukocytes","EndothelialCells","Comp","Cd36","age30m-age3m",1,-0.000966973930059376,"EndocardialCells"
"Leukocytes","Fibroblasts","Comp","Itgav","age30m-age3m",1,-0.000966973930059376,"EndocardialCells"
"Leukocytes","Leukocytes","Comp","Itgb3","age30m-age3m",1,-0.000966973930059376,"EndocardialCells"
"Fibroblasts","Myocytes","Comp","Cd36","age30m-age3m",1,-0.000966973930059376,"EndocardialCells"
"Fibroblasts","Myocytes","Comp","Itga7","age30m-age3m",1,-0.000966973930059376,"EndocardialCells"
"Leukocytes","Leukocytes","Comp","Sdc1","age30m-age3m",1,-0.000966973930059376,"EndocardialCells"
"Fibroblasts","Myocytes","Comp","Cd47","age30m-age3m",1,-0.000966973930059376,"EndocardialCells"
"Leukocytes","Leukocytes","Comp","Itga5","age30m-age3m",1,-0.000966973930059376,"EndocardialCells"
"Leukocytes","Leukocytes","Comp","Cd47","age30m-age3m",1,-0.000966973930059376,"EndocardialCells"
"Leukocytes","Leukocytes","Comp","Itgav","age30m-age3m",1,-0.000966973930059376,"EndocardialCells"
"Leukocytes","Fibroblasts","Comp","Itga2b","age30m-age3m",1,-0.000966973930059376,"EndocardialCells"
"Leukocytes","EndothelialCells","Comp","Itgb1","age30m-age3m",1,-0.000966973930059376,"EndocardialCells"
"Leukocytes","Fibroblasts","Comp","Cd47","age30m-age3m",1,-0.000966973930059376,"EndocardialCells"
"Leukocytes","EndothelialCells","Comp","Cd47","age30m-age3m",1,-0.000966973930059376,"EndocardialCells"
"Leukocytes","Fibroblasts","Comp","Sdc1","age30m-age3m",1,-0.000966973930059376,"EndocardialCells"
"Leukocytes","EndothelialCells","Comp","Itga5","age30m-age3m",1,-0.000966973930059376,"EndocardialCells"
"Leukocytes","EndothelialCells","Comp","Itgav","age30m-age3m",1,-0.000966973930059376,"EndocardialCells"
"Fibroblasts","Myocytes","Comp","Itgb1","age30m-age3m",1,-0.000966973930059376,"EndocardialCells"
"Leukocytes","Leukocytes","Comp","Cd36","age30m-age3m",1,-0.000966973930059376,"EndocardialCells"
"Leukocytes","Fibroblasts","Comp","Cd36","age30m-age3m",1,-0.000966973930059376,"EndocardialCells"
"Fibroblasts","Myocytes","Comp","Itga5","age30m-age3m",1,-0.000966973930059376,"EndocardialCells"
"Leukocytes","Leukocytes","Comp","Itgb1","age30m-age3m",1,-0.000966973930059376,"EndocardialCells"
"Leukocytes","Fibroblasts","Comp","Itgb1","age30m-age3m",1,-0.000966973930059376,"EndocardialCells"
"Leukocytes","Myocytes","Comp","Cd36","age30m-age3m",1,-0.000966973930059376,"EndocardialCells"
"Leukocytes","Myocytes","Comp","Cd47","age30m-age3m",1,-0.000966973930059376,"EndocardialCells"
"Leukocytes","Myocytes","Comp","Itgb1","age30m-age3m",1,-0.000966973930059376,"EndocardialCells"
"EndothelialCells","Fibroblasts","Angpt2","Itga5","age30m-age3m",1,-0.000969346597439269,"Fibroblasts"
"EndothelialCells","EndothelialCells","Angpt2","Tek","age30m-age3m",1,-0.000969346597439269,"Fibroblasts"
"EndothelialCells","Fibroblasts","Angpt2","Tek","age30m-age3m",1,-0.000969346597439269,"Fibroblasts"
"EndothelialCells","Leukocytes","Angpt2","Itga5","age30m-age3m",1,-0.000969346597439269,"Fibroblasts"
"EndothelialCells","EndothelialCells","Angpt2","Tie1","age30m-age3m",1,-0.000969346597439269,"Fibroblasts"
"EndothelialCells","Leukocytes","Angpt2","Tek","age30m-age3m",1,-0.000969346597439269,"Fibroblasts"
"EndothelialCells","Leukocytes","Angpt2","Tie1","age30m-age3m",1,-0.000969346597439269,"Fibroblasts"
"EndothelialCells","EndothelialCells","Angpt2","Itgb1","age30m-age3m",1,-0.000969346597439269,"Fibroblasts"
"EndothelialCells","EndothelialCells","Angpt2","Itga5","age30m-age3m",1,-0.000969346597439269,"Fibroblasts"
"EndothelialCells","Fibroblasts","Angpt2","Tie1","age30m-age3m",1,-0.000969346597439269,"Fibroblasts"
"EndothelialCells","Leukocytes","Angpt2","Itgb1","age30m-age3m",1,-0.000969346597439269,"Fibroblasts"
"EndothelialCells","Fibroblasts","Angpt2","Itgb1","age30m-age3m",1,-0.000969346597439269,"Fibroblasts"
"EndothelialCells","Myocytes","Angpt2","Tie1","age30m-age3m",1,-0.000969346597439269,"Fibroblasts"
"EndothelialCells","Myocytes","Angpt2","Itgb1","age30m-age3m",1,-0.000969346597439269,"Fibroblasts"
"EndothelialCells","Myocytes","Angpt2","Itga5","age30m-age3m",1,-0.000969346597439269,"Fibroblasts"
"Leukocytes","Fibroblasts","Calm1","Pde1a","age30m-age3m",1,-0.000970669262501544,"Fibroblasts"
"EndothelialCells","Fibroblasts","Calm1","Pde1a","age30m-age3m",1,-0.000970669262501544,"Fibroblasts"
"Leukocytes","EndothelialCells","Calm1","Mylk","age30m-age3m",1,-0.000970669262501544,"Fibroblasts"
"EndothelialCells","EndothelialCells","Calm1","Mylk","age30m-age3m",1,-0.000970669262501544,"Fibroblasts"
"Leukocytes","Leukocytes","Calm1","Mylk","age30m-age3m",1,-0.000970669262501544,"Fibroblasts"
"EndothelialCells","Leukocytes","Calm1","Mylk","age30m-age3m",1,-0.000970669262501544,"Fibroblasts"
"Fibroblasts","Fibroblasts","Calm1","Pde1a","age30m-age3m",1,-0.000970669262501544,"Fibroblasts"
"Leukocytes","Fibroblasts","Calm1","Mylk","age30m-age3m",1,-0.000970669262501544,"Fibroblasts"
"Myocytes","Fibroblasts","Calm1","Pde1a","age30m-age3m",1,-0.000970669262501544,"Fibroblasts"
"Leukocytes","Myocytes","Calm1","Pde1c","age30m-age3m",1,-0.000970669262501544,"Fibroblasts"
"EndothelialCells","Fibroblasts","Calm1","Mylk","age30m-age3m",1,-0.000970669262501544,"Fibroblasts"
"EndothelialCells","Myocytes","Calm1","Pde1c","age30m-age3m",1,-0.000970669262501544,"Fibroblasts"
"Fibroblasts","EndothelialCells","Calm1","Mylk","age30m-age3m",1,-0.000970669262501544,"Fibroblasts"
"Myocytes","EndothelialCells","Calm1","Mylk","age30m-age3m",1,-0.000970669262501544,"Fibroblasts"
"Fibroblasts","Leukocytes","Calm1","Mylk","age30m-age3m",1,-0.000970669262501544,"Fibroblasts"
"Myocytes","Leukocytes","Calm1","Mylk","age30m-age3m",1,-0.000970669262501544,"Fibroblasts"
"Fibroblasts","Fibroblasts","Calm1","Mylk","age30m-age3m",1,-0.000970669262501544,"Fibroblasts"
"Fibroblasts","Myocytes","Calm1","Pde1c","age30m-age3m",1,-0.000970669262501544,"Fibroblasts"
"Myocytes","Fibroblasts","Calm1","Mylk","age30m-age3m",1,-0.000970669262501544,"Fibroblasts"
"Myocytes","Myocytes","Calm1","Pde1c","age30m-age3m",1,-0.000970669262501544,"Fibroblasts"
"Fibroblasts","EndothelialCells","Col4a6","Cd93","age30m-age3m",1,-0.000972468315106017,"Fibroblasts"
"Fibroblasts","Fibroblasts","Col4a6","Itgav","age30m-age3m",1,-0.000972468315106017,"Fibroblasts"
"Fibroblasts","Fibroblasts","Col4a6","Ddr2","age30m-age3m",1,-0.000972468315106017,"Fibroblasts"
"Fibroblasts","EndothelialCells","Col4a6","Itga1","age30m-age3m",1,-0.000972468315106017,"Fibroblasts"
"Fibroblasts","Leukocytes","Col4a6","Cd47","age30m-age3m",1,-0.000972468315106017,"Fibroblasts"
"Fibroblasts","Leukocytes","Col4a6","Itgav","age30m-age3m",1,-0.000972468315106017,"Fibroblasts"
"Fibroblasts","EndothelialCells","Col4a6","Itgb1","age30m-age3m",1,-0.000972468315106017,"Fibroblasts"
"Fibroblasts","Leukocytes","Col4a6","Cd93","age30m-age3m",1,-0.000972468315106017,"Fibroblasts"
"Fibroblasts","EndothelialCells","Col4a6","Cd47","age30m-age3m",1,-0.000972468315106017,"Fibroblasts"
"Fibroblasts","Fibroblasts","Col4a6","Ddr1","age30m-age3m",1,-0.000972468315106017,"Fibroblasts"
"Fibroblasts","EndothelialCells","Col4a6","Itgav","age30m-age3m",1,-0.000972468315106017,"Fibroblasts"
"Fibroblasts","Fibroblasts","Col4a6","Itga11","age30m-age3m",1,-0.000972468315106017,"Fibroblasts"
"Fibroblasts","Fibroblasts","Col4a6","Cd47","age30m-age3m",1,-0.000972468315106017,"Fibroblasts"
"Fibroblasts","Fibroblasts","Col4a6","Itga1","age30m-age3m",1,-0.000972468315106017,"Fibroblasts"
"Fibroblasts","Myocytes","Col4a6","Cd93","age30m-age3m",1,-0.000972468315106017,"Fibroblasts"
"Fibroblasts","Fibroblasts","Col4a6","Cd93","age30m-age3m",1,-0.000972468315106017,"Fibroblasts"
"Fibroblasts","Leukocytes","Col4a6","Itgb1","age30m-age3m",1,-0.000972468315106017,"Fibroblasts"
"Fibroblasts","Myocytes","Col4a6","Cd47","age30m-age3m",1,-0.000972468315106017,"Fibroblasts"
"Fibroblasts","Fibroblasts","Col4a6","Itgb1","age30m-age3m",1,-0.000972468315106017,"Fibroblasts"
"Fibroblasts","Myocytes","Col4a6","Itgb1","age30m-age3m",1,-0.000972468315106017,"Fibroblasts"
"Fibroblasts","Myocytes","Col4a6","Ddr1","age30m-age3m",1,-0.000972468315106017,"Fibroblasts"
"EndothelialCells","EndothelialCells","Efnb2","Ephb4","age30m-age3m",1,-0.000977515395990694,"EndothelialCells"
"EndothelialCells","EndothelialCells","Efnb2","Epha4","age30m-age3m",1,-0.000977515395990694,"EndothelialCells"
"EndothelialCells","EndothelialCells","Efnb2","Pecam1","age30m-age3m",1,-0.000977515395990694,"EndothelialCells"
"EndothelialCells","Fibroblasts","Efnb2","Ephb3","age30m-age3m",1,-0.000977515395990694,"EndothelialCells"
"EndothelialCells","Fibroblasts","Efnb2","Tctn2","age30m-age3m",1,-0.000977515395990694,"EndothelialCells"
"EndothelialCells","Leukocytes","Efnb2","Ephb4","age30m-age3m",1,-0.000977515395990694,"EndothelialCells"
"EndothelialCells","Leukocytes","Efnb2","Pecam1","age30m-age3m",1,-0.000977515395990694,"EndothelialCells"
"EndothelialCells","Fibroblasts","Efnb2","Pecam1","age30m-age3m",1,-0.000977515395990694,"EndothelialCells"
"EndothelialCells","Leukocytes","Efnb2","AB124611","age30m-age3m",1,-0.000977515395990694,"EndothelialCells"
"EndothelialCells","EndothelialCells","Efnb2","Ephb1","age30m-age3m",1,-0.000977515395990694,"EndothelialCells"
"EndothelialCells","Fibroblasts","Efnb2","Ephb4","age30m-age3m",1,-0.000977515395990694,"EndothelialCells"
"EndothelialCells","Leukocytes","Efnb2","Tctn2","age30m-age3m",1,-0.000977515395990694,"EndothelialCells"
"EndothelialCells","Fibroblasts","Efnb2","Ephb6","age30m-age3m",1,-0.000977515395990694,"EndothelialCells"
"EndothelialCells","Fibroblasts","Efnb2","Epha4","age30m-age3m",1,-0.000977515395990694,"EndothelialCells"
"EndothelialCells","Myocytes","Efnb2","Pecam1","age30m-age3m",1,-0.000977515395990694,"EndothelialCells"
"EndothelialCells","Myocytes","Efnb2","Epha4","age30m-age3m",1,-0.000977515395990694,"EndothelialCells"
"EndothelialCells","EndothelialCells","Nrp1","Kdr","age30m-age3m",1,-0.000978566848761008,"Fibroblasts"
"EndothelialCells","Fibroblasts","Nrp1","Pdgfrb","age30m-age3m",1,-0.000978566848761008,"Fibroblasts"
"EndothelialCells","Fibroblasts","Nrp1","Plxna1","age30m-age3m",1,-0.000978566848761008,"Fibroblasts"
"EndothelialCells","Fibroblasts","Nrp1","Pdgfra","age30m-age3m",1,-0.000978566848761008,"Fibroblasts"
"EndothelialCells","EndothelialCells","Nrp1","Flt1","age30m-age3m",1,-0.000978566848761008,"Fibroblasts"
"Leukocytes","EndothelialCells","Nrp1","Kdr","age30m-age3m",1,-0.000978566848761008,"Fibroblasts"
"Leukocytes","Fibroblasts","Nrp1","Pdgfrb","age30m-age3m",1,-0.000978566848761008,"Fibroblasts"
"EndothelialCells","EndothelialCells","Nrp1","Plxna1","age30m-age3m",1,-0.000978566848761008,"Fibroblasts"
"Leukocytes","Fibroblasts","Nrp1","Plxna1","age30m-age3m",1,-0.000978566848761008,"Fibroblasts"
"Leukocytes","Fibroblasts","Nrp1","Pdgfra","age30m-age3m",1,-0.000978566848761008,"Fibroblasts"
"Leukocytes","EndothelialCells","Nrp1","Flt1","age30m-age3m",1,-0.000978566848761008,"Fibroblasts"
"EndothelialCells","Leukocytes","Nrp1","Kdr","age30m-age3m",1,-0.000978566848761008,"Fibroblasts"
"EndothelialCells","Leukocytes","Nrp1","Plxna1","age30m-age3m",1,-0.000978566848761008,"Fibroblasts"
"Leukocytes","EndothelialCells","Nrp1","Plxna1","age30m-age3m",1,-0.000978566848761008,"Fibroblasts"
"EndothelialCells","Fibroblasts","Nrp1","Kdr","age30m-age3m",1,-0.000978566848761008,"Fibroblasts"
"Fibroblasts","EndothelialCells","Nrp1","Kdr","age30m-age3m",1,-0.000978566848761008,"Fibroblasts"
"Fibroblasts","Fibroblasts","Nrp1","Pdgfrb","age30m-age3m",1,-0.000978566848761008,"Fibroblasts"
"Fibroblasts","Fibroblasts","Nrp1","Plxna1","age30m-age3m",1,-0.000978566848761008,"Fibroblasts"
"Leukocytes","Leukocytes","Nrp1","Kdr","age30m-age3m",1,-0.000978566848761008,"Fibroblasts"
"Fibroblasts","Fibroblasts","Nrp1","Pdgfra","age30m-age3m",1,-0.000978566848761008,"Fibroblasts"
"Fibroblasts","EndothelialCells","Nrp1","Flt1","age30m-age3m",1,-0.000978566848761008,"Fibroblasts"
"Leukocytes","Leukocytes","Nrp1","Plxna1","age30m-age3m",1,-0.000978566848761008,"Fibroblasts"
"EndothelialCells","Fibroblasts","Nrp1","Flt1","age30m-age3m",1,-0.000978566848761008,"Fibroblasts"
"Leukocytes","Fibroblasts","Nrp1","Kdr","age30m-age3m",1,-0.000978566848761008,"Fibroblasts"
"Fibroblasts","EndothelialCells","Nrp1","Plxna1","age30m-age3m",1,-0.000978566848761008,"Fibroblasts"
"Fibroblasts","Leukocytes","Nrp1","Kdr","age30m-age3m",1,-0.000978566848761008,"Fibroblasts"
"Leukocytes","Fibroblasts","Nrp1","Flt1","age30m-age3m",1,-0.000978566848761008,"Fibroblasts"
"Fibroblasts","Leukocytes","Nrp1","Plxna1","age30m-age3m",1,-0.000978566848761008,"Fibroblasts"
"EndothelialCells","EndothelialCells","Nrp1","Pdgfra","age30m-age3m",1,-0.000978566848761008,"Fibroblasts"
"Fibroblasts","Fibroblasts","Nrp1","Kdr","age30m-age3m",1,-0.000978566848761008,"Fibroblasts"
"Fibroblasts","Fibroblasts","Nrp1","Flt1","age30m-age3m",1,-0.000978566848761008,"Fibroblasts"
"Leukocytes","EndothelialCells","Nrp1","Pdgfra","age30m-age3m",1,-0.000978566848761008,"Fibroblasts"
"EndothelialCells","Myocytes","Nrp1","Flt1","age30m-age3m",1,-0.000978566848761008,"Fibroblasts"
"Fibroblasts","EndothelialCells","Nrp1","Pdgfra","age30m-age3m",1,-0.000978566848761008,"Fibroblasts"
"Myocytes","EndothelialCells","Nrp1","Kdr","age30m-age3m",1,-0.000978566848761008,"Fibroblasts"
"Myocytes","Fibroblasts","Nrp1","Pdgfrb","age30m-age3m",1,-0.000978566848761008,"Fibroblasts"
"Leukocytes","Myocytes","Nrp1","Flt1","age30m-age3m",1,-0.000978566848761008,"Fibroblasts"
"Myocytes","Fibroblasts","Nrp1","Plxna1","age30m-age3m",1,-0.000978566848761008,"Fibroblasts"
"Myocytes","Fibroblasts","Nrp1","Pdgfra","age30m-age3m",1,-0.000978566848761008,"Fibroblasts"
"Myocytes","EndothelialCells","Nrp1","Flt1","age30m-age3m",1,-0.000978566848761008,"Fibroblasts"
"Myocytes","EndothelialCells","Nrp1","Plxna1","age30m-age3m",1,-0.000978566848761008,"Fibroblasts"
"Fibroblasts","Myocytes","Nrp1","Flt1","age30m-age3m",1,-0.000978566848761008,"Fibroblasts"
"Myocytes","Leukocytes","Nrp1","Kdr","age30m-age3m",1,-0.000978566848761008,"Fibroblasts"
"Myocytes","Leukocytes","Nrp1","Plxna1","age30m-age3m",1,-0.000978566848761008,"Fibroblasts"
"Myocytes","Fibroblasts","Nrp1","Kdr","age30m-age3m",1,-0.000978566848761008,"Fibroblasts"
"Myocytes","Fibroblasts","Nrp1","Flt1","age30m-age3m",1,-0.000978566848761008,"Fibroblasts"
"Myocytes","Myocytes","Nrp1","Flt1","age30m-age3m",1,-0.000978566848761008,"Fibroblasts"
"Fibroblasts","Fibroblasts","Ahsg","Insr","age30m-age3m",1,-0.000978752575259562,"Fibroblasts"
"Fibroblasts","Leukocytes","Ahsg","Insr","age30m-age3m",1,-0.000978752575259562,"Fibroblasts"
"Fibroblasts","EndothelialCells","Ahsg","Insr","age30m-age3m",1,-0.000978752575259562,"Fibroblasts"
"Myocytes","Fibroblasts","Ahsg","Insr","age30m-age3m",1,-0.000978752575259562,"Fibroblasts"
"Myocytes","Leukocytes","Ahsg","Insr","age30m-age3m",1,-0.000978752575259562,"Fibroblasts"
"Myocytes","EndothelialCells","Ahsg","Insr","age30m-age3m",1,-0.000978752575259562,"Fibroblasts"
"Fibroblasts","Myocytes","Ahsg","Insr","age30m-age3m",1,-0.000978752575259562,"Fibroblasts"
"Myocytes","Myocytes","Ahsg","Insr","age30m-age3m",1,-0.000978752575259562,"Fibroblasts"
"EndothelialCells","Fibroblasts","Pecam1","Itgav","age30m-age3m",1,-0.000982146403807052,"Fibroblasts"
"EndothelialCells","EndothelialCells","Pecam1","Pecam1","age30m-age3m",1,-0.000982146403807052,"Fibroblasts"
"EndothelialCells","Leukocytes","Pecam1","Cd38","age30m-age3m",1,-0.000982146403807052,"Fibroblasts"
"Leukocytes","Fibroblasts","Pecam1","Itgav","age30m-age3m",1,-0.000982146403807052,"Fibroblasts"
"EndothelialCells","Leukocytes","Pecam1","Itgav","age30m-age3m",1,-0.000982146403807052,"Fibroblasts"
"Fibroblasts","Fibroblasts","Pecam1","Itgav","age30m-age3m",1,-0.000982146403807052,"Fibroblasts"
"Leukocytes","EndothelialCells","Pecam1","Pecam1","age30m-age3m",1,-0.000982146403807052,"Fibroblasts"
"EndothelialCells","Leukocytes","Pecam1","Pecam1","age30m-age3m",1,-0.000982146403807052,"Fibroblasts"
"EndothelialCells","Fibroblasts","Pecam1","Pecam1","age30m-age3m",1,-0.000982146403807052,"Fibroblasts"
"Leukocytes","Leukocytes","Pecam1","Cd38","age30m-age3m",1,-0.000982146403807052,"Fibroblasts"
"EndothelialCells","Leukocytes","Pecam1","Itgb3","age30m-age3m",1,-0.000982146403807052,"Fibroblasts"
"Fibroblasts","EndothelialCells","Pecam1","Pecam1","age30m-age3m",1,-0.000982146403807052,"Fibroblasts"
"EndothelialCells","Fibroblasts","Pecam1","Itgb3","age30m-age3m",1,-0.000982146403807052,"Fibroblasts"
"Fibroblasts","Leukocytes","Pecam1","Cd38","age30m-age3m",1,-0.000982146403807052,"Fibroblasts"
"Leukocytes","Leukocytes","Pecam1","Itgav","age30m-age3m",1,-0.000982146403807052,"Fibroblasts"
"EndothelialCells","EndothelialCells","Pecam1","Itgav","age30m-age3m",1,-0.000982146403807052,"Fibroblasts"
"Leukocytes","Leukocytes","Pecam1","Pecam1","age30m-age3m",1,-0.000982146403807052,"Fibroblasts"
"Leukocytes","Fibroblasts","Pecam1","Pecam1","age30m-age3m",1,-0.000982146403807052,"Fibroblasts"
"EndothelialCells","EndothelialCells","Pecam1","Cd38","age30m-age3m",1,-0.000982146403807052,"Fibroblasts"
"Fibroblasts","Leukocytes","Pecam1","Itgav","age30m-age3m",1,-0.000982146403807052,"Fibroblasts"
"Leukocytes","Leukocytes","Pecam1","Itgb3","age30m-age3m",1,-0.000982146403807052,"Fibroblasts"
"Fibroblasts","Leukocytes","Pecam1","Pecam1","age30m-age3m",1,-0.000982146403807052,"Fibroblasts"
"Fibroblasts","Fibroblasts","Pecam1","Pecam1","age30m-age3m",1,-0.000982146403807052,"Fibroblasts"
"Leukocytes","Fibroblasts","Pecam1","Itgb3","age30m-age3m",1,-0.000982146403807052,"Fibroblasts"
"Leukocytes","EndothelialCells","Pecam1","Itgav","age30m-age3m",1,-0.000982146403807052,"Fibroblasts"
"Fibroblasts","Leukocytes","Pecam1","Itgb3","age30m-age3m",1,-0.000982146403807052,"Fibroblasts"
"Leukocytes","EndothelialCells","Pecam1","Cd38","age30m-age3m",1,-0.000982146403807052,"Fibroblasts"
"Fibroblasts","Fibroblasts","Pecam1","Itgb3","age30m-age3m",1,-0.000982146403807052,"Fibroblasts"
"Fibroblasts","EndothelialCells","Pecam1","Itgav","age30m-age3m",1,-0.000982146403807052,"Fibroblasts"
"Fibroblasts","EndothelialCells","Pecam1","Cd38","age30m-age3m",1,-0.000982146403807052,"Fibroblasts"
"EndothelialCells","Myocytes","Pecam1","Cd38","age30m-age3m",1,-0.000982146403807052,"Fibroblasts"
"Myocytes","Fibroblasts","Pecam1","Itgav","age30m-age3m",1,-0.000982146403807052,"Fibroblasts"
"Leukocytes","Myocytes","Pecam1","Cd38","age30m-age3m",1,-0.000982146403807052,"Fibroblasts"
"Myocytes","Fibroblasts","Pecam1","Itgb3","age30m-age3m",1,-0.000982146403807052,"Fibroblasts"
"Myocytes","EndothelialCells","Pecam1","Pecam1","age30m-age3m",1,-0.000982146403807052,"Fibroblasts"
"Fibroblasts","Myocytes","Pecam1","Cd38","age30m-age3m",1,-0.000982146403807052,"Fibroblasts"
"EndothelialCells","Myocytes","Pecam1","Pecam1","age30m-age3m",1,-0.000982146403807052,"Fibroblasts"
"Myocytes","Leukocytes","Pecam1","Cd38","age30m-age3m",1,-0.000982146403807052,"Fibroblasts"
"Myocytes","Leukocytes","Pecam1","Itgav","age30m-age3m",1,-0.000982146403807052,"Fibroblasts"
"Myocytes","Leukocytes","Pecam1","Pecam1","age30m-age3m",1,-0.000982146403807052,"Fibroblasts"
"Myocytes","Fibroblasts","Pecam1","Pecam1","age30m-age3m",1,-0.000982146403807052,"Fibroblasts"
"Leukocytes","Myocytes","Pecam1","Pecam1","age30m-age3m",1,-0.000982146403807052,"Fibroblasts"
"Fibroblasts","Myocytes","Pecam1","Pecam1","age30m-age3m",1,-0.000982146403807052,"Fibroblasts"
"Myocytes","EndothelialCells","Pecam1","Itgav","age30m-age3m",1,-0.000982146403807052,"Fibroblasts"
"Myocytes","EndothelialCells","Pecam1","Cd38","age30m-age3m",1,-0.000982146403807052,"Fibroblasts"
"Myocytes","Myocytes","Pecam1","Cd38","age30m-age3m",1,-0.000982146403807052,"Fibroblasts"
"Myocytes","Myocytes","Pecam1","Pecam1","age30m-age3m",1,-0.000982146403807052,"Fibroblasts"
"Leukocytes","EndothelialCells","Itgb2","Icam1","age30m-age3m",1,-0.000982383586471253,"Leukocytes"
"Leukocytes","Leukocytes","Itgb2","Icam1","age30m-age3m",1,-0.000982383586471253,"Leukocytes"
"Leukocytes","Leukocytes","Itgb2","Cd82","age30m-age3m",1,-0.000982383586471253,"Leukocytes"
"Leukocytes","Leukocytes","Itgb2","Thy1","age30m-age3m",1,-0.000982383586471253,"Leukocytes"
"Leukocytes","Fibroblasts","Itgb2","Icam1","age30m-age3m",1,-0.000982383586471253,"Leukocytes"
"Leukocytes","EndothelialCells","Itgb2","Cd82","age30m-age3m",1,-0.000982383586471253,"Leukocytes"
"Leukocytes","Fibroblasts","Itgb2","Cd82","age30m-age3m",1,-0.000982383586471253,"Leukocytes"
"EndothelialCells","Leukocytes","Itgb2","Thy1","age30m-age3m",1,-0.000982383586471253,"Leukocytes"
"EndothelialCells","EndothelialCells","Itgb2","Icam1","age30m-age3m",1,-0.000982383586471253,"Leukocytes"
"Leukocytes","Fibroblasts","Itgb2","Thy1","age30m-age3m",1,-0.000982383586471253,"Leukocytes"
"EndothelialCells","Leukocytes","Itgb2","Icam1","age30m-age3m",1,-0.000982383586471253,"Leukocytes"
"EndothelialCells","Leukocytes","Itgb2","Cd82","age30m-age3m",1,-0.000982383586471253,"Leukocytes"
"EndothelialCells","Fibroblasts","Itgb2","Icam1","age30m-age3m",1,-0.000982383586471253,"Leukocytes"
"EndothelialCells","EndothelialCells","Itgb2","Cd82","age30m-age3m",1,-0.000982383586471253,"Leukocytes"
"EndothelialCells","Fibroblasts","Itgb2","Cd82","age30m-age3m",1,-0.000982383586471253,"Leukocytes"
"EndothelialCells","Fibroblasts","Itgb2","Thy1","age30m-age3m",1,-0.000982383586471253,"Leukocytes"
"Leukocytes","Fibroblasts","Sema3a","Plxna1","age30m-age3m",1,-0.000983304644310712,"EndocardialCells"
"Leukocytes","EndothelialCells","Sema3a","Plxna4","age30m-age3m",1,-0.000983304644310712,"EndocardialCells"
"Leukocytes","Leukocytes","Sema3a","Plxna4","age30m-age3m",1,-0.000983304644310712,"EndocardialCells"
"Leukocytes","Leukocytes","Sema3a","Nrp2","age30m-age3m",1,-0.000983304644310712,"EndocardialCells"
"Leukocytes","EndothelialCells","Sema3a","Nrp1","age30m-age3m",1,-0.000983304644310712,"EndocardialCells"
"Leukocytes","EndothelialCells","Sema3a","Plxna2","age30m-age3m",1,-0.000983304644310712,"EndocardialCells"
"Leukocytes","Fibroblasts","Sema3a","Plxna3","age30m-age3m",1,-0.000983304644310712,"EndocardialCells"
"Leukocytes","Leukocytes","Sema3a","Plxna1","age30m-age3m",1,-0.000983304644310712,"EndocardialCells"
"Leukocytes","EndothelialCells","Sema3a","Plxna1","age30m-age3m",1,-0.000983304644310712,"EndocardialCells"
"Leukocytes","Leukocytes","Sema3a","Nrp1","age30m-age3m",1,-0.000983304644310712,"EndocardialCells"
"Leukocytes","Fibroblasts","Sema3a","Plxna2","age30m-age3m",1,-0.000983304644310712,"EndocardialCells"
"Leukocytes","EndothelialCells","Sema3a","Nrp2","age30m-age3m",1,-0.000983304644310712,"EndocardialCells"
"Leukocytes","Fibroblasts","Sema3a","Nrp1","age30m-age3m",1,-0.000983304644310712,"EndocardialCells"
"Leukocytes","Fibroblasts","Sema3a","Nrp2","age30m-age3m",1,-0.000983304644310712,"EndocardialCells"
"Leukocytes","Myocytes","Sema3a","Nrp2","age30m-age3m",1,-0.000983304644310712,"EndocardialCells"
"Fibroblasts","EndothelialCells","Col1a2","Cd36","age30m-age3m",1,-0.000983579839258435,"Fibroblasts"
"Fibroblasts","EndothelialCells","Col1a2","Cd93","age30m-age3m",1,-0.000983579839258435,"Fibroblasts"
"Fibroblasts","Fibroblasts","Col1a2","Ddr1","age30m-age3m",1,-0.000983579839258435,"Fibroblasts"
"Fibroblasts","Leukocytes","Col1a2","Cd93","age30m-age3m",1,-0.000983579839258435,"Fibroblasts"
"Fibroblasts","Fibroblasts","Col1a2","Itga11","age30m-age3m",1,-0.000983579839258435,"Fibroblasts"
"Fibroblasts","Leukocytes","Col1a2","Itgb3","age30m-age3m",1,-0.000983579839258435,"Fibroblasts"
"Fibroblasts","EndothelialCells","Col1a2","Itga1","age30m-age3m",1,-0.000983579839258435,"Fibroblasts"
"Fibroblasts","Leukocytes","Col1a2","Cd36","age30m-age3m",1,-0.000983579839258435,"Fibroblasts"
"Myocytes","EndothelialCells","Col1a2","Cd36","age30m-age3m",1,-0.000983579839258435,"Fibroblasts"
"Fibroblasts","Leukocytes","Col1a2","Cd44","age30m-age3m",1,-0.000983579839258435,"Fibroblasts"
"Fibroblasts","Fibroblasts","Col1a2","Itga1","age30m-age3m",1,-0.000983579839258435,"Fibroblasts"
"Fibroblasts","EndothelialCells","Col1a2","Itgb1","age30m-age3m",1,-0.000983579839258435,"Fibroblasts"
"Fibroblasts","Fibroblasts","Col1a2","Itgb3","age30m-age3m",1,-0.000983579839258435,"Fibroblasts"
"Fibroblasts","Fibroblasts","Col1a2","Cd44","age30m-age3m",1,-0.000983579839258435,"Fibroblasts"
"Myocytes","EndothelialCells","Col1a2","Cd93","age30m-age3m",1,-0.000983579839258435,"Fibroblasts"
"Fibroblasts","Fibroblasts","Col1a2","Cd36","age30m-age3m",1,-0.000983579839258435,"Fibroblasts"
"Fibroblasts","Fibroblasts","Col1a2","Cd93","age30m-age3m",1,-0.000983579839258435,"Fibroblasts"
"Myocytes","Fibroblasts","Col1a2","Ddr1","age30m-age3m",1,-0.000983579839258435,"Fibroblasts"
"Myocytes","Leukocytes","Col1a2","Cd93","age30m-age3m",1,-0.000983579839258435,"Fibroblasts"
"Fibroblasts","Fibroblasts","Col1a2","Itga2b","age30m-age3m",1,-0.000983579839258435,"Fibroblasts"
"Myocytes","Fibroblasts","Col1a2","Itga11","age30m-age3m",1,-0.000983579839258435,"Fibroblasts"
"Myocytes","Leukocytes","Col1a2","Itgb3","age30m-age3m",1,-0.000983579839258435,"Fibroblasts"
"Myocytes","EndothelialCells","Col1a2","Itga1","age30m-age3m",1,-0.000983579839258435,"Fibroblasts"
"Fibroblasts","Leukocytes","Col1a2","Itgb1","age30m-age3m",1,-0.000983579839258435,"Fibroblasts"
"Myocytes","Leukocytes","Col1a2","Cd36","age30m-age3m",1,-0.000983579839258435,"Fibroblasts"
"Leukocytes","EndothelialCells","Col1a2","Cd36","age30m-age3m",1,-0.000983579839258435,"Fibroblasts"
"Fibroblasts","Fibroblasts","Col1a2","Itgb1","age30m-age3m",1,-0.000983579839258435,"Fibroblasts"
"Myocytes","Leukocytes","Col1a2","Cd44","age30m-age3m",1,-0.000983579839258435,"Fibroblasts"
"Myocytes","Fibroblasts","Col1a2","Itga1","age30m-age3m",1,-0.000983579839258435,"Fibroblasts"
"Myocytes","EndothelialCells","Col1a2","Itgb1","age30m-age3m",1,-0.000983579839258435,"Fibroblasts"
"Myocytes","Fibroblasts","Col1a2","Itgb3","age30m-age3m",1,-0.000983579839258435,"Fibroblasts"
"Fibroblasts","Myocytes","Col1a2","Cd93","age30m-age3m",1,-0.000983579839258435,"Fibroblasts"
"EndothelialCells","EndothelialCells","Col1a2","Cd36","age30m-age3m",1,-0.000983579839258435,"Fibroblasts"
"Fibroblasts","Myocytes","Col1a2","Cd36","age30m-age3m",1,-0.000983579839258435,"Fibroblasts"
"Myocytes","Fibroblasts","Col1a2","Cd44","age30m-age3m",1,-0.000983579839258435,"Fibroblasts"
"Leukocytes","EndothelialCells","Col1a2","Cd93","age30m-age3m",1,-0.000983579839258435,"Fibroblasts"
"Myocytes","Fibroblasts","Col1a2","Cd36","age30m-age3m",1,-0.000983579839258435,"Fibroblasts"
"EndothelialCells","EndothelialCells","Col1a2","Cd93","age30m-age3m",1,-0.000983579839258435,"Fibroblasts"
"Myocytes","Fibroblasts","Col1a2","Cd93","age30m-age3m",1,-0.000983579839258435,"Fibroblasts"
"Leukocytes","Fibroblasts","Col1a2","Ddr1","age30m-age3m",1,-0.000983579839258435,"Fibroblasts"
"Leukocytes","Leukocytes","Col1a2","Cd93","age30m-age3m",1,-0.000983579839258435,"Fibroblasts"
"Myocytes","Fibroblasts","Col1a2","Itga2b","age30m-age3m",1,-0.000983579839258435,"Fibroblasts"
"Leukocytes","Fibroblasts","Col1a2","Itga11","age30m-age3m",1,-0.000983579839258435,"Fibroblasts"
"Leukocytes","Leukocytes","Col1a2","Itgb3","age30m-age3m",1,-0.000983579839258435,"Fibroblasts"
"Leukocytes","EndothelialCells","Col1a2","Itga1","age30m-age3m",1,-0.000983579839258435,"Fibroblasts"
"Myocytes","Leukocytes","Col1a2","Itgb1","age30m-age3m",1,-0.000983579839258435,"Fibroblasts"
"EndothelialCells","Fibroblasts","Col1a2","Ddr1","age30m-age3m",1,-0.000983579839258435,"Fibroblasts"
"EndothelialCells","Leukocytes","Col1a2","Cd93","age30m-age3m",1,-0.000983579839258435,"Fibroblasts"
"EndothelialCells","Fibroblasts","Col1a2","Itga11","age30m-age3m",1,-0.000983579839258435,"Fibroblasts"
"EndothelialCells","Leukocytes","Col1a2","Itgb3","age30m-age3m",1,-0.000983579839258435,"Fibroblasts"
"Leukocytes","Leukocytes","Col1a2","Cd36","age30m-age3m",1,-0.000983579839258435,"Fibroblasts"
"EndothelialCells","EndothelialCells","Col1a2","Itga1","age30m-age3m",1,-0.000983579839258435,"Fibroblasts"
"Myocytes","Fibroblasts","Col1a2","Itgb1","age30m-age3m",1,-0.000983579839258435,"Fibroblasts"
"Leukocytes","Leukocytes","Col1a2","Cd44","age30m-age3m",1,-0.000983579839258435,"Fibroblasts"
"Leukocytes","Fibroblasts","Col1a2","Itga1","age30m-age3m",1,-0.000983579839258435,"Fibroblasts"
"Leukocytes","EndothelialCells","Col1a2","Itgb1","age30m-age3m",1,-0.000983579839258435,"Fibroblasts"
"Leukocytes","Fibroblasts","Col1a2","Itgb3","age30m-age3m",1,-0.000983579839258435,"Fibroblasts"
"Myocytes","Myocytes","Col1a2","Cd93","age30m-age3m",1,-0.000983579839258435,"Fibroblasts"
"EndothelialCells","Leukocytes","Col1a2","Cd36","age30m-age3m",1,-0.000983579839258435,"Fibroblasts"
"EndothelialCells","Leukocytes","Col1a2","Cd44","age30m-age3m",1,-0.000983579839258435,"Fibroblasts"
"EndothelialCells","Fibroblasts","Col1a2","Itga1","age30m-age3m",1,-0.000983579839258435,"Fibroblasts"
"Fibroblasts","Myocytes","Col1a2","Cd44","age30m-age3m",1,-0.000983579839258435,"Fibroblasts"
"EndothelialCells","EndothelialCells","Col1a2","Itgb1","age30m-age3m",1,-0.000983579839258435,"Fibroblasts"
"Leukocytes","Fibroblasts","Col1a2","Cd44","age30m-age3m",1,-0.000983579839258435,"Fibroblasts"
"Myocytes","Myocytes","Col1a2","Cd36","age30m-age3m",1,-0.000983579839258435,"Fibroblasts"
"EndothelialCells","Fibroblasts","Col1a2","Itgb3","age30m-age3m",1,-0.000983579839258435,"Fibroblasts"
"Fibroblasts","Myocytes","Col1a2","Itgb1","age30m-age3m",1,-0.000983579839258435,"Fibroblasts"
"EndothelialCells","Fibroblasts","Col1a2","Cd44","age30m-age3m",1,-0.000983579839258435,"Fibroblasts"
"Leukocytes","Fibroblasts","Col1a2","Cd36","age30m-age3m",1,-0.000983579839258435,"Fibroblasts"
"Leukocytes","Fibroblasts","Col1a2","Cd93","age30m-age3m",1,-0.000983579839258435,"Fibroblasts"
"Leukocytes","Fibroblasts","Col1a2","Itga2b","age30m-age3m",1,-0.000983579839258435,"Fibroblasts"
"EndothelialCells","Fibroblasts","Col1a2","Cd36","age30m-age3m",1,-0.000983579839258435,"Fibroblasts"
"EndothelialCells","Fibroblasts","Col1a2","Cd93","age30m-age3m",1,-0.000983579839258435,"Fibroblasts"
"Leukocytes","Leukocytes","Col1a2","Itgb1","age30m-age3m",1,-0.000983579839258435,"Fibroblasts"
"EndothelialCells","Fibroblasts","Col1a2","Itga2b","age30m-age3m",1,-0.000983579839258435,"Fibroblasts"
"Leukocytes","Fibroblasts","Col1a2","Itgb1","age30m-age3m",1,-0.000983579839258435,"Fibroblasts"
"EndothelialCells","Leukocytes","Col1a2","Itgb1","age30m-age3m",1,-0.000983579839258435,"Fibroblasts"
"Leukocytes","Myocytes","Col1a2","Cd93","age30m-age3m",1,-0.000983579839258435,"Fibroblasts"
"Fibroblasts","EndothelialCells","Col1a2","Cd44","age30m-age3m",1,-0.000983579839258435,"Fibroblasts"
"EndothelialCells","Fibroblasts","Col1a2","Itgb1","age30m-age3m",1,-0.000983579839258435,"Fibroblasts"
"Fibroblasts","Myocytes","Col1a2","Ddr1","age30m-age3m",1,-0.000983579839258435,"Fibroblasts"
"Myocytes","Myocytes","Col1a2","Cd44","age30m-age3m",1,-0.000983579839258435,"Fibroblasts"
"Leukocytes","Myocytes","Col1a2","Cd36","age30m-age3m",1,-0.000983579839258435,"Fibroblasts"
"EndothelialCells","Myocytes","Col1a2","Cd93","age30m-age3m",1,-0.000983579839258435,"Fibroblasts"
"Myocytes","Myocytes","Col1a2","Itgb1","age30m-age3m",1,-0.000983579839258435,"Fibroblasts"
"EndothelialCells","Myocytes","Col1a2","Cd36","age30m-age3m",1,-0.000983579839258435,"Fibroblasts"
"Myocytes","EndothelialCells","Col1a2","Cd44","age30m-age3m",1,-0.000983579839258435,"Fibroblasts"
"Myocytes","Myocytes","Col1a2","Ddr1","age30m-age3m",1,-0.000983579839258435,"Fibroblasts"
"Leukocytes","Myocytes","Col1a2","Cd44","age30m-age3m",1,-0.000983579839258435,"Fibroblasts"
"Leukocytes","Myocytes","Col1a2","Itgb1","age30m-age3m",1,-0.000983579839258435,"Fibroblasts"
"EndothelialCells","Myocytes","Col1a2","Cd44","age30m-age3m",1,-0.000983579839258435,"Fibroblasts"
"EndothelialCells","Myocytes","Col1a2","Itgb1","age30m-age3m",1,-0.000983579839258435,"Fibroblasts"
"Leukocytes","EndothelialCells","Col1a2","Cd44","age30m-age3m",1,-0.000983579839258435,"Fibroblasts"
"Leukocytes","Myocytes","Col1a2","Ddr1","age30m-age3m",1,-0.000983579839258435,"Fibroblasts"
"EndothelialCells","EndothelialCells","Col1a2","Cd44","age30m-age3m",1,-0.000983579839258435,"Fibroblasts"
"EndothelialCells","Myocytes","Col1a2","Ddr1","age30m-age3m",1,-0.000983579839258435,"Fibroblasts"
"Fibroblasts","EndothelialCells","Mfap5","Notch1","age30m-age3m",1,-0.000986210076726848,"Fibroblasts"
"Fibroblasts","Leukocytes","Mfap5","Notch1","age30m-age3m",1,-0.000986210076726848,"Fibroblasts"
"Fibroblasts","Fibroblasts","Mfap5","Notch1","age30m-age3m",1,-0.000986210076726848,"Fibroblasts"
"Myocytes","EndothelialCells","Mfap5","Notch1","age30m-age3m",1,-0.000986210076726848,"Fibroblasts"
"Myocytes","Leukocytes","Mfap5","Notch1","age30m-age3m",1,-0.000986210076726848,"Fibroblasts"
"Leukocytes","EndothelialCells","Mfap5","Notch1","age30m-age3m",1,-0.000986210076726848,"Fibroblasts"
"Leukocytes","Leukocytes","Mfap5","Notch1","age30m-age3m",1,-0.000986210076726848,"Fibroblasts"
"EndothelialCells","EndothelialCells","Mfap5","Notch1","age30m-age3m",1,-0.000986210076726848,"Fibroblasts"
"EndothelialCells","Leukocytes","Mfap5","Notch1","age30m-age3m",1,-0.000986210076726848,"Fibroblasts"
"Myocytes","Fibroblasts","Mfap5","Notch1","age30m-age3m",1,-0.000986210076726848,"Fibroblasts"
"Leukocytes","Fibroblasts","Mfap5","Notch1","age30m-age3m",1,-0.000986210076726848,"Fibroblasts"
"EndothelialCells","Fibroblasts","Mfap5","Notch1","age30m-age3m",1,-0.000986210076726848,"Fibroblasts"
"EndothelialCells","EndothelialCells","Cdh5","Cdh5","age30m-age3m",1,-0.000987531830673589,"EndothelialCells"
"Leukocytes","EndothelialCells","Cdh5","Cdh5","age30m-age3m",1,-0.000987531830673589,"EndothelialCells"
"EndothelialCells","Leukocytes","Cdh5","Cdh5","age30m-age3m",1,-0.000987531830673589,"EndothelialCells"
"Fibroblasts","EndothelialCells","Cdh5","Cdh5","age30m-age3m",1,-0.000987531830673589,"EndothelialCells"
"EndothelialCells","Fibroblasts","Cdh5","Cdh5","age30m-age3m",1,-0.000987531830673589,"EndothelialCells"
"Leukocytes","Leukocytes","Cdh5","Cdh5","age30m-age3m",1,-0.000987531830673589,"EndothelialCells"
"Leukocytes","Fibroblasts","Cdh5","Cdh5","age30m-age3m",1,-0.000987531830673589,"EndothelialCells"
"Fibroblasts","Leukocytes","Cdh5","Cdh5","age30m-age3m",1,-0.000987531830673589,"EndothelialCells"
"Fibroblasts","Fibroblasts","Cdh5","Cdh5","age30m-age3m",1,-0.000987531830673589,"EndothelialCells"
"EndothelialCells","EndothelialCells","Lama5","Cd151","age30m-age3m",1,-0.000987795333484023,"EndothelialCells"
"EndothelialCells","Leukocytes","Lama5","Sdc1","age30m-age3m",1,-0.000987795333484023,"EndothelialCells"
"EndothelialCells","Myocytes","Lama5","Bcam","age30m-age3m",1,-0.000987795333484023,"EndothelialCells"
"EndothelialCells","Fibroblasts","Lama5","Dag1","age30m-age3m",1,-0.000987795333484023,"EndothelialCells"
"EndothelialCells","Fibroblasts","Lama5","Cd151","age30m-age3m",1,-0.000987795333484023,"EndothelialCells"
"EndothelialCells","Leukocytes","Lama5","Cd151","age30m-age3m",1,-0.000987795333484023,"EndothelialCells"
"EndothelialCells","EndothelialCells","Lama5","Bcam","age30m-age3m",1,-0.000987795333484023,"EndothelialCells"
"EndothelialCells","EndothelialCells","Lama5","Itga6","age30m-age3m",1,-0.000987795333484023,"EndothelialCells"
"EndothelialCells","EndothelialCells","Lama5","Itgb1","age30m-age3m",1,-0.000987795333484023,"EndothelialCells"
"EndothelialCells","EndothelialCells","Lama5","Dag1","age30m-age3m",1,-0.000987795333484023,"EndothelialCells"
"EndothelialCells","Fibroblasts","Lama5","Sdc1","age30m-age3m",1,-0.000987795333484023,"EndothelialCells"
"EndothelialCells","Leukocytes","Lama5","Dag1","age30m-age3m",1,-0.000987795333484023,"EndothelialCells"
"EndothelialCells","Leukocytes","Lama5","Itgb1","age30m-age3m",1,-0.000987795333484023,"EndothelialCells"
"EndothelialCells","Fibroblasts","Lama5","Bcam","age30m-age3m",1,-0.000987795333484023,"EndothelialCells"
"EndothelialCells","Leukocytes","Lama5","Itgb4","age30m-age3m",1,-0.000987795333484023,"EndothelialCells"
"EndothelialCells","Fibroblasts","Lama5","Itgb1","age30m-age3m",1,-0.000987795333484023,"EndothelialCells"
"EndothelialCells","Leukocytes","Lama5","Bcam","age30m-age3m",1,-0.000987795333484023,"EndothelialCells"
"EndothelialCells","Myocytes","Lama5","Itgb1","age30m-age3m",1,-0.000987795333484023,"EndothelialCells"
"EndothelialCells","Myocytes","Lama5","Cd151","age30m-age3m",1,-0.000987795333484023,"EndothelialCells"
"EndothelialCells","Myocytes","Lama5","Itga6","age30m-age3m",1,-0.000987795333484023,"EndothelialCells"
"EndothelialCells","Myocytes","Lama5","Dag1","age30m-age3m",1,-0.000987795333484023,"EndothelialCells"
"Fibroblasts","Leukocytes","Sdc2","Ptprj","age30m-age3m",1,-0.000988004363773309,"Fibroblasts"
"Fibroblasts","Leukocytes","Sdc2","Ezr","age30m-age3m",1,-0.000988004363773309,"Fibroblasts"
"Fibroblasts","Fibroblasts","Sdc2","Ezr","age30m-age3m",1,-0.000988004363773309,"Fibroblasts"
"Fibroblasts","EndothelialCells","Sdc2","Ezr","age30m-age3m",1,-0.000988004363773309,"Fibroblasts"
"Fibroblasts","Fibroblasts","Sdc2","Ptprj","age30m-age3m",1,-0.000988004363773309,"Fibroblasts"
"Fibroblasts","Myocytes","Sdc2","Ezr","age30m-age3m",1,-0.000988004363773309,"Fibroblasts"
"Leukocytes","Leukocytes","Sdc2","Ptprj","age30m-age3m",1,-0.000988004363773309,"Fibroblasts"
"Myocytes","Leukocytes","Sdc2","Ptprj","age30m-age3m",1,-0.000988004363773309,"Fibroblasts"
"Leukocytes","Leukocytes","Sdc2","Ezr","age30m-age3m",1,-0.000988004363773309,"Fibroblasts"
"Leukocytes","Fibroblasts","Sdc2","Ezr","age30m-age3m",1,-0.000988004363773309,"Fibroblasts"
"Leukocytes","EndothelialCells","Sdc2","Ezr","age30m-age3m",1,-0.000988004363773309,"Fibroblasts"
"Myocytes","Leukocytes","Sdc2","Ezr","age30m-age3m",1,-0.000988004363773309,"Fibroblasts"
"Myocytes","Fibroblasts","Sdc2","Ezr","age30m-age3m",1,-0.000988004363773309,"Fibroblasts"
"Leukocytes","Fibroblasts","Sdc2","Ptprj","age30m-age3m",1,-0.000988004363773309,"Fibroblasts"
"Myocytes","EndothelialCells","Sdc2","Ezr","age30m-age3m",1,-0.000988004363773309,"Fibroblasts"
"Myocytes","Fibroblasts","Sdc2","Ptprj","age30m-age3m",1,-0.000988004363773309,"Fibroblasts"
"Myocytes","Myocytes","Sdc2","Ezr","age30m-age3m",1,-0.000988004363773309,"Fibroblasts"
"EndothelialCells","Fibroblasts","Plat","Lrp1","age30m-age3m",1,-0.000990335413712249,"Fibroblasts"
"EndothelialCells","Leukocytes","Plat","Lrp1","age30m-age3m",1,-0.000990335413712249,"Fibroblasts"
"Fibroblasts","Fibroblasts","Plat","Lrp1","age30m-age3m",1,-0.000990335413712249,"Fibroblasts"
"Fibroblasts","Leukocytes","Plat","Lrp1","age30m-age3m",1,-0.000990335413712249,"Fibroblasts"
"EndothelialCells","Leukocytes","Plat","Itgam","age30m-age3m",1,-0.000990335413712249,"Fibroblasts"
"Fibroblasts","Leukocytes","Plat","Itgam","age30m-age3m",1,-0.000990335413712249,"Fibroblasts"
"EndothelialCells","Leukocytes","Plat","Itgb2","age30m-age3m",1,-0.000990335413712249,"Fibroblasts"
"Fibroblasts","Leukocytes","Plat","Itgb2","age30m-age3m",1,-0.000990335413712249,"Fibroblasts"
"Leukocytes","Fibroblasts","Plat","Lrp1","age30m-age3m",1,-0.000990335413712249,"Fibroblasts"
"Leukocytes","Leukocytes","Plat","Lrp1","age30m-age3m",1,-0.000990335413712249,"Fibroblasts"
"Leukocytes","Leukocytes","Plat","Itgam","age30m-age3m",1,-0.000990335413712249,"Fibroblasts"
"Leukocytes","Leukocytes","Plat","Itgb2","age30m-age3m",1,-0.000990335413712249,"Fibroblasts"
"EndothelialCells","EndothelialCells","Plat","Lrp1","age30m-age3m",1,-0.000990335413712249,"Fibroblasts"
"Fibroblasts","EndothelialCells","Plat","Lrp1","age30m-age3m",1,-0.000990335413712249,"Fibroblasts"
"EndothelialCells","Myocytes","Plat","Lrp1","age30m-age3m",1,-0.000990335413712249,"Fibroblasts"
"Fibroblasts","Myocytes","Plat","Lrp1","age30m-age3m",1,-0.000990335413712249,"Fibroblasts"
"EndothelialCells","EndothelialCells","Plat","Itgb2","age30m-age3m",1,-0.000990335413712249,"Fibroblasts"
"Fibroblasts","EndothelialCells","Plat","Itgb2","age30m-age3m",1,-0.000990335413712249,"Fibroblasts"
"Leukocytes","EndothelialCells","Plat","Lrp1","age30m-age3m",1,-0.000990335413712249,"Fibroblasts"
"Leukocytes","Myocytes","Plat","Lrp1","age30m-age3m",1,-0.000990335413712249,"Fibroblasts"
"Leukocytes","EndothelialCells","Plat","Itgb2","age30m-age3m",1,-0.000990335413712249,"Fibroblasts"
"Fibroblasts","EndothelialCells","Efna5","Epha4","age30m-age3m",1,-0.000990978850001372,"Fibroblasts"
"Fibroblasts","EndothelialCells","Efna5","Epha2","age30m-age3m",1,-0.000990978850001372,"Fibroblasts"
"Fibroblasts","EndothelialCells","Efna5","Ephb1","age30m-age3m",1,-0.000990978850001372,"Fibroblasts"
"Fibroblasts","Fibroblasts","Efna5","Ephb6","age30m-age3m",1,-0.000990978850001372,"Fibroblasts"
"EndothelialCells","EndothelialCells","Efna5","Epha4","age30m-age3m",1,-0.000990978850001372,"Fibroblasts"
"EndothelialCells","EndothelialCells","Efna5","Epha2","age30m-age3m",1,-0.000990978850001372,"Fibroblasts"
"Fibroblasts","Fibroblasts","Efna5","Epha4","age30m-age3m",1,-0.000990978850001372,"Fibroblasts"
"EndothelialCells","EndothelialCells","Efna5","Ephb1","age30m-age3m",1,-0.000990978850001372,"Fibroblasts"
"EndothelialCells","Fibroblasts","Efna5","Ephb6","age30m-age3m",1,-0.000990978850001372,"Fibroblasts"
"Fibroblasts","Myocytes","Efna5","Epha4","age30m-age3m",1,-0.000990978850001372,"Fibroblasts"
"EndothelialCells","Leukocytes","Edn1","Ednrb","age30m-age3m",1,-0.000992120195373277,"EndothelialCells"
"EndothelialCells","EndothelialCells","Edn1","Ece1","age30m-age3m",1,-0.000992120195373277,"EndothelialCells"
"EndothelialCells","EndothelialCells","Edn1","Ednrb","age30m-age3m",1,-0.000992120195373277,"EndothelialCells"
"EndothelialCells","Fibroblasts","Edn1","Egfr","age30m-age3m",1,-0.000992120195373277,"EndothelialCells"
"Fibroblasts","Leukocytes","Edn1","Ednrb","age30m-age3m",1,-0.000992120195373277,"EndothelialCells"
"EndothelialCells","Fibroblasts","Edn1","Ece1","age30m-age3m",1,-0.000992120195373277,"EndothelialCells"
"EndothelialCells","Leukocytes","Edn1","Ece1","age30m-age3m",1,-0.000992120195373277,"EndothelialCells"
"Fibroblasts","EndothelialCells","Edn1","Ece1","age30m-age3m",1,-0.000992120195373277,"EndothelialCells"
"EndothelialCells","Fibroblasts","Edn1","Ednra","age30m-age3m",1,-0.000992120195373277,"EndothelialCells"
"Fibroblasts","EndothelialCells","Edn1","Ednrb","age30m-age3m",1,-0.000992120195373277,"EndothelialCells"
"Fibroblasts","Fibroblasts","Edn1","Egfr","age30m-age3m",1,-0.000992120195373277,"EndothelialCells"
"Fibroblasts","Fibroblasts","Edn1","Ece1","age30m-age3m",1,-0.000992120195373277,"EndothelialCells"
"EndothelialCells","Leukocytes","Edn1","Egfr","age30m-age3m",1,-0.000992120195373277,"EndothelialCells"
"Fibroblasts","Leukocytes","Edn1","Ece1","age30m-age3m",1,-0.000992120195373277,"EndothelialCells"
"EndothelialCells","Myocytes","Edn1","Ednra","age30m-age3m",1,-0.000992120195373277,"EndothelialCells"
"Fibroblasts","Fibroblasts","Edn1","Ednra","age30m-age3m",1,-0.000992120195373277,"EndothelialCells"
"EndothelialCells","Myocytes","Edn1","Ece1","age30m-age3m",1,-0.000992120195373277,"EndothelialCells"
"Fibroblasts","Leukocytes","Edn1","Egfr","age30m-age3m",1,-0.000992120195373277,"EndothelialCells"
"Fibroblasts","Myocytes","Edn1","Ednra","age30m-age3m",1,-0.000992120195373277,"EndothelialCells"
"Fibroblasts","Myocytes","Edn1","Ece1","age30m-age3m",1,-0.000992120195373277,"EndothelialCells"
"Leukocytes","EndothelialCells","B2m","Tap2","age30m-age3m",1,-0.000996767999650875,"Fibroblasts"
"Leukocytes","EndothelialCells","B2m","Tap1","age30m-age3m",1,-0.000996767999650875,"Fibroblasts"
"EndothelialCells","EndothelialCells","B2m","Tap2","age30m-age3m",1,-0.000996767999650875,"Fibroblasts"
"EndothelialCells","EndothelialCells","B2m","Tap1","age30m-age3m",1,-0.000996767999650875,"Fibroblasts"
"Fibroblasts","EndothelialCells","B2m","Tap2","age30m-age3m",1,-0.000996767999650875,"Fibroblasts"
"Fibroblasts","EndothelialCells","B2m","Tap1","age30m-age3m",1,-0.000996767999650875,"Fibroblasts"
"Leukocytes","Leukocytes","B2m","Tap1","age30m-age3m",1,-0.000996767999650875,"Fibroblasts"
"EndothelialCells","Leukocytes","B2m","Tap1","age30m-age3m",1,-0.000996767999650875,"Fibroblasts"
"Myocytes","EndothelialCells","B2m","Tap2","age30m-age3m",1,-0.000996767999650875,"Fibroblasts"
"Leukocytes","Fibroblasts","B2m","Tap1","age30m-age3m",1,-0.000996767999650875,"Fibroblasts"
"Fibroblasts","Leukocytes","B2m","Tap1","age30m-age3m",1,-0.000996767999650875,"Fibroblasts"
"Myocytes","EndothelialCells","B2m","Tap1","age30m-age3m",1,-0.000996767999650875,"Fibroblasts"
"Leukocytes","Leukocytes","B2m","Tap2","age30m-age3m",1,-0.000996767999650875,"Fibroblasts"
"EndothelialCells","Fibroblasts","B2m","Tap1","age30m-age3m",1,-0.000996767999650875,"Fibroblasts"
"EndothelialCells","Leukocytes","B2m","Tap2","age30m-age3m",1,-0.000996767999650875,"Fibroblasts"
"Leukocytes","Fibroblasts","B2m","Tap2","age30m-age3m",1,-0.000996767999650875,"Fibroblasts"
"EndothelialCells","Fibroblasts","B2m","Tap2","age30m-age3m",1,-0.000996767999650875,"Fibroblasts"
"Fibroblasts","Fibroblasts","B2m","Tap1","age30m-age3m",1,-0.000996767999650875,"Fibroblasts"
"Fibroblasts","Leukocytes","B2m","Tap2","age30m-age3m",1,-0.000996767999650875,"Fibroblasts"
"Fibroblasts","Fibroblasts","B2m","Tap2","age30m-age3m",1,-0.000996767999650875,"Fibroblasts"
"Myocytes","Leukocytes","B2m","Tap1","age30m-age3m",1,-0.000996767999650875,"Fibroblasts"
"Leukocytes","Myocytes","B2m","Tap2","age30m-age3m",1,-0.000996767999650875,"Fibroblasts"
"EndothelialCells","Myocytes","B2m","Tap2","age30m-age3m",1,-0.000996767999650875,"Fibroblasts"
"Myocytes","Fibroblasts","B2m","Tap1","age30m-age3m",1,-0.000996767999650875,"Fibroblasts"
"Myocytes","Leukocytes","B2m","Tap2","age30m-age3m",1,-0.000996767999650875,"Fibroblasts"
"Myocytes","Fibroblasts","B2m","Tap2","age30m-age3m",1,-0.000996767999650875,"Fibroblasts"
"Fibroblasts","Myocytes","B2m","Tap2","age30m-age3m",1,-0.000996767999650875,"Fibroblasts"
"Myocytes","Myocytes","B2m","Tap2","age30m-age3m",1,-0.000996767999650875,"Fibroblasts"
"EndothelialCells","Leukocytes","Psen1","Ncstn","age30m-age3m",1,-0.00100058665225238,"Fibroblasts"
"EndothelialCells","Leukocytes","Psen1","Notch1","age30m-age3m",1,-0.00100058665225238,"Fibroblasts"
"Leukocytes","Leukocytes","Psen1","Ncstn","age30m-age3m",1,-0.00100058665225238,"Fibroblasts"
"EndothelialCells","Leukocytes","Psen1","Psen1","age30m-age3m",1,-0.00100058665225238,"Fibroblasts"
"Leukocytes","Leukocytes","Psen1","Notch1","age30m-age3m",1,-0.00100058665225238,"Fibroblasts"
"Fibroblasts","Leukocytes","Psen1","Ncstn","age30m-age3m",1,-0.00100058665225238,"Fibroblasts"
"Fibroblasts","Leukocytes","Psen1","Notch1","age30m-age3m",1,-0.00100058665225238,"Fibroblasts"
"EndothelialCells","EndothelialCells","Psen1","Notch4","age30m-age3m",1,-0.00100058665225238,"Fibroblasts"
"EndothelialCells","EndothelialCells","Psen1","Notch1","age30m-age3m",1,-0.00100058665225238,"Fibroblasts"
"EndothelialCells","Leukocytes","Psen1","Notch2","age30m-age3m",1,-0.00100058665225238,"Fibroblasts"
"EndothelialCells","Fibroblasts","Psen1","Ncstn","age30m-age3m",1,-0.00100058665225238,"Fibroblasts"
"EndothelialCells","EndothelialCells","Psen1","Psen1","age30m-age3m",1,-0.00100058665225238,"Fibroblasts"
"EndothelialCells","Fibroblasts","Psen1","Psen1","age30m-age3m",1,-0.00100058665225238,"Fibroblasts"
"Leukocytes","Leukocytes","Psen1","Psen1","age30m-age3m",1,-0.00100058665225238,"Fibroblasts"
"Fibroblasts","Leukocytes","Psen1","Psen1","age30m-age3m",1,-0.00100058665225238,"Fibroblasts"
"Leukocytes","EndothelialCells","Psen1","Notch4","age30m-age3m",1,-0.00100058665225238,"Fibroblasts"
"Leukocytes","EndothelialCells","Psen1","Notch1","age30m-age3m",1,-0.00100058665225238,"Fibroblasts"
"Leukocytes","Leukocytes","Psen1","Notch2","age30m-age3m",1,-0.00100058665225238,"Fibroblasts"
"Fibroblasts","EndothelialCells","Psen1","Notch4","age30m-age3m",1,-0.00100058665225238,"Fibroblasts"
"Leukocytes","Fibroblasts","Psen1","Ncstn","age30m-age3m",1,-0.00100058665225238,"Fibroblasts"
"Leukocytes","EndothelialCells","Psen1","Psen1","age30m-age3m",1,-0.00100058665225238,"Fibroblasts"
"Leukocytes","Fibroblasts","Psen1","Psen1","age30m-age3m",1,-0.00100058665225238,"Fibroblasts"
"Fibroblasts","EndothelialCells","Psen1","Notch1","age30m-age3m",1,-0.00100058665225238,"Fibroblasts"
"Fibroblasts","Leukocytes","Psen1","Notch2","age30m-age3m",1,-0.00100058665225238,"Fibroblasts"
"Fibroblasts","Fibroblasts","Psen1","Ncstn","age30m-age3m",1,-0.00100058665225238,"Fibroblasts"
"Fibroblasts","EndothelialCells","Psen1","Psen1","age30m-age3m",1,-0.00100058665225238,"Fibroblasts"
"Fibroblasts","Fibroblasts","Psen1","Psen1","age30m-age3m",1,-0.00100058665225238,"Fibroblasts"
"EndothelialCells","Fibroblasts","Psen1","Notch2","age30m-age3m",1,-0.00100058665225238,"Fibroblasts"
"EndothelialCells","EndothelialCells","Psen1","Ncstn","age30m-age3m",1,-0.00100058665225238,"Fibroblasts"
"EndothelialCells","Fibroblasts","Psen1","Notch1","age30m-age3m",1,-0.00100058665225238,"Fibroblasts"
"EndothelialCells","Fibroblasts","Psen1","Notch3","age30m-age3m",1,-0.00100058665225238,"Fibroblasts"
"Leukocytes","Fibroblasts","Psen1","Notch2","age30m-age3m",1,-0.00100058665225238,"Fibroblasts"
"Leukocytes","EndothelialCells","Psen1","Ncstn","age30m-age3m",1,-0.00100058665225238,"Fibroblasts"
"Fibroblasts","Fibroblasts","Psen1","Notch2","age30m-age3m",1,-0.00100058665225238,"Fibroblasts"
"EndothelialCells","Leukocytes","Psen1","Notch4","age30m-age3m",1,-0.00100058665225238,"Fibroblasts"
"Fibroblasts","EndothelialCells","Psen1","Ncstn","age30m-age3m",1,-0.00100058665225238,"Fibroblasts"
"EndothelialCells","Fibroblasts","Psen1","Notch4","age30m-age3m",1,-0.00100058665225238,"Fibroblasts"
"Leukocytes","Fibroblasts","Psen1","Notch1","age30m-age3m",1,-0.00100058665225238,"Fibroblasts"
"Leukocytes","Fibroblasts","Psen1","Notch3","age30m-age3m",1,-0.00100058665225238,"Fibroblasts"
"Fibroblasts","Fibroblasts","Psen1","Notch1","age30m-age3m",1,-0.00100058665225238,"Fibroblasts"
"Fibroblasts","Fibroblasts","Psen1","Notch3","age30m-age3m",1,-0.00100058665225238,"Fibroblasts"
"Leukocytes","Leukocytes","Psen1","Notch4","age30m-age3m",1,-0.00100058665225238,"Fibroblasts"
"Fibroblasts","Leukocytes","Psen1","Notch4","age30m-age3m",1,-0.00100058665225238,"Fibroblasts"
"Leukocytes","Fibroblasts","Psen1","Notch4","age30m-age3m",1,-0.00100058665225238,"Fibroblasts"
"Fibroblasts","Fibroblasts","Psen1","Notch4","age30m-age3m",1,-0.00100058665225238,"Fibroblasts"
"Fibroblasts","EndothelialCells","Penk","Ogfr","age30m-age3m",1,-0.0010013254497332,"Fibroblasts"
"Fibroblasts","Fibroblasts","Penk","Ogfr","age30m-age3m",1,-0.0010013254497332,"Fibroblasts"
"Fibroblasts","Leukocytes","Penk","Ogfr","age30m-age3m",1,-0.0010013254497332,"Fibroblasts"
"Fibroblasts","Myocytes","Penk","Ogfr","age30m-age3m",1,-0.0010013254497332,"Fibroblasts"
"Leukocytes","EndothelialCells","Penk","Ogfr","age30m-age3m",1,-0.0010013254497332,"Fibroblasts"
"Leukocytes","Fibroblasts","Penk","Ogfr","age30m-age3m",1,-0.0010013254497332,"Fibroblasts"
"Leukocytes","Leukocytes","Penk","Ogfr","age30m-age3m",1,-0.0010013254497332,"Fibroblasts"
"Leukocytes","Myocytes","Penk","Ogfr","age30m-age3m",1,-0.0010013254497332,"Fibroblasts"
"EndothelialCells","EndothelialCells","H2-K1","Aplp2","age30m-age3m",1,-0.00100588793093746,"Fibroblasts"
"EndothelialCells","Leukocytes","H2-K1","Aplp2","age30m-age3m",1,-0.00100588793093746,"Fibroblasts"
"Leukocytes","EndothelialCells","H2-K1","Aplp2","age30m-age3m",1,-0.00100588793093746,"Fibroblasts"
"EndothelialCells","Fibroblasts","H2-K1","Erbb2","age30m-age3m",1,-0.00100588793093746,"Fibroblasts"
"Fibroblasts","EndothelialCells","H2-K1","Aplp2","age30m-age3m",1,-0.00100588793093746,"Fibroblasts"
"Leukocytes","Leukocytes","H2-K1","Aplp2","age30m-age3m",1,-0.00100588793093746,"Fibroblasts"
"Leukocytes","Fibroblasts","H2-K1","Erbb2","age30m-age3m",1,-0.00100588793093746,"Fibroblasts"
"Fibroblasts","Leukocytes","H2-K1","Aplp2","age30m-age3m",1,-0.00100588793093746,"Fibroblasts"
"Fibroblasts","Fibroblasts","H2-K1","Erbb2","age30m-age3m",1,-0.00100588793093746,"Fibroblasts"
"EndothelialCells","Fibroblasts","H2-K1","Aplp2","age30m-age3m",1,-0.00100588793093746,"Fibroblasts"
"Leukocytes","Fibroblasts","H2-K1","Aplp2","age30m-age3m",1,-0.00100588793093746,"Fibroblasts"
"Myocytes","EndothelialCells","H2-K1","Aplp2","age30m-age3m",1,-0.00100588793093746,"Fibroblasts"
"Fibroblasts","Fibroblasts","H2-K1","Aplp2","age30m-age3m",1,-0.00100588793093746,"Fibroblasts"
"Myocytes","Leukocytes","H2-K1","Aplp2","age30m-age3m",1,-0.00100588793093746,"Fibroblasts"
"EndothelialCells","Myocytes","H2-K1","Aplp2","age30m-age3m",1,-0.00100588793093746,"Fibroblasts"
"Myocytes","Fibroblasts","H2-K1","Erbb2","age30m-age3m",1,-0.00100588793093746,"Fibroblasts"
"Leukocytes","Myocytes","H2-K1","Aplp2","age30m-age3m",1,-0.00100588793093746,"Fibroblasts"
"Fibroblasts","Myocytes","H2-K1","Aplp2","age30m-age3m",1,-0.00100588793093746,"Fibroblasts"
"Myocytes","Fibroblasts","H2-K1","Aplp2","age30m-age3m",1,-0.00100588793093746,"Fibroblasts"
"Myocytes","Myocytes","H2-K1","Aplp2","age30m-age3m",1,-0.00100588793093746,"Fibroblasts"
"Myocytes","EndothelialCells","Gstp1","Traf2","age30m-age3m",1,-0.00101037972951957,"Fibroblasts"
"Myocytes","Fibroblasts","Gstp1","Traf2","age30m-age3m",1,-0.00101037972951957,"Fibroblasts"
"Myocytes","Leukocytes","Gstp1","Traf2","age30m-age3m",1,-0.00101037972951957,"Fibroblasts"
"Myocytes","EndothelialCells","Gstp2","Traf2","age30m-age3m",1,-0.00101037972951957,"Fibroblasts"
"Myocytes","Fibroblasts","Gstp2","Traf2","age30m-age3m",1,-0.00101037972951957,"Fibroblasts"
"Myocytes","Leukocytes","Gstp2","Traf2","age30m-age3m",1,-0.00101037972951957,"Fibroblasts"
"Fibroblasts","EndothelialCells","Gstp2","Traf2","age30m-age3m",1,-0.00101037972951957,"Fibroblasts"
"Fibroblasts","Fibroblasts","Gstp2","Traf2","age30m-age3m",1,-0.00101037972951957,"Fibroblasts"
"Fibroblasts","Leukocytes","Gstp2","Traf2","age30m-age3m",1,-0.00101037972951957,"Fibroblasts"
"Fibroblasts","EndothelialCells","Gstp1","Traf2","age30m-age3m",1,-0.00101037972951957,"Fibroblasts"
"Fibroblasts","Fibroblasts","Gstp1","Traf2","age30m-age3m",1,-0.00101037972951957,"Fibroblasts"
"Fibroblasts","Leukocytes","Gstp1","Traf2","age30m-age3m",1,-0.00101037972951957,"Fibroblasts"
"Leukocytes","EndothelialCells","Gstp1","Traf2","age30m-age3m",1,-0.00101037972951957,"Fibroblasts"
"Leukocytes","Fibroblasts","Gstp1","Traf2","age30m-age3m",1,-0.00101037972951957,"Fibroblasts"
"Leukocytes","Leukocytes","Gstp1","Traf2","age30m-age3m",1,-0.00101037972951957,"Fibroblasts"
"EndothelialCells","EndothelialCells","Gstp1","Traf2","age30m-age3m",1,-0.00101037972951957,"Fibroblasts"
"EndothelialCells","Fibroblasts","Gstp1","Traf2","age30m-age3m",1,-0.00101037972951957,"Fibroblasts"
"EndothelialCells","Leukocytes","Gstp1","Traf2","age30m-age3m",1,-0.00101037972951957,"Fibroblasts"
"EndothelialCells","EndothelialCells","Gstp2","Traf2","age30m-age3m",1,-0.00101037972951957,"Fibroblasts"
"EndothelialCells","Fibroblasts","Gstp2","Traf2","age30m-age3m",1,-0.00101037972951957,"Fibroblasts"
"EndothelialCells","Leukocytes","Gstp2","Traf2","age30m-age3m",1,-0.00101037972951957,"Fibroblasts"
"Leukocytes","EndothelialCells","Gstp2","Traf2","age30m-age3m",1,-0.00101037972951957,"Fibroblasts"
"Leukocytes","Fibroblasts","Gstp2","Traf2","age30m-age3m",1,-0.00101037972951957,"Fibroblasts"
"Leukocytes","Leukocytes","Gstp2","Traf2","age30m-age3m",1,-0.00101037972951957,"Fibroblasts"
"Myocytes","EndothelialCells","Lamb3","Cd151","age30m-age3m",1,-0.00101206905317118,"Myocytes"
"Myocytes","Fibroblasts","Lamb3","Cd151","age30m-age3m",1,-0.00101206905317118,"Myocytes"
"Myocytes","EndothelialCells","Lamb3","Itga6","age30m-age3m",1,-0.00101206905317118,"Myocytes"
"Myocytes","Leukocytes","Lamb3","Cd151","age30m-age3m",1,-0.00101206905317118,"Myocytes"
"Myocytes","EndothelialCells","Lamb3","Itgb1","age30m-age3m",1,-0.00101206905317118,"Myocytes"
"Myocytes","Leukocytes","Lamb3","Itgb1","age30m-age3m",1,-0.00101206905317118,"Myocytes"
"Myocytes","Fibroblasts","Lamb3","Itgb1","age30m-age3m",1,-0.00101206905317118,"Myocytes"
"Myocytes","Leukocytes","Lamb3","Itgb4","age30m-age3m",1,-0.00101206905317118,"Myocytes"
"Myocytes","Myocytes","Lamb3","Itgb1","age30m-age3m",1,-0.00101206905317118,"Myocytes"
"Myocytes","Myocytes","Lamb3","Cd151","age30m-age3m",1,-0.00101206905317118,"Myocytes"
"Myocytes","Myocytes","Lamb3","Itga6","age30m-age3m",1,-0.00101206905317118,"Myocytes"
"EndothelialCells","EndothelialCells","App","Flt1","age30m-age3m",1,-0.00101482934062846,"Fibroblasts"
"EndothelialCells","Fibroblasts","App","Lrp1","age30m-age3m",1,-0.00101482934062846,"Fibroblasts"
"EndothelialCells","Leukocytes","App","Tnfrsf21","age30m-age3m",1,-0.00101482934062846,"Fibroblasts"
"Leukocytes","EndothelialCells","App","Flt1","age30m-age3m",1,-0.00101482934062846,"Fibroblasts"
"Leukocytes","Fibroblasts","App","Lrp1","age30m-age3m",1,-0.00101482934062846,"Fibroblasts"
"Leukocytes","Leukocytes","App","Tnfrsf21","age30m-age3m",1,-0.00101482934062846,"Fibroblasts"
"EndothelialCells","Leukocytes","App","Fpr2","age30m-age3m",1,-0.00101482934062846,"Fibroblasts"
"Leukocytes","Leukocytes","App","Fpr2","age30m-age3m",1,-0.00101482934062846,"Fibroblasts"
"Fibroblasts","EndothelialCells","App","Flt1","age30m-age3m",1,-0.00101482934062846,"Fibroblasts"
"Fibroblasts","Fibroblasts","App","Lrp1","age30m-age3m",1,-0.00101482934062846,"Fibroblasts"
"EndothelialCells","Leukocytes","App","Lrp1","age30m-age3m",1,-0.00101482934062846,"Fibroblasts"
"Fibroblasts","Leukocytes","App","Tnfrsf21","age30m-age3m",1,-0.00101482934062846,"Fibroblasts"
"Leukocytes","Leukocytes","App","Lrp1","age30m-age3m",1,-0.00101482934062846,"Fibroblasts"
"EndothelialCells","Leukocytes","App","Ncstn","age30m-age3m",1,-0.00101482934062846,"Fibroblasts"
"Fibroblasts","Leukocytes","App","Fpr2","age30m-age3m",1,-0.00101482934062846,"Fibroblasts"
"Leukocytes","Leukocytes","App","Ncstn","age30m-age3m",1,-0.00101482934062846,"Fibroblasts"
"Fibroblasts","Leukocytes","App","Lrp1","age30m-age3m",1,-0.00101482934062846,"Fibroblasts"
"EndothelialCells","EndothelialCells","App","Cd74","age30m-age3m",1,-0.00101482934062846,"Fibroblasts"
"EndothelialCells","EndothelialCells","App","Ncstn","age30m-age3m",1,-0.00101482934062846,"Fibroblasts"
"Fibroblasts","Leukocytes","App","Ncstn","age30m-age3m",1,-0.00101482934062846,"Fibroblasts"
"Leukocytes","EndothelialCells","App","Cd74","age30m-age3m",1,-0.00101482934062846,"Fibroblasts"
"EndothelialCells","Fibroblasts","App","Bace1","age30m-age3m",1,-0.00101482934062846,"Fibroblasts"
"Leukocytes","EndothelialCells","App","Ncstn","age30m-age3m",1,-0.00101482934062846,"Fibroblasts"
"EndothelialCells","Fibroblasts","App","Ncstn","age30m-age3m",1,-0.00101482934062846,"Fibroblasts"
"Leukocytes","Fibroblasts","App","Bace1","age30m-age3m",1,-0.00101482934062846,"Fibroblasts"
"Fibroblasts","EndothelialCells","App","Cd74","age30m-age3m",1,-0.00101482934062846,"Fibroblasts"
"Leukocytes","Fibroblasts","App","Ncstn","age30m-age3m",1,-0.00101482934062846,"Fibroblasts"
"Fibroblasts","EndothelialCells","App","Ncstn","age30m-age3m",1,-0.00101482934062846,"Fibroblasts"
"EndothelialCells","Leukocytes","App","Cd74","age30m-age3m",1,-0.00101482934062846,"Fibroblasts"
"EndothelialCells","Fibroblasts","App","Flt1","age30m-age3m",1,-0.00101482934062846,"Fibroblasts"
"Fibroblasts","Fibroblasts","App","Bace1","age30m-age3m",1,-0.00101482934062846,"Fibroblasts"
"EndothelialCells","EndothelialCells","App","Bace1","age30m-age3m",1,-0.00101482934062846,"Fibroblasts"
"Leukocytes","Leukocytes","App","Cd74","age30m-age3m",1,-0.00101482934062846,"Fibroblasts"
"EndothelialCells","Fibroblasts","App","Cd74","age30m-age3m",1,-0.00101482934062846,"Fibroblasts"
"Fibroblasts","Fibroblasts","App","Ncstn","age30m-age3m",1,-0.00101482934062846,"Fibroblasts"
"Leukocytes","Fibroblasts","App","Flt1","age30m-age3m",1,-0.00101482934062846,"Fibroblasts"
"Leukocytes","EndothelialCells","App","Bace1","age30m-age3m",1,-0.00101482934062846,"Fibroblasts"
"Leukocytes","Fibroblasts","App","Cd74","age30m-age3m",1,-0.00101482934062846,"Fibroblasts"
"EndothelialCells","Myocytes","App","Gpc1","age30m-age3m",1,-0.00101482934062846,"Fibroblasts"
"EndothelialCells","EndothelialCells","App","Tnfrsf21","age30m-age3m",1,-0.00101482934062846,"Fibroblasts"
"Fibroblasts","Leukocytes","App","Cd74","age30m-age3m",1,-0.00101482934062846,"Fibroblasts"
"Fibroblasts","Fibroblasts","App","Flt1","age30m-age3m",1,-0.00101482934062846,"Fibroblasts"
"Fibroblasts","EndothelialCells","App","Bace1","age30m-age3m",1,-0.00101482934062846,"Fibroblasts"
"Leukocytes","Myocytes","App","Gpc1","age30m-age3m",1,-0.00101482934062846,"Fibroblasts"
"Leukocytes","EndothelialCells","App","Tnfrsf21","age30m-age3m",1,-0.00101482934062846,"Fibroblasts"
"Fibroblasts","Fibroblasts","App","Cd74","age30m-age3m",1,-0.00101482934062846,"Fibroblasts"
"Fibroblasts","Myocytes","App","Gpc1","age30m-age3m",1,-0.00101482934062846,"Fibroblasts"
"Fibroblasts","EndothelialCells","App","Tnfrsf21","age30m-age3m",1,-0.00101482934062846,"Fibroblasts"
"EndothelialCells","Myocytes","App","Bace1","age30m-age3m",1,-0.00101482934062846,"Fibroblasts"
"Leukocytes","Myocytes","App","Bace1","age30m-age3m",1,-0.00101482934062846,"Fibroblasts"
"Fibroblasts","Myocytes","App","Bace1","age30m-age3m",1,-0.00101482934062846,"Fibroblasts"
"EndothelialCells","EndothelialCells","App","Lrp1","age30m-age3m",1,-0.00101482934062846,"Fibroblasts"
"Myocytes","EndothelialCells","App","Flt1","age30m-age3m",1,-0.00101482934062846,"Fibroblasts"
"Myocytes","Fibroblasts","App","Lrp1","age30m-age3m",1,-0.00101482934062846,"Fibroblasts"
"Leukocytes","EndothelialCells","App","Lrp1","age30m-age3m",1,-0.00101482934062846,"Fibroblasts"
"Myocytes","Leukocytes","App","Tnfrsf21","age30m-age3m",1,-0.00101482934062846,"Fibroblasts"
"Myocytes","Leukocytes","App","Fpr2","age30m-age3m",1,-0.00101482934062846,"Fibroblasts"
"Fibroblasts","EndothelialCells","App","Lrp1","age30m-age3m",1,-0.00101482934062846,"Fibroblasts"
"Myocytes","Leukocytes","App","Lrp1","age30m-age3m",1,-0.00101482934062846,"Fibroblasts"
"Myocytes","Leukocytes","App","Ncstn","age30m-age3m",1,-0.00101482934062846,"Fibroblasts"
"Myocytes","EndothelialCells","App","Cd74","age30m-age3m",1,-0.00101482934062846,"Fibroblasts"
"EndothelialCells","Fibroblasts","App","Tnfrsf21","age30m-age3m",1,-0.00101482934062846,"Fibroblasts"
"Myocytes","EndothelialCells","App","Ncstn","age30m-age3m",1,-0.00101482934062846,"Fibroblasts"
"EndothelialCells","Myocytes","App","Flt1","age30m-age3m",1,-0.00101482934062846,"Fibroblasts"
"Leukocytes","Fibroblasts","App","Tnfrsf21","age30m-age3m",1,-0.00101482934062846,"Fibroblasts"
"Myocytes","Fibroblasts","App","Bace1","age30m-age3m",1,-0.00101482934062846,"Fibroblasts"
"EndothelialCells","Myocytes","App","Cd74","age30m-age3m",1,-0.00101482934062846,"Fibroblasts"
"Leukocytes","Myocytes","App","Flt1","age30m-age3m",1,-0.00101482934062846,"Fibroblasts"
"Myocytes","Fibroblasts","App","Ncstn","age30m-age3m",1,-0.00101482934062846,"Fibroblasts"
"Fibroblasts","Fibroblasts","App","Tnfrsf21","age30m-age3m",1,-0.00101482934062846,"Fibroblasts"
"Leukocytes","Myocytes","App","Cd74","age30m-age3m",1,-0.00101482934062846,"Fibroblasts"
"EndothelialCells","Myocytes","App","Lrp1","age30m-age3m",1,-0.00101482934062846,"Fibroblasts"
"Myocytes","Leukocytes","App","Cd74","age30m-age3m",1,-0.00101482934062846,"Fibroblasts"
"Fibroblasts","Myocytes","App","Flt1","age30m-age3m",1,-0.00101482934062846,"Fibroblasts"
"Myocytes","Fibroblasts","App","Flt1","age30m-age3m",1,-0.00101482934062846,"Fibroblasts"
"Leukocytes","Myocytes","App","Lrp1","age30m-age3m",1,-0.00101482934062846,"Fibroblasts"
"Myocytes","EndothelialCells","App","Bace1","age30m-age3m",1,-0.00101482934062846,"Fibroblasts"
"Fibroblasts","Myocytes","App","Cd74","age30m-age3m",1,-0.00101482934062846,"Fibroblasts"
"Myocytes","Fibroblasts","App","Cd74","age30m-age3m",1,-0.00101482934062846,"Fibroblasts"
"Fibroblasts","Myocytes","App","Lrp1","age30m-age3m",1,-0.00101482934062846,"Fibroblasts"
"Myocytes","Myocytes","App","Gpc1","age30m-age3m",1,-0.00101482934062846,"Fibroblasts"
"Myocytes","EndothelialCells","App","Tnfrsf21","age30m-age3m",1,-0.00101482934062846,"Fibroblasts"
"Myocytes","Myocytes","App","Flt1","age30m-age3m",1,-0.00101482934062846,"Fibroblasts"
"Myocytes","Myocytes","App","Cd74","age30m-age3m",1,-0.00101482934062846,"Fibroblasts"
"Myocytes","Myocytes","App","Lrp1","age30m-age3m",1,-0.00101482934062846,"Fibroblasts"
"Leukocytes","EndothelialCells","C1qa","Cd93","age30m-age3m",1,-0.00101887145989546,"Fibroblasts"
"Leukocytes","EndothelialCells","C1qa","Cr1l","age30m-age3m",1,-0.00101887145989546,"Fibroblasts"
"Leukocytes","Leukocytes","C1qa","Cd33","age30m-age3m",1,-0.00101887145989546,"Fibroblasts"
"Leukocytes","Fibroblasts","C1qa","Cr1l","age30m-age3m",1,-0.00101887145989546,"Fibroblasts"
"Leukocytes","Leukocytes","C1qa","Cd93","age30m-age3m",1,-0.00101887145989546,"Fibroblasts"
"Leukocytes","Leukocytes","C1qa","Cr1l","age30m-age3m",1,-0.00101887145989546,"Fibroblasts"
"Fibroblasts","EndothelialCells","C1qa","Cd93","age30m-age3m",1,-0.00101887145989546,"Fibroblasts"
"EndothelialCells","EndothelialCells","C1qa","Cd93","age30m-age3m",1,-0.00101887145989546,"Fibroblasts"
"Fibroblasts","EndothelialCells","C1qa","Cr1l","age30m-age3m",1,-0.00101887145989546,"Fibroblasts"
"Fibroblasts","Leukocytes","C1qa","Cd33","age30m-age3m",1,-0.00101887145989546,"Fibroblasts"
"EndothelialCells","EndothelialCells","C1qa","Cr1l","age30m-age3m",1,-0.00101887145989546,"Fibroblasts"
"Fibroblasts","Fibroblasts","C1qa","Cr1l","age30m-age3m",1,-0.00101887145989546,"Fibroblasts"
"EndothelialCells","Leukocytes","C1qa","Cd33","age30m-age3m",1,-0.00101887145989546,"Fibroblasts"
"Fibroblasts","Leukocytes","C1qa","Cd93","age30m-age3m",1,-0.00101887145989546,"Fibroblasts"
"EndothelialCells","Fibroblasts","C1qa","Cr1l","age30m-age3m",1,-0.00101887145989546,"Fibroblasts"
"Leukocytes","Fibroblasts","C1qa","Cd93","age30m-age3m",1,-0.00101887145989546,"Fibroblasts"
"EndothelialCells","Leukocytes","C1qa","Cd93","age30m-age3m",1,-0.00101887145989546,"Fibroblasts"
"Fibroblasts","Leukocytes","C1qa","Cr1l","age30m-age3m",1,-0.00101887145989546,"Fibroblasts"
"EndothelialCells","Leukocytes","C1qa","Cr1l","age30m-age3m",1,-0.00101887145989546,"Fibroblasts"
"Leukocytes","Myocytes","C1qa","Cd93","age30m-age3m",1,-0.00101887145989546,"Fibroblasts"
"Fibroblasts","Fibroblasts","C1qa","Cd93","age30m-age3m",1,-0.00101887145989546,"Fibroblasts"
"EndothelialCells","Fibroblasts","C1qa","Cd93","age30m-age3m",1,-0.00101887145989546,"Fibroblasts"
"Fibroblasts","Myocytes","C1qa","Cd93","age30m-age3m",1,-0.00101887145989546,"Fibroblasts"
"EndothelialCells","Myocytes","C1qa","Cd93","age30m-age3m",1,-0.00101887145989546,"Fibroblasts"
"Myocytes","EndothelialCells","C1qa","Cd93","age30m-age3m",1,-0.00101887145989546,"Fibroblasts"
"Myocytes","EndothelialCells","C1qa","Cr1l","age30m-age3m",1,-0.00101887145989546,"Fibroblasts"
"Myocytes","Leukocytes","C1qa","Cd33","age30m-age3m",1,-0.00101887145989546,"Fibroblasts"
"Myocytes","Fibroblasts","C1qa","Cr1l","age30m-age3m",1,-0.00101887145989546,"Fibroblasts"
"Myocytes","Leukocytes","C1qa","Cd93","age30m-age3m",1,-0.00101887145989546,"Fibroblasts"
"Myocytes","Leukocytes","C1qa","Cr1l","age30m-age3m",1,-0.00101887145989546,"Fibroblasts"
"Leukocytes","Myocytes","C1qa","Cr1l","age30m-age3m",1,-0.00101887145989546,"Fibroblasts"
"Myocytes","Fibroblasts","C1qa","Cd93","age30m-age3m",1,-0.00101887145989546,"Fibroblasts"
"Fibroblasts","Myocytes","C1qa","Cr1l","age30m-age3m",1,-0.00101887145989546,"Fibroblasts"
"EndothelialCells","Myocytes","C1qa","Cr1l","age30m-age3m",1,-0.00101887145989546,"Fibroblasts"
"Myocytes","Myocytes","C1qa","Cd93","age30m-age3m",1,-0.00101887145989546,"Fibroblasts"
"Myocytes","Myocytes","C1qa","Cr1l","age30m-age3m",1,-0.00101887145989546,"Fibroblasts"
"Leukocytes","EndothelialCells","H2-DMb1","Cd74","age30m-age3m",1,-0.00102059992090327,"Leukocytes"
"EndothelialCells","EndothelialCells","H2-DMb1","Cd74","age30m-age3m",1,-0.00102059992090327,"Leukocytes"
"Leukocytes","Leukocytes","H2-DMb1","Cd74","age30m-age3m",1,-0.00102059992090327,"Leukocytes"
"EndothelialCells","Leukocytes","H2-DMb1","Cd74","age30m-age3m",1,-0.00102059992090327,"Leukocytes"
"Leukocytes","Fibroblasts","H2-DMb1","Cd74","age30m-age3m",1,-0.00102059992090327,"Leukocytes"
"EndothelialCells","Fibroblasts","H2-DMb1","Cd74","age30m-age3m",1,-0.00102059992090327,"Leukocytes"
"Leukocytes","Myocytes","H2-DMb1","Cd74","age30m-age3m",1,-0.00102059992090327,"Leukocytes"
"EndothelialCells","Myocytes","H2-DMb1","Cd74","age30m-age3m",1,-0.00102059992090327,"Leukocytes"
"EndothelialCells","EndothelialCells","H2-D1","Aplp2","age30m-age3m",1,-0.00102340793823198,"Fibroblasts"
"Leukocytes","EndothelialCells","H2-D1","Aplp2","age30m-age3m",1,-0.00102340793823198,"Fibroblasts"
"EndothelialCells","Leukocytes","H2-D1","Aplp2","age30m-age3m",1,-0.00102340793823198,"Fibroblasts"
"Leukocytes","Leukocytes","H2-D1","Aplp2","age30m-age3m",1,-0.00102340793823198,"Fibroblasts"
"EndothelialCells","Fibroblasts","H2-D1","Erbb2","age30m-age3m",1,-0.00102340793823198,"Fibroblasts"
"Leukocytes","Fibroblasts","H2-D1","Erbb2","age30m-age3m",1,-0.00102340793823198,"Fibroblasts"
"Fibroblasts","EndothelialCells","H2-D1","Aplp2","age30m-age3m",1,-0.00102340793823198,"Fibroblasts"
"Fibroblasts","Leukocytes","H2-D1","Aplp2","age30m-age3m",1,-0.00102340793823198,"Fibroblasts"
"Fibroblasts","Fibroblasts","H2-D1","Erbb2","age30m-age3m",1,-0.00102340793823198,"Fibroblasts"
"Myocytes","EndothelialCells","H2-D1","Aplp2","age30m-age3m",1,-0.00102340793823198,"Fibroblasts"
"Myocytes","Leukocytes","H2-D1","Aplp2","age30m-age3m",1,-0.00102340793823198,"Fibroblasts"
"EndothelialCells","Fibroblasts","H2-D1","Aplp2","age30m-age3m",1,-0.00102340793823198,"Fibroblasts"
"Leukocytes","Fibroblasts","H2-D1","Aplp2","age30m-age3m",1,-0.00102340793823198,"Fibroblasts"
"Myocytes","Fibroblasts","H2-D1","Erbb2","age30m-age3m",1,-0.00102340793823198,"Fibroblasts"
"Fibroblasts","Fibroblasts","H2-D1","Aplp2","age30m-age3m",1,-0.00102340793823198,"Fibroblasts"
"EndothelialCells","Myocytes","H2-D1","Aplp2","age30m-age3m",1,-0.00102340793823198,"Fibroblasts"
"Leukocytes","Myocytes","H2-D1","Aplp2","age30m-age3m",1,-0.00102340793823198,"Fibroblasts"
"Myocytes","Fibroblasts","H2-D1","Aplp2","age30m-age3m",1,-0.00102340793823198,"Fibroblasts"
"Fibroblasts","Myocytes","H2-D1","Aplp2","age30m-age3m",1,-0.00102340793823198,"Fibroblasts"
"Myocytes","Myocytes","H2-D1","Aplp2","age30m-age3m",1,-0.00102340793823198,"Fibroblasts"
"EndothelialCells","EndothelialCells","H2-Q4","Aplp2","age30m-age3m",1,-0.00102356860976621,"Fibroblasts"
"EndothelialCells","Leukocytes","H2-Q4","Aplp2","age30m-age3m",1,-0.00102356860976621,"Fibroblasts"
"EndothelialCells","Fibroblasts","H2-Q4","Erbb2","age30m-age3m",1,-0.00102356860976621,"Fibroblasts"
"Fibroblasts","EndothelialCells","H2-Q4","Aplp2","age30m-age3m",1,-0.00102356860976621,"Fibroblasts"
"Leukocytes","EndothelialCells","H2-Q4","Aplp2","age30m-age3m",1,-0.00102356860976621,"Fibroblasts"
"Fibroblasts","Leukocytes","H2-Q4","Aplp2","age30m-age3m",1,-0.00102356860976621,"Fibroblasts"
"Fibroblasts","Fibroblasts","H2-Q4","Erbb2","age30m-age3m",1,-0.00102356860976621,"Fibroblasts"
"Leukocytes","Leukocytes","H2-Q4","Aplp2","age30m-age3m",1,-0.00102356860976621,"Fibroblasts"
"Leukocytes","Fibroblasts","H2-Q4","Erbb2","age30m-age3m",1,-0.00102356860976621,"Fibroblasts"
"EndothelialCells","Fibroblasts","H2-Q4","Aplp2","age30m-age3m",1,-0.00102356860976621,"Fibroblasts"
"Fibroblasts","Fibroblasts","H2-Q4","Aplp2","age30m-age3m",1,-0.00102356860976621,"Fibroblasts"
"EndothelialCells","Myocytes","H2-Q4","Aplp2","age30m-age3m",1,-0.00102356860976621,"Fibroblasts"
"Leukocytes","Fibroblasts","H2-Q4","Aplp2","age30m-age3m",1,-0.00102356860976621,"Fibroblasts"
"Leukocytes","EndothelialCells","H2-Q6","Aplp2","age30m-age3m",1,-0.00102356860976621,"EndocardialCells"
"Leukocytes","Leukocytes","H2-Q6","Aplp2","age30m-age3m",1,-0.00102356860976621,"EndocardialCells"
"Leukocytes","Fibroblasts","H2-Q6","Erbb2","age30m-age3m",1,-0.00102356860976621,"EndocardialCells"
"Fibroblasts","Myocytes","H2-Q4","Aplp2","age30m-age3m",1,-0.00102356860976621,"Fibroblasts"
"Myocytes","EndothelialCells","H2-Q4","Aplp2","age30m-age3m",1,-0.00102356860976621,"Fibroblasts"
"Leukocytes","Myocytes","H2-Q4","Aplp2","age30m-age3m",1,-0.00102356860976621,"Fibroblasts"
"Myocytes","Leukocytes","H2-Q4","Aplp2","age30m-age3m",1,-0.00102356860976621,"Fibroblasts"
"Myocytes","Fibroblasts","H2-Q4","Erbb2","age30m-age3m",1,-0.00102356860976621,"Fibroblasts"
"Leukocytes","Fibroblasts","H2-Q6","Aplp2","age30m-age3m",1,-0.00102356860976621,"EndocardialCells"
"Myocytes","Fibroblasts","H2-Q4","Aplp2","age30m-age3m",1,-0.00102356860976621,"Fibroblasts"
"Leukocytes","Myocytes","H2-Q6","Aplp2","age30m-age3m",1,-0.00102356860976621,"EndocardialCells"
"Myocytes","Myocytes","H2-Q4","Aplp2","age30m-age3m",1,-0.00102356860976621,"Fibroblasts"
"Leukocytes","Leukocytes","Msn","Slc9a1","age30m-age3m",1,-0.00102369827321221,"Fibroblasts"
"Leukocytes","Fibroblasts","Msn","Slc9a1","age30m-age3m",1,-0.00102369827321221,"Fibroblasts"
"EndothelialCells","Leukocytes","Msn","Slc9a1","age30m-age3m",1,-0.00102369827321221,"Fibroblasts"
"EndothelialCells","Fibroblasts","Msn","Slc9a1","age30m-age3m",1,-0.00102369827321221,"Fibroblasts"
"Leukocytes","EndothelialCells","Msn","Slc9a1","age30m-age3m",1,-0.00102369827321221,"Fibroblasts"
"Fibroblasts","Leukocytes","Msn","Slc9a1","age30m-age3m",1,-0.00102369827321221,"Fibroblasts"
"Fibroblasts","Fibroblasts","Msn","Slc9a1","age30m-age3m",1,-0.00102369827321221,"Fibroblasts"
"EndothelialCells","EndothelialCells","Msn","Slc9a1","age30m-age3m",1,-0.00102369827321221,"Fibroblasts"
"Myocytes","Leukocytes","Msn","Slc9a1","age30m-age3m",1,-0.00102369827321221,"Fibroblasts"
"Myocytes","Fibroblasts","Msn","Slc9a1","age30m-age3m",1,-0.00102369827321221,"Fibroblasts"
"Fibroblasts","EndothelialCells","Msn","Slc9a1","age30m-age3m",1,-0.00102369827321221,"Fibroblasts"
"Myocytes","EndothelialCells","Msn","Slc9a1","age30m-age3m",1,-0.00102369827321221,"Fibroblasts"
"Leukocytes","Fibroblasts","Apoc1","Vldlr","age30m-age3m",1,-0.00103018265692527,"EndocardialCells"
"Fibroblasts","Fibroblasts","Apoc1","Vldlr","age30m-age3m",1,-0.00103018265692527,"EndocardialCells"
"Leukocytes","Myocytes","Apoc1","Vldlr","age30m-age3m",1,-0.00103018265692527,"EndocardialCells"
"Fibroblasts","EndothelialCells","Lum","Itgb1","age30m-age3m",1,-0.00103248272137808,"Fibroblasts"
"Fibroblasts","Leukocytes","Lum","Itgb1","age30m-age3m",1,-0.00103248272137808,"Fibroblasts"
"Leukocytes","EndothelialCells","Lum","Itgb1","age30m-age3m",1,-0.00103248272137808,"Fibroblasts"
"Fibroblasts","Fibroblasts","Lum","Itgb1","age30m-age3m",1,-0.00103248272137808,"Fibroblasts"
"EndothelialCells","EndothelialCells","Lum","Itgb1","age30m-age3m",1,-0.00103248272137808,"Fibroblasts"
"Leukocytes","Leukocytes","Lum","Itgb1","age30m-age3m",1,-0.00103248272137808,"Fibroblasts"
"Fibroblasts","Myocytes","Lum","Itgb1","age30m-age3m",1,-0.00103248272137808,"Fibroblasts"
"Leukocytes","Fibroblasts","Lum","Itgb1","age30m-age3m",1,-0.00103248272137808,"Fibroblasts"
"EndothelialCells","Leukocytes","Lum","Itgb1","age30m-age3m",1,-0.00103248272137808,"Fibroblasts"
"EndothelialCells","Fibroblasts","Lum","Itgb1","age30m-age3m",1,-0.00103248272137808,"Fibroblasts"
"Myocytes","EndothelialCells","Lum","Itgb1","age30m-age3m",1,-0.00103248272137808,"Fibroblasts"
"Leukocytes","Myocytes","Lum","Itgb1","age30m-age3m",1,-0.00103248272137808,"Fibroblasts"
"EndothelialCells","Myocytes","Lum","Itgb1","age30m-age3m",1,-0.00103248272137808,"Fibroblasts"
"Myocytes","Leukocytes","Lum","Itgb1","age30m-age3m",1,-0.00103248272137808,"Fibroblasts"
"Myocytes","Fibroblasts","Lum","Itgb1","age30m-age3m",1,-0.00103248272137808,"Fibroblasts"
"Myocytes","Myocytes","Lum","Itgb1","age30m-age3m",1,-0.00103248272137808,"Fibroblasts"
"Fibroblasts","Fibroblasts","Col5a2","Ddr2","age30m-age3m",1,-0.0010330815881056,"Fibroblasts"
"Fibroblasts","Leukocytes","Col5a2","Sdc1","age30m-age3m",1,-0.0010330815881056,"Fibroblasts"
"Fibroblasts","EndothelialCells","Col5a2","Cd93","age30m-age3m",1,-0.0010330815881056,"Fibroblasts"
"Fibroblasts","Leukocytes","Col5a2","Lair1","age30m-age3m",1,-0.0010330815881056,"Fibroblasts"
"Fibroblasts","Leukocytes","Col5a2","Cd93","age30m-age3m",1,-0.0010330815881056,"Fibroblasts"
"Fibroblasts","EndothelialCells","Col5a2","Itga1","age30m-age3m",1,-0.0010330815881056,"Fibroblasts"
"Fibroblasts","Fibroblasts","Col5a2","Ddr1","age30m-age3m",1,-0.0010330815881056,"Fibroblasts"
"Fibroblasts","Fibroblasts","Col5a2","Itga11","age30m-age3m",1,-0.0010330815881056,"Fibroblasts"
"Fibroblasts","EndothelialCells","Col5a2","Itgb1","age30m-age3m",1,-0.0010330815881056,"Fibroblasts"
"Fibroblasts","Fibroblasts","Col5a2","Itga1","age30m-age3m",1,-0.0010330815881056,"Fibroblasts"
"Fibroblasts","Fibroblasts","Col5a2","Sdc1","age30m-age3m",1,-0.0010330815881056,"Fibroblasts"
"Fibroblasts","Fibroblasts","Col5a2","Cd93","age30m-age3m",1,-0.0010330815881056,"Fibroblasts"
"Fibroblasts","Leukocytes","Col5a2","Itgb1","age30m-age3m",1,-0.0010330815881056,"Fibroblasts"
"Fibroblasts","Myocytes","Col5a2","Cd93","age30m-age3m",1,-0.0010330815881056,"Fibroblasts"
"Fibroblasts","Fibroblasts","Col5a2","Itgb1","age30m-age3m",1,-0.0010330815881056,"Fibroblasts"
"Leukocytes","Fibroblasts","Col5a2","Ddr2","age30m-age3m",1,-0.0010330815881056,"Fibroblasts"
"Leukocytes","Leukocytes","Col5a2","Sdc1","age30m-age3m",1,-0.0010330815881056,"Fibroblasts"
"Leukocytes","EndothelialCells","Col5a2","Cd93","age30m-age3m",1,-0.0010330815881056,"Fibroblasts"
"Leukocytes","Leukocytes","Col5a2","Lair1","age30m-age3m",1,-0.0010330815881056,"Fibroblasts"
"Fibroblasts","Myocytes","Col5a2","Itgb1","age30m-age3m",1,-0.0010330815881056,"Fibroblasts"
"Leukocytes","Leukocytes","Col5a2","Cd93","age30m-age3m",1,-0.0010330815881056,"Fibroblasts"
"Leukocytes","EndothelialCells","Col5a2","Itga1","age30m-age3m",1,-0.0010330815881056,"Fibroblasts"
"Leukocytes","Fibroblasts","Col5a2","Ddr1","age30m-age3m",1,-0.0010330815881056,"Fibroblasts"
"Leukocytes","Fibroblasts","Col5a2","Itga11","age30m-age3m",1,-0.0010330815881056,"Fibroblasts"
"Leukocytes","EndothelialCells","Col5a2","Itgb1","age30m-age3m",1,-0.0010330815881056,"Fibroblasts"
"Leukocytes","Fibroblasts","Col5a2","Itga1","age30m-age3m",1,-0.0010330815881056,"Fibroblasts"
"Leukocytes","Fibroblasts","Col5a2","Sdc1","age30m-age3m",1,-0.0010330815881056,"Fibroblasts"
"Fibroblasts","Myocytes","Col5a2","Ddr1","age30m-age3m",1,-0.0010330815881056,"Fibroblasts"
"Leukocytes","Fibroblasts","Col5a2","Cd93","age30m-age3m",1,-0.0010330815881056,"Fibroblasts"
"Leukocytes","Leukocytes","Col5a2","Itgb1","age30m-age3m",1,-0.0010330815881056,"Fibroblasts"
"Leukocytes","Myocytes","Col5a2","Cd93","age30m-age3m",1,-0.0010330815881056,"Fibroblasts"
"Leukocytes","Fibroblasts","Col5a2","Itgb1","age30m-age3m",1,-0.0010330815881056,"Fibroblasts"
"Leukocytes","Myocytes","Col5a2","Itgb1","age30m-age3m",1,-0.0010330815881056,"Fibroblasts"
"EndothelialCells","EndothelialCells","Entpd1","Adora2a","age30m-age3m",1,-0.00103371217755745,"EndothelialCells"
"EndothelialCells","Leukocytes","Entpd1","Adora2b","age30m-age3m",1,-0.00103371217755745,"EndothelialCells"
"Leukocytes","EndothelialCells","Entpd1","Adora2a","age30m-age3m",1,-0.00103371217755745,"EndothelialCells"
"Leukocytes","Leukocytes","Entpd1","Adora2b","age30m-age3m",1,-0.00103371217755745,"EndothelialCells"
"Fibroblasts","EndothelialCells","Entpd1","Adora2a","age30m-age3m",1,-0.00103371217755745,"EndothelialCells"
"Fibroblasts","Leukocytes","Entpd1","Adora2b","age30m-age3m",1,-0.00103371217755745,"EndothelialCells"
"EndothelialCells","Fibroblasts","Entpd1","Adora2b","age30m-age3m",1,-0.00103371217755745,"EndothelialCells"
"Leukocytes","Fibroblasts","Entpd1","Adora2b","age30m-age3m",1,-0.00103371217755745,"EndothelialCells"
"Fibroblasts","Fibroblasts","Entpd1","Adora2b","age30m-age3m",1,-0.00103371217755745,"EndothelialCells"
"EndothelialCells","Leukocytes","Entpd1","Adora2a","age30m-age3m",1,-0.00103371217755745,"EndothelialCells"
"EndothelialCells","Myocytes","Entpd1","Adora2a","age30m-age3m",1,-0.00103371217755745,"EndothelialCells"
"Leukocytes","Leukocytes","Entpd1","Adora2a","age30m-age3m",1,-0.00103371217755745,"EndothelialCells"
"Leukocytes","Myocytes","Entpd1","Adora2a","age30m-age3m",1,-0.00103371217755745,"EndothelialCells"
"Fibroblasts","Leukocytes","Entpd1","Adora2a","age30m-age3m",1,-0.00103371217755745,"EndothelialCells"
"Fibroblasts","Myocytes","Entpd1","Adora2a","age30m-age3m",1,-0.00103371217755745,"EndothelialCells"
"Myocytes","Fibroblasts","Gnas","Ptgir","age30m-age3m",1,-0.00104370171043681,"Fibroblasts"
"Myocytes","Fibroblasts","Gnas","Adcy6","age30m-age3m",1,-0.00104370171043681,"Fibroblasts"
"EndothelialCells","Fibroblasts","Gnas","Ptgir","age30m-age3m",1,-0.00104370171043681,"Fibroblasts"
"EndothelialCells","Fibroblasts","Gnas","Adcy6","age30m-age3m",1,-0.00104370171043681,"Fibroblasts"
"Myocytes","EndothelialCells","Gnas","Adcy6","age30m-age3m",1,-0.00104370171043681,"Fibroblasts"
"Myocytes","EndothelialCells","Gnas","Adrb2","age30m-age3m",1,-0.00104370171043681,"Fibroblasts"
"Myocytes","Leukocytes","Gnas","Adrb2","age30m-age3m",1,-0.00104370171043681,"Fibroblasts"
"Myocytes","Fibroblasts","Gnas","Adrb3","age30m-age3m",1,-0.00104370171043681,"Fibroblasts"
"Myocytes","Fibroblasts","Gnas","Adcy9","age30m-age3m",1,-0.00104370171043681,"Fibroblasts"
"Myocytes","Leukocytes","Gnas","Adcy9","age30m-age3m",1,-0.00104370171043681,"Fibroblasts"
"Fibroblasts","Fibroblasts","Gnas","Ptgir","age30m-age3m",1,-0.00104370171043681,"Fibroblasts"
"Fibroblasts","Fibroblasts","Gnas","Adcy6","age30m-age3m",1,-0.00104370171043681,"Fibroblasts"
"Myocytes","EndothelialCells","Gnas","Adcy9","age30m-age3m",1,-0.00104370171043681,"Fibroblasts"
"EndothelialCells","EndothelialCells","Gnas","Adcy6","age30m-age3m",1,-0.00104370171043681,"Fibroblasts"
"EndothelialCells","EndothelialCells","Gnas","Adrb2","age30m-age3m",1,-0.00104370171043681,"Fibroblasts"
"EndothelialCells","Leukocytes","Gnas","Adrb2","age30m-age3m",1,-0.00104370171043681,"Fibroblasts"
"EndothelialCells","Fibroblasts","Gnas","Adrb3","age30m-age3m",1,-0.00104370171043681,"Fibroblasts"
"EndothelialCells","Fibroblasts","Gnas","Adcy9","age30m-age3m",1,-0.00104370171043681,"Fibroblasts"
"EndothelialCells","Leukocytes","Gnas","Adcy9","age30m-age3m",1,-0.00104370171043681,"Fibroblasts"
"Myocytes","Myocytes","Gnas","Adcy5","age30m-age3m",1,-0.00104370171043681,"Fibroblasts"
"EndothelialCells","EndothelialCells","Gnas","Adcy9","age30m-age3m",1,-0.00104370171043681,"Fibroblasts"
"Leukocytes","Fibroblasts","Gnas","Ptgir","age30m-age3m",1,-0.00104370171043681,"Fibroblasts"
"Fibroblasts","EndothelialCells","Gnas","Adcy6","age30m-age3m",1,-0.00104370171043681,"Fibroblasts"
"Myocytes","Myocytes","Gnas","Adcy1","age30m-age3m",1,-0.00104370171043681,"Fibroblasts"
"Leukocytes","Fibroblasts","Gnas","Adcy6","age30m-age3m",1,-0.00104370171043681,"Fibroblasts"
"Fibroblasts","EndothelialCells","Gnas","Adrb2","age30m-age3m",1,-0.00104370171043681,"Fibroblasts"
"Fibroblasts","Leukocytes","Gnas","Adrb2","age30m-age3m",1,-0.00104370171043681,"Fibroblasts"
"Fibroblasts","Fibroblasts","Gnas","Adrb3","age30m-age3m",1,-0.00104370171043681,"Fibroblasts"
"Fibroblasts","Fibroblasts","Gnas","Adcy9","age30m-age3m",1,-0.00104370171043681,"Fibroblasts"
"Fibroblasts","Leukocytes","Gnas","Adcy9","age30m-age3m",1,-0.00104370171043681,"Fibroblasts"
"Fibroblasts","EndothelialCells","Gnas","Adcy9","age30m-age3m",1,-0.00104370171043681,"Fibroblasts"
"EndothelialCells","Myocytes","Gnas","Adcy5","age30m-age3m",1,-0.00104370171043681,"Fibroblasts"
"EndothelialCells","Myocytes","Gnas","Adcy1","age30m-age3m",1,-0.00104370171043681,"Fibroblasts"
"Leukocytes","EndothelialCells","Gnas","Adcy6","age30m-age3m",1,-0.00104370171043681,"Fibroblasts"
"Leukocytes","EndothelialCells","Gnas","Adrb2","age30m-age3m",1,-0.00104370171043681,"Fibroblasts"
"Myocytes","Fibroblasts","Gnas","Adrb2","age30m-age3m",1,-0.00104370171043681,"Fibroblasts"
"Leukocytes","Leukocytes","Gnas","Adrb2","age30m-age3m",1,-0.00104370171043681,"Fibroblasts"
"Leukocytes","Fibroblasts","Gnas","Adrb3","age30m-age3m",1,-0.00104370171043681,"Fibroblasts"
"Leukocytes","Fibroblasts","Gnas","Adcy9","age30m-age3m",1,-0.00104370171043681,"Fibroblasts"
"Fibroblasts","Myocytes","Gnas","Adcy5","age30m-age3m",1,-0.00104370171043681,"Fibroblasts"
"Leukocytes","Leukocytes","Gnas","Adcy9","age30m-age3m",1,-0.00104370171043681,"Fibroblasts"
"Fibroblasts","Myocytes","Gnas","Adcy1","age30m-age3m",1,-0.00104370171043681,"Fibroblasts"
"Leukocytes","EndothelialCells","Gnas","Adcy9","age30m-age3m",1,-0.00104370171043681,"Fibroblasts"
"Myocytes","Myocytes","Gnas","Adcy6","age30m-age3m",1,-0.00104370171043681,"Fibroblasts"
"EndothelialCells","Fibroblasts","Gnas","Adrb2","age30m-age3m",1,-0.00104370171043681,"Fibroblasts"
"Leukocytes","Myocytes","Gnas","Adcy5","age30m-age3m",1,-0.00104370171043681,"Fibroblasts"
"Leukocytes","Myocytes","Gnas","Adcy1","age30m-age3m",1,-0.00104370171043681,"Fibroblasts"
"Fibroblasts","Fibroblasts","Gnas","Adrb2","age30m-age3m",1,-0.00104370171043681,"Fibroblasts"
"EndothelialCells","Myocytes","Gnas","Adcy6","age30m-age3m",1,-0.00104370171043681,"Fibroblasts"
"Fibroblasts","Myocytes","Gnas","Adcy6","age30m-age3m",1,-0.00104370171043681,"Fibroblasts"
"Leukocytes","Fibroblasts","Gnas","Adrb2","age30m-age3m",1,-0.00104370171043681,"Fibroblasts"
"Leukocytes","Myocytes","Gnas","Adcy6","age30m-age3m",1,-0.00104370171043681,"Fibroblasts"
"EndothelialCells","Leukocytes","Timp3","Adam17","age30m-age3m",1,-0.00104375130194116,"Fibroblasts"
"EndothelialCells","EndothelialCells","Timp3","Kdr","age30m-age3m",1,-0.00104375130194116,"Fibroblasts"
"EndothelialCells","Fibroblasts","Timp3","Mmp2","age30m-age3m",1,-0.00104375130194116,"Fibroblasts"
"EndothelialCells","Fibroblasts","Timp3","Mmp14","age30m-age3m",1,-0.00104375130194116,"Fibroblasts"
"EndothelialCells","Leukocytes","Timp3","Kdr","age30m-age3m",1,-0.00104375130194116,"Fibroblasts"
"Fibroblasts","Leukocytes","Timp3","Adam17","age30m-age3m",1,-0.00104375130194116,"Fibroblasts"
"EndothelialCells","Leukocytes","Timp3","Mmp14","age30m-age3m",1,-0.00104375130194116,"Fibroblasts"
"Fibroblasts","EndothelialCells","Timp3","Kdr","age30m-age3m",1,-0.00104375130194116,"Fibroblasts"
"EndothelialCells","Fibroblasts","Timp3","Adam17","age30m-age3m",1,-0.00104375130194116,"Fibroblasts"
"Leukocytes","Leukocytes","Timp3","Adam17","age30m-age3m",1,-0.00104375130194116,"Fibroblasts"
"Fibroblasts","Fibroblasts","Timp3","Mmp2","age30m-age3m",1,-0.00104375130194116,"Fibroblasts"
"Leukocytes","EndothelialCells","Timp3","Kdr","age30m-age3m",1,-0.00104375130194116,"Fibroblasts"
"Fibroblasts","Fibroblasts","Timp3","Mmp14","age30m-age3m",1,-0.00104375130194116,"Fibroblasts"
"EndothelialCells","Fibroblasts","Timp3","Ddr1","age30m-age3m",1,-0.00104375130194116,"Fibroblasts"
"Leukocytes","Fibroblasts","Timp3","Mmp2","age30m-age3m",1,-0.00104375130194116,"Fibroblasts"
"EndothelialCells","EndothelialCells","Timp3","Adam17","age30m-age3m",1,-0.00104375130194116,"Fibroblasts"
"EndothelialCells","Fibroblasts","Timp3","Kdr","age30m-age3m",1,-0.00104375130194116,"Fibroblasts"
"Fibroblasts","Leukocytes","Timp3","Kdr","age30m-age3m",1,-0.00104375130194116,"Fibroblasts"
"Leukocytes","Fibroblasts","Timp3","Mmp14","age30m-age3m",1,-0.00104375130194116,"Fibroblasts"
"EndothelialCells","Leukocytes","Timp3","Mmp9","age30m-age3m",1,-0.00104375130194116,"Fibroblasts"
"EndothelialCells","Leukocytes","Timp3","Cd44","age30m-age3m",1,-0.00104375130194116,"Fibroblasts"
"EndothelialCells","EndothelialCells","Timp3","Mmp2","age30m-age3m",1,-0.00104375130194116,"Fibroblasts"
"Fibroblasts","Leukocytes","Timp3","Mmp14","age30m-age3m",1,-0.00104375130194116,"Fibroblasts"
"Leukocytes","Leukocytes","Timp3","Kdr","age30m-age3m",1,-0.00104375130194116,"Fibroblasts"
"Fibroblasts","Fibroblasts","Timp3","Adam17","age30m-age3m",1,-0.00104375130194116,"Fibroblasts"
"Leukocytes","Leukocytes","Timp3","Mmp14","age30m-age3m",1,-0.00104375130194116,"Fibroblasts"
"EndothelialCells","Leukocytes","Timp3","Mmp2","age30m-age3m",1,-0.00104375130194116,"Fibroblasts"
"Fibroblasts","Fibroblasts","Timp3","Ddr1","age30m-age3m",1,-0.00104375130194116,"Fibroblasts"
"Leukocytes","Fibroblasts","Timp3","Adam17","age30m-age3m",1,-0.00104375130194116,"Fibroblasts"
"EndothelialCells","Fibroblasts","Timp3","Cd44","age30m-age3m",1,-0.00104375130194116,"Fibroblasts"
"Fibroblasts","EndothelialCells","Timp3","Adam17","age30m-age3m",1,-0.00104375130194116,"Fibroblasts"
"Fibroblasts","Fibroblasts","Timp3","Kdr","age30m-age3m",1,-0.00104375130194116,"Fibroblasts"
"Leukocytes","Fibroblasts","Timp3","Ddr1","age30m-age3m",1,-0.00104375130194116,"Fibroblasts"
"Fibroblasts","Leukocytes","Timp3","Mmp9","age30m-age3m",1,-0.00104375130194116,"Fibroblasts"
"Fibroblasts","Leukocytes","Timp3","Cd44","age30m-age3m",1,-0.00104375130194116,"Fibroblasts"
"Fibroblasts","EndothelialCells","Timp3","Mmp2","age30m-age3m",1,-0.00104375130194116,"Fibroblasts"
"Leukocytes","EndothelialCells","Timp3","Adam17","age30m-age3m",1,-0.00104375130194116,"Fibroblasts"
"Leukocytes","Fibroblasts","Timp3","Kdr","age30m-age3m",1,-0.00104375130194116,"Fibroblasts"
"Leukocytes","Leukocytes","Timp3","Mmp9","age30m-age3m",1,-0.00104375130194116,"Fibroblasts"
"Leukocytes","Leukocytes","Timp3","Cd44","age30m-age3m",1,-0.00104375130194116,"Fibroblasts"
"Leukocytes","EndothelialCells","Timp3","Mmp2","age30m-age3m",1,-0.00104375130194116,"Fibroblasts"
"Fibroblasts","Leukocytes","Timp3","Mmp2","age30m-age3m",1,-0.00104375130194116,"Fibroblasts"
"Myocytes","Leukocytes","Timp3","Adam17","age30m-age3m",1,-0.00104375130194116,"Fibroblasts"
"Fibroblasts","Fibroblasts","Timp3","Cd44","age30m-age3m",1,-0.00104375130194116,"Fibroblasts"
"Myocytes","EndothelialCells","Timp3","Kdr","age30m-age3m",1,-0.00104375130194116,"Fibroblasts"
"Leukocytes","Leukocytes","Timp3","Mmp2","age30m-age3m",1,-0.00104375130194116,"Fibroblasts"
"Myocytes","Fibroblasts","Timp3","Mmp2","age30m-age3m",1,-0.00104375130194116,"Fibroblasts"
"Leukocytes","Fibroblasts","Timp3","Cd44","age30m-age3m",1,-0.00104375130194116,"Fibroblasts"
"Myocytes","Fibroblasts","Timp3","Mmp14","age30m-age3m",1,-0.00104375130194116,"Fibroblasts"
"Myocytes","Leukocytes","Timp3","Kdr","age30m-age3m",1,-0.00104375130194116,"Fibroblasts"
"Myocytes","Leukocytes","Timp3","Mmp14","age30m-age3m",1,-0.00104375130194116,"Fibroblasts"
"EndothelialCells","Myocytes","Timp3","Mmp2","age30m-age3m",1,-0.00104375130194116,"Fibroblasts"
"Myocytes","Fibroblasts","Timp3","Adam17","age30m-age3m",1,-0.00104375130194116,"Fibroblasts"
"EndothelialCells","Myocytes","Timp3","Cd44","age30m-age3m",1,-0.00104375130194116,"Fibroblasts"
"Myocytes","Fibroblasts","Timp3","Ddr1","age30m-age3m",1,-0.00104375130194116,"Fibroblasts"
"Myocytes","EndothelialCells","Timp3","Adam17","age30m-age3m",1,-0.00104375130194116,"Fibroblasts"
"Myocytes","Fibroblasts","Timp3","Kdr","age30m-age3m",1,-0.00104375130194116,"Fibroblasts"
"EndothelialCells","Fibroblasts","Timp3","Mmp9","age30m-age3m",1,-0.00104375130194116,"Fibroblasts"
"Myocytes","Leukocytes","Timp3","Mmp9","age30m-age3m",1,-0.00104375130194116,"Fibroblasts"
"Myocytes","Leukocytes","Timp3","Cd44","age30m-age3m",1,-0.00104375130194116,"Fibroblasts"
"Myocytes","EndothelialCells","Timp3","Mmp2","age30m-age3m",1,-0.00104375130194116,"Fibroblasts"
"Fibroblasts","Myocytes","Timp3","Mmp2","age30m-age3m",1,-0.00104375130194116,"Fibroblasts"
"Myocytes","Leukocytes","Timp3","Mmp2","age30m-age3m",1,-0.00104375130194116,"Fibroblasts"
"Fibroblasts","Myocytes","Timp3","Cd44","age30m-age3m",1,-0.00104375130194116,"Fibroblasts"
"Leukocytes","Myocytes","Timp3","Mmp2","age30m-age3m",1,-0.00104375130194116,"Fibroblasts"
"Myocytes","Fibroblasts","Timp3","Cd44","age30m-age3m",1,-0.00104375130194116,"Fibroblasts"
"Fibroblasts","Fibroblasts","Timp3","Mmp9","age30m-age3m",1,-0.00104375130194116,"Fibroblasts"
"Leukocytes","Myocytes","Timp3","Cd44","age30m-age3m",1,-0.00104375130194116,"Fibroblasts"
"EndothelialCells","EndothelialCells","Timp3","Cd44","age30m-age3m",1,-0.00104375130194116,"Fibroblasts"
"EndothelialCells","Myocytes","Timp3","Ddr1","age30m-age3m",1,-0.00104375130194116,"Fibroblasts"
"Leukocytes","Fibroblasts","Timp3","Mmp9","age30m-age3m",1,-0.00104375130194116,"Fibroblasts"
"Fibroblasts","EndothelialCells","Timp3","Cd44","age30m-age3m",1,-0.00104375130194116,"Fibroblasts"
"Fibroblasts","Myocytes","Timp3","Ddr1","age30m-age3m",1,-0.00104375130194116,"Fibroblasts"
"Leukocytes","EndothelialCells","Timp3","Cd44","age30m-age3m",1,-0.00104375130194116,"Fibroblasts"
"Leukocytes","Myocytes","Timp3","Ddr1","age30m-age3m",1,-0.00104375130194116,"Fibroblasts"
"Myocytes","Myocytes","Timp3","Mmp2","age30m-age3m",1,-0.00104375130194116,"Fibroblasts"
"Myocytes","Myocytes","Timp3","Cd44","age30m-age3m",1,-0.00104375130194116,"Fibroblasts"
"Myocytes","Fibroblasts","Timp3","Mmp9","age30m-age3m",1,-0.00104375130194116,"Fibroblasts"
"Myocytes","EndothelialCells","Timp3","Cd44","age30m-age3m",1,-0.00104375130194116,"Fibroblasts"
"Myocytes","Myocytes","Timp3","Ddr1","age30m-age3m",1,-0.00104375130194116,"Fibroblasts"
"EndothelialCells","Leukocytes","Slc6a8","Lifr","age30m-age3m",1,-0.00104498346453298,"Fibroblasts"
"Fibroblasts","Leukocytes","Slc6a8","Lifr","age30m-age3m",1,-0.00104498346453298,"Fibroblasts"
"Myocytes","Leukocytes","Slc6a8","Lifr","age30m-age3m",1,-0.00104498346453298,"Fibroblasts"
"EndothelialCells","Fibroblasts","Slc6a8","Lifr","age30m-age3m",1,-0.00104498346453298,"Fibroblasts"
"Fibroblasts","Fibroblasts","Slc6a8","Lifr","age30m-age3m",1,-0.00104498346453298,"Fibroblasts"
"EndothelialCells","EndothelialCells","Slc6a8","Lifr","age30m-age3m",1,-0.00104498346453298,"Fibroblasts"
"Fibroblasts","EndothelialCells","Slc6a8","Lifr","age30m-age3m",1,-0.00104498346453298,"Fibroblasts"
"Myocytes","Fibroblasts","Slc6a8","Lifr","age30m-age3m",1,-0.00104498346453298,"Fibroblasts"
"Myocytes","EndothelialCells","Slc6a8","Lifr","age30m-age3m",1,-0.00104498346453298,"Fibroblasts"
"EndothelialCells","Myocytes","Slc6a8","Lifr","age30m-age3m",1,-0.00104498346453298,"Fibroblasts"
"Fibroblasts","Myocytes","Slc6a8","Lifr","age30m-age3m",1,-0.00104498346453298,"Fibroblasts"
"Myocytes","Myocytes","Slc6a8","Lifr","age30m-age3m",1,-0.00104498346453298,"Fibroblasts"
"Fibroblasts","Fibroblasts","Col5a1","Ddr2","age30m-age3m",1,-0.0010458943954848,"Fibroblasts"
"Fibroblasts","Fibroblasts","Col5a1","Sdc3","age30m-age3m",1,-0.0010458943954848,"Fibroblasts"
"Fibroblasts","Leukocytes","Col5a1","Sdc1","age30m-age3m",1,-0.0010458943954848,"Fibroblasts"
"Fibroblasts","Leukocytes","Col5a1","Sdc3","age30m-age3m",1,-0.0010458943954848,"Fibroblasts"
"Fibroblasts","EndothelialCells","Col5a1","Cd93","age30m-age3m",1,-0.0010458943954848,"Fibroblasts"
"Fibroblasts","Leukocytes","Col5a1","Lair1","age30m-age3m",1,-0.0010458943954848,"Fibroblasts"
"Fibroblasts","EndothelialCells","Col5a1","Sdc3","age30m-age3m",1,-0.0010458943954848,"Fibroblasts"
"Fibroblasts","Fibroblasts","Col5a1","Ddr1","age30m-age3m",1,-0.0010458943954848,"Fibroblasts"
"Fibroblasts","Fibroblasts","Col5a1","Itga11","age30m-age3m",1,-0.0010458943954848,"Fibroblasts"
"Fibroblasts","Leukocytes","Col5a1","Cd93","age30m-age3m",1,-0.0010458943954848,"Fibroblasts"
"Fibroblasts","EndothelialCells","Col5a1","Itga1","age30m-age3m",1,-0.0010458943954848,"Fibroblasts"
"Fibroblasts","EndothelialCells","Col5a1","Itgb1","age30m-age3m",1,-0.0010458943954848,"Fibroblasts"
"Fibroblasts","Fibroblasts","Col5a1","Itga1","age30m-age3m",1,-0.0010458943954848,"Fibroblasts"
"Fibroblasts","Fibroblasts","Col5a1","Sdc1","age30m-age3m",1,-0.0010458943954848,"Fibroblasts"
"Fibroblasts","Fibroblasts","Col5a1","Cd93","age30m-age3m",1,-0.0010458943954848,"Fibroblasts"
"Fibroblasts","Myocytes","Col5a1","Cd93","age30m-age3m",1,-0.0010458943954848,"Fibroblasts"
"Fibroblasts","Leukocytes","Col5a1","Itgb1","age30m-age3m",1,-0.0010458943954848,"Fibroblasts"
"Fibroblasts","Fibroblasts","Col5a1","Itgb1","age30m-age3m",1,-0.0010458943954848,"Fibroblasts"
"Fibroblasts","Myocytes","Col5a1","Itgb1","age30m-age3m",1,-0.0010458943954848,"Fibroblasts"
"Fibroblasts","Myocytes","Col5a1","Ddr1","age30m-age3m",1,-0.0010458943954848,"Fibroblasts"
"Fibroblasts","Fibroblasts","Thbs1","Lrp1","age30m-age3m",1,-0.00105158682539684,"Fibroblasts"
"Fibroblasts","EndothelialCells","Thbs1","Cd36","age30m-age3m",1,-0.00105158682539684,"Fibroblasts"
"Fibroblasts","Leukocytes","Thbs1","Sdc1","age30m-age3m",1,-0.00105158682539684,"Fibroblasts"
"Fibroblasts","EndothelialCells","Thbs1","Lrp5","age30m-age3m",1,-0.00105158682539684,"Fibroblasts"
"Fibroblasts","Leukocytes","Thbs1","Lrp1","age30m-age3m",1,-0.00105158682539684,"Fibroblasts"
"Fibroblasts","Leukocytes","Thbs1","Cd47","age30m-age3m",1,-0.00105158682539684,"Fibroblasts"
"Fibroblasts","Leukocytes","Thbs1","Sdc4","age30m-age3m",1,-0.00105158682539684,"Fibroblasts"
"Fibroblasts","Fibroblasts","Thbs1","Lrp5","age30m-age3m",1,-0.00105158682539684,"Fibroblasts"
"Leukocytes","Fibroblasts","Thbs1","Lrp1","age30m-age3m",1,-0.00105158682539684,"Fibroblasts"
"Leukocytes","EndothelialCells","Thbs1","Cd36","age30m-age3m",1,-0.00105158682539684,"Fibroblasts"
"Fibroblasts","Leukocytes","Thbs1","Itgb3","age30m-age3m",1,-0.00105158682539684,"Fibroblasts"
"Fibroblasts","EndothelialCells","Thbs1","Itga6","age30m-age3m",1,-0.00105158682539684,"Fibroblasts"
"Leukocytes","Leukocytes","Thbs1","Sdc1","age30m-age3m",1,-0.00105158682539684,"Fibroblasts"
"Leukocytes","EndothelialCells","Thbs1","Lrp5","age30m-age3m",1,-0.00105158682539684,"Fibroblasts"
"Leukocytes","Leukocytes","Thbs1","Lrp1","age30m-age3m",1,-0.00105158682539684,"Fibroblasts"
"Fibroblasts","Leukocytes","Thbs1","Cd36","age30m-age3m",1,-0.00105158682539684,"Fibroblasts"
"Fibroblasts","EndothelialCells","Thbs1","Itgb1","age30m-age3m",1,-0.00105158682539684,"Fibroblasts"
"Fibroblasts","Fibroblasts","Thbs1","Cd47","age30m-age3m",1,-0.00105158682539684,"Fibroblasts"
"Leukocytes","Leukocytes","Thbs1","Cd47","age30m-age3m",1,-0.00105158682539684,"Fibroblasts"
"Fibroblasts","Leukocytes","Thbs1","Itga4","age30m-age3m",1,-0.00105158682539684,"Fibroblasts"
"Fibroblasts","EndothelialCells","Thbs1","Cd47","age30m-age3m",1,-0.00105158682539684,"Fibroblasts"
"Fibroblasts","Fibroblasts","Thbs1","Sdc1","age30m-age3m",1,-0.00105158682539684,"Fibroblasts"
"Leukocytes","Leukocytes","Thbs1","Sdc4","age30m-age3m",1,-0.00105158682539684,"Fibroblasts"
"Fibroblasts","Fibroblasts","Thbs1","Sdc4","age30m-age3m",1,-0.00105158682539684,"Fibroblasts"
"Fibroblasts","Fibroblasts","Thbs1","Itgb3","age30m-age3m",1,-0.00105158682539684,"Fibroblasts"
"Leukocytes","Fibroblasts","Thbs1","Lrp5","age30m-age3m",1,-0.00105158682539684,"Fibroblasts"
"Leukocytes","Leukocytes","Thbs1","Itgb3","age30m-age3m",1,-0.00105158682539684,"Fibroblasts"
"Leukocytes","EndothelialCells","Thbs1","Itga6","age30m-age3m",1,-0.00105158682539684,"Fibroblasts"
"Fibroblasts","Fibroblasts","Thbs1","Cd36","age30m-age3m",1,-0.00105158682539684,"Fibroblasts"
"Leukocytes","Leukocytes","Thbs1","Cd36","age30m-age3m",1,-0.00105158682539684,"Fibroblasts"
"Leukocytes","EndothelialCells","Thbs1","Itgb1","age30m-age3m",1,-0.00105158682539684,"Fibroblasts"
"Fibroblasts","Fibroblasts","Thbs1","Itga2b","age30m-age3m",1,-0.00105158682539684,"Fibroblasts"
"Leukocytes","Fibroblasts","Thbs1","Cd47","age30m-age3m",1,-0.00105158682539684,"Fibroblasts"
"Fibroblasts","Leukocytes","Thbs1","Itgb1","age30m-age3m",1,-0.00105158682539684,"Fibroblasts"
"Leukocytes","Leukocytes","Thbs1","Itga4","age30m-age3m",1,-0.00105158682539684,"Fibroblasts"
"Leukocytes","EndothelialCells","Thbs1","Cd47","age30m-age3m",1,-0.00105158682539684,"Fibroblasts"
"Leukocytes","Fibroblasts","Thbs1","Sdc1","age30m-age3m",1,-0.00105158682539684,"Fibroblasts"
"Leukocytes","Fibroblasts","Thbs1","Sdc4","age30m-age3m",1,-0.00105158682539684,"Fibroblasts"
"Leukocytes","Fibroblasts","Thbs1","Itgb3","age30m-age3m",1,-0.00105158682539684,"Fibroblasts"
"Fibroblasts","Myocytes","Thbs1","Cd36","age30m-age3m",1,-0.00105158682539684,"Fibroblasts"
"Fibroblasts","EndothelialCells","Thbs1","Sdc4","age30m-age3m",1,-0.00105158682539684,"Fibroblasts"
"Fibroblasts","Fibroblasts","Thbs1","Itgb1","age30m-age3m",1,-0.00105158682539684,"Fibroblasts"
"EndothelialCells","Leukocytes","Thbs1","Itgb3","age30m-age3m",1,-0.00105158682539684,"Fibroblasts"
"Leukocytes","Fibroblasts","Thbs1","Cd36","age30m-age3m",1,-0.00105158682539684,"Fibroblasts"
"EndothelialCells","Fibroblasts","Thbs1","Lrp1","age30m-age3m",1,-0.00105158682539684,"Fibroblasts"
"Fibroblasts","Myocytes","Thbs1","Cd47","age30m-age3m",1,-0.00105158682539684,"Fibroblasts"
"Leukocytes","Fibroblasts","Thbs1","Itga2b","age30m-age3m",1,-0.00105158682539684,"Fibroblasts"
"EndothelialCells","EndothelialCells","Thbs1","Cd36","age30m-age3m",1,-0.00105158682539684,"Fibroblasts"
"Leukocytes","Leukocytes","Thbs1","Itgb1","age30m-age3m",1,-0.00105158682539684,"Fibroblasts"
"EndothelialCells","Leukocytes","Thbs1","Sdc1","age30m-age3m",1,-0.00105158682539684,"Fibroblasts"
"EndothelialCells","EndothelialCells","Thbs1","Lrp5","age30m-age3m",1,-0.00105158682539684,"Fibroblasts"
"Fibroblasts","Leukocytes","Thbs1","Lrp5","age30m-age3m",1,-0.00105158682539684,"Fibroblasts"
"Fibroblasts","EndothelialCells","Thbs1","Lrp1","age30m-age3m",1,-0.00105158682539684,"Fibroblasts"
"EndothelialCells","Leukocytes","Thbs1","Lrp1","age30m-age3m",1,-0.00105158682539684,"Fibroblasts"
"Leukocytes","Myocytes","Thbs1","Cd36","age30m-age3m",1,-0.00105158682539684,"Fibroblasts"
"Leukocytes","EndothelialCells","Thbs1","Sdc4","age30m-age3m",1,-0.00105158682539684,"Fibroblasts"
"Leukocytes","Fibroblasts","Thbs1","Itgb1","age30m-age3m",1,-0.00105158682539684,"Fibroblasts"
"EndothelialCells","Leukocytes","Thbs1","Cd47","age30m-age3m",1,-0.00105158682539684,"Fibroblasts"
"EndothelialCells","Leukocytes","Thbs1","Sdc4","age30m-age3m",1,-0.00105158682539684,"Fibroblasts"
"Fibroblasts","Myocytes","Thbs1","Lrp1","age30m-age3m",1,-0.00105158682539684,"Fibroblasts"
"EndothelialCells","Fibroblasts","Thbs1","Lrp5","age30m-age3m",1,-0.00105158682539684,"Fibroblasts"
"Fibroblasts","Myocytes","Thbs1","Itgb1","age30m-age3m",1,-0.00105158682539684,"Fibroblasts"
"Leukocytes","Myocytes","Thbs1","Cd47","age30m-age3m",1,-0.00105158682539684,"Fibroblasts"
"EndothelialCells","EndothelialCells","Thbs1","Itga6","age30m-age3m",1,-0.00105158682539684,"Fibroblasts"
"EndothelialCells","Fibroblasts","Thbs1","Itga2b","age30m-age3m",1,-0.00105158682539684,"Fibroblasts"
"Leukocytes","Leukocytes","Thbs1","Lrp5","age30m-age3m",1,-0.00105158682539684,"Fibroblasts"
"Leukocytes","EndothelialCells","Thbs1","Lrp1","age30m-age3m",1,-0.00105158682539684,"Fibroblasts"
"Fibroblasts","Myocytes","Thbs1","Itga6","age30m-age3m",1,-0.00105158682539684,"Fibroblasts"
"EndothelialCells","Leukocytes","Thbs1","Cd36","age30m-age3m",1,-0.00105158682539684,"Fibroblasts"
"EndothelialCells","EndothelialCells","Thbs1","Itgb1","age30m-age3m",1,-0.00105158682539684,"Fibroblasts"
"EndothelialCells","Fibroblasts","Thbs1","Cd47","age30m-age3m",1,-0.00105158682539684,"Fibroblasts"
"EndothelialCells","Leukocytes","Thbs1","Itga4","age30m-age3m",1,-0.00105158682539684,"Fibroblasts"
"EndothelialCells","EndothelialCells","Thbs1","Cd47","age30m-age3m",1,-0.00105158682539684,"Fibroblasts"
"EndothelialCells","Fibroblasts","Thbs1","Sdc1","age30m-age3m",1,-0.00105158682539684,"Fibroblasts"
"EndothelialCells","Fibroblasts","Thbs1","Sdc4","age30m-age3m",1,-0.00105158682539684,"Fibroblasts"
"Leukocytes","Myocytes","Thbs1","Lrp1","age30m-age3m",1,-0.00105158682539684,"Fibroblasts"
"Leukocytes","Myocytes","Thbs1","Itgb1","age30m-age3m",1,-0.00105158682539684,"Fibroblasts"
"Fibroblasts","Myocytes","Thbs1","Sdc4","age30m-age3m",1,-0.00105158682539684,"Fibroblasts"
"Leukocytes","Myocytes","Thbs1","Itga6","age30m-age3m",1,-0.00105158682539684,"Fibroblasts"
"EndothelialCells","Fibroblasts","Thbs1","Cd36","age30m-age3m",1,-0.00105158682539684,"Fibroblasts"
"EndothelialCells","EndothelialCells","Thbs1","Lrp1","age30m-age3m",1,-0.00105158682539684,"Fibroblasts"
"EndothelialCells","Leukocytes","Thbs1","Itgb1","age30m-age3m",1,-0.00105158682539684,"Fibroblasts"
"EndothelialCells","Myocytes","Thbs1","Cd36","age30m-age3m",1,-0.00105158682539684,"Fibroblasts"
"EndothelialCells","EndothelialCells","Thbs1","Sdc4","age30m-age3m",1,-0.00105158682539684,"Fibroblasts"
"EndothelialCells","Fibroblasts","Thbs1","Itgb1","age30m-age3m",1,-0.00105158682539684,"Fibroblasts"
"Leukocytes","Myocytes","Thbs1","Sdc4","age30m-age3m",1,-0.00105158682539684,"Fibroblasts"
"EndothelialCells","Myocytes","Thbs1","Cd47","age30m-age3m",1,-0.00105158682539684,"Fibroblasts"
"EndothelialCells","Myocytes","Thbs1","Itgb1","age30m-age3m",1,-0.00105158682539684,"Fibroblasts"
"Fibroblasts","EndothelialCells","Col16a1","Itga1","age30m-age3m",1,-0.0010524574165155,"Fibroblasts"
"Fibroblasts","Fibroblasts","Col16a1","Itga11","age30m-age3m",1,-0.0010524574165155,"Fibroblasts"
"Fibroblasts","EndothelialCells","Col16a1","Itgb1","age30m-age3m",1,-0.0010524574165155,"Fibroblasts"
"Fibroblasts","Fibroblasts","Col16a1","Itga1","age30m-age3m",1,-0.0010524574165155,"Fibroblasts"
"Fibroblasts","Leukocytes","Col16a1","Itgb1","age30m-age3m",1,-0.0010524574165155,"Fibroblasts"
"Fibroblasts","Fibroblasts","Col16a1","Itgb1","age30m-age3m",1,-0.0010524574165155,"Fibroblasts"
"Fibroblasts","Myocytes","Col16a1","Itgb1","age30m-age3m",1,-0.0010524574165155,"Fibroblasts"
"Leukocytes","Fibroblasts","Pros1","Axl","age30m-age3m",1,-0.00105311610667269,"Fibroblasts"
"EndothelialCells","Fibroblasts","Pros1","Axl","age30m-age3m",1,-0.00105311610667269,"Fibroblasts"
"Fibroblasts","Fibroblasts","Pros1","Axl","age30m-age3m",1,-0.00105311610667269,"Fibroblasts"
"Leukocytes","Leukocytes","Pros1","Axl","age30m-age3m",1,-0.00105311610667269,"Fibroblasts"
"EndothelialCells","Leukocytes","Pros1","Axl","age30m-age3m",1,-0.00105311610667269,"Fibroblasts"
"Leukocytes","Leukocytes","Pros1","F5","age30m-age3m",1,-0.00105311610667269,"Fibroblasts"
"Fibroblasts","Leukocytes","Pros1","Axl","age30m-age3m",1,-0.00105311610667269,"Fibroblasts"
"Leukocytes","EndothelialCells","Pros1","Axl","age30m-age3m",1,-0.00105311610667269,"Fibroblasts"
"EndothelialCells","Leukocytes","Pros1","F5","age30m-age3m",1,-0.00105311610667269,"Fibroblasts"
"Leukocytes","Leukocytes","Pros1","Mertk","age30m-age3m",1,-0.00105311610667269,"Fibroblasts"
"Leukocytes","Fibroblasts","Pros1","Tyro3","age30m-age3m",1,-0.00105311610667269,"Fibroblasts"
"EndothelialCells","EndothelialCells","Pros1","Axl","age30m-age3m",1,-0.00105311610667269,"Fibroblasts"
"Fibroblasts","Leukocytes","Pros1","F5","age30m-age3m",1,-0.00105311610667269,"Fibroblasts"
"Fibroblasts","EndothelialCells","Pros1","Axl","age30m-age3m",1,-0.00105311610667269,"Fibroblasts"
"Leukocytes","Fibroblasts","Pros1","Mertk","age30m-age3m",1,-0.00105311610667269,"Fibroblasts"
"Leukocytes","EndothelialCells","Pros1","Mertk","age30m-age3m",1,-0.00105311610667269,"Fibroblasts"
"EndothelialCells","Leukocytes","Pros1","Mertk","age30m-age3m",1,-0.00105311610667269,"Fibroblasts"
"EndothelialCells","Fibroblasts","Pros1","Tyro3","age30m-age3m",1,-0.00105311610667269,"Fibroblasts"
"Fibroblasts","Leukocytes","Pros1","Mertk","age30m-age3m",1,-0.00105311610667269,"Fibroblasts"
"Fibroblasts","Fibroblasts","Pros1","Tyro3","age30m-age3m",1,-0.00105311610667269,"Fibroblasts"
"EndothelialCells","Fibroblasts","Pros1","Mertk","age30m-age3m",1,-0.00105311610667269,"Fibroblasts"
"EndothelialCells","EndothelialCells","Pros1","Mertk","age30m-age3m",1,-0.00105311610667269,"Fibroblasts"
"Fibroblasts","Fibroblasts","Pros1","Mertk","age30m-age3m",1,-0.00105311610667269,"Fibroblasts"
"Fibroblasts","EndothelialCells","Pros1","Mertk","age30m-age3m",1,-0.00105311610667269,"Fibroblasts"
"Leukocytes","Leukocytes","Lgals3bp","Cd33","age30m-age3m",1,-0.001053622845072,"Fibroblasts"
"Fibroblasts","Leukocytes","Lgals3bp","Cd33","age30m-age3m",1,-0.001053622845072,"Fibroblasts"
"EndothelialCells","Leukocytes","Lgals3bp","Cd33","age30m-age3m",1,-0.001053622845072,"Fibroblasts"
"Leukocytes","EndothelialCells","Lgals3bp","Itgb1","age30m-age3m",1,-0.001053622845072,"Fibroblasts"
"Fibroblasts","EndothelialCells","Lgals3bp","Itgb1","age30m-age3m",1,-0.001053622845072,"Fibroblasts"
"EndothelialCells","EndothelialCells","Lgals3bp","Itgb1","age30m-age3m",1,-0.001053622845072,"Fibroblasts"
"Leukocytes","Leukocytes","Lgals3bp","Itgb1","age30m-age3m",1,-0.001053622845072,"Fibroblasts"
"Fibroblasts","Leukocytes","Lgals3bp","Itgb1","age30m-age3m",1,-0.001053622845072,"Fibroblasts"
"EndothelialCells","Leukocytes","Lgals3bp","Itgb1","age30m-age3m",1,-0.001053622845072,"Fibroblasts"
"Leukocytes","Fibroblasts","Lgals3bp","Itgb1","age30m-age3m",1,-0.001053622845072,"Fibroblasts"
"Fibroblasts","Fibroblasts","Lgals3bp","Itgb1","age30m-age3m",1,-0.001053622845072,"Fibroblasts"
"EndothelialCells","Fibroblasts","Lgals3bp","Itgb1","age30m-age3m",1,-0.001053622845072,"Fibroblasts"
"Leukocytes","Myocytes","Lgals3bp","Itgb1","age30m-age3m",1,-0.001053622845072,"Fibroblasts"
"Fibroblasts","Myocytes","Lgals3bp","Itgb1","age30m-age3m",1,-0.001053622845072,"Fibroblasts"
"EndothelialCells","Myocytes","Lgals3bp","Itgb1","age30m-age3m",1,-0.001053622845072,"Fibroblasts"
"Fibroblasts","EndothelialCells","Spon1","App","age30m-age3m",1,-0.00105397793111556,"Fibroblasts"
"Fibroblasts","Leukocytes","Spon1","App","age30m-age3m",1,-0.00105397793111556,"Fibroblasts"
"Fibroblasts","Fibroblasts","Spon1","App","age30m-age3m",1,-0.00105397793111556,"Fibroblasts"
"Fibroblasts","Leukocytes","Spon1","Lrp8","age30m-age3m",1,-0.00105397793111556,"Fibroblasts"
"Fibroblasts","Myocytes","Spon1","App","age30m-age3m",1,-0.00105397793111556,"Fibroblasts"
"Fibroblasts","Myocytes","Lamb2","Rpsa","age30m-age3m",1,-0.00105606192525959,"Fibroblasts"
"EndothelialCells","Myocytes","Lamb2","Rpsa","age30m-age3m",1,-0.00105606192525959,"Fibroblasts"
"Fibroblasts","EndothelialCells","Lamb2","Itga6","age30m-age3m",1,-0.00105606192525959,"Fibroblasts"
"Fibroblasts","EndothelialCells","Lamb2","Itgb1","age30m-age3m",1,-0.00105606192525959,"Fibroblasts"
"EndothelialCells","EndothelialCells","Lamb2","Itga6","age30m-age3m",1,-0.00105606192525959,"Fibroblasts"
"EndothelialCells","EndothelialCells","Lamb2","Itgb1","age30m-age3m",1,-0.00105606192525959,"Fibroblasts"
"Leukocytes","Myocytes","Lamb2","Rpsa","age30m-age3m",1,-0.00105606192525959,"Fibroblasts"
"Fibroblasts","Fibroblasts","Lamb2","Rpsa","age30m-age3m",1,-0.00105606192525959,"Fibroblasts"
"Fibroblasts","Leukocytes","Lamb2","Itgb1","age30m-age3m",1,-0.00105606192525959,"Fibroblasts"
"EndothelialCells","Fibroblasts","Lamb2","Rpsa","age30m-age3m",1,-0.00105606192525959,"Fibroblasts"
"Fibroblasts","Leukocytes","Lamb2","Itgb4","age30m-age3m",1,-0.00105606192525959,"Fibroblasts"
"EndothelialCells","Leukocytes","Lamb2","Itgb1","age30m-age3m",1,-0.00105606192525959,"Fibroblasts"
"Fibroblasts","Fibroblasts","Lamb2","Itgb1","age30m-age3m",1,-0.00105606192525959,"Fibroblasts"
"Fibroblasts","Leukocytes","Lamb2","Rpsa","age30m-age3m",1,-0.00105606192525959,"Fibroblasts"
"Leukocytes","EndothelialCells","Lamb2","Itga6","age30m-age3m",1,-0.00105606192525959,"Fibroblasts"
"EndothelialCells","Leukocytes","Lamb2","Itgb4","age30m-age3m",1,-0.00105606192525959,"Fibroblasts"
"Leukocytes","EndothelialCells","Lamb2","Itgb1","age30m-age3m",1,-0.00105606192525959,"Fibroblasts"
"EndothelialCells","Fibroblasts","Lamb2","Itgb1","age30m-age3m",1,-0.00105606192525959,"Fibroblasts"
"EndothelialCells","Leukocytes","Lamb2","Rpsa","age30m-age3m",1,-0.00105606192525959,"Fibroblasts"
"Fibroblasts","Myocytes","Lamb2","Itgb1","age30m-age3m",1,-0.00105606192525959,"Fibroblasts"
"Fibroblasts","EndothelialCells","Lamb2","Rpsa","age30m-age3m",1,-0.00105606192525959,"Fibroblasts"
"Leukocytes","Fibroblasts","Lamb2","Rpsa","age30m-age3m",1,-0.00105606192525959,"Fibroblasts"
"Fibroblasts","Myocytes","Lamb2","Itga6","age30m-age3m",1,-0.00105606192525959,"Fibroblasts"
"EndothelialCells","Myocytes","Lamb2","Itgb1","age30m-age3m",1,-0.00105606192525959,"Fibroblasts"
"EndothelialCells","EndothelialCells","Lamb2","Rpsa","age30m-age3m",1,-0.00105606192525959,"Fibroblasts"
"Leukocytes","Leukocytes","Lamb2","Itgb1","age30m-age3m",1,-0.00105606192525959,"Fibroblasts"
"Leukocytes","Leukocytes","Lamb2","Itgb4","age30m-age3m",1,-0.00105606192525959,"Fibroblasts"
"EndothelialCells","Myocytes","Lamb2","Itga6","age30m-age3m",1,-0.00105606192525959,"Fibroblasts"
"Leukocytes","Fibroblasts","Lamb2","Itgb1","age30m-age3m",1,-0.00105606192525959,"Fibroblasts"
"Leukocytes","Leukocytes","Lamb2","Rpsa","age30m-age3m",1,-0.00105606192525959,"Fibroblasts"
"Myocytes","Myocytes","Lamb2","Rpsa","age30m-age3m",1,-0.00105606192525959,"Fibroblasts"
"Leukocytes","Myocytes","Lamb2","Itgb1","age30m-age3m",1,-0.00105606192525959,"Fibroblasts"
"Leukocytes","EndothelialCells","Lamb2","Rpsa","age30m-age3m",1,-0.00105606192525959,"Fibroblasts"
"Myocytes","EndothelialCells","Lamb2","Itga6","age30m-age3m",1,-0.00105606192525959,"Fibroblasts"
"Leukocytes","Myocytes","Lamb2","Itga6","age30m-age3m",1,-0.00105606192525959,"Fibroblasts"
"Myocytes","EndothelialCells","Lamb2","Itgb1","age30m-age3m",1,-0.00105606192525959,"Fibroblasts"
"Myocytes","Fibroblasts","Lamb2","Rpsa","age30m-age3m",1,-0.00105606192525959,"Fibroblasts"
"Myocytes","Leukocytes","Lamb2","Itgb1","age30m-age3m",1,-0.00105606192525959,"Fibroblasts"
"Myocytes","Fibroblasts","Lamb2","Itgb1","age30m-age3m",1,-0.00105606192525959,"Fibroblasts"
"Myocytes","Leukocytes","Lamb2","Rpsa","age30m-age3m",1,-0.00105606192525959,"Fibroblasts"
"Myocytes","Myocytes","Lamb2","Itga6","age30m-age3m",1,-0.00105606192525959,"Fibroblasts"
"Myocytes","Myocytes","Lamb2","Itgb1","age30m-age3m",1,-0.00105606192525959,"Fibroblasts"
"Myocytes","EndothelialCells","Lamb2","Rpsa","age30m-age3m",1,-0.00105606192525959,"Fibroblasts"
"Fibroblasts","Fibroblasts","Sema5a","Plxna1","age30m-age3m",1,-0.0010621242966848,"Fibroblasts"
"Fibroblasts","Leukocytes","Sema5a","Plxna1","age30m-age3m",1,-0.0010621242966848,"Fibroblasts"
"Fibroblasts","EndothelialCells","Sema5a","Plxna2","age30m-age3m",1,-0.0010621242966848,"Fibroblasts"
"Fibroblasts","EndothelialCells","Sema5a","Plxna1","age30m-age3m",1,-0.0010621242966848,"Fibroblasts"
"Fibroblasts","Fibroblasts","Sema5a","Plxna2","age30m-age3m",1,-0.0010621242966848,"Fibroblasts"
"Fibroblasts","Fibroblasts","Sema5a","Plxna3","age30m-age3m",1,-0.0010621242966848,"Fibroblasts"
"Myocytes","Leukocytes","Tfpi","F10","age30m-age3m",1,-0.00106233747247147,"Fibroblasts"
"Fibroblasts","Leukocytes","Tfpi","F10","age30m-age3m",1,-0.00106233747247147,"Fibroblasts"
"Myocytes","Fibroblasts","Tfpi","Lrp1","age30m-age3m",1,-0.00106233747247147,"Fibroblasts"
"EndothelialCells","Leukocytes","Tfpi","F10","age30m-age3m",1,-0.00106233747247147,"Fibroblasts"
"Myocytes","Leukocytes","Tfpi","Lrp1","age30m-age3m",1,-0.00106233747247147,"Fibroblasts"
"Fibroblasts","Fibroblasts","Tfpi","Lrp1","age30m-age3m",1,-0.00106233747247147,"Fibroblasts"
"Myocytes","Leukocytes","Tfpi","Sdc4","age30m-age3m",1,-0.00106233747247147,"Fibroblasts"
"Fibroblasts","Leukocytes","Tfpi","Lrp1","age30m-age3m",1,-0.00106233747247147,"Fibroblasts"
"EndothelialCells","Fibroblasts","Tfpi","Lrp1","age30m-age3m",1,-0.00106233747247147,"Fibroblasts"
"Leukocytes","Leukocytes","Tfpi","F10","age30m-age3m",1,-0.00106233747247147,"Fibroblasts"
"EndothelialCells","Leukocytes","Tfpi","Lrp1","age30m-age3m",1,-0.00106233747247147,"Fibroblasts"
"Myocytes","Fibroblasts","Tfpi","Vldlr","age30m-age3m",1,-0.00106233747247147,"Fibroblasts"
"Fibroblasts","Leukocytes","Tfpi","Sdc4","age30m-age3m",1,-0.00106233747247147,"Fibroblasts"
"Myocytes","Fibroblasts","Tfpi","F3","age30m-age3m",1,-0.00106233747247147,"Fibroblasts"
"Leukocytes","Fibroblasts","Tfpi","Lrp1","age30m-age3m",1,-0.00106233747247147,"Fibroblasts"
"EndothelialCells","Leukocytes","Tfpi","Sdc4","age30m-age3m",1,-0.00106233747247147,"Fibroblasts"
"Fibroblasts","Fibroblasts","Tfpi","Vldlr","age30m-age3m",1,-0.00106233747247147,"Fibroblasts"
"Leukocytes","Leukocytes","Tfpi","Lrp1","age30m-age3m",1,-0.00106233747247147,"Fibroblasts"
"Myocytes","Fibroblasts","Tfpi","Sdc4","age30m-age3m",1,-0.00106233747247147,"Fibroblasts"
"Fibroblasts","Fibroblasts","Tfpi","F3","age30m-age3m",1,-0.00106233747247147,"Fibroblasts"
"EndothelialCells","Fibroblasts","Tfpi","Vldlr","age30m-age3m",1,-0.00106233747247147,"Fibroblasts"
"Leukocytes","Leukocytes","Tfpi","Sdc4","age30m-age3m",1,-0.00106233747247147,"Fibroblasts"
"EndothelialCells","Fibroblasts","Tfpi","F3","age30m-age3m",1,-0.00106233747247147,"Fibroblasts"
"Fibroblasts","Fibroblasts","Tfpi","Sdc4","age30m-age3m",1,-0.00106233747247147,"Fibroblasts"
"Leukocytes","Fibroblasts","Tfpi","Vldlr","age30m-age3m",1,-0.00106233747247147,"Fibroblasts"
"EndothelialCells","Fibroblasts","Tfpi","Sdc4","age30m-age3m",1,-0.00106233747247147,"Fibroblasts"
"Leukocytes","Fibroblasts","Tfpi","F3","age30m-age3m",1,-0.00106233747247147,"Fibroblasts"
"Myocytes","EndothelialCells","Tfpi","Sdc4","age30m-age3m",1,-0.00106233747247147,"Fibroblasts"
"Myocytes","Myocytes","Tfpi","F3","age30m-age3m",1,-0.00106233747247147,"Fibroblasts"
"Leukocytes","Fibroblasts","Tfpi","Sdc4","age30m-age3m",1,-0.00106233747247147,"Fibroblasts"
"Fibroblasts","EndothelialCells","Tfpi","Sdc4","age30m-age3m",1,-0.00106233747247147,"Fibroblasts"
"Fibroblasts","Myocytes","Tfpi","F3","age30m-age3m",1,-0.00106233747247147,"Fibroblasts"
"EndothelialCells","EndothelialCells","Tfpi","Sdc4","age30m-age3m",1,-0.00106233747247147,"Fibroblasts"
"Myocytes","EndothelialCells","Tfpi","Lrp1","age30m-age3m",1,-0.00106233747247147,"Fibroblasts"
"EndothelialCells","Myocytes","Tfpi","F3","age30m-age3m",1,-0.00106233747247147,"Fibroblasts"
"Myocytes","Myocytes","Tfpi","Lrp1","age30m-age3m",1,-0.00106233747247147,"Fibroblasts"
"Fibroblasts","EndothelialCells","Tfpi","Lrp1","age30m-age3m",1,-0.00106233747247147,"Fibroblasts"
"Myocytes","Myocytes","Tfpi","Vldlr","age30m-age3m",1,-0.00106233747247147,"Fibroblasts"
"Leukocytes","EndothelialCells","Tfpi","Sdc4","age30m-age3m",1,-0.00106233747247147,"Fibroblasts"
"Fibroblasts","Myocytes","Tfpi","Lrp1","age30m-age3m",1,-0.00106233747247147,"Fibroblasts"
"Leukocytes","Myocytes","Tfpi","F3","age30m-age3m",1,-0.00106233747247147,"Fibroblasts"
"EndothelialCells","EndothelialCells","Tfpi","Lrp1","age30m-age3m",1,-0.00106233747247147,"Fibroblasts"
"Fibroblasts","Myocytes","Tfpi","Vldlr","age30m-age3m",1,-0.00106233747247147,"Fibroblasts"
"EndothelialCells","Myocytes","Tfpi","Lrp1","age30m-age3m",1,-0.00106233747247147,"Fibroblasts"
"EndothelialCells","Myocytes","Tfpi","Vldlr","age30m-age3m",1,-0.00106233747247147,"Fibroblasts"
"Leukocytes","EndothelialCells","Tfpi","Lrp1","age30m-age3m",1,-0.00106233747247147,"Fibroblasts"
"Myocytes","Myocytes","Tfpi","Sdc4","age30m-age3m",1,-0.00106233747247147,"Fibroblasts"
"Leukocytes","Myocytes","Tfpi","Lrp1","age30m-age3m",1,-0.00106233747247147,"Fibroblasts"
"Leukocytes","Myocytes","Tfpi","Vldlr","age30m-age3m",1,-0.00106233747247147,"Fibroblasts"
"Fibroblasts","Myocytes","Tfpi","Sdc4","age30m-age3m",1,-0.00106233747247147,"Fibroblasts"
"EndothelialCells","Myocytes","Tfpi","Sdc4","age30m-age3m",1,-0.00106233747247147,"Fibroblasts"
"Leukocytes","Myocytes","Tfpi","Sdc4","age30m-age3m",1,-0.00106233747247147,"Fibroblasts"
"EndothelialCells","Fibroblasts","Nampt","Itga5","age30m-age3m",1,-0.00106846586943405,"Fibroblasts"
"Leukocytes","Fibroblasts","Nampt","Itga5","age30m-age3m",1,-0.00106846586943405,"Fibroblasts"
"EndothelialCells","Fibroblasts","Nampt","Insr","age30m-age3m",1,-0.00106846586943405,"Fibroblasts"
"Leukocytes","Fibroblasts","Nampt","Insr","age30m-age3m",1,-0.00106846586943405,"Fibroblasts"
"EndothelialCells","EndothelialCells","Nampt","Adora2a","age30m-age3m",1,-0.00106846586943405,"Fibroblasts"
"Leukocytes","EndothelialCells","Nampt","Adora2a","age30m-age3m",1,-0.00106846586943405,"Fibroblasts"
"EndothelialCells","Leukocytes","Nampt","Itga5","age30m-age3m",1,-0.00106846586943405,"Fibroblasts"
"EndothelialCells","Leukocytes","Nampt","Insr","age30m-age3m",1,-0.00106846586943405,"Fibroblasts"
"Leukocytes","Leukocytes","Nampt","Itga5","age30m-age3m",1,-0.00106846586943405,"Fibroblasts"
"Leukocytes","Leukocytes","Nampt","Insr","age30m-age3m",1,-0.00106846586943405,"Fibroblasts"
"EndothelialCells","EndothelialCells","Nampt","Itgb1","age30m-age3m",1,-0.00106846586943405,"Fibroblasts"
"Leukocytes","EndothelialCells","Nampt","Itgb1","age30m-age3m",1,-0.00106846586943405,"Fibroblasts"
"EndothelialCells","EndothelialCells","Nampt","Itga5","age30m-age3m",1,-0.00106846586943405,"Fibroblasts"
"EndothelialCells","EndothelialCells","Nampt","Insr","age30m-age3m",1,-0.00106846586943405,"Fibroblasts"
"Leukocytes","EndothelialCells","Nampt","Itga5","age30m-age3m",1,-0.00106846586943405,"Fibroblasts"
"Leukocytes","EndothelialCells","Nampt","Insr","age30m-age3m",1,-0.00106846586943405,"Fibroblasts"
"Fibroblasts","Fibroblasts","Nampt","Itga5","age30m-age3m",1,-0.00106846586943405,"Fibroblasts"
"Fibroblasts","Fibroblasts","Nampt","Insr","age30m-age3m",1,-0.00106846586943405,"Fibroblasts"
"EndothelialCells","Leukocytes","Nampt","Itgb1","age30m-age3m",1,-0.00106846586943405,"Fibroblasts"
"Fibroblasts","EndothelialCells","Nampt","Adora2a","age30m-age3m",1,-0.00106846586943405,"Fibroblasts"
"Leukocytes","Leukocytes","Nampt","Itgb1","age30m-age3m",1,-0.00106846586943405,"Fibroblasts"
"EndothelialCells","Fibroblasts","Nampt","Itgb1","age30m-age3m",1,-0.00106846586943405,"Fibroblasts"
"Leukocytes","Fibroblasts","Nampt","Itgb1","age30m-age3m",1,-0.00106846586943405,"Fibroblasts"
"Fibroblasts","Leukocytes","Nampt","Itga5","age30m-age3m",1,-0.00106846586943405,"Fibroblasts"
"Fibroblasts","Leukocytes","Nampt","Insr","age30m-age3m",1,-0.00106846586943405,"Fibroblasts"
"EndothelialCells","Leukocytes","Nampt","Adora2a","age30m-age3m",1,-0.00106846586943405,"Fibroblasts"
"Fibroblasts","EndothelialCells","Nampt","Itgb1","age30m-age3m",1,-0.00106846586943405,"Fibroblasts"
"Leukocytes","Leukocytes","Nampt","Adora2a","age30m-age3m",1,-0.00106846586943405,"Fibroblasts"
"EndothelialCells","Myocytes","Nampt","Adora2a","age30m-age3m",1,-0.00106846586943405,"Fibroblasts"
"Fibroblasts","EndothelialCells","Nampt","Itga5","age30m-age3m",1,-0.00106846586943405,"Fibroblasts"
"Fibroblasts","EndothelialCells","Nampt","Insr","age30m-age3m",1,-0.00106846586943405,"Fibroblasts"
"Leukocytes","Myocytes","Nampt","Adora2a","age30m-age3m",1,-0.00106846586943405,"Fibroblasts"
"EndothelialCells","Myocytes","Nampt","Itgb1","age30m-age3m",1,-0.00106846586943405,"Fibroblasts"
"Leukocytes","Myocytes","Nampt","Itgb1","age30m-age3m",1,-0.00106846586943405,"Fibroblasts"
"Myocytes","Fibroblasts","Nampt","Itga5","age30m-age3m",1,-0.00106846586943405,"Fibroblasts"
"Fibroblasts","Leukocytes","Nampt","Itgb1","age30m-age3m",1,-0.00106846586943405,"Fibroblasts"
"Myocytes","Fibroblasts","Nampt","Insr","age30m-age3m",1,-0.00106846586943405,"Fibroblasts"
"Fibroblasts","Fibroblasts","Nampt","Itgb1","age30m-age3m",1,-0.00106846586943405,"Fibroblasts"
"Myocytes","EndothelialCells","Nampt","Adora2a","age30m-age3m",1,-0.00106846586943405,"Fibroblasts"
"EndothelialCells","Myocytes","Nampt","Itga5","age30m-age3m",1,-0.00106846586943405,"Fibroblasts"
"Leukocytes","Myocytes","Nampt","Itga5","age30m-age3m",1,-0.00106846586943405,"Fibroblasts"
"Myocytes","Leukocytes","Nampt","Itga5","age30m-age3m",1,-0.00106846586943405,"Fibroblasts"
"Myocytes","Leukocytes","Nampt","Insr","age30m-age3m",1,-0.00106846586943405,"Fibroblasts"
"EndothelialCells","Myocytes","Nampt","Insr","age30m-age3m",1,-0.00106846586943405,"Fibroblasts"
"Fibroblasts","Leukocytes","Nampt","Adora2a","age30m-age3m",1,-0.00106846586943405,"Fibroblasts"
"Leukocytes","Myocytes","Nampt","Insr","age30m-age3m",1,-0.00106846586943405,"Fibroblasts"
"Myocytes","EndothelialCells","Nampt","Itgb1","age30m-age3m",1,-0.00106846586943405,"Fibroblasts"
"Fibroblasts","Myocytes","Nampt","Adora2a","age30m-age3m",1,-0.00106846586943405,"Fibroblasts"
"Myocytes","EndothelialCells","Nampt","Itga5","age30m-age3m",1,-0.00106846586943405,"Fibroblasts"
"Myocytes","EndothelialCells","Nampt","Insr","age30m-age3m",1,-0.00106846586943405,"Fibroblasts"
"Fibroblasts","Myocytes","Nampt","Itgb1","age30m-age3m",1,-0.00106846586943405,"Fibroblasts"
"Myocytes","Leukocytes","Nampt","Itgb1","age30m-age3m",1,-0.00106846586943405,"Fibroblasts"
"Fibroblasts","Myocytes","Nampt","Itga5","age30m-age3m",1,-0.00106846586943405,"Fibroblasts"
"Myocytes","Fibroblasts","Nampt","Itgb1","age30m-age3m",1,-0.00106846586943405,"Fibroblasts"
"Fibroblasts","Myocytes","Nampt","Insr","age30m-age3m",1,-0.00106846586943405,"Fibroblasts"
"Myocytes","Myocytes","Nampt","Itga5","age30m-age3m",1,-0.00106846586943405,"Fibroblasts"
"Myocytes","Myocytes","Nampt","Itgb1","age30m-age3m",1,-0.00106846586943405,"Fibroblasts"
"Myocytes","Myocytes","Nampt","Insr","age30m-age3m",1,-0.00106846586943405,"Fibroblasts"
"Fibroblasts","Fibroblasts","Col3a1","Ddr2","age30m-age3m",1,-0.00106873232184285,"Fibroblasts"
"Fibroblasts","Fibroblasts","Col3a1","Ddr1","age30m-age3m",1,-0.00106873232184285,"Fibroblasts"
"Fibroblasts","EndothelialCells","Col3a1","Itga1","age30m-age3m",1,-0.00106873232184285,"Fibroblasts"
"Fibroblasts","Fibroblasts","Col3a1","Itga11","age30m-age3m",1,-0.00106873232184285,"Fibroblasts"
"Fibroblasts","EndothelialCells","Col3a1","Itgb1","age30m-age3m",1,-0.00106873232184285,"Fibroblasts"
"Leukocytes","Fibroblasts","Col3a1","Ddr2","age30m-age3m",1,-0.00106873232184285,"Fibroblasts"
"Fibroblasts","Fibroblasts","Col3a1","Itga1","age30m-age3m",1,-0.00106873232184285,"Fibroblasts"
"Leukocytes","Fibroblasts","Col3a1","Ddr1","age30m-age3m",1,-0.00106873232184285,"Fibroblasts"
"Leukocytes","EndothelialCells","Col3a1","Itga1","age30m-age3m",1,-0.00106873232184285,"Fibroblasts"
"Leukocytes","Fibroblasts","Col3a1","Itga11","age30m-age3m",1,-0.00106873232184285,"Fibroblasts"
"Leukocytes","EndothelialCells","Col3a1","Itgb1","age30m-age3m",1,-0.00106873232184285,"Fibroblasts"
"Fibroblasts","Leukocytes","Col3a1","Itgb1","age30m-age3m",1,-0.00106873232184285,"Fibroblasts"
"Fibroblasts","Fibroblasts","Col3a1","Itgb1","age30m-age3m",1,-0.00106873232184285,"Fibroblasts"
"Leukocytes","Fibroblasts","Col3a1","Itga1","age30m-age3m",1,-0.00106873232184285,"Fibroblasts"
"EndothelialCells","Fibroblasts","Col3a1","Ddr2","age30m-age3m",1,-0.00106873232184285,"Fibroblasts"
"Myocytes","Fibroblasts","Col3a1","Ddr2","age30m-age3m",1,-0.00106873232184285,"Fibroblasts"
"Leukocytes","Leukocytes","Col3a1","Itgb1","age30m-age3m",1,-0.00106873232184285,"Fibroblasts"
"Leukocytes","Fibroblasts","Col3a1","Itgb1","age30m-age3m",1,-0.00106873232184285,"Fibroblasts"
"EndothelialCells","Fibroblasts","Col3a1","Ddr1","age30m-age3m",1,-0.00106873232184285,"Fibroblasts"
"EndothelialCells","EndothelialCells","Col3a1","Itga1","age30m-age3m",1,-0.00106873232184285,"Fibroblasts"
"EndothelialCells","Fibroblasts","Col3a1","Itga11","age30m-age3m",1,-0.00106873232184285,"Fibroblasts"
"Myocytes","Fibroblasts","Col3a1","Ddr1","age30m-age3m",1,-0.00106873232184285,"Fibroblasts"
"Fibroblasts","Myocytes","Col3a1","Itgb1","age30m-age3m",1,-0.00106873232184285,"Fibroblasts"
"Myocytes","EndothelialCells","Col3a1","Itga1","age30m-age3m",1,-0.00106873232184285,"Fibroblasts"
"Myocytes","Fibroblasts","Col3a1","Itga11","age30m-age3m",1,-0.00106873232184285,"Fibroblasts"
"EndothelialCells","EndothelialCells","Col3a1","Itgb1","age30m-age3m",1,-0.00106873232184285,"Fibroblasts"
"EndothelialCells","Fibroblasts","Col3a1","Itga1","age30m-age3m",1,-0.00106873232184285,"Fibroblasts"
"Myocytes","EndothelialCells","Col3a1","Itgb1","age30m-age3m",1,-0.00106873232184285,"Fibroblasts"
"Myocytes","Fibroblasts","Col3a1","Itga1","age30m-age3m",1,-0.00106873232184285,"Fibroblasts"
"Fibroblasts","Myocytes","Col3a1","Ddr1","age30m-age3m",1,-0.00106873232184285,"Fibroblasts"
"Leukocytes","Myocytes","Col3a1","Itgb1","age30m-age3m",1,-0.00106873232184285,"Fibroblasts"
"EndothelialCells","Leukocytes","Col3a1","Itgb1","age30m-age3m",1,-0.00106873232184285,"Fibroblasts"
"EndothelialCells","Fibroblasts","Col3a1","Itgb1","age30m-age3m",1,-0.00106873232184285,"Fibroblasts"
"Myocytes","Leukocytes","Col3a1","Itgb1","age30m-age3m",1,-0.00106873232184285,"Fibroblasts"
"Myocytes","Fibroblasts","Col3a1","Itgb1","age30m-age3m",1,-0.00106873232184285,"Fibroblasts"
"Leukocytes","Myocytes","Col3a1","Ddr1","age30m-age3m",1,-0.00106873232184285,"Fibroblasts"
"EndothelialCells","Myocytes","Col3a1","Ddr1","age30m-age3m",1,-0.00106873232184285,"Fibroblasts"
"EndothelialCells","Myocytes","Col3a1","Itgb1","age30m-age3m",1,-0.00106873232184285,"Fibroblasts"
"Myocytes","Myocytes","Col3a1","Ddr1","age30m-age3m",1,-0.00106873232184285,"Fibroblasts"
"Myocytes","Myocytes","Col3a1","Itgb1","age30m-age3m",1,-0.00106873232184285,"Fibroblasts"
"Leukocytes","Leukocytes","Sirpb1b","Cd47","age30m-age3m",1,-0.00107395379191135,"Leukocytes"
"Leukocytes","Fibroblasts","Sirpb1b","Cd47","age30m-age3m",1,-0.00107395379191135,"Leukocytes"
"Leukocytes","Fibroblasts","Sirpb1b","Ptprd","age30m-age3m",1,-0.00107395379191135,"Leukocytes"
"Leukocytes","EndothelialCells","Sirpb1b","Cd47","age30m-age3m",1,-0.00107395379191135,"Leukocytes"
"Leukocytes","Myocytes","Sirpb1b","Cd47","age30m-age3m",1,-0.00107395379191135,"Leukocytes"
"Leukocytes","Myocytes","Sirpb1b","Ptprd","age30m-age3m",1,-0.00107395379191135,"Leukocytes"
"Fibroblasts","Fibroblasts","Tnxb","Itgav","age30m-age3m",1,-0.00107518610636825,"Fibroblasts"
"Fibroblasts","Leukocytes","Tnxb","Sdc1","age30m-age3m",1,-0.00107518610636825,"Fibroblasts"
"Fibroblasts","Fibroblasts","Tnxb","Itga9","age30m-age3m",1,-0.00107518610636825,"Fibroblasts"
"Fibroblasts","Leukocytes","Tnxb","Itga9","age30m-age3m",1,-0.00107518610636825,"Fibroblasts"
"Fibroblasts","Leukocytes","Tnxb","Itgav","age30m-age3m",1,-0.00107518610636825,"Fibroblasts"
"Fibroblasts","Leukocytes","Tnxb","Sdc4","age30m-age3m",1,-0.00107518610636825,"Fibroblasts"
"Fibroblasts","EndothelialCells","Tnxb","Itgb1","age30m-age3m",1,-0.00107518610636825,"Fibroblasts"
"Fibroblasts","EndothelialCells","Tnxb","Itgav","age30m-age3m",1,-0.00107518610636825,"Fibroblasts"
"Fibroblasts","Leukocytes","Tnxb","Itgb3","age30m-age3m",1,-0.00107518610636825,"Fibroblasts"
"Leukocytes","Fibroblasts","Tnxb","Itgav","age30m-age3m",1,-0.00107518610636825,"Fibroblasts"
"Leukocytes","Leukocytes","Tnxb","Sdc1","age30m-age3m",1,-0.00107518610636825,"Fibroblasts"
"Fibroblasts","Fibroblasts","Tnxb","Sdc1","age30m-age3m",1,-0.00107518610636825,"Fibroblasts"
"Fibroblasts","Fibroblasts","Tnxb","Sdc4","age30m-age3m",1,-0.00107518610636825,"Fibroblasts"
"Leukocytes","Fibroblasts","Tnxb","Itga9","age30m-age3m",1,-0.00107518610636825,"Fibroblasts"
"Fibroblasts","Fibroblasts","Tnxb","Itgb3","age30m-age3m",1,-0.00107518610636825,"Fibroblasts"
"Fibroblasts","EndothelialCells","Tnxb","Itga9","age30m-age3m",1,-0.00107518610636825,"Fibroblasts"
"Leukocytes","Leukocytes","Tnxb","Itga9","age30m-age3m",1,-0.00107518610636825,"Fibroblasts"
"Leukocytes","Leukocytes","Tnxb","Itgav","age30m-age3m",1,-0.00107518610636825,"Fibroblasts"
"Leukocytes","Leukocytes","Tnxb","Sdc4","age30m-age3m",1,-0.00107518610636825,"Fibroblasts"
"Leukocytes","EndothelialCells","Tnxb","Itgb1","age30m-age3m",1,-0.00107518610636825,"Fibroblasts"
"Fibroblasts","EndothelialCells","Tnxb","Sdc4","age30m-age3m",1,-0.00107518610636825,"Fibroblasts"
"Fibroblasts","Fibroblasts","Tnxb","Itga2b","age30m-age3m",1,-0.00107518610636825,"Fibroblasts"
"Leukocytes","EndothelialCells","Tnxb","Itgav","age30m-age3m",1,-0.00107518610636825,"Fibroblasts"
"Leukocytes","Leukocytes","Tnxb","Itgb3","age30m-age3m",1,-0.00107518610636825,"Fibroblasts"
"Fibroblasts","Leukocytes","Tnxb","Itgb1","age30m-age3m",1,-0.00107518610636825,"Fibroblasts"
"Leukocytes","Fibroblasts","Tnxb","Sdc1","age30m-age3m",1,-0.00107518610636825,"Fibroblasts"
"Fibroblasts","Fibroblasts","Tnxb","Itgb1","age30m-age3m",1,-0.00107518610636825,"Fibroblasts"
"Leukocytes","Fibroblasts","Tnxb","Sdc4","age30m-age3m",1,-0.00107518610636825,"Fibroblasts"
"Leukocytes","Fibroblasts","Tnxb","Itgb3","age30m-age3m",1,-0.00107518610636825,"Fibroblasts"
"Leukocytes","EndothelialCells","Tnxb","Itga9","age30m-age3m",1,-0.00107518610636825,"Fibroblasts"
"Leukocytes","EndothelialCells","Tnxb","Sdc4","age30m-age3m",1,-0.00107518610636825,"Fibroblasts"
"Leukocytes","Fibroblasts","Tnxb","Itga2b","age30m-age3m",1,-0.00107518610636825,"Fibroblasts"
"Leukocytes","Leukocytes","Tnxb","Itgb1","age30m-age3m",1,-0.00107518610636825,"Fibroblasts"
"Leukocytes","Fibroblasts","Tnxb","Itgb1","age30m-age3m",1,-0.00107518610636825,"Fibroblasts"
"Myocytes","Fibroblasts","Tnxb","Itgav","age30m-age3m",1,-0.00107518610636825,"Fibroblasts"
"Fibroblasts","Myocytes","Tnxb","Itgb1","age30m-age3m",1,-0.00107518610636825,"Fibroblasts"
"EndothelialCells","Leukocytes","Tnxb","Itgb3","age30m-age3m",1,-0.00107518610636825,"Fibroblasts"
"Myocytes","Leukocytes","Tnxb","Sdc1","age30m-age3m",1,-0.00107518610636825,"Fibroblasts"
"Myocytes","Fibroblasts","Tnxb","Itga9","age30m-age3m",1,-0.00107518610636825,"Fibroblasts"
"Myocytes","Fibroblasts","Tnxb","Itgb3","age30m-age3m",1,-0.00107518610636825,"Fibroblasts"
"EndothelialCells","Fibroblasts","Tnxb","Itgav","age30m-age3m",1,-0.00107518610636825,"Fibroblasts"
"Myocytes","Leukocytes","Tnxb","Itga9","age30m-age3m",1,-0.00107518610636825,"Fibroblasts"
"EndothelialCells","Leukocytes","Tnxb","Sdc1","age30m-age3m",1,-0.00107518610636825,"Fibroblasts"
"EndothelialCells","Fibroblasts","Tnxb","Itga9","age30m-age3m",1,-0.00107518610636825,"Fibroblasts"
"Myocytes","Leukocytes","Tnxb","Itgav","age30m-age3m",1,-0.00107518610636825,"Fibroblasts"
"Myocytes","Leukocytes","Tnxb","Sdc4","age30m-age3m",1,-0.00107518610636825,"Fibroblasts"
"Myocytes","EndothelialCells","Tnxb","Itgb1","age30m-age3m",1,-0.00107518610636825,"Fibroblasts"
"EndothelialCells","Leukocytes","Tnxb","Itga9","age30m-age3m",1,-0.00107518610636825,"Fibroblasts"
"EndothelialCells","Leukocytes","Tnxb","Itgav","age30m-age3m",1,-0.00107518610636825,"Fibroblasts"
"Myocytes","EndothelialCells","Tnxb","Itgav","age30m-age3m",1,-0.00107518610636825,"Fibroblasts"
"EndothelialCells","Leukocytes","Tnxb","Sdc4","age30m-age3m",1,-0.00107518610636825,"Fibroblasts"
"EndothelialCells","EndothelialCells","Tnxb","Itgb1","age30m-age3m",1,-0.00107518610636825,"Fibroblasts"
"Fibroblasts","Myocytes","Tnxb","Sdc4","age30m-age3m",1,-0.00107518610636825,"Fibroblasts"
"Leukocytes","Myocytes","Tnxb","Itgb1","age30m-age3m",1,-0.00107518610636825,"Fibroblasts"
"EndothelialCells","Fibroblasts","Tnxb","Itga2b","age30m-age3m",1,-0.00107518610636825,"Fibroblasts"
"EndothelialCells","EndothelialCells","Tnxb","Itgav","age30m-age3m",1,-0.00107518610636825,"Fibroblasts"
"Myocytes","Fibroblasts","Tnxb","Sdc1","age30m-age3m",1,-0.00107518610636825,"Fibroblasts"
"Myocytes","Fibroblasts","Tnxb","Sdc4","age30m-age3m",1,-0.00107518610636825,"Fibroblasts"
"Myocytes","EndothelialCells","Tnxb","Itga9","age30m-age3m",1,-0.00107518610636825,"Fibroblasts"
"EndothelialCells","Fibroblasts","Tnxb","Sdc1","age30m-age3m",1,-0.00107518610636825,"Fibroblasts"
"EndothelialCells","Fibroblasts","Tnxb","Sdc4","age30m-age3m",1,-0.00107518610636825,"Fibroblasts"
"EndothelialCells","EndothelialCells","Tnxb","Itga9","age30m-age3m",1,-0.00107518610636825,"Fibroblasts"
"Myocytes","EndothelialCells","Tnxb","Sdc4","age30m-age3m",1,-0.00107518610636825,"Fibroblasts"
"Leukocytes","Myocytes","Tnxb","Sdc4","age30m-age3m",1,-0.00107518610636825,"Fibroblasts"
"Myocytes","Leukocytes","Tnxb","Itgb1","age30m-age3m",1,-0.00107518610636825,"Fibroblasts"
"EndothelialCells","EndothelialCells","Tnxb","Sdc4","age30m-age3m",1,-0.00107518610636825,"Fibroblasts"
"Myocytes","Fibroblasts","Tnxb","Itgb1","age30m-age3m",1,-0.00107518610636825,"Fibroblasts"
"EndothelialCells","Leukocytes","Tnxb","Itgb1","age30m-age3m",1,-0.00107518610636825,"Fibroblasts"
"EndothelialCells","Fibroblasts","Tnxb","Itgb1","age30m-age3m",1,-0.00107518610636825,"Fibroblasts"
"Myocytes","Myocytes","Tnxb","Sdc4","age30m-age3m",1,-0.00107518610636825,"Fibroblasts"
"Myocytes","Myocytes","Tnxb","Itgb1","age30m-age3m",1,-0.00107518610636825,"Fibroblasts"
"EndothelialCells","Myocytes","Tnxb","Itgb1","age30m-age3m",1,-0.00107518610636825,"Fibroblasts"
"Fibroblasts","Fibroblasts","Sparc","Fgfr1","age30m-age3m",1,-0.00107532950495253,"Fibroblasts"
"EndothelialCells","Fibroblasts","Sparc","Fgfr1","age30m-age3m",1,-0.00107532950495253,"Fibroblasts"
"Leukocytes","Fibroblasts","Sparc","Fgfr1","age30m-age3m",1,-0.00107532950495253,"Fibroblasts"
"Fibroblasts","Leukocytes","Sparc","Fgfr1","age30m-age3m",1,-0.00107532950495253,"Fibroblasts"
"EndothelialCells","Leukocytes","Sparc","Fgfr1","age30m-age3m",1,-0.00107532950495253,"Fibroblasts"
"Fibroblasts","EndothelialCells","Sparc","Eng","age30m-age3m",1,-0.00107532950495253,"Fibroblasts"
"Fibroblasts","Fibroblasts","Sparc","Eng","age30m-age3m",1,-0.00107532950495253,"Fibroblasts"
"EndothelialCells","EndothelialCells","Sparc","Eng","age30m-age3m",1,-0.00107532950495253,"Fibroblasts"
"EndothelialCells","Fibroblasts","Sparc","Eng","age30m-age3m",1,-0.00107532950495253,"Fibroblasts"
"Leukocytes","Leukocytes","Sparc","Fgfr1","age30m-age3m",1,-0.00107532950495253,"Fibroblasts"
"Fibroblasts","Leukocytes","Sparc","Eng","age30m-age3m",1,-0.00107532950495253,"Fibroblasts"
"Leukocytes","EndothelialCells","Sparc","Eng","age30m-age3m",1,-0.00107532950495253,"Fibroblasts"
"Leukocytes","Fibroblasts","Sparc","Eng","age30m-age3m",1,-0.00107532950495253,"Fibroblasts"
"EndothelialCells","Leukocytes","Sparc","Eng","age30m-age3m",1,-0.00107532950495253,"Fibroblasts"
"Leukocytes","Leukocytes","Sparc","Eng","age30m-age3m",1,-0.00107532950495253,"Fibroblasts"
"Fibroblasts","EndothelialCells","Sparc","Fgfr1","age30m-age3m",1,-0.00107532950495253,"Fibroblasts"
"EndothelialCells","EndothelialCells","Sparc","Fgfr1","age30m-age3m",1,-0.00107532950495253,"Fibroblasts"
"Leukocytes","EndothelialCells","Sparc","Fgfr1","age30m-age3m",1,-0.00107532950495253,"Fibroblasts"
"Myocytes","Fibroblasts","Sparc","Fgfr1","age30m-age3m",1,-0.00107532950495253,"Fibroblasts"
"Fibroblasts","Myocytes","Sparc","Eng","age30m-age3m",1,-0.00107532950495253,"Fibroblasts"
"EndothelialCells","Myocytes","Sparc","Eng","age30m-age3m",1,-0.00107532950495253,"Fibroblasts"
"Myocytes","Leukocytes","Sparc","Fgfr1","age30m-age3m",1,-0.00107532950495253,"Fibroblasts"
"Myocytes","EndothelialCells","Sparc","Eng","age30m-age3m",1,-0.00107532950495253,"Fibroblasts"
"Myocytes","Fibroblasts","Sparc","Eng","age30m-age3m",1,-0.00107532950495253,"Fibroblasts"
"Leukocytes","Myocytes","Sparc","Eng","age30m-age3m",1,-0.00107532950495253,"Fibroblasts"
"Myocytes","Leukocytes","Sparc","Eng","age30m-age3m",1,-0.00107532950495253,"Fibroblasts"
"Myocytes","EndothelialCells","Sparc","Fgfr1","age30m-age3m",1,-0.00107532950495253,"Fibroblasts"
"Myocytes","Myocytes","Sparc","Eng","age30m-age3m",1,-0.00107532950495253,"Fibroblasts"
"Myocytes","Fibroblasts","Fndc5","Itgav","age30m-age3m",1,-0.00107768960964897,"Myocytes"
"Myocytes","Fibroblasts","Fndc5","Itgb5","age30m-age3m",1,-0.00107768960964897,"Myocytes"
"Myocytes","Leukocytes","Fndc5","Itgav","age30m-age3m",1,-0.00107768960964897,"Myocytes"
"Myocytes","Leukocytes","Fndc5","Itgb5","age30m-age3m",1,-0.00107768960964897,"Myocytes"
"Myocytes","EndothelialCells","Fndc5","Itgav","age30m-age3m",1,-0.00107768960964897,"Myocytes"
"Myocytes","EndothelialCells","Fndc5","Itgb5","age30m-age3m",1,-0.00107768960964897,"Myocytes"
"Myocytes","Myocytes","Fndc5","Itgb5","age30m-age3m",1,-0.00107768960964897,"Myocytes"
"Leukocytes","Fibroblasts","Cd47","Scn1b","age30m-age3m",1,-0.00108040648357363,"Fibroblasts"
"Leukocytes","Leukocytes","Cd47","Gm9733","age30m-age3m",1,-0.00108040648357363,"Fibroblasts"
"Leukocytes","Leukocytes","Cd47","Scn1b","age30m-age3m",1,-0.00108040648357363,"Fibroblasts"
"Leukocytes","Leukocytes","Cd47","Gm5150","age30m-age3m",1,-0.00108040648357363,"Fibroblasts"
"EndothelialCells","Fibroblasts","Cd47","Scn1b","age30m-age3m",1,-0.00108040648357363,"Fibroblasts"
"Leukocytes","Leukocytes","Cd47","Sirpa","age30m-age3m",1,-0.00108040648357363,"Fibroblasts"
"Fibroblasts","Fibroblasts","Cd47","Scn1b","age30m-age3m",1,-0.00108040648357363,"Fibroblasts"
"EndothelialCells","Leukocytes","Cd47","Gm9733","age30m-age3m",1,-0.00108040648357363,"Fibroblasts"
"Fibroblasts","Leukocytes","Cd47","Gm9733","age30m-age3m",1,-0.00108040648357363,"Fibroblasts"
"EndothelialCells","Leukocytes","Cd47","Scn1b","age30m-age3m",1,-0.00108040648357363,"Fibroblasts"
"EndothelialCells","Leukocytes","Cd47","Gm5150","age30m-age3m",1,-0.00108040648357363,"Fibroblasts"
"Fibroblasts","Leukocytes","Cd47","Scn1b","age30m-age3m",1,-0.00108040648357363,"Fibroblasts"
"Fibroblasts","Leukocytes","Cd47","Gm5150","age30m-age3m",1,-0.00108040648357363,"Fibroblasts"
"Leukocytes","Myocytes","Cd47","Scn1b","age30m-age3m",1,-0.00108040648357363,"Fibroblasts"
"EndothelialCells","Leukocytes","Cd47","Sirpa","age30m-age3m",1,-0.00108040648357363,"Fibroblasts"
"Leukocytes","Leukocytes","Cd47","Siglec1","age30m-age3m",1,-0.00108040648357363,"Fibroblasts"
"Leukocytes","Leukocytes","Cd47","Sirpb1b","age30m-age3m",1,-0.00108040648357363,"Fibroblasts"
"Fibroblasts","Leukocytes","Cd47","Sirpa","age30m-age3m",1,-0.00108040648357363,"Fibroblasts"
"EndothelialCells","Myocytes","Cd47","Scn1b","age30m-age3m",1,-0.00108040648357363,"Fibroblasts"
"Fibroblasts","Myocytes","Cd47","Scn1b","age30m-age3m",1,-0.00108040648357363,"Fibroblasts"
"EndothelialCells","Leukocytes","Cd47","Siglec1","age30m-age3m",1,-0.00108040648357363,"Fibroblasts"
"Leukocytes","Fibroblasts","Cd47","Sirpa","age30m-age3m",1,-0.00108040648357363,"Fibroblasts"
"EndothelialCells","Leukocytes","Cd47","Sirpb1b","age30m-age3m",1,-0.00108040648357363,"Fibroblasts"
"Fibroblasts","Leukocytes","Cd47","Siglec1","age30m-age3m",1,-0.00108040648357363,"Fibroblasts"
"Fibroblasts","Leukocytes","Cd47","Sirpb1b","age30m-age3m",1,-0.00108040648357363,"Fibroblasts"
"EndothelialCells","Fibroblasts","Cd47","Sirpa","age30m-age3m",1,-0.00108040648357363,"Fibroblasts"
"Fibroblasts","Fibroblasts","Cd47","Sirpa","age30m-age3m",1,-0.00108040648357363,"Fibroblasts"
"Myocytes","Fibroblasts","Cd47","Scn1b","age30m-age3m",1,-0.00108040648357363,"Fibroblasts"
"Myocytes","Leukocytes","Cd47","Gm9733","age30m-age3m",1,-0.00108040648357363,"Fibroblasts"
"Leukocytes","Leukocytes","Cd47","Sirpb1a","age30m-age3m",1,-0.00108040648357363,"Fibroblasts"
"Myocytes","Leukocytes","Cd47","Scn1b","age30m-age3m",1,-0.00108040648357363,"Fibroblasts"
"Myocytes","Leukocytes","Cd47","Gm5150","age30m-age3m",1,-0.00108040648357363,"Fibroblasts"
"Myocytes","Leukocytes","Cd47","Sirpa","age30m-age3m",1,-0.00108040648357363,"Fibroblasts"
"EndothelialCells","Leukocytes","Cd47","Sirpb1a","age30m-age3m",1,-0.00108040648357363,"Fibroblasts"
"Fibroblasts","Leukocytes","Cd47","Sirpb1a","age30m-age3m",1,-0.00108040648357363,"Fibroblasts"
"Myocytes","Myocytes","Cd47","Scn1b","age30m-age3m",1,-0.00108040648357363,"Fibroblasts"
"Myocytes","Leukocytes","Cd47","Siglec1","age30m-age3m",1,-0.00108040648357363,"Fibroblasts"
"Myocytes","Leukocytes","Cd47","Sirpb1b","age30m-age3m",1,-0.00108040648357363,"Fibroblasts"
"Myocytes","Fibroblasts","Cd47","Sirpa","age30m-age3m",1,-0.00108040648357363,"Fibroblasts"
"Leukocytes","EndothelialCells","Cd47","Scn1b","age30m-age3m",1,-0.00108040648357363,"Fibroblasts"
"Myocytes","Leukocytes","Cd47","Sirpb1a","age30m-age3m",1,-0.00108040648357363,"Fibroblasts"
"EndothelialCells","EndothelialCells","Cd47","Scn1b","age30m-age3m",1,-0.00108040648357363,"Fibroblasts"
"Fibroblasts","EndothelialCells","Cd47","Scn1b","age30m-age3m",1,-0.00108040648357363,"Fibroblasts"
"Myocytes","EndothelialCells","Cd47","Scn1b","age30m-age3m",1,-0.00108040648357363,"Fibroblasts"
"Leukocytes","Fibroblasts","Tgfbi","Itga5","age30m-age3m",1,-0.0010826135184146,"Fibroblasts"
"Leukocytes","Fibroblasts","Tgfbi","Itgav","age30m-age3m",1,-0.0010826135184146,"Fibroblasts"
"Leukocytes","Fibroblasts","Tgfbi","Itgb5","age30m-age3m",1,-0.0010826135184146,"Fibroblasts"
"Leukocytes","Leukocytes","Tgfbi","Itga5","age30m-age3m",1,-0.0010826135184146,"Fibroblasts"
"Leukocytes","EndothelialCells","Tgfbi","Itga1","age30m-age3m",1,-0.0010826135184146,"Fibroblasts"
"Leukocytes","EndothelialCells","Tgfbi","Itga6","age30m-age3m",1,-0.0010826135184146,"Fibroblasts"
"Leukocytes","Leukocytes","Tgfbi","Itgav","age30m-age3m",1,-0.0010826135184146,"Fibroblasts"
"Leukocytes","EndothelialCells","Tgfbi","Itgb1","age30m-age3m",1,-0.0010826135184146,"Fibroblasts"
"Leukocytes","Leukocytes","Tgfbi","Itgb3","age30m-age3m",1,-0.0010826135184146,"Fibroblasts"
"Leukocytes","Leukocytes","Tgfbi","Itgb5","age30m-age3m",1,-0.0010826135184146,"Fibroblasts"
"Leukocytes","EndothelialCells","Tgfbi","Itga5","age30m-age3m",1,-0.0010826135184146,"Fibroblasts"
"Leukocytes","EndothelialCells","Tgfbi","Itgav","age30m-age3m",1,-0.0010826135184146,"Fibroblasts"
"Leukocytes","Fibroblasts","Tgfbi","Itga1","age30m-age3m",1,-0.0010826135184146,"Fibroblasts"
"Leukocytes","Fibroblasts","Tgfbi","Itgb3","age30m-age3m",1,-0.0010826135184146,"Fibroblasts"
"Leukocytes","Leukocytes","Tgfbi","Itga4","age30m-age3m",1,-0.0010826135184146,"Fibroblasts"
"Fibroblasts","Fibroblasts","Tgfbi","Itga5","age30m-age3m",1,-0.0010826135184146,"Fibroblasts"
"Fibroblasts","Fibroblasts","Tgfbi","Itgav","age30m-age3m",1,-0.0010826135184146,"Fibroblasts"
"Fibroblasts","Fibroblasts","Tgfbi","Itgb5","age30m-age3m",1,-0.0010826135184146,"Fibroblasts"
"Leukocytes","EndothelialCells","Tgfbi","Itgb5","age30m-age3m",1,-0.0010826135184146,"Fibroblasts"
"Leukocytes","Myocytes","Tgfbi","Itga7","age30m-age3m",1,-0.0010826135184146,"Fibroblasts"
"Leukocytes","Leukocytes","Tgfbi","Itgb1","age30m-age3m",1,-0.0010826135184146,"Fibroblasts"
"Leukocytes","Fibroblasts","Tgfbi","Itgb1","age30m-age3m",1,-0.0010826135184146,"Fibroblasts"
"Leukocytes","Leukocytes","Tgfbi","Itgb4","age30m-age3m",1,-0.0010826135184146,"Fibroblasts"
"Fibroblasts","Leukocytes","Tgfbi","Itga5","age30m-age3m",1,-0.0010826135184146,"Fibroblasts"
"Fibroblasts","EndothelialCells","Tgfbi","Itga1","age30m-age3m",1,-0.0010826135184146,"Fibroblasts"
"Fibroblasts","EndothelialCells","Tgfbi","Itga6","age30m-age3m",1,-0.0010826135184146,"Fibroblasts"
"Fibroblasts","Leukocytes","Tgfbi","Itgav","age30m-age3m",1,-0.0010826135184146,"Fibroblasts"
"Fibroblasts","EndothelialCells","Tgfbi","Itgb1","age30m-age3m",1,-0.0010826135184146,"Fibroblasts"
"Fibroblasts","Leukocytes","Tgfbi","Itgb3","age30m-age3m",1,-0.0010826135184146,"Fibroblasts"
"EndothelialCells","Fibroblasts","Tgfbi","Itga5","age30m-age3m",1,-0.0010826135184146,"Fibroblasts"
"Fibroblasts","Leukocytes","Tgfbi","Itgb5","age30m-age3m",1,-0.0010826135184146,"Fibroblasts"
"Fibroblasts","EndothelialCells","Tgfbi","Itga5","age30m-age3m",1,-0.0010826135184146,"Fibroblasts"
"Fibroblasts","EndothelialCells","Tgfbi","Itgav","age30m-age3m",1,-0.0010826135184146,"Fibroblasts"
"Fibroblasts","Fibroblasts","Tgfbi","Itga1","age30m-age3m",1,-0.0010826135184146,"Fibroblasts"
"EndothelialCells","Fibroblasts","Tgfbi","Itgav","age30m-age3m",1,-0.0010826135184146,"Fibroblasts"
"EndothelialCells","Fibroblasts","Tgfbi","Itgb5","age30m-age3m",1,-0.0010826135184146,"Fibroblasts"
"EndothelialCells","Leukocytes","Tgfbi","Itgb3","age30m-age3m",1,-0.0010826135184146,"Fibroblasts"
"Fibroblasts","Fibroblasts","Tgfbi","Itgb3","age30m-age3m",1,-0.0010826135184146,"Fibroblasts"
"Leukocytes","Myocytes","Tgfbi","Itgb1","age30m-age3m",1,-0.0010826135184146,"Fibroblasts"
"Fibroblasts","Leukocytes","Tgfbi","Itga4","age30m-age3m",1,-0.0010826135184146,"Fibroblasts"
"Leukocytes","Myocytes","Tgfbi","Itga6","age30m-age3m",1,-0.0010826135184146,"Fibroblasts"
"Leukocytes","Myocytes","Tgfbi","Itgb5","age30m-age3m",1,-0.0010826135184146,"Fibroblasts"
"EndothelialCells","Leukocytes","Tgfbi","Itga5","age30m-age3m",1,-0.0010826135184146,"Fibroblasts"
"EndothelialCells","EndothelialCells","Tgfbi","Itga1","age30m-age3m",1,-0.0010826135184146,"Fibroblasts"
"Fibroblasts","EndothelialCells","Tgfbi","Itgb5","age30m-age3m",1,-0.0010826135184146,"Fibroblasts"
"EndothelialCells","EndothelialCells","Tgfbi","Itga6","age30m-age3m",1,-0.0010826135184146,"Fibroblasts"
"EndothelialCells","Leukocytes","Tgfbi","Itgav","age30m-age3m",1,-0.0010826135184146,"Fibroblasts"
"Leukocytes","Myocytes","Tgfbi","Itga5","age30m-age3m",1,-0.0010826135184146,"Fibroblasts"
"Fibroblasts","Myocytes","Tgfbi","Itga7","age30m-age3m",1,-0.0010826135184146,"Fibroblasts"
"EndothelialCells","EndothelialCells","Tgfbi","Itgb1","age30m-age3m",1,-0.0010826135184146,"Fibroblasts"
"Fibroblasts","Leukocytes","Tgfbi","Itgb1","age30m-age3m",1,-0.0010826135184146,"Fibroblasts"
"Fibroblasts","Fibroblasts","Tgfbi","Itgb1","age30m-age3m",1,-0.0010826135184146,"Fibroblasts"
"Fibroblasts","Leukocytes","Tgfbi","Itgb4","age30m-age3m",1,-0.0010826135184146,"Fibroblasts"
"EndothelialCells","Leukocytes","Tgfbi","Itgb5","age30m-age3m",1,-0.0010826135184146,"Fibroblasts"
"EndothelialCells","EndothelialCells","Tgfbi","Itga5","age30m-age3m",1,-0.0010826135184146,"Fibroblasts"
"EndothelialCells","EndothelialCells","Tgfbi","Itgav","age30m-age3m",1,-0.0010826135184146,"Fibroblasts"
"EndothelialCells","Fibroblasts","Tgfbi","Itga1","age30m-age3m",1,-0.0010826135184146,"Fibroblasts"
"EndothelialCells","Leukocytes","Tgfbi","Itgb4","age30m-age3m",1,-0.0010826135184146,"Fibroblasts"
"EndothelialCells","Leukocytes","Tgfbi","Itga4","age30m-age3m",1,-0.0010826135184146,"Fibroblasts"
"EndothelialCells","EndothelialCells","Tgfbi","Itgb5","age30m-age3m",1,-0.0010826135184146,"Fibroblasts"
"Fibroblasts","Myocytes","Tgfbi","Itgb1","age30m-age3m",1,-0.0010826135184146,"Fibroblasts"
"EndothelialCells","Leukocytes","Tgfbi","Itgb1","age30m-age3m",1,-0.0010826135184146,"Fibroblasts"
"EndothelialCells","Fibroblasts","Tgfbi","Itgb1","age30m-age3m",1,-0.0010826135184146,"Fibroblasts"
"Fibroblasts","Myocytes","Tgfbi","Itga6","age30m-age3m",1,-0.0010826135184146,"Fibroblasts"
"Fibroblasts","Myocytes","Tgfbi","Itgb5","age30m-age3m",1,-0.0010826135184146,"Fibroblasts"
"Fibroblasts","Myocytes","Tgfbi","Itga5","age30m-age3m",1,-0.0010826135184146,"Fibroblasts"
"EndothelialCells","Myocytes","Tgfbi","Itgb1","age30m-age3m",1,-0.0010826135184146,"Fibroblasts"
"Fibroblasts","Leukocytes","Mfap2","Notch1","age30m-age3m",1,-0.00108527058809533,"Fibroblasts"
"Fibroblasts","EndothelialCells","Mfap2","Notch1","age30m-age3m",1,-0.00108527058809533,"Fibroblasts"
"EndothelialCells","Leukocytes","Mfap2","Notch1","age30m-age3m",1,-0.00108527058809533,"Fibroblasts"
"EndothelialCells","EndothelialCells","Mfap2","Notch1","age30m-age3m",1,-0.00108527058809533,"Fibroblasts"
"Fibroblasts","Fibroblasts","Mfap2","Notch1","age30m-age3m",1,-0.00108527058809533,"Fibroblasts"
"EndothelialCells","Fibroblasts","Mfap2","Notch1","age30m-age3m",1,-0.00108527058809533,"Fibroblasts"
"Leukocytes","Fibroblasts","Fn1","Itga5","age30m-age3m",1,-0.00108564592060374,"Fibroblasts"
"Leukocytes","Fibroblasts","Fn1","Sdc2","age30m-age3m",1,-0.00108564592060374,"Fibroblasts"
"Leukocytes","Fibroblasts","Fn1","Itgav","age30m-age3m",1,-0.00108564592060374,"Fibroblasts"
"Leukocytes","Leukocytes","Fn1","Plaur","age30m-age3m",1,-0.00108564592060374,"Fibroblasts"
"Leukocytes","Fibroblasts","Fn1","Itga9","age30m-age3m",1,-0.00108564592060374,"Fibroblasts"
"Leukocytes","Leukocytes","Fn1","Sdc1","age30m-age3m",1,-0.00108564592060374,"Fibroblasts"
"Leukocytes","Leukocytes","Fn1","Itga9","age30m-age3m",1,-0.00108564592060374,"Fibroblasts"
"Leukocytes","Leukocytes","Fn1","Itga5","age30m-age3m",1,-0.00108564592060374,"Fibroblasts"
"Leukocytes","Leukocytes","Fn1","Itgav","age30m-age3m",1,-0.00108564592060374,"Fibroblasts"
"EndothelialCells","Fibroblasts","Fn1","Itga5","age30m-age3m",1,-0.00108564592060374,"Fibroblasts"
"EndothelialCells","Fibroblasts","Fn1","Sdc2","age30m-age3m",1,-0.00108564592060374,"Fibroblasts"
"Leukocytes","EndothelialCells","Fn1","Itgb1","age30m-age3m",1,-0.00108564592060374,"Fibroblasts"
"EndothelialCells","Fibroblasts","Fn1","Itgav","age30m-age3m",1,-0.00108564592060374,"Fibroblasts"
"Leukocytes","EndothelialCells","Fn1","Plaur","age30m-age3m",1,-0.00108564592060374,"Fibroblasts"
"Leukocytes","Leukocytes","Fn1","Itgb3","age30m-age3m",1,-0.00108564592060374,"Fibroblasts"
"EndothelialCells","Leukocytes","Fn1","Plaur","age30m-age3m",1,-0.00108564592060374,"Fibroblasts"
"Leukocytes","EndothelialCells","Fn1","Itga5","age30m-age3m",1,-0.00108564592060374,"Fibroblasts"
"Leukocytes","EndothelialCells","Fn1","Itgav","age30m-age3m",1,-0.00108564592060374,"Fibroblasts"
"Leukocytes","Leukocytes","Fn1","Itgb7","age30m-age3m",1,-0.00108564592060374,"Fibroblasts"
"EndothelialCells","Fibroblasts","Fn1","Itga9","age30m-age3m",1,-0.00108564592060374,"Fibroblasts"
"EndothelialCells","Leukocytes","Fn1","Sdc1","age30m-age3m",1,-0.00108564592060374,"Fibroblasts"
"Leukocytes","Fibroblasts","Fn1","Sdc1","age30m-age3m",1,-0.00108564592060374,"Fibroblasts"
"Leukocytes","Leukocytes","Fn1","Cd44","age30m-age3m",1,-0.00108564592060374,"Fibroblasts"
"Leukocytes","Fibroblasts","Fn1","Itgb3","age30m-age3m",1,-0.00108564592060374,"Fibroblasts"
"Leukocytes","Leukocytes","Fn1","Itga4","age30m-age3m",1,-0.00108564592060374,"Fibroblasts"
"EndothelialCells","Leukocytes","Fn1","Itga9","age30m-age3m",1,-0.00108564592060374,"Fibroblasts"
"Leukocytes","Fibroblasts","Fn1","Cd44","age30m-age3m",1,-0.00108564592060374,"Fibroblasts"
"EndothelialCells","Leukocytes","Fn1","Itga5","age30m-age3m",1,-0.00108564592060374,"Fibroblasts"
"EndothelialCells","Leukocytes","Fn1","Itgav","age30m-age3m",1,-0.00108564592060374,"Fibroblasts"
"Fibroblasts","Fibroblasts","Fn1","Itga5","age30m-age3m",1,-0.00108564592060374,"Fibroblasts"
"Fibroblasts","Fibroblasts","Fn1","Sdc2","age30m-age3m",1,-0.00108564592060374,"Fibroblasts"
"Leukocytes","EndothelialCells","Fn1","Itga9","age30m-age3m",1,-0.00108564592060374,"Fibroblasts"
"Fibroblasts","Fibroblasts","Fn1","Itgav","age30m-age3m",1,-0.00108564592060374,"Fibroblasts"
"EndothelialCells","EndothelialCells","Fn1","Itgb1","age30m-age3m",1,-0.00108564592060374,"Fibroblasts"
"Leukocytes","Fibroblasts","Fn1","Itgb8","age30m-age3m",1,-0.00108564592060374,"Fibroblasts"
"Leukocytes","Fibroblasts","Fn1","Itga2b","age30m-age3m",1,-0.00108564592060374,"Fibroblasts"
"Fibroblasts","Leukocytes","Fn1","Plaur","age30m-age3m",1,-0.00108564592060374,"Fibroblasts"
"EndothelialCells","EndothelialCells","Fn1","Plaur","age30m-age3m",1,-0.00108564592060374,"Fibroblasts"
"EndothelialCells","Leukocytes","Fn1","Itgb3","age30m-age3m",1,-0.00108564592060374,"Fibroblasts"
"Leukocytes","Fibroblasts","Fn1","Plaur","age30m-age3m",1,-0.00108564592060374,"Fibroblasts"
"Fibroblasts","Fibroblasts","Fn1","Itga9","age30m-age3m",1,-0.00108564592060374,"Fibroblasts"
"Fibroblasts","Leukocytes","Fn1","Sdc1","age30m-age3m",1,-0.00108564592060374,"Fibroblasts"
"EndothelialCells","EndothelialCells","Fn1","Itga5","age30m-age3m",1,-0.00108564592060374,"Fibroblasts"
"EndothelialCells","EndothelialCells","Fn1","Itgav","age30m-age3m",1,-0.00108564592060374,"Fibroblasts"
"EndothelialCells","Leukocytes","Fn1","Itgb7","age30m-age3m",1,-0.00108564592060374,"Fibroblasts"
"Leukocytes","Leukocytes","Fn1","Itgb1","age30m-age3m",1,-0.00108564592060374,"Fibroblasts"
"EndothelialCells","Fibroblasts","Fn1","Sdc1","age30m-age3m",1,-0.00108564592060374,"Fibroblasts"
"EndothelialCells","Leukocytes","Fn1","Cd44","age30m-age3m",1,-0.00108564592060374,"Fibroblasts"
"Leukocytes","Fibroblasts","Fn1","Itgb1","age30m-age3m",1,-0.00108564592060374,"Fibroblasts"
"EndothelialCells","Fibroblasts","Fn1","Itgb3","age30m-age3m",1,-0.00108564592060374,"Fibroblasts"
"Fibroblasts","Leukocytes","Fn1","Itga9","age30m-age3m",1,-0.00108564592060374,"Fibroblasts"
"Fibroblasts","Leukocytes","Fn1","Itga5","age30m-age3m",1,-0.00108564592060374,"Fibroblasts"
"EndothelialCells","Leukocytes","Fn1","Itga4","age30m-age3m",1,-0.00108564592060374,"Fibroblasts"
"Fibroblasts","Leukocytes","Fn1","Itgav","age30m-age3m",1,-0.00108564592060374,"Fibroblasts"
"Leukocytes","Fibroblasts","Fn1","Nt5e","age30m-age3m",1,-0.00108564592060374,"Fibroblasts"
"EndothelialCells","Fibroblasts","Fn1","Cd44","age30m-age3m",1,-0.00108564592060374,"Fibroblasts"
"EndothelialCells","EndothelialCells","Fn1","Itga9","age30m-age3m",1,-0.00108564592060374,"Fibroblasts"
"Fibroblasts","EndothelialCells","Fn1","Itgb1","age30m-age3m",1,-0.00108564592060374,"Fibroblasts"
"EndothelialCells","Fibroblasts","Fn1","Itgb8","age30m-age3m",1,-0.00108564592060374,"Fibroblasts"
"Fibroblasts","EndothelialCells","Fn1","Plaur","age30m-age3m",1,-0.00108564592060374,"Fibroblasts"
"Fibroblasts","Leukocytes","Fn1","Itgb3","age30m-age3m",1,-0.00108564592060374,"Fibroblasts"
"EndothelialCells","Fibroblasts","Fn1","Itga2b","age30m-age3m",1,-0.00108564592060374,"Fibroblasts"
"Fibroblasts","EndothelialCells","Fn1","Itga5","age30m-age3m",1,-0.00108564592060374,"Fibroblasts"
"Fibroblasts","EndothelialCells","Fn1","Itgav","age30m-age3m",1,-0.00108564592060374,"Fibroblasts"
"EndothelialCells","Fibroblasts","Fn1","Plaur","age30m-age3m",1,-0.00108564592060374,"Fibroblasts"
"Fibroblasts","Leukocytes","Fn1","Itgb7","age30m-age3m",1,-0.00108564592060374,"Fibroblasts"
"Fibroblasts","Fibroblasts","Fn1","Sdc1","age30m-age3m",1,-0.00108564592060374,"Fibroblasts"
"Leukocytes","Myocytes","Fn1","Cd44","age30m-age3m",1,-0.00108564592060374,"Fibroblasts"
"EndothelialCells","Leukocytes","Fn1","Itgb1","age30m-age3m",1,-0.00108564592060374,"Fibroblasts"
"Fibroblasts","Leukocytes","Fn1","Cd44","age30m-age3m",1,-0.00108564592060374,"Fibroblasts"
"Fibroblasts","Fibroblasts","Fn1","Itgb3","age30m-age3m",1,-0.00108564592060374,"Fibroblasts"
"Leukocytes","Myocytes","Fn1","Itgb1","age30m-age3m",1,-0.00108564592060374,"Fibroblasts"
"Fibroblasts","Leukocytes","Fn1","Itga4","age30m-age3m",1,-0.00108564592060374,"Fibroblasts"
"Leukocytes","Leukocytes","Fn1","Sdc2","age30m-age3m",1,-0.00108564592060374,"Fibroblasts"
"EndothelialCells","Fibroblasts","Fn1","Itgb1","age30m-age3m",1,-0.00108564592060374,"Fibroblasts"
"Fibroblasts","Fibroblasts","Fn1","Cd44","age30m-age3m",1,-0.00108564592060374,"Fibroblasts"
"EndothelialCells","Fibroblasts","Fn1","Nt5e","age30m-age3m",1,-0.00108564592060374,"Fibroblasts"
"Leukocytes","Myocytes","Fn1","Sdc2","age30m-age3m",1,-0.00108564592060374,"Fibroblasts"
"Fibroblasts","EndothelialCells","Fn1","Itga9","age30m-age3m",1,-0.00108564592060374,"Fibroblasts"
"Fibroblasts","Fibroblasts","Fn1","Itgb8","age30m-age3m",1,-0.00108564592060374,"Fibroblasts"
"Fibroblasts","Fibroblasts","Fn1","Itga2b","age30m-age3m",1,-0.00108564592060374,"Fibroblasts"
"Leukocytes","Fibroblasts","Fn1","Itgb7","age30m-age3m",1,-0.00108564592060374,"Fibroblasts"
"Fibroblasts","Fibroblasts","Fn1","Plaur","age30m-age3m",1,-0.00108564592060374,"Fibroblasts"
"Fibroblasts","Leukocytes","Fn1","Itgb1","age30m-age3m",1,-0.00108564592060374,"Fibroblasts"
"Leukocytes","Myocytes","Fn1","Itga5","age30m-age3m",1,-0.00108564592060374,"Fibroblasts"
"EndothelialCells","Myocytes","Fn1","Cd44","age30m-age3m",1,-0.00108564592060374,"Fibroblasts"
"Fibroblasts","Fibroblasts","Fn1","Itgb1","age30m-age3m",1,-0.00108564592060374,"Fibroblasts"
"EndothelialCells","Myocytes","Fn1","Itgb1","age30m-age3m",1,-0.00108564592060374,"Fibroblasts"
"Leukocytes","EndothelialCells","Fn1","Cd44","age30m-age3m",1,-0.00108564592060374,"Fibroblasts"
"EndothelialCells","Leukocytes","Fn1","Sdc2","age30m-age3m",1,-0.00108564592060374,"Fibroblasts"
"Fibroblasts","Fibroblasts","Fn1","Nt5e","age30m-age3m",1,-0.00108564592060374,"Fibroblasts"
"EndothelialCells","Myocytes","Fn1","Sdc2","age30m-age3m",1,-0.00108564592060374,"Fibroblasts"
"EndothelialCells","Fibroblasts","Fn1","Itgb7","age30m-age3m",1,-0.00108564592060374,"Fibroblasts"
"Fibroblasts","Myocytes","Fn1","Cd44","age30m-age3m",1,-0.00108564592060374,"Fibroblasts"
"EndothelialCells","Myocytes","Fn1","Itga5","age30m-age3m",1,-0.00108564592060374,"Fibroblasts"
"Fibroblasts","Myocytes","Fn1","Itgb1","age30m-age3m",1,-0.00108564592060374,"Fibroblasts"
"Fibroblasts","Leukocytes","Fn1","Sdc2","age30m-age3m",1,-0.00108564592060374,"Fibroblasts"
"EndothelialCells","EndothelialCells","Fn1","Cd44","age30m-age3m",1,-0.00108564592060374,"Fibroblasts"
"Fibroblasts","Myocytes","Fn1","Sdc2","age30m-age3m",1,-0.00108564592060374,"Fibroblasts"
"Fibroblasts","Fibroblasts","Fn1","Itgb7","age30m-age3m",1,-0.00108564592060374,"Fibroblasts"
"Fibroblasts","Myocytes","Fn1","Itga5","age30m-age3m",1,-0.00108564592060374,"Fibroblasts"
"Fibroblasts","EndothelialCells","Fn1","Cd44","age30m-age3m",1,-0.00108564592060374,"Fibroblasts"
"Leukocytes","Fibroblasts","C1qb","Lrp1","age30m-age3m",1,-0.00108788730237301,"Fibroblasts"
"Leukocytes","Leukocytes","C1qb","Lrp1","age30m-age3m",1,-0.00108788730237301,"Fibroblasts"
"Fibroblasts","Fibroblasts","C1qb","Lrp1","age30m-age3m",1,-0.00108788730237301,"Fibroblasts"
"Leukocytes","Leukocytes","C1qb","Cd33","age30m-age3m",1,-0.00108788730237301,"Fibroblasts"
"EndothelialCells","Fibroblasts","C1qb","Lrp1","age30m-age3m",1,-0.00108788730237301,"Fibroblasts"
"Fibroblasts","Leukocytes","C1qb","Lrp1","age30m-age3m",1,-0.00108788730237301,"Fibroblasts"
"EndothelialCells","Leukocytes","C1qb","Lrp1","age30m-age3m",1,-0.00108788730237301,"Fibroblasts"
"Fibroblasts","Leukocytes","C1qb","Cd33","age30m-age3m",1,-0.00108788730237301,"Fibroblasts"
"EndothelialCells","Leukocytes","C1qb","Cd33","age30m-age3m",1,-0.00108788730237301,"Fibroblasts"
"Myocytes","Fibroblasts","C1qb","Lrp1","age30m-age3m",1,-0.00108788730237301,"Fibroblasts"
"Leukocytes","EndothelialCells","C1qb","Lrp1","age30m-age3m",1,-0.00108788730237301,"Fibroblasts"
"Myocytes","Leukocytes","C1qb","Lrp1","age30m-age3m",1,-0.00108788730237301,"Fibroblasts"
"Leukocytes","Myocytes","C1qb","Lrp1","age30m-age3m",1,-0.00108788730237301,"Fibroblasts"
"Myocytes","Leukocytes","C1qb","Cd33","age30m-age3m",1,-0.00108788730237301,"Fibroblasts"
"Fibroblasts","EndothelialCells","C1qb","Lrp1","age30m-age3m",1,-0.00108788730237301,"Fibroblasts"
"EndothelialCells","EndothelialCells","C1qb","Lrp1","age30m-age3m",1,-0.00108788730237301,"Fibroblasts"
"Fibroblasts","Myocytes","C1qb","Lrp1","age30m-age3m",1,-0.00108788730237301,"Fibroblasts"
"EndothelialCells","Myocytes","C1qb","Lrp1","age30m-age3m",1,-0.00108788730237301,"Fibroblasts"
"Myocytes","Myocytes","C1qb","Lrp1","age30m-age3m",1,-0.00108788730237301,"Fibroblasts"
"Leukocytes","Fibroblasts","Ezr","Slc9a1","age30m-age3m",1,-0.00108828105338681,"Fibroblasts"
"Fibroblasts","Fibroblasts","Ezr","Slc9a1","age30m-age3m",1,-0.00108828105338681,"Fibroblasts"
"Leukocytes","Leukocytes","Ezr","Slc9a1","age30m-age3m",1,-0.00108828105338681,"Fibroblasts"
"Fibroblasts","Leukocytes","Ezr","Slc9a1","age30m-age3m",1,-0.00108828105338681,"Fibroblasts"
"EndothelialCells","Fibroblasts","Ezr","Slc9a1","age30m-age3m",1,-0.00108828105338681,"Fibroblasts"
"EndothelialCells","Leukocytes","Ezr","Slc9a1","age30m-age3m",1,-0.00108828105338681,"Fibroblasts"
"Leukocytes","EndothelialCells","Ezr","Slc9a1","age30m-age3m",1,-0.00108828105338681,"Fibroblasts"
"Fibroblasts","EndothelialCells","Ezr","Slc9a1","age30m-age3m",1,-0.00108828105338681,"Fibroblasts"
"EndothelialCells","EndothelialCells","Ezr","Slc9a1","age30m-age3m",1,-0.00108828105338681,"Fibroblasts"
"Myocytes","Fibroblasts","Ezr","Slc9a1","age30m-age3m",1,-0.00108828105338681,"Fibroblasts"
"Myocytes","Leukocytes","Ezr","Slc9a1","age30m-age3m",1,-0.00108828105338681,"Fibroblasts"
"Myocytes","EndothelialCells","Ezr","Slc9a1","age30m-age3m",1,-0.00108828105338681,"Fibroblasts"
"EndothelialCells","Leukocytes","Anxa2","Tlr2","age30m-age3m",1,-0.00109335832452292,"Fibroblasts"
"Fibroblasts","Leukocytes","Anxa2","Tlr2","age30m-age3m",1,-0.00109335832452292,"Fibroblasts"
"Leukocytes","Leukocytes","Anxa2","Tlr2","age30m-age3m",1,-0.00109335832452292,"Fibroblasts"
"EndothelialCells","Fibroblasts","Anxa2","Plat","age30m-age3m",1,-0.00109335832452292,"Fibroblasts"
"Fibroblasts","Fibroblasts","Anxa2","Plat","age30m-age3m",1,-0.00109335832452292,"Fibroblasts"
"Leukocytes","Fibroblasts","Anxa2","Plat","age30m-age3m",1,-0.00109335832452292,"Fibroblasts"
"EndothelialCells","EndothelialCells","Anxa2","Plat","age30m-age3m",1,-0.00109335832452292,"Fibroblasts"
"Fibroblasts","EndothelialCells","Anxa2","Plat","age30m-age3m",1,-0.00109335832452292,"Fibroblasts"
"Leukocytes","EndothelialCells","Anxa2","Plat","age30m-age3m",1,-0.00109335832452292,"Fibroblasts"
"EndothelialCells","EndothelialCells","Anxa2","Robo4","age30m-age3m",1,-0.00109335832452292,"Fibroblasts"
"EndothelialCells","EndothelialCells","Anxa2","Dysf","age30m-age3m",1,-0.00109335832452292,"Fibroblasts"
"Fibroblasts","EndothelialCells","Anxa2","Robo4","age30m-age3m",1,-0.00109335832452292,"Fibroblasts"
"Fibroblasts","EndothelialCells","Anxa2","Dysf","age30m-age3m",1,-0.00109335832452292,"Fibroblasts"
"Leukocytes","EndothelialCells","Anxa2","Robo4","age30m-age3m",1,-0.00109335832452292,"Fibroblasts"
"Leukocytes","EndothelialCells","Anxa2","Dysf","age30m-age3m",1,-0.00109335832452292,"Fibroblasts"
"EndothelialCells","Fibroblasts","Anxa2","Egfr","age30m-age3m",1,-0.00109335832452292,"Fibroblasts"
"EndothelialCells","Leukocytes","Anxa2","Plat","age30m-age3m",1,-0.00109335832452292,"Fibroblasts"
"Fibroblasts","Fibroblasts","Anxa2","Egfr","age30m-age3m",1,-0.00109335832452292,"Fibroblasts"
"Fibroblasts","Leukocytes","Anxa2","Plat","age30m-age3m",1,-0.00109335832452292,"Fibroblasts"
"Leukocytes","Fibroblasts","Anxa2","Egfr","age30m-age3m",1,-0.00109335832452292,"Fibroblasts"
"Leukocytes","Leukocytes","Anxa2","Plat","age30m-age3m",1,-0.00109335832452292,"Fibroblasts"
"Myocytes","Leukocytes","Anxa2","Tlr2","age30m-age3m",1,-0.00109335832452292,"Fibroblasts"
"Myocytes","Fibroblasts","Anxa2","Plat","age30m-age3m",1,-0.00109335832452292,"Fibroblasts"
"Myocytes","EndothelialCells","Anxa2","Plat","age30m-age3m",1,-0.00109335832452292,"Fibroblasts"
"EndothelialCells","Fibroblasts","Anxa2","Tlr2","age30m-age3m",1,-0.00109335832452292,"Fibroblasts"
"Fibroblasts","Fibroblasts","Anxa2","Tlr2","age30m-age3m",1,-0.00109335832452292,"Fibroblasts"
"Leukocytes","Fibroblasts","Anxa2","Tlr2","age30m-age3m",1,-0.00109335832452292,"Fibroblasts"
"Myocytes","EndothelialCells","Anxa2","Robo4","age30m-age3m",1,-0.00109335832452292,"Fibroblasts"
"Myocytes","EndothelialCells","Anxa2","Dysf","age30m-age3m",1,-0.00109335832452292,"Fibroblasts"
"EndothelialCells","Leukocytes","Anxa2","Robo4","age30m-age3m",1,-0.00109335832452292,"Fibroblasts"
"Myocytes","Fibroblasts","Anxa2","Egfr","age30m-age3m",1,-0.00109335832452292,"Fibroblasts"
"Fibroblasts","Leukocytes","Anxa2","Robo4","age30m-age3m",1,-0.00109335832452292,"Fibroblasts"
"EndothelialCells","Leukocytes","Anxa2","Dysf","age30m-age3m",1,-0.00109335832452292,"Fibroblasts"
"Myocytes","Leukocytes","Anxa2","Plat","age30m-age3m",1,-0.00109335832452292,"Fibroblasts"
"Fibroblasts","Leukocytes","Anxa2","Dysf","age30m-age3m",1,-0.00109335832452292,"Fibroblasts"
"Leukocytes","Leukocytes","Anxa2","Robo4","age30m-age3m",1,-0.00109335832452292,"Fibroblasts"
"Leukocytes","Leukocytes","Anxa2","Dysf","age30m-age3m",1,-0.00109335832452292,"Fibroblasts"
"Myocytes","Fibroblasts","Anxa2","Tlr2","age30m-age3m",1,-0.00109335832452292,"Fibroblasts"
"EndothelialCells","Myocytes","Anxa2","Robo4","age30m-age3m",1,-0.00109335832452292,"Fibroblasts"
"EndothelialCells","Leukocytes","Anxa2","Egfr","age30m-age3m",1,-0.00109335832452292,"Fibroblasts"
"Fibroblasts","Myocytes","Anxa2","Robo4","age30m-age3m",1,-0.00109335832452292,"Fibroblasts"
"Fibroblasts","Leukocytes","Anxa2","Egfr","age30m-age3m",1,-0.00109335832452292,"Fibroblasts"
"Leukocytes","Myocytes","Anxa2","Robo4","age30m-age3m",1,-0.00109335832452292,"Fibroblasts"
"Leukocytes","Leukocytes","Anxa2","Egfr","age30m-age3m",1,-0.00109335832452292,"Fibroblasts"
"Myocytes","Leukocytes","Anxa2","Robo4","age30m-age3m",1,-0.00109335832452292,"Fibroblasts"
"Myocytes","Leukocytes","Anxa2","Dysf","age30m-age3m",1,-0.00109335832452292,"Fibroblasts"
"EndothelialCells","Myocytes","Anxa2","Dysf","age30m-age3m",1,-0.00109335832452292,"Fibroblasts"
"Fibroblasts","Myocytes","Anxa2","Dysf","age30m-age3m",1,-0.00109335832452292,"Fibroblasts"
"Leukocytes","Myocytes","Anxa2","Dysf","age30m-age3m",1,-0.00109335832452292,"Fibroblasts"
"Myocytes","Myocytes","Anxa2","Robo4","age30m-age3m",1,-0.00109335832452292,"Fibroblasts"
"Myocytes","Leukocytes","Anxa2","Egfr","age30m-age3m",1,-0.00109335832452292,"Fibroblasts"
"Myocytes","Myocytes","Anxa2","Dysf","age30m-age3m",1,-0.00109335832452292,"Fibroblasts"
"Fibroblasts","Fibroblasts","C3","Lrp1","age30m-age3m",1,-0.00109454446958585,"Fibroblasts"
"Fibroblasts","Leukocytes","C3","Vsig4","age30m-age3m",1,-0.00109454446958585,"Fibroblasts"
"Fibroblasts","Leukocytes","C3","C3ar1","age30m-age3m",1,-0.00109454446958585,"Fibroblasts"
"Fibroblasts","EndothelialCells","C3","Cr1l","age30m-age3m",1,-0.00109454446958585,"Fibroblasts"
"Fibroblasts","Leukocytes","C3","Lrp1","age30m-age3m",1,-0.00109454446958585,"Fibroblasts"
"Leukocytes","Fibroblasts","C3","Lrp1","age30m-age3m",1,-0.00109454446958585,"Fibroblasts"
"Leukocytes","Leukocytes","C3","Vsig4","age30m-age3m",1,-0.00109454446958585,"Fibroblasts"
"Fibroblasts","Fibroblasts","C3","Cr1l","age30m-age3m",1,-0.00109454446958585,"Fibroblasts"
"Fibroblasts","Leukocytes","C3","Itgam","age30m-age3m",1,-0.00109454446958585,"Fibroblasts"
"Leukocytes","Leukocytes","C3","C3ar1","age30m-age3m",1,-0.00109454446958585,"Fibroblasts"
"Fibroblasts","Leukocytes","C3","Cr1l","age30m-age3m",1,-0.00109454446958585,"Fibroblasts"
"Fibroblasts","Leukocytes","C3","Itgb2","age30m-age3m",1,-0.00109454446958585,"Fibroblasts"
"Leukocytes","EndothelialCells","C3","Cr1l","age30m-age3m",1,-0.00109454446958585,"Fibroblasts"
"Leukocytes","Leukocytes","C3","Lrp1","age30m-age3m",1,-0.00109454446958585,"Fibroblasts"
"EndothelialCells","Fibroblasts","C3","Lrp1","age30m-age3m",1,-0.00109454446958585,"Fibroblasts"
"Leukocytes","Fibroblasts","C3","Cr1l","age30m-age3m",1,-0.00109454446958585,"Fibroblasts"
"Leukocytes","Leukocytes","C3","Itgam","age30m-age3m",1,-0.00109454446958585,"Fibroblasts"
"EndothelialCells","Leukocytes","C3","Vsig4","age30m-age3m",1,-0.00109454446958585,"Fibroblasts"
"Leukocytes","Leukocytes","C3","Cr1l","age30m-age3m",1,-0.00109454446958585,"Fibroblasts"
"Leukocytes","Leukocytes","C3","Itgb2","age30m-age3m",1,-0.00109454446958585,"Fibroblasts"
"EndothelialCells","Leukocytes","C3","C3ar1","age30m-age3m",1,-0.00109454446958585,"Fibroblasts"
"Fibroblasts","Myocytes","C3","Itgax","age30m-age3m",1,-0.00109454446958585,"Fibroblasts"
"EndothelialCells","EndothelialCells","C3","Cr1l","age30m-age3m",1,-0.00109454446958585,"Fibroblasts"
"EndothelialCells","Leukocytes","C3","Lrp1","age30m-age3m",1,-0.00109454446958585,"Fibroblasts"
"Fibroblasts","Leukocytes","C3","Itgax","age30m-age3m",1,-0.00109454446958585,"Fibroblasts"
"Fibroblasts","Fibroblasts","C3","Vsig4","age30m-age3m",1,-0.00109454446958585,"Fibroblasts"
"EndothelialCells","Fibroblasts","C3","Cr1l","age30m-age3m",1,-0.00109454446958585,"Fibroblasts"
"EndothelialCells","Leukocytes","C3","Itgam","age30m-age3m",1,-0.00109454446958585,"Fibroblasts"
"EndothelialCells","Leukocytes","C3","Cr1l","age30m-age3m",1,-0.00109454446958585,"Fibroblasts"
"Leukocytes","Myocytes","C3","Itgax","age30m-age3m",1,-0.00109454446958585,"Fibroblasts"
"Fibroblasts","EndothelialCells","C3","Lrp1","age30m-age3m",1,-0.00109454446958585,"Fibroblasts"
"EndothelialCells","Leukocytes","C3","Itgb2","age30m-age3m",1,-0.00109454446958585,"Fibroblasts"
"Leukocytes","Leukocytes","C3","Itgax","age30m-age3m",1,-0.00109454446958585,"Fibroblasts"
"Myocytes","Fibroblasts","C3","Lrp1","age30m-age3m",1,-0.00109454446958585,"Fibroblasts"
"Leukocytes","Fibroblasts","C3","Vsig4","age30m-age3m",1,-0.00109454446958585,"Fibroblasts"
"Myocytes","Leukocytes","C3","Vsig4","age30m-age3m",1,-0.00109454446958585,"Fibroblasts"
"Fibroblasts","EndothelialCells","C3","Itgb2","age30m-age3m",1,-0.00109454446958585,"Fibroblasts"
"Myocytes","Leukocytes","C3","C3ar1","age30m-age3m",1,-0.00109454446958585,"Fibroblasts"
"Leukocytes","EndothelialCells","C3","Lrp1","age30m-age3m",1,-0.00109454446958585,"Fibroblasts"
"Myocytes","EndothelialCells","C3","Cr1l","age30m-age3m",1,-0.00109454446958585,"Fibroblasts"
"Fibroblasts","Myocytes","C3","Lrp1","age30m-age3m",1,-0.00109454446958585,"Fibroblasts"
"EndothelialCells","Myocytes","C3","Itgax","age30m-age3m",1,-0.00109454446958585,"Fibroblasts"
"Myocytes","Leukocytes","C3","Lrp1","age30m-age3m",1,-0.00109454446958585,"Fibroblasts"
"Leukocytes","EndothelialCells","C3","Itgb2","age30m-age3m",1,-0.00109454446958585,"Fibroblasts"
"EndothelialCells","Leukocytes","C3","Itgax","age30m-age3m",1,-0.00109454446958585,"Fibroblasts"
"EndothelialCells","Fibroblasts","C3","Vsig4","age30m-age3m",1,-0.00109454446958585,"Fibroblasts"
"Myocytes","Fibroblasts","C3","Cr1l","age30m-age3m",1,-0.00109454446958585,"Fibroblasts"
"Myocytes","Leukocytes","C3","Itgam","age30m-age3m",1,-0.00109454446958585,"Fibroblasts"
"Fibroblasts","Myocytes","C3","Cr1l","age30m-age3m",1,-0.00109454446958585,"Fibroblasts"
"Myocytes","Leukocytes","C3","Cr1l","age30m-age3m",1,-0.00109454446958585,"Fibroblasts"
"Myocytes","Leukocytes","C3","Itgb2","age30m-age3m",1,-0.00109454446958585,"Fibroblasts"
"Leukocytes","Myocytes","C3","Lrp1","age30m-age3m",1,-0.00109454446958585,"Fibroblasts"
"EndothelialCells","EndothelialCells","C3","Lrp1","age30m-age3m",1,-0.00109454446958585,"Fibroblasts"
"EndothelialCells","EndothelialCells","C3","Itgb2","age30m-age3m",1,-0.00109454446958585,"Fibroblasts"
"Leukocytes","Myocytes","C3","Cr1l","age30m-age3m",1,-0.00109454446958585,"Fibroblasts"
"EndothelialCells","Myocytes","C3","Lrp1","age30m-age3m",1,-0.00109454446958585,"Fibroblasts"
"Myocytes","Myocytes","C3","Lrp1","age30m-age3m",1,-0.00109454446958585,"Fibroblasts"
"EndothelialCells","Myocytes","C3","Cr1l","age30m-age3m",1,-0.00109454446958585,"Fibroblasts"
"Myocytes","Myocytes","C3","Cr1l","age30m-age3m",1,-0.00109454446958585,"Fibroblasts"
"Fibroblasts","Fibroblasts","Col6a1","Itga11","age30m-age3m",1,-0.00109730588595313,"Fibroblasts"
"Fibroblasts","EndothelialCells","Col6a1","Itga1","age30m-age3m",1,-0.00109730588595313,"Fibroblasts"
"Fibroblasts","EndothelialCells","Col6a1","Itga6","age30m-age3m",1,-0.00109730588595313,"Fibroblasts"
"Fibroblasts","Fibroblasts","Col6a1","Itga1","age30m-age3m",1,-0.00109730588595313,"Fibroblasts"
"Fibroblasts","EndothelialCells","Col6a1","Itgb1","age30m-age3m",1,-0.00109730588595313,"Fibroblasts"
"Fibroblasts","Leukocytes","Col6a1","Itgb1","age30m-age3m",1,-0.00109730588595313,"Fibroblasts"
"Fibroblasts","Fibroblasts","Col6a1","Itgb1","age30m-age3m",1,-0.00109730588595313,"Fibroblasts"
"Leukocytes","Fibroblasts","Col6a1","Itga11","age30m-age3m",1,-0.00109730588595313,"Fibroblasts"
"Myocytes","Fibroblasts","Col6a1","Itga11","age30m-age3m",1,-0.00109730588595313,"Fibroblasts"
"Leukocytes","EndothelialCells","Col6a1","Itga1","age30m-age3m",1,-0.00109730588595313,"Fibroblasts"
"Leukocytes","EndothelialCells","Col6a1","Itga6","age30m-age3m",1,-0.00109730588595313,"Fibroblasts"
"Fibroblasts","Myocytes","Col6a1","Itgb1","age30m-age3m",1,-0.00109730588595313,"Fibroblasts"
"Myocytes","EndothelialCells","Col6a1","Itga1","age30m-age3m",1,-0.00109730588595313,"Fibroblasts"
"Myocytes","EndothelialCells","Col6a1","Itga6","age30m-age3m",1,-0.00109730588595313,"Fibroblasts"
"Leukocytes","Fibroblasts","Col6a1","Itga1","age30m-age3m",1,-0.00109730588595313,"Fibroblasts"
"Leukocytes","EndothelialCells","Col6a1","Itgb1","age30m-age3m",1,-0.00109730588595313,"Fibroblasts"
"Myocytes","Fibroblasts","Col6a1","Itga1","age30m-age3m",1,-0.00109730588595313,"Fibroblasts"
"Myocytes","EndothelialCells","Col6a1","Itgb1","age30m-age3m",1,-0.00109730588595313,"Fibroblasts"
"Fibroblasts","Myocytes","Col6a1","Itga6","age30m-age3m",1,-0.00109730588595313,"Fibroblasts"
"Leukocytes","Leukocytes","Col6a1","Itgb1","age30m-age3m",1,-0.00109730588595313,"Fibroblasts"
"Myocytes","Leukocytes","Col6a1","Itgb1","age30m-age3m",1,-0.00109730588595313,"Fibroblasts"
"Leukocytes","Fibroblasts","Col6a1","Itgb1","age30m-age3m",1,-0.00109730588595313,"Fibroblasts"
"Myocytes","Fibroblasts","Col6a1","Itgb1","age30m-age3m",1,-0.00109730588595313,"Fibroblasts"
"Myocytes","Myocytes","Col6a1","Itga6","age30m-age3m",1,-0.00109730588595313,"Fibroblasts"
"Leukocytes","Myocytes","Col6a1","Itgb1","age30m-age3m",1,-0.00109730588595313,"Fibroblasts"
"Myocytes","Myocytes","Col6a1","Itgb1","age30m-age3m",1,-0.00109730588595313,"Fibroblasts"
"Myocytes","Leukocytes","Arf1","Pld2","age30m-age3m",1,-0.0010998281321772,"Fibroblasts"
"Myocytes","EndothelialCells","Arf1","Pld2","age30m-age3m",1,-0.0010998281321772,"Fibroblasts"
"Myocytes","Fibroblasts","Arf1","Pld2","age30m-age3m",1,-0.0010998281321772,"Fibroblasts"
"EndothelialCells","Leukocytes","Arf1","Pld2","age30m-age3m",1,-0.0010998281321772,"Fibroblasts"
"EndothelialCells","EndothelialCells","Arf1","Pld2","age30m-age3m",1,-0.0010998281321772,"Fibroblasts"
"EndothelialCells","Fibroblasts","Arf1","Pld2","age30m-age3m",1,-0.0010998281321772,"Fibroblasts"
"Leukocytes","Leukocytes","Arf1","Pld2","age30m-age3m",1,-0.0010998281321772,"Fibroblasts"
"Leukocytes","EndothelialCells","Arf1","Pld2","age30m-age3m",1,-0.0010998281321772,"Fibroblasts"
"Fibroblasts","Leukocytes","Arf1","Pld2","age30m-age3m",1,-0.0010998281321772,"Fibroblasts"
"Fibroblasts","EndothelialCells","Arf1","Pld2","age30m-age3m",1,-0.0010998281321772,"Fibroblasts"
"Leukocytes","Fibroblasts","Arf1","Pld2","age30m-age3m",1,-0.0010998281321772,"Fibroblasts"
"Fibroblasts","Fibroblasts","Arf1","Pld2","age30m-age3m",1,-0.0010998281321772,"Fibroblasts"
"Fibroblasts","EndothelialCells","Col18a1","Kdr","age30m-age3m",1,-0.00110194673087007,"Fibroblasts"
"Fibroblasts","Fibroblasts","Col18a1","Itga5","age30m-age3m",1,-0.00110194673087007,"Fibroblasts"
"Fibroblasts","Fibroblasts","Col18a1","Ptprs","age30m-age3m",1,-0.00110194673087007,"Fibroblasts"
"Fibroblasts","Leukocytes","Col18a1","Itga5","age30m-age3m",1,-0.00110194673087007,"Fibroblasts"
"Fibroblasts","Leukocytes","Col18a1","Kdr","age30m-age3m",1,-0.00110194673087007,"Fibroblasts"
"Fibroblasts","EndothelialCells","Col18a1","Itga1","age30m-age3m",1,-0.00110194673087007,"Fibroblasts"
"Fibroblasts","EndothelialCells","Col18a1","Itgb1","age30m-age3m",1,-0.00110194673087007,"Fibroblasts"
"Fibroblasts","Fibroblasts","Col18a1","Gpc4","age30m-age3m",1,-0.00110194673087007,"Fibroblasts"
"Fibroblasts","Fibroblasts","Col18a1","Itga11","age30m-age3m",1,-0.00110194673087007,"Fibroblasts"
"Fibroblasts","Fibroblasts","Col18a1","Kdr","age30m-age3m",1,-0.00110194673087007,"Fibroblasts"
"Fibroblasts","EndothelialCells","Col18a1","Itga5","age30m-age3m",1,-0.00110194673087007,"Fibroblasts"
"Fibroblasts","Myocytes","Col18a1","Gpc1","age30m-age3m",1,-0.00110194673087007,"Fibroblasts"
"Fibroblasts","Fibroblasts","Col18a1","Itga1","age30m-age3m",1,-0.00110194673087007,"Fibroblasts"
"Leukocytes","EndothelialCells","Col18a1","Kdr","age30m-age3m",1,-0.00110194673087007,"Fibroblasts"
"Leukocytes","Fibroblasts","Col18a1","Itga5","age30m-age3m",1,-0.00110194673087007,"Fibroblasts"
"Fibroblasts","Leukocytes","Col18a1","Itgb1","age30m-age3m",1,-0.00110194673087007,"Fibroblasts"
"Myocytes","EndothelialCells","Col18a1","Kdr","age30m-age3m",1,-0.00110194673087007,"Fibroblasts"
"Fibroblasts","Leukocytes","Col18a1","Ptprs","age30m-age3m",1,-0.00110194673087007,"Fibroblasts"
"Leukocytes","Fibroblasts","Col18a1","Ptprs","age30m-age3m",1,-0.00110194673087007,"Fibroblasts"
"Myocytes","Fibroblasts","Col18a1","Itga5","age30m-age3m",1,-0.00110194673087007,"Fibroblasts"
"Leukocytes","Leukocytes","Col18a1","Itga5","age30m-age3m",1,-0.00110194673087007,"Fibroblasts"
"Leukocytes","Leukocytes","Col18a1","Kdr","age30m-age3m",1,-0.00110194673087007,"Fibroblasts"
"Fibroblasts","Fibroblasts","Col18a1","Itgb1","age30m-age3m",1,-0.00110194673087007,"Fibroblasts"
"EndothelialCells","EndothelialCells","Col18a1","Kdr","age30m-age3m",1,-0.00110194673087007,"Fibroblasts"
"Leukocytes","EndothelialCells","Col18a1","Itga1","age30m-age3m",1,-0.00110194673087007,"Fibroblasts"
"Fibroblasts","EndothelialCells","Col18a1","Gpc4","age30m-age3m",1,-0.00110194673087007,"Fibroblasts"
"EndothelialCells","Fibroblasts","Col18a1","Itga5","age30m-age3m",1,-0.00110194673087007,"Fibroblasts"
"Myocytes","Fibroblasts","Col18a1","Ptprs","age30m-age3m",1,-0.00110194673087007,"Fibroblasts"
"Myocytes","Leukocytes","Col18a1","Itga5","age30m-age3m",1,-0.00110194673087007,"Fibroblasts"
"Myocytes","Leukocytes","Col18a1","Kdr","age30m-age3m",1,-0.00110194673087007,"Fibroblasts"
"Leukocytes","EndothelialCells","Col18a1","Itgb1","age30m-age3m",1,-0.00110194673087007,"Fibroblasts"
"EndothelialCells","Fibroblasts","Col18a1","Ptprs","age30m-age3m",1,-0.00110194673087007,"Fibroblasts"
"Myocytes","EndothelialCells","Col18a1","Itga1","age30m-age3m",1,-0.00110194673087007,"Fibroblasts"
"EndothelialCells","Leukocytes","Col18a1","Itga5","age30m-age3m",1,-0.00110194673087007,"Fibroblasts"
"EndothelialCells","Leukocytes","Col18a1","Kdr","age30m-age3m",1,-0.00110194673087007,"Fibroblasts"
"Leukocytes","Fibroblasts","Col18a1","Gpc4","age30m-age3m",1,-0.00110194673087007,"Fibroblasts"
"Leukocytes","Fibroblasts","Col18a1","Itga11","age30m-age3m",1,-0.00110194673087007,"Fibroblasts"
"Leukocytes","Fibroblasts","Col18a1","Kdr","age30m-age3m",1,-0.00110194673087007,"Fibroblasts"
"Leukocytes","EndothelialCells","Col18a1","Itga5","age30m-age3m",1,-0.00110194673087007,"Fibroblasts"
"Myocytes","EndothelialCells","Col18a1","Itgb1","age30m-age3m",1,-0.00110194673087007,"Fibroblasts"
"EndothelialCells","EndothelialCells","Col18a1","Itga1","age30m-age3m",1,-0.00110194673087007,"Fibroblasts"
"Myocytes","Fibroblasts","Col18a1","Gpc4","age30m-age3m",1,-0.00110194673087007,"Fibroblasts"
"Myocytes","Fibroblasts","Col18a1","Itga11","age30m-age3m",1,-0.00110194673087007,"Fibroblasts"
"Leukocytes","Myocytes","Col18a1","Gpc1","age30m-age3m",1,-0.00110194673087007,"Fibroblasts"
"Leukocytes","Fibroblasts","Col18a1","Itga1","age30m-age3m",1,-0.00110194673087007,"Fibroblasts"
"Myocytes","Fibroblasts","Col18a1","Kdr","age30m-age3m",1,-0.00110194673087007,"Fibroblasts"
"Myocytes","EndothelialCells","Col18a1","Itga5","age30m-age3m",1,-0.00110194673087007,"Fibroblasts"
"EndothelialCells","EndothelialCells","Col18a1","Itgb1","age30m-age3m",1,-0.00110194673087007,"Fibroblasts"
"Leukocytes","EndothelialCells","Col18a1","Gpc4","age30m-age3m",1,-0.00110194673087007,"Fibroblasts"
"Myocytes","Leukocytes","Col18a1","Ptprs","age30m-age3m",1,-0.00110194673087007,"Fibroblasts"
"EndothelialCells","Fibroblasts","Col18a1","Gpc4","age30m-age3m",1,-0.00110194673087007,"Fibroblasts"
"EndothelialCells","Fibroblasts","Col18a1","Itga11","age30m-age3m",1,-0.00110194673087007,"Fibroblasts"
"EndothelialCells","Fibroblasts","Col18a1","Kdr","age30m-age3m",1,-0.00110194673087007,"Fibroblasts"
"EndothelialCells","EndothelialCells","Col18a1","Itga5","age30m-age3m",1,-0.00110194673087007,"Fibroblasts"
"Myocytes","Myocytes","Col18a1","Gpc1","age30m-age3m",1,-0.00110194673087007,"Fibroblasts"
"Myocytes","Fibroblasts","Col18a1","Itga1","age30m-age3m",1,-0.00110194673087007,"Fibroblasts"
"Fibroblasts","Myocytes","Col18a1","Itgb1","age30m-age3m",1,-0.00110194673087007,"Fibroblasts"
"Leukocytes","Leukocytes","Col18a1","Itgb1","age30m-age3m",1,-0.00110194673087007,"Fibroblasts"
"EndothelialCells","Myocytes","Col18a1","Gpc1","age30m-age3m",1,-0.00110194673087007,"Fibroblasts"
"EndothelialCells","Fibroblasts","Col18a1","Itga1","age30m-age3m",1,-0.00110194673087007,"Fibroblasts"
"EndothelialCells","EndothelialCells","Col18a1","Gpc4","age30m-age3m",1,-0.00110194673087007,"Fibroblasts"
"Fibroblasts","Myocytes","Col18a1","Gpc4","age30m-age3m",1,-0.00110194673087007,"Fibroblasts"
"Myocytes","Leukocytes","Col18a1","Itgb1","age30m-age3m",1,-0.00110194673087007,"Fibroblasts"
"Leukocytes","Fibroblasts","Col18a1","Itgb1","age30m-age3m",1,-0.00110194673087007,"Fibroblasts"
"EndothelialCells","Leukocytes","Col18a1","Itgb1","age30m-age3m",1,-0.00110194673087007,"Fibroblasts"
"Fibroblasts","Myocytes","Col18a1","Itga5","age30m-age3m",1,-0.00110194673087007,"Fibroblasts"
"Myocytes","Fibroblasts","Col18a1","Itgb1","age30m-age3m",1,-0.00110194673087007,"Fibroblasts"
"EndothelialCells","Fibroblasts","Col18a1","Itgb1","age30m-age3m",1,-0.00110194673087007,"Fibroblasts"
"Myocytes","Myocytes","Col18a1","Gpc4","age30m-age3m",1,-0.00110194673087007,"Fibroblasts"
"Leukocytes","Myocytes","Col18a1","Itgb1","age30m-age3m",1,-0.00110194673087007,"Fibroblasts"
"Myocytes","Myocytes","Col18a1","Itga5","age30m-age3m",1,-0.00110194673087007,"Fibroblasts"
"Myocytes","Myocytes","Col18a1","Itgb1","age30m-age3m",1,-0.00110194673087007,"Fibroblasts"
"EndothelialCells","Myocytes","Col18a1","Itgb1","age30m-age3m",1,-0.00110194673087007,"Fibroblasts"
"Fibroblasts","Fibroblasts","Adam9","Itgav","age30m-age3m",1,-0.00110403266672726,"Fibroblasts"
"Fibroblasts","Fibroblasts","Adam9","Itgb5","age30m-age3m",1,-0.00110403266672726,"Fibroblasts"
"Leukocytes","Fibroblasts","Adam9","Itgav","age30m-age3m",1,-0.00110403266672726,"Fibroblasts"
"Leukocytes","Fibroblasts","Adam9","Itgb5","age30m-age3m",1,-0.00110403266672726,"Fibroblasts"
"EndothelialCells","Fibroblasts","Adam9","Itgav","age30m-age3m",1,-0.00110403266672726,"Fibroblasts"
"EndothelialCells","Fibroblasts","Adam9","Itgb5","age30m-age3m",1,-0.00110403266672726,"Fibroblasts"
"Fibroblasts","Leukocytes","Adam9","Itgav","age30m-age3m",1,-0.00110403266672726,"Fibroblasts"
"Fibroblasts","EndothelialCells","Adam9","Itga6","age30m-age3m",1,-0.00110403266672726,"Fibroblasts"
"Leukocytes","Leukocytes","Adam9","Itgav","age30m-age3m",1,-0.00110403266672726,"Fibroblasts"
"Fibroblasts","EndothelialCells","Adam9","Itgb1","age30m-age3m",1,-0.00110403266672726,"Fibroblasts"
"Leukocytes","EndothelialCells","Adam9","Itga6","age30m-age3m",1,-0.00110403266672726,"Fibroblasts"
"Fibroblasts","Leukocytes","Adam9","Itgb5","age30m-age3m",1,-0.00110403266672726,"Fibroblasts"
"Leukocytes","EndothelialCells","Adam9","Itgb1","age30m-age3m",1,-0.00110403266672726,"Fibroblasts"
"Fibroblasts","EndothelialCells","Adam9","Itgav","age30m-age3m",1,-0.00110403266672726,"Fibroblasts"
"Leukocytes","Leukocytes","Adam9","Itgb5","age30m-age3m",1,-0.00110403266672726,"Fibroblasts"
"EndothelialCells","Leukocytes","Adam9","Itgav","age30m-age3m",1,-0.00110403266672726,"Fibroblasts"
"EndothelialCells","EndothelialCells","Adam9","Itga6","age30m-age3m",1,-0.00110403266672726,"Fibroblasts"
"Leukocytes","EndothelialCells","Adam9","Itgav","age30m-age3m",1,-0.00110403266672726,"Fibroblasts"
"EndothelialCells","EndothelialCells","Adam9","Itgb1","age30m-age3m",1,-0.00110403266672726,"Fibroblasts"
"EndothelialCells","Leukocytes","Adam9","Itgb5","age30m-age3m",1,-0.00110403266672726,"Fibroblasts"
"EndothelialCells","EndothelialCells","Adam9","Itgav","age30m-age3m",1,-0.00110403266672726,"Fibroblasts"
"Fibroblasts","EndothelialCells","Adam9","Itgb5","age30m-age3m",1,-0.00110403266672726,"Fibroblasts"
"Fibroblasts","Fibroblasts","Adam9","Itgb1","age30m-age3m",1,-0.00110403266672726,"Fibroblasts"
"Leukocytes","EndothelialCells","Adam9","Itgb5","age30m-age3m",1,-0.00110403266672726,"Fibroblasts"
"Fibroblasts","Leukocytes","Adam9","Itgb1","age30m-age3m",1,-0.00110403266672726,"Fibroblasts"
"Leukocytes","Fibroblasts","Adam9","Itgb1","age30m-age3m",1,-0.00110403266672726,"Fibroblasts"
"Leukocytes","Leukocytes","Adam9","Itgb1","age30m-age3m",1,-0.00110403266672726,"Fibroblasts"
"EndothelialCells","EndothelialCells","Adam9","Itgb5","age30m-age3m",1,-0.00110403266672726,"Fibroblasts"
"EndothelialCells","Fibroblasts","Adam9","Itgb1","age30m-age3m",1,-0.00110403266672726,"Fibroblasts"
"EndothelialCells","Leukocytes","Adam9","Itgb1","age30m-age3m",1,-0.00110403266672726,"Fibroblasts"
"Myocytes","Fibroblasts","Adam9","Itgav","age30m-age3m",1,-0.00110403266672726,"Fibroblasts"
"Myocytes","Fibroblasts","Adam9","Itgb5","age30m-age3m",1,-0.00110403266672726,"Fibroblasts"
"Fibroblasts","Myocytes","Adam9","Itgb1","age30m-age3m",1,-0.00110403266672726,"Fibroblasts"
"Leukocytes","Myocytes","Adam9","Itgb1","age30m-age3m",1,-0.00110403266672726,"Fibroblasts"
"Fibroblasts","Myocytes","Adam9","Itga6","age30m-age3m",1,-0.00110403266672726,"Fibroblasts"
"Fibroblasts","Myocytes","Adam9","Itgb5","age30m-age3m",1,-0.00110403266672726,"Fibroblasts"
"Leukocytes","Myocytes","Adam9","Itga6","age30m-age3m",1,-0.00110403266672726,"Fibroblasts"
"Leukocytes","Myocytes","Adam9","Itgb5","age30m-age3m",1,-0.00110403266672726,"Fibroblasts"
"Myocytes","Leukocytes","Adam9","Itgav","age30m-age3m",1,-0.00110403266672726,"Fibroblasts"
"Myocytes","EndothelialCells","Adam9","Itga6","age30m-age3m",1,-0.00110403266672726,"Fibroblasts"
"EndothelialCells","Myocytes","Adam9","Itgb1","age30m-age3m",1,-0.00110403266672726,"Fibroblasts"
"Myocytes","EndothelialCells","Adam9","Itgb1","age30m-age3m",1,-0.00110403266672726,"Fibroblasts"
"EndothelialCells","Myocytes","Adam9","Itga6","age30m-age3m",1,-0.00110403266672726,"Fibroblasts"
"EndothelialCells","Myocytes","Adam9","Itgb5","age30m-age3m",1,-0.00110403266672726,"Fibroblasts"
"Myocytes","Leukocytes","Adam9","Itgb5","age30m-age3m",1,-0.00110403266672726,"Fibroblasts"
"Myocytes","EndothelialCells","Adam9","Itgav","age30m-age3m",1,-0.00110403266672726,"Fibroblasts"
"Myocytes","EndothelialCells","Adam9","Itgb5","age30m-age3m",1,-0.00110403266672726,"Fibroblasts"
"Myocytes","Fibroblasts","Adam9","Itgb1","age30m-age3m",1,-0.00110403266672726,"Fibroblasts"
"Myocytes","Leukocytes","Adam9","Itgb1","age30m-age3m",1,-0.00110403266672726,"Fibroblasts"
"Myocytes","Myocytes","Adam9","Itga6","age30m-age3m",1,-0.00110403266672726,"Fibroblasts"
"Myocytes","Myocytes","Adam9","Itgb5","age30m-age3m",1,-0.00110403266672726,"Fibroblasts"
"Myocytes","Myocytes","Adam9","Itgb1","age30m-age3m",1,-0.00110403266672726,"Fibroblasts"
"Fibroblasts","EndothelialCells","Col6a6","Itga1","age30m-age3m",1,-0.00110639774757948,"Fibroblasts"
"Fibroblasts","EndothelialCells","Col6a6","Itgb1","age30m-age3m",1,-0.00110639774757948,"Fibroblasts"
"Fibroblasts","Fibroblasts","Col6a6","Itga11","age30m-age3m",1,-0.00110639774757948,"Fibroblasts"
"Fibroblasts","Fibroblasts","Col6a6","Itga1","age30m-age3m",1,-0.00110639774757948,"Fibroblasts"
"Fibroblasts","Leukocytes","Col6a6","Itgb1","age30m-age3m",1,-0.00110639774757948,"Fibroblasts"
"Fibroblasts","Fibroblasts","Col6a6","Itgb1","age30m-age3m",1,-0.00110639774757948,"Fibroblasts"
"Fibroblasts","Myocytes","Col6a6","Itgb1","age30m-age3m",1,-0.00110639774757948,"Fibroblasts"
"Fibroblasts","EndothelialCells","Thbs2","Cd36","age30m-age3m",1,-0.00111123488098102,"Fibroblasts"
"Fibroblasts","Leukocytes","Thbs2","Sdc1","age30m-age3m",1,-0.00111123488098102,"Fibroblasts"
"Fibroblasts","EndothelialCells","Thbs2","Notch4","age30m-age3m",1,-0.00111123488098102,"Fibroblasts"
"Fibroblasts","Leukocytes","Thbs2","Cd47","age30m-age3m",1,-0.00111123488098102,"Fibroblasts"
"Fibroblasts","EndothelialCells","Thbs2","Itga6","age30m-age3m",1,-0.00111123488098102,"Fibroblasts"
"Fibroblasts","Leukocytes","Thbs2","Itgb3","age30m-age3m",1,-0.00111123488098102,"Fibroblasts"
"Fibroblasts","Fibroblasts","Thbs2","Lrp4","age30m-age3m",1,-0.00111123488098102,"Fibroblasts"
"Fibroblasts","EndothelialCells","Thbs2","Itgb1","age30m-age3m",1,-0.00111123488098102,"Fibroblasts"
"Fibroblasts","Fibroblasts","Thbs2","Cd47","age30m-age3m",1,-0.00111123488098102,"Fibroblasts"
"Fibroblasts","EndothelialCells","Thbs2","Cd47","age30m-age3m",1,-0.00111123488098102,"Fibroblasts"
"Fibroblasts","Leukocytes","Thbs2","Cd36","age30m-age3m",1,-0.00111123488098102,"Fibroblasts"
"Fibroblasts","Fibroblasts","Thbs2","Sdc1","age30m-age3m",1,-0.00111123488098102,"Fibroblasts"
"Fibroblasts","Fibroblasts","Thbs2","Itgb3","age30m-age3m",1,-0.00111123488098102,"Fibroblasts"
"Fibroblasts","Leukocytes","Thbs2","Itga4","age30m-age3m",1,-0.00111123488098102,"Fibroblasts"
"Fibroblasts","Fibroblasts","Thbs2","Cd36","age30m-age3m",1,-0.00111123488098102,"Fibroblasts"
"Fibroblasts","Fibroblasts","Thbs2","Notch3","age30m-age3m",1,-0.00111123488098102,"Fibroblasts"
"Fibroblasts","Fibroblasts","Thbs2","Notch4","age30m-age3m",1,-0.00111123488098102,"Fibroblasts"
"Fibroblasts","Leukocytes","Thbs2","Itgb1","age30m-age3m",1,-0.00111123488098102,"Fibroblasts"
"Fibroblasts","Leukocytes","Thbs2","Notch4","age30m-age3m",1,-0.00111123488098102,"Fibroblasts"
"Fibroblasts","Fibroblasts","Thbs2","Itgb1","age30m-age3m",1,-0.00111123488098102,"Fibroblasts"
"Fibroblasts","Myocytes","Thbs2","Cd36","age30m-age3m",1,-0.00111123488098102,"Fibroblasts"
"Fibroblasts","Leukocytes","Thbs2","Lrp4","age30m-age3m",1,-0.00111123488098102,"Fibroblasts"
"Fibroblasts","Myocytes","Thbs2","Cd47","age30m-age3m",1,-0.00111123488098102,"Fibroblasts"
"Fibroblasts","Myocytes","Thbs2","Itgb1","age30m-age3m",1,-0.00111123488098102,"Fibroblasts"
"Fibroblasts","Myocytes","Thbs2","Itga6","age30m-age3m",1,-0.00111123488098102,"Fibroblasts"
"Fibroblasts","Fibroblasts","Nid1","Itgav","age30m-age3m",1,-0.00111251739059589,"Fibroblasts"
"Fibroblasts","EndothelialCells","Nid1","Itgb1","age30m-age3m",1,-0.00111251739059589,"Fibroblasts"
"Fibroblasts","Leukocytes","Nid1","Itgav","age30m-age3m",1,-0.00111251739059589,"Fibroblasts"
"Fibroblasts","EndothelialCells","Nid1","Itgav","age30m-age3m",1,-0.00111251739059589,"Fibroblasts"
"Fibroblasts","Leukocytes","Nid1","Itgb3","age30m-age3m",1,-0.00111251739059589,"Fibroblasts"
"Fibroblasts","Fibroblasts","Nid1","Ptprf","age30m-age3m",1,-0.00111251739059589,"Fibroblasts"
"Fibroblasts","Fibroblasts","Nid1","Itgb3","age30m-age3m",1,-0.00111251739059589,"Fibroblasts"
"EndothelialCells","Fibroblasts","Nid1","Itgav","age30m-age3m",1,-0.00111251739059589,"Fibroblasts"
"Fibroblasts","Leukocytes","Nid1","Itgb1","age30m-age3m",1,-0.00111251739059589,"Fibroblasts"
"EndothelialCells","EndothelialCells","Nid1","Itgb1","age30m-age3m",1,-0.00111251739059589,"Fibroblasts"
"EndothelialCells","Leukocytes","Nid1","Itgav","age30m-age3m",1,-0.00111251739059589,"Fibroblasts"
"EndothelialCells","EndothelialCells","Nid1","Itgav","age30m-age3m",1,-0.00111251739059589,"Fibroblasts"
"Fibroblasts","Fibroblasts","Nid1","Itgb1","age30m-age3m",1,-0.00111251739059589,"Fibroblasts"
"EndothelialCells","Leukocytes","Nid1","Itgb3","age30m-age3m",1,-0.00111251739059589,"Fibroblasts"
"EndothelialCells","Fibroblasts","Nid1","Ptprf","age30m-age3m",1,-0.00111251739059589,"Fibroblasts"
"Leukocytes","Leukocytes","Nid1","Itgb3","age30m-age3m",1,-0.00111251739059589,"Fibroblasts"
"Fibroblasts","Myocytes","Nid1","Itgb1","age30m-age3m",1,-0.00111251739059589,"Fibroblasts"
"Leukocytes","Fibroblasts","Nid1","Itgav","age30m-age3m",1,-0.00111251739059589,"Fibroblasts"
"EndothelialCells","Fibroblasts","Nid1","Itgb3","age30m-age3m",1,-0.00111251739059589,"Fibroblasts"
"Fibroblasts","Leukocytes","Nid1","Ptprf","age30m-age3m",1,-0.00111251739059589,"Fibroblasts"
"Leukocytes","EndothelialCells","Nid1","Itgb1","age30m-age3m",1,-0.00111251739059589,"Fibroblasts"
"Leukocytes","Leukocytes","Nid1","Itgav","age30m-age3m",1,-0.00111251739059589,"Fibroblasts"
"Leukocytes","EndothelialCells","Nid1","Itgav","age30m-age3m",1,-0.00111251739059589,"Fibroblasts"
"EndothelialCells","Leukocytes","Nid1","Itgb1","age30m-age3m",1,-0.00111251739059589,"Fibroblasts"
"Myocytes","Leukocytes","Nid1","Itgb3","age30m-age3m",1,-0.00111251739059589,"Fibroblasts"
"Myocytes","Fibroblasts","Nid1","Itgav","age30m-age3m",1,-0.00111251739059589,"Fibroblasts"
"Leukocytes","Fibroblasts","Nid1","Ptprf","age30m-age3m",1,-0.00111251739059589,"Fibroblasts"
"EndothelialCells","Fibroblasts","Nid1","Itgb1","age30m-age3m",1,-0.00111251739059589,"Fibroblasts"
"Myocytes","EndothelialCells","Nid1","Itgb1","age30m-age3m",1,-0.00111251739059589,"Fibroblasts"
"Myocytes","Leukocytes","Nid1","Itgav","age30m-age3m",1,-0.00111251739059589,"Fibroblasts"
"Myocytes","EndothelialCells","Nid1","Itgav","age30m-age3m",1,-0.00111251739059589,"Fibroblasts"
"EndothelialCells","Myocytes","Nid1","Itgb1","age30m-age3m",1,-0.00111251739059589,"Fibroblasts"
"EndothelialCells","Leukocytes","Nid1","Ptprf","age30m-age3m",1,-0.00111251739059589,"Fibroblasts"
"Myocytes","Fibroblasts","Nid1","Ptprf","age30m-age3m",1,-0.00111251739059589,"Fibroblasts"
"Leukocytes","Leukocytes","Nid1","Itgb1","age30m-age3m",1,-0.00111251739059589,"Fibroblasts"
"Leukocytes","Leukocytes","Nid1","Ptprf","age30m-age3m",1,-0.00111251739059589,"Fibroblasts"
"Leukocytes","Fibroblasts","Nid1","Itgb1","age30m-age3m",1,-0.00111251739059589,"Fibroblasts"
"Leukocytes","Myocytes","Nid1","Itgb1","age30m-age3m",1,-0.00111251739059589,"Fibroblasts"
"Myocytes","Leukocytes","Nid1","Itgb1","age30m-age3m",1,-0.00111251739059589,"Fibroblasts"
"Myocytes","Leukocytes","Nid1","Ptprf","age30m-age3m",1,-0.00111251739059589,"Fibroblasts"
"Myocytes","Fibroblasts","Nid1","Itgb1","age30m-age3m",1,-0.00111251739059589,"Fibroblasts"
"Myocytes","Myocytes","Nid1","Itgb1","age30m-age3m",1,-0.00111251739059589,"Fibroblasts"
"Fibroblasts","Fibroblasts","Sema3b","Plxna1","age30m-age3m",1,-0.00111387412702994,"Fibroblasts"
"Fibroblasts","EndothelialCells","Sema3b","Plxna4","age30m-age3m",1,-0.00111387412702994,"Fibroblasts"
"Fibroblasts","Leukocytes","Sema3b","Plxna4","age30m-age3m",1,-0.00111387412702994,"Fibroblasts"
"Fibroblasts","Leukocytes","Sema3b","Nrp2","age30m-age3m",1,-0.00111387412702994,"Fibroblasts"
"Fibroblasts","EndothelialCells","Sema3b","Nrp1","age30m-age3m",1,-0.00111387412702994,"Fibroblasts"
"Fibroblasts","EndothelialCells","Sema3b","Plxna2","age30m-age3m",1,-0.00111387412702994,"Fibroblasts"
"Fibroblasts","Leukocytes","Sema3b","Plxna1","age30m-age3m",1,-0.00111387412702994,"Fibroblasts"
"Fibroblasts","Leukocytes","Sema3b","Nrp1","age30m-age3m",1,-0.00111387412702994,"Fibroblasts"
"Fibroblasts","EndothelialCells","Sema3b","Plxna1","age30m-age3m",1,-0.00111387412702994,"Fibroblasts"
"Fibroblasts","EndothelialCells","Sema3b","Nrp2","age30m-age3m",1,-0.00111387412702994,"Fibroblasts"
"Fibroblasts","Fibroblasts","Sema3b","Plxna2","age30m-age3m",1,-0.00111387412702994,"Fibroblasts"
"Fibroblasts","Fibroblasts","Sema3b","Nrp1","age30m-age3m",1,-0.00111387412702994,"Fibroblasts"
"Fibroblasts","Fibroblasts","Sema3b","Nrp2","age30m-age3m",1,-0.00111387412702994,"Fibroblasts"
"Fibroblasts","Fibroblasts","Sema3b","Plxna3","age30m-age3m",1,-0.00111387412702994,"Fibroblasts"
"Fibroblasts","Myocytes","Sema3b","Nrp2","age30m-age3m",1,-0.00111387412702994,"Fibroblasts"
"Fibroblasts","Myocytes","Sema3b","Nrp1","age30m-age3m",1,-0.00111387412702994,"Fibroblasts"
"Fibroblasts","EndothelialCells","Col27a1","Itga1","age30m-age3m",1,-0.00111408941849246,"Fibroblasts"
"Fibroblasts","EndothelialCells","Col27a1","Itgb1","age30m-age3m",1,-0.00111408941849246,"Fibroblasts"
"Fibroblasts","Fibroblasts","Col27a1","Itga11","age30m-age3m",1,-0.00111408941849246,"Fibroblasts"
"Fibroblasts","Fibroblasts","Col27a1","Itga1","age30m-age3m",1,-0.00111408941849246,"Fibroblasts"
"Fibroblasts","Leukocytes","Col27a1","Itgb1","age30m-age3m",1,-0.00111408941849246,"Fibroblasts"
"Fibroblasts","Fibroblasts","Col27a1","Itgb1","age30m-age3m",1,-0.00111408941849246,"Fibroblasts"
"Fibroblasts","Myocytes","Col27a1","Itgb1","age30m-age3m",1,-0.00111408941849246,"Fibroblasts"
"Fibroblasts","Fibroblasts","Col4a2","Ddr2","age30m-age3m",1,-0.00111678625642771,"Fibroblasts"
"Fibroblasts","Fibroblasts","Col4a2","Itgb5","age30m-age3m",1,-0.00111678625642771,"Fibroblasts"
"EndothelialCells","Fibroblasts","Col4a2","Ddr2","age30m-age3m",1,-0.00111678625642771,"Fibroblasts"
"EndothelialCells","Fibroblasts","Col4a2","Itgb5","age30m-age3m",1,-0.00111678625642771,"Fibroblasts"
"Fibroblasts","EndothelialCells","Col4a2","Cd93","age30m-age3m",1,-0.00111678625642771,"Fibroblasts"
"EndothelialCells","EndothelialCells","Col4a2","Cd93","age30m-age3m",1,-0.00111678625642771,"Fibroblasts"
"Leukocytes","Fibroblasts","Col4a2","Ddr2","age30m-age3m",1,-0.00111678625642771,"Fibroblasts"
"Leukocytes","Fibroblasts","Col4a2","Itgb5","age30m-age3m",1,-0.00111678625642771,"Fibroblasts"
"Fibroblasts","EndothelialCells","Col4a2","Itga1","age30m-age3m",1,-0.00111678625642771,"Fibroblasts"
"Leukocytes","EndothelialCells","Col4a2","Cd93","age30m-age3m",1,-0.00111678625642771,"Fibroblasts"
"EndothelialCells","EndothelialCells","Col4a2","Itga1","age30m-age3m",1,-0.00111678625642771,"Fibroblasts"
"Fibroblasts","Fibroblasts","Col4a2","Ddr1","age30m-age3m",1,-0.00111678625642771,"Fibroblasts"
"EndothelialCells","Fibroblasts","Col4a2","Ddr1","age30m-age3m",1,-0.00111678625642771,"Fibroblasts"
"Fibroblasts","Leukocytes","Col4a2","Cd93","age30m-age3m",1,-0.00111678625642771,"Fibroblasts"
"Fibroblasts","EndothelialCells","Col4a2","Itgb1","age30m-age3m",1,-0.00111678625642771,"Fibroblasts"
"Fibroblasts","Fibroblasts","Col4a2","Itga11","age30m-age3m",1,-0.00111678625642771,"Fibroblasts"
"EndothelialCells","Leukocytes","Col4a2","Cd93","age30m-age3m",1,-0.00111678625642771,"Fibroblasts"
"EndothelialCells","EndothelialCells","Col4a2","Itgb1","age30m-age3m",1,-0.00111678625642771,"Fibroblasts"
"EndothelialCells","Fibroblasts","Col4a2","Itga11","age30m-age3m",1,-0.00111678625642771,"Fibroblasts"
"Fibroblasts","Leukocytes","Col4a2","Itgb3","age30m-age3m",1,-0.00111678625642771,"Fibroblasts"
"EndothelialCells","Leukocytes","Col4a2","Itgb3","age30m-age3m",1,-0.00111678625642771,"Fibroblasts"
"Fibroblasts","Leukocytes","Col4a2","Itgb5","age30m-age3m",1,-0.00111678625642771,"Fibroblasts"
"EndothelialCells","Leukocytes","Col4a2","Itgb5","age30m-age3m",1,-0.00111678625642771,"Fibroblasts"
"Leukocytes","EndothelialCells","Col4a2","Itga1","age30m-age3m",1,-0.00111678625642771,"Fibroblasts"
"Fibroblasts","Fibroblasts","Col4a2","Itga1","age30m-age3m",1,-0.00111678625642771,"Fibroblasts"
"EndothelialCells","Fibroblasts","Col4a2","Itga1","age30m-age3m",1,-0.00111678625642771,"Fibroblasts"
"Leukocytes","Fibroblasts","Col4a2","Ddr1","age30m-age3m",1,-0.00111678625642771,"Fibroblasts"
"Fibroblasts","Fibroblasts","Col4a2","Itgb3","age30m-age3m",1,-0.00111678625642771,"Fibroblasts"
"EndothelialCells","Fibroblasts","Col4a2","Itgb3","age30m-age3m",1,-0.00111678625642771,"Fibroblasts"
"Leukocytes","Leukocytes","Col4a2","Cd93","age30m-age3m",1,-0.00111678625642771,"Fibroblasts"
"Leukocytes","EndothelialCells","Col4a2","Itgb1","age30m-age3m",1,-0.00111678625642771,"Fibroblasts"
"Leukocytes","Fibroblasts","Col4a2","Itga11","age30m-age3m",1,-0.00111678625642771,"Fibroblasts"
"Leukocytes","Leukocytes","Col4a2","Itgb3","age30m-age3m",1,-0.00111678625642771,"Fibroblasts"
"Leukocytes","Leukocytes","Col4a2","Itgb5","age30m-age3m",1,-0.00111678625642771,"Fibroblasts"
"Leukocytes","Fibroblasts","Col4a2","Itga1","age30m-age3m",1,-0.00111678625642771,"Fibroblasts"
"Fibroblasts","Fibroblasts","Col4a2","Cd93","age30m-age3m",1,-0.00111678625642771,"Fibroblasts"
"EndothelialCells","Fibroblasts","Col4a2","Cd93","age30m-age3m",1,-0.00111678625642771,"Fibroblasts"
"Fibroblasts","EndothelialCells","Col4a2","Itgb5","age30m-age3m",1,-0.00111678625642771,"Fibroblasts"
"Leukocytes","Fibroblasts","Col4a2","Itgb3","age30m-age3m",1,-0.00111678625642771,"Fibroblasts"
"EndothelialCells","EndothelialCells","Col4a2","Itgb5","age30m-age3m",1,-0.00111678625642771,"Fibroblasts"
"Fibroblasts","Leukocytes","Col4a2","Itgb1","age30m-age3m",1,-0.00111678625642771,"Fibroblasts"
"EndothelialCells","Leukocytes","Col4a2","Itgb1","age30m-age3m",1,-0.00111678625642771,"Fibroblasts"
"Fibroblasts","Fibroblasts","Col4a2","Itgb1","age30m-age3m",1,-0.00111678625642771,"Fibroblasts"
"Fibroblasts","Myocytes","Col4a2","Cd93","age30m-age3m",1,-0.00111678625642771,"Fibroblasts"
"EndothelialCells","Fibroblasts","Col4a2","Itgb1","age30m-age3m",1,-0.00111678625642771,"Fibroblasts"
"Leukocytes","Fibroblasts","Col4a2","Cd93","age30m-age3m",1,-0.00111678625642771,"Fibroblasts"
"EndothelialCells","Myocytes","Col4a2","Cd93","age30m-age3m",1,-0.00111678625642771,"Fibroblasts"
"Leukocytes","EndothelialCells","Col4a2","Itgb5","age30m-age3m",1,-0.00111678625642771,"Fibroblasts"
"Leukocytes","Leukocytes","Col4a2","Itgb1","age30m-age3m",1,-0.00111678625642771,"Fibroblasts"
"Leukocytes","Fibroblasts","Col4a2","Itgb1","age30m-age3m",1,-0.00111678625642771,"Fibroblasts"
"Leukocytes","Myocytes","Col4a2","Cd93","age30m-age3m",1,-0.00111678625642771,"Fibroblasts"
"Fibroblasts","Myocytes","Col4a2","Itgb1","age30m-age3m",1,-0.00111678625642771,"Fibroblasts"
"EndothelialCells","Myocytes","Col4a2","Itgb1","age30m-age3m",1,-0.00111678625642771,"Fibroblasts"
"Myocytes","Fibroblasts","Col4a2","Ddr2","age30m-age3m",1,-0.00111678625642771,"Fibroblasts"
"Myocytes","Fibroblasts","Col4a2","Itgb5","age30m-age3m",1,-0.00111678625642771,"Fibroblasts"
"Myocytes","EndothelialCells","Col4a2","Cd93","age30m-age3m",1,-0.00111678625642771,"Fibroblasts"
"Myocytes","Fibroblasts","Col4a2","Itgb3","age30m-age3m",1,-0.00111678625642771,"Fibroblasts"
"Fibroblasts","Myocytes","Col4a2","Itgb5","age30m-age3m",1,-0.00111678625642771,"Fibroblasts"
"EndothelialCells","Myocytes","Col4a2","Itgb5","age30m-age3m",1,-0.00111678625642771,"Fibroblasts"
"Leukocytes","Myocytes","Col4a2","Itgb1","age30m-age3m",1,-0.00111678625642771,"Fibroblasts"
"Myocytes","EndothelialCells","Col4a2","Itga1","age30m-age3m",1,-0.00111678625642771,"Fibroblasts"
"Myocytes","Fibroblasts","Col4a2","Ddr1","age30m-age3m",1,-0.00111678625642771,"Fibroblasts"
"Fibroblasts","Myocytes","Col4a2","Ddr1","age30m-age3m",1,-0.00111678625642771,"Fibroblasts"
"Myocytes","Leukocytes","Col4a2","Cd93","age30m-age3m",1,-0.00111678625642771,"Fibroblasts"
"Myocytes","EndothelialCells","Col4a2","Itgb1","age30m-age3m",1,-0.00111678625642771,"Fibroblasts"
"Leukocytes","Myocytes","Col4a2","Itgb5","age30m-age3m",1,-0.00111678625642771,"Fibroblasts"
"Myocytes","Fibroblasts","Col4a2","Itga11","age30m-age3m",1,-0.00111678625642771,"Fibroblasts"
"EndothelialCells","Myocytes","Col4a2","Ddr1","age30m-age3m",1,-0.00111678625642771,"Fibroblasts"
"Myocytes","Leukocytes","Col4a2","Itgb5","age30m-age3m",1,-0.00111678625642771,"Fibroblasts"
"Myocytes","Fibroblasts","Col4a2","Itga1","age30m-age3m",1,-0.00111678625642771,"Fibroblasts"
"Leukocytes","Myocytes","Col4a2","Ddr1","age30m-age3m",1,-0.00111678625642771,"Fibroblasts"
"Myocytes","Fibroblasts","Col4a2","Cd93","age30m-age3m",1,-0.00111678625642771,"Fibroblasts"
"Myocytes","EndothelialCells","Col4a2","Itgb5","age30m-age3m",1,-0.00111678625642771,"Fibroblasts"
"Myocytes","Leukocytes","Col4a2","Itgb1","age30m-age3m",1,-0.00111678625642771,"Fibroblasts"
"Myocytes","Fibroblasts","Col4a2","Itgb1","age30m-age3m",1,-0.00111678625642771,"Fibroblasts"
"Myocytes","Myocytes","Col4a2","Cd93","age30m-age3m",1,-0.00111678625642771,"Fibroblasts"
"Myocytes","Myocytes","Col4a2","Itgb5","age30m-age3m",1,-0.00111678625642771,"Fibroblasts"
"Myocytes","Myocytes","Col4a2","Ddr1","age30m-age3m",1,-0.00111678625642771,"Fibroblasts"
"Myocytes","Myocytes","Col4a2","Itgb1","age30m-age3m",1,-0.00111678625642771,"Fibroblasts"
"Fibroblasts","Fibroblasts","Col4a1","Itgav","age30m-age3m",1,-0.00111798833928372,"Fibroblasts"
"Fibroblasts","EndothelialCells","Col4a1","Cd93","age30m-age3m",1,-0.00111798833928372,"Fibroblasts"
"EndothelialCells","Fibroblasts","Col4a1","Itgav","age30m-age3m",1,-0.00111798833928372,"Fibroblasts"
"Fibroblasts","Leukocytes","Col4a1","Itgav","age30m-age3m",1,-0.00111798833928372,"Fibroblasts"
"EndothelialCells","EndothelialCells","Col4a1","Cd93","age30m-age3m",1,-0.00111798833928372,"Fibroblasts"
"Fibroblasts","Leukocytes","Col4a1","Cd93","age30m-age3m",1,-0.00111798833928372,"Fibroblasts"
"Fibroblasts","EndothelialCells","Col4a1","Itga1","age30m-age3m",1,-0.00111798833928372,"Fibroblasts"
"Fibroblasts","Fibroblasts","Col4a1","Itga11","age30m-age3m",1,-0.00111798833928372,"Fibroblasts"
"EndothelialCells","Leukocytes","Col4a1","Itgav","age30m-age3m",1,-0.00111798833928372,"Fibroblasts"
"Fibroblasts","EndothelialCells","Col4a1","Itgb1","age30m-age3m",1,-0.00111798833928372,"Fibroblasts"
"EndothelialCells","Leukocytes","Col4a1","Cd93","age30m-age3m",1,-0.00111798833928372,"Fibroblasts"
"EndothelialCells","EndothelialCells","Col4a1","Itga1","age30m-age3m",1,-0.00111798833928372,"Fibroblasts"
"Fibroblasts","Fibroblasts","Col4a1","Itga1","age30m-age3m",1,-0.00111798833928372,"Fibroblasts"
"EndothelialCells","Fibroblasts","Col4a1","Itga11","age30m-age3m",1,-0.00111798833928372,"Fibroblasts"
"Fibroblasts","EndothelialCells","Col4a1","Itgav","age30m-age3m",1,-0.00111798833928372,"Fibroblasts"
"EndothelialCells","EndothelialCells","Col4a1","Itgb1","age30m-age3m",1,-0.00111798833928372,"Fibroblasts"
"EndothelialCells","Fibroblasts","Col4a1","Itga1","age30m-age3m",1,-0.00111798833928372,"Fibroblasts"
"EndothelialCells","EndothelialCells","Col4a1","Itgav","age30m-age3m",1,-0.00111798833928372,"Fibroblasts"
"Fibroblasts","Fibroblasts","Col4a1","Itgb8","age30m-age3m",1,-0.00111798833928372,"Fibroblasts"
"Fibroblasts","Fibroblasts","Col4a1","Cd93","age30m-age3m",1,-0.00111798833928372,"Fibroblasts"
"Leukocytes","Fibroblasts","Col4a1","Itgav","age30m-age3m",1,-0.00111798833928372,"Fibroblasts"
"Fibroblasts","Myocytes","Col4a1","Cd93","age30m-age3m",1,-0.00111798833928372,"Fibroblasts"
"Fibroblasts","Leukocytes","Col4a1","Itgb1","age30m-age3m",1,-0.00111798833928372,"Fibroblasts"
"Leukocytes","EndothelialCells","Col4a1","Cd93","age30m-age3m",1,-0.00111798833928372,"Fibroblasts"
"EndothelialCells","Fibroblasts","Col4a1","Itgb8","age30m-age3m",1,-0.00111798833928372,"Fibroblasts"
"EndothelialCells","Fibroblasts","Col4a1","Cd93","age30m-age3m",1,-0.00111798833928372,"Fibroblasts"
"Fibroblasts","Fibroblasts","Col4a1","Itgb1","age30m-age3m",1,-0.00111798833928372,"Fibroblasts"
"Leukocytes","Leukocytes","Col4a1","Itgav","age30m-age3m",1,-0.00111798833928372,"Fibroblasts"
"EndothelialCells","Myocytes","Col4a1","Cd93","age30m-age3m",1,-0.00111798833928372,"Fibroblasts"
"EndothelialCells","Leukocytes","Col4a1","Itgb1","age30m-age3m",1,-0.00111798833928372,"Fibroblasts"
"Myocytes","Fibroblasts","Col4a1","Itgav","age30m-age3m",1,-0.00111798833928372,"Fibroblasts"
"Leukocytes","Leukocytes","Col4a1","Cd93","age30m-age3m",1,-0.00111798833928372,"Fibroblasts"
"Leukocytes","EndothelialCells","Col4a1","Itga1","age30m-age3m",1,-0.00111798833928372,"Fibroblasts"
"EndothelialCells","Fibroblasts","Col4a1","Itgb1","age30m-age3m",1,-0.00111798833928372,"Fibroblasts"
"Myocytes","EndothelialCells","Col4a1","Cd93","age30m-age3m",1,-0.00111798833928372,"Fibroblasts"
"Leukocytes","Fibroblasts","Col4a1","Itga11","age30m-age3m",1,-0.00111798833928372,"Fibroblasts"
"Leukocytes","EndothelialCells","Col4a1","Itgb1","age30m-age3m",1,-0.00111798833928372,"Fibroblasts"
"Myocytes","Leukocytes","Col4a1","Itgav","age30m-age3m",1,-0.00111798833928372,"Fibroblasts"
"Leukocytes","Fibroblasts","Col4a1","Itga1","age30m-age3m",1,-0.00111798833928372,"Fibroblasts"
"Leukocytes","EndothelialCells","Col4a1","Itgav","age30m-age3m",1,-0.00111798833928372,"Fibroblasts"
"Myocytes","Leukocytes","Col4a1","Cd93","age30m-age3m",1,-0.00111798833928372,"Fibroblasts"
"Myocytes","EndothelialCells","Col4a1","Itga1","age30m-age3m",1,-0.00111798833928372,"Fibroblasts"
"Fibroblasts","Myocytes","Col4a1","Itgb1","age30m-age3m",1,-0.00111798833928372,"Fibroblasts"
"Myocytes","Fibroblasts","Col4a1","Itga11","age30m-age3m",1,-0.00111798833928372,"Fibroblasts"
"Myocytes","EndothelialCells","Col4a1","Itgb1","age30m-age3m",1,-0.00111798833928372,"Fibroblasts"
"Leukocytes","Fibroblasts","Col4a1","Itgb8","age30m-age3m",1,-0.00111798833928372,"Fibroblasts"
"Leukocytes","Fibroblasts","Col4a1","Cd93","age30m-age3m",1,-0.00111798833928372,"Fibroblasts"
"EndothelialCells","Myocytes","Col4a1","Itgb1","age30m-age3m",1,-0.00111798833928372,"Fibroblasts"
"Myocytes","Fibroblasts","Col4a1","Itga1","age30m-age3m",1,-0.00111798833928372,"Fibroblasts"
"Myocytes","EndothelialCells","Col4a1","Itgav","age30m-age3m",1,-0.00111798833928372,"Fibroblasts"
"Leukocytes","Myocytes","Col4a1","Cd93","age30m-age3m",1,-0.00111798833928372,"Fibroblasts"
"Leukocytes","Leukocytes","Col4a1","Itgb1","age30m-age3m",1,-0.00111798833928372,"Fibroblasts"
"Leukocytes","Fibroblasts","Col4a1","Itgb1","age30m-age3m",1,-0.00111798833928372,"Fibroblasts"
"Myocytes","Fibroblasts","Col4a1","Itgb8","age30m-age3m",1,-0.00111798833928372,"Fibroblasts"
"Myocytes","Fibroblasts","Col4a1","Cd93","age30m-age3m",1,-0.00111798833928372,"Fibroblasts"
"Myocytes","Myocytes","Col4a1","Cd93","age30m-age3m",1,-0.00111798833928372,"Fibroblasts"
"Myocytes","Leukocytes","Col4a1","Itgb1","age30m-age3m",1,-0.00111798833928372,"Fibroblasts"
"Myocytes","Fibroblasts","Col4a1","Itgb1","age30m-age3m",1,-0.00111798833928372,"Fibroblasts"
"Leukocytes","Myocytes","Col4a1","Itgb1","age30m-age3m",1,-0.00111798833928372,"Fibroblasts"
"Myocytes","Myocytes","Col4a1","Itgb1","age30m-age3m",1,-0.00111798833928372,"Fibroblasts"
"Leukocytes","Fibroblasts","Igf1","Itgav","age30m-age3m",1,-0.00111817798577412,"Fibroblasts"
"Fibroblasts","Fibroblasts","Igf1","Itgav","age30m-age3m",1,-0.00111817798577412,"Fibroblasts"
"Leukocytes","Fibroblasts","Igf1","Insr","age30m-age3m",1,-0.00111817798577412,"Fibroblasts"
"Fibroblasts","Fibroblasts","Igf1","Insr","age30m-age3m",1,-0.00111817798577412,"Fibroblasts"
"Leukocytes","Fibroblasts","Igf1","Igf1r","age30m-age3m",1,-0.00111817798577412,"Fibroblasts"
"Fibroblasts","Fibroblasts","Igf1","Igf1r","age30m-age3m",1,-0.00111817798577412,"Fibroblasts"
"Leukocytes","EndothelialCells","Igf1","Igf1r","age30m-age3m",1,-0.00111817798577412,"Fibroblasts"
"Fibroblasts","EndothelialCells","Igf1","Igf1r","age30m-age3m",1,-0.00111817798577412,"Fibroblasts"
"Leukocytes","Leukocytes","Igf1","Itgav","age30m-age3m",1,-0.00111817798577412,"Fibroblasts"
"Fibroblasts","Leukocytes","Igf1","Itgav","age30m-age3m",1,-0.00111817798577412,"Fibroblasts"
"Leukocytes","EndothelialCells","Igf1","Itga6","age30m-age3m",1,-0.00111817798577412,"Fibroblasts"
"Leukocytes","Leukocytes","Igf1","Insr","age30m-age3m",1,-0.00111817798577412,"Fibroblasts"
"Fibroblasts","EndothelialCells","Igf1","Itga6","age30m-age3m",1,-0.00111817798577412,"Fibroblasts"
"Fibroblasts","Leukocytes","Igf1","Insr","age30m-age3m",1,-0.00111817798577412,"Fibroblasts"
"Leukocytes","Leukocytes","Igf1","Itgb3","age30m-age3m",1,-0.00111817798577412,"Fibroblasts"
"Fibroblasts","Leukocytes","Igf1","Itgb3","age30m-age3m",1,-0.00111817798577412,"Fibroblasts"
"Leukocytes","Leukocytes","Igf1","Trpv2","age30m-age3m",1,-0.00111817798577412,"Fibroblasts"
"Fibroblasts","Leukocytes","Igf1","Trpv2","age30m-age3m",1,-0.00111817798577412,"Fibroblasts"
"Leukocytes","Fibroblasts","Igf1","Itgb3","age30m-age3m",1,-0.00111817798577412,"Fibroblasts"
"Fibroblasts","Fibroblasts","Igf1","Itgb3","age30m-age3m",1,-0.00111817798577412,"Fibroblasts"
"Leukocytes","EndothelialCells","Igf1","Itgav","age30m-age3m",1,-0.00111817798577412,"Fibroblasts"
"Leukocytes","EndothelialCells","Igf1","Insr","age30m-age3m",1,-0.00111817798577412,"Fibroblasts"
"Fibroblasts","EndothelialCells","Igf1","Itgav","age30m-age3m",1,-0.00111817798577412,"Fibroblasts"
"Fibroblasts","EndothelialCells","Igf1","Insr","age30m-age3m",1,-0.00111817798577412,"Fibroblasts"
"Leukocytes","Leukocytes","Igf1","Igf1r","age30m-age3m",1,-0.00111817798577412,"Fibroblasts"
"Fibroblasts","Leukocytes","Igf1","Igf1r","age30m-age3m",1,-0.00111817798577412,"Fibroblasts"
"Leukocytes","Leukocytes","Igf1","Itgb4","age30m-age3m",1,-0.00111817798577412,"Fibroblasts"
"Fibroblasts","Leukocytes","Igf1","Itgb4","age30m-age3m",1,-0.00111817798577412,"Fibroblasts"
"EndothelialCells","Fibroblasts","Igf1","Itgav","age30m-age3m",1,-0.00111817798577412,"Fibroblasts"
"EndothelialCells","Fibroblasts","Igf1","Insr","age30m-age3m",1,-0.00111817798577412,"Fibroblasts"
"EndothelialCells","Fibroblasts","Igf1","Igf1r","age30m-age3m",1,-0.00111817798577412,"Fibroblasts"
"EndothelialCells","Leukocytes","Igf1","Itgb3","age30m-age3m",1,-0.00111817798577412,"Fibroblasts"
"Leukocytes","Myocytes","Igf1","Itga6","age30m-age3m",1,-0.00111817798577412,"Fibroblasts"
"Fibroblasts","Myocytes","Igf1","Itga6","age30m-age3m",1,-0.00111817798577412,"Fibroblasts"
"EndothelialCells","EndothelialCells","Igf1","Igf1r","age30m-age3m",1,-0.00111817798577412,"Fibroblasts"
"EndothelialCells","Leukocytes","Igf1","Itgav","age30m-age3m",1,-0.00111817798577412,"Fibroblasts"
"EndothelialCells","EndothelialCells","Igf1","Itga6","age30m-age3m",1,-0.00111817798577412,"Fibroblasts"
"EndothelialCells","Leukocytes","Igf1","Insr","age30m-age3m",1,-0.00111817798577412,"Fibroblasts"
"Leukocytes","Myocytes","Igf1","Igf1r","age30m-age3m",1,-0.00111817798577412,"Fibroblasts"
"Fibroblasts","Myocytes","Igf1","Igf1r","age30m-age3m",1,-0.00111817798577412,"Fibroblasts"
"EndothelialCells","Leukocytes","Igf1","Trpv2","age30m-age3m",1,-0.00111817798577412,"Fibroblasts"
"EndothelialCells","EndothelialCells","Igf1","Itgav","age30m-age3m",1,-0.00111817798577412,"Fibroblasts"
"EndothelialCells","EndothelialCells","Igf1","Insr","age30m-age3m",1,-0.00111817798577412,"Fibroblasts"
"Leukocytes","Myocytes","Igf1","Insr","age30m-age3m",1,-0.00111817798577412,"Fibroblasts"
"Fibroblasts","Myocytes","Igf1","Insr","age30m-age3m",1,-0.00111817798577412,"Fibroblasts"
"EndothelialCells","Leukocytes","Igf1","Itgb4","age30m-age3m",1,-0.00111817798577412,"Fibroblasts"
"EndothelialCells","Leukocytes","Igf1","Igf1r","age30m-age3m",1,-0.00111817798577412,"Fibroblasts"
"Fibroblasts","Fibroblasts","Serpine1","Lrp1","age30m-age3m",1,-0.00111888341452546,"Fibroblasts"
"Fibroblasts","Fibroblasts","Serpine1","Itgav","age30m-age3m",1,-0.00111888341452546,"Fibroblasts"
"Fibroblasts","Leukocytes","Serpine1","Plaur","age30m-age3m",1,-0.00111888341452546,"Fibroblasts"
"Fibroblasts","Fibroblasts","Serpine1","Plat","age30m-age3m",1,-0.00111888341452546,"Fibroblasts"
"Fibroblasts","Fibroblasts","Serpine1","Itgb5","age30m-age3m",1,-0.00111888341452546,"Fibroblasts"
"Fibroblasts","EndothelialCells","Serpine1","Plat","age30m-age3m",1,-0.00111888341452546,"Fibroblasts"
"Fibroblasts","Leukocytes","Serpine1","Lrp1","age30m-age3m",1,-0.00111888341452546,"Fibroblasts"
"Fibroblasts","Leukocytes","Serpine1","Itgav","age30m-age3m",1,-0.00111888341452546,"Fibroblasts"
"EndothelialCells","Fibroblasts","Serpine1","Lrp1","age30m-age3m",1,-0.00111888341452546,"Fibroblasts"
"EndothelialCells","Fibroblasts","Serpine1","Itgav","age30m-age3m",1,-0.00111888341452546,"Fibroblasts"
"EndothelialCells","Leukocytes","Serpine1","Plaur","age30m-age3m",1,-0.00111888341452546,"Fibroblasts"
"Fibroblasts","Leukocytes","Serpine1","Plau","age30m-age3m",1,-0.00111888341452546,"Fibroblasts"
"EndothelialCells","Fibroblasts","Serpine1","Plat","age30m-age3m",1,-0.00111888341452546,"Fibroblasts"
"EndothelialCells","Fibroblasts","Serpine1","Itgb5","age30m-age3m",1,-0.00111888341452546,"Fibroblasts"
"EndothelialCells","EndothelialCells","Serpine1","Plat","age30m-age3m",1,-0.00111888341452546,"Fibroblasts"
"Fibroblasts","Leukocytes","Serpine1","Plat","age30m-age3m",1,-0.00111888341452546,"Fibroblasts"
"EndothelialCells","Leukocytes","Serpine1","Lrp1","age30m-age3m",1,-0.00111888341452546,"Fibroblasts"
"Fibroblasts","Leukocytes","Serpine1","Itgb5","age30m-age3m",1,-0.00111888341452546,"Fibroblasts"
"EndothelialCells","Leukocytes","Serpine1","Itgav","age30m-age3m",1,-0.00111888341452546,"Fibroblasts"
"EndothelialCells","Leukocytes","Serpine1","Plau","age30m-age3m",1,-0.00111888341452546,"Fibroblasts"
"Fibroblasts","EndothelialCells","Serpine1","Plaur","age30m-age3m",1,-0.00111888341452546,"Fibroblasts"
"Fibroblasts","EndothelialCells","Serpine1","Itgav","age30m-age3m",1,-0.00111888341452546,"Fibroblasts"
"EndothelialCells","Leukocytes","Serpine1","Plat","age30m-age3m",1,-0.00111888341452546,"Fibroblasts"
"EndothelialCells","Leukocytes","Serpine1","Itgb5","age30m-age3m",1,-0.00111888341452546,"Fibroblasts"
"Fibroblasts","Fibroblasts","Serpine1","Plaur","age30m-age3m",1,-0.00111888341452546,"Fibroblasts"
"EndothelialCells","EndothelialCells","Serpine1","Plaur","age30m-age3m",1,-0.00111888341452546,"Fibroblasts"
"EndothelialCells","EndothelialCells","Serpine1","Itgav","age30m-age3m",1,-0.00111888341452546,"Fibroblasts"
"Fibroblasts","EndothelialCells","Serpine1","Itgb5","age30m-age3m",1,-0.00111888341452546,"Fibroblasts"
"EndothelialCells","Fibroblasts","Serpine1","Plaur","age30m-age3m",1,-0.00111888341452546,"Fibroblasts"
"EndothelialCells","EndothelialCells","Serpine1","Itgb5","age30m-age3m",1,-0.00111888341452546,"Fibroblasts"
"Fibroblasts","EndothelialCells","Serpine1","Lrp1","age30m-age3m",1,-0.00111888341452546,"Fibroblasts"
"Fibroblasts","Myocytes","Serpine1","Lrp1","age30m-age3m",1,-0.00111888341452546,"Fibroblasts"
"Fibroblasts","Myocytes","Serpine1","Itgb5","age30m-age3m",1,-0.00111888341452546,"Fibroblasts"
"EndothelialCells","EndothelialCells","Serpine1","Lrp1","age30m-age3m",1,-0.00111888341452546,"Fibroblasts"
"EndothelialCells","Myocytes","Serpine1","Lrp1","age30m-age3m",1,-0.00111888341452546,"Fibroblasts"
"EndothelialCells","Myocytes","Serpine1","Itgb5","age30m-age3m",1,-0.00111888341452546,"Fibroblasts"
"Fibroblasts","Fibroblasts","Mdk","Sdc2","age30m-age3m",1,-0.00111940028169154,"Fibroblasts"
"Fibroblasts","Fibroblasts","Mdk","Lrp1","age30m-age3m",1,-0.00111940028169154,"Fibroblasts"
"Fibroblasts","Fibroblasts","Mdk","Sdc3","age30m-age3m",1,-0.00111940028169154,"Fibroblasts"
"Fibroblasts","Leukocytes","Mdk","Sdc1","age30m-age3m",1,-0.00111940028169154,"Fibroblasts"
"Fibroblasts","Leukocytes","Mdk","Sdc3","age30m-age3m",1,-0.00111940028169154,"Fibroblasts"
"Fibroblasts","Leukocytes","Mdk","Lrp1","age30m-age3m",1,-0.00111940028169154,"Fibroblasts"
"Fibroblasts","EndothelialCells","Mdk","Ptprb","age30m-age3m",1,-0.00111940028169154,"Fibroblasts"
"Fibroblasts","EndothelialCells","Mdk","Sdc3","age30m-age3m",1,-0.00111940028169154,"Fibroblasts"
"Fibroblasts","Leukocytes","Mdk","Sdc4","age30m-age3m",1,-0.00111940028169154,"Fibroblasts"
"Fibroblasts","EndothelialCells","Mdk","Itga6","age30m-age3m",1,-0.00111940028169154,"Fibroblasts"
"Fibroblasts","Leukocytes","Mdk","Ptprb","age30m-age3m",1,-0.00111940028169154,"Fibroblasts"
"Fibroblasts","Fibroblasts","Mdk","Ptprb","age30m-age3m",1,-0.00111940028169154,"Fibroblasts"
"Fibroblasts","EndothelialCells","Mdk","Itgb1","age30m-age3m",1,-0.00111940028169154,"Fibroblasts"
"Fibroblasts","Leukocytes","Mdk","Notch2","age30m-age3m",1,-0.00111940028169154,"Fibroblasts"
"Fibroblasts","Fibroblasts","Mdk","Sdc1","age30m-age3m",1,-0.00111940028169154,"Fibroblasts"
"Fibroblasts","Fibroblasts","Mdk","Sdc4","age30m-age3m",1,-0.00111940028169154,"Fibroblasts"
"Fibroblasts","Leukocytes","Mdk","Itga4","age30m-age3m",1,-0.00111940028169154,"Fibroblasts"
"Fibroblasts","Fibroblasts","Mdk","Notch2","age30m-age3m",1,-0.00111940028169154,"Fibroblasts"
"Myocytes","Fibroblasts","Mdk","Sdc2","age30m-age3m",1,-0.00111940028169154,"Fibroblasts"
"Myocytes","Fibroblasts","Mdk","Lrp1","age30m-age3m",1,-0.00111940028169154,"Fibroblasts"
"Myocytes","Fibroblasts","Mdk","Sdc3","age30m-age3m",1,-0.00111940028169154,"Fibroblasts"
"Fibroblasts","Leukocytes","Mdk","Itgb1","age30m-age3m",1,-0.00111940028169154,"Fibroblasts"
"Myocytes","Leukocytes","Mdk","Sdc1","age30m-age3m",1,-0.00111940028169154,"Fibroblasts"
"Fibroblasts","EndothelialCells","Mdk","Sdc4","age30m-age3m",1,-0.00111940028169154,"Fibroblasts"
"Myocytes","Leukocytes","Mdk","Sdc3","age30m-age3m",1,-0.00111940028169154,"Fibroblasts"
"Fibroblasts","Fibroblasts","Mdk","Itgb1","age30m-age3m",1,-0.00111940028169154,"Fibroblasts"
"Myocytes","Leukocytes","Mdk","Lrp1","age30m-age3m",1,-0.00111940028169154,"Fibroblasts"
"Myocytes","EndothelialCells","Mdk","Ptprb","age30m-age3m",1,-0.00111940028169154,"Fibroblasts"
"Myocytes","EndothelialCells","Mdk","Sdc3","age30m-age3m",1,-0.00111940028169154,"Fibroblasts"
"Myocytes","Leukocytes","Mdk","Sdc4","age30m-age3m",1,-0.00111940028169154,"Fibroblasts"
"Myocytes","EndothelialCells","Mdk","Itga6","age30m-age3m",1,-0.00111940028169154,"Fibroblasts"
"Myocytes","Leukocytes","Mdk","Ptprb","age30m-age3m",1,-0.00111940028169154,"Fibroblasts"
"Myocytes","Fibroblasts","Mdk","Ptprb","age30m-age3m",1,-0.00111940028169154,"Fibroblasts"
"Fibroblasts","EndothelialCells","Mdk","Lrp1","age30m-age3m",1,-0.00111940028169154,"Fibroblasts"
"Myocytes","EndothelialCells","Mdk","Itgb1","age30m-age3m",1,-0.00111940028169154,"Fibroblasts"
"Myocytes","Leukocytes","Mdk","Notch2","age30m-age3m",1,-0.00111940028169154,"Fibroblasts"
"Fibroblasts","Leukocytes","Mdk","Sdc2","age30m-age3m",1,-0.00111940028169154,"Fibroblasts"
"Myocytes","Fibroblasts","Mdk","Sdc1","age30m-age3m",1,-0.00111940028169154,"Fibroblasts"
"Myocytes","Fibroblasts","Mdk","Sdc4","age30m-age3m",1,-0.00111940028169154,"Fibroblasts"
"Myocytes","Leukocytes","Mdk","Itga4","age30m-age3m",1,-0.00111940028169154,"Fibroblasts"
"Myocytes","Fibroblasts","Mdk","Notch2","age30m-age3m",1,-0.00111940028169154,"Fibroblasts"
"Fibroblasts","Myocytes","Mdk","Lrp1","age30m-age3m",1,-0.00111940028169154,"Fibroblasts"
"Fibroblasts","Myocytes","Mdk","Itgb1","age30m-age3m",1,-0.00111940028169154,"Fibroblasts"
"Fibroblasts","Myocytes","Mdk","Sdc2","age30m-age3m",1,-0.00111940028169154,"Fibroblasts"
"Fibroblasts","Myocytes","Mdk","Itga6","age30m-age3m",1,-0.00111940028169154,"Fibroblasts"
"Myocytes","Leukocytes","Mdk","Itgb1","age30m-age3m",1,-0.00111940028169154,"Fibroblasts"
"Myocytes","EndothelialCells","Mdk","Sdc4","age30m-age3m",1,-0.00111940028169154,"Fibroblasts"
"Myocytes","Fibroblasts","Mdk","Itgb1","age30m-age3m",1,-0.00111940028169154,"Fibroblasts"
"Myocytes","Myocytes","Mdk","Lrp1","age30m-age3m",1,-0.00111940028169154,"Fibroblasts"
"Fibroblasts","Myocytes","Mdk","Sdc4","age30m-age3m",1,-0.00111940028169154,"Fibroblasts"
"Myocytes","Myocytes","Mdk","Sdc2","age30m-age3m",1,-0.00111940028169154,"Fibroblasts"
"Myocytes","Myocytes","Mdk","Itga6","age30m-age3m",1,-0.00111940028169154,"Fibroblasts"
"Myocytes","Myocytes","Mdk","Sdc4","age30m-age3m",1,-0.00111940028169154,"Fibroblasts"
"Myocytes","Myocytes","Mdk","Itgb1","age30m-age3m",1,-0.00111940028169154,"Fibroblasts"
"Leukocytes","Fibroblasts","Adam10","Axl","age30m-age3m",1,-0.0011199906132742,"Fibroblasts"
"EndothelialCells","Fibroblasts","Adam10","Axl","age30m-age3m",1,-0.0011199906132742,"Fibroblasts"
"Leukocytes","EndothelialCells","Adam10","Tspan17","age30m-age3m",1,-0.0011199906132742,"Fibroblasts"
"EndothelialCells","EndothelialCells","Adam10","Tspan17","age30m-age3m",1,-0.0011199906132742,"Fibroblasts"
"Fibroblasts","Fibroblasts","Adam10","Axl","age30m-age3m",1,-0.0011199906132742,"Fibroblasts"
"Leukocytes","Leukocytes","Adam10","Tspan5","age30m-age3m",1,-0.0011199906132742,"Fibroblasts"
"EndothelialCells","Leukocytes","Adam10","Tspan5","age30m-age3m",1,-0.0011199906132742,"Fibroblasts"
"Leukocytes","Fibroblasts","Adam10","Tspan5","age30m-age3m",1,-0.0011199906132742,"Fibroblasts"
"Fibroblasts","EndothelialCells","Adam10","Tspan17","age30m-age3m",1,-0.0011199906132742,"Fibroblasts"
"EndothelialCells","Fibroblasts","Adam10","Tspan5","age30m-age3m",1,-0.0011199906132742,"Fibroblasts"
"Leukocytes","EndothelialCells","Adam10","Notch4","age30m-age3m",1,-0.0011199906132742,"Fibroblasts"
"Leukocytes","EndothelialCells","Adam10","Notch1","age30m-age3m",1,-0.0011199906132742,"Fibroblasts"
"Fibroblasts","Leukocytes","Adam10","Tspan5","age30m-age3m",1,-0.0011199906132742,"Fibroblasts"
"Leukocytes","Leukocytes","Adam10","Tspan14","age30m-age3m",1,-0.0011199906132742,"Fibroblasts"
"Leukocytes","EndothelialCells","Adam10","Tspan15","age30m-age3m",1,-0.0011199906132742,"Fibroblasts"
"EndothelialCells","EndothelialCells","Adam10","Notch4","age30m-age3m",1,-0.0011199906132742,"Fibroblasts"
"EndothelialCells","EndothelialCells","Adam10","Notch1","age30m-age3m",1,-0.0011199906132742,"Fibroblasts"
"Leukocytes","EndothelialCells","Adam10","Tspan14","age30m-age3m",1,-0.0011199906132742,"Fibroblasts"
"EndothelialCells","Leukocytes","Adam10","Tspan14","age30m-age3m",1,-0.0011199906132742,"Fibroblasts"
"EndothelialCells","EndothelialCells","Adam10","Tspan15","age30m-age3m",1,-0.0011199906132742,"Fibroblasts"
"Fibroblasts","Fibroblasts","Adam10","Tspan5","age30m-age3m",1,-0.0011199906132742,"Fibroblasts"
"EndothelialCells","EndothelialCells","Adam10","Tspan14","age30m-age3m",1,-0.0011199906132742,"Fibroblasts"
"Leukocytes","Leukocytes","Adam10","Notch1","age30m-age3m",1,-0.0011199906132742,"Fibroblasts"
"Leukocytes","EndothelialCells","Adam10","App","age30m-age3m",1,-0.0011199906132742,"Fibroblasts"
"Fibroblasts","EndothelialCells","Adam10","Notch4","age30m-age3m",1,-0.0011199906132742,"Fibroblasts"
"Fibroblasts","EndothelialCells","Adam10","Notch1","age30m-age3m",1,-0.0011199906132742,"Fibroblasts"
"EndothelialCells","Leukocytes","Adam10","Notch1","age30m-age3m",1,-0.0011199906132742,"Fibroblasts"
"Fibroblasts","Leukocytes","Adam10","Tspan14","age30m-age3m",1,-0.0011199906132742,"Fibroblasts"
"EndothelialCells","EndothelialCells","Adam10","App","age30m-age3m",1,-0.0011199906132742,"Fibroblasts"
"Fibroblasts","EndothelialCells","Adam10","Tspan15","age30m-age3m",1,-0.0011199906132742,"Fibroblasts"
"Leukocytes","Fibroblasts","Adam10","App","age30m-age3m",1,-0.0011199906132742,"Fibroblasts"
"Fibroblasts","EndothelialCells","Adam10","Tspan14","age30m-age3m",1,-0.0011199906132742,"Fibroblasts"
"EndothelialCells","Fibroblasts","Adam10","App","age30m-age3m",1,-0.0011199906132742,"Fibroblasts"
"Leukocytes","Leukocytes","Adam10","App","age30m-age3m",1,-0.0011199906132742,"Fibroblasts"
"Fibroblasts","Leukocytes","Adam10","Notch1","age30m-age3m",1,-0.0011199906132742,"Fibroblasts"
"Fibroblasts","EndothelialCells","Adam10","App","age30m-age3m",1,-0.0011199906132742,"Fibroblasts"
"Leukocytes","Myocytes","Adam10","Tspan17","age30m-age3m",1,-0.0011199906132742,"Fibroblasts"
"EndothelialCells","Leukocytes","Adam10","App","age30m-age3m",1,-0.0011199906132742,"Fibroblasts"
"Leukocytes","EndothelialCells","Adam10","Tspan5","age30m-age3m",1,-0.0011199906132742,"Fibroblasts"
"Leukocytes","EndothelialCells","Adam10","Axl","age30m-age3m",1,-0.0011199906132742,"Fibroblasts"
"Leukocytes","Leukocytes","Adam10","Notch2","age30m-age3m",1,-0.0011199906132742,"Fibroblasts"
"Leukocytes","Fibroblasts","Adam10","Cd44","age30m-age3m",1,-0.0011199906132742,"Fibroblasts"
"Leukocytes","Fibroblasts","Adam10","Notch2","age30m-age3m",1,-0.0011199906132742,"Fibroblasts"
"EndothelialCells","Myocytes","Adam10","Tspan17","age30m-age3m",1,-0.0011199906132742,"Fibroblasts"
"EndothelialCells","EndothelialCells","Adam10","Tspan5","age30m-age3m",1,-0.0011199906132742,"Fibroblasts"
"Fibroblasts","Fibroblasts","Adam10","App","age30m-age3m",1,-0.0011199906132742,"Fibroblasts"
"Leukocytes","Leukocytes","Adam10","Tspan17","age30m-age3m",1,-0.0011199906132742,"Fibroblasts"
"Leukocytes","Leukocytes","Adam10","Axl","age30m-age3m",1,-0.0011199906132742,"Fibroblasts"
"EndothelialCells","EndothelialCells","Adam10","Axl","age30m-age3m",1,-0.0011199906132742,"Fibroblasts"
"EndothelialCells","Leukocytes","Adam10","Notch2","age30m-age3m",1,-0.0011199906132742,"Fibroblasts"
"EndothelialCells","Fibroblasts","Adam10","Cd44","age30m-age3m",1,-0.0011199906132742,"Fibroblasts"
"EndothelialCells","Fibroblasts","Adam10","Notch2","age30m-age3m",1,-0.0011199906132742,"Fibroblasts"
"Leukocytes","Leukocytes","Adam10","Cd44","age30m-age3m",1,-0.0011199906132742,"Fibroblasts"
"EndothelialCells","Leukocytes","Adam10","Tspan17","age30m-age3m",1,-0.0011199906132742,"Fibroblasts"
"EndothelialCells","Leukocytes","Adam10","Axl","age30m-age3m",1,-0.0011199906132742,"Fibroblasts"
"Leukocytes","Fibroblasts","Adam10","Tspan14","age30m-age3m",1,-0.0011199906132742,"Fibroblasts"
"Fibroblasts","Leukocytes","Adam10","App","age30m-age3m",1,-0.0011199906132742,"Fibroblasts"
"EndothelialCells","Leukocytes","Adam10","Cd44","age30m-age3m",1,-0.0011199906132742,"Fibroblasts"
"Fibroblasts","Myocytes","Adam10","Tspan17","age30m-age3m",1,-0.0011199906132742,"Fibroblasts"
"EndothelialCells","Fibroblasts","Adam10","Tspan14","age30m-age3m",1,-0.0011199906132742,"Fibroblasts"
"Fibroblasts","EndothelialCells","Adam10","Tspan5","age30m-age3m",1,-0.0011199906132742,"Fibroblasts"
"Leukocytes","Fibroblasts","Adam10","Tspan17","age30m-age3m",1,-0.0011199906132742,"Fibroblasts"
"Leukocytes","Fibroblasts","Adam10","Notch1","age30m-age3m",1,-0.0011199906132742,"Fibroblasts"
"Fibroblasts","EndothelialCells","Adam10","Axl","age30m-age3m",1,-0.0011199906132742,"Fibroblasts"
"Leukocytes","Fibroblasts","Adam10","Notch3","age30m-age3m",1,-0.0011199906132742,"Fibroblasts"
"Fibroblasts","Leukocytes","Adam10","Notch2","age30m-age3m",1,-0.0011199906132742,"Fibroblasts"
"Fibroblasts","Fibroblasts","Adam10","Cd44","age30m-age3m",1,-0.0011199906132742,"Fibroblasts"
"Fibroblasts","Fibroblasts","Adam10","Notch2","age30m-age3m",1,-0.0011199906132742,"Fibroblasts"
"Fibroblasts","Leukocytes","Adam10","Tspan17","age30m-age3m",1,-0.0011199906132742,"Fibroblasts"
"EndothelialCells","Fibroblasts","Adam10","Tspan17","age30m-age3m",1,-0.0011199906132742,"Fibroblasts"
"Fibroblasts","Leukocytes","Adam10","Axl","age30m-age3m",1,-0.0011199906132742,"Fibroblasts"
"EndothelialCells","Fibroblasts","Adam10","Notch1","age30m-age3m",1,-0.0011199906132742,"Fibroblasts"
"EndothelialCells","Fibroblasts","Adam10","Notch3","age30m-age3m",1,-0.0011199906132742,"Fibroblasts"
"Fibroblasts","Leukocytes","Adam10","Cd44","age30m-age3m",1,-0.0011199906132742,"Fibroblasts"
"Leukocytes","Fibroblasts","Adam10","Notch4","age30m-age3m",1,-0.0011199906132742,"Fibroblasts"
"Fibroblasts","Fibroblasts","Adam10","Tspan14","age30m-age3m",1,-0.0011199906132742,"Fibroblasts"
"EndothelialCells","Fibroblasts","Adam10","Notch4","age30m-age3m",1,-0.0011199906132742,"Fibroblasts"
"Fibroblasts","Fibroblasts","Adam10","Tspan17","age30m-age3m",1,-0.0011199906132742,"Fibroblasts"
"Fibroblasts","Fibroblasts","Adam10","Notch1","age30m-age3m",1,-0.0011199906132742,"Fibroblasts"
"Fibroblasts","Fibroblasts","Adam10","Notch3","age30m-age3m",1,-0.0011199906132742,"Fibroblasts"
"Fibroblasts","Fibroblasts","Adam10","Notch4","age30m-age3m",1,-0.0011199906132742,"Fibroblasts"
"Leukocytes","Leukocytes","Adam10","Notch4","age30m-age3m",1,-0.0011199906132742,"Fibroblasts"
"EndothelialCells","Leukocytes","Adam10","Notch4","age30m-age3m",1,-0.0011199906132742,"Fibroblasts"
"Fibroblasts","Leukocytes","Adam10","Notch4","age30m-age3m",1,-0.0011199906132742,"Fibroblasts"
"Leukocytes","Leukocytes","Adam10","Tspan33","age30m-age3m",1,-0.0011199906132742,"Fibroblasts"
"EndothelialCells","Leukocytes","Adam10","Tspan33","age30m-age3m",1,-0.0011199906132742,"Fibroblasts"
"Fibroblasts","Leukocytes","Adam10","Tspan33","age30m-age3m",1,-0.0011199906132742,"Fibroblasts"
"Leukocytes","Myocytes","Adam10","Cd44","age30m-age3m",1,-0.0011199906132742,"Fibroblasts"
"EndothelialCells","Myocytes","Adam10","Cd44","age30m-age3m",1,-0.0011199906132742,"Fibroblasts"
"Leukocytes","Myocytes","Adam10","App","age30m-age3m",1,-0.0011199906132742,"Fibroblasts"
"EndothelialCells","Myocytes","Adam10","App","age30m-age3m",1,-0.0011199906132742,"Fibroblasts"
"Fibroblasts","Myocytes","Adam10","Cd44","age30m-age3m",1,-0.0011199906132742,"Fibroblasts"
"Fibroblasts","Myocytes","Adam10","App","age30m-age3m",1,-0.0011199906132742,"Fibroblasts"
"Leukocytes","EndothelialCells","Adam10","Cd44","age30m-age3m",1,-0.0011199906132742,"Fibroblasts"
"EndothelialCells","EndothelialCells","Adam10","Cd44","age30m-age3m",1,-0.0011199906132742,"Fibroblasts"
"Fibroblasts","EndothelialCells","Adam10","Cd44","age30m-age3m",1,-0.0011199906132742,"Fibroblasts"
"Fibroblasts","EndothelialCells","Dusp18","Cd151","age30m-age3m",1,-0.00112150892312939,"Myocytes"
"Fibroblasts","Myocytes","Dusp18","Rpsa","age30m-age3m",1,-0.00112150892312939,"Myocytes"
"Fibroblasts","EndothelialCells","Dusp18","Itga1","age30m-age3m",1,-0.00112150892312939,"Myocytes"
"Fibroblasts","EndothelialCells","Dusp18","Itga6","age30m-age3m",1,-0.00112150892312939,"Myocytes"
"Leukocytes","EndothelialCells","Dusp18","Cd151","age30m-age3m",1,-0.00112150892312939,"Myocytes"
"Fibroblasts","EndothelialCells","Dusp18","Itgb1","age30m-age3m",1,-0.00112150892312939,"Myocytes"
"Fibroblasts","Fibroblasts","Dusp18","Cd151","age30m-age3m",1,-0.00112150892312939,"Myocytes"
"Fibroblasts","Leukocytes","Dusp18","Cd151","age30m-age3m",1,-0.00112150892312939,"Myocytes"
"Myocytes","EndothelialCells","Dusp18","Cd151","age30m-age3m",1,-0.00112150892312939,"Myocytes"
"Leukocytes","Myocytes","Dusp18","Rpsa","age30m-age3m",1,-0.00112150892312939,"Myocytes"
"Leukocytes","EndothelialCells","Dusp18","Itga1","age30m-age3m",1,-0.00112150892312939,"Myocytes"
"Leukocytes","EndothelialCells","Dusp18","Itga6","age30m-age3m",1,-0.00112150892312939,"Myocytes"
"Myocytes","Myocytes","Dusp18","Rpsa","age30m-age3m",1,-0.00112150892312939,"Myocytes"
"Fibroblasts","Fibroblasts","Dusp18","Itga1","age30m-age3m",1,-0.00112150892312939,"Myocytes"
"Leukocytes","EndothelialCells","Dusp18","Itgb1","age30m-age3m",1,-0.00112150892312939,"Myocytes"
"Myocytes","EndothelialCells","Dusp18","Itga1","age30m-age3m",1,-0.00112150892312939,"Myocytes"
"Myocytes","EndothelialCells","Dusp18","Itga6","age30m-age3m",1,-0.00112150892312939,"Myocytes"
"Leukocytes","Fibroblasts","Dusp18","Cd151","age30m-age3m",1,-0.00112150892312939,"Myocytes"
"Leukocytes","Leukocytes","Dusp18","Cd151","age30m-age3m",1,-0.00112150892312939,"Myocytes"
"Myocytes","EndothelialCells","Dusp18","Itgb1","age30m-age3m",1,-0.00112150892312939,"Myocytes"
"Myocytes","Fibroblasts","Dusp18","Cd151","age30m-age3m",1,-0.00112150892312939,"Myocytes"
"Myocytes","Leukocytes","Dusp18","Cd151","age30m-age3m",1,-0.00112150892312939,"Myocytes"
"Fibroblasts","Fibroblasts","Dusp18","Rpsa","age30m-age3m",1,-0.00112150892312939,"Myocytes"
"Leukocytes","Leukocytes","Dusp18","Itgb4","age30m-age3m",1,-0.00112150892312939,"Myocytes"
"Fibroblasts","Leukocytes","Dusp18","Itgb1","age30m-age3m",1,-0.00112150892312939,"Myocytes"
"Leukocytes","Fibroblasts","Dusp18","Itga1","age30m-age3m",1,-0.00112150892312939,"Myocytes"
"Fibroblasts","Leukocytes","Dusp18","Itgb4","age30m-age3m",1,-0.00112150892312939,"Myocytes"
"Fibroblasts","Fibroblasts","Dusp18","Itgb1","age30m-age3m",1,-0.00112150892312939,"Myocytes"
"Myocytes","Leukocytes","Dusp18","Itgb4","age30m-age3m",1,-0.00112150892312939,"Myocytes"
"Myocytes","Fibroblasts","Dusp18","Itga1","age30m-age3m",1,-0.00112150892312939,"Myocytes"
"Fibroblasts","Leukocytes","Dusp18","Rpsa","age30m-age3m",1,-0.00112150892312939,"Myocytes"
"Fibroblasts","Myocytes","Dusp18","Itga7","age30m-age3m",1,-0.00112150892312939,"Myocytes"
"Leukocytes","Fibroblasts","Dusp18","Rpsa","age30m-age3m",1,-0.00112150892312939,"Myocytes"
"Fibroblasts","EndothelialCells","Dusp18","Rpsa","age30m-age3m",1,-0.00112150892312939,"Myocytes"
"Leukocytes","Leukocytes","Dusp18","Itgb1","age30m-age3m",1,-0.00112150892312939,"Myocytes"
"Myocytes","Fibroblasts","Dusp18","Rpsa","age30m-age3m",1,-0.00112150892312939,"Myocytes"
"Leukocytes","Fibroblasts","Dusp18","Itgb1","age30m-age3m",1,-0.00112150892312939,"Myocytes"
"Myocytes","Leukocytes","Dusp18","Itgb1","age30m-age3m",1,-0.00112150892312939,"Myocytes"
"Leukocytes","Leukocytes","Dusp18","Rpsa","age30m-age3m",1,-0.00112150892312939,"Myocytes"
"Myocytes","Fibroblasts","Dusp18","Itgb1","age30m-age3m",1,-0.00112150892312939,"Myocytes"
"Fibroblasts","Myocytes","Dusp18","Itgb1","age30m-age3m",1,-0.00112150892312939,"Myocytes"
"Myocytes","Leukocytes","Dusp18","Rpsa","age30m-age3m",1,-0.00112150892312939,"Myocytes"
"Fibroblasts","Myocytes","Dusp18","Cd151","age30m-age3m",1,-0.00112150892312939,"Myocytes"
"Leukocytes","EndothelialCells","Dusp18","Rpsa","age30m-age3m",1,-0.00112150892312939,"Myocytes"
"Fibroblasts","Myocytes","Dusp18","Itga6","age30m-age3m",1,-0.00112150892312939,"Myocytes"
"Myocytes","EndothelialCells","Dusp18","Rpsa","age30m-age3m",1,-0.00112150892312939,"Myocytes"
"Leukocytes","Myocytes","Dusp18","Itgb1","age30m-age3m",1,-0.00112150892312939,"Myocytes"
"Myocytes","Myocytes","Dusp18","Itgb1","age30m-age3m",1,-0.00112150892312939,"Myocytes"
"Fibroblasts","Fibroblasts","Slit3","Robo1","age30m-age3m",1,-0.00112193503558952,"Fibroblasts"
"Fibroblasts","EndothelialCells","Slit3","Robo4","age30m-age3m",1,-0.00112193503558952,"Fibroblasts"
"Fibroblasts","EndothelialCells","Slit3","Robo2","age30m-age3m",1,-0.00112193503558952,"Fibroblasts"
"Fibroblasts","Leukocytes","Slit3","Robo4","age30m-age3m",1,-0.00112193503558952,"Fibroblasts"
"Leukocytes","Fibroblasts","Slit3","Robo1","age30m-age3m",1,-0.00112193503558952,"Fibroblasts"
"Leukocytes","EndothelialCells","Slit3","Robo4","age30m-age3m",1,-0.00112193503558952,"Fibroblasts"
"Fibroblasts","Myocytes","Slit3","Robo4","age30m-age3m",1,-0.00112193503558952,"Fibroblasts"
"Leukocytes","EndothelialCells","Slit3","Robo2","age30m-age3m",1,-0.00112193503558952,"Fibroblasts"
"Leukocytes","Leukocytes","Slit3","Robo4","age30m-age3m",1,-0.00112193503558952,"Fibroblasts"
"Leukocytes","Leukocytes","Lfng","Notch1","age30m-age3m",1,-0.00112599423356432,"EndothelialCells"
"Leukocytes","EndothelialCells","Lfng","Notch1","age30m-age3m",1,-0.00112599423356432,"EndothelialCells"
"Leukocytes","Leukocytes","Lfng","Notch2","age30m-age3m",1,-0.00112599423356432,"EndothelialCells"
"Leukocytes","Fibroblasts","Lfng","Notch2","age30m-age3m",1,-0.00112599423356432,"EndothelialCells"
"Leukocytes","Fibroblasts","Lfng","Notch1","age30m-age3m",1,-0.00112599423356432,"EndothelialCells"
"Fibroblasts","Leukocytes","Lfng","Notch1","age30m-age3m",1,-0.00112599423356432,"EndothelialCells"
"Fibroblasts","EndothelialCells","Lfng","Notch1","age30m-age3m",1,-0.00112599423356432,"EndothelialCells"
"Fibroblasts","Leukocytes","Lfng","Notch2","age30m-age3m",1,-0.00112599423356432,"EndothelialCells"
"EndothelialCells","Leukocytes","Lfng","Notch1","age30m-age3m",1,-0.00112599423356432,"EndothelialCells"
"EndothelialCells","EndothelialCells","Lfng","Notch1","age30m-age3m",1,-0.00112599423356432,"EndothelialCells"
"Fibroblasts","Fibroblasts","Lfng","Notch2","age30m-age3m",1,-0.00112599423356432,"EndothelialCells"
"Fibroblasts","Fibroblasts","Lfng","Notch1","age30m-age3m",1,-0.00112599423356432,"EndothelialCells"
"EndothelialCells","Leukocytes","Lfng","Notch2","age30m-age3m",1,-0.00112599423356432,"EndothelialCells"
"EndothelialCells","Fibroblasts","Lfng","Notch2","age30m-age3m",1,-0.00112599423356432,"EndothelialCells"
"EndothelialCells","Fibroblasts","Lfng","Notch1","age30m-age3m",1,-0.00112599423356432,"EndothelialCells"
"Fibroblasts","Leukocytes","Vcan","Tlr2","age30m-age3m",1,-0.00113095868071588,"Fibroblasts"
"Fibroblasts","Fibroblasts","Vcan","Egfr","age30m-age3m",1,-0.00113095868071588,"Fibroblasts"
"Fibroblasts","Leukocytes","Vcan","Sell","age30m-age3m",1,-0.00113095868071588,"Fibroblasts"
"Fibroblasts","EndothelialCells","Vcan","Itgb1","age30m-age3m",1,-0.00113095868071588,"Fibroblasts"
"Fibroblasts","Leukocytes","Vcan","Cd44","age30m-age3m",1,-0.00113095868071588,"Fibroblasts"
"Fibroblasts","Leukocytes","Vcan","Selplg","age30m-age3m",1,-0.00113095868071588,"Fibroblasts"
"Fibroblasts","Leukocytes","Vcan","Itga4","age30m-age3m",1,-0.00113095868071588,"Fibroblasts"
"Fibroblasts","Fibroblasts","Vcan","Cd44","age30m-age3m",1,-0.00113095868071588,"Fibroblasts"
"Fibroblasts","Fibroblasts","Vcan","Tlr2","age30m-age3m",1,-0.00113095868071588,"Fibroblasts"
"Leukocytes","Leukocytes","Vcan","Tlr2","age30m-age3m",1,-0.00113095868071588,"Fibroblasts"
"Fibroblasts","Leukocytes","Vcan","Itgb1","age30m-age3m",1,-0.00113095868071588,"Fibroblasts"
"Fibroblasts","Fibroblasts","Vcan","Itgb1","age30m-age3m",1,-0.00113095868071588,"Fibroblasts"
"Leukocytes","Fibroblasts","Vcan","Egfr","age30m-age3m",1,-0.00113095868071588,"Fibroblasts"
"Leukocytes","Leukocytes","Vcan","Sell","age30m-age3m",1,-0.00113095868071588,"Fibroblasts"
"Leukocytes","EndothelialCells","Vcan","Itgb1","age30m-age3m",1,-0.00113095868071588,"Fibroblasts"
"Leukocytes","Leukocytes","Vcan","Cd44","age30m-age3m",1,-0.00113095868071588,"Fibroblasts"
"Leukocytes","Leukocytes","Vcan","Selplg","age30m-age3m",1,-0.00113095868071588,"Fibroblasts"
"Leukocytes","Leukocytes","Vcan","Itga4","age30m-age3m",1,-0.00113095868071588,"Fibroblasts"
"Fibroblasts","Leukocytes","Vcan","Egfr","age30m-age3m",1,-0.00113095868071588,"Fibroblasts"
"Leukocytes","Fibroblasts","Vcan","Cd44","age30m-age3m",1,-0.00113095868071588,"Fibroblasts"
"Leukocytes","Fibroblasts","Vcan","Tlr2","age30m-age3m",1,-0.00113095868071588,"Fibroblasts"
"Fibroblasts","Myocytes","Vcan","Cd44","age30m-age3m",1,-0.00113095868071588,"Fibroblasts"
"Fibroblasts","Myocytes","Vcan","Itgb1","age30m-age3m",1,-0.00113095868071588,"Fibroblasts"
"Leukocytes","Leukocytes","Vcan","Itgb1","age30m-age3m",1,-0.00113095868071588,"Fibroblasts"
"Leukocytes","Leukocytes","Vcan","Egfr","age30m-age3m",1,-0.00113095868071588,"Fibroblasts"
"Leukocytes","Fibroblasts","Vcan","Itgb1","age30m-age3m",1,-0.00113095868071588,"Fibroblasts"
"Fibroblasts","EndothelialCells","Vcan","Cd44","age30m-age3m",1,-0.00113095868071588,"Fibroblasts"
"Leukocytes","Myocytes","Vcan","Cd44","age30m-age3m",1,-0.00113095868071588,"Fibroblasts"
"Leukocytes","Myocytes","Vcan","Itgb1","age30m-age3m",1,-0.00113095868071588,"Fibroblasts"
"EndothelialCells","EndothelialCells","Sema7a","Itga1","age30m-age3m",1,-0.00113160142495746,"EndothelialCells"
"EndothelialCells","EndothelialCells","Sema7a","Itgb1","age30m-age3m",1,-0.00113160142495746,"EndothelialCells"
"EndothelialCells","Fibroblasts","Sema7a","Plxnc1","age30m-age3m",1,-0.00113160142495746,"EndothelialCells"
"EndothelialCells","Fibroblasts","Sema7a","Itga1","age30m-age3m",1,-0.00113160142495746,"EndothelialCells"
"EndothelialCells","Leukocytes","Sema7a","Plxnc1","age30m-age3m",1,-0.00113160142495746,"EndothelialCells"
"EndothelialCells","Fibroblasts","Sema7a","Itgb1","age30m-age3m",1,-0.00113160142495746,"EndothelialCells"
"EndothelialCells","Leukocytes","Sema7a","Itgb1","age30m-age3m",1,-0.00113160142495746,"EndothelialCells"
"EndothelialCells","Myocytes","Sema7a","Itgb1","age30m-age3m",1,-0.00113160142495746,"EndothelialCells"
"Fibroblasts","Leukocytes","Bgn","Tlr2","age30m-age3m",1,-0.00113345217077149,"Fibroblasts"
"Fibroblasts","Fibroblasts","Bgn","Tlr4","age30m-age3m",1,-0.00113345217077149,"Fibroblasts"
"Fibroblasts","EndothelialCells","Bgn","Fgfr3","age30m-age3m",1,-0.00113345217077149,"Fibroblasts"
"Fibroblasts","EndothelialCells","Bgn","Tlr4","age30m-age3m",1,-0.00113345217077149,"Fibroblasts"
"Fibroblasts","Leukocytes","Bgn","Tlr4","age30m-age3m",1,-0.00113345217077149,"Fibroblasts"
"Leukocytes","Leukocytes","Bgn","Tlr2","age30m-age3m",1,-0.00113345217077149,"Fibroblasts"
"Leukocytes","Fibroblasts","Bgn","Tlr4","age30m-age3m",1,-0.00113345217077149,"Fibroblasts"
"Leukocytes","EndothelialCells","Bgn","Fgfr3","age30m-age3m",1,-0.00113345217077149,"Fibroblasts"
"EndothelialCells","Leukocytes","Bgn","Tlr2","age30m-age3m",1,-0.00113345217077149,"Fibroblasts"
"EndothelialCells","Fibroblasts","Bgn","Tlr4","age30m-age3m",1,-0.00113345217077149,"Fibroblasts"
"EndothelialCells","EndothelialCells","Bgn","Fgfr3","age30m-age3m",1,-0.00113345217077149,"Fibroblasts"
"Leukocytes","EndothelialCells","Bgn","Tlr4","age30m-age3m",1,-0.00113345217077149,"Fibroblasts"
"Leukocytes","Leukocytes","Bgn","Tlr4","age30m-age3m",1,-0.00113345217077149,"Fibroblasts"
"EndothelialCells","EndothelialCells","Bgn","Tlr4","age30m-age3m",1,-0.00113345217077149,"Fibroblasts"
"Fibroblasts","Fibroblasts","Bgn","Tlr2","age30m-age3m",1,-0.00113345217077149,"Fibroblasts"
"EndothelialCells","Leukocytes","Bgn","Tlr4","age30m-age3m",1,-0.00113345217077149,"Fibroblasts"
"Fibroblasts","Leukocytes","Bgn","Tlr1","age30m-age3m",1,-0.00113345217077149,"Fibroblasts"
"Leukocytes","Fibroblasts","Bgn","Tlr2","age30m-age3m",1,-0.00113345217077149,"Fibroblasts"
"EndothelialCells","Fibroblasts","Bgn","Tlr2","age30m-age3m",1,-0.00113345217077149,"Fibroblasts"
"Myocytes","Leukocytes","Bgn","Tlr2","age30m-age3m",1,-0.00113345217077149,"Fibroblasts"
"Myocytes","Fibroblasts","Bgn","Tlr4","age30m-age3m",1,-0.00113345217077149,"Fibroblasts"
"Myocytes","EndothelialCells","Bgn","Fgfr3","age30m-age3m",1,-0.00113345217077149,"Fibroblasts"
"Leukocytes","Leukocytes","Bgn","Tlr1","age30m-age3m",1,-0.00113345217077149,"Fibroblasts"
"Myocytes","EndothelialCells","Bgn","Tlr4","age30m-age3m",1,-0.00113345217077149,"Fibroblasts"
"Fibroblasts","Leukocytes","Bgn","Fgfr3","age30m-age3m",1,-0.00113345217077149,"Fibroblasts"
"Myocytes","Leukocytes","Bgn","Tlr4","age30m-age3m",1,-0.00113345217077149,"Fibroblasts"
"EndothelialCells","Leukocytes","Bgn","Tlr1","age30m-age3m",1,-0.00113345217077149,"Fibroblasts"
"Leukocytes","Leukocytes","Bgn","Fgfr3","age30m-age3m",1,-0.00113345217077149,"Fibroblasts"
"Myocytes","Leukocytes","Bgn","Tlr1","age30m-age3m",1,-0.00113345217077149,"Fibroblasts"
"EndothelialCells","Leukocytes","Bgn","Fgfr3","age30m-age3m",1,-0.00113345217077149,"Fibroblasts"
"Myocytes","Fibroblasts","Bgn","Tlr2","age30m-age3m",1,-0.00113345217077149,"Fibroblasts"
"Leukocytes","Leukocytes","Ctsd","App","age30m-age3m",1,-0.00113574051679619,"Fibroblasts"
"Leukocytes","EndothelialCells","Ctsd","App","age30m-age3m",1,-0.00113574051679619,"Fibroblasts"
"Leukocytes","Fibroblasts","Ctsd","App","age30m-age3m",1,-0.00113574051679619,"Fibroblasts"
"EndothelialCells","Leukocytes","Ctsd","App","age30m-age3m",1,-0.00113574051679619,"Fibroblasts"
"EndothelialCells","EndothelialCells","Ctsd","App","age30m-age3m",1,-0.00113574051679619,"Fibroblasts"
"EndothelialCells","Fibroblasts","Ctsd","App","age30m-age3m",1,-0.00113574051679619,"Fibroblasts"
"Fibroblasts","Leukocytes","Ctsd","App","age30m-age3m",1,-0.00113574051679619,"Fibroblasts"
"Fibroblasts","EndothelialCells","Ctsd","App","age30m-age3m",1,-0.00113574051679619,"Fibroblasts"
"Fibroblasts","Fibroblasts","Ctsd","App","age30m-age3m",1,-0.00113574051679619,"Fibroblasts"
"Myocytes","Leukocytes","Ctsd","App","age30m-age3m",1,-0.00113574051679619,"Fibroblasts"
"Myocytes","EndothelialCells","Ctsd","App","age30m-age3m",1,-0.00113574051679619,"Fibroblasts"
"Leukocytes","Myocytes","Ctsd","App","age30m-age3m",1,-0.00113574051679619,"Fibroblasts"
"Myocytes","Fibroblasts","Ctsd","App","age30m-age3m",1,-0.00113574051679619,"Fibroblasts"
"EndothelialCells","Myocytes","Ctsd","App","age30m-age3m",1,-0.00113574051679619,"Fibroblasts"
"Fibroblasts","Myocytes","Ctsd","App","age30m-age3m",1,-0.00113574051679619,"Fibroblasts"
"Myocytes","Myocytes","Ctsd","App","age30m-age3m",1,-0.00113574051679619,"Fibroblasts"
"Leukocytes","Fibroblasts","Siglece","Nrxn2","age30m-age3m",1,-0.00113886544566243,"Leukocytes"
"Leukocytes","Fibroblasts","Siglece","Il1rapl1","age30m-age3m",1,-0.00113886544566243,"Leukocytes"
"Leukocytes","Fibroblasts","Siglece","Boc","age30m-age3m",1,-0.00113886544566243,"Leukocytes"
"Leukocytes","Leukocytes","Siglece","Nrp2","age30m-age3m",1,-0.00113886544566243,"Leukocytes"
"Leukocytes","Leukocytes","Siglece","Lrp12","age30m-age3m",1,-0.00113886544566243,"Leukocytes"
"Leukocytes","Leukocytes","Siglece","Il4ra","age30m-age3m",1,-0.00113886544566243,"Leukocytes"
"Leukocytes","Leukocytes","Siglece","Timd4","age30m-age3m",1,-0.00113886544566243,"Leukocytes"
"Leukocytes","EndothelialCells","Siglece","Il4ra","age30m-age3m",1,-0.00113886544566243,"Leukocytes"
"Leukocytes","Leukocytes","Siglece","Ifngr1","age30m-age3m",1,-0.00113886544566243,"Leukocytes"
"Leukocytes","Leukocytes","Siglece","Ptpro","age30m-age3m",1,-0.00113886544566243,"Leukocytes"
"Leukocytes","Leukocytes","Siglece","Cd33","age30m-age3m",1,-0.00113886544566243,"Leukocytes"
"Leukocytes","Leukocytes","Siglece","AU040320","age30m-age3m",1,-0.00113886544566243,"Leukocytes"
"Leukocytes","EndothelialCells","Siglece","Nrp2","age30m-age3m",1,-0.00113886544566243,"Leukocytes"
"Leukocytes","EndothelialCells","Siglece","Ifngr1","age30m-age3m",1,-0.00113886544566243,"Leukocytes"
"Leukocytes","Myocytes","Siglece","Cd320","age30m-age3m",1,-0.00113886544566243,"Leukocytes"
"Leukocytes","Leukocytes","Siglece","Siglece","age30m-age3m",1,-0.00113886544566243,"Leukocytes"
"Leukocytes","EndothelialCells","Siglece","Cd320","age30m-age3m",1,-0.00113886544566243,"Leukocytes"
"Leukocytes","Fibroblasts","Siglece","Ifngr1","age30m-age3m",1,-0.00113886544566243,"Leukocytes"
"Leukocytes","Fibroblasts","Siglece","Cd320","age30m-age3m",1,-0.00113886544566243,"Leukocytes"
"Leukocytes","EndothelialCells","Siglece","AU040320","age30m-age3m",1,-0.00113886544566243,"Leukocytes"
"Leukocytes","Fibroblasts","Siglece","Nrp2","age30m-age3m",1,-0.00113886544566243,"Leukocytes"
"Leukocytes","Fibroblasts","Siglece","Il4ra","age30m-age3m",1,-0.00113886544566243,"Leukocytes"
"Leukocytes","Leukocytes","Siglece","Il1rl1","age30m-age3m",1,-0.00113886544566243,"Leukocytes"
"Leukocytes","Fibroblasts","Siglece","Lrp12","age30m-age3m",1,-0.00113886544566243,"Leukocytes"
"Leukocytes","Fibroblasts","Siglece","Ptpro","age30m-age3m",1,-0.00113886544566243,"Leukocytes"
"Leukocytes","Myocytes","Siglece","Nrxn2","age30m-age3m",1,-0.00113886544566243,"Leukocytes"
"Leukocytes","Myocytes","Siglece","Il4ra","age30m-age3m",1,-0.00113886544566243,"Leukocytes"
"Leukocytes","Fibroblasts","Siglece","AU040320","age30m-age3m",1,-0.00113886544566243,"Leukocytes"
"Leukocytes","Myocytes","Siglece","Nrp2","age30m-age3m",1,-0.00113886544566243,"Leukocytes"
"Fibroblasts","EndothelialCells","Col8a1","Itga1","age30m-age3m",1,-0.00113922718782241,"Fibroblasts"
"Fibroblasts","Fibroblasts","Col8a1","Ddr1","age30m-age3m",1,-0.00113922718782241,"Fibroblasts"
"Fibroblasts","EndothelialCells","Col8a1","Itgb1","age30m-age3m",1,-0.00113922718782241,"Fibroblasts"
"Fibroblasts","Fibroblasts","Col8a1","Itga11","age30m-age3m",1,-0.00113922718782241,"Fibroblasts"
"Fibroblasts","Fibroblasts","Col8a1","Itga1","age30m-age3m",1,-0.00113922718782241,"Fibroblasts"
"Fibroblasts","Leukocytes","Col8a1","Itgb1","age30m-age3m",1,-0.00113922718782241,"Fibroblasts"
"Fibroblasts","Fibroblasts","Col8a1","Itgb1","age30m-age3m",1,-0.00113922718782241,"Fibroblasts"
"EndothelialCells","EndothelialCells","Col8a1","Itga1","age30m-age3m",1,-0.00113922718782241,"Fibroblasts"
"EndothelialCells","Fibroblasts","Col8a1","Ddr1","age30m-age3m",1,-0.00113922718782241,"Fibroblasts"
"EndothelialCells","EndothelialCells","Col8a1","Itgb1","age30m-age3m",1,-0.00113922718782241,"Fibroblasts"
"EndothelialCells","Fibroblasts","Col8a1","Itga11","age30m-age3m",1,-0.00113922718782241,"Fibroblasts"
"EndothelialCells","Fibroblasts","Col8a1","Itga1","age30m-age3m",1,-0.00113922718782241,"Fibroblasts"
"Leukocytes","EndothelialCells","Col8a1","Itga1","age30m-age3m",1,-0.00113922718782241,"Fibroblasts"
"Fibroblasts","Myocytes","Col8a1","Itgb1","age30m-age3m",1,-0.00113922718782241,"Fibroblasts"
"Leukocytes","Fibroblasts","Col8a1","Ddr1","age30m-age3m",1,-0.00113922718782241,"Fibroblasts"
"Leukocytes","EndothelialCells","Col8a1","Itgb1","age30m-age3m",1,-0.00113922718782241,"Fibroblasts"
"Leukocytes","Fibroblasts","Col8a1","Itga11","age30m-age3m",1,-0.00113922718782241,"Fibroblasts"
"Leukocytes","Fibroblasts","Col8a1","Itga1","age30m-age3m",1,-0.00113922718782241,"Fibroblasts"
"EndothelialCells","Leukocytes","Col8a1","Itgb1","age30m-age3m",1,-0.00113922718782241,"Fibroblasts"
"EndothelialCells","Fibroblasts","Col8a1","Itgb1","age30m-age3m",1,-0.00113922718782241,"Fibroblasts"
"Fibroblasts","Myocytes","Col8a1","Ddr1","age30m-age3m",1,-0.00113922718782241,"Fibroblasts"
"Leukocytes","Leukocytes","Col8a1","Itgb1","age30m-age3m",1,-0.00113922718782241,"Fibroblasts"
"Leukocytes","Fibroblasts","Col8a1","Itgb1","age30m-age3m",1,-0.00113922718782241,"Fibroblasts"
"EndothelialCells","Myocytes","Col8a1","Itgb1","age30m-age3m",1,-0.00113922718782241,"Fibroblasts"
"Leukocytes","Myocytes","Col8a1","Itgb1","age30m-age3m",1,-0.00113922718782241,"Fibroblasts"
"EndothelialCells","Myocytes","Col8a1","Ddr1","age30m-age3m",1,-0.00113922718782241,"Fibroblasts"
"Fibroblasts","Fibroblasts","Cx3cl1","Itgav","age30m-age3m",1,-0.00114141163666677,"Fibroblasts"
"EndothelialCells","Fibroblasts","Cx3cl1","Itgav","age30m-age3m",1,-0.00114141163666677,"Fibroblasts"
"Fibroblasts","Fibroblasts","Cx3cl1","Cx3cr1","age30m-age3m",1,-0.00114141163666677,"Fibroblasts"
"EndothelialCells","Fibroblasts","Cx3cl1","Cx3cr1","age30m-age3m",1,-0.00114141163666677,"Fibroblasts"
"Fibroblasts","Leukocytes","Cx3cl1","Itgav","age30m-age3m",1,-0.00114141163666677,"Fibroblasts"
"Fibroblasts","EndothelialCells","Cx3cl1","Itgb1","age30m-age3m",1,-0.00114141163666677,"Fibroblasts"
"EndothelialCells","Leukocytes","Cx3cl1","Itgav","age30m-age3m",1,-0.00114141163666677,"Fibroblasts"
"EndothelialCells","EndothelialCells","Cx3cl1","Itgb1","age30m-age3m",1,-0.00114141163666677,"Fibroblasts"
"Fibroblasts","EndothelialCells","Cx3cl1","Itgav","age30m-age3m",1,-0.00114141163666677,"Fibroblasts"
"Fibroblasts","Leukocytes","Cx3cl1","Itgb3","age30m-age3m",1,-0.00114141163666677,"Fibroblasts"
"EndothelialCells","EndothelialCells","Cx3cl1","Itgav","age30m-age3m",1,-0.00114141163666677,"Fibroblasts"
"EndothelialCells","Leukocytes","Cx3cl1","Itgb3","age30m-age3m",1,-0.00114141163666677,"Fibroblasts"
"Fibroblasts","Leukocytes","Cx3cl1","Cx3cr1","age30m-age3m",1,-0.00114141163666677,"Fibroblasts"
"Fibroblasts","Leukocytes","Cx3cl1","Itga4","age30m-age3m",1,-0.00114141163666677,"Fibroblasts"
"EndothelialCells","Leukocytes","Cx3cl1","Cx3cr1","age30m-age3m",1,-0.00114141163666677,"Fibroblasts"
"Fibroblasts","Fibroblasts","Cx3cl1","Itgb3","age30m-age3m",1,-0.00114141163666677,"Fibroblasts"
"EndothelialCells","Leukocytes","Cx3cl1","Itga4","age30m-age3m",1,-0.00114141163666677,"Fibroblasts"
"EndothelialCells","Fibroblasts","Cx3cl1","Itgb3","age30m-age3m",1,-0.00114141163666677,"Fibroblasts"
"Fibroblasts","Leukocytes","Cx3cl1","Itgb1","age30m-age3m",1,-0.00114141163666677,"Fibroblasts"
"EndothelialCells","Leukocytes","Cx3cl1","Itgb1","age30m-age3m",1,-0.00114141163666677,"Fibroblasts"
"Fibroblasts","Fibroblasts","Cx3cl1","Itgb1","age30m-age3m",1,-0.00114141163666677,"Fibroblasts"
"EndothelialCells","Fibroblasts","Cx3cl1","Itgb1","age30m-age3m",1,-0.00114141163666677,"Fibroblasts"
"Fibroblasts","Myocytes","Cx3cl1","Itgb1","age30m-age3m",1,-0.00114141163666677,"Fibroblasts"
"EndothelialCells","Myocytes","Cx3cl1","Itgb1","age30m-age3m",1,-0.00114141163666677,"Fibroblasts"
"Fibroblasts","EndothelialCells","Col14a1","Itga1","age30m-age3m",1,-0.00114200373117078,"Fibroblasts"
"Fibroblasts","Fibroblasts","Col14a1","Itga11","age30m-age3m",1,-0.00114200373117078,"Fibroblasts"
"Fibroblasts","EndothelialCells","Col14a1","Itgb1","age30m-age3m",1,-0.00114200373117078,"Fibroblasts"
"Fibroblasts","Fibroblasts","Col14a1","Itga1","age30m-age3m",1,-0.00114200373117078,"Fibroblasts"
"Fibroblasts","Leukocytes","Col14a1","Cd44","age30m-age3m",1,-0.00114200373117078,"Fibroblasts"
"Fibroblasts","Fibroblasts","Col14a1","Cd44","age30m-age3m",1,-0.00114200373117078,"Fibroblasts"
"Leukocytes","EndothelialCells","Col14a1","Itga1","age30m-age3m",1,-0.00114200373117078,"Fibroblasts"
"Leukocytes","Fibroblasts","Col14a1","Itga11","age30m-age3m",1,-0.00114200373117078,"Fibroblasts"
"Leukocytes","EndothelialCells","Col14a1","Itgb1","age30m-age3m",1,-0.00114200373117078,"Fibroblasts"
"Fibroblasts","Leukocytes","Col14a1","Itgb1","age30m-age3m",1,-0.00114200373117078,"Fibroblasts"
"Leukocytes","Fibroblasts","Col14a1","Itga1","age30m-age3m",1,-0.00114200373117078,"Fibroblasts"
"Leukocytes","Leukocytes","Col14a1","Cd44","age30m-age3m",1,-0.00114200373117078,"Fibroblasts"
"Fibroblasts","Fibroblasts","Col14a1","Itgb1","age30m-age3m",1,-0.00114200373117078,"Fibroblasts"
"Leukocytes","Fibroblasts","Col14a1","Cd44","age30m-age3m",1,-0.00114200373117078,"Fibroblasts"
"Leukocytes","Leukocytes","Col14a1","Itgb1","age30m-age3m",1,-0.00114200373117078,"Fibroblasts"
"Leukocytes","Fibroblasts","Col14a1","Itgb1","age30m-age3m",1,-0.00114200373117078,"Fibroblasts"
"Fibroblasts","Myocytes","Col14a1","Cd44","age30m-age3m",1,-0.00114200373117078,"Fibroblasts"
"Fibroblasts","Myocytes","Col14a1","Itgb1","age30m-age3m",1,-0.00114200373117078,"Fibroblasts"
"Fibroblasts","EndothelialCells","Col14a1","Cd44","age30m-age3m",1,-0.00114200373117078,"Fibroblasts"
"Leukocytes","Myocytes","Col14a1","Cd44","age30m-age3m",1,-0.00114200373117078,"Fibroblasts"
"Leukocytes","Myocytes","Col14a1","Itgb1","age30m-age3m",1,-0.00114200373117078,"Fibroblasts"
"Leukocytes","EndothelialCells","Col14a1","Cd44","age30m-age3m",1,-0.00114200373117078,"Fibroblasts"
"Myocytes","Leukocytes","Gpi1","Amfr","age30m-age3m",1,-0.00115078395001653,"Fibroblasts"
"Myocytes","EndothelialCells","Gpi1","Amfr","age30m-age3m",1,-0.00115078395001653,"Fibroblasts"
"Myocytes","Fibroblasts","Gpi1","Amfr","age30m-age3m",1,-0.00115078395001653,"Fibroblasts"
"Leukocytes","Leukocytes","Gpi1","Amfr","age30m-age3m",1,-0.00115078395001653,"Fibroblasts"
"Leukocytes","EndothelialCells","Gpi1","Amfr","age30m-age3m",1,-0.00115078395001653,"Fibroblasts"
"EndothelialCells","Leukocytes","Gpi1","Amfr","age30m-age3m",1,-0.00115078395001653,"Fibroblasts"
"EndothelialCells","EndothelialCells","Gpi1","Amfr","age30m-age3m",1,-0.00115078395001653,"Fibroblasts"
"Leukocytes","Fibroblasts","Gpi1","Amfr","age30m-age3m",1,-0.00115078395001653,"Fibroblasts"
"EndothelialCells","Fibroblasts","Gpi1","Amfr","age30m-age3m",1,-0.00115078395001653,"Fibroblasts"
"Fibroblasts","Leukocytes","Gpi1","Amfr","age30m-age3m",1,-0.00115078395001653,"Fibroblasts"
"Fibroblasts","EndothelialCells","Gpi1","Amfr","age30m-age3m",1,-0.00115078395001653,"Fibroblasts"
"Fibroblasts","Fibroblasts","Gpi1","Amfr","age30m-age3m",1,-0.00115078395001653,"Fibroblasts"
"Myocytes","Myocytes","Gpi1","Amfr","age30m-age3m",1,-0.00115078395001653,"Fibroblasts"
"Leukocytes","Myocytes","Gpi1","Amfr","age30m-age3m",1,-0.00115078395001653,"Fibroblasts"
"EndothelialCells","Myocytes","Gpi1","Amfr","age30m-age3m",1,-0.00115078395001653,"Fibroblasts"
"Fibroblasts","Myocytes","Gpi1","Amfr","age30m-age3m",1,-0.00115078395001653,"Fibroblasts"
"Fibroblasts","Fibroblasts","Lrfn4","Ptprs","age30m-age3m",1,-0.00115442623188137,"Myocytes"
"Fibroblasts","Fibroblasts","Lrfn4","Ptprd","age30m-age3m",1,-0.00115442623188137,"Myocytes"
"Fibroblasts","Leukocytes","Lrfn4","Ptprs","age30m-age3m",1,-0.00115442623188137,"Myocytes"
"Fibroblasts","Myocytes","Lrfn4","Ptprd","age30m-age3m",1,-0.00115442623188137,"Myocytes"
"Leukocytes","Leukocytes","Fam3c","Clec2d","age30m-age3m",1,-0.00115666735983597,"Fibroblasts"
"EndothelialCells","Leukocytes","Fam3c","Clec2d","age30m-age3m",1,-0.00115666735983597,"Fibroblasts"
"Leukocytes","Leukocytes","Fam3c","Lifr","age30m-age3m",1,-0.00115666735983597,"Fibroblasts"
"EndothelialCells","Leukocytes","Fam3c","Lifr","age30m-age3m",1,-0.00115666735983597,"Fibroblasts"
"Leukocytes","EndothelialCells","Fam3c","Clec2d","age30m-age3m",1,-0.00115666735983597,"Fibroblasts"
"EndothelialCells","EndothelialCells","Fam3c","Clec2d","age30m-age3m",1,-0.00115666735983597,"Fibroblasts"
"Fibroblasts","Leukocytes","Fam3c","Clec2d","age30m-age3m",1,-0.00115666735983597,"Fibroblasts"
"Fibroblasts","Leukocytes","Fam3c","Lifr","age30m-age3m",1,-0.00115666735983597,"Fibroblasts"
"Fibroblasts","EndothelialCells","Fam3c","Clec2d","age30m-age3m",1,-0.00115666735983597,"Fibroblasts"
"Leukocytes","Fibroblasts","Fam3c","Clec2d","age30m-age3m",1,-0.00115666735983597,"Fibroblasts"
"EndothelialCells","Fibroblasts","Fam3c","Clec2d","age30m-age3m",1,-0.00115666735983597,"Fibroblasts"
"Leukocytes","Leukocytes","Fam3c","Lamp1","age30m-age3m",1,-0.00115666735983597,"Fibroblasts"
"EndothelialCells","Leukocytes","Fam3c","Lamp1","age30m-age3m",1,-0.00115666735983597,"Fibroblasts"
"Leukocytes","EndothelialCells","Fam3c","Lamp1","age30m-age3m",1,-0.00115666735983597,"Fibroblasts"
"EndothelialCells","EndothelialCells","Fam3c","Lamp1","age30m-age3m",1,-0.00115666735983597,"Fibroblasts"
"Fibroblasts","Fibroblasts","Fam3c","Clec2d","age30m-age3m",1,-0.00115666735983597,"Fibroblasts"
"Fibroblasts","Leukocytes","Fam3c","Lamp1","age30m-age3m",1,-0.00115666735983597,"Fibroblasts"
"Leukocytes","Fibroblasts","Fam3c","Lamp1","age30m-age3m",1,-0.00115666735983597,"Fibroblasts"
"EndothelialCells","Fibroblasts","Fam3c","Lamp1","age30m-age3m",1,-0.00115666735983597,"Fibroblasts"
"Fibroblasts","EndothelialCells","Fam3c","Lamp1","age30m-age3m",1,-0.00115666735983597,"Fibroblasts"
"Leukocytes","Fibroblasts","Fam3c","Lifr","age30m-age3m",1,-0.00115666735983597,"Fibroblasts"
"EndothelialCells","Fibroblasts","Fam3c","Lifr","age30m-age3m",1,-0.00115666735983597,"Fibroblasts"
"Leukocytes","EndothelialCells","Fam3c","Lifr","age30m-age3m",1,-0.00115666735983597,"Fibroblasts"
"EndothelialCells","EndothelialCells","Fam3c","Lifr","age30m-age3m",1,-0.00115666735983597,"Fibroblasts"
"Fibroblasts","Fibroblasts","Fam3c","Lamp1","age30m-age3m",1,-0.00115666735983597,"Fibroblasts"
"Fibroblasts","Fibroblasts","Fam3c","Lifr","age30m-age3m",1,-0.00115666735983597,"Fibroblasts"
"Fibroblasts","EndothelialCells","Fam3c","Lifr","age30m-age3m",1,-0.00115666735983597,"Fibroblasts"
"Leukocytes","Myocytes","Fam3c","Clec2d","age30m-age3m",1,-0.00115666735983597,"Fibroblasts"
"EndothelialCells","Myocytes","Fam3c","Clec2d","age30m-age3m",1,-0.00115666735983597,"Fibroblasts"
"Fibroblasts","Myocytes","Fam3c","Clec2d","age30m-age3m",1,-0.00115666735983597,"Fibroblasts"
"Leukocytes","Myocytes","Fam3c","Lifr","age30m-age3m",1,-0.00115666735983597,"Fibroblasts"
"EndothelialCells","Myocytes","Fam3c","Lifr","age30m-age3m",1,-0.00115666735983597,"Fibroblasts"
"Leukocytes","Myocytes","Fam3c","Lamp1","age30m-age3m",1,-0.00115666735983597,"Fibroblasts"
"EndothelialCells","Myocytes","Fam3c","Lamp1","age30m-age3m",1,-0.00115666735983597,"Fibroblasts"
"Fibroblasts","Myocytes","Fam3c","Lifr","age30m-age3m",1,-0.00115666735983597,"Fibroblasts"
"Fibroblasts","Myocytes","Fam3c","Lamp1","age30m-age3m",1,-0.00115666735983597,"Fibroblasts"
"EndothelialCells","EndothelialCells","Lpl","Gpihbp1","age30m-age3m",1,-0.00115747110310384,"Fibroblasts"
"EndothelialCells","Fibroblasts","Lpl","Lrp1","age30m-age3m",1,-0.00115747110310384,"Fibroblasts"
"EndothelialCells","Leukocytes","Lpl","Sdc1","age30m-age3m",1,-0.00115747110310384,"Fibroblasts"
"EndothelialCells","Leukocytes","Lpl","Lrp1","age30m-age3m",1,-0.00115747110310384,"Fibroblasts"
"EndothelialCells","Leukocytes","Lpl","Gpihbp1","age30m-age3m",1,-0.00115747110310384,"Fibroblasts"
"EndothelialCells","Fibroblasts","Lpl","Vldlr","age30m-age3m",1,-0.00115747110310384,"Fibroblasts"
"EndothelialCells","Fibroblasts","Lpl","Gpihbp1","age30m-age3m",1,-0.00115747110310384,"Fibroblasts"
"EndothelialCells","Fibroblasts","Lpl","Sdc1","age30m-age3m",1,-0.00115747110310384,"Fibroblasts"
"Fibroblasts","EndothelialCells","Lpl","Gpihbp1","age30m-age3m",1,-0.00115747110310384,"Fibroblasts"
"Myocytes","EndothelialCells","Lpl","Gpihbp1","age30m-age3m",1,-0.00115747110310384,"Fibroblasts"
"Fibroblasts","Fibroblasts","Lpl","Lrp1","age30m-age3m",1,-0.00115747110310384,"Fibroblasts"
"Myocytes","Fibroblasts","Lpl","Lrp1","age30m-age3m",1,-0.00115747110310384,"Fibroblasts"
"Fibroblasts","Leukocytes","Lpl","Sdc1","age30m-age3m",1,-0.00115747110310384,"Fibroblasts"
"Myocytes","Leukocytes","Lpl","Sdc1","age30m-age3m",1,-0.00115747110310384,"Fibroblasts"
"Fibroblasts","Leukocytes","Lpl","Lrp1","age30m-age3m",1,-0.00115747110310384,"Fibroblasts"
"Myocytes","Leukocytes","Lpl","Lrp1","age30m-age3m",1,-0.00115747110310384,"Fibroblasts"
"Fibroblasts","Leukocytes","Lpl","Gpihbp1","age30m-age3m",1,-0.00115747110310384,"Fibroblasts"
"Myocytes","Leukocytes","Lpl","Gpihbp1","age30m-age3m",1,-0.00115747110310384,"Fibroblasts"
"Fibroblasts","Fibroblasts","Lpl","Vldlr","age30m-age3m",1,-0.00115747110310384,"Fibroblasts"
"Leukocytes","EndothelialCells","Lpl","Gpihbp1","age30m-age3m",1,-0.00115747110310384,"Fibroblasts"
"Myocytes","Fibroblasts","Lpl","Vldlr","age30m-age3m",1,-0.00115747110310384,"Fibroblasts"
"Leukocytes","Fibroblasts","Lpl","Lrp1","age30m-age3m",1,-0.00115747110310384,"Fibroblasts"
"EndothelialCells","EndothelialCells","Lpl","Lrp1","age30m-age3m",1,-0.00115747110310384,"Fibroblasts"
"Fibroblasts","Fibroblasts","Lpl","Gpihbp1","age30m-age3m",1,-0.00115747110310384,"Fibroblasts"
"Myocytes","Fibroblasts","Lpl","Gpihbp1","age30m-age3m",1,-0.00115747110310384,"Fibroblasts"
"Leukocytes","Leukocytes","Lpl","Sdc1","age30m-age3m",1,-0.00115747110310384,"Fibroblasts"
"Fibroblasts","Fibroblasts","Lpl","Sdc1","age30m-age3m",1,-0.00115747110310384,"Fibroblasts"
"Leukocytes","Leukocytes","Lpl","Lrp1","age30m-age3m",1,-0.00115747110310384,"Fibroblasts"
"Myocytes","Fibroblasts","Lpl","Sdc1","age30m-age3m",1,-0.00115747110310384,"Fibroblasts"
"Leukocytes","Leukocytes","Lpl","Gpihbp1","age30m-age3m",1,-0.00115747110310384,"Fibroblasts"
"Leukocytes","Fibroblasts","Lpl","Vldlr","age30m-age3m",1,-0.00115747110310384,"Fibroblasts"
"EndothelialCells","Myocytes","Lpl","Gpihbp1","age30m-age3m",1,-0.00115747110310384,"Fibroblasts"
"EndothelialCells","Myocytes","Lpl","Lrp1","age30m-age3m",1,-0.00115747110310384,"Fibroblasts"
"Leukocytes","Fibroblasts","Lpl","Gpihbp1","age30m-age3m",1,-0.00115747110310384,"Fibroblasts"
"EndothelialCells","Myocytes","Lpl","Vldlr","age30m-age3m",1,-0.00115747110310384,"Fibroblasts"
"Leukocytes","Fibroblasts","Lpl","Sdc1","age30m-age3m",1,-0.00115747110310384,"Fibroblasts"
"Fibroblasts","EndothelialCells","Lpl","Lrp1","age30m-age3m",1,-0.00115747110310384,"Fibroblasts"
"Myocytes","EndothelialCells","Lpl","Lrp1","age30m-age3m",1,-0.00115747110310384,"Fibroblasts"
"Fibroblasts","Myocytes","Lpl","Gpihbp1","age30m-age3m",1,-0.00115747110310384,"Fibroblasts"
"Myocytes","Myocytes","Lpl","Gpihbp1","age30m-age3m",1,-0.00115747110310384,"Fibroblasts"
"Fibroblasts","Myocytes","Lpl","Lrp1","age30m-age3m",1,-0.00115747110310384,"Fibroblasts"
"Myocytes","Myocytes","Lpl","Lrp1","age30m-age3m",1,-0.00115747110310384,"Fibroblasts"
"Leukocytes","EndothelialCells","Lpl","Lrp1","age30m-age3m",1,-0.00115747110310384,"Fibroblasts"
"Fibroblasts","Myocytes","Lpl","Vldlr","age30m-age3m",1,-0.00115747110310384,"Fibroblasts"
"Myocytes","Myocytes","Lpl","Vldlr","age30m-age3m",1,-0.00115747110310384,"Fibroblasts"
"Leukocytes","Myocytes","Lpl","Gpihbp1","age30m-age3m",1,-0.00115747110310384,"Fibroblasts"
"Leukocytes","Myocytes","Lpl","Lrp1","age30m-age3m",1,-0.00115747110310384,"Fibroblasts"
"Leukocytes","Myocytes","Lpl","Vldlr","age30m-age3m",1,-0.00115747110310384,"Fibroblasts"
"Fibroblasts","Fibroblasts","Col4a4","Itgav","age30m-age3m",1,-0.00116214529903847,"Fibroblasts"
"Fibroblasts","Fibroblasts","Col4a4","Ddr2","age30m-age3m",1,-0.00116214529903847,"Fibroblasts"
"Fibroblasts","Leukocytes","Col4a4","Cd47","age30m-age3m",1,-0.00116214529903847,"Fibroblasts"
"Fibroblasts","Leukocytes","Col4a4","Itgav","age30m-age3m",1,-0.00116214529903847,"Fibroblasts"
"Fibroblasts","EndothelialCells","Col4a4","Cd93","age30m-age3m",1,-0.00116214529903847,"Fibroblasts"
"Fibroblasts","Leukocytes","Col4a4","Cd93","age30m-age3m",1,-0.00116214529903847,"Fibroblasts"
"Fibroblasts","Leukocytes","Col4a4","Itgb3","age30m-age3m",1,-0.00116214529903847,"Fibroblasts"
"Fibroblasts","Fibroblasts","Col4a4","Ddr1","age30m-age3m",1,-0.00116214529903847,"Fibroblasts"
"Fibroblasts","EndothelialCells","Col4a4","Itga1","age30m-age3m",1,-0.00116214529903847,"Fibroblasts"
"Fibroblasts","Fibroblasts","Col4a4","Itga11","age30m-age3m",1,-0.00116214529903847,"Fibroblasts"
"Fibroblasts","EndothelialCells","Col4a4","Itgb1","age30m-age3m",1,-0.00116214529903847,"Fibroblasts"
"Fibroblasts","Fibroblasts","Col4a4","Cd47","age30m-age3m",1,-0.00116214529903847,"Fibroblasts"
"Fibroblasts","Fibroblasts","Col4a4","Itga1","age30m-age3m",1,-0.00116214529903847,"Fibroblasts"
"Fibroblasts","EndothelialCells","Col4a4","Cd47","age30m-age3m",1,-0.00116214529903847,"Fibroblasts"
"Fibroblasts","Fibroblasts","Col4a4","Itgb3","age30m-age3m",1,-0.00116214529903847,"Fibroblasts"
"Fibroblasts","EndothelialCells","Col4a4","Itgav","age30m-age3m",1,-0.00116214529903847,"Fibroblasts"
"Fibroblasts","Fibroblasts","Col4a4","Cd93","age30m-age3m",1,-0.00116214529903847,"Fibroblasts"
"Fibroblasts","Leukocytes","Col4a4","Itgb1","age30m-age3m",1,-0.00116214529903847,"Fibroblasts"
"Fibroblasts","Fibroblasts","Col4a4","Itgb1","age30m-age3m",1,-0.00116214529903847,"Fibroblasts"
"Fibroblasts","Myocytes","Col4a4","Cd93","age30m-age3m",1,-0.00116214529903847,"Fibroblasts"
"Fibroblasts","Myocytes","Col4a4","Cd47","age30m-age3m",1,-0.00116214529903847,"Fibroblasts"
"Fibroblasts","Myocytes","Col4a4","Itgb1","age30m-age3m",1,-0.00116214529903847,"Fibroblasts"
"Fibroblasts","Myocytes","Col4a4","Ddr1","age30m-age3m",1,-0.00116214529903847,"Fibroblasts"
"Leukocytes","EndothelialCells","C4b","Nrp1","age30m-age3m",1,-0.00116233663016937,"Fibroblasts"
"Fibroblasts","EndothelialCells","C4b","Nrp1","age30m-age3m",1,-0.00116233663016937,"Fibroblasts"
"Leukocytes","EndothelialCells","C4b","Cr1l","age30m-age3m",1,-0.00116233663016937,"Fibroblasts"
"Leukocytes","Leukocytes","C4b","C3ar1","age30m-age3m",1,-0.00116233663016937,"Fibroblasts"
"Fibroblasts","EndothelialCells","C4b","Cr1l","age30m-age3m",1,-0.00116233663016937,"Fibroblasts"
"Fibroblasts","Leukocytes","C4b","C3ar1","age30m-age3m",1,-0.00116233663016937,"Fibroblasts"
"Leukocytes","Leukocytes","C4b","Nrp1","age30m-age3m",1,-0.00116233663016937,"Fibroblasts"
"Fibroblasts","Leukocytes","C4b","Nrp1","age30m-age3m",1,-0.00116233663016937,"Fibroblasts"
"Leukocytes","Fibroblasts","C4b","Cr1l","age30m-age3m",1,-0.00116233663016937,"Fibroblasts"
"Leukocytes","Leukocytes","C4b","Cr1l","age30m-age3m",1,-0.00116233663016937,"Fibroblasts"
"Fibroblasts","Fibroblasts","C4b","Cr1l","age30m-age3m",1,-0.00116233663016937,"Fibroblasts"
"Fibroblasts","Leukocytes","C4b","Cr1l","age30m-age3m",1,-0.00116233663016937,"Fibroblasts"
"Leukocytes","Fibroblasts","C4b","Nrp1","age30m-age3m",1,-0.00116233663016937,"Fibroblasts"
"Fibroblasts","Fibroblasts","C4b","Nrp1","age30m-age3m",1,-0.00116233663016937,"Fibroblasts"
"EndothelialCells","EndothelialCells","C4b","Nrp1","age30m-age3m",1,-0.00116233663016937,"Fibroblasts"
"EndothelialCells","EndothelialCells","C4b","Cr1l","age30m-age3m",1,-0.00116233663016937,"Fibroblasts"
"EndothelialCells","Leukocytes","C4b","C3ar1","age30m-age3m",1,-0.00116233663016937,"Fibroblasts"
"Myocytes","EndothelialCells","C4b","Nrp1","age30m-age3m",1,-0.00116233663016937,"Fibroblasts"
"Myocytes","EndothelialCells","C4b","Cr1l","age30m-age3m",1,-0.00116233663016937,"Fibroblasts"
"Myocytes","Leukocytes","C4b","C3ar1","age30m-age3m",1,-0.00116233663016937,"Fibroblasts"
"EndothelialCells","Leukocytes","C4b","Nrp1","age30m-age3m",1,-0.00116233663016937,"Fibroblasts"
"EndothelialCells","Fibroblasts","C4b","Cr1l","age30m-age3m",1,-0.00116233663016937,"Fibroblasts"
"EndothelialCells","Leukocytes","C4b","Cr1l","age30m-age3m",1,-0.00116233663016937,"Fibroblasts"
"Myocytes","Leukocytes","C4b","Nrp1","age30m-age3m",1,-0.00116233663016937,"Fibroblasts"
"Myocytes","Fibroblasts","C4b","Cr1l","age30m-age3m",1,-0.00116233663016937,"Fibroblasts"
"EndothelialCells","Fibroblasts","C4b","Nrp1","age30m-age3m",1,-0.00116233663016937,"Fibroblasts"
"Myocytes","Leukocytes","C4b","Cr1l","age30m-age3m",1,-0.00116233663016937,"Fibroblasts"
"Leukocytes","Myocytes","C4b","Cr1l","age30m-age3m",1,-0.00116233663016937,"Fibroblasts"
"Fibroblasts","Myocytes","C4b","Cr1l","age30m-age3m",1,-0.00116233663016937,"Fibroblasts"
"Leukocytes","Myocytes","C4b","Nrp1","age30m-age3m",1,-0.00116233663016937,"Fibroblasts"
"Fibroblasts","Myocytes","C4b","Nrp1","age30m-age3m",1,-0.00116233663016937,"Fibroblasts"
"Myocytes","Fibroblasts","C4b","Nrp1","age30m-age3m",1,-0.00116233663016937,"Fibroblasts"
"Myocytes","Myocytes","C4b","Cr1l","age30m-age3m",1,-0.00116233663016937,"Fibroblasts"
"Myocytes","Myocytes","C4b","Nrp1","age30m-age3m",1,-0.00116233663016937,"Fibroblasts"
"Leukocytes","Fibroblasts","Enpp1","Insr","age30m-age3m",1,-0.00116631393918548,"Fibroblasts"
"Leukocytes","Leukocytes","Enpp1","Insr","age30m-age3m",1,-0.00116631393918548,"Fibroblasts"
"Leukocytes","EndothelialCells","Enpp1","Insr","age30m-age3m",1,-0.00116631393918548,"Fibroblasts"
"Fibroblasts","Fibroblasts","Enpp1","Insr","age30m-age3m",1,-0.00116631393918548,"Fibroblasts"
"Fibroblasts","Leukocytes","Enpp1","Insr","age30m-age3m",1,-0.00116631393918548,"Fibroblasts"
"Fibroblasts","EndothelialCells","Enpp1","Insr","age30m-age3m",1,-0.00116631393918548,"Fibroblasts"
"Leukocytes","Myocytes","Enpp1","Insr","age30m-age3m",1,-0.00116631393918548,"Fibroblasts"
"Fibroblasts","Myocytes","Enpp1","Insr","age30m-age3m",1,-0.00116631393918548,"Fibroblasts"
"Leukocytes","Fibroblasts","Vcam1","Itga9","age30m-age3m",1,-0.00116780469743795,"Fibroblasts"
"EndothelialCells","Fibroblasts","Vcam1","Itga9","age30m-age3m",1,-0.00116780469743795,"Fibroblasts"
"Leukocytes","Leukocytes","Vcam1","Msn","age30m-age3m",1,-0.00116780469743795,"Fibroblasts"
"Leukocytes","Leukocytes","Vcam1","Itga9","age30m-age3m",1,-0.00116780469743795,"Fibroblasts"
"EndothelialCells","Leukocytes","Vcam1","Msn","age30m-age3m",1,-0.00116780469743795,"Fibroblasts"
"EndothelialCells","Leukocytes","Vcam1","Itga9","age30m-age3m",1,-0.00116780469743795,"Fibroblasts"
"Fibroblasts","Fibroblasts","Vcam1","Itga9","age30m-age3m",1,-0.00116780469743795,"Fibroblasts"
"Leukocytes","EndothelialCells","Vcam1","Itgb1","age30m-age3m",1,-0.00116780469743795,"Fibroblasts"
"EndothelialCells","EndothelialCells","Vcam1","Itgb1","age30m-age3m",1,-0.00116780469743795,"Fibroblasts"
"Leukocytes","EndothelialCells","Vcam1","Msn","age30m-age3m",1,-0.00116780469743795,"Fibroblasts"
"EndothelialCells","EndothelialCells","Vcam1","Msn","age30m-age3m",1,-0.00116780469743795,"Fibroblasts"
"Fibroblasts","Leukocytes","Vcam1","Msn","age30m-age3m",1,-0.00116780469743795,"Fibroblasts"
"Fibroblasts","Leukocytes","Vcam1","Itga9","age30m-age3m",1,-0.00116780469743795,"Fibroblasts"
"Leukocytes","Leukocytes","Vcam1","Itgb2","age30m-age3m",1,-0.00116780469743795,"Fibroblasts"
"EndothelialCells","Leukocytes","Vcam1","Itgb2","age30m-age3m",1,-0.00116780469743795,"Fibroblasts"
"Leukocytes","Leukocytes","Vcam1","Itgb7","age30m-age3m",1,-0.00116780469743795,"Fibroblasts"
"EndothelialCells","Leukocytes","Vcam1","Itgb7","age30m-age3m",1,-0.00116780469743795,"Fibroblasts"
"Leukocytes","Fibroblasts","Vcam1","Ezr","age30m-age3m",1,-0.00116780469743795,"Fibroblasts"
"EndothelialCells","Fibroblasts","Vcam1","Ezr","age30m-age3m",1,-0.00116780469743795,"Fibroblasts"
"Leukocytes","Leukocytes","Vcam1","Ezr","age30m-age3m",1,-0.00116780469743795,"Fibroblasts"
"EndothelialCells","Leukocytes","Vcam1","Ezr","age30m-age3m",1,-0.00116780469743795,"Fibroblasts"
"Leukocytes","Leukocytes","Vcam1","Itga4","age30m-age3m",1,-0.00116780469743795,"Fibroblasts"
"EndothelialCells","Leukocytes","Vcam1","Itga4","age30m-age3m",1,-0.00116780469743795,"Fibroblasts"
"Fibroblasts","EndothelialCells","Vcam1","Itgb1","age30m-age3m",1,-0.00116780469743795,"Fibroblasts"
"Fibroblasts","EndothelialCells","Vcam1","Msn","age30m-age3m",1,-0.00116780469743795,"Fibroblasts"
"Leukocytes","EndothelialCells","Vcam1","Ezr","age30m-age3m",1,-0.00116780469743795,"Fibroblasts"
"EndothelialCells","EndothelialCells","Vcam1","Ezr","age30m-age3m",1,-0.00116780469743795,"Fibroblasts"
"Fibroblasts","Leukocytes","Vcam1","Itgb2","age30m-age3m",1,-0.00116780469743795,"Fibroblasts"
"Fibroblasts","Leukocytes","Vcam1","Itgb7","age30m-age3m",1,-0.00116780469743795,"Fibroblasts"
"Leukocytes","Fibroblasts","Vcam1","Msn","age30m-age3m",1,-0.00116780469743795,"Fibroblasts"
"EndothelialCells","Fibroblasts","Vcam1","Msn","age30m-age3m",1,-0.00116780469743795,"Fibroblasts"
"Fibroblasts","Fibroblasts","Vcam1","Ezr","age30m-age3m",1,-0.00116780469743795,"Fibroblasts"
"Leukocytes","EndothelialCells","Vcam1","Itga9","age30m-age3m",1,-0.00116780469743795,"Fibroblasts"
"EndothelialCells","EndothelialCells","Vcam1","Itga9","age30m-age3m",1,-0.00116780469743795,"Fibroblasts"
"Fibroblasts","Leukocytes","Vcam1","Ezr","age30m-age3m",1,-0.00116780469743795,"Fibroblasts"
"Fibroblasts","Leukocytes","Vcam1","Itga4","age30m-age3m",1,-0.00116780469743795,"Fibroblasts"
"Leukocytes","Leukocytes","Vcam1","Itgb1","age30m-age3m",1,-0.00116780469743795,"Fibroblasts"
"EndothelialCells","Leukocytes","Vcam1","Itgb1","age30m-age3m",1,-0.00116780469743795,"Fibroblasts"
"Fibroblasts","EndothelialCells","Vcam1","Ezr","age30m-age3m",1,-0.00116780469743795,"Fibroblasts"
"Fibroblasts","Fibroblasts","Vcam1","Msn","age30m-age3m",1,-0.00116780469743795,"Fibroblasts"
"Fibroblasts","EndothelialCells","Vcam1","Itga9","age30m-age3m",1,-0.00116780469743795,"Fibroblasts"
"Leukocytes","Fibroblasts","Vcam1","Itgb1","age30m-age3m",1,-0.00116780469743795,"Fibroblasts"
"EndothelialCells","Fibroblasts","Vcam1","Itgb1","age30m-age3m",1,-0.00116780469743795,"Fibroblasts"
"Leukocytes","Myocytes","Vcam1","Msn","age30m-age3m",1,-0.00116780469743795,"Fibroblasts"
"EndothelialCells","Myocytes","Vcam1","Msn","age30m-age3m",1,-0.00116780469743795,"Fibroblasts"
"Fibroblasts","Leukocytes","Vcam1","Itgb1","age30m-age3m",1,-0.00116780469743795,"Fibroblasts"
"Fibroblasts","Fibroblasts","Vcam1","Itgb1","age30m-age3m",1,-0.00116780469743795,"Fibroblasts"
"Fibroblasts","Myocytes","Vcam1","Msn","age30m-age3m",1,-0.00116780469743795,"Fibroblasts"
"Leukocytes","EndothelialCells","Vcam1","Itgb2","age30m-age3m",1,-0.00116780469743795,"Fibroblasts"
"EndothelialCells","EndothelialCells","Vcam1","Itgb2","age30m-age3m",1,-0.00116780469743795,"Fibroblasts"
"Leukocytes","Myocytes","Vcam1","Itgb1","age30m-age3m",1,-0.00116780469743795,"Fibroblasts"
"EndothelialCells","Myocytes","Vcam1","Itgb1","age30m-age3m",1,-0.00116780469743795,"Fibroblasts"
"Leukocytes","Myocytes","Vcam1","Ezr","age30m-age3m",1,-0.00116780469743795,"Fibroblasts"
"EndothelialCells","Myocytes","Vcam1","Ezr","age30m-age3m",1,-0.00116780469743795,"Fibroblasts"
"Leukocytes","Fibroblasts","Vcam1","Itgb7","age30m-age3m",1,-0.00116780469743795,"Fibroblasts"
"EndothelialCells","Fibroblasts","Vcam1","Itgb7","age30m-age3m",1,-0.00116780469743795,"Fibroblasts"
"Fibroblasts","EndothelialCells","Vcam1","Itgb2","age30m-age3m",1,-0.00116780469743795,"Fibroblasts"
"Fibroblasts","Myocytes","Vcam1","Itgb1","age30m-age3m",1,-0.00116780469743795,"Fibroblasts"
"Fibroblasts","Myocytes","Vcam1","Ezr","age30m-age3m",1,-0.00116780469743795,"Fibroblasts"
"Fibroblasts","Fibroblasts","Vcam1","Itgb7","age30m-age3m",1,-0.00116780469743795,"Fibroblasts"
"Myocytes","Fibroblasts","Cd320","Ror2","age30m-age3m",1,-0.001170139319435,"Fibroblasts"
"Myocytes","Myocytes","Cd320","Tmem167","age30m-age3m",1,-0.001170139319435,"Fibroblasts"
"Myocytes","Fibroblasts","Cd320","Tmem167","age30m-age3m",1,-0.001170139319435,"Fibroblasts"
"Myocytes","EndothelialCells","Cd320","Lrpap1","age30m-age3m",1,-0.001170139319435,"Fibroblasts"
"Fibroblasts","Fibroblasts","Cd320","Ror2","age30m-age3m",1,-0.001170139319435,"Fibroblasts"
"Myocytes","Leukocytes","Cd320","Lrpap1","age30m-age3m",1,-0.001170139319435,"Fibroblasts"
"EndothelialCells","Fibroblasts","Cd320","Ror2","age30m-age3m",1,-0.001170139319435,"Fibroblasts"
"Fibroblasts","Myocytes","Cd320","Tmem167","age30m-age3m",1,-0.001170139319435,"Fibroblasts"
"Myocytes","Leukocytes","Cd320","Tmem167","age30m-age3m",1,-0.001170139319435,"Fibroblasts"
"EndothelialCells","Myocytes","Cd320","Tmem167","age30m-age3m",1,-0.001170139319435,"Fibroblasts"
"Fibroblasts","Fibroblasts","Cd320","Tmem167","age30m-age3m",1,-0.001170139319435,"Fibroblasts"
"Fibroblasts","EndothelialCells","Cd320","Lrpap1","age30m-age3m",1,-0.001170139319435,"Fibroblasts"
"Myocytes","Leukocytes","Cd320","Siglece","age30m-age3m",1,-0.001170139319435,"Fibroblasts"
"Fibroblasts","Leukocytes","Cd320","Lrpap1","age30m-age3m",1,-0.001170139319435,"Fibroblasts"
"EndothelialCells","Fibroblasts","Cd320","Tmem167","age30m-age3m",1,-0.001170139319435,"Fibroblasts"
"EndothelialCells","EndothelialCells","Cd320","Lrpap1","age30m-age3m",1,-0.001170139319435,"Fibroblasts"
"EndothelialCells","Leukocytes","Cd320","Lrpap1","age30m-age3m",1,-0.001170139319435,"Fibroblasts"
"Myocytes","Fibroblasts","Cd320","Lrpap1","age30m-age3m",1,-0.001170139319435,"Fibroblasts"
"Fibroblasts","Leukocytes","Cd320","Tmem167","age30m-age3m",1,-0.001170139319435,"Fibroblasts"
"EndothelialCells","Leukocytes","Cd320","Tmem167","age30m-age3m",1,-0.001170139319435,"Fibroblasts"
"Fibroblasts","Leukocytes","Cd320","Siglece","age30m-age3m",1,-0.001170139319435,"Fibroblasts"
"EndothelialCells","Leukocytes","Cd320","Siglece","age30m-age3m",1,-0.001170139319435,"Fibroblasts"
"Fibroblasts","Fibroblasts","Cd320","Lrpap1","age30m-age3m",1,-0.001170139319435,"Fibroblasts"
"EndothelialCells","Fibroblasts","Cd320","Lrpap1","age30m-age3m",1,-0.001170139319435,"Fibroblasts"
"Myocytes","EndothelialCells","Cd320","Tmem167","age30m-age3m",1,-0.001170139319435,"Fibroblasts"
"Fibroblasts","EndothelialCells","Cd320","Tmem167","age30m-age3m",1,-0.001170139319435,"Fibroblasts"
"EndothelialCells","EndothelialCells","Cd320","Tmem167","age30m-age3m",1,-0.001170139319435,"Fibroblasts"
"Myocytes","Myocytes","Cd320","Lrpap1","age30m-age3m",1,-0.001170139319435,"Fibroblasts"
"Fibroblasts","Myocytes","Cd320","Lrpap1","age30m-age3m",1,-0.001170139319435,"Fibroblasts"
"EndothelialCells","Myocytes","Cd320","Lrpap1","age30m-age3m",1,-0.001170139319435,"Fibroblasts"
"Fibroblasts","Fibroblasts","Col5a3","Ddr2","age30m-age3m",1,-0.00117395893001737,"Fibroblasts"
"Fibroblasts","Fibroblasts","Col5a3","Sdc3","age30m-age3m",1,-0.00117395893001737,"Fibroblasts"
"Fibroblasts","EndothelialCells","Col5a3","Cd93","age30m-age3m",1,-0.00117395893001737,"Fibroblasts"
"Fibroblasts","Leukocytes","Col5a3","Sdc1","age30m-age3m",1,-0.00117395893001737,"Fibroblasts"
"Fibroblasts","EndothelialCells","Col5a3","Sdc3","age30m-age3m",1,-0.00117395893001737,"Fibroblasts"
"Fibroblasts","Leukocytes","Col5a3","Sdc3","age30m-age3m",1,-0.00117395893001737,"Fibroblasts"
"Fibroblasts","EndothelialCells","Col5a3","Itga1","age30m-age3m",1,-0.00117395893001737,"Fibroblasts"
"Fibroblasts","Fibroblasts","Col5a3","Ddr1","age30m-age3m",1,-0.00117395893001737,"Fibroblasts"
"Fibroblasts","Fibroblasts","Col5a3","Itga11","age30m-age3m",1,-0.00117395893001737,"Fibroblasts"
"Fibroblasts","EndothelialCells","Col5a3","Itgb1","age30m-age3m",1,-0.00117395893001737,"Fibroblasts"
"Fibroblasts","Leukocytes","Col5a3","Cd93","age30m-age3m",1,-0.00117395893001737,"Fibroblasts"
"Fibroblasts","Fibroblasts","Col5a3","Itga1","age30m-age3m",1,-0.00117395893001737,"Fibroblasts"
"Fibroblasts","Fibroblasts","Col5a3","Sdc1","age30m-age3m",1,-0.00117395893001737,"Fibroblasts"
"Fibroblasts","Fibroblasts","Col5a3","Cd93","age30m-age3m",1,-0.00117395893001737,"Fibroblasts"
"Fibroblasts","Fibroblasts","Col5a3","Itgb1","age30m-age3m",1,-0.00117395893001737,"Fibroblasts"
"Fibroblasts","Leukocytes","Col5a3","Itgb1","age30m-age3m",1,-0.00117395893001737,"Fibroblasts"
"Fibroblasts","Myocytes","Col5a3","Cd93","age30m-age3m",1,-0.00117395893001737,"Fibroblasts"
"Fibroblasts","Myocytes","Col5a3","Itgb1","age30m-age3m",1,-0.00117395893001737,"Fibroblasts"
"Fibroblasts","Myocytes","Col5a3","Ddr1","age30m-age3m",1,-0.00117395893001737,"Fibroblasts"
"Leukocytes","EndothelialCells","Cd55","Cr1l","age30m-age3m",1,-0.00117413376521762,"Fibroblasts"
"Fibroblasts","EndothelialCells","Cd55","Cr1l","age30m-age3m",1,-0.00117413376521762,"Fibroblasts"
"Leukocytes","Fibroblasts","Cd55","Cr1l","age30m-age3m",1,-0.00117413376521762,"Fibroblasts"
"Leukocytes","Leukocytes","Cd55","Cr1l","age30m-age3m",1,-0.00117413376521762,"Fibroblasts"
"Fibroblasts","Fibroblasts","Cd55","Cr1l","age30m-age3m",1,-0.00117413376521762,"Fibroblasts"
"Fibroblasts","Leukocytes","Cd55","Cr1l","age30m-age3m",1,-0.00117413376521762,"Fibroblasts"
"EndothelialCells","EndothelialCells","Cd55","Cr1l","age30m-age3m",1,-0.00117413376521762,"Fibroblasts"
"EndothelialCells","Fibroblasts","Cd55","Cr1l","age30m-age3m",1,-0.00117413376521762,"Fibroblasts"
"EndothelialCells","Leukocytes","Cd55","Cr1l","age30m-age3m",1,-0.00117413376521762,"Fibroblasts"
"Leukocytes","Myocytes","Cd55","Cr1l","age30m-age3m",1,-0.00117413376521762,"Fibroblasts"
"Fibroblasts","Myocytes","Cd55","Cr1l","age30m-age3m",1,-0.00117413376521762,"Fibroblasts"
"EndothelialCells","Myocytes","Cd55","Cr1l","age30m-age3m",1,-0.00117413376521762,"Fibroblasts"
"Leukocytes","Fibroblasts","Wnt2","Fzd1","age30m-age3m",1,-0.00117849998256572,"EndocardialCells"
"Leukocytes","Fibroblasts","Wnt2","Fzd2","age30m-age3m",1,-0.00117849998256572,"EndocardialCells"
"Leukocytes","Fibroblasts","Wnt2","Lrp6","age30m-age3m",1,-0.00117849998256572,"EndocardialCells"
"Leukocytes","EndothelialCells","Wnt2","Lrp5","age30m-age3m",1,-0.00117849998256572,"EndocardialCells"
"Leukocytes","Fibroblasts","Wnt2","Fzd8","age30m-age3m",1,-0.00117849998256572,"EndocardialCells"
"Leukocytes","Fibroblasts","Wnt2","Fzd7","age30m-age3m",1,-0.00117849998256572,"EndocardialCells"
"Leukocytes","Leukocytes","Wnt2","Lrp6","age30m-age3m",1,-0.00117849998256572,"EndocardialCells"
"Leukocytes","Fibroblasts","Wnt2","Lrp5","age30m-age3m",1,-0.00117849998256572,"EndocardialCells"
"Leukocytes","EndothelialCells","Wnt2","Fzd8","age30m-age3m",1,-0.00117849998256572,"EndocardialCells"
"Leukocytes","Leukocytes","Wnt2","Fzd7","age30m-age3m",1,-0.00117849998256572,"EndocardialCells"
"Leukocytes","EndothelialCells","Wnt2","Fzd4","age30m-age3m",1,-0.00117849998256572,"EndocardialCells"
"Leukocytes","Fibroblasts","Wnt2","Fzd4","age30m-age3m",1,-0.00117849998256572,"EndocardialCells"
"Leukocytes","EndothelialCells","Wnt2","Lrp6","age30m-age3m",1,-0.00117849998256572,"EndocardialCells"
"Leukocytes","Fibroblasts","Wnt2","Fzd3","age30m-age3m",1,-0.00117849998256572,"EndocardialCells"
"Fibroblasts","EndothelialCells","Bace1","App","age30m-age3m",1,-0.00118066101164156,"Fibroblasts"
"Fibroblasts","Leukocytes","Bace1","App","age30m-age3m",1,-0.00118066101164156,"Fibroblasts"
"Fibroblasts","Fibroblasts","Bace1","App","age30m-age3m",1,-0.00118066101164156,"Fibroblasts"
"Fibroblasts","Leukocytes","Bace1","Selplg","age30m-age3m",1,-0.00118066101164156,"Fibroblasts"
"Myocytes","EndothelialCells","Bace1","App","age30m-age3m",1,-0.00118066101164156,"Fibroblasts"
"EndothelialCells","EndothelialCells","Bace1","App","age30m-age3m",1,-0.00118066101164156,"Fibroblasts"
"Myocytes","Leukocytes","Bace1","App","age30m-age3m",1,-0.00118066101164156,"Fibroblasts"
"EndothelialCells","Leukocytes","Bace1","App","age30m-age3m",1,-0.00118066101164156,"Fibroblasts"
"Myocytes","Fibroblasts","Bace1","App","age30m-age3m",1,-0.00118066101164156,"Fibroblasts"
"EndothelialCells","Fibroblasts","Bace1","App","age30m-age3m",1,-0.00118066101164156,"Fibroblasts"
"Myocytes","Leukocytes","Bace1","Selplg","age30m-age3m",1,-0.00118066101164156,"Fibroblasts"
"EndothelialCells","Leukocytes","Bace1","Selplg","age30m-age3m",1,-0.00118066101164156,"Fibroblasts"
"Fibroblasts","Myocytes","Bace1","App","age30m-age3m",1,-0.00118066101164156,"Fibroblasts"
"EndothelialCells","Myocytes","Bace1","App","age30m-age3m",1,-0.00118066101164156,"Fibroblasts"
"Fibroblasts","Fibroblasts","Col4a5","Itgav","age30m-age3m",1,-0.00118182861659459,"Fibroblasts"
"Fibroblasts","Fibroblasts","Col4a5","Ddr2","age30m-age3m",1,-0.00118182861659459,"Fibroblasts"
"Fibroblasts","EndothelialCells","Col4a5","Cd93","age30m-age3m",1,-0.00118182861659459,"Fibroblasts"
"Fibroblasts","Leukocytes","Col4a5","Cd47","age30m-age3m",1,-0.00118182861659459,"Fibroblasts"
"Fibroblasts","Leukocytes","Col4a5","Itgav","age30m-age3m",1,-0.00118182861659459,"Fibroblasts"
"Fibroblasts","EndothelialCells","Col4a5","Itga1","age30m-age3m",1,-0.00118182861659459,"Fibroblasts"
"Fibroblasts","Leukocytes","Col4a5","Cd93","age30m-age3m",1,-0.00118182861659459,"Fibroblasts"
"Fibroblasts","Fibroblasts","Col4a5","Ddr1","age30m-age3m",1,-0.00118182861659459,"Fibroblasts"
"Fibroblasts","EndothelialCells","Col4a5","Itgb1","age30m-age3m",1,-0.00118182861659459,"Fibroblasts"
"Fibroblasts","Fibroblasts","Col4a5","Itga11","age30m-age3m",1,-0.00118182861659459,"Fibroblasts"
"Fibroblasts","EndothelialCells","Col4a5","Cd47","age30m-age3m",1,-0.00118182861659459,"Fibroblasts"
"Fibroblasts","EndothelialCells","Col4a5","Itgav","age30m-age3m",1,-0.00118182861659459,"Fibroblasts"
"Fibroblasts","Fibroblasts","Col4a5","Cd47","age30m-age3m",1,-0.00118182861659459,"Fibroblasts"
"Fibroblasts","Fibroblasts","Col4a5","Itga1","age30m-age3m",1,-0.00118182861659459,"Fibroblasts"
"Fibroblasts","Fibroblasts","Col4a5","Cd93","age30m-age3m",1,-0.00118182861659459,"Fibroblasts"
"Fibroblasts","Leukocytes","Col4a5","Itgb1","age30m-age3m",1,-0.00118182861659459,"Fibroblasts"
"Fibroblasts","Myocytes","Col4a5","Cd93","age30m-age3m",1,-0.00118182861659459,"Fibroblasts"
"Fibroblasts","Fibroblasts","Col4a5","Itgb1","age30m-age3m",1,-0.00118182861659459,"Fibroblasts"
"Fibroblasts","Myocytes","Col4a5","Cd47","age30m-age3m",1,-0.00118182861659459,"Fibroblasts"
"Fibroblasts","Myocytes","Col4a5","Itgb1","age30m-age3m",1,-0.00118182861659459,"Fibroblasts"
"Fibroblasts","Myocytes","Col4a5","Ddr1","age30m-age3m",1,-0.00118182861659459,"Fibroblasts"
"Fibroblasts","Fibroblasts","Serpine2","Lrp1","age30m-age3m",1,-0.00118329119429582,"Fibroblasts"
"Fibroblasts","Leukocytes","Serpine2","Lrp1","age30m-age3m",1,-0.00118329119429582,"Fibroblasts"
"Leukocytes","Fibroblasts","Serpine2","Lrp1","age30m-age3m",1,-0.00118329119429582,"Fibroblasts"
"Leukocytes","Leukocytes","Serpine2","Lrp1","age30m-age3m",1,-0.00118329119429582,"Fibroblasts"
"Fibroblasts","Myocytes","Serpine2","Lrp1","age30m-age3m",1,-0.00118329119429582,"Fibroblasts"
"Fibroblasts","EndothelialCells","Serpine2","Lrp1","age30m-age3m",1,-0.00118329119429582,"Fibroblasts"
"Leukocytes","Myocytes","Serpine2","Lrp1","age30m-age3m",1,-0.00118329119429582,"Fibroblasts"
"Leukocytes","EndothelialCells","Serpine2","Lrp1","age30m-age3m",1,-0.00118329119429582,"Fibroblasts"
"Myocytes","Fibroblasts","Serpine2","Lrp1","age30m-age3m",1,-0.00118329119429582,"Fibroblasts"
"Myocytes","Leukocytes","Serpine2","Lrp1","age30m-age3m",1,-0.00118329119429582,"Fibroblasts"
"Myocytes","Myocytes","Serpine2","Lrp1","age30m-age3m",1,-0.00118329119429582,"Fibroblasts"
"Leukocytes","EndothelialCells","Tspan5","Tspan13","age30m-age3m",1,-0.00118402015908698,"Fibroblasts"
"Fibroblasts","EndothelialCells","Tspan5","Tspan13","age30m-age3m",1,-0.00118402015908698,"Fibroblasts"
"Leukocytes","Fibroblasts","Tspan5","Tspan13","age30m-age3m",1,-0.00118402015908698,"Fibroblasts"
"EndothelialCells","EndothelialCells","Tspan5","Tspan13","age30m-age3m",1,-0.00118402015908698,"Fibroblasts"
"Fibroblasts","Fibroblasts","Tspan5","Tspan13","age30m-age3m",1,-0.00118402015908698,"Fibroblasts"
"Leukocytes","Leukocytes","Tspan5","Tspan13","age30m-age3m",1,-0.00118402015908698,"Fibroblasts"
"Fibroblasts","Leukocytes","Tspan5","Tspan13","age30m-age3m",1,-0.00118402015908698,"Fibroblasts"
"EndothelialCells","Fibroblasts","Tspan5","Tspan13","age30m-age3m",1,-0.00118402015908698,"Fibroblasts"
"EndothelialCells","Leukocytes","Tspan5","Tspan13","age30m-age3m",1,-0.00118402015908698,"Fibroblasts"
"Fibroblasts","Fibroblasts","Cd9","Igsf8","age30m-age3m",1,-0.00118520568598727,"Fibroblasts"
"Fibroblasts","EndothelialCells","Cd9","Cd36","age30m-age3m",1,-0.00118520568598727,"Fibroblasts"
"Leukocytes","Fibroblasts","Cd9","Igsf8","age30m-age3m",1,-0.00118520568598727,"Fibroblasts"
"Leukocytes","EndothelialCells","Cd9","Cd36","age30m-age3m",1,-0.00118520568598727,"Fibroblasts"
"EndothelialCells","Fibroblasts","Cd9","Igsf8","age30m-age3m",1,-0.00118520568598727,"Fibroblasts"
"EndothelialCells","EndothelialCells","Cd9","Cd36","age30m-age3m",1,-0.00118520568598727,"Fibroblasts"
"Fibroblasts","Leukocytes","Cd9","Cd36","age30m-age3m",1,-0.00118520568598727,"Fibroblasts"
"Fibroblasts","Leukocytes","Cd9","Igsf8","age30m-age3m",1,-0.00118520568598727,"Fibroblasts"
"Fibroblasts","EndothelialCells","Cd9","Igsf8","age30m-age3m",1,-0.00118520568598727,"Fibroblasts"
"Leukocytes","Leukocytes","Cd9","Cd36","age30m-age3m",1,-0.00118520568598727,"Fibroblasts"
"Leukocytes","Leukocytes","Cd9","Igsf8","age30m-age3m",1,-0.00118520568598727,"Fibroblasts"
"Leukocytes","EndothelialCells","Cd9","Igsf8","age30m-age3m",1,-0.00118520568598727,"Fibroblasts"
"Myocytes","Fibroblasts","Cd9","Igsf8","age30m-age3m",1,-0.00118520568598727,"Fibroblasts"
"Myocytes","EndothelialCells","Cd9","Cd36","age30m-age3m",1,-0.00118520568598727,"Fibroblasts"
"Fibroblasts","Fibroblasts","Cd9","Cd36","age30m-age3m",1,-0.00118520568598727,"Fibroblasts"
"EndothelialCells","Leukocytes","Cd9","Cd36","age30m-age3m",1,-0.00118520568598727,"Fibroblasts"
"EndothelialCells","Leukocytes","Cd9","Igsf8","age30m-age3m",1,-0.00118520568598727,"Fibroblasts"
"Leukocytes","Fibroblasts","Cd9","Cd36","age30m-age3m",1,-0.00118520568598727,"Fibroblasts"
"EndothelialCells","EndothelialCells","Cd9","Igsf8","age30m-age3m",1,-0.00118520568598727,"Fibroblasts"
"Fibroblasts","Myocytes","Cd9","Cd36","age30m-age3m",1,-0.00118520568598727,"Fibroblasts"
"EndothelialCells","Fibroblasts","Cd9","Cd36","age30m-age3m",1,-0.00118520568598727,"Fibroblasts"
"Leukocytes","Myocytes","Cd9","Cd36","age30m-age3m",1,-0.00118520568598727,"Fibroblasts"
"Myocytes","Leukocytes","Cd9","Cd36","age30m-age3m",1,-0.00118520568598727,"Fibroblasts"
"Myocytes","Leukocytes","Cd9","Igsf8","age30m-age3m",1,-0.00118520568598727,"Fibroblasts"
"EndothelialCells","Myocytes","Cd9","Cd36","age30m-age3m",1,-0.00118520568598727,"Fibroblasts"
"Myocytes","EndothelialCells","Cd9","Igsf8","age30m-age3m",1,-0.00118520568598727,"Fibroblasts"
"Myocytes","Fibroblasts","Cd9","Cd36","age30m-age3m",1,-0.00118520568598727,"Fibroblasts"
"Myocytes","Myocytes","Cd9","Cd36","age30m-age3m",1,-0.00118520568598727,"Fibroblasts"
"Myocytes","Leukocytes","Shisa4","Fcgrt","age30m-age3m",1,-0.00118861624381011,"Fibroblasts"
"Fibroblasts","Leukocytes","Shisa4","Fcgrt","age30m-age3m",1,-0.00118861624381011,"Fibroblasts"
"Myocytes","Fibroblasts","Shisa4","Fcgrt","age30m-age3m",1,-0.00118861624381011,"Fibroblasts"
"Myocytes","EndothelialCells","Shisa4","Fcgrt","age30m-age3m",1,-0.00118861624381011,"Fibroblasts"
"Myocytes","Myocytes","Shisa4","Fcgrt","age30m-age3m",1,-0.00118861624381011,"Fibroblasts"
"Fibroblasts","Fibroblasts","Shisa4","Fcgrt","age30m-age3m",1,-0.00118861624381011,"Fibroblasts"
"Fibroblasts","EndothelialCells","Shisa4","Fcgrt","age30m-age3m",1,-0.00118861624381011,"Fibroblasts"
"Fibroblasts","Myocytes","Shisa4","Fcgrt","age30m-age3m",1,-0.00118861624381011,"Fibroblasts"
"Fibroblasts","Fibroblasts","Lamb1","Itgav","age30m-age3m",1,-0.0012003665240929,"Fibroblasts"
"Fibroblasts","Leukocytes","Lamb1","Itga9","age30m-age3m",1,-0.0012003665240929,"Fibroblasts"
"Fibroblasts","EndothelialCells","Lamb1","Cd151","age30m-age3m",1,-0.0012003665240929,"Fibroblasts"
"Fibroblasts","Leukocytes","Lamb1","Itgav","age30m-age3m",1,-0.0012003665240929,"Fibroblasts"
"Leukocytes","Fibroblasts","Lamb1","Itgav","age30m-age3m",1,-0.0012003665240929,"Fibroblasts"
"Fibroblasts","Leukocytes","Lamb1","Cd151","age30m-age3m",1,-0.0012003665240929,"Fibroblasts"
"Leukocytes","Leukocytes","Lamb1","Itga9","age30m-age3m",1,-0.0012003665240929,"Fibroblasts"
"Fibroblasts","Fibroblasts","Lamb1","Itga9","age30m-age3m",1,-0.0012003665240929,"Fibroblasts"
"Leukocytes","EndothelialCells","Lamb1","Cd151","age30m-age3m",1,-0.0012003665240929,"Fibroblasts"
"Leukocytes","Leukocytes","Lamb1","Itgav","age30m-age3m",1,-0.0012003665240929,"Fibroblasts"
"Leukocytes","Leukocytes","Lamb1","Cd151","age30m-age3m",1,-0.0012003665240929,"Fibroblasts"
"Leukocytes","Fibroblasts","Lamb1","Itga9","age30m-age3m",1,-0.0012003665240929,"Fibroblasts"
"EndothelialCells","Fibroblasts","Lamb1","Itgav","age30m-age3m",1,-0.0012003665240929,"Fibroblasts"
"Fibroblasts","Fibroblasts","Lamb1","Cd151","age30m-age3m",1,-0.0012003665240929,"Fibroblasts"
"EndothelialCells","Leukocytes","Lamb1","Itga9","age30m-age3m",1,-0.0012003665240929,"Fibroblasts"
"EndothelialCells","EndothelialCells","Lamb1","Cd151","age30m-age3m",1,-0.0012003665240929,"Fibroblasts"
"EndothelialCells","Leukocytes","Lamb1","Itgav","age30m-age3m",1,-0.0012003665240929,"Fibroblasts"
"EndothelialCells","Leukocytes","Lamb1","Cd151","age30m-age3m",1,-0.0012003665240929,"Fibroblasts"
"Leukocytes","Fibroblasts","Lamb1","Cd151","age30m-age3m",1,-0.0012003665240929,"Fibroblasts"
"Fibroblasts","EndothelialCells","Lamb1","Itga1","age30m-age3m",1,-0.0012003665240929,"Fibroblasts"
"Fibroblasts","EndothelialCells","Lamb1","Itga6","age30m-age3m",1,-0.0012003665240929,"Fibroblasts"
"EndothelialCells","Fibroblasts","Lamb1","Itga9","age30m-age3m",1,-0.0012003665240929,"Fibroblasts"
"Leukocytes","EndothelialCells","Lamb1","Itga1","age30m-age3m",1,-0.0012003665240929,"Fibroblasts"
"Leukocytes","EndothelialCells","Lamb1","Itga6","age30m-age3m",1,-0.0012003665240929,"Fibroblasts"
"Fibroblasts","EndothelialCells","Lamb1","Itgb1","age30m-age3m",1,-0.0012003665240929,"Fibroblasts"
"EndothelialCells","Fibroblasts","Lamb1","Cd151","age30m-age3m",1,-0.0012003665240929,"Fibroblasts"
"Leukocytes","EndothelialCells","Lamb1","Itgb1","age30m-age3m",1,-0.0012003665240929,"Fibroblasts"
"Fibroblasts","Fibroblasts","Lamb1","Itga1","age30m-age3m",1,-0.0012003665240929,"Fibroblasts"
"EndothelialCells","EndothelialCells","Lamb1","Itga1","age30m-age3m",1,-0.0012003665240929,"Fibroblasts"
"Fibroblasts","EndothelialCells","Lamb1","Itgav","age30m-age3m",1,-0.0012003665240929,"Fibroblasts"
"EndothelialCells","EndothelialCells","Lamb1","Itga6","age30m-age3m",1,-0.0012003665240929,"Fibroblasts"
"Leukocytes","Fibroblasts","Lamb1","Itga1","age30m-age3m",1,-0.0012003665240929,"Fibroblasts"
"Leukocytes","EndothelialCells","Lamb1","Itgav","age30m-age3m",1,-0.0012003665240929,"Fibroblasts"
"EndothelialCells","EndothelialCells","Lamb1","Itgb1","age30m-age3m",1,-0.0012003665240929,"Fibroblasts"
"Fibroblasts","Leukocytes","Lamb1","Itgb1","age30m-age3m",1,-0.0012003665240929,"Fibroblasts"
"EndothelialCells","Fibroblasts","Lamb1","Itga1","age30m-age3m",1,-0.0012003665240929,"Fibroblasts"
"Fibroblasts","Fibroblasts","Lamb1","Itgb8","age30m-age3m",1,-0.0012003665240929,"Fibroblasts"
"EndothelialCells","EndothelialCells","Lamb1","Itgav","age30m-age3m",1,-0.0012003665240929,"Fibroblasts"
"Fibroblasts","Leukocytes","Lamb1","Itgb4","age30m-age3m",1,-0.0012003665240929,"Fibroblasts"
"Fibroblasts","EndothelialCells","Lamb1","Itga9","age30m-age3m",1,-0.0012003665240929,"Fibroblasts"
"Leukocytes","Leukocytes","Lamb1","Itgb1","age30m-age3m",1,-0.0012003665240929,"Fibroblasts"
"Leukocytes","Fibroblasts","Lamb1","Itgb8","age30m-age3m",1,-0.0012003665240929,"Fibroblasts"
"Leukocytes","Leukocytes","Lamb1","Itgb4","age30m-age3m",1,-0.0012003665240929,"Fibroblasts"
"Leukocytes","EndothelialCells","Lamb1","Itga9","age30m-age3m",1,-0.0012003665240929,"Fibroblasts"
"EndothelialCells","Leukocytes","Lamb1","Itgb1","age30m-age3m",1,-0.0012003665240929,"Fibroblasts"
"Fibroblasts","Myocytes","Lamb1","Itga7","age30m-age3m",1,-0.0012003665240929,"Fibroblasts"
"Fibroblasts","Fibroblasts","Lamb1","Itgb1","age30m-age3m",1,-0.0012003665240929,"Fibroblasts"
"EndothelialCells","Fibroblasts","Lamb1","Itgb8","age30m-age3m",1,-0.0012003665240929,"Fibroblasts"
"EndothelialCells","Leukocytes","Lamb1","Itgb4","age30m-age3m",1,-0.0012003665240929,"Fibroblasts"
"EndothelialCells","EndothelialCells","Lamb1","Itga9","age30m-age3m",1,-0.0012003665240929,"Fibroblasts"
"Leukocytes","Myocytes","Lamb1","Itga7","age30m-age3m",1,-0.0012003665240929,"Fibroblasts"
"Leukocytes","Fibroblasts","Lamb1","Itgb1","age30m-age3m",1,-0.0012003665240929,"Fibroblasts"
"EndothelialCells","Myocytes","Lamb1","Itga7","age30m-age3m",1,-0.0012003665240929,"Fibroblasts"
"EndothelialCells","Fibroblasts","Lamb1","Itgb1","age30m-age3m",1,-0.0012003665240929,"Fibroblasts"
"Fibroblasts","Myocytes","Lamb1","Itgb1","age30m-age3m",1,-0.0012003665240929,"Fibroblasts"
"Fibroblasts","Myocytes","Lamb1","Cd151","age30m-age3m",1,-0.0012003665240929,"Fibroblasts"
"Leukocytes","Myocytes","Lamb1","Itgb1","age30m-age3m",1,-0.0012003665240929,"Fibroblasts"
"Leukocytes","Myocytes","Lamb1","Cd151","age30m-age3m",1,-0.0012003665240929,"Fibroblasts"
"Fibroblasts","Myocytes","Lamb1","Itga6","age30m-age3m",1,-0.0012003665240929,"Fibroblasts"
"Leukocytes","Myocytes","Lamb1","Itga6","age30m-age3m",1,-0.0012003665240929,"Fibroblasts"
"EndothelialCells","Myocytes","Lamb1","Itgb1","age30m-age3m",1,-0.0012003665240929,"Fibroblasts"
"EndothelialCells","Myocytes","Lamb1","Cd151","age30m-age3m",1,-0.0012003665240929,"Fibroblasts"
"EndothelialCells","Myocytes","Lamb1","Itga6","age30m-age3m",1,-0.0012003665240929,"Fibroblasts"
"Fibroblasts","EndothelialCells","Slit2","Robo4","age30m-age3m",1,-0.00120152282571049,"Fibroblasts"
"Fibroblasts","Leukocytes","Slit2","Sdc1","age30m-age3m",1,-0.00120152282571049,"Fibroblasts"
"Fibroblasts","Fibroblasts","Slit2","Robo1","age30m-age3m",1,-0.00120152282571049,"Fibroblasts"
"Fibroblasts","Myocytes","Slit2","Gpc1","age30m-age3m",1,-0.00120152282571049,"Fibroblasts"
"Fibroblasts","Fibroblasts","Slit2","Sdc1","age30m-age3m",1,-0.00120152282571049,"Fibroblasts"
"Fibroblasts","EndothelialCells","Slit2","Robo2","age30m-age3m",1,-0.00120152282571049,"Fibroblasts"
"Fibroblasts","Leukocytes","Slit2","Robo4","age30m-age3m",1,-0.00120152282571049,"Fibroblasts"
"Fibroblasts","Myocytes","Slit2","Robo4","age30m-age3m",1,-0.00120152282571049,"Fibroblasts"
"Fibroblasts","EndothelialCells","Col6a3","Itga1","age30m-age3m",1,-0.00120222174120421,"Fibroblasts"
"Fibroblasts","Fibroblasts","Col6a3","Itga11","age30m-age3m",1,-0.00120222174120421,"Fibroblasts"
"Fibroblasts","EndothelialCells","Col6a3","Itgb1","age30m-age3m",1,-0.00120222174120421,"Fibroblasts"
"Fibroblasts","Fibroblasts","Col6a3","Itga1","age30m-age3m",1,-0.00120222174120421,"Fibroblasts"
"Fibroblasts","Leukocytes","Col6a3","Itgb1","age30m-age3m",1,-0.00120222174120421,"Fibroblasts"
"Fibroblasts","Fibroblasts","Col6a3","Itgb1","age30m-age3m",1,-0.00120222174120421,"Fibroblasts"
"Fibroblasts","Myocytes","Col6a3","Itgb1","age30m-age3m",1,-0.00120222174120421,"Fibroblasts"
"Fibroblasts","Fibroblasts","Hsp90b1","Lrp1","age30m-age3m",1,-0.0012152053222014,"Fibroblasts"
"Leukocytes","Fibroblasts","Hsp90b1","Lrp1","age30m-age3m",1,-0.0012152053222014,"Fibroblasts"
"EndothelialCells","Fibroblasts","Hsp90b1","Lrp1","age30m-age3m",1,-0.0012152053222014,"Fibroblasts"
"Fibroblasts","Leukocytes","Hsp90b1","Lrp1","age30m-age3m",1,-0.0012152053222014,"Fibroblasts"
"Leukocytes","Leukocytes","Hsp90b1","Lrp1","age30m-age3m",1,-0.0012152053222014,"Fibroblasts"
"EndothelialCells","Leukocytes","Hsp90b1","Lrp1","age30m-age3m",1,-0.0012152053222014,"Fibroblasts"
"Fibroblasts","EndothelialCells","Hsp90b1","Lrp1","age30m-age3m",1,-0.0012152053222014,"Fibroblasts"
"Leukocytes","EndothelialCells","Hsp90b1","Lrp1","age30m-age3m",1,-0.0012152053222014,"Fibroblasts"
"Myocytes","Fibroblasts","Hsp90b1","Lrp1","age30m-age3m",1,-0.0012152053222014,"Fibroblasts"
"EndothelialCells","EndothelialCells","Hsp90b1","Lrp1","age30m-age3m",1,-0.0012152053222014,"Fibroblasts"
"Fibroblasts","Myocytes","Hsp90b1","Lrp1","age30m-age3m",1,-0.0012152053222014,"Fibroblasts"
"Leukocytes","Myocytes","Hsp90b1","Lrp1","age30m-age3m",1,-0.0012152053222014,"Fibroblasts"
"Myocytes","Leukocytes","Hsp90b1","Lrp1","age30m-age3m",1,-0.0012152053222014,"Fibroblasts"
"EndothelialCells","Myocytes","Hsp90b1","Lrp1","age30m-age3m",1,-0.0012152053222014,"Fibroblasts"
"Myocytes","Myocytes","Hsp90b1","Lrp1","age30m-age3m",1,-0.0012152053222014,"Fibroblasts"
"EndothelialCells","Fibroblasts","Adam15","Itga5","age30m-age3m",1,-0.00121524824994401,"Fibroblasts"
"EndothelialCells","Fibroblasts","Adam15","Itga9","age30m-age3m",1,-0.00121524824994401,"Fibroblasts"
"Leukocytes","Fibroblasts","Adam15","Itga5","age30m-age3m",1,-0.00121524824994401,"Fibroblasts"
"EndothelialCells","Leukocytes","Adam15","Itga9","age30m-age3m",1,-0.00121524824994401,"Fibroblasts"
"EndothelialCells","Leukocytes","Adam15","Itga5","age30m-age3m",1,-0.00121524824994401,"Fibroblasts"
"Leukocytes","Fibroblasts","Adam15","Itga9","age30m-age3m",1,-0.00121524824994401,"Fibroblasts"
"EndothelialCells","EndothelialCells","Adam15","Itgb1","age30m-age3m",1,-0.00121524824994401,"Fibroblasts"
"Fibroblasts","Fibroblasts","Adam15","Itga5","age30m-age3m",1,-0.00121524824994401,"Fibroblasts"
"EndothelialCells","Leukocytes","Adam15","Itgb3","age30m-age3m",1,-0.00121524824994401,"Fibroblasts"
"EndothelialCells","EndothelialCells","Adam15","Itga5","age30m-age3m",1,-0.00121524824994401,"Fibroblasts"
"Leukocytes","Leukocytes","Adam15","Itga9","age30m-age3m",1,-0.00121524824994401,"Fibroblasts"
"Leukocytes","Leukocytes","Adam15","Itga5","age30m-age3m",1,-0.00121524824994401,"Fibroblasts"
"EndothelialCells","Fibroblasts","Adam15","Itgb3","age30m-age3m",1,-0.00121524824994401,"Fibroblasts"
"Fibroblasts","Fibroblasts","Adam15","Itga9","age30m-age3m",1,-0.00121524824994401,"Fibroblasts"
"Leukocytes","EndothelialCells","Adam15","Itgb1","age30m-age3m",1,-0.00121524824994401,"Fibroblasts"
"Leukocytes","Leukocytes","Adam15","Itgb3","age30m-age3m",1,-0.00121524824994401,"Fibroblasts"
"Fibroblasts","Leukocytes","Adam15","Itga9","age30m-age3m",1,-0.00121524824994401,"Fibroblasts"
"Fibroblasts","Leukocytes","Adam15","Itga5","age30m-age3m",1,-0.00121524824994401,"Fibroblasts"
"EndothelialCells","EndothelialCells","Adam15","Itga9","age30m-age3m",1,-0.00121524824994401,"Fibroblasts"
"Leukocytes","EndothelialCells","Adam15","Itga5","age30m-age3m",1,-0.00121524824994401,"Fibroblasts"
"Leukocytes","Fibroblasts","Adam15","Itgb3","age30m-age3m",1,-0.00121524824994401,"Fibroblasts"
"Fibroblasts","EndothelialCells","Adam15","Itgb1","age30m-age3m",1,-0.00121524824994401,"Fibroblasts"
"EndothelialCells","Leukocytes","Adam15","Itgb1","age30m-age3m",1,-0.00121524824994401,"Fibroblasts"
"Fibroblasts","Leukocytes","Adam15","Itgb3","age30m-age3m",1,-0.00121524824994401,"Fibroblasts"
"EndothelialCells","Fibroblasts","Adam15","Itgb1","age30m-age3m",1,-0.00121524824994401,"Fibroblasts"
"Fibroblasts","EndothelialCells","Adam15","Itga5","age30m-age3m",1,-0.00121524824994401,"Fibroblasts"
"Leukocytes","EndothelialCells","Adam15","Itga9","age30m-age3m",1,-0.00121524824994401,"Fibroblasts"
"Fibroblasts","Fibroblasts","Adam15","Itgb3","age30m-age3m",1,-0.00121524824994401,"Fibroblasts"
"Leukocytes","Leukocytes","Adam15","Itgb1","age30m-age3m",1,-0.00121524824994401,"Fibroblasts"
"Leukocytes","Fibroblasts","Adam15","Itgb1","age30m-age3m",1,-0.00121524824994401,"Fibroblasts"
"Fibroblasts","EndothelialCells","Adam15","Itga9","age30m-age3m",1,-0.00121524824994401,"Fibroblasts"
"Myocytes","Fibroblasts","Adam15","Itga5","age30m-age3m",1,-0.00121524824994401,"Fibroblasts"
"EndothelialCells","Myocytes","Adam15","Itgb1","age30m-age3m",1,-0.00121524824994401,"Fibroblasts"
"Fibroblasts","Leukocytes","Adam15","Itgb1","age30m-age3m",1,-0.00121524824994401,"Fibroblasts"
"Fibroblasts","Fibroblasts","Adam15","Itgb1","age30m-age3m",1,-0.00121524824994401,"Fibroblasts"
"Myocytes","Fibroblasts","Adam15","Itga9","age30m-age3m",1,-0.00121524824994401,"Fibroblasts"
"Myocytes","Fibroblasts","Adam15","Itgb3","age30m-age3m",1,-0.00121524824994401,"Fibroblasts"
"Myocytes","Leukocytes","Adam15","Itga9","age30m-age3m",1,-0.00121524824994401,"Fibroblasts"
"Myocytes","Leukocytes","Adam15","Itga5","age30m-age3m",1,-0.00121524824994401,"Fibroblasts"
"Leukocytes","Myocytes","Adam15","Itgb1","age30m-age3m",1,-0.00121524824994401,"Fibroblasts"
"EndothelialCells","Myocytes","Adam15","Itga5","age30m-age3m",1,-0.00121524824994401,"Fibroblasts"
"Myocytes","EndothelialCells","Adam15","Itgb1","age30m-age3m",1,-0.00121524824994401,"Fibroblasts"
"Fibroblasts","Myocytes","Adam15","Itgb1","age30m-age3m",1,-0.00121524824994401,"Fibroblasts"
"Myocytes","EndothelialCells","Adam15","Itga5","age30m-age3m",1,-0.00121524824994401,"Fibroblasts"
"Leukocytes","Myocytes","Adam15","Itga5","age30m-age3m",1,-0.00121524824994401,"Fibroblasts"
"Myocytes","EndothelialCells","Adam15","Itga9","age30m-age3m",1,-0.00121524824994401,"Fibroblasts"
"Fibroblasts","Myocytes","Adam15","Itga5","age30m-age3m",1,-0.00121524824994401,"Fibroblasts"
"Myocytes","Leukocytes","Adam15","Itgb1","age30m-age3m",1,-0.00121524824994401,"Fibroblasts"
"Myocytes","Fibroblasts","Adam15","Itgb1","age30m-age3m",1,-0.00121524824994401,"Fibroblasts"
"Myocytes","Myocytes","Adam15","Itga5","age30m-age3m",1,-0.00121524824994401,"Fibroblasts"
"Myocytes","Myocytes","Adam15","Itgb1","age30m-age3m",1,-0.00121524824994401,"Fibroblasts"
"Fibroblasts","Fibroblasts","Col4a3","Itgav","age30m-age3m",1,-0.0012167774853234,"Fibroblasts"
"Fibroblasts","EndothelialCells","Col4a3","Cd93","age30m-age3m",1,-0.0012167774853234,"Fibroblasts"
"Fibroblasts","Leukocytes","Col4a3","Cd47","age30m-age3m",1,-0.0012167774853234,"Fibroblasts"
"Fibroblasts","Leukocytes","Col4a3","Itgav","age30m-age3m",1,-0.0012167774853234,"Fibroblasts"
"Fibroblasts","EndothelialCells","Col4a3","Itga1","age30m-age3m",1,-0.0012167774853234,"Fibroblasts"
"Fibroblasts","Leukocytes","Col4a3","Cd93","age30m-age3m",1,-0.0012167774853234,"Fibroblasts"
"Fibroblasts","EndothelialCells","Col4a3","Itgb1","age30m-age3m",1,-0.0012167774853234,"Fibroblasts"
"Fibroblasts","Leukocytes","Col4a3","Itgb3","age30m-age3m",1,-0.0012167774853234,"Fibroblasts"
"Fibroblasts","Fibroblasts","Col4a3","Itga11","age30m-age3m",1,-0.0012167774853234,"Fibroblasts"
"Fibroblasts","EndothelialCells","Col4a3","Cd47","age30m-age3m",1,-0.0012167774853234,"Fibroblasts"
"Fibroblasts","EndothelialCells","Col4a3","Itgav","age30m-age3m",1,-0.0012167774853234,"Fibroblasts"
"Fibroblasts","Fibroblasts","Col4a3","Cd47","age30m-age3m",1,-0.0012167774853234,"Fibroblasts"
"EndothelialCells","Leukocytes","Col4a3","Itgb3","age30m-age3m",1,-0.0012167774853234,"Fibroblasts"
"Fibroblasts","Fibroblasts","Col4a3","Itga1","age30m-age3m",1,-0.0012167774853234,"Fibroblasts"
"Fibroblasts","Fibroblasts","Col4a3","Itgb3","age30m-age3m",1,-0.0012167774853234,"Fibroblasts"
"Leukocytes","Leukocytes","Col4a3","Itgb3","age30m-age3m",1,-0.0012167774853234,"Fibroblasts"
"EndothelialCells","Fibroblasts","Col4a3","Itgav","age30m-age3m",1,-0.0012167774853234,"Fibroblasts"
"EndothelialCells","EndothelialCells","Col4a3","Cd93","age30m-age3m",1,-0.0012167774853234,"Fibroblasts"
"Leukocytes","Fibroblasts","Col4a3","Itgav","age30m-age3m",1,-0.0012167774853234,"Fibroblasts"
"Leukocytes","EndothelialCells","Col4a3","Cd93","age30m-age3m",1,-0.0012167774853234,"Fibroblasts"
"Fibroblasts","Fibroblasts","Col4a3","Itgb8","age30m-age3m",1,-0.0012167774853234,"Fibroblasts"
"Fibroblasts","Fibroblasts","Col4a3","Cd93","age30m-age3m",1,-0.0012167774853234,"Fibroblasts"
"EndothelialCells","Leukocytes","Col4a3","Cd47","age30m-age3m",1,-0.0012167774853234,"Fibroblasts"
"EndothelialCells","Leukocytes","Col4a3","Itgav","age30m-age3m",1,-0.0012167774853234,"Fibroblasts"
"Fibroblasts","Leukocytes","Col4a3","Itgb1","age30m-age3m",1,-0.0012167774853234,"Fibroblasts"
"EndothelialCells","EndothelialCells","Col4a3","Itga1","age30m-age3m",1,-0.0012167774853234,"Fibroblasts"
"Leukocytes","Leukocytes","Col4a3","Cd47","age30m-age3m",1,-0.0012167774853234,"Fibroblasts"
"Fibroblasts","Myocytes","Col4a3","Cd93","age30m-age3m",1,-0.0012167774853234,"Fibroblasts"
"Leukocytes","Leukocytes","Col4a3","Itgav","age30m-age3m",1,-0.0012167774853234,"Fibroblasts"
"Leukocytes","EndothelialCells","Col4a3","Itga1","age30m-age3m",1,-0.0012167774853234,"Fibroblasts"
"EndothelialCells","Leukocytes","Col4a3","Cd93","age30m-age3m",1,-0.0012167774853234,"Fibroblasts"
"EndothelialCells","Fibroblasts","Col4a3","Itgb8","age30m-age3m",1,-0.0012167774853234,"Fibroblasts"
"EndothelialCells","EndothelialCells","Col4a3","Itgb1","age30m-age3m",1,-0.0012167774853234,"Fibroblasts"
"Fibroblasts","Fibroblasts","Col4a3","Itgb1","age30m-age3m",1,-0.0012167774853234,"Fibroblasts"
"Leukocytes","Leukocytes","Col4a3","Cd93","age30m-age3m",1,-0.0012167774853234,"Fibroblasts"
"Leukocytes","Fibroblasts","Col4a3","Itgb8","age30m-age3m",1,-0.0012167774853234,"Fibroblasts"
"EndothelialCells","Fibroblasts","Col4a3","Itga11","age30m-age3m",1,-0.0012167774853234,"Fibroblasts"
"Leukocytes","EndothelialCells","Col4a3","Itgb1","age30m-age3m",1,-0.0012167774853234,"Fibroblasts"
"EndothelialCells","EndothelialCells","Col4a3","Cd47","age30m-age3m",1,-0.0012167774853234,"Fibroblasts"
"Leukocytes","Fibroblasts","Col4a3","Itga11","age30m-age3m",1,-0.0012167774853234,"Fibroblasts"
"EndothelialCells","EndothelialCells","Col4a3","Itgav","age30m-age3m",1,-0.0012167774853234,"Fibroblasts"
"Leukocytes","EndothelialCells","Col4a3","Cd47","age30m-age3m",1,-0.0012167774853234,"Fibroblasts"
"EndothelialCells","Fibroblasts","Col4a3","Cd47","age30m-age3m",1,-0.0012167774853234,"Fibroblasts"
"Leukocytes","EndothelialCells","Col4a3","Itgav","age30m-age3m",1,-0.0012167774853234,"Fibroblasts"
"Fibroblasts","Myocytes","Col4a3","Cd47","age30m-age3m",1,-0.0012167774853234,"Fibroblasts"
"EndothelialCells","Fibroblasts","Col4a3","Itga1","age30m-age3m",1,-0.0012167774853234,"Fibroblasts"
"Leukocytes","Fibroblasts","Col4a3","Cd47","age30m-age3m",1,-0.0012167774853234,"Fibroblasts"
"Leukocytes","Fibroblasts","Col4a3","Itga1","age30m-age3m",1,-0.0012167774853234,"Fibroblasts"
"EndothelialCells","Fibroblasts","Col4a3","Cd93","age30m-age3m",1,-0.0012167774853234,"Fibroblasts"
"Fibroblasts","Myocytes","Col4a3","Itgb1","age30m-age3m",1,-0.0012167774853234,"Fibroblasts"
"Leukocytes","Fibroblasts","Col4a3","Cd93","age30m-age3m",1,-0.0012167774853234,"Fibroblasts"
"EndothelialCells","Leukocytes","Col4a3","Itgb1","age30m-age3m",1,-0.0012167774853234,"Fibroblasts"
"EndothelialCells","Myocytes","Col4a3","Cd93","age30m-age3m",1,-0.0012167774853234,"Fibroblasts"
"Leukocytes","Leukocytes","Col4a3","Itgb1","age30m-age3m",1,-0.0012167774853234,"Fibroblasts"
"Leukocytes","Myocytes","Col4a3","Cd93","age30m-age3m",1,-0.0012167774853234,"Fibroblasts"
"EndothelialCells","Fibroblasts","Col4a3","Itgb1","age30m-age3m",1,-0.0012167774853234,"Fibroblasts"
"Leukocytes","Fibroblasts","Col4a3","Itgb1","age30m-age3m",1,-0.0012167774853234,"Fibroblasts"
"EndothelialCells","Myocytes","Col4a3","Cd47","age30m-age3m",1,-0.0012167774853234,"Fibroblasts"
"Leukocytes","Myocytes","Col4a3","Cd47","age30m-age3m",1,-0.0012167774853234,"Fibroblasts"
"EndothelialCells","Myocytes","Col4a3","Itgb1","age30m-age3m",1,-0.0012167774853234,"Fibroblasts"
"Leukocytes","Myocytes","Col4a3","Itgb1","age30m-age3m",1,-0.0012167774853234,"Fibroblasts"
"EndothelialCells","Fibroblasts","Lrpap1","Lrp1","age30m-age3m",1,-0.0012178327777825,"Fibroblasts"
"Leukocytes","Fibroblasts","Lrpap1","Lrp1","age30m-age3m",1,-0.0012178327777825,"Fibroblasts"
"EndothelialCells","Leukocytes","Lrpap1","Sirpa","age30m-age3m",1,-0.0012178327777825,"Fibroblasts"
"EndothelialCells","Leukocytes","Lrpap1","Lrp1","age30m-age3m",1,-0.0012178327777825,"Fibroblasts"
"EndothelialCells","Myocytes","Lrpap1","Cd320","age30m-age3m",1,-0.0012178327777825,"Fibroblasts"
"Leukocytes","Leukocytes","Lrpap1","Sirpa","age30m-age3m",1,-0.0012178327777825,"Fibroblasts"
"Leukocytes","Leukocytes","Lrpap1","Lrp1","age30m-age3m",1,-0.0012178327777825,"Fibroblasts"
"Leukocytes","Myocytes","Lrpap1","Cd320","age30m-age3m",1,-0.0012178327777825,"Fibroblasts"
"Fibroblasts","Fibroblasts","Lrpap1","Lrp1","age30m-age3m",1,-0.0012178327777825,"Fibroblasts"
"Fibroblasts","Leukocytes","Lrpap1","Sirpa","age30m-age3m",1,-0.0012178327777825,"Fibroblasts"
"Fibroblasts","Leukocytes","Lrpap1","Lrp1","age30m-age3m",1,-0.0012178327777825,"Fibroblasts"
"EndothelialCells","Fibroblasts","Lrpap1","Cd320","age30m-age3m",1,-0.0012178327777825,"Fibroblasts"
"EndothelialCells","Fibroblasts","Lrpap1","Sirpa","age30m-age3m",1,-0.0012178327777825,"Fibroblasts"
"EndothelialCells","EndothelialCells","Lrpap1","Cd320","age30m-age3m",1,-0.0012178327777825,"Fibroblasts"
"Fibroblasts","Myocytes","Lrpap1","Cd320","age30m-age3m",1,-0.0012178327777825,"Fibroblasts"
"Leukocytes","Fibroblasts","Lrpap1","Cd320","age30m-age3m",1,-0.0012178327777825,"Fibroblasts"
"Leukocytes","Fibroblasts","Lrpap1","Sirpa","age30m-age3m",1,-0.0012178327777825,"Fibroblasts"
"Leukocytes","EndothelialCells","Lrpap1","Cd320","age30m-age3m",1,-0.0012178327777825,"Fibroblasts"
"Fibroblasts","Fibroblasts","Lrpap1","Cd320","age30m-age3m",1,-0.0012178327777825,"Fibroblasts"
"Fibroblasts","Fibroblasts","Lrpap1","Sirpa","age30m-age3m",1,-0.0012178327777825,"Fibroblasts"
"Fibroblasts","EndothelialCells","Lrpap1","Cd320","age30m-age3m",1,-0.0012178327777825,"Fibroblasts"
"EndothelialCells","EndothelialCells","Lrpap1","Lrp1","age30m-age3m",1,-0.0012178327777825,"Fibroblasts"
"Leukocytes","EndothelialCells","Lrpap1","Lrp1","age30m-age3m",1,-0.0012178327777825,"Fibroblasts"
"EndothelialCells","Myocytes","Lrpap1","Lrp1","age30m-age3m",1,-0.0012178327777825,"Fibroblasts"
"Leukocytes","Myocytes","Lrpap1","Lrp1","age30m-age3m",1,-0.0012178327777825,"Fibroblasts"
"Fibroblasts","EndothelialCells","Lrpap1","Lrp1","age30m-age3m",1,-0.0012178327777825,"Fibroblasts"
"Myocytes","Fibroblasts","Lrpap1","Lrp1","age30m-age3m",1,-0.0012178327777825,"Fibroblasts"
"Fibroblasts","Myocytes","Lrpap1","Lrp1","age30m-age3m",1,-0.0012178327777825,"Fibroblasts"
"Myocytes","Leukocytes","Lrpap1","Sirpa","age30m-age3m",1,-0.0012178327777825,"Fibroblasts"
"Myocytes","Leukocytes","Lrpap1","Lrp1","age30m-age3m",1,-0.0012178327777825,"Fibroblasts"
"Myocytes","Myocytes","Lrpap1","Cd320","age30m-age3m",1,-0.0012178327777825,"Fibroblasts"
"Myocytes","Fibroblasts","Lrpap1","Cd320","age30m-age3m",1,-0.0012178327777825,"Fibroblasts"
"Myocytes","Fibroblasts","Lrpap1","Sirpa","age30m-age3m",1,-0.0012178327777825,"Fibroblasts"
"Myocytes","EndothelialCells","Lrpap1","Cd320","age30m-age3m",1,-0.0012178327777825,"Fibroblasts"
"Myocytes","Myocytes","Lrpap1","Lrp1","age30m-age3m",1,-0.0012178327777825,"Fibroblasts"
"EndothelialCells","Fibroblasts","Mmp15","Ddr1","age30m-age3m",1,-0.00122072041780554,"EndothelialCells"
"Myocytes","Fibroblasts","Mmp15","Ddr1","age30m-age3m",1,-0.00122072041780554,"EndothelialCells"
"Leukocytes","Fibroblasts","Mmp15","Ddr1","age30m-age3m",1,-0.00122072041780554,"EndothelialCells"
"EndothelialCells","Myocytes","Mmp15","Ddr1","age30m-age3m",1,-0.00122072041780554,"EndothelialCells"
"Myocytes","Myocytes","Mmp15","Ddr1","age30m-age3m",1,-0.00122072041780554,"EndothelialCells"
"Fibroblasts","Fibroblasts","Copa","Ntrk1","age30m-age3m",1,-0.00123254884211971,"Fibroblasts"
"Myocytes","Fibroblasts","Copa","Ntrk1","age30m-age3m",1,-0.00123254884211971,"Fibroblasts"
"Fibroblasts","Leukocytes","Copa","P2ry6","age30m-age3m",1,-0.00123254884211971,"Fibroblasts"
"Myocytes","Leukocytes","Copa","P2ry6","age30m-age3m",1,-0.00123254884211971,"Fibroblasts"
"Fibroblasts","Leukocytes","Copa","Sort1","age30m-age3m",1,-0.00123254884211971,"Fibroblasts"
"Myocytes","Leukocytes","Copa","Sort1","age30m-age3m",1,-0.00123254884211971,"Fibroblasts"
"Fibroblasts","EndothelialCells","Copa","Cd74","age30m-age3m",1,-0.00123254884211971,"Fibroblasts"
"Myocytes","EndothelialCells","Copa","Cd74","age30m-age3m",1,-0.00123254884211971,"Fibroblasts"
"Fibroblasts","Fibroblasts","Copa","Cd74","age30m-age3m",1,-0.00123254884211971,"Fibroblasts"
"EndothelialCells","Fibroblasts","Copa","Ntrk1","age30m-age3m",1,-0.00123254884211971,"Fibroblasts"
"Myocytes","Fibroblasts","Copa","Cd74","age30m-age3m",1,-0.00123254884211971,"Fibroblasts"
"Fibroblasts","Leukocytes","Copa","Cd74","age30m-age3m",1,-0.00123254884211971,"Fibroblasts"
"Myocytes","Leukocytes","Copa","Cd74","age30m-age3m",1,-0.00123254884211971,"Fibroblasts"
"Leukocytes","Fibroblasts","Copa","Ntrk1","age30m-age3m",1,-0.00123254884211971,"Fibroblasts"
"EndothelialCells","Leukocytes","Copa","P2ry6","age30m-age3m",1,-0.00123254884211971,"Fibroblasts"
"Fibroblasts","Fibroblasts","Copa","P2ry6","age30m-age3m",1,-0.00123254884211971,"Fibroblasts"
"Myocytes","Fibroblasts","Copa","P2ry6","age30m-age3m",1,-0.00123254884211971,"Fibroblasts"
"EndothelialCells","Leukocytes","Copa","Sort1","age30m-age3m",1,-0.00123254884211971,"Fibroblasts"
"Leukocytes","Leukocytes","Copa","P2ry6","age30m-age3m",1,-0.00123254884211971,"Fibroblasts"
"Leukocytes","Leukocytes","Copa","Sort1","age30m-age3m",1,-0.00123254884211971,"Fibroblasts"
"EndothelialCells","EndothelialCells","Copa","Cd74","age30m-age3m",1,-0.00123254884211971,"Fibroblasts"
"EndothelialCells","Fibroblasts","Copa","Cd74","age30m-age3m",1,-0.00123254884211971,"Fibroblasts"
"EndothelialCells","Leukocytes","Copa","Cd74","age30m-age3m",1,-0.00123254884211971,"Fibroblasts"
"Leukocytes","EndothelialCells","Copa","Cd74","age30m-age3m",1,-0.00123254884211971,"Fibroblasts"
"Leukocytes","Fibroblasts","Copa","Cd74","age30m-age3m",1,-0.00123254884211971,"Fibroblasts"
"Leukocytes","Leukocytes","Copa","Cd74","age30m-age3m",1,-0.00123254884211971,"Fibroblasts"
"EndothelialCells","Fibroblasts","Copa","P2ry6","age30m-age3m",1,-0.00123254884211971,"Fibroblasts"
"Fibroblasts","Myocytes","Copa","Cd74","age30m-age3m",1,-0.00123254884211971,"Fibroblasts"
"Myocytes","Myocytes","Copa","Cd74","age30m-age3m",1,-0.00123254884211971,"Fibroblasts"
"Leukocytes","Fibroblasts","Copa","P2ry6","age30m-age3m",1,-0.00123254884211971,"Fibroblasts"
"Fibroblasts","Myocytes","Copa","Sort1","age30m-age3m",1,-0.00123254884211971,"Fibroblasts"
"Myocytes","Myocytes","Copa","Sort1","age30m-age3m",1,-0.00123254884211971,"Fibroblasts"
"EndothelialCells","Myocytes","Copa","Cd74","age30m-age3m",1,-0.00123254884211971,"Fibroblasts"
"Leukocytes","Myocytes","Copa","Cd74","age30m-age3m",1,-0.00123254884211971,"Fibroblasts"
"EndothelialCells","Myocytes","Copa","Sort1","age30m-age3m",1,-0.00123254884211971,"Fibroblasts"
"Leukocytes","Myocytes","Copa","Sort1","age30m-age3m",1,-0.00123254884211971,"Fibroblasts"
"Fibroblasts","Fibroblasts","Ltbp3","Itgb5","age30m-age3m",1,-0.00123530950148972,"Fibroblasts"
"Fibroblasts","Leukocytes","Ltbp3","Itgb5","age30m-age3m",1,-0.00123530950148972,"Fibroblasts"
"Fibroblasts","EndothelialCells","Ltbp3","Itgb5","age30m-age3m",1,-0.00123530950148972,"Fibroblasts"
"Leukocytes","Fibroblasts","Ltbp3","Itgb5","age30m-age3m",1,-0.00123530950148972,"Fibroblasts"
"Leukocytes","Leukocytes","Ltbp3","Itgb5","age30m-age3m",1,-0.00123530950148972,"Fibroblasts"
"Fibroblasts","Myocytes","Ltbp3","Itgb5","age30m-age3m",1,-0.00123530950148972,"Fibroblasts"
"Leukocytes","EndothelialCells","Ltbp3","Itgb5","age30m-age3m",1,-0.00123530950148972,"Fibroblasts"
"EndothelialCells","EndothelialCells","Ptprm","Ptprm","age30m-age3m",1,-0.00123594262223053,"Fibroblasts"
"Fibroblasts","EndothelialCells","Ptprm","Ptprm","age30m-age3m",1,-0.00123594262223053,"Fibroblasts"
"EndothelialCells","Fibroblasts","Ptprm","Ptprm","age30m-age3m",1,-0.00123594262223053,"Fibroblasts"
"Fibroblasts","Fibroblasts","Ptprm","Ptprm","age30m-age3m",1,-0.00123594262223053,"Fibroblasts"
"Leukocytes","EndothelialCells","Ptprm","Ptprm","age30m-age3m",1,-0.00123594262223053,"Fibroblasts"
"EndothelialCells","Leukocytes","Ptprm","Ptprm","age30m-age3m",1,-0.00123594262223053,"Fibroblasts"
"Leukocytes","Fibroblasts","Ptprm","Ptprm","age30m-age3m",1,-0.00123594262223053,"Fibroblasts"
"Fibroblasts","Leukocytes","Ptprm","Ptprm","age30m-age3m",1,-0.00123594262223053,"Fibroblasts"
"Leukocytes","Leukocytes","Ptprm","Ptprm","age30m-age3m",1,-0.00123594262223053,"Fibroblasts"
"Leukocytes","Leukocytes","Itgal","Icam1","age30m-age3m",1,-0.00124451718062309,"Leukocytes"
"Leukocytes","EndothelialCells","Itgal","Icam1","age30m-age3m",1,-0.00124451718062309,"Leukocytes"
"Leukocytes","Fibroblasts","Itgal","Icam1","age30m-age3m",1,-0.00124451718062309,"Leukocytes"
"EndothelialCells","Leukocytes","Mfng","Notch1","age30m-age3m",1,-0.0012612183361705,"EndothelialCells"
"EndothelialCells","EndothelialCells","Mfng","Notch1","age30m-age3m",1,-0.0012612183361705,"EndothelialCells"
"EndothelialCells","Leukocytes","Mfng","Notch2","age30m-age3m",1,-0.0012612183361705,"EndothelialCells"
"Leukocytes","Leukocytes","Mfng","Notch1","age30m-age3m",1,-0.0012612183361705,"EndothelialCells"
"Leukocytes","EndothelialCells","Mfng","Notch1","age30m-age3m",1,-0.0012612183361705,"EndothelialCells"
"EndothelialCells","Fibroblasts","Mfng","Notch2","age30m-age3m",1,-0.0012612183361705,"EndothelialCells"
"EndothelialCells","Fibroblasts","Mfng","Notch1","age30m-age3m",1,-0.0012612183361705,"EndothelialCells"
"Leukocytes","Leukocytes","Mfng","Notch2","age30m-age3m",1,-0.0012612183361705,"EndothelialCells"
"Leukocytes","Fibroblasts","Mfng","Notch2","age30m-age3m",1,-0.0012612183361705,"EndothelialCells"
"Leukocytes","Fibroblasts","Mfng","Notch1","age30m-age3m",1,-0.0012612183361705,"EndothelialCells"
"EndothelialCells","EndothelialCells","F11r","Jam3","age30m-age3m",1,-0.00126806078503777,"EndothelialCells"
"EndothelialCells","EndothelialCells","F11r","Jam2","age30m-age3m",1,-0.00126806078503777,"EndothelialCells"
"EndothelialCells","Fibroblasts","F11r","Jam3","age30m-age3m",1,-0.00126806078503777,"EndothelialCells"
"Leukocytes","EndothelialCells","F11r","Jam3","age30m-age3m",1,-0.00126806078503777,"EndothelialCells"
"Leukocytes","EndothelialCells","F11r","Jam2","age30m-age3m",1,-0.00126806078503777,"EndothelialCells"
"EndothelialCells","EndothelialCells","F11r","F11r","age30m-age3m",1,-0.00126806078503777,"EndothelialCells"
"Leukocytes","Fibroblasts","F11r","Jam3","age30m-age3m",1,-0.00126806078503777,"EndothelialCells"
"EndothelialCells","Fibroblasts","F11r","Jam2","age30m-age3m",1,-0.00126806078503777,"EndothelialCells"
"Myocytes","EndothelialCells","F11r","Jam3","age30m-age3m",1,-0.00126806078503777,"EndothelialCells"
"EndothelialCells","Leukocytes","F11r","F11r","age30m-age3m",1,-0.00126806078503777,"EndothelialCells"
"EndothelialCells","Leukocytes","F11r","Itgb2","age30m-age3m",1,-0.00126806078503777,"EndothelialCells"
"Leukocytes","EndothelialCells","F11r","F11r","age30m-age3m",1,-0.00126806078503777,"EndothelialCells"
"Myocytes","EndothelialCells","F11r","Jam2","age30m-age3m",1,-0.00126806078503777,"EndothelialCells"
"EndothelialCells","Leukocytes","F11r","Itgal","age30m-age3m",1,-0.00126806078503777,"EndothelialCells"
"Myocytes","Fibroblasts","F11r","Jam3","age30m-age3m",1,-0.00126806078503777,"EndothelialCells"
"Leukocytes","Fibroblasts","F11r","Jam2","age30m-age3m",1,-0.00126806078503777,"EndothelialCells"
"EndothelialCells","Leukocytes","F11r","Jam2","age30m-age3m",1,-0.00126806078503777,"EndothelialCells"
"Leukocytes","Leukocytes","F11r","F11r","age30m-age3m",1,-0.00126806078503777,"EndothelialCells"
"Leukocytes","Leukocytes","F11r","Itgb2","age30m-age3m",1,-0.00126806078503777,"EndothelialCells"
"Leukocytes","Leukocytes","F11r","Itgal","age30m-age3m",1,-0.00126806078503777,"EndothelialCells"
"Myocytes","EndothelialCells","F11r","F11r","age30m-age3m",1,-0.00126806078503777,"EndothelialCells"
"EndothelialCells","Myocytes","F11r","F11r","age30m-age3m",1,-0.00126806078503777,"EndothelialCells"
"Fibroblasts","EndothelialCells","F11r","Jam3","age30m-age3m",1,-0.00126806078503777,"EndothelialCells"
"Myocytes","Fibroblasts","F11r","Jam2","age30m-age3m",1,-0.00126806078503777,"EndothelialCells"
"Leukocytes","Leukocytes","F11r","Jam2","age30m-age3m",1,-0.00126806078503777,"EndothelialCells"
"Fibroblasts","EndothelialCells","F11r","Jam2","age30m-age3m",1,-0.00126806078503777,"EndothelialCells"
"Fibroblasts","Fibroblasts","F11r","Jam3","age30m-age3m",1,-0.00126806078503777,"EndothelialCells"
"Myocytes","Leukocytes","F11r","F11r","age30m-age3m",1,-0.00126806078503777,"EndothelialCells"
"Myocytes","Leukocytes","F11r","Itgb2","age30m-age3m",1,-0.00126806078503777,"EndothelialCells"
"Myocytes","Leukocytes","F11r","Itgal","age30m-age3m",1,-0.00126806078503777,"EndothelialCells"
"Leukocytes","Myocytes","F11r","F11r","age30m-age3m",1,-0.00126806078503777,"EndothelialCells"
"EndothelialCells","Fibroblasts","F11r","F11r","age30m-age3m",1,-0.00126806078503777,"EndothelialCells"
"Myocytes","Leukocytes","F11r","Jam2","age30m-age3m",1,-0.00126806078503777,"EndothelialCells"
"Fibroblasts","EndothelialCells","F11r","F11r","age30m-age3m",1,-0.00126806078503777,"EndothelialCells"
"Fibroblasts","Fibroblasts","F11r","Jam2","age30m-age3m",1,-0.00126806078503777,"EndothelialCells"
"Myocytes","Myocytes","F11r","F11r","age30m-age3m",1,-0.00126806078503777,"EndothelialCells"
"Fibroblasts","Leukocytes","F11r","F11r","age30m-age3m",1,-0.00126806078503777,"EndothelialCells"
"Fibroblasts","Leukocytes","F11r","Itgb2","age30m-age3m",1,-0.00126806078503777,"EndothelialCells"
"Leukocytes","Fibroblasts","F11r","F11r","age30m-age3m",1,-0.00126806078503777,"EndothelialCells"
"Fibroblasts","Leukocytes","F11r","Itgal","age30m-age3m",1,-0.00126806078503777,"EndothelialCells"
"EndothelialCells","EndothelialCells","F11r","Itgb2","age30m-age3m",1,-0.00126806078503777,"EndothelialCells"
"Fibroblasts","Leukocytes","F11r","Jam2","age30m-age3m",1,-0.00126806078503777,"EndothelialCells"
"EndothelialCells","Myocytes","F11r","Jam3","age30m-age3m",1,-0.00126806078503777,"EndothelialCells"
"Myocytes","Fibroblasts","F11r","F11r","age30m-age3m",1,-0.00126806078503777,"EndothelialCells"
"Fibroblasts","Myocytes","F11r","F11r","age30m-age3m",1,-0.00126806078503777,"EndothelialCells"
"Leukocytes","EndothelialCells","F11r","Itgb2","age30m-age3m",1,-0.00126806078503777,"EndothelialCells"
"Leukocytes","Myocytes","F11r","Jam3","age30m-age3m",1,-0.00126806078503777,"EndothelialCells"
"EndothelialCells","Myocytes","F11r","Jam2","age30m-age3m",1,-0.00126806078503777,"EndothelialCells"
"Myocytes","EndothelialCells","F11r","Itgb2","age30m-age3m",1,-0.00126806078503777,"EndothelialCells"
"Fibroblasts","Fibroblasts","F11r","F11r","age30m-age3m",1,-0.00126806078503777,"EndothelialCells"
"Myocytes","Myocytes","F11r","Jam3","age30m-age3m",1,-0.00126806078503777,"EndothelialCells"
"Leukocytes","Myocytes","F11r","Jam2","age30m-age3m",1,-0.00126806078503777,"EndothelialCells"
"Myocytes","Myocytes","F11r","Jam2","age30m-age3m",1,-0.00126806078503777,"EndothelialCells"
"Fibroblasts","EndothelialCells","F11r","Itgb2","age30m-age3m",1,-0.00126806078503777,"EndothelialCells"
"Fibroblasts","Myocytes","F11r","Jam3","age30m-age3m",1,-0.00126806078503777,"EndothelialCells"
"Fibroblasts","Myocytes","F11r","Jam2","age30m-age3m",1,-0.00126806078503777,"EndothelialCells"
"EndothelialCells","EndothelialCells","Mcam","Tmem132a","age30m-age3m",1,-0.00127024857046072,"EndothelialCells"
"EndothelialCells","Fibroblasts","Mcam","Tmem132a","age30m-age3m",1,-0.00127024857046072,"EndothelialCells"
"Fibroblasts","EndothelialCells","Mcam","Tmem132a","age30m-age3m",1,-0.00127024857046072,"EndothelialCells"
"Myocytes","Fibroblasts","Mcam","Tmem132a","age30m-age3m",1,-0.00127024857046072,"EndothelialCells"
"Fibroblasts","Fibroblasts","Wnt9a","Fzd1","age30m-age3m",1,-0.00128900500869536,"Fibroblasts"
"Fibroblasts","Fibroblasts","Wnt9a","Fzd2","age30m-age3m",1,-0.00128900500869536,"Fibroblasts"
"Fibroblasts","Fibroblasts","Wnt9a","Lrp6","age30m-age3m",1,-0.00128900500869536,"Fibroblasts"
"Fibroblasts","Fibroblasts","Wnt9a","Fzd8","age30m-age3m",1,-0.00128900500869536,"Fibroblasts"
"Fibroblasts","Fibroblasts","Wnt9a","Fzd7","age30m-age3m",1,-0.00128900500869536,"Fibroblasts"
"Fibroblasts","EndothelialCells","Wnt9a","Lrp5","age30m-age3m",1,-0.00128900500869536,"Fibroblasts"
"Fibroblasts","Leukocytes","Wnt9a","Lrp6","age30m-age3m",1,-0.00128900500869536,"Fibroblasts"
"Fibroblasts","Fibroblasts","Wnt9a","Lrp5","age30m-age3m",1,-0.00128900500869536,"Fibroblasts"
"Fibroblasts","EndothelialCells","Wnt9a","Fzd6","age30m-age3m",1,-0.00128900500869536,"Fibroblasts"
"Fibroblasts","Fibroblasts","Wnt9a","Fzd4","age30m-age3m",1,-0.00128900500869536,"Fibroblasts"
"Fibroblasts","EndothelialCells","Wnt9a","Fzd8","age30m-age3m",1,-0.00128900500869536,"Fibroblasts"
"Fibroblasts","EndothelialCells","Wnt9a","Fzd4","age30m-age3m",1,-0.00128900500869536,"Fibroblasts"
"Fibroblasts","EndothelialCells","Wnt9a","Lrp6","age30m-age3m",1,-0.00128900500869536,"Fibroblasts"
"Fibroblasts","Leukocytes","Wnt9a","Fzd7","age30m-age3m",1,-0.00128900500869536,"Fibroblasts"
"Fibroblasts","Leukocytes","Wnt9a","Fzd6","age30m-age3m",1,-0.00128900500869536,"Fibroblasts"
"Fibroblasts","Fibroblasts","Wnt9a","Fzd3","age30m-age3m",1,-0.00128900500869536,"Fibroblasts"
"Fibroblasts","Leukocytes","Wnt9a","Lrp5","age30m-age3m",1,-0.00128900500869536,"Fibroblasts"
"Fibroblasts","Myocytes","Wnt9a","Lrp6","age30m-age3m",1,-0.00128900500869536,"Fibroblasts"
"Fibroblasts","Fibroblasts","Rspo1","Lrp6","age30m-age3m",1,-0.00129803898062525,"Fibroblasts"
"Fibroblasts","Fibroblasts","Rspo1","Fzd8","age30m-age3m",1,-0.00129803898062525,"Fibroblasts"
"Fibroblasts","Leukocytes","Rspo1","Lrp6","age30m-age3m",1,-0.00129803898062525,"Fibroblasts"
"Fibroblasts","EndothelialCells","Rspo1","Fzd8","age30m-age3m",1,-0.00129803898062525,"Fibroblasts"
"Fibroblasts","Fibroblasts","Rspo1","Lgr4","age30m-age3m",1,-0.00129803898062525,"Fibroblasts"
"Fibroblasts","EndothelialCells","Rspo1","Lrp6","age30m-age3m",1,-0.00129803898062525,"Fibroblasts"
"Fibroblasts","Leukocytes","Rspo1","Lgr4","age30m-age3m",1,-0.00129803898062525,"Fibroblasts"
"Fibroblasts","Myocytes","Rspo1","Lrp6","age30m-age3m",1,-0.00129803898062525,"Fibroblasts"
"Fibroblasts","Fibroblasts","Sfrp1","Fzd2","age30m-age3m",1,-0.00129928402391596,"Fibroblasts"
"Fibroblasts","EndothelialCells","Sfrp1","Fzd6","age30m-age3m",1,-0.00129928402391596,"Fibroblasts"
"Leukocytes","Fibroblasts","Sfrp1","Fzd2","age30m-age3m",1,-0.00129928402391596,"Fibroblasts"
"Myocytes","Fibroblasts","Sfrp1","Fzd2","age30m-age3m",1,-0.00129928402391596,"Fibroblasts"
"Fibroblasts","Leukocytes","Sfrp1","Fzd6","age30m-age3m",1,-0.00129928402391596,"Fibroblasts"
"Leukocytes","EndothelialCells","Sfrp1","Fzd6","age30m-age3m",1,-0.00129928402391596,"Fibroblasts"
"Myocytes","EndothelialCells","Sfrp1","Fzd6","age30m-age3m",1,-0.00129928402391596,"Fibroblasts"
"Leukocytes","Leukocytes","Sfrp1","Fzd6","age30m-age3m",1,-0.00129928402391596,"Fibroblasts"
"Fibroblasts","Fibroblasts","Wnt11","Lrp6","age30m-age3m",1,-0.00133074314487361,"Fibroblasts"
"Fibroblasts","Fibroblasts","Wnt11","Fzd8","age30m-age3m",1,-0.00133074314487361,"Fibroblasts"
"Fibroblasts","Fibroblasts","Wnt11","Fzd7","age30m-age3m",1,-0.00133074314487361,"Fibroblasts"
"Fibroblasts","Leukocytes","Wnt11","Lrp6","age30m-age3m",1,-0.00133074314487361,"Fibroblasts"
"Fibroblasts","EndothelialCells","Wnt11","Fzd6","age30m-age3m",1,-0.00133074314487361,"Fibroblasts"
"Fibroblasts","EndothelialCells","Wnt11","Fzd8","age30m-age3m",1,-0.00133074314487361,"Fibroblasts"
"Fibroblasts","EndothelialCells","Wnt11","Lrp6","age30m-age3m",1,-0.00133074314487361,"Fibroblasts"
"Fibroblasts","Leukocytes","Wnt11","Fzd7","age30m-age3m",1,-0.00133074314487361,"Fibroblasts"
"Fibroblasts","Leukocytes","Wnt11","Fzd6","age30m-age3m",1,-0.00133074314487361,"Fibroblasts"
"Fibroblasts","Fibroblasts","Wnt11","Fzd3","age30m-age3m",1,-0.00133074314487361,"Fibroblasts"
"Fibroblasts","Myocytes","Wnt11","Lrp6","age30m-age3m",1,-0.00133074314487361,"Fibroblasts"
"EndothelialCells","Fibroblasts","Mfge8","Pdgfrb","age30m-age3m",1,-0.0013425899737837,"Fibroblasts"
"EndothelialCells","Fibroblasts","Mfge8","Itgav","age30m-age3m",1,-0.0013425899737837,"Fibroblasts"
"EndothelialCells","Fibroblasts","Mfge8","Itgb5","age30m-age3m",1,-0.0013425899737837,"Fibroblasts"
"Fibroblasts","Fibroblasts","Mfge8","Pdgfrb","age30m-age3m",1,-0.0013425899737837,"Fibroblasts"
"EndothelialCells","Leukocytes","Mfge8","Itgav","age30m-age3m",1,-0.0013425899737837,"Fibroblasts"
"Fibroblasts","Fibroblasts","Mfge8","Itgav","age30m-age3m",1,-0.0013425899737837,"Fibroblasts"
"Leukocytes","Fibroblasts","Mfge8","Pdgfrb","age30m-age3m",1,-0.0013425899737837,"Fibroblasts"
"Fibroblasts","Fibroblasts","Mfge8","Itgb5","age30m-age3m",1,-0.0013425899737837,"Fibroblasts"
"EndothelialCells","Leukocytes","Mfge8","Itgb3","age30m-age3m",1,-0.0013425899737837,"Fibroblasts"
"EndothelialCells","Leukocytes","Mfge8","Itgb5","age30m-age3m",1,-0.0013425899737837,"Fibroblasts"
"Leukocytes","Fibroblasts","Mfge8","Itgav","age30m-age3m",1,-0.0013425899737837,"Fibroblasts"
"Leukocytes","Fibroblasts","Mfge8","Itgb5","age30m-age3m",1,-0.0013425899737837,"Fibroblasts"
"Fibroblasts","Leukocytes","Mfge8","Itgav","age30m-age3m",1,-0.0013425899737837,"Fibroblasts"
"EndothelialCells","EndothelialCells","Mfge8","Itgav","age30m-age3m",1,-0.0013425899737837,"Fibroblasts"
"Leukocytes","Leukocytes","Mfge8","Itgav","age30m-age3m",1,-0.0013425899737837,"Fibroblasts"
"EndothelialCells","Fibroblasts","Mfge8","Itgb3","age30m-age3m",1,-0.0013425899737837,"Fibroblasts"
"Fibroblasts","Leukocytes","Mfge8","Itgb3","age30m-age3m",1,-0.0013425899737837,"Fibroblasts"
"Fibroblasts","Leukocytes","Mfge8","Itgb5","age30m-age3m",1,-0.0013425899737837,"Fibroblasts"
"Leukocytes","Leukocytes","Mfge8","Itgb3","age30m-age3m",1,-0.0013425899737837,"Fibroblasts"
"Leukocytes","Leukocytes","Mfge8","Itgb5","age30m-age3m",1,-0.0013425899737837,"Fibroblasts"
"Fibroblasts","EndothelialCells","Mfge8","Itgav","age30m-age3m",1,-0.0013425899737837,"Fibroblasts"
"EndothelialCells","EndothelialCells","Mfge8","Itgb5","age30m-age3m",1,-0.0013425899737837,"Fibroblasts"
"Leukocytes","EndothelialCells","Mfge8","Itgav","age30m-age3m",1,-0.0013425899737837,"Fibroblasts"
"Fibroblasts","Fibroblasts","Mfge8","Itgb3","age30m-age3m",1,-0.0013425899737837,"Fibroblasts"
"Leukocytes","Fibroblasts","Mfge8","Itgb3","age30m-age3m",1,-0.0013425899737837,"Fibroblasts"
"Fibroblasts","EndothelialCells","Mfge8","Itgb5","age30m-age3m",1,-0.0013425899737837,"Fibroblasts"
"Leukocytes","EndothelialCells","Mfge8","Itgb5","age30m-age3m",1,-0.0013425899737837,"Fibroblasts"
"Myocytes","Fibroblasts","Mfge8","Pdgfrb","age30m-age3m",1,-0.0013425899737837,"Fibroblasts"
"EndothelialCells","Myocytes","Mfge8","Itgb5","age30m-age3m",1,-0.0013425899737837,"Fibroblasts"
"Myocytes","Fibroblasts","Mfge8","Itgav","age30m-age3m",1,-0.0013425899737837,"Fibroblasts"
"Myocytes","Fibroblasts","Mfge8","Itgb5","age30m-age3m",1,-0.0013425899737837,"Fibroblasts"
"Myocytes","Fibroblasts","Mfge8","Itgb3","age30m-age3m",1,-0.0013425899737837,"Fibroblasts"
"Myocytes","Leukocytes","Mfge8","Itgav","age30m-age3m",1,-0.0013425899737837,"Fibroblasts"
"Fibroblasts","Myocytes","Mfge8","Itgb5","age30m-age3m",1,-0.0013425899737837,"Fibroblasts"
"Leukocytes","Myocytes","Mfge8","Itgb5","age30m-age3m",1,-0.0013425899737837,"Fibroblasts"
"Myocytes","Leukocytes","Mfge8","Itgb5","age30m-age3m",1,-0.0013425899737837,"Fibroblasts"
"Myocytes","EndothelialCells","Mfge8","Itgav","age30m-age3m",1,-0.0013425899737837,"Fibroblasts"
"Myocytes","EndothelialCells","Mfge8","Itgb5","age30m-age3m",1,-0.0013425899737837,"Fibroblasts"
"Myocytes","Myocytes","Mfge8","Itgb5","age30m-age3m",1,-0.0013425899737837,"Fibroblasts"
"EndothelialCells","EndothelialCells","Ptdss1","Jmjd6","age30m-age3m",1,-0.00137644962715779,"Fibroblasts"
"Fibroblasts","EndothelialCells","Ptdss1","Jmjd6","age30m-age3m",1,-0.00137644962715779,"Fibroblasts"
"Leukocytes","EndothelialCells","Ptdss1","Jmjd6","age30m-age3m",1,-0.00137644962715779,"Fibroblasts"
"EndothelialCells","Leukocytes","Ptdss1","Scarb1","age30m-age3m",1,-0.00137644962715779,"Fibroblasts"
"Fibroblasts","Leukocytes","Ptdss1","Scarb1","age30m-age3m",1,-0.00137644962715779,"Fibroblasts"
"EndothelialCells","EndothelialCells","Ptdss1","Scarb1","age30m-age3m",1,-0.00137644962715779,"Fibroblasts"
"Fibroblasts","EndothelialCells","Ptdss1","Scarb1","age30m-age3m",1,-0.00137644962715779,"Fibroblasts"
"Leukocytes","Leukocytes","Ptdss1","Scarb1","age30m-age3m",1,-0.00137644962715779,"Fibroblasts"
"EndothelialCells","Leukocytes","Ptdss1","Jmjd6","age30m-age3m",1,-0.00137644962715779,"Fibroblasts"
"Fibroblasts","Leukocytes","Ptdss1","Jmjd6","age30m-age3m",1,-0.00137644962715779,"Fibroblasts"
"Leukocytes","EndothelialCells","Ptdss1","Scarb1","age30m-age3m",1,-0.00137644962715779,"Fibroblasts"
"EndothelialCells","Fibroblasts","Ptdss1","Jmjd6","age30m-age3m",1,-0.00137644962715779,"Fibroblasts"
"Fibroblasts","Fibroblasts","Ptdss1","Jmjd6","age30m-age3m",1,-0.00137644962715779,"Fibroblasts"
"Leukocytes","Leukocytes","Ptdss1","Jmjd6","age30m-age3m",1,-0.00137644962715779,"Fibroblasts"
"Leukocytes","Fibroblasts","Ptdss1","Jmjd6","age30m-age3m",1,-0.00137644962715779,"Fibroblasts"
"EndothelialCells","Myocytes","Ptdss1","Jmjd6","age30m-age3m",1,-0.00137644962715779,"Fibroblasts"
"Fibroblasts","Myocytes","Ptdss1","Jmjd6","age30m-age3m",1,-0.00137644962715779,"Fibroblasts"
"Leukocytes","Myocytes","Ptdss1","Jmjd6","age30m-age3m",1,-0.00137644962715779,"Fibroblasts"
"Myocytes","EndothelialCells","Ptdss1","Jmjd6","age30m-age3m",1,-0.00137644962715779,"Fibroblasts"
"Myocytes","Leukocytes","Ptdss1","Scarb1","age30m-age3m",1,-0.00137644962715779,"Fibroblasts"
"Myocytes","EndothelialCells","Ptdss1","Scarb1","age30m-age3m",1,-0.00137644962715779,"Fibroblasts"
"Myocytes","Leukocytes","Ptdss1","Jmjd6","age30m-age3m",1,-0.00137644962715779,"Fibroblasts"
"Myocytes","Fibroblasts","Ptdss1","Jmjd6","age30m-age3m",1,-0.00137644962715779,"Fibroblasts"
"Myocytes","Myocytes","Ptdss1","Jmjd6","age30m-age3m",1,-0.00137644962715779,"Fibroblasts"
"Fibroblasts","Fibroblasts","Lamc1","Itgav","age30m-age3m",1,-0.00141559763555801,"Fibroblasts"
"Fibroblasts","Leukocytes","Lamc1","Itgav","age30m-age3m",1,-0.00141559763555801,"Fibroblasts"
"Fibroblasts","EndothelialCells","Lamc1","Itga1","age30m-age3m",1,-0.00141559763555801,"Fibroblasts"
"Fibroblasts","EndothelialCells","Lamc1","Itga6","age30m-age3m",1,-0.00141559763555801,"Fibroblasts"
"Fibroblasts","EndothelialCells","Lamc1","Itgb1","age30m-age3m",1,-0.00141559763555801,"Fibroblasts"
"Fibroblasts","Fibroblasts","Lamc1","Itga1","age30m-age3m",1,-0.00141559763555801,"Fibroblasts"
"Fibroblasts","EndothelialCells","Lamc1","Itgav","age30m-age3m",1,-0.00141559763555801,"Fibroblasts"
"EndothelialCells","Fibroblasts","Lamc1","Itgav","age30m-age3m",1,-0.00141559763555801,"Fibroblasts"
"Fibroblasts","Leukocytes","Lamc1","Itgb1","age30m-age3m",1,-0.00141559763555801,"Fibroblasts"
"Fibroblasts","Leukocytes","Lamc1","Itgb4","age30m-age3m",1,-0.00141559763555801,"Fibroblasts"
"Leukocytes","Fibroblasts","Lamc1","Itgav","age30m-age3m",1,-0.00141559763555801,"Fibroblasts"
"Fibroblasts","Myocytes","Lamc1","Itga7","age30m-age3m",1,-0.00141559763555801,"Fibroblasts"
"Fibroblasts","Fibroblasts","Lamc1","Itgb1","age30m-age3m",1,-0.00141559763555801,"Fibroblasts"
"EndothelialCells","Leukocytes","Lamc1","Itgav","age30m-age3m",1,-0.00141559763555801,"Fibroblasts"
"EndothelialCells","EndothelialCells","Lamc1","Itga1","age30m-age3m",1,-0.00141559763555801,"Fibroblasts"
"EndothelialCells","EndothelialCells","Lamc1","Itga6","age30m-age3m",1,-0.00141559763555801,"Fibroblasts"
"Leukocytes","Leukocytes","Lamc1","Itgav","age30m-age3m",1,-0.00141559763555801,"Fibroblasts"
"Myocytes","Fibroblasts","Lamc1","Itgav","age30m-age3m",1,-0.00141559763555801,"Fibroblasts"
"EndothelialCells","EndothelialCells","Lamc1","Itgb1","age30m-age3m",1,-0.00141559763555801,"Fibroblasts"
"Leukocytes","EndothelialCells","Lamc1","Itga1","age30m-age3m",1,-0.00141559763555801,"Fibroblasts"
"Leukocytes","EndothelialCells","Lamc1","Itga6","age30m-age3m",1,-0.00141559763555801,"Fibroblasts"
"EndothelialCells","Fibroblasts","Lamc1","Itga1","age30m-age3m",1,-0.00141559763555801,"Fibroblasts"
"EndothelialCells","EndothelialCells","Lamc1","Itgav","age30m-age3m",1,-0.00141559763555801,"Fibroblasts"
"Leukocytes","EndothelialCells","Lamc1","Itgb1","age30m-age3m",1,-0.00141559763555801,"Fibroblasts"
"Myocytes","Leukocytes","Lamc1","Itgav","age30m-age3m",1,-0.00141559763555801,"Fibroblasts"
"Fibroblasts","Myocytes","Lamc1","Itgb1","age30m-age3m",1,-0.00141559763555801,"Fibroblasts"
"Leukocytes","Fibroblasts","Lamc1","Itga1","age30m-age3m",1,-0.00141559763555801,"Fibroblasts"
"Leukocytes","EndothelialCells","Lamc1","Itgav","age30m-age3m",1,-0.00141559763555801,"Fibroblasts"
"Myocytes","EndothelialCells","Lamc1","Itga1","age30m-age3m",1,-0.00141559763555801,"Fibroblasts"
"Myocytes","EndothelialCells","Lamc1","Itga6","age30m-age3m",1,-0.00141559763555801,"Fibroblasts"
"Fibroblasts","Myocytes","Lamc1","Itga6","age30m-age3m",1,-0.00141559763555801,"Fibroblasts"
"EndothelialCells","Leukocytes","Lamc1","Itgb1","age30m-age3m",1,-0.00141559763555801,"Fibroblasts"
"Myocytes","EndothelialCells","Lamc1","Itgb1","age30m-age3m",1,-0.00141559763555801,"Fibroblasts"
"EndothelialCells","Leukocytes","Lamc1","Itgb4","age30m-age3m",1,-0.00141559763555801,"Fibroblasts"
"Myocytes","Fibroblasts","Lamc1","Itga1","age30m-age3m",1,-0.00141559763555801,"Fibroblasts"
"Myocytes","EndothelialCells","Lamc1","Itgav","age30m-age3m",1,-0.00141559763555801,"Fibroblasts"
"EndothelialCells","Myocytes","Lamc1","Itga7","age30m-age3m",1,-0.00141559763555801,"Fibroblasts"
"EndothelialCells","Fibroblasts","Lamc1","Itgb1","age30m-age3m",1,-0.00141559763555801,"Fibroblasts"
"Leukocytes","Leukocytes","Lamc1","Itgb1","age30m-age3m",1,-0.00141559763555801,"Fibroblasts"
"Leukocytes","Leukocytes","Lamc1","Itgb4","age30m-age3m",1,-0.00141559763555801,"Fibroblasts"
"Leukocytes","Myocytes","Lamc1","Itga7","age30m-age3m",1,-0.00141559763555801,"Fibroblasts"
"Leukocytes","Fibroblasts","Lamc1","Itgb1","age30m-age3m",1,-0.00141559763555801,"Fibroblasts"
"Myocytes","Leukocytes","Lamc1","Itgb1","age30m-age3m",1,-0.00141559763555801,"Fibroblasts"
"Myocytes","Leukocytes","Lamc1","Itgb4","age30m-age3m",1,-0.00141559763555801,"Fibroblasts"
"Myocytes","Myocytes","Lamc1","Itga7","age30m-age3m",1,-0.00141559763555801,"Fibroblasts"
"Myocytes","Fibroblasts","Lamc1","Itgb1","age30m-age3m",1,-0.00141559763555801,"Fibroblasts"
"EndothelialCells","Myocytes","Lamc1","Itgb1","age30m-age3m",1,-0.00141559763555801,"Fibroblasts"
"EndothelialCells","Myocytes","Lamc1","Itga6","age30m-age3m",1,-0.00141559763555801,"Fibroblasts"
"Leukocytes","Myocytes","Lamc1","Itgb1","age30m-age3m",1,-0.00141559763555801,"Fibroblasts"
"Leukocytes","Myocytes","Lamc1","Itga6","age30m-age3m",1,-0.00141559763555801,"Fibroblasts"
"Myocytes","Myocytes","Lamc1","Itgb1","age30m-age3m",1,-0.00141559763555801,"Fibroblasts"
"Myocytes","Myocytes","Lamc1","Itga6","age30m-age3m",1,-0.00141559763555801,"Fibroblasts"
"Fibroblasts","Myocytes","Pam","Fxyd1","age30m-age3m",1,-0.00141749241519895,"Fibroblasts"
"Myocytes","Myocytes","Pam","Fxyd1","age30m-age3m",1,-0.00141749241519895,"Fibroblasts"
"Fibroblasts","Fibroblasts","Pam","Fxyd1","age30m-age3m",1,-0.00141749241519895,"Fibroblasts"
"Myocytes","Fibroblasts","Pam","Fxyd1","age30m-age3m",1,-0.00141749241519895,"Fibroblasts"
"Fibroblasts","Fibroblasts","Pam","Fap","age30m-age3m",1,-0.00141749241519895,"Fibroblasts"
"Myocytes","Fibroblasts","Pam","Fap","age30m-age3m",1,-0.00141749241519895,"Fibroblasts"
"Fibroblasts","Fibroblasts","Pam","Dpp4","age30m-age3m",1,-0.00141749241519895,"Fibroblasts"
"Myocytes","Fibroblasts","Pam","Dpp4","age30m-age3m",1,-0.00141749241519895,"Fibroblasts"
"Fibroblasts","Leukocytes","Pam","Fxyd1","age30m-age3m",1,-0.00141749241519895,"Fibroblasts"
"Myocytes","Leukocytes","Pam","Fxyd1","age30m-age3m",1,-0.00141749241519895,"Fibroblasts"
"Leukocytes","Myocytes","Pam","Fxyd1","age30m-age3m",1,-0.00141749241519895,"Fibroblasts"
"EndothelialCells","Myocytes","Pam","Fxyd1","age30m-age3m",1,-0.00141749241519895,"Fibroblasts"
"Leukocytes","Fibroblasts","Pam","Fxyd1","age30m-age3m",1,-0.00141749241519895,"Fibroblasts"
"Leukocytes","Fibroblasts","Pam","Fap","age30m-age3m",1,-0.00141749241519895,"Fibroblasts"
"EndothelialCells","Fibroblasts","Pam","Fxyd1","age30m-age3m",1,-0.00141749241519895,"Fibroblasts"
"EndothelialCells","Fibroblasts","Pam","Fap","age30m-age3m",1,-0.00141749241519895,"Fibroblasts"
"Leukocytes","Fibroblasts","Pam","Dpp4","age30m-age3m",1,-0.00141749241519895,"Fibroblasts"
"EndothelialCells","Fibroblasts","Pam","Dpp4","age30m-age3m",1,-0.00141749241519895,"Fibroblasts"
"Fibroblasts","Leukocytes","Pam","Dpp4","age30m-age3m",1,-0.00141749241519895,"Fibroblasts"
"Myocytes","Leukocytes","Pam","Dpp4","age30m-age3m",1,-0.00141749241519895,"Fibroblasts"
"Leukocytes","Leukocytes","Pam","Fxyd1","age30m-age3m",1,-0.00141749241519895,"Fibroblasts"
"EndothelialCells","Leukocytes","Pam","Fxyd1","age30m-age3m",1,-0.00141749241519895,"Fibroblasts"
"Leukocytes","Leukocytes","Pam","Dpp4","age30m-age3m",1,-0.00141749241519895,"Fibroblasts"
"EndothelialCells","Leukocytes","Pam","Dpp4","age30m-age3m",1,-0.00141749241519895,"Fibroblasts"
"Fibroblasts","Leukocytes","Prg4","Tlr2","age30m-age3m",1,NA,NA
"Fibroblasts","Leukocytes","Cfh","Cfb","age30m-age3m",1,NA,NA
"Fibroblasts","Fibroblasts","Cfh","Cfb","age30m-age3m",1,NA,NA
"Leukocytes","EndothelialCells","Il10","Il10rb","age30m-age3m",1,NA,NA
"Fibroblasts","Leukocytes","Cxcl14","Cxcr4","age30m-age3m",1,NA,NA
"EndothelialCells","Leukocytes","Rtn4","S1pr2","age30m-age3m",1,NA,NA
"Fibroblasts","Leukocytes","Hp","Cd163","age30m-age3m",1,NA,NA
"Fibroblasts","Fibroblasts","Hp","Tlr4","age30m-age3m",1,NA,NA
"Leukocytes","Leukocytes","Hp","Cd163","age30m-age3m",1,NA,NA
"Leukocytes","Fibroblasts","Hp","Tlr4","age30m-age3m",1,NA,NA
"Fibroblasts","Fibroblasts","Kirrel","Kirrel","age30m-age3m",1,NA,NA
"Leukocytes","Leukocytes","Rtn4","S1pr2","age30m-age3m",1,NA,NA
"Fibroblasts","Leukocytes","Rtn4","S1pr2","age30m-age3m",1,NA,NA
"Leukocytes","Leukocytes","Ccl9","Fpr2","age30m-age3m",1,NA,NA
"Fibroblasts","Fibroblasts","Gdf6","Bmpr1a","age30m-age3m",1,NA,NA
"Fibroblasts","Fibroblasts","Il33","Il1rap","age30m-age3m",1,NA,NA
"Fibroblasts","Leukocytes","Tnfsf13b","Tnfrsf17","age30m-age3m",1,NA,NA
"Myocytes","Fibroblasts","Nrtn","Gfra1","age30m-age3m",1,NA,NA
"Fibroblasts","Fibroblasts","Prg4","Tlr4","age30m-age3m",1,NA,NA
"Fibroblasts","Leukocytes","Prg4","Tlr4","age30m-age3m",1,NA,NA
"Fibroblasts","EndothelialCells","Prg4","Tlr4","age30m-age3m",1,NA,NA
"Fibroblasts","Leukocytes","Hp","Tlr4","age30m-age3m",1,NA,NA
"Leukocytes","Leukocytes","Hp","Tlr4","age30m-age3m",1,NA,NA
"Fibroblasts","Leukocytes","Il34","Csf1r","age30m-age3m",1,NA,NA
"Fibroblasts","EndothelialCells","Hp","Tlr4","age30m-age3m",1,NA,NA
"Fibroblasts","Fibroblasts","Fgf10","Fgfr1","age30m-age3m",1,NA,NA
"Fibroblasts","EndothelialCells","Il6","Il6st","age30m-age3m",1,NA,NA
"Leukocytes","EndothelialCells","Hp","Tlr4","age30m-age3m",1,NA,NA
"Leukocytes","Leukocytes","Ccl6","Fpr2","age30m-age3m",1,NA,NA
"Myocytes","Fibroblasts","Aimp1","Ntrk1","age30m-age3m",1,NA,NA
"Fibroblasts","Fibroblasts","Negr1","Negr1","age30m-age3m",1,NA,NA
"Leukocytes","Leukocytes","Ccl9","Ccr1","age30m-age3m",1,NA,NA
"Leukocytes","Leukocytes","Cfh","Cfb","age30m-age3m",1,NA,NA
"Leukocytes","Fibroblasts","Cfh","Cfb","age30m-age3m",1,NA,NA
"EndothelialCells","Leukocytes","Cd59a","Stab1","age30m-age3m",1,NA,NA
"Myocytes","Fibroblasts","Nrtn","Ret","age30m-age3m",1,NA,NA
"Fibroblasts","Fibroblasts","Lsamp","Negr1","age30m-age3m",1,NA,NA
"Fibroblasts","Leukocytes","Csf1","Csf1r","age30m-age3m",1,NA,NA
"Fibroblasts","Leukocytes","Fgf10","Fgfr1","age30m-age3m",1,NA,NA
"Leukocytes","Leukocytes","Cd209b","Ceacam1","age30m-age3m",1,NA,NA
"Fibroblasts","Leukocytes","Csf1","Sirpa","age30m-age3m",1,NA,NA
"Leukocytes","Leukocytes","Ccl6","Ccr1","age30m-age3m",1,NA,NA
"Myocytes","Fibroblasts","Apoo","Il1rapl1","age30m-age3m",1,NA,NA
"Leukocytes","EndothelialCells","Slpi","Plscr4","age30m-age3m",1,NA,NA
"Fibroblasts","EndothelialCells","Cfh","Cfb","age30m-age3m",1,NA,NA
"Fibroblasts","Leukocytes","Negr1","Tnfrsf17","age30m-age3m",1,NA,NA
"Fibroblasts","Fibroblasts","Fgf10","Fgfrl1","age30m-age3m",1,NA,NA
"Fibroblasts","Leukocytes","Apod","Lepr","age30m-age3m",1,NA,NA
"Leukocytes","Leukocytes","Il10","Il10rb","age30m-age3m",1,NA,NA
"Myocytes","Leukocytes","Hebp1","Fpr2","age30m-age3m",1,NA,NA
"Leukocytes","Leukocytes","Ceacam1","Cd209b","age30m-age3m",1,NA,NA
"Fibroblasts","Fibroblasts","Wnt5b","Fzd1","age30m-age3m",1,NA,NA
"Fibroblasts","Fibroblasts","Il6","Il6st","age30m-age3m",1,NA,NA
"Fibroblasts","Leukocytes","Csf1","Csf2ra","age30m-age3m",1,NA,NA
"Fibroblasts","Leukocytes","Hp","Itgam","age30m-age3m",1,NA,NA
"Leukocytes","Leukocytes","Hp","Itgam","age30m-age3m",1,NA,NA
"Leukocytes","Leukocytes","Ccl7","Ccr1","age30m-age3m",1,NA,NA
"Leukocytes","Leukocytes","Cd209d","Ceacam1","age30m-age3m",1,NA,NA
"EndothelialCells","Fibroblasts","Rtn4","S1pr2","age30m-age3m",1,NA,NA
"Fibroblasts","Fibroblasts","Wnt5b","Fzd2","age30m-age3m",1,NA,NA
"Leukocytes","EndothelialCells","Cd209b","Ceacam1","age30m-age3m",1,NA,NA
"Leukocytes","Leukocytes","Ccl7","Ccr5","age30m-age3m",1,NA,NA
"EndothelialCells","Leukocytes","Csf1","Csf1r","age30m-age3m",1,NA,NA
"Leukocytes","Leukocytes","Lcn2","Fcgr2b","age30m-age3m",1,NA,NA
"Fibroblasts","EndothelialCells","Itga9","Vcam1","age30m-age3m",1,NA,NA
"Leukocytes","Fibroblasts","Rtn4","S1pr2","age30m-age3m",1,NA,NA
"Fibroblasts","Fibroblasts","Adamts3","Ccbe1","age30m-age3m",1,NA,NA
"Leukocytes","Fibroblasts","Il10","Il10rb","age30m-age3m",1,NA,NA
"EndothelialCells","Leukocytes","Clu","Trem2","age30m-age3m",1,NA,NA
"Leukocytes","Leukocytes","Ccl3","Ccr1","age30m-age3m",1,NA,NA
"Fibroblasts","Leukocytes","Il33","Il1rap","age30m-age3m",1,NA,NA
"Fibroblasts","Fibroblasts","Wnt5b","Lrp6","age30m-age3m",1,NA,NA
"Leukocytes","Myocytes","Lilra5","Cntfr","age30m-age3m",1,NA,NA
"Fibroblasts","EndothelialCells","Fgf10","Fgfr3","age30m-age3m",1,NA,NA
"EndothelialCells","Leukocytes","Csf1","Sirpa","age30m-age3m",1,NA,NA
"Fibroblasts","Fibroblasts","Rtn4","S1pr2","age30m-age3m",1,NA,NA
"Fibroblasts","EndothelialCells","Wnt5b","Lrp5","age30m-age3m",1,NA,NA
"Leukocytes","Fibroblasts","S100a4","Egfr","age30m-age3m",1,NA,NA
"Fibroblasts","Leukocytes","Itga9","Vcam1","age30m-age3m",1,NA,NA
"Leukocytes","Leukocytes","Ccl3","Ccr5","age30m-age3m",1,NA,NA
"Leukocytes","Leukocytes","Ceacam1","Cd209d","age30m-age3m",1,NA,NA
"Fibroblasts","Leukocytes","Ccl7","Ccr1","age30m-age3m",1,NA,NA
"Leukocytes","Leukocytes","Pltp","Abca1","age30m-age3m",1,NA,NA
"Leukocytes","Fibroblasts","Gdf15","Ret","age30m-age3m",1,NA,NA
"Fibroblasts","EndothelialCells","Sct","Pth1r","age30m-age3m",1,NA,NA
"Fibroblasts","Fibroblasts","Sct","Adcyap1r1","age30m-age3m",1,NA,NA
"Fibroblasts","Fibroblasts","Efemp1","Egfr","age30m-age3m",1,NA,NA
"Fibroblasts","Fibroblasts","Wnt5b","Fzd8","age30m-age3m",1,NA,NA
"Leukocytes","Leukocytes","S100a4","Ccr5","age30m-age3m",1,NA,NA
"Fibroblasts","Leukocytes","Ccl7","Ccr5","age30m-age3m",1,NA,NA
"Leukocytes","Leukocytes","Lcn2","Fcgr3","age30m-age3m",1,NA,NA
"Fibroblasts","Leukocytes","Ccl11","Ccr5","age30m-age3m",1,NA,NA
"Fibroblasts","Fibroblasts","Wnt5b","Fzd7","age30m-age3m",1,NA,NA
"Leukocytes","Fibroblasts","S100a4","Erbb2","age30m-age3m",1,NA,NA
"Fibroblasts","Leukocytes","Hp","Itgb2","age30m-age3m",1,NA,NA
"Leukocytes","EndothelialCells","Itga9","Vcam1","age30m-age3m",1,NA,NA
"Leukocytes","Leukocytes","Ccl2","Ccr1","age30m-age3m",1,NA,NA
"Leukocytes","Leukocytes","Ccl8","Ccr1","age30m-age3m",1,NA,NA
"Fibroblasts","Leukocytes","Cfh","Itgam","age30m-age3m",1,NA,NA
"EndothelialCells","Leukocytes","Podxl","Sell","age30m-age3m",1,NA,NA
"Leukocytes","Leukocytes","Hp","Itgb2","age30m-age3m",1,NA,NA
"Leukocytes","Leukocytes","Rps19","C5ar1","age30m-age3m",1,NA,NA
"Leukocytes","EndothelialCells","Cd300lf","Flt1","age30m-age3m",1,NA,NA
"Leukocytes","Leukocytes","Ccl4","Ccr1","age30m-age3m",1,NA,NA
"EndothelialCells","Leukocytes","Cd200","Cd200r4","age30m-age3m",1,NA,NA
"Leukocytes","Leukocytes","Tnfsf13b","Tnfrsf17","age30m-age3m",1,NA,NA
"Fibroblasts","EndothelialCells","Gdf6","Bmpr2","age30m-age3m",1,NA,NA
"Leukocytes","EndothelialCells","Cd209d","Ceacam1","age30m-age3m",1,NA,NA
"EndothelialCells","Leukocytes","Rps19","C5ar1","age30m-age3m",1,NA,NA
"Fibroblasts","Leukocytes","Cfh","Sell","age30m-age3m",1,NA,NA
"Myocytes","Leukocytes","Cd59a","Stab1","age30m-age3m",1,NA,NA
"Myocytes","EndothelialCells","Efna2","Epha4","age30m-age3m",1,NA,NA
"Leukocytes","Leukocytes","Ccl2","Ccr5","age30m-age3m",1,NA,NA
"Leukocytes","Leukocytes","Ccl8","Ccr5","age30m-age3m",1,NA,NA
"Fibroblasts","Fibroblasts","Apod","Lepr","age30m-age3m",1,NA,NA
"Leukocytes","Leukocytes","Ccl12","Ccr1","age30m-age3m",1,NA,NA
"EndothelialCells","Leukocytes","Lin7c","Abca1","age30m-age3m",1,NA,NA
"EndothelialCells","Leukocytes","Ceacam1","Cd209b","age30m-age3m",1,NA,NA
"Leukocytes","Leukocytes","Ccl4","Ccr5","age30m-age3m",1,NA,NA
"EndothelialCells","Leukocytes","Csf1","Csf2ra","age30m-age3m",1,NA,NA
"Fibroblasts","Leukocytes","Angptl7","Gm14548","age30m-age3m",1,NA,NA
"Leukocytes","Leukocytes","Itga9","Vcam1","age30m-age3m",1,NA,NA
"Leukocytes","Leukocytes","F10","Itgam","age30m-age3m",1,NA,NA
"Fibroblasts","Leukocytes","Rps19","C5ar1","age30m-age3m",1,NA,NA
"Leukocytes","Leukocytes","Gm9733","Cd47","age30m-age3m",1,NA,NA
"Leukocytes","Leukocytes","Ccl12","Ccr5","age30m-age3m",1,NA,NA
"Fibroblasts","Fibroblasts","Sct","Vipr2","age30m-age3m",1,NA,NA
"Fibroblasts","Fibroblasts","Dkk3","Kremen1","age30m-age3m",1,NA,NA
"Leukocytes","EndothelialCells","Cfh","Cfb","age30m-age3m",1,NA,NA
"Leukocytes","Fibroblasts","F10","F3","age30m-age3m",1,NA,NA
"Leukocytes","Leukocytes","Lin7c","Abca1","age30m-age3m",1,NA,NA
"Fibroblasts","Fibroblasts","Bdnf","Ntrk2","age30m-age3m",1,NA,NA
"Leukocytes","Fibroblasts","Slpi","Plscr4","age30m-age3m",1,NA,NA
"Leukocytes","Fibroblasts","Lrch4","Cadm3","age30m-age3m",1,NA,NA
"Myocytes","Leukocytes","Cfh","Cfb","age30m-age3m",1,NA,NA
"Leukocytes","Fibroblasts","Fgf9","Fgfr1","age30m-age3m",1,NA,NA
"Leukocytes","Leukocytes","Tyrobp","Trem1","age30m-age3m",1,NA,NA
"Myocytes","Fibroblasts","Cfh","Cfb","age30m-age3m",1,NA,NA
"Fibroblasts","Leukocytes","Fbln2","Itgb3","age30m-age3m",1,NA,NA
"Fibroblasts","Fibroblasts","Wfikkn2","Igdcc4","age30m-age3m",1,NA,NA
"Fibroblasts","Leukocytes","Prg4","Cd44","age30m-age3m",1,NA,NA
"Fibroblasts","EndothelialCells","Lamc2","Cd151","age30m-age3m",1,NA,NA
"Fibroblasts","Leukocytes","Cadm3","Lrch4","age30m-age3m",1,NA,NA
"Fibroblasts","Fibroblasts","Ccl11","Dpp4","age30m-age3m",1,NA,NA
"Fibroblasts","Fibroblasts","Cdh2","Cdon","age30m-age3m",1,NA,NA
"Leukocytes","Leukocytes","Gm5150","Cd47","age30m-age3m",1,NA,NA
"Leukocytes","EndothelialCells","Sell","Podxl","age30m-age3m",1,NA,NA
"Leukocytes","EndothelialCells","Fgf9","Fgfr3","age30m-age3m",1,NA,NA
"Fibroblasts","Fibroblasts","Igsf3","Ptgfrn","age30m-age3m",1,NA,NA
"Myocytes","Fibroblasts","Gzmb","Igf2r","age30m-age3m",1,NA,NA
"Leukocytes","Leukocytes","Thy1","Itgb3","age30m-age3m",1,NA,NA
"EndothelialCells","Leukocytes","Ceacam1","Cd209d","age30m-age3m",1,NA,NA
"Fibroblasts","EndothelialCells","Gdf6","Acvr2a","age30m-age3m",1,NA,NA
"EndothelialCells","Leukocytes","Bst2","Lilra5","age30m-age3m",1,NA,NA
"EndothelialCells","Leukocytes","Itgb1","Vcam1","age30m-age3m",1,NA,NA
"Leukocytes","Leukocytes","Lyz1","Itgal","age30m-age3m",1,NA,NA
"Leukocytes","Fibroblasts","Itm2b","Ror2","age30m-age3m",1,NA,NA
"Fibroblasts","Fibroblasts","Cxcl1","Dpp4","age30m-age3m",1,NA,NA
"Leukocytes","Leukocytes","Bst2","Lilra5","age30m-age3m",1,NA,NA
"Fibroblasts","Leukocytes","Ccl2","Ccr1","age30m-age3m",1,NA,NA
"Leukocytes","EndothelialCells","Pltp","Abca1","age30m-age3m",1,NA,NA
"Fibroblasts","EndothelialCells","Wnt5b","Fzd6","age30m-age3m",1,NA,NA
"Fibroblasts","Leukocytes","Lin7c","Abca1","age30m-age3m",1,NA,NA
"Fibroblasts","Fibroblasts","S100a4","Egfr","age30m-age3m",1,NA,NA
"Leukocytes","Leukocytes","Hebp1","Fpr2","age30m-age3m",1,NA,NA
"Fibroblasts","Leukocytes","Csf1","Csf3r","age30m-age3m",1,NA,NA
"Fibroblasts","Fibroblasts","Fbln2","Itgb3","age30m-age3m",1,NA,NA
"EndothelialCells","Leukocytes","Icam2","Itgam","age30m-age3m",1,NA,NA
"Leukocytes","Fibroblasts","Prss2","F2r","age30m-age3m",1,NA,NA
"EndothelialCells","EndothelialCells","Lin7c","Abca1","age30m-age3m",1,NA,NA
"Leukocytes","Leukocytes","Ccl7","Ccr2","age30m-age3m",1,NA,NA
"Fibroblasts","Leukocytes","Ccl2","Ccr5","age30m-age3m",1,NA,NA
"Fibroblasts","Leukocytes","Bst2","Lilra5","age30m-age3m",1,NA,NA
"Fibroblasts","Fibroblasts","Itga9","Vcam1","age30m-age3m",1,NA,NA
"EndothelialCells","Leukocytes","Cd59a","Siglec1","age30m-age3m",1,NA,NA
"Fibroblasts","Leukocytes","S100a4","Ccr5","age30m-age3m",1,NA,NA
"Fibroblasts","Fibroblasts","Gdf6","Bmpr2","age30m-age3m",1,NA,NA
"Leukocytes","Leukocytes","F10","Itgb2","age30m-age3m",1,NA,NA
"Fibroblasts","Leukocytes","Ccl9","Fpr2","age30m-age3m",1,NA,NA
"EndothelialCells","Leukocytes","Traf2","Tnfrsf1b","age30m-age3m",1,NA,NA
"EndothelialCells","Fibroblasts","Traf2","Tnfrsf1b","age30m-age3m",1,NA,NA
"Leukocytes","EndothelialCells","Lin7c","Abca1","age30m-age3m",1,NA,NA
"EndothelialCells","Fibroblasts","Itm2b","Ror2","age30m-age3m",1,NA,NA
"Fibroblasts","EndothelialCells","Lgi4","Adam23","age30m-age3m",1,NA,NA
"Fibroblasts","Fibroblasts","Bdnf","Erbb2","age30m-age3m",1,NA,NA
"Fibroblasts","Fibroblasts","Il18","Il1rapl1","age30m-age3m",1,NA,NA
"Leukocytes","Fibroblasts","Thy1","Itgav","age30m-age3m",1,NA,NA
"Leukocytes","Leukocytes","Traf2","Tnfrsf1b","age30m-age3m",1,NA,NA
"Fibroblasts","Fibroblasts","S100a4","Erbb2","age30m-age3m",1,NA,NA
"Leukocytes","Fibroblasts","Traf2","Tnfrsf1b","age30m-age3m",1,NA,NA
"Fibroblasts","Fibroblasts","Wnt5b","Lrp5","age30m-age3m",1,NA,NA
"Fibroblasts","EndothelialCells","Gdf6","Acvr2b","age30m-age3m",1,NA,NA
"Fibroblasts","Fibroblasts","Sct","Adrb3","age30m-age3m",1,NA,NA
"Leukocytes","Leukocytes","Lilra5","Lair1","age30m-age3m",1,NA,NA
"Fibroblasts","Fibroblasts","Csf1","Sirpa","age30m-age3m",1,NA,NA
"EndothelialCells","Fibroblasts","Serpina1e","Lrp1","age30m-age3m",1,NA,NA
"Fibroblasts","Leukocytes","Angptl7","Lilra5","age30m-age3m",1,NA,NA
"Leukocytes","Leukocytes","Slpi","Plscr4","age30m-age3m",1,NA,NA
"Fibroblasts","Leukocytes","Sct","Gpr84","age30m-age3m",1,NA,NA
"Fibroblasts","Leukocytes","Wnt5b","Lrp6","age30m-age3m",1,NA,NA
"Fibroblasts","Leukocytes","Lcn2","Fcgr2b","age30m-age3m",1,NA,NA
"Leukocytes","Leukocytes","Fgf9","Fgfr1","age30m-age3m",1,NA,NA
"Fibroblasts","Leukocytes","Traf2","Tnfrsf1b","age30m-age3m",1,NA,NA
"Leukocytes","Leukocytes","Il10","Il10ra","age30m-age3m",1,NA,NA
"Fibroblasts","Fibroblasts","Traf2","Tnfrsf1b","age30m-age3m",1,NA,NA
"Myocytes","Leukocytes","Ccl6","Fpr2","age30m-age3m",1,NA,NA
"Myocytes","Leukocytes","Tyrobp","Trem1","age30m-age3m",1,NA,NA
"Fibroblasts","Leukocytes","Bdnf","Sort1","age30m-age3m",1,NA,NA
"Fibroblasts","Leukocytes","Il6","Il6st","age30m-age3m",1,NA,NA
"Fibroblasts","EndothelialCells","Sct","Ramp3","age30m-age3m",1,NA,NA
"Fibroblasts","Leukocytes","Ccl7","Ccr2","age30m-age3m",1,NA,NA
"Fibroblasts","Fibroblasts","Gdf6","Acvr2b","age30m-age3m",1,NA,NA
"Leukocytes","EndothelialCells","Prss2","F2r","age30m-age3m",1,NA,NA
"Fibroblasts","Leukocytes","Il6","Il6ra","age30m-age3m",1,NA,NA
"Fibroblasts","Fibroblasts","Lamc2","Itga9","age30m-age3m",1,NA,NA
"EndothelialCells","Leukocytes","Fbln2","Itgb3","age30m-age3m",1,NA,NA
"Fibroblasts","Leukocytes","Ccl11","Ccr2","age30m-age3m",1,NA,NA
"EndothelialCells","EndothelialCells","Itgb1","Vcam1","age30m-age3m",1,NA,NA
"Myocytes","EndothelialCells","Lamc2","Cd151","age30m-age3m",1,NA,NA
"EndothelialCells","Leukocytes","Ccl5","Sdc1","age30m-age3m",1,NA,NA
"Fibroblasts","EndothelialCells","Wnt5b","Fzd8","age30m-age3m",1,NA,NA
"Leukocytes","Leukocytes","Cfh","Itgam","age30m-age3m",1,NA,NA
"Leukocytes","Fibroblasts","Itga9","Vcam1","age30m-age3m",1,NA,NA
"EndothelialCells","Leukocytes","Ccl9","Fpr2","age30m-age3m",1,NA,NA
"Fibroblasts","Fibroblasts","Cadm3","Cadm3","age30m-age3m",1,NA,NA
"Leukocytes","EndothelialCells","Cd209b","Ceacam2","age30m-age3m",1,NA,NA
"Leukocytes","Fibroblasts","Ceacam1","Egfr","age30m-age3m",1,NA,NA
"Leukocytes","Fibroblasts","Flrt3","Unc5b","age30m-age3m",1,NA,NA
"Fibroblasts","EndothelialCells","Lin7c","Abca1","age30m-age3m",1,NA,NA
"Leukocytes","Leukocytes","Cd209a","Ceacam1","age30m-age3m",1,NA,NA
"Leukocytes","Leukocytes","Cfh","Sell","age30m-age3m",1,NA,NA
"Leukocytes","Leukocytes","Podxl","Sell","age30m-age3m",1,NA,NA
"Fibroblasts","Leukocytes","Ccl9","Ccr1","age30m-age3m",1,NA,NA
"Fibroblasts","Leukocytes","Cd34","Sell","age30m-age3m",1,NA,NA
"Fibroblasts","Fibroblasts","Cthrc1","Ror2","age30m-age3m",1,NA,NA
"EndothelialCells","Leukocytes","Icam2","Itgb2","age30m-age3m",1,NA,NA
"Leukocytes","Leukocytes","Ccl2","Ccr2","age30m-age3m",1,NA,NA
"Leukocytes","Leukocytes","Ccl8","Ccr2","age30m-age3m",1,NA,NA
"EndothelialCells","Leukocytes","Rarres1","Nrp2","age30m-age3m",1,NA,NA
"EndothelialCells","Fibroblasts","Serpina1b","Lrp1","age30m-age3m",1,NA,NA
"Leukocytes","Myocytes","Lilra6","Cntfr","age30m-age3m",1,NA,NA
"Myocytes","Fibroblasts","Nrtn","Gfra2","age30m-age3m",1,NA,NA
"Fibroblasts","Leukocytes","Lcn2","Fcgr3","age30m-age3m",1,NA,NA
"Leukocytes","Fibroblasts","L1cam","Plxna1","age30m-age3m",1,NA,NA
"Fibroblasts","Fibroblasts","Prg4","Cd44","age30m-age3m",1,NA,NA
"Leukocytes","EndothelialCells","Il6","Il6st","age30m-age3m",1,NA,NA
"Fibroblasts","Leukocytes","Clu","Trem2","age30m-age3m",1,NA,NA
"Leukocytes","Leukocytes","Pglyrp1","Trem1","age30m-age3m",1,NA,NA
"Leukocytes","Fibroblasts","Try4","F2r","age30m-age3m",1,NA,NA
"Fibroblasts","Leukocytes","Has1","Cd44","age30m-age3m",1,NA,NA
"Leukocytes","Fibroblasts","L1cam","Itga5","age30m-age3m",1,NA,NA
"Leukocytes","Leukocytes","Sell","Podxl","age30m-age3m",1,NA,NA
"Myocytes","Leukocytes","Gzmb","Mcl1","age30m-age3m",1,NA,NA
"Leukocytes","Leukocytes","Ccl12","Ccr2","age30m-age3m",1,NA,NA
"EndothelialCells","Fibroblasts","Fbln2","Itgb3","age30m-age3m",1,NA,NA
"Fibroblasts","Fibroblasts","Cadm3","Pear1","age30m-age3m",1,NA,NA
"Leukocytes","EndothelialCells","Cd80","Cd274","age30m-age3m",1,NA,NA
"Leukocytes","Fibroblasts","Il18","Il1rapl1","age30m-age3m",1,NA,NA
"EndothelialCells","Leukocytes","Csf1","Csf3r","age30m-age3m",1,NA,NA
"EndothelialCells","Leukocytes","Ccl5","Ccr1","age30m-age3m",1,NA,NA
"EndothelialCells","Fibroblasts","Prss2","F2r","age30m-age3m",1,NA,NA
"Myocytes","Leukocytes","Ccl6","Ccr1","age30m-age3m",1,NA,NA
"Leukocytes","Fibroblasts","Gdf15","Erbb2","age30m-age3m",1,NA,NA
"Leukocytes","Leukocytes","Itga4","Vcam1","age30m-age3m",1,NA,NA
"Fibroblasts","Fibroblasts","Cdh2","Cdh2","age30m-age3m",1,NA,NA
"Leukocytes","EndothelialCells","Itga4","Vcam1","age30m-age3m",1,NA,NA
"Fibroblasts","EndothelialCells","Sct","Ramp2","age30m-age3m",1,NA,NA
"Leukocytes","Leukocytes","L1cam","Itgb3","age30m-age3m",1,NA,NA
"Fibroblasts","Leukocytes","Lamc2","Itga9","age30m-age3m",1,NA,NA
"Fibroblasts","Leukocytes","Igsf10","Cd200r4","age30m-age3m",1,NA,NA
"Fibroblasts","Fibroblasts","Il11","Il6st","age30m-age3m",1,NA,NA
"EndothelialCells","Leukocytes","Ccl5","Ccr5","age30m-age3m",1,NA,NA
"EndothelialCells","Leukocytes","Icam2","Itgal","age30m-age3m",1,NA,NA
"Fibroblasts","Fibroblasts","Prg4","Tlr2","age30m-age3m",1,NA,NA
"EndothelialCells","Leukocytes","Ccl9","Ccr1","age30m-age3m",1,NA,NA
"Fibroblasts","Leukocytes","Nucb2","Erap1","age30m-age3m",1,NA,NA
"Leukocytes","Leukocytes","Timd4","Siglece","age30m-age3m",1,NA,NA
"Leukocytes","Fibroblasts","L1cam","Fgfr1","age30m-age3m",1,NA,NA
"Fibroblasts","Fibroblasts","Fap","Npr2","age30m-age3m",1,NA,NA
"Fibroblasts","Leukocytes","Ccl6","Fpr2","age30m-age3m",1,NA,NA
"Fibroblasts","Leukocytes","Hebp1","Fpr2","age30m-age3m",1,NA,NA
"Fibroblasts","Fibroblasts","Itm2b","Ror2","age30m-age3m",1,NA,NA
"Leukocytes","Leukocytes","Icam2","Itgam","age30m-age3m",1,NA,NA
"EndothelialCells","Leukocytes","Cd34","Sell","age30m-age3m",1,NA,NA
"Leukocytes","Leukocytes","Ceacam1","Cd209a","age30m-age3m",1,NA,NA
"EndothelialCells","Leukocytes","Kitl","Epor","age30m-age3m",1,NA,NA
"Fibroblasts","Leukocytes","Ccl5","Sdc1","age30m-age3m",1,NA,NA
"EndothelialCells","Leukocytes","Nucb2","Erap1","age30m-age3m",1,NA,NA
"Leukocytes","EndothelialCells","Flrt3","Unc5b","age30m-age3m",1,NA,NA
"Leukocytes","Fibroblasts","Reln","Vldlr","age30m-age3m",1,NA,NA
"Fibroblasts","Fibroblasts","Has1","Cd44","age30m-age3m",1,NA,NA
"EndothelialCells","Fibroblasts","Cxcl9","Dpp4","age30m-age3m",1,NA,NA
"Leukocytes","Fibroblasts","L1cam","Itgav","age30m-age3m",1,NA,NA
"EndothelialCells","Fibroblasts","Csf1","Sirpa","age30m-age3m",1,NA,NA
"Fibroblasts","Fibroblasts","Has2","Erbb2","age30m-age3m",1,NA,NA
"EndothelialCells","Fibroblasts","Itgb1","Vcam1","age30m-age3m",1,NA,NA
"Fibroblasts","EndothelialCells","Fgf10","Fgfr1","age30m-age3m",1,NA,NA
"Fibroblasts","Fibroblasts","Csf1","Csf1r","age30m-age3m",1,NA,NA
"Fibroblasts","Fibroblasts","Lamc2","Cd151","age30m-age3m",1,NA,NA
"Leukocytes","EndothelialCells","Cd209d","Ceacam2","age30m-age3m",1,NA,NA
"Leukocytes","Fibroblasts","Cxcl1","Dpp4","age30m-age3m",1,NA,NA
"Leukocytes","Fibroblasts","Gm9733","Cd47","age30m-age3m",1,NA,NA
"Leukocytes","Leukocytes","Nucb2","Erap1","age30m-age3m",1,NA,NA
"EndothelialCells","Leukocytes","Prg4","Tlr2","age30m-age3m",1,NA,NA
"EndothelialCells","Leukocytes","Ceacam2","Cd209b","age30m-age3m",1,NA,NA
"EndothelialCells","Fibroblasts","Ptprk","Egfr","age30m-age3m",1,NA,NA
"Myocytes","Fibroblasts","Lamc2","Itga9","age30m-age3m",1,NA,NA
"Leukocytes","EndothelialCells","Cd209a","Ceacam1","age30m-age3m",1,NA,NA
"Fibroblasts","Leukocytes","Vtn","Itgb3","age30m-age3m",1,NA,NA
"Fibroblasts","Fibroblasts","Ret","Gfra1","age30m-age3m",1,NA,NA
"EndothelialCells","EndothelialCells","Prss2","F2r","age30m-age3m",1,NA,NA
"Fibroblasts","Leukocytes","Pltp","Abca1","age30m-age3m",1,NA,NA
"Fibroblasts","EndothelialCells","Efna2","Epha4","age30m-age3m",1,NA,NA
"Fibroblasts","Leukocytes","Lamc2","Cd151","age30m-age3m",1,NA,NA
"Fibroblasts","EndothelialCells","Cadm3","Pear1","age30m-age3m",1,NA,NA
"EndothelialCells","Leukocytes","Btnl9","Il6ra","age30m-age3m",1,NA,NA
"EndothelialCells","Leukocytes","Il18bp","Il6ra","age30m-age3m",1,NA,NA
"Fibroblasts","Leukocytes","Ccl2","Ccr2","age30m-age3m",1,NA,NA
"EndothelialCells","Leukocytes","Ccl6","Fpr2","age30m-age3m",1,NA,NA
"Leukocytes","Fibroblasts","Gm9733","Ptprd","age30m-age3m",1,NA,NA
"Myocytes","EndothelialCells","Cfh","Cfb","age30m-age3m",1,NA,NA
"Myocytes","EndothelialCells","Efna2","Epha2","age30m-age3m",1,NA,NA
"Fibroblasts","Fibroblasts","Il11","Il11ra1","age30m-age3m",1,NA,NA
"Fibroblasts","Leukocytes","Sct","Ramp2","age30m-age3m",1,NA,NA
"Fibroblasts","Leukocytes","Ccl5","Ccr1","age30m-age3m",1,NA,NA
"Fibroblasts","Leukocytes","Ccl8","Ccr1","age30m-age3m",1,NA,NA
"Fibroblasts","EndothelialCells","Lamc2","Itga6","age30m-age3m",1,NA,NA
"Fibroblasts","EndothelialCells","Pthlh","Pth1r","age30m-age3m",1,NA,NA
"Fibroblasts","EndothelialCells","Has2","Ezr","age30m-age3m",1,NA,NA
"Fibroblasts","Leukocytes","Hp","Asgr2","age30m-age3m",1,NA,NA
"EndothelialCells","Fibroblasts","Ceacam1","Egfr","age30m-age3m",1,NA,NA
"Fibroblasts","Leukocytes","Igsf10","Slamf9","age30m-age3m",1,NA,NA
"Fibroblasts","EndothelialCells","H2-Q10","Aplp2","age30m-age3m",1,NA,NA
"Fibroblasts","EndothelialCells","Igsf3","Ptgfrn","age30m-age3m",1,NA,NA
"Leukocytes","Leukocytes","Hp","Asgr2","age30m-age3m",1,NA,NA
"Leukocytes","Fibroblasts","Gm5150","Cd47","age30m-age3m",1,NA,NA
"Fibroblasts","Leukocytes","Has2","Ezr","age30m-age3m",1,NA,NA
"EndothelialCells","Fibroblasts","Adam23","Itga5","age30m-age3m",1,NA,NA
"Fibroblasts","Leukocytes","Ccl6","Ccr1","age30m-age3m",1,NA,NA
"EndothelialCells","Fibroblasts","Lin7c","Abca1","age30m-age3m",1,NA,NA
"Fibroblasts","Fibroblasts","Atp1b1","Negr1","age30m-age3m",1,NA,NA
"Fibroblasts","Leukocytes","Ccl5","Ccr5","age30m-age3m",1,NA,NA
"Fibroblasts","Leukocytes","Ccl8","Ccr5","age30m-age3m",1,NA,NA
"Leukocytes","Leukocytes","Ccl24","Ccr2","age30m-age3m",1,NA,NA
"Leukocytes","Leukocytes","L1cam","L1cam","age30m-age3m",1,NA,NA
"Myocytes","Leukocytes","Cd59a","Siglec1","age30m-age3m",1,NA,NA
"Leukocytes","Leukocytes","Thy1","Itgav","age30m-age3m",1,NA,NA
"EndothelialCells","EndothelialCells","Cd59a","Stab1","age30m-age3m",1,NA,NA
"EndothelialCells","Leukocytes","Ccl5","Sdc4","age30m-age3m",1,NA,NA
"Leukocytes","EndothelialCells","Gm9733","Cd47","age30m-age3m",1,NA,NA
"Fibroblasts","Leukocytes","Cytl1","Ccr2","age30m-age3m",1,NA,NA
"Fibroblasts","Fibroblasts","Has2","Ezr","age30m-age3m",1,NA,NA
"Leukocytes","Leukocytes","Tnfsf14","Ltbr","age30m-age3m",1,NA,NA
"Leukocytes","Leukocytes","Prss2","F2rl1","age30m-age3m",1,NA,NA
"Fibroblasts","Fibroblasts","Rspo3","Lrp6","age30m-age3m",1,NA,NA
"Leukocytes","Fibroblasts","Gm5150","Ptprd","age30m-age3m",1,NA,NA
"Leukocytes","Leukocytes","Ceacam1","Havcr2","age30m-age3m",1,NA,NA
"EndothelialCells","Leukocytes","Serpina1e","Lrp1","age30m-age3m",1,NA,NA
"Leukocytes","Fibroblasts","Lin7c","Abca1","age30m-age3m",1,NA,NA
"Myocytes","Fibroblasts","Cdh2","Cdon","age30m-age3m",1,NA,NA
"EndothelialCells","Fibroblasts","Aimp1","Ntrk1","age30m-age3m",1,NA,NA
"Leukocytes","EndothelialCells","L1cam","Nrp1","age30m-age3m",1,NA,NA
"Fibroblasts","Leukocytes","Has2","Cd44","age30m-age3m",1,NA,NA
"Leukocytes","Fibroblasts","Il6","Il6st","age30m-age3m",1,NA,NA
"Fibroblasts","Myocytes","Ptgfrn","Sgcg","age30m-age3m",1,NA,NA
"Myocytes","Leukocytes","Lamc2","Itga9","age30m-age3m",1,NA,NA
"Fibroblasts","Fibroblasts","Fap","Dpp4","age30m-age3m",1,NA,NA
"EndothelialCells","Leukocytes","Ceacam2","Cd209d","age30m-age3m",1,NA,NA
"Fibroblasts","Fibroblasts","Vtn","Itga5","age30m-age3m",1,NA,NA
"Leukocytes","Fibroblasts","Abca1","Megf10","age30m-age3m",1,NA,NA
"Leukocytes","Fibroblasts","Pltp","Abca1","age30m-age3m",1,NA,NA
"EndothelialCells","Leukocytes","Pltp","Abca1","age30m-age3m",1,NA,NA
"Fibroblasts","Leukocytes","Reck","Mmp9","age30m-age3m",1,NA,NA
"Leukocytes","Leukocytes","Icam2","Itgb2","age30m-age3m",1,NA,NA
"Leukocytes","EndothelialCells","Try4","F2r","age30m-age3m",1,NA,NA
"Fibroblasts","Leukocytes","Vtn","Plaur","age30m-age3m",1,NA,NA
"Fibroblasts","Leukocytes","Il7","Il2rg","age30m-age3m",1,NA,NA
"Leukocytes","Leukocytes","Alox5ap","Alox5","age30m-age3m",1,NA,NA
"Fibroblasts","Fibroblasts","Lrig1","Egfr","age30m-age3m",1,NA,NA
"Fibroblasts","Fibroblasts","Il6","Il6ra","age30m-age3m",1,NA,NA
"EndothelialCells","Fibroblasts","Il18bp","Il6ra","age30m-age3m",1,NA,NA
"Fibroblasts","Fibroblasts","Rspo3","Fzd8","age30m-age3m",1,NA,NA
"Myocytes","Fibroblasts","Atp1b1","Negr1","age30m-age3m",1,NA,NA
"EndothelialCells","Leukocytes","Ccl6","Ccr1","age30m-age3m",1,NA,NA
"EndothelialCells","Leukocytes","Bst2","Lilra6","age30m-age3m",1,NA,NA
"Fibroblasts","Leukocytes","Lif","Lifr","age30m-age3m",1,NA,NA
"EndothelialCells","Leukocytes","Cd200","Cd200r1","age30m-age3m",1,NA,NA
"Leukocytes","Leukocytes","Bst2","Lilra6","age30m-age3m",1,NA,NA
"Fibroblasts","Fibroblasts","Sct","Ramp2","age30m-age3m",1,NA,NA
"Leukocytes","EndothelialCells","Gm5150","Cd47","age30m-age3m",1,NA,NA
"Leukocytes","Fibroblasts","Try5","F2r","age30m-age3m",1,NA,NA
"Fibroblasts","EndothelialCells","Wnt5b","Lrp6","age30m-age3m",1,NA,NA
"Fibroblasts","EndothelialCells","Il11","Il6st","age30m-age3m",1,NA,NA
"Leukocytes","Leukocytes","Fbln2","Itgb3","age30m-age3m",1,NA,NA
"Leukocytes","Fibroblasts","Itga4","Vcam1","age30m-age3m",1,NA,NA
"Fibroblasts","Fibroblasts","Cxcl16","Cxcr6","age30m-age3m",1,NA,NA
"Fibroblasts","Leukocytes","Megf10","Abca1","age30m-age3m",1,NA,NA
"Myocytes","Fibroblasts","Lamc2","Cd151","age30m-age3m",1,NA,NA
"Leukocytes","Fibroblasts","Aimp1","Ntrk1","age30m-age3m",1,NA,NA
"EndothelialCells","Leukocytes","Ceacam1","Cd209a","age30m-age3m",1,NA,NA
"Fibroblasts","Fibroblasts","Btc","Egfr","age30m-age3m",1,NA,NA
"Leukocytes","Fibroblasts","Cd79b","Kremen1","age30m-age3m",1,NA,NA
"Fibroblasts","Leukocytes","Tyrobp","Trem1","age30m-age3m",1,NA,NA
"Leukocytes","Leukocytes","L1cam","Fgfr1","age30m-age3m",1,NA,NA
"Fibroblasts","Leukocytes","Bst2","Lilra6","age30m-age3m",1,NA,NA
"EndothelialCells","Fibroblasts","Csf1","Csf1r","age30m-age3m",1,NA,NA
"Fibroblasts","Fibroblasts","Pthlh","Adcyap1r1","age30m-age3m",1,NA,NA
"Fibroblasts","EndothelialCells","Nucb2","Erap1","age30m-age3m",1,NA,NA
"Fibroblasts","EndothelialCells","Lamc2","Itgb1","age30m-age3m",1,NA,NA
"Myocytes","EndothelialCells","Gzmb","Igf2r","age30m-age3m",1,NA,NA
"Fibroblasts","Fibroblasts","Lrig1","Erbb2","age30m-age3m",1,NA,NA
"Fibroblasts","Leukocytes","Cib1","Itgb3","age30m-age3m",1,NA,NA
"Leukocytes","Myocytes","Thy1","Itgax","age30m-age3m",1,NA,NA
"Fibroblasts","Fibroblasts","Vtn","Itgav","age30m-age3m",1,NA,NA
"Leukocytes","Leukocytes","Thy1","Itgam","age30m-age3m",1,NA,NA
"EndothelialCells","Leukocytes","Serpina1b","Lrp1","age30m-age3m",1,NA,NA
"Fibroblasts","Fibroblasts","Il34","Csf1r","age30m-age3m",1,NA,NA
"Leukocytes","Leukocytes","Lyz2","Itgal","age30m-age3m",1,NA,NA
"Fibroblasts","Leukocytes","Igsf3","Ptgfrn","age30m-age3m",1,NA,NA
"EndothelialCells","Fibroblasts","Btnl9","Il6ra","age30m-age3m",1,NA,NA
"EndothelialCells","Leukocytes","Adam23","Itgb3","age30m-age3m",1,NA,NA
"Leukocytes","Leukocytes","Icam2","Itgal","age30m-age3m",1,NA,NA
"Leukocytes","EndothelialCells","Fgf9","Fgfr1","age30m-age3m",1,NA,NA
"Myocytes","Leukocytes","Lamc2","Cd151","age30m-age3m",1,NA,NA
"Fibroblasts","Fibroblasts","Lin7c","Abca1","age30m-age3m",1,NA,NA
"EndothelialCells","EndothelialCells","Nucb2","Erap1","age30m-age3m",1,NA,NA
"EndothelialCells","Fibroblasts","Adam12","Itga9","age30m-age3m",1,NA,NA
"EndothelialCells","Fibroblasts","Cmtm8","Egfr","age30m-age3m",1,NA,NA
"EndothelialCells","EndothelialCells","Rtn4","S1pr2","age30m-age3m",1,NA,NA
"Leukocytes","Leukocytes","Lilra6","Lair1","age30m-age3m",1,NA,NA
"Leukocytes","Fibroblasts","Lilra5","Cntfr","age30m-age3m",1,NA,NA
"EndothelialCells","Leukocytes","Hdc","Hrh1","age30m-age3m",1,NA,NA
"Fibroblasts","Fibroblasts","Vtn","Itgb5","age30m-age3m",1,NA,NA
"Fibroblasts","EndothelialCells","Il7","Il2rg","age30m-age3m",1,NA,NA
"EndothelialCells","EndothelialCells","Itga9","Vcam1","age30m-age3m",1,NA,NA
"EndothelialCells","Fibroblasts","Prg4","Tlr4","age30m-age3m",1,NA,NA
"EndothelialCells","Fibroblasts","Cxcl1","Dpp4","age30m-age3m",1,NA,NA
"EndothelialCells","EndothelialCells","Tnfsf10","Tnfrsf10b","age30m-age3m",1,NA,NA
"EndothelialCells","Leukocytes","Tyrobp","Trem1","age30m-age3m",1,NA,NA
"Leukocytes","Fibroblasts","Cd300lf","Flt1","age30m-age3m",1,NA,NA
"Fibroblasts","Leukocytes","Ccl5","Sdc4","age30m-age3m",1,NA,NA
"Fibroblasts","Fibroblasts","Lif","Il6st","age30m-age3m",1,NA,NA
"EndothelialCells","Leukocytes","Prg4","Tlr4","age30m-age3m",1,NA,NA
"Leukocytes","Leukocytes","Ly9","Tnfrsf17","age30m-age3m",1,NA,NA
"Leukocytes","EndothelialCells","Nucb2","Erap1","age30m-age3m",1,NA,NA
"Leukocytes","Fibroblasts","Cxcl16","Cxcr6","age30m-age3m",1,NA,NA
"Myocytes","EndothelialCells","Lamc2","Itga6","age30m-age3m",1,NA,NA
"EndothelialCells","EndothelialCells","Traf2","Tnfrsf1b","age30m-age3m",1,NA,NA
"Fibroblasts","EndothelialCells","Pltp","Abca1","age30m-age3m",1,NA,NA
"EndothelialCells","EndothelialCells","Prg4","Tlr4","age30m-age3m",1,NA,NA
"Fibroblasts","Fibroblasts","Btc","Erbb2","age30m-age3m",1,NA,NA
"EndothelialCells","EndothelialCells","H2-Q7","Aplp2","age30m-age3m",1,NA,NA
"Fibroblasts","Leukocytes","Angptl7","Lilra6","age30m-age3m",1,NA,NA
"EndothelialCells","Leukocytes","Hp","Cd163","age30m-age3m",1,NA,NA
"Leukocytes","Fibroblasts","Fbln2","Itgb3","age30m-age3m",1,NA,NA
"Leukocytes","EndothelialCells","Traf2","Tnfrsf1b","age30m-age3m",1,NA,NA
"Leukocytes","Leukocytes","Try4","F2rl1","age30m-age3m",1,NA,NA
"Fibroblasts","Leukocytes","H2-Q10","Aplp2","age30m-age3m",1,NA,NA
"EndothelialCells","Fibroblasts","Hp","Tlr4","age30m-age3m",1,NA,NA
"Leukocytes","Leukocytes","Spn","Siglec1","age30m-age3m",1,NA,NA
"Fibroblasts","Leukocytes","Cd59a","Stab1","age30m-age3m",1,NA,NA
"Fibroblasts","Leukocytes","Rspo3","Lrp6","age30m-age3m",1,NA,NA
"Leukocytes","EndothelialCells","Rtn4","S1pr2","age30m-age3m",1,NA,NA
"Fibroblasts","EndothelialCells","Lif","Il6st","age30m-age3m",1,NA,NA
"Leukocytes","Leukocytes","Ptprc","Mrc1","age30m-age3m",1,NA,NA
"Leukocytes","Fibroblasts","Il1a","Il1r1","age30m-age3m",1,NA,NA
"Leukocytes","Leukocytes","Sell","Selplg","age30m-age3m",1,NA,NA
"Leukocytes","Fibroblasts","Plau","Igf2r","age30m-age3m",1,NA,NA
"Leukocytes","Leukocytes","Cd82","Itgb2","age30m-age3m",1,NA,NA
"Fibroblasts","EndothelialCells","Vtn","Kdr","age30m-age3m",1,NA,NA
"Leukocytes","Leukocytes","Cxcl14","Cxcr4","age30m-age3m",1,NA,NA
"Myocytes","Leukocytes","Cfh","Itgam","age30m-age3m",1,NA,NA
"Fibroblasts","Fibroblasts","Has2","Cd44","age30m-age3m",1,NA,NA
"Fibroblasts","Fibroblasts","Thy1","Itgav","age30m-age3m",1,NA,NA
"EndothelialCells","Leukocytes","Itga9","Vcam1","age30m-age3m",1,NA,NA
"Leukocytes","Leukocytes","Selplg","Sell","age30m-age3m",1,NA,NA
"Fibroblasts","EndothelialCells","Sct","Adrb2","age30m-age3m",1,NA,NA
"Fibroblasts","EndothelialCells","Rtn4","S1pr2","age30m-age3m",1,NA,NA
"Leukocytes","Leukocytes","Cib1","Itgb3","age30m-age3m",1,NA,NA
"Fibroblasts","EndothelialCells","Traf2","Tnfrsf1b","age30m-age3m",1,NA,NA
"Leukocytes","Leukocytes","Flrt3","Unc5b","age30m-age3m",1,NA,NA
"Leukocytes","Leukocytes","L1cam","Itga5","age30m-age3m",1,NA,NA
"Myocytes","Leukocytes","Cfh","Sell","age30m-age3m",1,NA,NA
"Leukocytes","Fibroblasts","Plau","Lrp1","age30m-age3m",1,NA,NA
"EndothelialCells","Leukocytes","Prss2","F2rl1","age30m-age3m",1,NA,NA
"Fibroblasts","Leukocytes","Icam2","Itgam","age30m-age3m",1,NA,NA
"EndothelialCells","Leukocytes","Ceacam1","Havcr2","age30m-age3m",1,NA,NA
"Fibroblasts","EndothelialCells","Rspo3","Fzd8","age30m-age3m",1,NA,NA
"EndothelialCells","Fibroblasts","Sema3g","Plxna1","age30m-age3m",1,NA,NA
"Myocytes","Fibroblasts","Gzmb","Mcl1","age30m-age3m",1,NA,NA
"EndothelialCells","Leukocytes","Cxcl14","Cxcr4","age30m-age3m",1,NA,NA
"Myocytes","Leukocytes","Nrtn","Gfra2","age30m-age3m",1,NA,NA
"EndothelialCells","Fibroblasts","Ccl5","Sdc1","age30m-age3m",1,NA,NA
"Leukocytes","Leukocytes","L1cam","Itgav","age30m-age3m",1,NA,NA
"Fibroblasts","Leukocytes","Il18bp","Il6ra","age30m-age3m",1,NA,NA
"EndothelialCells","EndothelialCells","Pltp","Abca1","age30m-age3m",1,NA,NA
"Fibroblasts","Fibroblasts","H2-Q10","Erbb2","age30m-age3m",1,NA,NA
"EndothelialCells","Fibroblasts","Ccl5","Sdc4","age30m-age3m",1,NA,NA
"EndothelialCells","Leukocytes","Cd274","Cd80","age30m-age3m",1,NA,NA
"Leukocytes","Leukocytes","Itgb1","Vcam1","age30m-age3m",1,NA,NA
"Fibroblasts","EndothelialCells","Fap","Npr2","age30m-age3m",1,NA,NA
"Fibroblasts","Leukocytes","Pthlh","Gpr84","age30m-age3m",1,NA,NA
"Leukocytes","Leukocytes","L1cam","Plxna1","age30m-age3m",1,NA,NA
"Leukocytes","Leukocytes","Thy1","Itgb2","age30m-age3m",1,NA,NA
"Fibroblasts","Fibroblasts","Sct","Pth1r","age30m-age3m",1,NA,NA
"EndothelialCells","Fibroblasts","Apoo","Il1rapl1","age30m-age3m",1,NA,NA
"Leukocytes","Fibroblasts","Il33","Il1rap","age30m-age3m",1,NA,NA
"Leukocytes","Leukocytes","L1cam","Nrp1","age30m-age3m",1,NA,NA
"Fibroblasts","Leukocytes","Cadm3","Il2rg","age30m-age3m",1,NA,NA
"Leukocytes","Leukocytes","AU040320","Siglece","age30m-age3m",1,NA,NA
"EndothelialCells","Leukocytes","Hp","Tlr4","age30m-age3m",1,NA,NA
"Leukocytes","Fibroblasts","L1cam","Cd9","age30m-age3m",1,NA,NA
"Fibroblasts","Leukocytes","Cd82","Itgb2","age30m-age3m",1,NA,NA
"Leukocytes","Leukocytes","L1cam","Alcam","age30m-age3m",1,NA,NA
"Myocytes","EndothelialCells","Lamc2","Itgb1","age30m-age3m",1,NA,NA
"Myocytes","Fibroblasts","Cdh2","Cdh2","age30m-age3m",1,NA,NA
"Fibroblasts","Leukocytes","Vtn","Itga5","age30m-age3m",1,NA,NA
"EndothelialCells","EndothelialCells","Apln","Aplnr","age30m-age3m",1,NA,NA
"Fibroblasts","Leukocytes","Vtn","Kdr","age30m-age3m",1,NA,NA
"Fibroblasts","EndothelialCells","Pthlh","Ramp3","age30m-age3m",1,NA,NA
"Leukocytes","EndothelialCells","L1cam","Plxna1","age30m-age3m",1,NA,NA
"Leukocytes","Leukocytes","Plau","Plaur","age30m-age3m",1,NA,NA
"Fibroblasts","Leukocytes","Il33","Il1rl1","age30m-age3m",1,NA,NA
"Leukocytes","EndothelialCells","Try5","F2r","age30m-age3m",1,NA,NA
"Fibroblasts","Leukocytes","Ccl8","Ccr2","age30m-age3m",1,NA,NA
"EndothelialCells","EndothelialCells","Hp","Tlr4","age30m-age3m",1,NA,NA
"Leukocytes","EndothelialCells","Reln","Itgb1","age30m-age3m",1,NA,NA
"EndothelialCells","Leukocytes","Sema3g","Plxna4","age30m-age3m",1,NA,NA
"Leukocytes","Leukocytes","Ltb","Ltbr","age30m-age3m",1,NA,NA
"Fibroblasts","EndothelialCells","Cthrc1","Fzd6","age30m-age3m",1,NA,NA
"Fibroblasts","Leukocytes","S100b","Alcam","age30m-age3m",1,NA,NA
"Fibroblasts","EndothelialCells","Col12a1","Itga1","age30m-age3m",1,NA,NA
"Leukocytes","Leukocytes","Apod","Lepr","age30m-age3m",1,NA,NA
"Fibroblasts","Fibroblasts","Tctn1","Tctn3","age30m-age3m",1,NA,NA
"Fibroblasts","Fibroblasts","Csf1","Csf2ra","age30m-age3m",1,NA,NA
"Fibroblasts","Fibroblasts","Nucb2","Erap1","age30m-age3m",1,NA,NA
"Leukocytes","Leukocytes","Reln","Lrp8","age30m-age3m",1,NA,NA
"EndothelialCells","Fibroblasts","Abca1","Megf10","age30m-age3m",1,NA,NA
"EndothelialCells","EndothelialCells","Sema3g","Plxna4","age30m-age3m",1,NA,NA
"Fibroblasts","Leukocytes","Vtn","Itgav","age30m-age3m",1,NA,NA
"Fibroblasts","Leukocytes","Sct","Adrb2","age30m-age3m",1,NA,NA
"Fibroblasts","Fibroblasts","Nlgn3","Nrxn2","age30m-age3m",1,NA,NA
"Leukocytes","Leukocytes","Lilra6","Cd300e","age30m-age3m",1,NA,NA
"Myocytes","Fibroblasts","Wfikkn2","Igdcc4","age30m-age3m",1,NA,NA
"Myocytes","Fibroblasts","Icam4","Itgav","age30m-age3m",1,NA,NA
"EndothelialCells","Leukocytes","H2-Q7","Aplp2","age30m-age3m",1,NA,NA
"EndothelialCells","Fibroblasts","Nucb2","Erap1","age30m-age3m",1,NA,NA
"Leukocytes","Leukocytes","Cd82","Cd37","age30m-age3m",1,NA,NA
"Leukocytes","Leukocytes","Cd200","Cd200r4","age30m-age3m",1,NA,NA
"Fibroblasts","EndothelialCells","Fst","Bmpr2","age30m-age3m",1,NA,NA
"Leukocytes","Fibroblasts","Lcn2","Fcgr3","age30m-age3m",1,NA,NA
"Leukocytes","Leukocytes","Thy1","Itgax","age30m-age3m",1,NA,NA
"Fibroblasts","Fibroblasts","Il18bp","Il6ra","age30m-age3m",1,NA,NA
"Myocytes","EndothelialCells","Cd59a","Stab1","age30m-age3m",1,NA,NA
"Fibroblasts","EndothelialCells","Cadm3","Il2rg","age30m-age3m",1,NA,NA
"Fibroblasts","Leukocytes","Itgb1","Vcam1","age30m-age3m",1,NA,NA
"Fibroblasts","Myocytes","Il11","Il11ra1","age30m-age3m",1,NA,NA
"EndothelialCells","Leukocytes","Adam12","Itga9","age30m-age3m",1,NA,NA
"Fibroblasts","Fibroblasts","Aimp1","Ntrk1","age30m-age3m",1,NA,NA
"Leukocytes","Fibroblasts","St6gal1","Egfr","age30m-age3m",1,NA,NA
"Fibroblasts","Leukocytes","Icam2","Itgb2","age30m-age3m",1,NA,NA
"Leukocytes","Fibroblasts","Nucb2","Erap1","age30m-age3m",1,NA,NA
"Leukocytes","EndothelialCells","Cd209a","Ceacam2","age30m-age3m",1,NA,NA
"EndothelialCells","Fibroblasts","Cxcl16","Cxcr6","age30m-age3m",1,NA,NA
"EndothelialCells","Fibroblasts","Lama3","Sdc2","age30m-age3m",1,NA,NA
"Leukocytes","Fibroblasts","Cxcl10","Dpp4","age30m-age3m",1,NA,NA
"EndothelialCells","Fibroblasts","Fat4","Dchs1","age30m-age3m",1,NA,NA
"Fibroblasts","Fibroblasts","S100b","Alcam","age30m-age3m",1,NA,NA
"EndothelialCells","Fibroblasts","Tnfsf10","Tnfrsf26","age30m-age3m",1,NA,NA
"EndothelialCells","Fibroblasts","Igfbp3","Egfr","age30m-age3m",1,NA,NA
"Fibroblasts","Fibroblasts","Pthlh","Adrb3","age30m-age3m",1,NA,NA
"Fibroblasts","Fibroblasts","Ccl5","Sdc1","age30m-age3m",1,NA,NA
"EndothelialCells","Fibroblasts","Cd59a","Stab1","age30m-age3m",1,NA,NA
"EndothelialCells","Fibroblasts","Ceacam2","Egfr","age30m-age3m",1,NA,NA
"Fibroblasts","Fibroblasts","Ccl5","Sdc4","age30m-age3m",1,NA,NA
"EndothelialCells","EndothelialCells","Cd59a","Cd2","age30m-age3m",1,NA,NA
"Fibroblasts","Leukocytes","Sct","Ramp3","age30m-age3m",1,NA,NA
"EndothelialCells","Leukocytes","Sema3g","Nrp2","age30m-age3m",1,NA,NA
"Leukocytes","EndothelialCells","Il1a","Il1r1","age30m-age3m",1,NA,NA
"Leukocytes","EndothelialCells","Sdc4","Adam12","age30m-age3m",1,NA,NA
"Leukocytes","EndothelialCells","Itgb1","Vcam1","age30m-age3m",1,NA,NA
"Fibroblasts","Fibroblasts","Igfbp3","Egfr","age30m-age3m",1,NA,NA
"Fibroblasts","Leukocytes","Tctn1","Tctn2","age30m-age3m",1,NA,NA
"Fibroblasts","Leukocytes","Cadm3","Gm20605","age30m-age3m",1,NA,NA
"Leukocytes","Fibroblasts","L1cam","Egfr","age30m-age3m",1,NA,NA
"Fibroblasts","EndothelialCells","Pthlh","Ramp2","age30m-age3m",1,NA,NA
"Fibroblasts","Fibroblasts","Col12a1","Itga11","age30m-age3m",1,NA,NA
"Fibroblasts","EndothelialCells","Megf10","Abca1","age30m-age3m",1,NA,NA
"Leukocytes","Leukocytes","L1cam","Cd9","age30m-age3m",1,NA,NA
"Fibroblasts","Leukocytes","Rspo3","Sdc4","age30m-age3m",1,NA,NA
"Leukocytes","Leukocytes","Cd72","Sema4d","age30m-age3m",1,NA,NA
"Leukocytes","Fibroblasts","Gm20605","Cadm3","age30m-age3m",1,NA,NA
"EndothelialCells","Leukocytes","Sema3g","Fcgr2b","age30m-age3m",1,NA,NA
"Leukocytes","Fibroblasts","Apoo","Il1rapl1","age30m-age3m",1,NA,NA
"Leukocytes","Leukocytes","Try5","F2rl1","age30m-age3m",1,NA,NA
"Fibroblasts","EndothelialCells","Efna2","Epha2","age30m-age3m",1,NA,NA
"Fibroblasts","Myocytes","Cdh2","Cdh2","age30m-age3m",1,NA,NA
"Leukocytes","Leukocytes","Cd80","Cd274","age30m-age3m",1,NA,NA
"Leukocytes","Leukocytes","Raet1e","Hcst","age30m-age3m",1,NA,NA
"Fibroblasts","Leukocytes","Il11","Il6st","age30m-age3m",1,NA,NA
"EndothelialCells","Fibroblasts","St6gal1","Egfr","age30m-age3m",1,NA,NA
"Leukocytes","Leukocytes","Treml4","Siglece","age30m-age3m",1,NA,NA
"EndothelialCells","Fibroblasts","H2-Q7","Erbb2","age30m-age3m",1,NA,NA
"Fibroblasts","Leukocytes","Il11","Il6ra","age30m-age3m",1,NA,NA
"EndothelialCells","Fibroblasts","Itga9","Vcam1","age30m-age3m",1,NA,NA
"Myocytes","Leukocytes","Lamc2","Itgb4","age30m-age3m",1,NA,NA
"Fibroblasts","Leukocytes","Icam2","Itgal","age30m-age3m",1,NA,NA
"Fibroblasts","Leukocytes","Cd82","Cd37","age30m-age3m",1,NA,NA
"Myocytes","Leukocytes","Rps19","C5ar1","age30m-age3m",1,NA,NA
"Leukocytes","Leukocytes","Cxcl10","Sdc4","age30m-age3m",1,NA,NA
"EndothelialCells","EndothelialCells","Fat4","Dchs1","age30m-age3m",1,NA,NA
"Myocytes","Leukocytes","Icam4","Itgav","age30m-age3m",1,NA,NA
"Fibroblasts","Leukocytes","Tctn1","Tmem67","age30m-age3m",1,NA,NA
"Leukocytes","EndothelialCells","Thy1","Itgav","age30m-age3m",1,NA,NA
"Leukocytes","Leukocytes","Plau","Lrp1","age30m-age3m",1,NA,NA
"Fibroblasts","Leukocytes","Igsf10","Cd200r1","age30m-age3m",1,NA,NA
"Leukocytes","Fibroblasts","Cadm1","Cadm3","age30m-age3m",1,NA,NA
"Leukocytes","Fibroblasts","L1cam","Erbb2","age30m-age3m",1,NA,NA
"Fibroblasts","EndothelialCells","Dchs1","Fat4","age30m-age3m",1,NA,NA
"Leukocytes","Fibroblasts","Mmp13","Lrp1","age30m-age3m",1,NA,NA
"Fibroblasts","EndothelialCells","Col12a1","Itgb1","age30m-age3m",1,NA,NA
"EndothelialCells","Leukocytes","Cd82","Itgb2","age30m-age3m",1,NA,NA
"EndothelialCells","Leukocytes","Adam23","Itga5","age30m-age3m",1,NA,NA
"Fibroblasts","Fibroblasts","Tctn1","Tmem67","age30m-age3m",1,NA,NA
"Leukocytes","Leukocytes","Il6","Il6st","age30m-age3m",1,NA,NA
"EndothelialCells","Leukocytes","Adam12","Sdc4","age30m-age3m",1,NA,NA
"Fibroblasts","Leukocytes","Lyz1","Itgal","age30m-age3m",1,NA,NA
"Fibroblasts","Fibroblasts","Cib1","Itgb3","age30m-age3m",1,NA,NA
"Myocytes","Fibroblasts","Corin","Kirrel","age30m-age3m",1,NA,NA
"Leukocytes","Leukocytes","Il6","Il6ra","age30m-age3m",1,NA,NA
"Leukocytes","Fibroblasts","Tnfsf14","Ltbr","age30m-age3m",1,NA,NA
"EndothelialCells","Myocytes","Ptgfrn","Sgcg","age30m-age3m",1,NA,NA
"Fibroblasts","Leukocytes","Cadm3","Pear1","age30m-age3m",1,NA,NA
"Fibroblasts","Fibroblasts","Tctn1","Tctn2","age30m-age3m",1,NA,NA
"EndothelialCells","Leukocytes","Traf2","Map4k2","age30m-age3m",1,NA,NA
"Leukocytes","Fibroblasts","Il1a","Il1rap","age30m-age3m",1,NA,NA
"Leukocytes","Leukocytes","Il18bp","Il6ra","age30m-age3m",1,NA,NA
"EndothelialCells","Leukocytes","Sema3g","Fcgr3","age30m-age3m",1,NA,NA
"Fibroblasts","Leukocytes","Antxr1","Treml2","age30m-age3m",1,NA,NA
"Fibroblasts","EndothelialCells","Itgb1","Vcam1","age30m-age3m",1,NA,NA
"Fibroblasts","Leukocytes","Cadm3","Cadm1","age30m-age3m",1,NA,NA
"Leukocytes","Leukocytes","Traf2","Map4k2","age30m-age3m",1,NA,NA
"Fibroblasts","Leukocytes","Kitl","Epor","age30m-age3m",1,NA,NA
"Myocytes","Fibroblasts","Icam4","Itgb3","age30m-age3m",1,NA,NA
"Fibroblasts","Leukocytes","Thy1","Itgav","age30m-age3m",1,NA,NA
"EndothelialCells","Fibroblasts","Csf1","Csf2ra","age30m-age3m",1,NA,NA
"Leukocytes","Leukocytes","Ltb","Tnfrsf1a","age30m-age3m",1,NA,NA
"EndothelialCells","EndothelialCells","Adam12","Itgb1","age30m-age3m",1,NA,NA
"EndothelialCells","Leukocytes","Ceacam2","Cd209a","age30m-age3m",1,NA,NA
"Fibroblasts","Leukocytes","Pthlh","Ramp2","age30m-age3m",1,NA,NA
"Fibroblasts","Myocytes","Il6","Il6ra","age30m-age3m",1,NA,NA
"Leukocytes","EndothelialCells","L1cam","Fgfr1","age30m-age3m",1,NA,NA
"Fibroblasts","Fibroblasts","Vtn","Itgb8","age30m-age3m",1,NA,NA
"EndothelialCells","Leukocytes","Hp","Itgam","age30m-age3m",1,NA,NA
"Fibroblasts","Fibroblasts","Fst","Bmpr2","age30m-age3m",1,NA,NA
"Myocytes","Leukocytes","Ccl4","Ccr1","age30m-age3m",1,NA,NA
"Leukocytes","Leukocytes","L1cam","Itgb7","age30m-age3m",1,NA,NA
"Myocytes","Leukocytes","Ccl9","Fpr2","age30m-age3m",1,NA,NA
"Leukocytes","Leukocytes","Kitl","Epor","age30m-age3m",1,NA,NA
"Fibroblasts","EndothelialCells","Rspo3","Lrp6","age30m-age3m",1,NA,NA
"Fibroblasts","Leukocytes","Traf2","Map4k2","age30m-age3m",1,NA,NA
"Leukocytes","Fibroblasts","Itgb1","Vcam1","age30m-age3m",1,NA,NA
"Leukocytes","Fibroblasts","Apod","Lepr","age30m-age3m",1,NA,NA
"Leukocytes","Leukocytes","Mmp12","Plaur","age30m-age3m",1,NA,NA
"EndothelialCells","Leukocytes","Cib1","Itgb3","age30m-age3m",1,NA,NA
"Fibroblasts","EndothelialCells","Lamc2","Itga9","age30m-age3m",1,NA,NA
"Myocytes","Leukocytes","Icam4","Itgam","age30m-age3m",1,NA,NA
"Leukocytes","Fibroblasts","Lilra6","Cntfr","age30m-age3m",1,NA,NA
"Leukocytes","Fibroblasts","Cib1","Itgb3","age30m-age3m",1,NA,NA
"Myocytes","Leukocytes","Clu","Trem2","age30m-age3m",1,NA,NA
"Myocytes","Leukocytes","Ccl4","Ccr5","age30m-age3m",1,NA,NA
"Myocytes","Myocytes","Dbh","Adra1b","age30m-age3m",1,NA,NA
"Fibroblasts","Leukocytes","Vtn","Itgb5","age30m-age3m",1,NA,NA
"Leukocytes","Myocytes","Ptgfrn","Sgcg","age30m-age3m",1,NA,NA
"Fibroblasts","Fibroblasts","Pltp","Abca1","age30m-age3m",1,NA,NA
"EndothelialCells","EndothelialCells","Sema3g","Plxna2","age30m-age3m",1,NA,NA
"Leukocytes","Fibroblasts","Ptprc","Dpp4","age30m-age3m",1,NA,NA
"Leukocytes","Fibroblasts","L1cam","Ezr","age30m-age3m",1,NA,NA
"Leukocytes","Fibroblasts","L1cam","Alcam","age30m-age3m",1,NA,NA
"Leukocytes","Leukocytes","Ecm1","Itgb4","age30m-age3m",1,NA,NA
"Leukocytes","Leukocytes","L1cam","Ezr","age30m-age3m",1,NA,NA
"Fibroblasts","Fibroblasts","Vtn","Itga2b","age30m-age3m",1,NA,NA
"Myocytes","Leukocytes","Tnfsf13b","Tnfrsf17","age30m-age3m",1,NA,NA
"Leukocytes","Leukocytes","Ccl5","Sdc1","age30m-age3m",1,NA,NA
"Fibroblasts","Fibroblasts","Abca1","Megf10","age30m-age3m",1,NA,NA
"Leukocytes","Fibroblasts","Il18bp","Il6ra","age30m-age3m",1,NA,NA
"Leukocytes","Leukocytes","Il1a","Il1rap","age30m-age3m",1,NA,NA
"Fibroblasts","Fibroblasts","Rspo3","Lgr4","age30m-age3m",1,NA,NA
"Fibroblasts","Fibroblasts","Col12a1","Itga1","age30m-age3m",1,NA,NA
"Myocytes","Leukocytes","Podxl2","Sell","age30m-age3m",1,NA,NA
"Leukocytes","Leukocytes","Cd34","Sell","age30m-age3m",1,NA,NA
"Fibroblasts","Leukocytes","Gdf6","Bmpr1a","age30m-age3m",1,NA,NA
"Leukocytes","EndothelialCells","L1cam","Itga5","age30m-age3m",1,NA,NA
"EndothelialCells","Leukocytes","Hp","Asgr2","age30m-age3m",1,NA,NA
"Fibroblasts","Fibroblasts","Il11","Il6ra","age30m-age3m",1,NA,NA
"Fibroblasts","Fibroblasts","Apoo","Il1rapl1","age30m-age3m",1,NA,NA
"Leukocytes","EndothelialCells","L1cam","Itgav","age30m-age3m",1,NA,NA
"EndothelialCells","EndothelialCells","Dchs1","Fat4","age30m-age3m",1,NA,NA
"EndothelialCells","Leukocytes","Adam28","Itga4","age30m-age3m",1,NA,NA
"Fibroblasts","Leukocytes","Thy1","Itgam","age30m-age3m",1,NA,NA
"Fibroblasts","Fibroblasts","Gdf10","Acvr2b","age30m-age3m",1,NA,NA
"EndothelialCells","Leukocytes","Apln","Aplnr","age30m-age3m",1,NA,NA
"EndothelialCells","Leukocytes","Pglyrp1","Trem1","age30m-age3m",1,NA,NA
"EndothelialCells","EndothelialCells","Rarres1","Nrp2","age30m-age3m",1,NA,NA
"EndothelialCells","Leukocytes","Cd82","Cd37","age30m-age3m",1,NA,NA
"Leukocytes","Leukocytes","Clu","Trem2","age30m-age3m",1,NA,NA
"Fibroblasts","Fibroblasts","Vtn","Kdr","age30m-age3m",1,NA,NA
"Leukocytes","Leukocytes","Il33","Il1rap","age30m-age3m",1,NA,NA
"Leukocytes","Fibroblasts","Lcn2","Fcgr2b","age30m-age3m",1,NA,NA
"Myocytes","Fibroblasts","Try4","F2r","age30m-age3m",1,NA,NA
"Myocytes","Leukocytes","Ccl9","Ccr1","age30m-age3m",1,NA,NA
"EndothelialCells","Leukocytes","Ceacam2","Havcr2","age30m-age3m",1,NA,NA
"Fibroblasts","Fibroblasts","Gdf6","Acvr2a","age30m-age3m",1,NA,NA
"Fibroblasts","Fibroblasts","Itgb1","Vcam1","age30m-age3m",1,NA,NA
"Leukocytes","Fibroblasts","L1cam","Nrp1","age30m-age3m",1,NA,NA
"Leukocytes","Fibroblasts","Cxcl10","Sdc4","age30m-age3m",1,NA,NA
"EndothelialCells","Leukocytes","Msmp","Ccr2","age30m-age3m",1,NA,NA
"Leukocytes","Leukocytes","L1cam","Itga4","age30m-age3m",1,NA,NA
"Fibroblasts","Leukocytes","Wnt5b","Fzd7","age30m-age3m",1,NA,NA
"EndothelialCells","Leukocytes","Prg4","Cd44","age30m-age3m",1,NA,NA
"EndothelialCells","Fibroblasts","Pltp","Abca1","age30m-age3m",1,NA,NA
"Leukocytes","Leukocytes","Ccl5","Ccr1","age30m-age3m",1,NA,NA
"Fibroblasts","Leukocytes","Ecm1","Itgb4","age30m-age3m",1,NA,NA
"EndothelialCells","Leukocytes","AU040320","Siglece","age30m-age3m",1,NA,NA
"Fibroblasts","Fibroblasts","Tctn1","Tmem216","age30m-age3m",1,NA,NA
"EndothelialCells","Leukocytes","Sema3g","Plxna1","age30m-age3m",1,NA,NA
"EndothelialCells","Leukocytes","Hp","Itgb2","age30m-age3m",1,NA,NA
"EndothelialCells","Fibroblasts","Adam12","Sdc4","age30m-age3m",1,NA,NA
"Fibroblasts","Leukocytes","Cd59a","Siglec1","age30m-age3m",1,NA,NA
"Leukocytes","Fibroblasts","Camp","Igf1r","age30m-age3m",1,NA,NA
"Leukocytes","Leukocytes","Ccl5","Ccr5","age30m-age3m",1,NA,NA
"Fibroblasts","EndothelialCells","Cxcl14","Cxcr4","age30m-age3m",1,NA,NA
"Leukocytes","Myocytes","Gm9733","Cd47","age30m-age3m",1,NA,NA
"Fibroblasts","EndothelialCells","Vtn","Itgb1","age30m-age3m",1,NA,NA
"Fibroblasts","Fibroblasts","Rspo3","Sdc4","age30m-age3m",1,NA,NA
"Fibroblasts","Fibroblasts","Ret","Gfra2","age30m-age3m",1,NA,NA
"Fibroblasts","Leukocytes","Flt3l","Flt3","age30m-age3m",1,NA,NA
"Fibroblasts","Leukocytes","Eda","Il1rl1","age30m-age3m",1,NA,NA
"Fibroblasts","EndothelialCells","Hp","Itgb2","age30m-age3m",1,NA,NA
"Fibroblasts","Leukocytes","Thy1","Itgb3","age30m-age3m",1,NA,NA
"Fibroblasts","Fibroblasts","Ptprk","Egfr","age30m-age3m",1,NA,NA
"Fibroblasts","Fibroblasts","Lrig2","Egfr","age30m-age3m",1,NA,NA
"Leukocytes","EndothelialCells","Hp","Itgb2","age30m-age3m",1,NA,NA
"Fibroblasts","EndothelialCells","Sdc4","Adam12","age30m-age3m",1,NA,NA
"Myocytes","Leukocytes","Icam4","Itgb2","age30m-age3m",1,NA,NA
"Leukocytes","Fibroblasts","H2-Ab1","Lag3","age30m-age3m",1,NA,NA
"Leukocytes","EndothelialCells","L1cam","Cd9","age30m-age3m",1,NA,NA
"Leukocytes","EndothelialCells","Plau","Igf2r","age30m-age3m",1,NA,NA
"Leukocytes","EndothelialCells","Tnfsf14","Ltbr","age30m-age3m",1,NA,NA
"Fibroblasts","Leukocytes","Wnt5b","Fzd6","age30m-age3m",1,NA,NA
"Fibroblasts","Fibroblasts","Lcn2","Fcgr3","age30m-age3m",1,NA,NA
"Fibroblasts","Leukocytes","Lif","Il6st","age30m-age3m",1,NA,NA
"Leukocytes","Leukocytes","Reln","Itgb1","age30m-age3m",1,NA,NA
"EndothelialCells","Leukocytes","Cfh","Cfb","age30m-age3m",1,NA,NA
"Leukocytes","Leukocytes","Il7","Il2rg","age30m-age3m",1,NA,NA
"EndothelialCells","Leukocytes","Mill2","Hcst","age30m-age3m",1,NA,NA
"EndothelialCells","Fibroblasts","Cfh","Cfb","age30m-age3m",1,NA,NA
"Myocytes","Fibroblasts","Cd59a","Stab1","age30m-age3m",1,NA,NA
"EndothelialCells","EndothelialCells","Adam23","Itga5","age30m-age3m",1,NA,NA
"Myocytes","EndothelialCells","Lamc2","Itga9","age30m-age3m",1,NA,NA
"Fibroblasts","Leukocytes","Ret","Gfra2","age30m-age3m",1,NA,NA
"Fibroblasts","Myocytes","Prg4","Cd44","age30m-age3m",1,NA,NA
"Myocytes","EndothelialCells","Gzmb","Mcl1","age30m-age3m",1,NA,NA
"Fibroblasts","Myocytes","Cadm3","Prlr","age30m-age3m",1,NA,NA
"Myocytes","Fibroblasts","Itm2b","Ror2","age30m-age3m",1,NA,NA
"EndothelialCells","EndothelialCells","Sema3g","Plxna1","age30m-age3m",1,NA,NA
"Leukocytes","Fibroblasts","H2-Eb1","Lag3","age30m-age3m",1,NA,NA
"Fibroblasts","EndothelialCells","Pthlh","Adrb2","age30m-age3m",1,NA,NA
"Leukocytes","Fibroblasts","Rps19","C5ar1","age30m-age3m",1,NA,NA
"Fibroblasts","Leukocytes","Ccl4","Ccr1","age30m-age3m",1,NA,NA
"Fibroblasts","Fibroblasts","Wnt5b","Fzd3","age30m-age3m",1,NA,NA
"Fibroblasts","Myocytes","Il11","Il6ra","age30m-age3m",1,NA,NA
"Leukocytes","Leukocytes","Sirpb1a","Cd47","age30m-age3m",1,NA,NA
"Myocytes","EndothelialCells","Cd59a","Cd2","age30m-age3m",1,NA,NA
"EndothelialCells","Fibroblasts","Rarres1","Nrp2","age30m-age3m",1,NA,NA
"Fibroblasts","Leukocytes","Lamc2","Itgb1","age30m-age3m",1,NA,NA
"Leukocytes","Leukocytes","Camp","Fpr2","age30m-age3m",1,NA,NA
"Fibroblasts","Fibroblasts","Pthlh","Ramp2","age30m-age3m",1,NA,NA
"EndothelialCells","Fibroblasts","Rps19","C5ar1","age30m-age3m",1,NA,NA
"Myocytes","EndothelialCells","Icam4","Itgb1","age30m-age3m",1,NA,NA
"EndothelialCells","Fibroblasts","Cd2","Nlgn3","age30m-age3m",1,NA,NA
"Fibroblasts","EndothelialCells","Tctn1","Tmem216","age30m-age3m",1,NA,NA
"Leukocytes","Myocytes","Gm5150","Cd47","age30m-age3m",1,NA,NA
"Leukocytes","Fibroblasts","Reln","Itgb1","age30m-age3m",1,NA,NA
"Fibroblasts","Leukocytes","Ccl4","Ccr5","age30m-age3m",1,NA,NA
"Leukocytes","Myocytes","F10","F3","age30m-age3m",1,NA,NA
"EndothelialCells","EndothelialCells","Serpina1e","Lrp1","age30m-age3m",1,NA,NA
"Fibroblasts","Leukocytes","Thy1","Itgb2","age30m-age3m",1,NA,NA
"EndothelialCells","EndothelialCells","Tnfsf10","Tnfrsf23","age30m-age3m",1,NA,NA
"Leukocytes","Myocytes","Il10","Il10rb","age30m-age3m",1,NA,NA
"Leukocytes","Fibroblasts","Camp","P2rx7","age30m-age3m",1,NA,NA
"Fibroblasts","Fibroblasts","Cib1","Itga2b","age30m-age3m",1,NA,NA
"Leukocytes","Leukocytes","Trf","Tfrc","age30m-age3m",1,NA,NA
"Fibroblasts","EndothelialCells","Vtn","Plaur","age30m-age3m",1,NA,NA
"Myocytes","Fibroblasts","Dbh","Adrb3","age30m-age3m",1,NA,NA
"Leukocytes","Fibroblasts","Il6","Il6ra","age30m-age3m",1,NA,NA
"Myocytes","Leukocytes","Icam4","Itgal","age30m-age3m",1,NA,NA
"Fibroblasts","EndothelialCells","Vtn","Pvr","age30m-age3m",1,NA,NA
"EndothelialCells","Fibroblasts","Scgb3a1","Notch3","age30m-age3m",1,NA,NA
"Fibroblasts","Fibroblasts","Rps19","C5ar1","age30m-age3m",1,NA,NA
"Fibroblasts","Fibroblasts","Megf10","Abca1","age30m-age3m",1,NA,NA
"Leukocytes","Leukocytes","Ltb","Cd40","age30m-age3m",1,NA,NA
"Fibroblasts","Leukocytes","Adamts3","Ccbe1","age30m-age3m",1,NA,NA
"Fibroblasts","Leukocytes","Btc","Egfr","age30m-age3m",1,NA,NA
"Myocytes","Leukocytes","Lyz2","Itgal","age30m-age3m",1,NA,NA
"EndothelialCells","Fibroblasts","H2-Eb1","Lag3","age30m-age3m",1,NA,NA
"Leukocytes","EndothelialCells","Cd48","Cd2","age30m-age3m",1,NA,NA
"Leukocytes","EndothelialCells","Il7","Il2rg","age30m-age3m",1,NA,NA
"Fibroblasts","Leukocytes","Il11","Il11ra1","age30m-age3m",1,NA,NA
"Myocytes","Leukocytes","Podxl","Sell","age30m-age3m",1,NA,NA
"Leukocytes","Leukocytes","Mmp13","Lrp1","age30m-age3m",1,NA,NA
"EndothelialCells","Leukocytes","Cd2","Cd53","age30m-age3m",1,NA,NA
"Fibroblasts","Leukocytes","Tctn1","Tctn3","age30m-age3m",1,NA,NA
"Fibroblasts","Leukocytes","Adam28","Itga4","age30m-age3m",1,NA,NA
"Fibroblasts","Leukocytes","Cd200","Cd200r4","age30m-age3m",1,NA,NA
"Leukocytes","EndothelialCells","F10","Itgb2","age30m-age3m",1,NA,NA
"Leukocytes","Fibroblasts","Lrig2","Egfr","age30m-age3m",1,NA,NA
"Leukocytes","EndothelialCells","L1cam","Ezr","age30m-age3m",1,NA,NA
"Fibroblasts","EndothelialCells","Vtn","Itga5","age30m-age3m",1,NA,NA
"Leukocytes","Leukocytes","Ccl5","Sdc4","age30m-age3m",1,NA,NA
"Fibroblasts","Leukocytes","Fgf10","Fgfr3","age30m-age3m",1,NA,NA
"Fibroblasts","EndothelialCells","Vtn","Itgav","age30m-age3m",1,NA,NA
"Fibroblasts","Leukocytes","Lamc2","Itgb4","age30m-age3m",1,NA,NA
"Fibroblasts","Leukocytes","Cxcl1","Dpp4","age30m-age3m",1,NA,NA
"Leukocytes","Leukocytes","Cd274","Cd80","age30m-age3m",1,NA,NA
"EndothelialCells","EndothelialCells","Traf2","Map4k2","age30m-age3m",1,NA,NA
"Myocytes","Myocytes","Cdh2","Cdh2","age30m-age3m",1,NA,NA
"EndothelialCells","EndothelialCells","Serpina1b","Lrp1","age30m-age3m",1,NA,NA
"Leukocytes","Fibroblasts","Cib1","Itga2b","age30m-age3m",1,NA,NA
"Myocytes","Leukocytes","Icam4","Itga4","age30m-age3m",1,NA,NA
"Fibroblasts","Leukocytes","Lyz2","Itgal","age30m-age3m",1,NA,NA
"Myocytes","EndothelialCells","Try4","F2r","age30m-age3m",1,NA,NA
"Fibroblasts","Fibroblasts","Lamc2","Itgb1","age30m-age3m",1,NA,NA
"Leukocytes","EndothelialCells","Traf2","Map4k2","age30m-age3m",1,NA,NA
"EndothelialCells","EndothelialCells","Ccl5","Sdc4","age30m-age3m",1,NA,NA
"EndothelialCells","Leukocytes","Ccl2","Ccr1","age30m-age3m",1,NA,NA
"Fibroblasts","Leukocytes","Efemp1","Egfr","age30m-age3m",1,NA,NA
"Myocytes","Fibroblasts","Tnfsf10","Tnfrsf26","age30m-age3m",1,NA,NA
"Fibroblasts","Leukocytes","Pthlh","Adrb2","age30m-age3m",1,NA,NA
"EndothelialCells","Fibroblasts","S100a4","Egfr","age30m-age3m",1,NA,NA
"Leukocytes","Fibroblasts","H2-Aa","Lag3","age30m-age3m",1,NA,NA
"EndothelialCells","EndothelialCells","Lama3","Itga6","age30m-age3m",1,NA,NA
"Leukocytes","Leukocytes","Camp","P2rx7","age30m-age3m",1,NA,NA
"EndothelialCells","Leukocytes","Ccl2","Ccr5","age30m-age3m",1,NA,NA
"Fibroblasts","Myocytes","Bdnf","Sort1","age30m-age3m",1,NA,NA
"Myocytes","Leukocytes","Ccl7","Ccr1","age30m-age3m",1,NA,NA
"Myocytes","EndothelialCells","Icam4","Itgav","age30m-age3m",1,NA,NA
"EndothelialCells","Fibroblasts","Prg4","Cd44","age30m-age3m",1,NA,NA
"Fibroblasts","EndothelialCells","Traf2","Map4k2","age30m-age3m",1,NA,NA
"EndothelialCells","EndothelialCells","Sema3g","Nrp2","age30m-age3m",1,NA,NA
"EndothelialCells","Leukocytes","S100a4","Ccr5","age30m-age3m",1,NA,NA
"Leukocytes","Leukocytes","Slamf7","Slamf7","age30m-age3m",1,NA,NA
"EndothelialCells","Fibroblasts","Cib1","Itgb3","age30m-age3m",1,NA,NA
"Leukocytes","Leukocytes","Hdc","Hrh1","age30m-age3m",1,NA,NA
"Leukocytes","EndothelialCells","Plau","Plaur","age30m-age3m",1,NA,NA
"Fibroblasts","EndothelialCells","Gdf10","Bmpr2","age30m-age3m",1,NA,NA
"Leukocytes","Myocytes","Sell","Podxl","age30m-age3m",1,NA,NA
"Fibroblasts","Fibroblasts","H2-Q10","Aplp2","age30m-age3m",1,NA,NA
"Myocytes","Leukocytes","Ccl7","Ccr5","age30m-age3m",1,NA,NA
"Myocytes","Leukocytes","Lamc2","Itgb1","age30m-age3m",1,NA,NA
"Fibroblasts","Leukocytes","Vtn","Pvr","age30m-age3m",1,NA,NA
"Fibroblasts","Myocytes","Has2","Cd44","age30m-age3m",1,NA,NA
"Fibroblasts","Fibroblasts","Lif","Lifr","age30m-age3m",1,NA,NA
"EndothelialCells","Fibroblasts","Sema3g","Plxna2","age30m-age3m",1,NA,NA
"Fibroblasts","Fibroblasts","Thy1","Itgb3","age30m-age3m",1,NA,NA
"EndothelialCells","Fibroblasts","Clu","Trem2","age30m-age3m",1,NA,NA
"EndothelialCells","Fibroblasts","S100a4","Erbb2","age30m-age3m",1,NA,NA
"Fibroblasts","Leukocytes","Pthlh","Ramp3","age30m-age3m",1,NA,NA
"Leukocytes","Myocytes","Gm9733","Ptprd","age30m-age3m",1,NA,NA
"Leukocytes","Leukocytes","Cd200","Cd200r1","age30m-age3m",1,NA,NA
"Fibroblasts","Fibroblasts","Pthlh","Pth1r","age30m-age3m",1,NA,NA
"Myocytes","Fibroblasts","S100a4","Egfr","age30m-age3m",1,NA,NA
"Fibroblasts","EndothelialCells","Thy1","Itgav","age30m-age3m",1,NA,NA
"Leukocytes","EndothelialCells","Camp","Igf1r","age30m-age3m",1,NA,NA
"Myocytes","Leukocytes","Itgb1","Vcam1","age30m-age3m",1,NA,NA
"EndothelialCells","Myocytes","Il18bp","Il6ra","age30m-age3m",1,NA,NA
"EndothelialCells","Myocytes","Btnl9","Il6ra","age30m-age3m",1,NA,NA
"EndothelialCells","EndothelialCells","Adam12","Itga9","age30m-age3m",1,NA,NA
"EndothelialCells","Fibroblasts","Prg4","Tlr2","age30m-age3m",1,NA,NA
"Leukocytes","Myocytes","Trf","Tfrc","age30m-age3m",1,NA,NA
"Leukocytes","Leukocytes","S100a4","Egfr","age30m-age3m",1,NA,NA
"Fibroblasts","Leukocytes","Ccl11","Dpp4","age30m-age3m",1,NA,NA
"Myocytes","Leukocytes","S100a4","Ccr5","age30m-age3m",1,NA,NA
"Fibroblasts","Leukocytes","Podxl","Sell","age30m-age3m",1,NA,NA
"Fibroblasts","EndothelialCells","Il11","Il11ra1","age30m-age3m",1,NA,NA
"Myocytes","Leukocytes","Rtn4","S1pr2","age30m-age3m",1,NA,NA
"Myocytes","Fibroblasts","Il33","Il1rap","age30m-age3m",1,NA,NA
"Leukocytes","Fibroblasts","Ltb","Tnfrsf1a","age30m-age3m",1,NA,NA
"Leukocytes","EndothelialCells","Thy1","Itgb2","age30m-age3m",1,NA,NA
"EndothelialCells","Leukocytes","Ccl8","Ccr1","age30m-age3m",1,NA,NA
"Fibroblasts","EndothelialCells","Ccl5","Sdc4","age30m-age3m",1,NA,NA
"Fibroblasts","Leukocytes","Mill2","Hcst","age30m-age3m",1,NA,NA
"Leukocytes","Myocytes","Gm5150","Ptprd","age30m-age3m",1,NA,NA
"EndothelialCells","EndothelialCells","Icam2","Itgb2","age30m-age3m",1,NA,NA
"Myocytes","Fibroblasts","S100a4","Erbb2","age30m-age3m",1,NA,NA
"Fibroblasts","Fibroblasts","Lcn2","Fcgr2b","age30m-age3m",1,NA,NA
"Fibroblasts","Leukocytes","Trf","Tfrc","age30m-age3m",1,NA,NA
"EndothelialCells","Fibroblasts","H2-Ab1","Lag3","age30m-age3m",1,NA,NA
"Fibroblasts","EndothelialCells","Rspo3","Sdc4","age30m-age3m",1,NA,NA
"Leukocytes","Fibroblasts","Ltb","Ltbr","age30m-age3m",1,NA,NA
"EndothelialCells","EndothelialCells","Lama3","Itgb1","age30m-age3m",1,NA,NA
"EndothelialCells","Leukocytes","Ccl8","Ccr5","age30m-age3m",1,NA,NA
"Fibroblasts","EndothelialCells","Il34","Csf1r","age30m-age3m",1,NA,NA
"Myocytes","Leukocytes","Gzmb","Igf2r","age30m-age3m",1,NA,NA
"Fibroblasts","EndothelialCells","Cd59a","Stab1","age30m-age3m",1,NA,NA
"Myocytes","Fibroblasts","Lamc2","Itgb1","age30m-age3m",1,NA,NA
"Fibroblasts","EndothelialCells","Gdf10","Acvr2a","age30m-age3m",1,NA,NA
"Leukocytes","Leukocytes","Cadm1","Cadm1","age30m-age3m",1,NA,NA
"Fibroblasts","Fibroblasts","Reck","Mmp9","age30m-age3m",1,NA,NA
"EndothelialCells","Leukocytes","Ecm1","Itgb4","age30m-age3m",1,NA,NA
"Fibroblasts","EndothelialCells","Nlgn3","Cd2","age30m-age3m",1,NA,NA
"Leukocytes","EndothelialCells","Ltb","Tnfrsf1a","age30m-age3m",1,NA,NA
"Leukocytes","Fibroblasts","Ccl5","Sdc1","age30m-age3m",1,NA,NA
"Fibroblasts","Fibroblasts","Sct","Adrb2","age30m-age3m",1,NA,NA
"Fibroblasts","Myocytes","Fap","Npr2","age30m-age3m",1,NA,NA
"Leukocytes","Fibroblasts","Ccl5","Sdc4","age30m-age3m",1,NA,NA
"EndothelialCells","Leukocytes","Lama3","Itgb4","age30m-age3m",1,NA,NA
"Fibroblasts","Fibroblasts","H2-Eb1","Lag3","age30m-age3m",1,NA,NA
"Fibroblasts","EndothelialCells","Lif","Lifr","age30m-age3m",1,NA,NA
"Leukocytes","EndothelialCells","Tspan33","Adam10","age30m-age3m",1,NA,NA
"Fibroblasts","Myocytes","Has2","Ezr","age30m-age3m",1,NA,NA
"Leukocytes","EndothelialCells","Cxcl10","Sdc4","age30m-age3m",1,NA,NA
"Myocytes","EndothelialCells","Itgb1","Vcam1","age30m-age3m",1,NA,NA
"Myocytes","Leukocytes","Ccl2","Ccr1","age30m-age3m",1,NA,NA
"Leukocytes","EndothelialCells","Mmp12","Plaur","age30m-age3m",1,NA,NA
"Myocytes","Fibroblasts","Dkk3","Kremen1","age30m-age3m",1,NA,NA
"EndothelialCells","Fibroblasts","H2-Q7","Aplp2","age30m-age3m",1,NA,NA
"EndothelialCells","Myocytes","Rarres1","Nrp2","age30m-age3m",1,NA,NA
"Leukocytes","Fibroblasts","Sell","Podxl","age30m-age3m",1,NA,NA
"Fibroblasts","Fibroblasts","Gdf10","Bmpr2","age30m-age3m",1,NA,NA
"EndothelialCells","EndothelialCells","Cfh","Cfb","age30m-age3m",1,NA,NA
"Fibroblasts","Leukocytes","Col12a1","Itgb1","age30m-age3m",1,NA,NA
"Myocytes","Leukocytes","Ccl2","Ccr5","age30m-age3m",1,NA,NA
"Myocytes","Leukocytes","Cd200","Cd200r4","age30m-age3m",1,NA,NA
"Fibroblasts","Leukocytes","Lrig1","Egfr","age30m-age3m",1,NA,NA
"EndothelialCells","Leukocytes","Flt3l","Flt3","age30m-age3m",1,NA,NA
"Leukocytes","Leukocytes","Cxcl1","Dpp4","age30m-age3m",1,NA,NA
"Leukocytes","Fibroblasts","Camp","Egfr","age30m-age3m",1,NA,NA
"EndothelialCells","EndothelialCells","Adam12","Sdc4","age30m-age3m",1,NA,NA
"Fibroblasts","EndothelialCells","Csf1","Csf1r","age30m-age3m",1,NA,NA
"Fibroblasts","Leukocytes","Vtn","Itgb1","age30m-age3m",1,NA,NA
"EndothelialCells","EndothelialCells","Sdc4","Adam12","age30m-age3m",1,NA,NA
"Fibroblasts","Fibroblasts","Col12a1","Itgb1","age30m-age3m",1,NA,NA
"Leukocytes","Myocytes","H2-Ab1","Lag3","age30m-age3m",1,NA,NA
"Myocytes","Fibroblasts","Cxcl1","Dpp4","age30m-age3m",1,NA,NA
"Fibroblasts","EndothelialCells","Prg4","Cd44","age30m-age3m",1,NA,NA
"Myocytes","Leukocytes","Btnl9","Il6ra","age30m-age3m",1,NA,NA
"Fibroblasts","Myocytes","Thy1","Itgax","age30m-age3m",1,NA,NA
"EndothelialCells","Leukocytes","Ccl2","Ccr2","age30m-age3m",1,NA,NA
"Myocytes","Leukocytes","Ccl8","Ccr1","age30m-age3m",1,NA,NA
"Fibroblasts","Fibroblasts","Vtn","Plaur","age30m-age3m",1,NA,NA
"Fibroblasts","Fibroblasts","St6gal1","Egfr","age30m-age3m",1,NA,NA
"Fibroblasts","Leukocytes","S100a4","Egfr","age30m-age3m",1,NA,NA
"Fibroblasts","Myocytes","Trf","Tfrc","age30m-age3m",1,NA,NA
"Leukocytes","Leukocytes","Tspan33","Adam10","age30m-age3m",1,NA,NA
"Leukocytes","Myocytes","H2-Eb1","Lag3","age30m-age3m",1,NA,NA
"Leukocytes","Myocytes","H2-Aa","Lag3","age30m-age3m",1,NA,NA
"Leukocytes","Myocytes","L1cam","Cd9","age30m-age3m",1,NA,NA
"Fibroblasts","Myocytes","Has1","Cd44","age30m-age3m",1,NA,NA
"EndothelialCells","Fibroblasts","Cib1","Itga2b","age30m-age3m",1,NA,NA
"Fibroblasts","Leukocytes","Wnt5b","Lrp5","age30m-age3m",1,NA,NA
"Leukocytes","Fibroblasts","Sirpb1a","Cd47","age30m-age3m",1,NA,NA
"Myocytes","EndothelialCells","Tnfsf10","Tnfrsf10b","age30m-age3m",1,NA,NA
"EndothelialCells","Fibroblasts","H2-Aa","Lag3","age30m-age3m",1,NA,NA
"Myocytes","Leukocytes","Ccl8","Ccr5","age30m-age3m",1,NA,NA
"Myocytes","Leukocytes","Ccl7","Ccr2","age30m-age3m",1,NA,NA
"Leukocytes","Leukocytes","Ceacam1","Egfr","age30m-age3m",1,NA,NA
"EndothelialCells","Leukocytes","Cxcl9","Dpp4","age30m-age3m",1,NA,NA
"EndothelialCells","Fibroblasts","Adam12","Itgb1","age30m-age3m",1,NA,NA
"Myocytes","Fibroblasts","Itgb1","Vcam1","age30m-age3m",1,NA,NA
"Leukocytes","Leukocytes","Cxcl10","Dpp4","age30m-age3m",1,NA,NA
"Leukocytes","Myocytes","Il6","Il6ra","age30m-age3m",1,NA,NA
"Fibroblasts","EndothelialCells","Vtn","Itgb5","age30m-age3m",1,NA,NA
"EndothelialCells","Fibroblasts","Sema3g","Nrp2","age30m-age3m",1,NA,NA
"Leukocytes","Myocytes","Cd300lf","Flt1","age30m-age3m",1,NA,NA
"Leukocytes","EndothelialCells","Icam2","Itgb2","age30m-age3m",1,NA,NA
"EndothelialCells","Leukocytes","Adam12","Itgb1","age30m-age3m",1,NA,NA
"Fibroblasts","Myocytes","Il18bp","Il6ra","age30m-age3m",1,NA,NA
"Leukocytes","Fibroblasts","Sirpb1a","Ptprd","age30m-age3m",1,NA,NA
"Myocytes","EndothelialCells","Tnfsf10","Tnfrsf23","age30m-age3m",1,NA,NA
"Myocytes","Leukocytes","Icam4","Itgb1","age30m-age3m",1,NA,NA
"EndothelialCells","Myocytes","H2-Eb1","Lag3","age30m-age3m",1,NA,NA
"Fibroblasts","Myocytes","Il6","Il6st","age30m-age3m",1,NA,NA
"Fibroblasts","Leukocytes","Hdc","Hrh1","age30m-age3m",1,NA,NA
"EndothelialCells","Leukocytes","Lyz2","Itgal","age30m-age3m",1,NA,NA
"Leukocytes","Fibroblasts","Tspan33","Adam10","age30m-age3m",1,NA,NA
"EndothelialCells","Leukocytes","Ccl8","Ccr2","age30m-age3m",1,NA,NA
"Leukocytes","EndothelialCells","Ltb","Ltbr","age30m-age3m",1,NA,NA
"Leukocytes","EndothelialCells","Sirpb1a","Cd47","age30m-age3m",1,NA,NA
"EndothelialCells","EndothelialCells","Hp","Itgb2","age30m-age3m",1,NA,NA
"Myocytes","Leukocytes","Bst2","Lilra5","age30m-age3m",1,NA,NA
"EndothelialCells","EndothelialCells","Csf1","Csf1r","age30m-age3m",1,NA,NA
"EndothelialCells","Leukocytes","Cfh","Itgam","age30m-age3m",1,NA,NA
"Leukocytes","Fibroblasts","L1cam","Itgb7","age30m-age3m",1,NA,NA
"Myocytes","Leukocytes","Il33","Il1rap","age30m-age3m",1,NA,NA
"Leukocytes","Fibroblasts","Plau","Plaur","age30m-age3m",1,NA,NA
"Fibroblasts","Leukocytes","Rspo3","Lgr4","age30m-age3m",1,NA,NA
"Myocytes","Myocytes","Gzmb","Mcl1","age30m-age3m",1,NA,NA
"Myocytes","Fibroblasts","Btnl9","Il6ra","age30m-age3m",1,NA,NA
"EndothelialCells","Leukocytes","Cxcl1","Dpp4","age30m-age3m",1,NA,NA
"EndothelialCells","Leukocytes","Cfh","Sell","age30m-age3m",1,NA,NA
"Fibroblasts","Fibroblasts","Vtn","Itgb1","age30m-age3m",1,NA,NA
"Fibroblasts","Fibroblasts","Clu","Trem2","age30m-age3m",1,NA,NA
"Myocytes","Fibroblasts","Rtn4","S1pr2","age30m-age3m",1,NA,NA
"Fibroblasts","Leukocytes","Alox5ap","Alox5","age30m-age3m",1,NA,NA
"Fibroblasts","EndothelialCells","Has2","Cd44","age30m-age3m",1,NA,NA
"Fibroblasts","Fibroblasts","Cd59a","Stab1","age30m-age3m",1,NA,NA
"Fibroblasts","Leukocytes","Cd200","Cd200r1","age30m-age3m",1,NA,NA
"Fibroblasts","EndothelialCells","Cd59a","Cd2","age30m-age3m",1,NA,NA
"Leukocytes","Leukocytes","Flt3l","Flt3","age30m-age3m",1,NA,NA
"Myocytes","Leukocytes","Ccl2","Ccr2","age30m-age3m",1,NA,NA
"EndothelialCells","EndothelialCells","Cxcl14","Cxcr4","age30m-age3m",1,NA,NA
"Leukocytes","EndothelialCells","Cd82","Itgb2","age30m-age3m",1,NA,NA
"EndothelialCells","Leukocytes","Ceacam1","Egfr","age30m-age3m",1,NA,NA
"Fibroblasts","Leukocytes","Thy1","Itgax","age30m-age3m",1,NA,NA
"EndothelialCells","Leukocytes","Ptprk","Egfr","age30m-age3m",1,NA,NA
"Fibroblasts","EndothelialCells","Has1","Cd44","age30m-age3m",1,NA,NA
"Fibroblasts","Myocytes","Gdf6","Bmpr1a","age30m-age3m",1,NA,NA
"Leukocytes","Myocytes","Reln","Itgb1","age30m-age3m",1,NA,NA
"Leukocytes","EndothelialCells","Mmp13","Lrp1","age30m-age3m",1,NA,NA
"Fibroblasts","Myocytes","H2-Q10","Aplp2","age30m-age3m",1,NA,NA
"EndothelialCells","Myocytes","H2-Ab1","Lag3","age30m-age3m",1,NA,NA
"Myocytes","Myocytes","Dsc2","Dsg2","age30m-age3m",1,NA,NA
"Leukocytes","Myocytes","Plau","Lrp1","age30m-age3m",1,NA,NA
"Leukocytes","Myocytes","Il18bp","Il6ra","age30m-age3m",1,NA,NA
"Myocytes","Fibroblasts","Lrig1","Egfr","age30m-age3m",1,NA,NA
"EndothelialCells","Fibroblasts","Cd2","Cd53","age30m-age3m",1,NA,NA
"Leukocytes","Fibroblasts","Cd80","Cd274","age30m-age3m",1,NA,NA
"Leukocytes","Leukocytes","Camp","Igf1r","age30m-age3m",1,NA,NA
"Leukocytes","Leukocytes","Antxr1","Treml2","age30m-age3m",1,NA,NA
"Fibroblasts","Myocytes","Lamc2","Itgb1","age30m-age3m",1,NA,NA
"Fibroblasts","EndothelialCells","Cd82","Itgb2","age30m-age3m",1,NA,NA
"Myocytes","Leukocytes","Ccl8","Ccr2","age30m-age3m",1,NA,NA
"Myocytes","EndothelialCells","Dbh","Adrb2","age30m-age3m",1,NA,NA
"Fibroblasts","Leukocytes","AU040320","Siglece","age30m-age3m",1,NA,NA
"Leukocytes","Myocytes","Ptprc","Mrc1","age30m-age3m",1,NA,NA
"EndothelialCells","Myocytes","H2-Aa","Lag3","age30m-age3m",1,NA,NA
"Fibroblasts","Myocytes","H2-Eb1","Lag3","age30m-age3m",1,NA,NA
"EndothelialCells","Leukocytes","Lama3","Sdc2","age30m-age3m",1,NA,NA
"Myocytes","Leukocytes","Dbh","Adrb2","age30m-age3m",1,NA,NA
"Myocytes","Leukocytes","Dbh","Adrb1","age30m-age3m",1,NA,NA
"Leukocytes","Fibroblasts","Mmp12","Plaur","age30m-age3m",1,NA,NA
"EndothelialCells","Leukocytes","Lama3","Itgb1","age30m-age3m",1,NA,NA
"Leukocytes","Leukocytes","Adam28","Itga4","age30m-age3m",1,NA,NA
"Myocytes","Fibroblasts","Lrig1","Erbb2","age30m-age3m",1,NA,NA
"Fibroblasts","Myocytes","Lamc2","Cd151","age30m-age3m",1,NA,NA
"Fibroblasts","EndothelialCells","Icam2","Itgb2","age30m-age3m",1,NA,NA
"EndothelialCells","Fibroblasts","Lrig2","Egfr","age30m-age3m",1,NA,NA
"Myocytes","Fibroblasts","Icam4","Itgb1","age30m-age3m",1,NA,NA
"Fibroblasts","Leukocytes","Fap","Dpp4","age30m-age3m",1,NA,NA
"Leukocytes","Leukocytes","Ly86","Cd180","age30m-age3m",1,NA,NA
"Myocytes","Myocytes","Btnl9","Il6ra","age30m-age3m",1,NA,NA
"Fibroblasts","Fibroblasts","H2-Ab1","Lag3","age30m-age3m",1,NA,NA
"Fibroblasts","Leukocytes","Ptprc","Mrc1","age30m-age3m",1,NA,NA
"EndothelialCells","Leukocytes","Igfbp3","Egfr","age30m-age3m",1,NA,NA
"Leukocytes","EndothelialCells","Ltb","Cd40","age30m-age3m",1,NA,NA
"EndothelialCells","Myocytes","H2-Q7","Aplp2","age30m-age3m",1,NA,NA
"Fibroblasts","Leukocytes","Igfbp3","Egfr","age30m-age3m",1,NA,NA
"Myocytes","Fibroblasts","Cib1","Itgb3","age30m-age3m",1,NA,NA
"Myocytes","Leukocytes","Il33","Il1rl1","age30m-age3m",1,NA,NA
"Fibroblasts","Myocytes","Lamc2","Itga6","age30m-age3m",1,NA,NA
"Leukocytes","EndothelialCells","Ccl5","Sdc4","age30m-age3m",1,NA,NA
"Fibroblasts","Myocytes","Lif","Lifr","age30m-age3m",1,NA,NA
"Myocytes","Myocytes","Lamc2","Itgb1","age30m-age3m",1,NA,NA
"EndothelialCells","Fibroblasts","Lama3","Itgb1","age30m-age3m",1,NA,NA
"Myocytes","Fibroblasts","Rps19","C5ar1","age30m-age3m",1,NA,NA
"EndothelialCells","EndothelialCells","Cd82","Itgb2","age30m-age3m",1,NA,NA
"Myocytes","Leukocytes","Cd200","Cd200r1","age30m-age3m",1,NA,NA
"Myocytes","Leukocytes","Icam2","Itgam","age30m-age3m",1,NA,NA
"Fibroblasts","Fibroblasts","Pthlh","Adrb2","age30m-age3m",1,NA,NA
"EndothelialCells","Leukocytes","Cmtm8","Egfr","age30m-age3m",1,NA,NA
"Leukocytes","Leukocytes","St6gal1","Egfr","age30m-age3m",1,NA,NA
"Fibroblasts","Fibroblasts","H2-Aa","Lag3","age30m-age3m",1,NA,NA
"Myocytes","Leukocytes","Cd34","Sell","age30m-age3m",1,NA,NA
"Myocytes","Leukocytes","Bst2","Lilra6","age30m-age3m",1,NA,NA
"EndothelialCells","Leukocytes","St6gal1","Egfr","age30m-age3m",1,NA,NA
"EndothelialCells","Myocytes","Prg4","Cd44","age30m-age3m",1,NA,NA
"Leukocytes","EndothelialCells","Plau","Lrp1","age30m-age3m",1,NA,NA
"Leukocytes","Leukocytes","Ptprc","Dpp4","age30m-age3m",1,NA,NA
"Myocytes","Fibroblasts","Ptprk","Egfr","age30m-age3m",1,NA,NA
"EndothelialCells","Leukocytes","S100a4","Egfr","age30m-age3m",1,NA,NA
"Leukocytes","Myocytes","Sirpb1a","Cd47","age30m-age3m",1,NA,NA
"Myocytes","Leukocytes","Icam2","Itgb2","age30m-age3m",1,NA,NA
"Myocytes","Leukocytes","S100a4","Egfr","age30m-age3m",1,NA,NA
"Leukocytes","EndothelialCells","Cxcl14","Cxcr4","age30m-age3m",1,NA,NA
"Fibroblasts","Myocytes","Col12a1","Itgb1","age30m-age3m",1,NA,NA
"Myocytes","Leukocytes","Icam2","Itgal","age30m-age3m",1,NA,NA
"Myocytes","Leukocytes","Lrig1","Egfr","age30m-age3m",1,NA,NA
"Fibroblasts","Leukocytes","St6gal1","Egfr","age30m-age3m",1,NA,NA
"Leukocytes","Myocytes","Plau","Igf2r","age30m-age3m",1,NA,NA
"Fibroblasts","Myocytes","Vtn","Itgb1","age30m-age3m",1,NA,NA
"Fibroblasts","Fibroblasts","Ptprc","Dpp4","age30m-age3m",1,NA,NA
"Leukocytes","Myocytes","Il6","Il6st","age30m-age3m",1,NA,NA
"Myocytes","Fibroblasts","H2-Ab1","Lag3","age30m-age3m",1,NA,NA
"Myocytes","Myocytes","H2-Eb1","Lag3","age30m-age3m",1,NA,NA
"Fibroblasts","EndothelialCells","Thy1","Itgb2","age30m-age3m",1,NA,NA
"Fibroblasts","Myocytes","Wnt5b","Lrp6","age30m-age3m",1,NA,NA
"Fibroblasts","Myocytes","H2-Aa","Lag3","age30m-age3m",1,NA,NA
"Leukocytes","Leukocytes","Plau","Igf2r","age30m-age3m",1,NA,NA
"Fibroblasts","Myocytes","H2-Ab1","Lag3","age30m-age3m",1,NA,NA
"Fibroblasts","Leukocytes","Lrig2","Egfr","age30m-age3m",1,NA,NA
"Fibroblasts","Leukocytes","Cd274","Cd80","age30m-age3m",1,NA,NA
"EndothelialCells","Myocytes","Adam12","Itgb1","age30m-age3m",1,NA,NA
"Fibroblasts","Fibroblasts","Efna2","Epha4","age30m-age3m",1,NA,NA
"Myocytes","Leukocytes","Trf","Tfrc","age30m-age3m",1,NA,NA
"Myocytes","Fibroblasts","Dbh","Adrb2","age30m-age3m",1,NA,NA
"Myocytes","Fibroblasts","H2-Eb1","Lag3","age30m-age3m",1,NA,NA
"Leukocytes","Fibroblasts","Clu","Trem2","age30m-age3m",1,NA,NA
"Fibroblasts","Leukocytes","Ptprk","Egfr","age30m-age3m",1,NA,NA
"Leukocytes","Leukocytes","Lrig2","Egfr","age30m-age3m",1,NA,NA
"EndothelialCells","EndothelialCells","Prg4","Cd44","age30m-age3m",1,NA,NA
"Myocytes","Fibroblasts","H2-Aa","Lag3","age30m-age3m",1,NA,NA
"EndothelialCells","Myocytes","Lama3","Itgb1","age30m-age3m",1,NA,NA
"Myocytes","Myocytes","Trf","Tfrc","age30m-age3m",1,NA,NA
"Fibroblasts","Myocytes","Efna2","Epha4","age30m-age3m",1,NA,NA
"Myocytes","Myocytes","Icam4","Itgb1","age30m-age3m",1,NA,NA
"Fibroblasts","Leukocytes","Ptprc","Dpp4","age30m-age3m",1,NA,NA
"Myocytes","Leukocytes","Ptprk","Egfr","age30m-age3m",1,NA,NA
