"test_ligand","auroc","aupr","aupr_corrected","pearson","sender","module","receiver"
"Adam10",0.419098937284834,0.00379511215705645,-0.0011199906132742,-0.0174523904718574,"Fibroblasts","lightcyan","SmoothMuscleCells"
"Adam15",0.39543164015548,0.00369985452038664,-0.00121524824994401,-0.0199741640276199,"Fibroblasts","lightcyan","SmoothMuscleCells"
"Adam17",0.444172302277367,0.00401337681129128,-0.00090172595903937,-0.0100845044829296,"Fibroblasts","lightcyan","SmoothMuscleCells"
"Adam9",0.413347666154131,0.00381107010360339,-0.00110403266672726,-0.0154763370471092,"Fibroblasts","lightcyan","SmoothMuscleCells"
"Adm",0.439609385276197,0.00491077884949876,-4.32392083189043e-06,0.00844703539200655,"Fibroblasts","lightcyan","SmoothMuscleCells"
"Agrn",0.427489987436098,0.00395328910646629,-0.000961813663864364,-0.0122145616947182,"Fibroblasts","lightcyan","SmoothMuscleCells"
"Ahsg",0.421593573816287,0.00393635019507109,-0.000978752575259562,-0.0151015791419579,"Fibroblasts","lightcyan","SmoothMuscleCells"
"Alcam",0.471645054042892,0.00438501785947588,-0.000530084910854771,-0.00990597851994275,"Fibroblasts","lightcyan","SmoothMuscleCells"
"Ang",0.490545327545767,0.00452354044742957,-0.000391562322901078,-0.00492585055821794,"Fibroblasts","lightcyan","SmoothMuscleCells"
"Angpt1",0.503680722809585,0.00500024651215312,8.51437418224674e-05,0.0139395609474054,"Fibroblasts","lightcyan","SmoothMuscleCells"
"Angpt2",0.424405709542662,0.00394575617289138,-0.000969346597439269,-0.0135336696248656,"Fibroblasts","lightcyan","SmoothMuscleCells"
"Angptl1",0.43280129539671,0.00396211257739095,-0.000952990192939705,-0.0146841781113082,"Fibroblasts","lightcyan","SmoothMuscleCells"
"Angptl2",0.45749819705814,0.00414565914384585,-0.000769443626484801,-0.0100087761477722,"Fibroblasts","lightcyan","SmoothMuscleCells"
"Angptl4",0.439296421784067,0.00425652311123338,-0.000658579659097268,0.0018413053410499,"Fibroblasts","lightcyan","SmoothMuscleCells"
"Anxa1",0.44923868228762,0.00408769020874043,-0.000827412561590222,-0.0118887967939779,"Fibroblasts","lightcyan","SmoothMuscleCells"
"Anxa2",0.418005832913778,0.00382174444580773,-0.00109335832452292,-0.0147537417855878,"Fibroblasts","lightcyan","SmoothMuscleCells"
"Apoe",0.437273498342196,0.0040074287699261,-0.000907674000404556,-0.0104191109421195,"Fibroblasts","lightcyan","SmoothMuscleCells"
"App",0.416558943725533,0.00390027342970219,-0.00101482934062846,-0.00391514404818459,"Fibroblasts","lightcyan","SmoothMuscleCells"
"Arf1",0.412014169535496,0.00381527463815346,-0.0010998281321772,-0.0171245542658601,"Fibroblasts","lightcyan","SmoothMuscleCells"
"B2m",0.427004667238161,0.00391833477067978,-0.000996767999650875,-0.0133271764437193,"Fibroblasts","lightcyan","SmoothMuscleCells"
"Bace1",0.404865901947175,0.00373444175868909,-0.00118066101164156,-0.0166926178093823,"Fibroblasts","lightcyan","SmoothMuscleCells"
"Bace2",0.475532151329183,0.00436590328349564,-0.000549199486835016,-0.00894803577972935,"Fibroblasts","lightcyan","SmoothMuscleCells"
"Bgn",0.410998172111775,0.00378165059955917,-0.00113345217077149,-0.0148557987025426,"Fibroblasts","lightcyan","SmoothMuscleCells"
"Bmp1",0.463122468510878,0.00428256850910414,-0.000632534261226517,-0.0104372004157816,"Fibroblasts","lightcyan","SmoothMuscleCells"
"Bmp4",0.437717997215072,0.00402329221749015,-0.000891810552840502,-0.00651578183223717,"Fibroblasts","lightcyan","SmoothMuscleCells"
"Boc",0.437749747134564,0.00395963868068758,-0.000955464089643076,-0.0144478762544311,"Fibroblasts","lightcyan","SmoothMuscleCells"
"C1qa",0.424160781592295,0.0038962313104352,-0.00101887145989546,-0.0112739323009443,"Fibroblasts","lightcyan","SmoothMuscleCells"
"C1qb",0.415302554054237,0.00382721546795765,-0.00108788730237301,-0.016560096576324,"Fibroblasts","lightcyan","SmoothMuscleCells"
"C3",0.415674481682557,0.0038205583007448,-0.00109454446958585,-0.0162154643941254,"Fibroblasts","lightcyan","SmoothMuscleCells"
"C4b",0.410603565969526,0.00375276614016128,-0.00116233663016937,-0.0172170714207316,"Fibroblasts","lightcyan","SmoothMuscleCells"
"Calm1",0.434992039841607,0.00394443350782911,-0.000970669262501544,-0.0127309774308101,"Fibroblasts","lightcyan","SmoothMuscleCells"
"Calm2",0.44414962376345,0.00399841071973668,-0.000916692050593976,-0.0107198718773726,"Fibroblasts","lightcyan","SmoothMuscleCells"
"Calm3",0.438021889301633,0.00396371492711989,-0.00095138784321076,-0.0138887600602346,"Fibroblasts","lightcyan","SmoothMuscleCells"
"Calr",0.425775491783567,0.00468555286711775,-0.000229549903212905,0.00201580940752782,"Fibroblasts","lightcyan","SmoothMuscleCells"
"Ccl19",0.432937366480244,0.00397701565104982,-0.00093808711928083,-0.0100118524033875,"Fibroblasts","lightcyan","SmoothMuscleCells"
"Cd320",0.401863266703853,0.00374496345089565,-0.001170139319435,-0.0143686848520736,"Fibroblasts","lightcyan","SmoothMuscleCells"
"Cd44",0.453470492985533,0.00409879781331005,-0.000816304957020604,-0.00934994692700948,"Fibroblasts","lightcyan","SmoothMuscleCells"
"Cd47",0.414145949844192,0.00383469628675702,-0.00108040648357363,-0.0145460571585785,"Fibroblasts","lightcyan","SmoothMuscleCells"
"Cd55",0.397041814643968,0.00374096900511303,-0.00117413376521762,-0.0171721336451995,"Fibroblasts","lightcyan","SmoothMuscleCells"
"Cd9",0.406498754949581,0.00372989708434338,-0.00118520568598727,-0.0117716663563926,"Fibroblasts","lightcyan","SmoothMuscleCells"
"Clec11a",0.446839295514641,0.00415026961149833,-0.000764833158832324,-0.0127009925603674,"Fibroblasts","lightcyan","SmoothMuscleCells"
"Col14a1",0.412794310414424,0.00377309903915987,-0.00114200373117078,-0.0181527351947751,"Fibroblasts","lightcyan","SmoothMuscleCells"
"Col15a1",0.43069672930472,0.00396481867913446,-0.000950284091196196,-0.0149070250296126,"Fibroblasts","lightcyan","SmoothMuscleCells"
"Col16a1",0.42514502909653,0.00386264535381515,-0.0010524574165155,-0.0143171561448206,"Fibroblasts","lightcyan","SmoothMuscleCells"
"Col18a1",0.418078404158329,0.00381315603946058,-0.00110194673087007,-0.0166902218177234,"Fibroblasts","lightcyan","SmoothMuscleCells"
"Col1a1",0.4573031618384,0.00415951046318505,-0.000755592307145603,-0.0114818011095217,"Fibroblasts","lightcyan","SmoothMuscleCells"
"Col1a2",0.435740430801043,0.00393152293107222,-0.000983579839258435,-0.0154343866599626,"Fibroblasts","lightcyan","SmoothMuscleCells"
"Col27a1",0.41411873562749,0.0038010133518382,-0.00111408941849246,-0.0179358264975534,"Fibroblasts","lightcyan","SmoothMuscleCells"
"Col3a1",0.4167721217564,0.0038463704484878,-0.00106873232184285,-0.0184618116291868,"Fibroblasts","lightcyan","SmoothMuscleCells"
"Col4a1",0.412667310736457,0.00379711443104694,-0.00111798833928372,-0.0157804074568098,"Fibroblasts","lightcyan","SmoothMuscleCells"
"Col4a2",0.415878588307864,0.00379831651390294,-0.00111678625642771,-0.0160350929410003,"Fibroblasts","lightcyan","SmoothMuscleCells"
"Col4a3",0.402602586257725,0.00369832528500725,-0.0012167774853234,-0.019628615347411,"Fibroblasts","lightcyan","SmoothMuscleCells"
"Col4a4",0.406358148163266,0.00375295747129218,-0.00116214529903847,-0.0165170097554278,"Fibroblasts","lightcyan","SmoothMuscleCells"
"Col4a5",0.404557474157833,0.00373327415373606,-0.00118182861659459,-0.0181100307460512,"Fibroblasts","lightcyan","SmoothMuscleCells"
"Col4a6",0.437581926131534,0.00394263445522464,-0.000972468315106017,-0.016540084694893,"Fibroblasts","lightcyan","SmoothMuscleCells"
"Col5a1",0.421593573816293,0.00386920837484586,-0.0010458943954848,-0.0137441772794101,"Fibroblasts","lightcyan","SmoothMuscleCells"
"Col5a2",0.426337918928845,0.00388202118222505,-0.0010330815881056,-0.0140059725279636,"Fibroblasts","lightcyan","SmoothMuscleCells"
"Col5a3",0.40370476203435,0.00374114384031329,-0.00117395893001737,-0.0186660387981207,"Fibroblasts","lightcyan","SmoothMuscleCells"
"Col6a1",0.412676382142027,0.00381779688437752,-0.00109730588595313,-0.0147550728883621,"Fibroblasts","lightcyan","SmoothMuscleCells"
"Col6a2",0.439945027282246,0.00399224913772856,-0.000922853632602092,-0.0141612259807235,"Fibroblasts","lightcyan","SmoothMuscleCells"
"Col6a3",0.394968998471466,0.00371288102912645,-0.00120222174120421,-0.0204063295899482,"Fibroblasts","lightcyan","SmoothMuscleCells"
"Col6a6",0.412299918810917,0.00380870502275118,-0.00110639774757948,-0.0171449615952326,"Fibroblasts","lightcyan","SmoothMuscleCells"
"Col8a1",0.415474910760042,0.00377587558250824,-0.00113922718782241,-0.0150064920575692,"Fibroblasts","lightcyan","SmoothMuscleCells"
"Copa",0.39616188830378,0.00368255392821095,-0.00123254884211971,-0.0156162644724591,"Fibroblasts","lightcyan","SmoothMuscleCells"
"Cp",0.424754958657067,0.00401058634389644,-0.000904516426434213,-0.0131403635024307,"Fibroblasts","lightcyan","SmoothMuscleCells"
"Crlf1",0.477831752640903,0.00441800812824808,-0.000497094642082572,-0.00685696997614943,"Fibroblasts","lightcyan","SmoothMuscleCells"
"Ctsd",0.414785483936806,0.00377936225353446,-0.00113574051679619,-0.0174368371785444,"Fibroblasts","lightcyan","SmoothMuscleCells"
"Cx3cl1",0.413361273262482,0.00377369113366389,-0.00114141163666677,-0.0116501979368172,"Fibroblasts","lightcyan","SmoothMuscleCells"
"Cxcl12",0.475831507712963,0.00458269425828566,-0.000332408512044993,-0.00180003973678689,"Fibroblasts","lightcyan","SmoothMuscleCells"
"Dcn",0.449252289395973,0.00419396045061612,-0.000721142319714534,-0.00855933608840389,"Fibroblasts","lightcyan","SmoothMuscleCells"
"Efemp2",0.479877354596698,0.00428139780196662,-0.000633704968364037,-0.00810783187128203,"Fibroblasts","lightcyan","SmoothMuscleCells"
"Efna1",0.47716954003437,0.00432433958064772,-0.000590763189682932,-0.00860472060995708,"Fibroblasts","lightcyan","SmoothMuscleCells"
"Efna5",0.420527683661941,0.00392412392032928,-0.000990978850001372,-0.0129962460553308,"Fibroblasts","lightcyan","SmoothMuscleCells"
"Efnb1",0.435336753253222,0.00395745160574959,-0.00095765116458106,-0.0152412016836972,"Fibroblasts","lightcyan","SmoothMuscleCells"
"Eng",0.460913581254838,0.00418846618508538,-0.000726636585245276,-0.0124938897044962,"Fibroblasts","lightcyan","SmoothMuscleCells"
"Enpp1",0.407478466751026,0.00374878883114517,-0.00116631393918548,-0.0183571901839674,"Fibroblasts","lightcyan","SmoothMuscleCells"
"Ezr",0.418495688814501,0.00382682171694384,-0.00108828105338681,-0.014748929888026,"Fibroblasts","lightcyan","SmoothMuscleCells"
"Fam3c",0.406698325872097,0.00375843541049468,-0.00115666735983597,-0.0166837975222219,"Fibroblasts","lightcyan","SmoothMuscleCells"
"Fbln1",0.455597737591444,0.00416697611552603,-0.000748126654804624,-0.0107901842886968,"Fibroblasts","lightcyan","SmoothMuscleCells"
"Fbn1",0.434964825624898,0.00398220220591737,-0.000932900564413283,-0.0131695788118416,"Fibroblasts","lightcyan","SmoothMuscleCells"
"Fgf18",0.431154835285948,0.00402058349526112,-0.000894519275069535,-0.0117949759380323,"Fibroblasts","lightcyan","SmoothMuscleCells"
"Fgf7",0.454436597678618,0.00445398297156059,-0.000461119798770066,0.00607438222451787,"Fibroblasts","lightcyan","SmoothMuscleCells"
"Fgfrl1",0.416082694933165,0.00395309376908674,-0.000962009001243908,-0.0139449716675007,"Fibroblasts","lightcyan","SmoothMuscleCells"
"Flrt2",0.480085996924785,0.00457487819685315,-0.000340224573477505,-0.00446090085095884,"Fibroblasts","lightcyan","SmoothMuscleCells"
"Fn1",0.417434334362932,0.00382945684972691,-0.00108564592060374,-0.0139221425417044,"Fibroblasts","lightcyan","SmoothMuscleCells"
"Furin",0.410594494563956,0.00462640417973101,-0.000288698590599643,-0.00219130000032231,"Fibroblasts","lightcyan","SmoothMuscleCells"
"Gas6",0.483406131363014,0.00443153626801419,-0.000483566502316464,-0.00653976113945086,"Fibroblasts","lightcyan","SmoothMuscleCells"
"Glg1",0.468501812013254,0.00435546506924736,-0.000559637701083292,-0.00897575249336552,"Fibroblasts","lightcyan","SmoothMuscleCells"
"Gnas",0.416577086536668,0.00387140105989384,-0.00104370171043681,-0.0143601313465587,"Fibroblasts","lightcyan","SmoothMuscleCells"
"Gpc3",0.453565742743999,0.00410229156379423,-0.000812811206536421,-0.0118859030174214,"Fibroblasts","lightcyan","SmoothMuscleCells"
"Gpc6",0.478557465086419,0.00442922487729323,-0.000485877893037419,-0.00654675740422621,"Fibroblasts","lightcyan","SmoothMuscleCells"
"Gpi1",0.409973103282488,0.00376431882031412,-0.00115078395001653,-0.0122860846861235,"Fibroblasts","lightcyan","SmoothMuscleCells"
"Grn",0.437232677017136,0.00398446564620877,-0.000930637124121882,-0.00971607676497566,"Fibroblasts","lightcyan","SmoothMuscleCells"
"Gstp1",0.426455847201238,0.00390472304081108,-0.00101037972951957,-0.0152069982410336,"Fibroblasts","lightcyan","SmoothMuscleCells"
"Gstp2",0.426455847201238,0.00390472304081108,-0.00101037972951957,-0.0152069982410336,"Fibroblasts","lightcyan","SmoothMuscleCells"
"H2-D1",0.423512176094116,0.00389169483209867,-0.00102340793823198,-0.0160076572678914,"Fibroblasts","lightcyan","SmoothMuscleCells"
"H2-K1",0.425566849455479,0.00390921483939319,-0.00100588793093746,-0.015741250633849,"Fibroblasts","lightcyan","SmoothMuscleCells"
"H2-Q4",0.423512176094116,0.00389153416056444,-0.00102356860976621,-0.0160056326676183,"Fibroblasts","lightcyan","SmoothMuscleCells"
"Hsp90b1",0.388006694697304,0.00369989744812926,-0.0012152053222014,-0.0203047626133464,"Fibroblasts","lightcyan","SmoothMuscleCells"
"Hspg2",0.434434148399117,0.00400168945562659,-0.000913413314704068,-0.0116481851665255,"Fibroblasts","lightcyan","SmoothMuscleCells"
"Icam1",0.465027463680355,0.00416995309725142,-0.000745149673079235,-0.0109950673670049,"Fibroblasts","lightcyan","SmoothMuscleCells"
"Igf1",0.415207304295758,0.00379692478455654,-0.00111817798577412,-0.016007798714744,"Fibroblasts","lightcyan","SmoothMuscleCells"
"Igfbp4",0.451479319463147,0.00433867253504997,-0.000576430235280682,-0.00850364099740073,"Fibroblasts","lightcyan","SmoothMuscleCells"
"Il15",0.490141649997954,0.00473344536591687,-0.000181657404413785,-0.00233996088600977,"Fibroblasts","lightcyan","SmoothMuscleCells"
"Il16",0.432306903793201,0.00400013107580219,-0.000914971694528464,-0.0134102034748722,"Fibroblasts","lightcyan","SmoothMuscleCells"
"Ildr2",0.486726265801245,0.00446011071005621,-0.000454992060274442,-0.0088569880522831,"Fibroblasts","lightcyan","SmoothMuscleCells"
"Inhba",0.47423040463004,0.0044021689276549,-0.000512933842675753,-0.0115601341994253,"Fibroblasts","lightcyan","SmoothMuscleCells"
"Inhbb",0.478376036975044,0.00460727017207085,-0.000307832598259807,-0.0038877295923707,"Fibroblasts","lightcyan","SmoothMuscleCells"
"Jag1",0.407201788881175,0.00456283873178961,-0.000352264038541044,-0.00084107278935537,"Fibroblasts","lightcyan","SmoothMuscleCells"
"Jam2",0.459398656524826,0.00419913678506714,-0.000715965985263509,-0.0142629013868739,"Fibroblasts","lightcyan","SmoothMuscleCells"
"Jam3",0.453475028688315,0.0040782361489571,-0.000836866621373555,-0.0133621232447199,"Fibroblasts","lightcyan","SmoothMuscleCells"
"Lama2",0.425045243635271,0.00532597286000321,0.000410870089672555,0.00365456066203267,"Fibroblasts","lightcyan","SmoothMuscleCells"
"Lama4",0.458096909825688,0.00419323366761989,-0.000721869102710764,-0.0110643147349639,"Fibroblasts","lightcyan","SmoothMuscleCells"
"Lamb1",0.40282029999138,0.00371473624623775,-0.0012003665240929,-0.0184236156894691,"Fibroblasts","lightcyan","SmoothMuscleCells"
"Lamb2",0.426437704390099,0.00385904084507107,-0.00105606192525959,-0.0173927313114086,"Fibroblasts","lightcyan","SmoothMuscleCells"
"Lamc1",0.367478103894808,0.00349950513477264,-0.00141559763555801,-0.0215591484356616,"Fibroblasts","lightcyan","SmoothMuscleCells"
"Lefty1",0.446308618288854,0.00418334435493301,-0.000731758415397647,-0.0115568105075804,"Fibroblasts","lightcyan","SmoothMuscleCells"
"Lgals1",0.444507944283423,0.0040390344337125,-0.000876068336618156,-0.00923347863502336,"Fibroblasts","lightcyan","SmoothMuscleCells"
"Lgals3",0.456423235498217,0.00422802780490622,-0.000687074965424436,-0.00810345902606899,"Fibroblasts","lightcyan","SmoothMuscleCells"
"Lgals3bp",0.426310704712134,0.00386147992525865,-0.001053622845072,-0.0161870367336636,"Fibroblasts","lightcyan","SmoothMuscleCells"
"Lpl",0.40908410553673,0.00375763166722681,-0.00115747110310384,-0.0164231233282889,"Fibroblasts","lightcyan","SmoothMuscleCells"
"Lrpap1",0.396479387498689,0.00369726999254815,-0.0012178327777825,-0.019113716805907,"Fibroblasts","lightcyan","SmoothMuscleCells"
"Lrrn2",0.474679439205704,0.00440137705417093,-0.000513725716159726,-0.007825356999849,"Fibroblasts","lightcyan","SmoothMuscleCells"
"Ltbp1",0.470474842724499,0.00462174140913924,-0.000293361361191412,-0.00358859793135103,"Fibroblasts","lightcyan","SmoothMuscleCells"
"Ltbp3",0.395259283449668,0.00367979326884093,-0.00123530950148972,-0.0235232854339971,"Fibroblasts","lightcyan","SmoothMuscleCells"
"Lum",0.422019929878028,0.00388262004895257,-0.00103248272137808,-0.0158360137816379,"Fibroblasts","lightcyan","SmoothMuscleCells"
"Mdk",0.413352201856913,0.00379570248863911,-0.00111940028169154,-0.0133431033194885,"Fibroblasts","lightcyan","SmoothMuscleCells"
"Mfap2",0.418255296566922,0.00382983218223532,-0.00108527058809533,-0.0151063878303638,"Fibroblasts","lightcyan","SmoothMuscleCells"
"Mfap5",0.428701020079549,0.0039288926936038,-0.000986210076726848,-0.0168751616169124,"Fibroblasts","lightcyan","SmoothMuscleCells"
"Mfge8",0.383412027776641,0.00357251279654696,-0.0013425899737837,-0.0220310611403852,"Fibroblasts","lightcyan","SmoothMuscleCells"
"Mif",0.449247753693192,0.00403761253190122,-0.000877490238429436,-0.0172779167205103,"Fibroblasts","lightcyan","SmoothMuscleCells"
"Mmp14",0.439083243753196,0.00398294893286596,-0.000932153837464697,-0.0125267094068019,"Fibroblasts","lightcyan","SmoothMuscleCells"
"Mmp16",0.437355140992319,0.00411765038619971,-0.000797452384130941,-0.011238811170412,"Fibroblasts","lightcyan","SmoothMuscleCells"
"Mmp2",0.4488350047398,0.00406967352295984,-0.00084542924737081,-0.0127860960048309,"Fibroblasts","lightcyan","SmoothMuscleCells"
"Mpdz",0.471472697337082,0.00424308600097757,-0.000672016769353079,-0.00887644679119748,"Fibroblasts","lightcyan","SmoothMuscleCells"
"Msn",0.433109723186055,0.00389140449711845,-0.00102369827321221,-0.0152548687990162,"Fibroblasts","lightcyan","SmoothMuscleCells"
"Mxra8",0.441269452495312,0.00397561342178232,-0.000939489348548333,-0.0152579892259262,"Fibroblasts","lightcyan","SmoothMuscleCells"
"Myoc",0.465109106330471,0.00436514387574695,-0.000549958894583707,-0.0118649686537321,"Fibroblasts","lightcyan","SmoothMuscleCells"
"Nampt",0.423389712118938,0.0038466369008966,-0.00106846586943405,-0.0147550573244106,"Fibroblasts","lightcyan","SmoothMuscleCells"
"Ncam1",0.439205707728379,0.00399280408816575,-0.0009222986821649,-0.0134716654023108,"Fibroblasts","lightcyan","SmoothMuscleCells"
"Neo1",0.450227465494639,0.0041116539597347,-0.000803448810595954,-0.0126647243143025,"Fibroblasts","lightcyan","SmoothMuscleCells"
"Ngf",0.451851247091471,0.00408439353440324,-0.000830709235927417,-0.00899321709251247,"Fibroblasts","lightcyan","SmoothMuscleCells"
"Nid1",0.408816499072443,0.00380258537973476,-0.00111251739059589,-0.0207609311643905,"Fibroblasts","lightcyan","SmoothMuscleCells"
"Nlgn2",0.489910329155942,0.00477180765617094,-0.000143295114159709,-0.000389918098366314,"Fibroblasts","lightcyan","SmoothMuscleCells"
"Nppa",0.435908251804072,0.00395175755957203,-0.000963345210758628,-0.0122151740018705,"Fibroblasts","lightcyan","SmoothMuscleCells"
"Nrp1",0.433268472783513,0.00393653592156964,-0.000978566848761008,-0.0118873045881004,"Fibroblasts","lightcyan","SmoothMuscleCells"
"Nrxn2",0.514679802061918,0.00510764221604977,0.000192539445719121,0.00159785130273091,"Fibroblasts","lightcyan","SmoothMuscleCells"
"Ntn1",0.445047692914776,0.00399600113350929,-0.000919101636821368,-0.0126434776417705,"Fibroblasts","lightcyan","SmoothMuscleCells"
"Pam",0.371047701986182,0.0034976103551317,-0.00141749241519895,-0.0267122016921748,"Fibroblasts","lightcyan","SmoothMuscleCells"
"Pdgfa",0.47285608668634,0.00438902304185876,-0.000526079728471888,-0.00833633067085177,"Fibroblasts","lightcyan","SmoothMuscleCells"
"Pecam1",0.434066756473577,0.0039329563665236,-0.000982146403807052,-0.0140937278303959,"Fibroblasts","lightcyan","SmoothMuscleCells"
"Penk",0.420854254262423,0.00391377732059746,-0.0010013254497332,-0.0127217427518876,"Fibroblasts","lightcyan","SmoothMuscleCells"
"Pf4",0.460269511459451,0.00505418692461197,0.000139084154281317,0.0288496767901916,"Fibroblasts","lightcyan","SmoothMuscleCells"
"Pgf",0.48257156205067,0.00435634919020917,-0.000558753580121483,-0.00623331735468245,"Fibroblasts","lightcyan","SmoothMuscleCells"
"Pi16",0.451193570187721,0.00409204429206927,-0.000823058478261386,-0.0146333757153043,"Fibroblasts","lightcyan","SmoothMuscleCells"
"Plat",0.429526517986321,0.0039247673566184,-0.000990335413712249,-0.0138040627959421,"Fibroblasts","lightcyan","SmoothMuscleCells"
"Plekho2",0.437305248261688,0.00403790755755472,-0.000877195212775936,-0.0147906094600035,"Fibroblasts","lightcyan","SmoothMuscleCells"
"Plxna1",0.469186703133713,0.0042120107970509,-0.000703091973279753,-0.0092181306377893,"Fibroblasts","lightcyan","SmoothMuscleCells"
"Plxna2",0.446045547527357,0.00406042242512576,-0.000854680345204893,-0.0111734379281197,"Fibroblasts","lightcyan","SmoothMuscleCells"
"Postn",0.510044313816199,0.00601089411070372,0.00109579134037307,0.0182165231114454,"Fibroblasts","lightcyan","SmoothMuscleCells"
"Prnp",0.438847387208406,0.00433318794557986,-0.00058191482475079,-0.00274354982135229,"Fibroblasts","lightcyan","SmoothMuscleCells"
"Pros1",0.424156245889512,0.00386198666365797,-0.00105311610667269,-0.0140961348925935,"Fibroblasts","lightcyan","SmoothMuscleCells"
"Psap",0.421022075265444,0.00402013985046781,-0.000894962919862844,-0.0131879066340732,"Fibroblasts","lightcyan","SmoothMuscleCells"
"Psen1",0.434819683135801,0.00391451611807827,-0.00100058665225238,-0.0116283957974837,"Fibroblasts","lightcyan","SmoothMuscleCells"
"Ptdss1",0.371283558530973,0.00353865314317286,-0.00137644962715779,-0.0236253859422109,"Fibroblasts","lightcyan","SmoothMuscleCells"
"Ptprm",0.395676568105845,0.00367916014810012,-0.00123594262223053,-0.0210783630777735,"Fibroblasts","lightcyan","SmoothMuscleCells"
"Rarres2",0.475600186870949,0.00503909678518675,0.000123994014856098,-0.00133697536088442,"Fibroblasts","lightcyan","SmoothMuscleCells"
"Rgma",0.442875091281011,0.0040648797655843,-0.000850223004746356,-0.0140169837939674,"Fibroblasts","lightcyan","SmoothMuscleCells"
"Robo1",0.388714264331682,0.00361801688129571,-0.00129708588903495,-0.0217878628175236,"Fibroblasts","lightcyan","SmoothMuscleCells"
"Rspo1",0.387326339279637,0.0036170637897054,-0.00129803898062525,-0.022374855861429,"Fibroblasts","lightcyan","SmoothMuscleCells"
"S100a8",0.456917627101722,0.0041452704745644,-0.000769832295766254,-0.0109827663039313,"Fibroblasts","lightcyan","SmoothMuscleCells"
"S100a9",0.472470551949667,0.00420011914954206,-0.00071498362078859,-0.00865353739579065,"Fibroblasts","lightcyan","SmoothMuscleCells"
"Sdc2",0.428687412971196,0.00392709840655734,-0.000988004363773309,-0.0153504731170469,"Fibroblasts","lightcyan","SmoothMuscleCells"
"Sema3b",0.415765195738248,0.00380122864330072,-0.00111387412702994,-0.0165755118981875,"Fibroblasts","lightcyan","SmoothMuscleCells"
"Sema3c",0.441727558476542,0.00404977236490685,-0.000865330405423798,-0.0131053959175944,"Fibroblasts","lightcyan","SmoothMuscleCells"
"Sema3d",0.441954343615765,0.0040689573401188,-0.000846145430211851,-0.0114686065051817,"Fibroblasts","lightcyan","SmoothMuscleCells"
"Sema4c",0.424999886607428,0.00406703837124576,-0.000848064399084888,-0.0132909938800056,"Fibroblasts","lightcyan","SmoothMuscleCells"
"Sema5a",0.425145029096526,0.00385297847364585,-0.0010621242966848,-0.015992211905492,"Fibroblasts","lightcyan","SmoothMuscleCells"
"Sema6d",0.470452164210575,0.00435099679414236,-0.000564105976188297,-0.00716656907285502,"Fibroblasts","lightcyan","SmoothMuscleCells"
"Serpine1",0.409179355295202,0.00379621935580519,-0.00111888341452546,-0.0167085764209614,"Fibroblasts","lightcyan","SmoothMuscleCells"
"Serpine2",0.404285331990764,0.00373181157603483,-0.00118329119429582,-0.0192055190682922,"Fibroblasts","lightcyan","SmoothMuscleCells"
"Serpinf1",0.435187075061338,0.00400540809196113,-0.000909694678369523,-0.0132176898026357,"Fibroblasts","lightcyan","SmoothMuscleCells"
"Serping1",0.43603071577925,0.00408757058916811,-0.000827532181162547,-0.0124048825764017,"Fibroblasts","lightcyan","SmoothMuscleCells"
"Sfrp1",0.380413928236108,0.00361581874641469,-0.00129928402391596,-0.0228318516281544,"Fibroblasts","lightcyan","SmoothMuscleCells"
"Shisa4",0.403800011792822,0.00372648652652054,-0.00118861624381011,-0.0195818207783857,"Fibroblasts","lightcyan","SmoothMuscleCells"
"Sirpa",0.45606945068103,0.00418328675776271,-0.00073181601256794,-0.0115441837735508,"Fibroblasts","lightcyan","SmoothMuscleCells"
"Slc6a8",0.423589283041454,0.00387011930579768,-0.00104498346453298,-0.0151482958520107,"Fibroblasts","lightcyan","SmoothMuscleCells"
"Slit2",0.404766116485913,0.00371357994462016,-0.00120152282571049,-0.0168291888616988,"Fibroblasts","lightcyan","SmoothMuscleCells"
"Slit3",0.403954225687494,0.00379316773474113,-0.00112193503558952,-0.0168686434795842,"Fibroblasts","lightcyan","SmoothMuscleCells"
"Sparc",0.424568994842899,0.00383977326537812,-0.00107532950495253,-0.0129986330915582,"Fibroblasts","lightcyan","SmoothMuscleCells"
"Spon1",0.416109909149861,0.00386112483921509,-0.00105397793111556,-0.0151197179043078,"Fibroblasts","lightcyan","SmoothMuscleCells"
"Spon2",0.457965374444936,0.00488991799082447,-2.51847795061811e-05,-0.0037911594226991,"Fibroblasts","lightcyan","SmoothMuscleCells"
"Tfpi",0.419892685272114,0.00385276529785918,-0.00106233747247147,-0.0125302095501018,"Fibroblasts","lightcyan","SmoothMuscleCells"
"Tgfb1",0.439028815319779,0.00405000937758303,-0.00086509339274762,-0.0125952980214369,"Fibroblasts","lightcyan","SmoothMuscleCells"
"Tgfb2",0.4796732479714,0.00466117392978529,-0.00025392884054536,-0.00466140419331447,"Fibroblasts","lightcyan","SmoothMuscleCells"
"Tgfb3",0.444666693880878,0.0040394091788814,-0.000875693591449248,-0.0151535835644499,"Fibroblasts","lightcyan","SmoothMuscleCells"
"Tgfbi",0.41734815601003,0.00383248925191605,-0.0010826135184146,-0.0164964465702424,"Fibroblasts","lightcyan","SmoothMuscleCells"
"Tgm2",0.455906165380788,0.00450801158354059,-0.000407091186790059,-0.00206835876104159,"Fibroblasts","lightcyan","SmoothMuscleCells"
"Thbs1",0.415025876184377,0.00386351594493381,-0.00105158682539684,-0.0132421500648601,"Fibroblasts","lightcyan","SmoothMuscleCells"
"Thbs2",0.414522413175301,0.00380386788934964,-0.00111123488098102,-0.0154608968921193,"Fibroblasts","lightcyan","SmoothMuscleCells"
"Timp1",0.429766910233902,0.00403468317563285,-0.000880419594697801,-0.0111576294349158,"Fibroblasts","lightcyan","SmoothMuscleCells"
"Timp2",0.456577449392886,0.00423652042826193,-0.000678582342068721,-0.00903078851412614,"Fibroblasts","lightcyan","SmoothMuscleCells"
"Timp3",0.419951649408315,0.00387135146838949,-0.00104375130194116,-0.0160757106668397,"Fibroblasts","lightcyan","SmoothMuscleCells"
"Tnfsf12",0.482748454459269,0.00447365280193677,-0.000441449968393885,-0.010691744789458,"Fibroblasts","lightcyan","SmoothMuscleCells"
"Tnxb",0.422369178992433,0.0038399166639624,-0.00107518610636825,-0.0154604704427898,"Fibroblasts","lightcyan","SmoothMuscleCells"
"Tslp",0.503426723453657,0.00462548831516625,-0.000289614455164398,-0.00676199960994235,"Fibroblasts","lightcyan","SmoothMuscleCells"
"Tspan3",0.43503286116667,0.00401755890056647,-0.000897543869764181,-0.0145692774804687,"Fibroblasts","lightcyan","SmoothMuscleCells"
"Tspan5",0.409564890031883,0.00373108261124367,-0.00118402015908698,-0.0182244727528133,"Fibroblasts","lightcyan","SmoothMuscleCells"
"Vcam1",0.40723807450345,0.0037472980728927,-0.00116780469743795,-0.0156944205244612,"Fibroblasts","lightcyan","SmoothMuscleCells"
"Vcan",0.407628144942914,0.00378414408961477,-0.00113095868071588,-0.0175237078104741,"Fibroblasts","lightcyan","SmoothMuscleCells"
"Vegfa",0.458455230345659,0.00415207762353876,-0.000763025146791894,-0.0120709094922776,"Fibroblasts","lightcyan","SmoothMuscleCells"
"Vegfb",0.457974445850507,0.00409619467145267,-0.000818908098877987,-0.011534693436056,"Fibroblasts","lightcyan","SmoothMuscleCells"
"Vegfc",0.478625500628184,0.00447166885836628,-0.000443433911964375,0.00636486664586143,"Fibroblasts","lightcyan","SmoothMuscleCells"
"Vsig10",0.446798474189575,0.00409185132692387,-0.000823251443406779,-0.0134865772121193,"Fibroblasts","lightcyan","SmoothMuscleCells"
"Wnt11",0.386396520208819,0.00358435962545705,-0.00133074314487361,-0.0159205492945195,"Fibroblasts","lightcyan","SmoothMuscleCells"
"Wnt5a",0.418631759898036,0.00419917218737736,-0.000715930582953288,0.00662030850849252,"Fibroblasts","lightcyan","SmoothMuscleCells"
"Wnt9a",0.393172860168819,0.00362609776163529,-0.00128900500869536,-0.0158933247705931,"Fibroblasts","lightcyan","SmoothMuscleCells"
"Zdhhc5",0.438411959741093,0.00403573102067826,-0.000879371749652393,-0.0133099787600961,"Fibroblasts","lightcyan","SmoothMuscleCells"
"Znrf3",0.456913091398942,0.00430863812347454,-0.000606464646856108,-0.00931702024396564,"Fibroblasts","lightcyan","SmoothMuscleCells"
"Adam10",0.419098937284834,0.00379511215705645,-0.0011199906132742,-0.0174523904718574,"EndothelialCells","lightcyan","SmoothMuscleCells"
"Adam15",0.39543164015548,0.00369985452038664,-0.00121524824994401,-0.0199741640276199,"EndothelialCells","lightcyan","SmoothMuscleCells"
"Adam17",0.444172302277367,0.00401337681129128,-0.00090172595903937,-0.0100845044829296,"EndothelialCells","lightcyan","SmoothMuscleCells"
"Adam9",0.413347666154131,0.00381107010360339,-0.00110403266672726,-0.0154763370471092,"EndothelialCells","lightcyan","SmoothMuscleCells"
"Adm",0.439609385276197,0.00491077884949876,-4.32392083189043e-06,0.00844703539200655,"EndothelialCells","lightcyan","SmoothMuscleCells"
"Agrn",0.427489987436098,0.00395328910646629,-0.000961813663864364,-0.0122145616947182,"EndothelialCells","lightcyan","SmoothMuscleCells"
"Angpt2",0.424405709542662,0.00394575617289138,-0.000969346597439269,-0.0135336696248656,"EndothelialCells","lightcyan","SmoothMuscleCells"
"Angptl4",0.439296421784067,0.00425652311123338,-0.000658579659097268,0.0018413053410499,"EndothelialCells","lightcyan","SmoothMuscleCells"
"Anxa1",0.44923868228762,0.00408769020874043,-0.000827412561590222,-0.0118887967939779,"EndothelialCells","lightcyan","SmoothMuscleCells"
"Anxa2",0.418005832913778,0.00382174444580773,-0.00109335832452292,-0.0147537417855878,"EndothelialCells","lightcyan","SmoothMuscleCells"
"Apoe",0.437273498342196,0.0040074287699261,-0.000907674000404556,-0.0104191109421195,"EndothelialCells","lightcyan","SmoothMuscleCells"
"App",0.416558943725533,0.00390027342970219,-0.00101482934062846,-0.00391514404818459,"EndothelialCells","lightcyan","SmoothMuscleCells"
"Arf1",0.412014169535496,0.00381527463815346,-0.0010998281321772,-0.0171245542658601,"EndothelialCells","lightcyan","SmoothMuscleCells"
"B2m",0.427004667238161,0.00391833477067978,-0.000996767999650875,-0.0133271764437193,"EndothelialCells","lightcyan","SmoothMuscleCells"
"Bace2",0.475532151329183,0.00436590328349564,-0.000549199486835016,-0.00894803577972935,"EndothelialCells","lightcyan","SmoothMuscleCells"
"Bgn",0.410998172111775,0.00378165059955917,-0.00113345217077149,-0.0148557987025426,"EndothelialCells","lightcyan","SmoothMuscleCells"
"Bmp1",0.463122468510878,0.00428256850910414,-0.000632534261226517,-0.0104372004157816,"EndothelialCells","lightcyan","SmoothMuscleCells"
"Bmp4",0.437717997215072,0.00402329221749015,-0.000891810552840502,-0.00651578183223717,"EndothelialCells","lightcyan","SmoothMuscleCells"
"C1qa",0.424160781592295,0.0038962313104352,-0.00101887145989546,-0.0112739323009443,"EndothelialCells","lightcyan","SmoothMuscleCells"
"C1qb",0.415302554054237,0.00382721546795765,-0.00108788730237301,-0.016560096576324,"EndothelialCells","lightcyan","SmoothMuscleCells"
"Calm1",0.434992039841607,0.00394443350782911,-0.000970669262501544,-0.0127309774308101,"EndothelialCells","lightcyan","SmoothMuscleCells"
"Calm2",0.44414962376345,0.00399841071973668,-0.000916692050593976,-0.0107198718773726,"EndothelialCells","lightcyan","SmoothMuscleCells"
"Calm3",0.438021889301633,0.00396371492711989,-0.00095138784321076,-0.0138887600602346,"EndothelialCells","lightcyan","SmoothMuscleCells"
"Calr",0.425775491783567,0.00468555286711775,-0.000229549903212905,0.00201580940752782,"EndothelialCells","lightcyan","SmoothMuscleCells"
"Cd320",0.401863266703853,0.00374496345089565,-0.001170139319435,-0.0143686848520736,"EndothelialCells","lightcyan","SmoothMuscleCells"
"Cd38",0.472470551949668,0.00440631041658808,-0.000508792353742571,-0.00733198874501987,"EndothelialCells","lightcyan","SmoothMuscleCells"
"Cd47",0.414145949844192,0.00383469628675702,-0.00108040648357363,-0.0145460571585785,"EndothelialCells","lightcyan","SmoothMuscleCells"
"Cd9",0.406498754949581,0.00372989708434338,-0.00118520568598727,-0.0117716663563926,"EndothelialCells","lightcyan","SmoothMuscleCells"
"Cdh5",0.434620112213281,0.00392757093965706,-0.000987531830673589,-0.0134841221562102,"EndothelialCells","lightcyan","SmoothMuscleCells"
"Col15a1",0.43069672930472,0.00396481867913446,-0.000950284091196196,-0.0149070250296126,"EndothelialCells","lightcyan","SmoothMuscleCells"
"Col3a1",0.4167721217564,0.0038463704484878,-0.00106873232184285,-0.0184618116291868,"EndothelialCells","lightcyan","SmoothMuscleCells"
"Col4a1",0.412667310736457,0.00379711443104694,-0.00111798833928372,-0.0157804074568098,"EndothelialCells","lightcyan","SmoothMuscleCells"
"Col4a2",0.415878588307864,0.00379831651390294,-0.00111678625642771,-0.0160350929410003,"EndothelialCells","lightcyan","SmoothMuscleCells"
"Copa",0.39616188830378,0.00368255392821095,-0.00123254884211971,-0.0156162644724591,"EndothelialCells","lightcyan","SmoothMuscleCells"
"Ctsd",0.414785483936806,0.00377936225353446,-0.00113574051679619,-0.0174368371785444,"EndothelialCells","lightcyan","SmoothMuscleCells"
"Cx3cl1",0.413361273262482,0.00377369113366389,-0.00114141163666677,-0.0116501979368172,"EndothelialCells","lightcyan","SmoothMuscleCells"
"Cxcl12",0.475831507712963,0.00458269425828566,-0.000332408512044993,-0.00180003973678689,"EndothelialCells","lightcyan","SmoothMuscleCells"
"Dcn",0.449252289395973,0.00419396045061612,-0.000721142319714534,-0.00855933608840389,"EndothelialCells","lightcyan","SmoothMuscleCells"
"Dll4",0.442739020197483,0.00399926507148598,-0.000915837698844668,-0.012906663402426,"EndothelialCells","lightcyan","SmoothMuscleCells"
"Edn1",0.42676881069337,0.00392298257495738,-0.000992120195373277,-0.00960972523991876,"EndothelialCells","lightcyan","SmoothMuscleCells"
"Efemp2",0.479877354596698,0.00428139780196662,-0.000633704968364037,-0.00810783187128203,"EndothelialCells","lightcyan","SmoothMuscleCells"
"Efna1",0.47716954003437,0.00432433958064772,-0.000590763189682932,-0.00860472060995708,"EndothelialCells","lightcyan","SmoothMuscleCells"
"Efnb1",0.435336753253222,0.00395745160574959,-0.00095765116458106,-0.0152412016836972,"EndothelialCells","lightcyan","SmoothMuscleCells"
"Efnb2",0.428406199398559,0.00393758737433996,-0.000977515395990694,-0.0156678795510155,"EndothelialCells","lightcyan","SmoothMuscleCells"
"Eng",0.460913581254838,0.00418846618508538,-0.000726636585245276,-0.0124938897044962,"EndothelialCells","lightcyan","SmoothMuscleCells"
"Entpd1",0.428428877912484,0.0038813905927732,-0.00103371217755745,-0.0129725651946741,"EndothelialCells","lightcyan","SmoothMuscleCells"
"Epha4",0.484231629269791,0.00537288565324304,0.000457782882912389,0.0103895269667991,"EndothelialCells","lightcyan","SmoothMuscleCells"
"Esam",0.474910760047711,0.00445382848695136,-0.000461274283379292,-0.0050376401927362,"EndothelialCells","lightcyan","SmoothMuscleCells"
"F11r",0.392937003624025,0.00364704198529288,-0.00126806078503777,-0.021422402077361,"EndothelialCells","lightcyan","SmoothMuscleCells"
"Fam3c",0.406698325872097,0.00375843541049468,-0.00115666735983597,-0.0166837975222219,"EndothelialCells","lightcyan","SmoothMuscleCells"
"Fbn1",0.434964825624898,0.00398220220591737,-0.000932900564413283,-0.0131695788118416,"EndothelialCells","lightcyan","SmoothMuscleCells"
"Fn1",0.417434334362932,0.00382945684972691,-0.00108564592060374,-0.0139221425417044,"EndothelialCells","lightcyan","SmoothMuscleCells"
"Furin",0.410594494563956,0.00462640417973101,-0.000288698590599643,-0.00219130000032231,"EndothelialCells","lightcyan","SmoothMuscleCells"
"Gas6",0.483406131363014,0.00443153626801419,-0.000483566502316464,-0.00653976113945086,"EndothelialCells","lightcyan","SmoothMuscleCells"
"Glg1",0.468501812013254,0.00435546506924736,-0.000559637701083292,-0.00897575249336552,"EndothelialCells","lightcyan","SmoothMuscleCells"
"Gnas",0.416577086536668,0.00387140105989384,-0.00104370171043681,-0.0143601313465587,"EndothelialCells","lightcyan","SmoothMuscleCells"
"Gpi1",0.409973103282488,0.00376431882031412,-0.00115078395001653,-0.0122860846861235,"EndothelialCells","lightcyan","SmoothMuscleCells"
"Grn",0.437232677017136,0.00398446564620877,-0.000930637124121882,-0.00971607676497566,"EndothelialCells","lightcyan","SmoothMuscleCells"
"Gstp1",0.426455847201238,0.00390472304081108,-0.00101037972951957,-0.0152069982410336,"EndothelialCells","lightcyan","SmoothMuscleCells"
"H2-D1",0.423512176094116,0.00389169483209867,-0.00102340793823198,-0.0160076572678914,"EndothelialCells","lightcyan","SmoothMuscleCells"
"H2-K1",0.425566849455479,0.00390921483939319,-0.00100588793093746,-0.015741250633849,"EndothelialCells","lightcyan","SmoothMuscleCells"
"H2-Q4",0.423512176094116,0.00389153416056444,-0.00102356860976621,-0.0160056326676183,"EndothelialCells","lightcyan","SmoothMuscleCells"
"Hbegf",0.496219491729138,0.0053639905409114,0.000448887770580743,0.0142625109476789,"EndothelialCells","lightcyan","SmoothMuscleCells"
"Hsp90b1",0.388006694697304,0.00369989744812926,-0.0012152053222014,-0.0203047626133464,"EndothelialCells","lightcyan","SmoothMuscleCells"
"Hspg2",0.434434148399117,0.00400168945562659,-0.000913413314704068,-0.0116481851665255,"EndothelialCells","lightcyan","SmoothMuscleCells"
"Icam1",0.465027463680355,0.00416995309725142,-0.000745149673079235,-0.0109950673670049,"EndothelialCells","lightcyan","SmoothMuscleCells"
"Igfbp4",0.451479319463147,0.00433867253504997,-0.000576430235280682,-0.00850364099740073,"EndothelialCells","lightcyan","SmoothMuscleCells"
"Il15",0.490141649997954,0.00473344536591687,-0.000181657404413785,-0.00233996088600977,"EndothelialCells","lightcyan","SmoothMuscleCells"
"Il16",0.432306903793201,0.00400013107580219,-0.000914971694528464,-0.0134102034748722,"EndothelialCells","lightcyan","SmoothMuscleCells"
"Jag1",0.407201788881175,0.00456283873178961,-0.000352264038541044,-0.00084107278935537,"EndothelialCells","lightcyan","SmoothMuscleCells"
"Jag2",0.449714931079985,0.0040891908524551,-0.000825911917875555,-0.0131507457833251,"EndothelialCells","lightcyan","SmoothMuscleCells"
"Jam2",0.459398656524826,0.00419913678506714,-0.000715965985263509,-0.0142629013868739,"EndothelialCells","lightcyan","SmoothMuscleCells"
"Jam3",0.453475028688315,0.0040782361489571,-0.000836866621373555,-0.0133621232447199,"EndothelialCells","lightcyan","SmoothMuscleCells"
"Lama4",0.458096909825688,0.00419323366761989,-0.000721869102710764,-0.0110643147349639,"EndothelialCells","lightcyan","SmoothMuscleCells"
"Lama5",0.432279689576495,0.00392730743684663,-0.000987795333484023,-0.0151459968576196,"EndothelialCells","lightcyan","SmoothMuscleCells"
"Lamb1",0.40282029999138,0.00371473624623775,-0.0012003665240929,-0.0184236156894691,"EndothelialCells","lightcyan","SmoothMuscleCells"
"Lamb2",0.426437704390099,0.00385904084507107,-0.00105606192525959,-0.0173927313114086,"EndothelialCells","lightcyan","SmoothMuscleCells"
"Lamc1",0.367478103894808,0.00349950513477264,-0.00141559763555801,-0.0215591484356616,"EndothelialCells","lightcyan","SmoothMuscleCells"
"Lfng",0.412898631578464,0.00378910853676633,-0.00112599423356432,-0.0177961353885328,"EndothelialCells","lightcyan","SmoothMuscleCells"
"Lgals1",0.444507944283423,0.0040390344337125,-0.000876068336618156,-0.00923347863502336,"EndothelialCells","lightcyan","SmoothMuscleCells"
"Lgals3bp",0.426310704712134,0.00386147992525865,-0.001053622845072,-0.0161870367336636,"EndothelialCells","lightcyan","SmoothMuscleCells"
"Lpl",0.40908410553673,0.00375763166722681,-0.00115747110310384,-0.0164231233282889,"EndothelialCells","lightcyan","SmoothMuscleCells"
"Lrpap1",0.396479387498689,0.00369726999254815,-0.0012178327777825,-0.019113716805907,"EndothelialCells","lightcyan","SmoothMuscleCells"
"Ltbp1",0.470474842724499,0.00462174140913924,-0.000293361361191412,-0.00358859793135103,"EndothelialCells","lightcyan","SmoothMuscleCells"
"Lum",0.422019929878028,0.00388262004895257,-0.00103248272137808,-0.0158360137816379,"EndothelialCells","lightcyan","SmoothMuscleCells"
"Mcam",0.388138230078056,0.00364485419986993,-0.00127024857046072,-0.0150763503164544,"EndothelialCells","lightcyan","SmoothMuscleCells"
"Mfap5",0.428701020079549,0.0039288926936038,-0.000986210076726848,-0.0168751616169124,"EndothelialCells","lightcyan","SmoothMuscleCells"
"Mfge8",0.383412027776641,0.00357251279654696,-0.0013425899737837,-0.0220310611403852,"EndothelialCells","lightcyan","SmoothMuscleCells"
"Mfng",0.393005039165786,0.00365388443416015,-0.0012612183361705,-0.0224855870425567,"EndothelialCells","lightcyan","SmoothMuscleCells"
"Mif",0.449247753693192,0.00403761253190122,-0.000877490238429436,-0.0172779167205103,"EndothelialCells","lightcyan","SmoothMuscleCells"
"Mmp15",0.40157751742843,0.00369438235252511,-0.00122072041780554,-0.020786989556067,"EndothelialCells","lightcyan","SmoothMuscleCells"
"Mmrn2",0.534841000938879,0.00524557949395188,0.000330476723621225,0.00594657979004762,"EndothelialCells","lightcyan","SmoothMuscleCells"
"Mpdz",0.471472697337082,0.00424308600097757,-0.000672016769353079,-0.00887644679119748,"EndothelialCells","lightcyan","SmoothMuscleCells"
"Msn",0.433109723186055,0.00389140449711845,-0.00102369827321221,-0.0152548687990162,"EndothelialCells","lightcyan","SmoothMuscleCells"
"Mxra8",0.441269452495312,0.00397561342178232,-0.000939489348548333,-0.0152579892259262,"EndothelialCells","lightcyan","SmoothMuscleCells"
"Nampt",0.423389712118938,0.0038466369008966,-0.00106846586943405,-0.0147550573244106,"EndothelialCells","lightcyan","SmoothMuscleCells"
"Nid1",0.408816499072443,0.00380258537973476,-0.00111251739059589,-0.0207609311643905,"EndothelialCells","lightcyan","SmoothMuscleCells"
"Nppa",0.435908251804072,0.00395175755957203,-0.000963345210758628,-0.0122151740018705,"EndothelialCells","lightcyan","SmoothMuscleCells"
"Nrp1",0.433268472783513,0.00393653592156964,-0.000978566848761008,-0.0118873045881004,"EndothelialCells","lightcyan","SmoothMuscleCells"
"Ntf3",0.465961818453963,0.00425137936182858,-0.000663723408502071,-0.0103840140608443,"EndothelialCells","lightcyan","SmoothMuscleCells"
"Nts",0.442734484494696,0.00420739274039109,-0.000707710029939568,-0.00791212921647303,"EndothelialCells","lightcyan","SmoothMuscleCells"
"Pam",0.371047701986182,0.0034976103551317,-0.00141749241519895,-0.0267122016921748,"EndothelialCells","lightcyan","SmoothMuscleCells"
"Pdgfb",0.48250352650891,0.0045464585936673,-0.000368644176663355,-0.00453863816479945,"EndothelialCells","lightcyan","SmoothMuscleCells"
"Pdgfd",0.464796142838345,0.00416452680037541,-0.000750575969955242,-0.01799229893296,"EndothelialCells","lightcyan","SmoothMuscleCells"
"Pecam1",0.434066756473577,0.0039329563665236,-0.000982146403807052,-0.0140937278303959,"EndothelialCells","lightcyan","SmoothMuscleCells"
"Pf4",0.460269511459451,0.00505418692461197,0.000139084154281317,0.0288496767901916,"EndothelialCells","lightcyan","SmoothMuscleCells"
"Pi16",0.451193570187721,0.00409204429206927,-0.000823058478261386,-0.0146333757153043,"EndothelialCells","lightcyan","SmoothMuscleCells"
"Plat",0.429526517986321,0.0039247673566184,-0.000990335413712249,-0.0138040627959421,"EndothelialCells","lightcyan","SmoothMuscleCells"
"Plekho2",0.437305248261688,0.00403790755755472,-0.000877195212775936,-0.0147906094600035,"EndothelialCells","lightcyan","SmoothMuscleCells"
"Plxna2",0.446045547527357,0.00406042242512576,-0.000854680345204893,-0.0111734379281197,"EndothelialCells","lightcyan","SmoothMuscleCells"
"Prnp",0.438847387208406,0.00433318794557986,-0.00058191482475079,-0.00274354982135229,"EndothelialCells","lightcyan","SmoothMuscleCells"
"Pros1",0.424156245889512,0.00386198666365797,-0.00105311610667269,-0.0140961348925935,"EndothelialCells","lightcyan","SmoothMuscleCells"
"Psap",0.421022075265444,0.00402013985046781,-0.000894962919862844,-0.0131879066340732,"EndothelialCells","lightcyan","SmoothMuscleCells"
"Psen1",0.434819683135801,0.00391451611807827,-0.00100058665225238,-0.0116283957974837,"EndothelialCells","lightcyan","SmoothMuscleCells"
"Ptdss1",0.371283558530973,0.00353865314317286,-0.00137644962715779,-0.0236253859422109,"EndothelialCells","lightcyan","SmoothMuscleCells"
"Ptprm",0.395676568105845,0.00367916014810012,-0.00123594262223053,-0.0210783630777735,"EndothelialCells","lightcyan","SmoothMuscleCells"
"S100a8",0.456917627101722,0.0041452704745644,-0.000769832295766254,-0.0109827663039313,"EndothelialCells","lightcyan","SmoothMuscleCells"
"S100a9",0.472470551949667,0.00420011914954206,-0.00071498362078859,-0.00865353739579065,"EndothelialCells","lightcyan","SmoothMuscleCells"
"Sema3f",0.470311557424258,0.00425746785266242,-0.000657634917668234,-0.00839133216651998,"EndothelialCells","lightcyan","SmoothMuscleCells"
"Sema4c",0.424999886607428,0.00406703837124576,-0.000848064399084888,-0.0132909938800056,"EndothelialCells","lightcyan","SmoothMuscleCells"
"Sema6a",0.433554222058935,0.00397442744068306,-0.00094067532964759,-0.0150348953256819,"EndothelialCells","lightcyan","SmoothMuscleCells"
"Sema6b",0.45092142802066,0.00409682210771848,-0.000818280662612175,-0.0115896536552153,"EndothelialCells","lightcyan","SmoothMuscleCells"
"Sema6d",0.470452164210575,0.00435099679414236,-0.000564105976188297,-0.00716656907285502,"EndothelialCells","lightcyan","SmoothMuscleCells"
"Sema7a",0.410186281313355,0.00378350134537319,-0.00113160142495746,-0.0170731460547467,"EndothelialCells","lightcyan","SmoothMuscleCells"
"Serping1",0.43603071577925,0.00408757058916811,-0.000827532181162547,-0.0124048825764017,"EndothelialCells","lightcyan","SmoothMuscleCells"
"Sparc",0.424568994842899,0.00383977326537812,-0.00107532950495253,-0.0129986330915582,"EndothelialCells","lightcyan","SmoothMuscleCells"
"Tfpi",0.419892685272114,0.00385276529785918,-0.00106233747247147,-0.0125302095501018,"EndothelialCells","lightcyan","SmoothMuscleCells"
"Tgfb1",0.439028815319779,0.00405000937758303,-0.00086509339274762,-0.0125952980214369,"EndothelialCells","lightcyan","SmoothMuscleCells"
"Tgm2",0.455906165380788,0.00450801158354059,-0.000407091186790059,-0.00206835876104159,"EndothelialCells","lightcyan","SmoothMuscleCells"
"Timp2",0.456577449392886,0.00423652042826193,-0.000678582342068721,-0.00903078851412614,"EndothelialCells","lightcyan","SmoothMuscleCells"
"Timp3",0.419951649408315,0.00387135146838949,-0.00104375130194116,-0.0160757106668397,"EndothelialCells","lightcyan","SmoothMuscleCells"
"Tnfsf12",0.482748454459269,0.00447365280193677,-0.000441449968393885,-0.010691744789458,"EndothelialCells","lightcyan","SmoothMuscleCells"
"Tspan3",0.43503286116667,0.00401755890056647,-0.000897543869764181,-0.0145692774804687,"EndothelialCells","lightcyan","SmoothMuscleCells"
"Tspan5",0.409564890031883,0.00373108261124367,-0.00118402015908698,-0.0182244727528133,"EndothelialCells","lightcyan","SmoothMuscleCells"
"Vcam1",0.40723807450345,0.0037472980728927,-0.00116780469743795,-0.0156944205244612,"EndothelialCells","lightcyan","SmoothMuscleCells"
"Vegfc",0.478625500628184,0.00447166885836628,-0.000443433911964375,0.00636486664586143,"EndothelialCells","lightcyan","SmoothMuscleCells"
"Vsig10",0.446798474189575,0.00409185132692387,-0.000823251443406779,-0.0134865772121193,"EndothelialCells","lightcyan","SmoothMuscleCells"
"Vwf",0.442444199516485,0.00406101458166711,-0.000854088188663541,-0.00991730255212442,"EndothelialCells","lightcyan","SmoothMuscleCells"
"Zdhhc5",0.438411959741093,0.00403573102067826,-0.000879371749652393,-0.0133099787600961,"EndothelialCells","lightcyan","SmoothMuscleCells"
"Adam10",0.419098937284834,0.00379511215705645,-0.0011199906132742,-0.0174523904718574,"Myocytes","lightcyan","SmoothMuscleCells"
"Adam15",0.39543164015548,0.00369985452038664,-0.00121524824994401,-0.0199741640276199,"Myocytes","lightcyan","SmoothMuscleCells"
"Adam17",0.444172302277367,0.00401337681129128,-0.00090172595903937,-0.0100845044829296,"Myocytes","lightcyan","SmoothMuscleCells"
"Adam9",0.413347666154131,0.00381107010360339,-0.00110403266672726,-0.0154763370471092,"Myocytes","lightcyan","SmoothMuscleCells"
"Adm",0.439609385276197,0.00491077884949876,-4.32392083189043e-06,0.00844703539200655,"Myocytes","lightcyan","SmoothMuscleCells"
"Ahsg",0.421593573816287,0.00393635019507109,-0.000978752575259562,-0.0151015791419579,"Myocytes","lightcyan","SmoothMuscleCells"
"Angpt1",0.503680722809585,0.00500024651215312,8.51437418224674e-05,0.0139395609474054,"Myocytes","lightcyan","SmoothMuscleCells"
"Angptl2",0.45749819705814,0.00414565914384585,-0.000769443626484801,-0.0100087761477722,"Myocytes","lightcyan","SmoothMuscleCells"
"Angptl4",0.439296421784067,0.00425652311123338,-0.000658579659097268,0.0018413053410499,"Myocytes","lightcyan","SmoothMuscleCells"
"Angptl6",0.473001229175447,0.00478319453744159,-0.000131908232889059,-0.00199414016266981,"Myocytes","lightcyan","SmoothMuscleCells"
"Anxa2",0.418005832913778,0.00382174444580773,-0.00109335832452292,-0.0147537417855878,"Myocytes","lightcyan","SmoothMuscleCells"
"Apoa1",0.402393943929638,0.00369615039851654,-0.00121895237181411,-0.0154844753592295,"Myocytes","lightcyan","SmoothMuscleCells"
"Apoa2",0.419792899810857,0.00385668918627541,-0.00105841358405524,-0.0167625180701975,"Myocytes","lightcyan","SmoothMuscleCells"
"Apoe",0.437273498342196,0.0040074287699261,-0.000907674000404556,-0.0104191109421195,"Myocytes","lightcyan","SmoothMuscleCells"
"App",0.416558943725533,0.00390027342970219,-0.00101482934062846,-0.00391514404818459,"Myocytes","lightcyan","SmoothMuscleCells"
"Arf1",0.412014169535496,0.00381527463815346,-0.0010998281321772,-0.0171245542658601,"Myocytes","lightcyan","SmoothMuscleCells"
"B2m",0.427004667238161,0.00391833477067978,-0.000996767999650875,-0.0133271764437193,"Myocytes","lightcyan","SmoothMuscleCells"
"Bace1",0.404865901947175,0.00373444175868909,-0.00118066101164156,-0.0166926178093823,"Myocytes","lightcyan","SmoothMuscleCells"
"Bgn",0.410998172111775,0.00378165059955917,-0.00113345217077149,-0.0148557987025426,"Myocytes","lightcyan","SmoothMuscleCells"
"Bmp1",0.463122468510878,0.00428256850910414,-0.000632534261226517,-0.0104372004157816,"Myocytes","lightcyan","SmoothMuscleCells"
"Bmp10",0.435559002689666,0.00399194837654097,-0.000923154393789683,-0.0160930839845986,"Myocytes","lightcyan","SmoothMuscleCells"
"Bmp3",0.475364330326159,0.00449980012216245,-0.000415302648168208,-0.00659559589300602,"Myocytes","lightcyan","SmoothMuscleCells"
"C1qa",0.424160781592295,0.0038962313104352,-0.00101887145989546,-0.0112739323009443,"Myocytes","lightcyan","SmoothMuscleCells"
"C1qb",0.415302554054237,0.00382721546795765,-0.00108788730237301,-0.016560096576324,"Myocytes","lightcyan","SmoothMuscleCells"
"C3",0.415674481682557,0.0038205583007448,-0.00109454446958585,-0.0162154643941254,"Myocytes","lightcyan","SmoothMuscleCells"
"Calm1",0.434992039841607,0.00394443350782911,-0.000970669262501544,-0.0127309774308101,"Myocytes","lightcyan","SmoothMuscleCells"
"Calm2",0.44414962376345,0.00399841071973668,-0.000916692050593976,-0.0107198718773726,"Myocytes","lightcyan","SmoothMuscleCells"
"Calm3",0.438021889301633,0.00396371492711989,-0.00095138784321076,-0.0138887600602346,"Myocytes","lightcyan","SmoothMuscleCells"
"Calr",0.425775491783567,0.00468555286711775,-0.000229549903212905,0.00201580940752782,"Myocytes","lightcyan","SmoothMuscleCells"
"Cd320",0.401863266703853,0.00374496345089565,-0.001170139319435,-0.0143686848520736,"Myocytes","lightcyan","SmoothMuscleCells"
"Cd44",0.453470492985533,0.00409879781331005,-0.000816304957020604,-0.00934994692700948,"Myocytes","lightcyan","SmoothMuscleCells"
"Cd47",0.414145949844192,0.00383469628675702,-0.00108040648357363,-0.0145460571585785,"Myocytes","lightcyan","SmoothMuscleCells"
"Cd9",0.406498754949581,0.00372989708434338,-0.00118520568598727,-0.0117716663563926,"Myocytes","lightcyan","SmoothMuscleCells"
"Cdh5",0.434620112213281,0.00392757093965706,-0.000987531830673589,-0.0134841221562102,"Myocytes","lightcyan","SmoothMuscleCells"
"Cntf",0.50107269370852,0.00466888042904849,-0.000246222341282165,-0.004152374518678,"Myocytes","lightcyan","SmoothMuscleCells"
"Col1a2",0.435740430801043,0.00393152293107222,-0.000983579839258435,-0.0154343866599626,"Myocytes","lightcyan","SmoothMuscleCells"
"Col3a1",0.4167721217564,0.0038463704484878,-0.00106873232184285,-0.0184618116291868,"Myocytes","lightcyan","SmoothMuscleCells"
"Col4a1",0.412667310736457,0.00379711443104694,-0.00111798833928372,-0.0157804074568098,"Myocytes","lightcyan","SmoothMuscleCells"
"Col4a2",0.415878588307864,0.00379831651390294,-0.00111678625642771,-0.0160350929410003,"Myocytes","lightcyan","SmoothMuscleCells"
"Col4a5",0.404557474157833,0.00373327415373606,-0.00118182861659459,-0.0181100307460512,"Myocytes","lightcyan","SmoothMuscleCells"
"Col6a2",0.439945027282246,0.00399224913772856,-0.000922853632602092,-0.0141612259807235,"Myocytes","lightcyan","SmoothMuscleCells"
"Copa",0.39616188830378,0.00368255392821095,-0.00123254884211971,-0.0156162644724591,"Myocytes","lightcyan","SmoothMuscleCells"
"Cp",0.424754958657067,0.00401058634389644,-0.000904516426434213,-0.0131403635024307,"Myocytes","lightcyan","SmoothMuscleCells"
"Crhr2",0.403015335211108,0.00371264708360319,-0.00120245568672747,-0.0158761429315415,"Myocytes","lightcyan","SmoothMuscleCells"
"Ctf1",0.434878647271995,0.00492962629975945,1.45235294287992e-05,-0.0039337731311842,"Myocytes","lightcyan","SmoothMuscleCells"
"Ctsd",0.414785483936806,0.00377936225353446,-0.00113574051679619,-0.0174368371785444,"Myocytes","lightcyan","SmoothMuscleCells"
"Cxcl12",0.475831507712963,0.00458269425828566,-0.000332408512044993,-0.00180003973678689,"Myocytes","lightcyan","SmoothMuscleCells"
"Dcn",0.449252289395973,0.00419396045061612,-0.000721142319714534,-0.00855933608840389,"Myocytes","lightcyan","SmoothMuscleCells"
"Dusp18",0.415570160518519,0.00379359384720126,-0.00112150892312939,-0.0173550688272979,"Myocytes","lightcyan","SmoothMuscleCells"
"Efna1",0.47716954003437,0.00432433958064772,-0.000590763189682932,-0.00860472060995708,"Myocytes","lightcyan","SmoothMuscleCells"
"Efna5",0.420527683661941,0.00392412392032928,-0.000990978850001372,-0.0129962460553308,"Myocytes","lightcyan","SmoothMuscleCells"
"Efnb1",0.435336753253222,0.00395745160574959,-0.00095765116458106,-0.0152412016836972,"Myocytes","lightcyan","SmoothMuscleCells"
"Efnb3",0.44704340213994,0.00407699030110775,-0.000838112469222903,-0.0126249131582064,"Myocytes","lightcyan","SmoothMuscleCells"
"Eng",0.460913581254838,0.00418846618508538,-0.000726636585245276,-0.0124938897044962,"Myocytes","lightcyan","SmoothMuscleCells"
"Epha4",0.484231629269791,0.00537288565324304,0.000457782882912389,0.0103895269667991,"Myocytes","lightcyan","SmoothMuscleCells"
"Esam",0.474910760047711,0.00445382848695136,-0.000461274283379292,-0.0050376401927362,"Myocytes","lightcyan","SmoothMuscleCells"
"Ezr",0.418495688814501,0.00382682171694384,-0.00108828105338681,-0.014748929888026,"Myocytes","lightcyan","SmoothMuscleCells"
"F11r",0.392937003624025,0.00364704198529288,-0.00126806078503777,-0.021422402077361,"Myocytes","lightcyan","SmoothMuscleCells"
"Fam3c",0.406698325872097,0.00375843541049468,-0.00115666735983597,-0.0166837975222219,"Myocytes","lightcyan","SmoothMuscleCells"
"Fbln1",0.455597737591444,0.00416697611552603,-0.000748126654804624,-0.0107901842886968,"Myocytes","lightcyan","SmoothMuscleCells"
"Fgf1",0.445006871589713,0.00419093994468729,-0.000724162825643367,-0.00370491603644255,"Myocytes","lightcyan","SmoothMuscleCells"
"Fgf12",0.455153238718569,0.00423158194771661,-0.000683520822614045,-0.00981089532941237,"Myocytes","lightcyan","SmoothMuscleCells"
"Fgf13",0.424260567053556,0.00396514144365188,-0.000949961326678772,-0.0139935906909781,"Myocytes","lightcyan","SmoothMuscleCells"
"Fgf14",0.427081774185493,0.00404520369733897,-0.000869899072991687,-0.0131473060004454,"Myocytes","lightcyan","SmoothMuscleCells"
"Fgf16",0.443940981435365,0.00409798018539509,-0.000817122584935565,-0.0109769322663775,"Myocytes","lightcyan","SmoothMuscleCells"
"Fgf18",0.431154835285948,0.00402058349526112,-0.000894519275069535,-0.0117949759380323,"Myocytes","lightcyan","SmoothMuscleCells"
"Fgf7",0.454436597678618,0.00445398297156059,-0.000461119798770066,0.00607438222451787,"Myocytes","lightcyan","SmoothMuscleCells"
"Fgfrl1",0.416082694933165,0.00395309376908674,-0.000962009001243908,-0.0139449716675007,"Myocytes","lightcyan","SmoothMuscleCells"
"Flrt1",0.435903716101284,0.00411182788648184,-0.000803274883848814,-0.0119281055836977,"Myocytes","lightcyan","SmoothMuscleCells"
"Fndc5",0.41537966100157,0.00383741316068168,-0.00107768960964897,-0.0163776765227133,"Myocytes","lightcyan","SmoothMuscleCells"
"Furin",0.410594494563956,0.00462640417973101,-0.000288698590599643,-0.00219130000032231,"Myocytes","lightcyan","SmoothMuscleCells"
"Gas6",0.483406131363014,0.00443153626801419,-0.000483566502316464,-0.00653976113945086,"Myocytes","lightcyan","SmoothMuscleCells"
"Glg1",0.468501812013254,0.00435546506924736,-0.000559637701083292,-0.00897575249336552,"Myocytes","lightcyan","SmoothMuscleCells"
"Gnas",0.416577086536668,0.00387140105989384,-0.00104370171043681,-0.0143601313465587,"Myocytes","lightcyan","SmoothMuscleCells"
"Gpi1",0.409973103282488,0.00376431882031412,-0.00115078395001653,-0.0122860846861235,"Myocytes","lightcyan","SmoothMuscleCells"
"Grn",0.437232677017136,0.00398446564620877,-0.000930637124121882,-0.00971607676497566,"Myocytes","lightcyan","SmoothMuscleCells"
"Gstp1",0.426455847201238,0.00390472304081108,-0.00101037972951957,-0.0152069982410336,"Myocytes","lightcyan","SmoothMuscleCells"
"Gstp2",0.426455847201238,0.00390472304081108,-0.00101037972951957,-0.0152069982410336,"Myocytes","lightcyan","SmoothMuscleCells"
"H2-D1",0.423512176094116,0.00389169483209867,-0.00102340793823198,-0.0160076572678914,"Myocytes","lightcyan","SmoothMuscleCells"
"H2-K1",0.425566849455479,0.00390921483939319,-0.00100588793093746,-0.015741250633849,"Myocytes","lightcyan","SmoothMuscleCells"
"Hbegf",0.496219491729138,0.0053639905409114,0.000448887770580743,0.0142625109476789,"Myocytes","lightcyan","SmoothMuscleCells"
"Hsp90b1",0.388006694697304,0.00369989744812926,-0.0012152053222014,-0.0203047626133464,"Myocytes","lightcyan","SmoothMuscleCells"
"Hspg2",0.434434148399117,0.00400168945562659,-0.000913413314704068,-0.0116481851665255,"Myocytes","lightcyan","SmoothMuscleCells"
"Igf1",0.415207304295758,0.00379692478455654,-0.00111817798577412,-0.016007798714744,"Myocytes","lightcyan","SmoothMuscleCells"
"Igfbp4",0.451479319463147,0.00433867253504997,-0.000576430235280682,-0.00850364099740073,"Myocytes","lightcyan","SmoothMuscleCells"
"Il15",0.490141649997954,0.00473344536591687,-0.000181657404413785,-0.00233996088600977,"Myocytes","lightcyan","SmoothMuscleCells"
"Jam2",0.459398656524826,0.00419913678506714,-0.000715965985263509,-0.0142629013868739,"Myocytes","lightcyan","SmoothMuscleCells"
"Jam3",0.453475028688315,0.0040782361489571,-0.000836866621373555,-0.0133621232447199,"Myocytes","lightcyan","SmoothMuscleCells"
"Lama2",0.425045243635271,0.00532597286000321,0.000410870089672555,0.00365456066203267,"Myocytes","lightcyan","SmoothMuscleCells"
"Lama4",0.458096909825688,0.00419323366761989,-0.000721869102710764,-0.0110643147349639,"Myocytes","lightcyan","SmoothMuscleCells"
"Lama5",0.432279689576495,0.00392730743684663,-0.000987795333484023,-0.0151459968576196,"Myocytes","lightcyan","SmoothMuscleCells"
"Lamb1",0.40282029999138,0.00371473624623775,-0.0012003665240929,-0.0184236156894691,"Myocytes","lightcyan","SmoothMuscleCells"
"Lamb2",0.426437704390099,0.00385904084507107,-0.00105606192525959,-0.0173927313114086,"Myocytes","lightcyan","SmoothMuscleCells"
"Lamb3",0.424364888217594,0.00390303371715947,-0.00101206905317118,-0.016299998802438,"Myocytes","lightcyan","SmoothMuscleCells"
"Lamc1",0.367478103894808,0.00349950513477264,-0.00141559763555801,-0.0215591484356616,"Myocytes","lightcyan","SmoothMuscleCells"
"Lgals1",0.444507944283423,0.0040390344337125,-0.000876068336618156,-0.00923347863502336,"Myocytes","lightcyan","SmoothMuscleCells"
"Lgals3",0.456423235498217,0.00422802780490622,-0.000687074965424436,-0.00810345902606899,"Myocytes","lightcyan","SmoothMuscleCells"
"Lgals3bp",0.426310704712134,0.00386147992525865,-0.001053622845072,-0.0161870367336636,"Myocytes","lightcyan","SmoothMuscleCells"
"Lpl",0.40908410553673,0.00375763166722681,-0.00115747110310384,-0.0164231233282889,"Myocytes","lightcyan","SmoothMuscleCells"
"Lrfn4",0.40928821216203,0.00376067653844928,-0.00115442623188137,-0.0184358902873668,"Myocytes","lightcyan","SmoothMuscleCells"
"Lrpap1",0.396479387498689,0.00369726999254815,-0.0012178327777825,-0.019113716805907,"Myocytes","lightcyan","SmoothMuscleCells"
"Lrrc4b",0.483043275140259,0.00449963400031971,-0.000415468770010945,-0.00466451828133856,"Myocytes","lightcyan","SmoothMuscleCells"
"Lrrn2",0.474679439205704,0.00440137705417093,-0.000513725716159726,-0.007825356999849,"Myocytes","lightcyan","SmoothMuscleCells"
"Ltbp1",0.470474842724499,0.00462174140913924,-0.000293361361191412,-0.00358859793135103,"Myocytes","lightcyan","SmoothMuscleCells"
"Ltbp3",0.395259283449668,0.00367979326884093,-0.00123530950148972,-0.0235232854339971,"Myocytes","lightcyan","SmoothMuscleCells"
"Lum",0.422019929878028,0.00388262004895257,-0.00103248272137808,-0.0158360137816379,"Myocytes","lightcyan","SmoothMuscleCells"
"Mcam",0.388138230078056,0.00364485419986993,-0.00127024857046072,-0.0150763503164544,"Myocytes","lightcyan","SmoothMuscleCells"
"Mdk",0.413352201856913,0.00379570248863911,-0.00111940028169154,-0.0133431033194885,"Myocytes","lightcyan","SmoothMuscleCells"
"Mfap3l",0.396928422074349,0.00388315611402318,-0.00103194665630748,-0.0179578406904127,"Myocytes","lightcyan","SmoothMuscleCells"
"Mfap5",0.428701020079549,0.0039288926936038,-0.000986210076726848,-0.0168751616169124,"Myocytes","lightcyan","SmoothMuscleCells"
"Mfge8",0.383412027776641,0.00357251279654696,-0.0013425899737837,-0.0220310611403852,"Myocytes","lightcyan","SmoothMuscleCells"
"Mif",0.449247753693192,0.00403761253190122,-0.000877490238429436,-0.0172779167205103,"Myocytes","lightcyan","SmoothMuscleCells"
"Mmp15",0.40157751742843,0.00369438235252511,-0.00122072041780554,-0.020786989556067,"Myocytes","lightcyan","SmoothMuscleCells"
"Mmp2",0.4488350047398,0.00406967352295984,-0.00084542924737081,-0.0127860960048309,"Myocytes","lightcyan","SmoothMuscleCells"
"Mpdz",0.471472697337082,0.00424308600097757,-0.000672016769353079,-0.00887644679119748,"Myocytes","lightcyan","SmoothMuscleCells"
"Msn",0.433109723186055,0.00389140449711845,-0.00102369827321221,-0.0152548687990162,"Myocytes","lightcyan","SmoothMuscleCells"
"Nampt",0.423389712118938,0.0038466369008966,-0.00106846586943405,-0.0147550573244106,"Myocytes","lightcyan","SmoothMuscleCells"
"Ncam1",0.439205707728379,0.00399280408816575,-0.0009222986821649,-0.0134716654023108,"Myocytes","lightcyan","SmoothMuscleCells"
"Neo1",0.450227465494639,0.0041116539597347,-0.000803448810595954,-0.0126647243143025,"Myocytes","lightcyan","SmoothMuscleCells"
"Nid1",0.408816499072443,0.00380258537973476,-0.00111251739059589,-0.0207609311643905,"Myocytes","lightcyan","SmoothMuscleCells"
"Nppa",0.435908251804072,0.00395175755957203,-0.000963345210758628,-0.0122151740018705,"Myocytes","lightcyan","SmoothMuscleCells"
"Nppb",0.471694946773516,0.0042215505584287,-0.000693552211901949,-0.0112845395201595,"Myocytes","lightcyan","SmoothMuscleCells"
"Nrp1",0.433268472783513,0.00393653592156964,-0.000978566848761008,-0.0118873045881004,"Myocytes","lightcyan","SmoothMuscleCells"
"Nrxn2",0.514679802061918,0.00510764221604977,0.000192539445719121,0.00159785130273091,"Myocytes","lightcyan","SmoothMuscleCells"
"Ntn1",0.445047692914776,0.00399600113350929,-0.000919101636821368,-0.0126434776417705,"Myocytes","lightcyan","SmoothMuscleCells"
"Pam",0.371047701986182,0.0034976103551317,-0.00141749241519895,-0.0267122016921748,"Myocytes","lightcyan","SmoothMuscleCells"
"Pdgfa",0.47285608668634,0.00438902304185876,-0.000526079728471888,-0.00833633067085177,"Myocytes","lightcyan","SmoothMuscleCells"
"Pdgfc",0.474575118041651,0.00429369081568625,-0.000621411954644398,-0.0157541091685821,"Myocytes","lightcyan","SmoothMuscleCells"
"Pecam1",0.434066756473577,0.0039329563665236,-0.000982146403807052,-0.0140937278303959,"Myocytes","lightcyan","SmoothMuscleCells"
"Pf4",0.460269511459451,0.00505418692461197,0.000139084154281317,0.0288496767901916,"Myocytes","lightcyan","SmoothMuscleCells"
"Pi16",0.451193570187721,0.00409204429206927,-0.000823058478261386,-0.0146333757153043,"Myocytes","lightcyan","SmoothMuscleCells"
"Plxna1",0.469186703133713,0.0042120107970509,-0.000703091973279753,-0.0092181306377893,"Myocytes","lightcyan","SmoothMuscleCells"
"Plxna2",0.446045547527357,0.00406042242512576,-0.000854680345204893,-0.0111734379281197,"Myocytes","lightcyan","SmoothMuscleCells"
"Prnp",0.438847387208406,0.00433318794557986,-0.00058191482475079,-0.00274354982135229,"Myocytes","lightcyan","SmoothMuscleCells"
"Pros1",0.424156245889512,0.00386198666365797,-0.00105311610667269,-0.0140961348925935,"Myocytes","lightcyan","SmoothMuscleCells"
"Psap",0.421022075265444,0.00402013985046781,-0.000894962919862844,-0.0131879066340732,"Myocytes","lightcyan","SmoothMuscleCells"
"Psen1",0.434819683135801,0.00391451611807827,-0.00100058665225238,-0.0116283957974837,"Myocytes","lightcyan","SmoothMuscleCells"
"Ptdss1",0.371283558530973,0.00353865314317286,-0.00137644962715779,-0.0236253859422109,"Myocytes","lightcyan","SmoothMuscleCells"
"Ptprm",0.395676568105845,0.00367916014810012,-0.00123594262223053,-0.0210783630777735,"Myocytes","lightcyan","SmoothMuscleCells"
"Rarres2",0.475600186870949,0.00503909678518675,0.000123994014856098,-0.00133697536088442,"Myocytes","lightcyan","SmoothMuscleCells"
"Rgma",0.442875091281011,0.0040648797655843,-0.000850223004746356,-0.0140169837939674,"Myocytes","lightcyan","SmoothMuscleCells"
"Scube2",0.465639783556251,0.00450981929772253,-0.000405283472608127,-0.00675122768117226,"Myocytes","lightcyan","SmoothMuscleCells"
"Sdc2",0.428687412971196,0.00392709840655734,-0.000988004363773309,-0.0153504731170469,"Myocytes","lightcyan","SmoothMuscleCells"
"Sema3c",0.441727558476542,0.00404977236490685,-0.000865330405423798,-0.0131053959175944,"Myocytes","lightcyan","SmoothMuscleCells"
"Sema4d",0.459725227125311,0.00425102073239378,-0.000664082037936875,-0.00962802105833451,"Myocytes","lightcyan","SmoothMuscleCells"
"Sema6d",0.470452164210575,0.00435099679414236,-0.000564105976188297,-0.00716656907285502,"Myocytes","lightcyan","SmoothMuscleCells"
"Serpine2",0.404285331990764,0.00373181157603483,-0.00118329119429582,-0.0192055190682922,"Myocytes","lightcyan","SmoothMuscleCells"
"Serpinf1",0.435187075061338,0.00400540809196113,-0.000909694678369523,-0.0132176898026357,"Myocytes","lightcyan","SmoothMuscleCells"
"Serping1",0.43603071577925,0.00408757058916811,-0.000827532181162547,-0.0124048825764017,"Myocytes","lightcyan","SmoothMuscleCells"
"Sfrp1",0.380413928236108,0.00361581874641469,-0.00129928402391596,-0.0228318516281544,"Myocytes","lightcyan","SmoothMuscleCells"
"Shisa4",0.403800011792822,0.00372648652652054,-0.00118861624381011,-0.0195818207783857,"Myocytes","lightcyan","SmoothMuscleCells"
"Sirpa",0.45606945068103,0.00418328675776271,-0.00073181601256794,-0.0115441837735508,"Myocytes","lightcyan","SmoothMuscleCells"
"Slc6a8",0.423589283041454,0.00387011930579768,-0.00104498346453298,-0.0151482958520107,"Myocytes","lightcyan","SmoothMuscleCells"
"Slit3",0.403954225687494,0.00379316773474113,-0.00112193503558952,-0.0168686434795842,"Myocytes","lightcyan","SmoothMuscleCells"
"Sparc",0.424568994842899,0.00383977326537812,-0.00107532950495253,-0.0129986330915582,"Myocytes","lightcyan","SmoothMuscleCells"
"Tfpi",0.419892685272114,0.00385276529785918,-0.00106233747247147,-0.0125302095501018,"Myocytes","lightcyan","SmoothMuscleCells"
"Tgfb1",0.439028815319779,0.00405000937758303,-0.00086509339274762,-0.0125952980214369,"Myocytes","lightcyan","SmoothMuscleCells"
"Tgfb2",0.4796732479714,0.00466117392978529,-0.00025392884054536,-0.00466140419331447,"Myocytes","lightcyan","SmoothMuscleCells"
"Tgfb3",0.444666693880878,0.0040394091788814,-0.000875693591449248,-0.0151535835644499,"Myocytes","lightcyan","SmoothMuscleCells"
"Tgm2",0.455906165380788,0.00450801158354059,-0.000407091186790059,-0.00206835876104159,"Myocytes","lightcyan","SmoothMuscleCells"
"Timp2",0.456577449392886,0.00423652042826193,-0.000678582342068721,-0.00903078851412614,"Myocytes","lightcyan","SmoothMuscleCells"
"Timp3",0.419951649408315,0.00387135146838949,-0.00104375130194116,-0.0160757106668397,"Myocytes","lightcyan","SmoothMuscleCells"
"Tnfsf12",0.482748454459269,0.00447365280193677,-0.000441449968393885,-0.010691744789458,"Myocytes","lightcyan","SmoothMuscleCells"
"Tspan3",0.43503286116667,0.00401755890056647,-0.000897543869764181,-0.0145692774804687,"Myocytes","lightcyan","SmoothMuscleCells"
"Vegfa",0.458455230345659,0.00415207762353876,-0.000763025146791894,-0.0120709094922776,"Myocytes","lightcyan","SmoothMuscleCells"
"Vegfb",0.457974445850507,0.00409619467145267,-0.000818908098877987,-0.011534693436056,"Myocytes","lightcyan","SmoothMuscleCells"
"Wnt5a",0.418631759898036,0.00419917218737736,-0.000715930582953288,0.00662030850849252,"Myocytes","lightcyan","SmoothMuscleCells"
"Zdhhc5",0.438411959741093,0.00403573102067826,-0.000879371749652393,-0.0133099787600961,"Myocytes","lightcyan","SmoothMuscleCells"
"Znrf3",0.456913091398942,0.00430863812347454,-0.000606464646856108,-0.00931702024396564,"Myocytes","lightcyan","SmoothMuscleCells"
"Adam10",0.419098937284834,0.00379511215705645,-0.0011199906132742,-0.0174523904718574,"Leukocytes","lightcyan","SmoothMuscleCells"
"Adam15",0.39543164015548,0.00369985452038664,-0.00121524824994401,-0.0199741640276199,"Leukocytes","lightcyan","SmoothMuscleCells"
"Adam17",0.444172302277367,0.00401337681129128,-0.00090172595903937,-0.0100845044829296,"Leukocytes","lightcyan","SmoothMuscleCells"
"Adam9",0.413347666154131,0.00381107010360339,-0.00110403266672726,-0.0154763370471092,"Leukocytes","lightcyan","SmoothMuscleCells"
"Alcam",0.471645054042892,0.00438501785947588,-0.000530084910854771,-0.00990597851994275,"Leukocytes","lightcyan","SmoothMuscleCells"
"Ang",0.490545327545767,0.00452354044742957,-0.000391562322901078,-0.00492585055821794,"Leukocytes","lightcyan","SmoothMuscleCells"
"Anxa1",0.44923868228762,0.00408769020874043,-0.000827412561590222,-0.0118887967939779,"Leukocytes","lightcyan","SmoothMuscleCells"
"Anxa2",0.418005832913778,0.00382174444580773,-0.00109335832452292,-0.0147537417855878,"Leukocytes","lightcyan","SmoothMuscleCells"
"Apoc2",0.451715176007938,0.00412031395431211,-0.00079478881601854,-0.0110812066205555,"Leukocytes","lightcyan","SmoothMuscleCells"
"Apoe",0.437273498342196,0.0040074287699261,-0.000907674000404556,-0.0104191109421195,"Leukocytes","lightcyan","SmoothMuscleCells"
"App",0.416558943725533,0.00390027342970219,-0.00101482934062846,-0.00391514404818459,"Leukocytes","lightcyan","SmoothMuscleCells"
"Arf1",0.412014169535496,0.00381527463815346,-0.0010998281321772,-0.0171245542658601,"Leukocytes","lightcyan","SmoothMuscleCells"
"B2m",0.427004667238161,0.00391833477067978,-0.000996767999650875,-0.0133271764437193,"Leukocytes","lightcyan","SmoothMuscleCells"
"Bgn",0.410998172111775,0.00378165059955917,-0.00113345217077149,-0.0148557987025426,"Leukocytes","lightcyan","SmoothMuscleCells"
"Bmp2",0.444961514561866,0.00420439733238847,-0.000710705437942178,-0.00386123443127727,"Leukocytes","lightcyan","SmoothMuscleCells"
"C1qa",0.424160781592295,0.0038962313104352,-0.00101887145989546,-0.0112739323009443,"Leukocytes","lightcyan","SmoothMuscleCells"
"C1qb",0.415302554054237,0.00382721546795765,-0.00108788730237301,-0.016560096576324,"Leukocytes","lightcyan","SmoothMuscleCells"
"C3",0.415674481682557,0.0038205583007448,-0.00109454446958585,-0.0162154643941254,"Leukocytes","lightcyan","SmoothMuscleCells"
"C4b",0.410603565969526,0.00375276614016128,-0.00116233663016937,-0.0172170714207316,"Leukocytes","lightcyan","SmoothMuscleCells"
"Calm1",0.434992039841607,0.00394443350782911,-0.000970669262501544,-0.0127309774308101,"Leukocytes","lightcyan","SmoothMuscleCells"
"Calm2",0.44414962376345,0.00399841071973668,-0.000916692050593976,-0.0107198718773726,"Leukocytes","lightcyan","SmoothMuscleCells"
"Calm3",0.438021889301633,0.00396371492711989,-0.00095138784321076,-0.0138887600602346,"Leukocytes","lightcyan","SmoothMuscleCells"
"Calr",0.425775491783567,0.00468555286711775,-0.000229549903212905,0.00201580940752782,"Leukocytes","lightcyan","SmoothMuscleCells"
"Cd14",0.441355630848215,0.0040067871728609,-0.00090831559746975,-0.0140378950418426,"Leukocytes","lightcyan","SmoothMuscleCells"
"Cd38",0.472470551949668,0.00440631041658808,-0.000508792353742571,-0.00733198874501987,"Leukocytes","lightcyan","SmoothMuscleCells"
"Cd44",0.453470492985533,0.00409879781331005,-0.000816304957020604,-0.00934994692700948,"Leukocytes","lightcyan","SmoothMuscleCells"
"Cd47",0.414145949844192,0.00383469628675702,-0.00108040648357363,-0.0145460571585785,"Leukocytes","lightcyan","SmoothMuscleCells"
"Cd55",0.397041814643968,0.00374096900511303,-0.00117413376521762,-0.0171721336451995,"Leukocytes","lightcyan","SmoothMuscleCells"
"Cd9",0.406498754949581,0.00372989708434338,-0.00118520568598727,-0.0117716663563926,"Leukocytes","lightcyan","SmoothMuscleCells"
"Cdh5",0.434620112213281,0.00392757093965706,-0.000987531830673589,-0.0134841221562102,"Leukocytes","lightcyan","SmoothMuscleCells"
"Cklf",0.43671107119692,0.00430068995443821,-0.000614412815892441,-0.0123108878782751,"Leukocytes","lightcyan","SmoothMuscleCells"
"Col14a1",0.412794310414424,0.00377309903915987,-0.00114200373117078,-0.0181527351947751,"Leukocytes","lightcyan","SmoothMuscleCells"
"Col1a2",0.435740430801043,0.00393152293107222,-0.000983579839258435,-0.0154343866599626,"Leukocytes","lightcyan","SmoothMuscleCells"
"Col3a1",0.4167721217564,0.0038463704484878,-0.00106873232184285,-0.0184618116291868,"Leukocytes","lightcyan","SmoothMuscleCells"
"Col4a1",0.412667310736457,0.00379711443104694,-0.00111798833928372,-0.0157804074568098,"Leukocytes","lightcyan","SmoothMuscleCells"
"Col4a2",0.415878588307864,0.00379831651390294,-0.00111678625642771,-0.0160350929410003,"Leukocytes","lightcyan","SmoothMuscleCells"
"Copa",0.39616188830378,0.00368255392821095,-0.00123254884211971,-0.0156162644724591,"Leukocytes","lightcyan","SmoothMuscleCells"
"Cp",0.424754958657067,0.00401058634389644,-0.000904516426434213,-0.0131403635024307,"Leukocytes","lightcyan","SmoothMuscleCells"
"Ctsd",0.414785483936806,0.00377936225353446,-0.00113574051679619,-0.0174368371785444,"Leukocytes","lightcyan","SmoothMuscleCells"
"Cxcl12",0.475831507712963,0.00458269425828566,-0.000332408512044993,-0.00180003973678689,"Leukocytes","lightcyan","SmoothMuscleCells"
"Dcn",0.449252289395973,0.00419396045061612,-0.000721142319714534,-0.00855933608840389,"Leukocytes","lightcyan","SmoothMuscleCells"
"Ebi3",0.502469690166137,0.00471561750845658,-0.000199485261874071,-0.00335354013020935,"Leukocytes","lightcyan","SmoothMuscleCells"
"Efemp2",0.479877354596698,0.00428139780196662,-0.000633704968364037,-0.00810783187128203,"Leukocytes","lightcyan","SmoothMuscleCells"
"Eng",0.460913581254838,0.00418846618508538,-0.000726636585245276,-0.0124938897044962,"Leukocytes","lightcyan","SmoothMuscleCells"
"Entpd1",0.428428877912484,0.0038813905927732,-0.00103371217755745,-0.0129725651946741,"Leukocytes","lightcyan","SmoothMuscleCells"
"Esam",0.474910760047711,0.00445382848695136,-0.000461274283379292,-0.0050376401927362,"Leukocytes","lightcyan","SmoothMuscleCells"
"Ezr",0.418495688814501,0.00382682171694384,-0.00108828105338681,-0.014748929888026,"Leukocytes","lightcyan","SmoothMuscleCells"
"F11r",0.392937003624025,0.00364704198529288,-0.00126806078503777,-0.021422402077361,"Leukocytes","lightcyan","SmoothMuscleCells"
"F13a1",0.445777941063068,0.0039931291315374,-0.000921973638793257,-0.0140125463840038,"Leukocytes","lightcyan","SmoothMuscleCells"
"Fam3c",0.406698325872097,0.00375843541049468,-0.00115666735983597,-0.0166837975222219,"Leukocytes","lightcyan","SmoothMuscleCells"
"Fbln1",0.455597737591444,0.00416697611552603,-0.000748126654804624,-0.0107901842886968,"Leukocytes","lightcyan","SmoothMuscleCells"
"Fn1",0.417434334362932,0.00382945684972691,-0.00108564592060374,-0.0139221425417044,"Leukocytes","lightcyan","SmoothMuscleCells"
"Furin",0.410594494563956,0.00462640417973101,-0.000288698590599643,-0.00219130000032231,"Leukocytes","lightcyan","SmoothMuscleCells"
"Gas6",0.483406131363014,0.00443153626801419,-0.000483566502316464,-0.00653976113945086,"Leukocytes","lightcyan","SmoothMuscleCells"
"Glg1",0.468501812013254,0.00435546506924736,-0.000559637701083292,-0.00897575249336552,"Leukocytes","lightcyan","SmoothMuscleCells"
"Gnas",0.416577086536668,0.00387140105989384,-0.00104370171043681,-0.0143601313465587,"Leukocytes","lightcyan","SmoothMuscleCells"
"Gpi1",0.409973103282488,0.00376431882031412,-0.00115078395001653,-0.0122860846861235,"Leukocytes","lightcyan","SmoothMuscleCells"
"Grn",0.437232677017136,0.00398446564620877,-0.000930637124121882,-0.00971607676497566,"Leukocytes","lightcyan","SmoothMuscleCells"
"Gstp1",0.426455847201238,0.00390472304081108,-0.00101037972951957,-0.0152069982410336,"Leukocytes","lightcyan","SmoothMuscleCells"
"H2-D1",0.423512176094116,0.00389169483209867,-0.00102340793823198,-0.0160076572678914,"Leukocytes","lightcyan","SmoothMuscleCells"
"H2-DMa",0.466338281785063,0.0041747761382145,-0.000740326632116152,-0.0110962460805264,"Leukocytes","lightcyan","SmoothMuscleCells"
"H2-DMb1",0.430048123806534,0.00389450284942739,-0.00102059992090327,-0.0156270570310657,"Leukocytes","lightcyan","SmoothMuscleCells"
"H2-K1",0.425566849455479,0.00390921483939319,-0.00100588793093746,-0.015741250633849,"Leukocytes","lightcyan","SmoothMuscleCells"
"H2-Q4",0.423512176094116,0.00389153416056444,-0.00102356860976621,-0.0160056326676183,"Leukocytes","lightcyan","SmoothMuscleCells"
"Hsp90b1",0.388006694697304,0.00369989744812926,-0.0012152053222014,-0.0203047626133464,"Leukocytes","lightcyan","SmoothMuscleCells"
"Hspg2",0.434434148399117,0.00400168945562659,-0.000913413314704068,-0.0116481851665255,"Leukocytes","lightcyan","SmoothMuscleCells"
"Icam1",0.465027463680355,0.00416995309725142,-0.000745149673079235,-0.0109950673670049,"Leukocytes","lightcyan","SmoothMuscleCells"
"Ifitm6",0.492060252275777,0.00464890422652566,-0.000266198543804997,-0.003802450413504,"Leukocytes","lightcyan","SmoothMuscleCells"
"Igf1",0.415207304295758,0.00379692478455654,-0.00111817798577412,-0.016007798714744,"Leukocytes","lightcyan","SmoothMuscleCells"
"Igfbp4",0.451479319463147,0.00433867253504997,-0.000576430235280682,-0.00850364099740073,"Leukocytes","lightcyan","SmoothMuscleCells"
"Il15",0.490141649997954,0.00473344536591687,-0.000181657404413785,-0.00233996088600977,"Leukocytes","lightcyan","SmoothMuscleCells"
"Il16",0.432306903793201,0.00400013107580219,-0.000914971694528464,-0.0134102034748722,"Leukocytes","lightcyan","SmoothMuscleCells"
"Il1b",0.457634268141671,0.00444336634739591,-0.000471736422934738,-0.00245085464768881,"Leukocytes","lightcyan","SmoothMuscleCells"
"Il1rn",0.502968617472425,0.00464592918284467,-0.000269173587485978,-0.00580651487416068,"Leukocytes","lightcyan","SmoothMuscleCells"
"Itgal",0.39845695391272,0.00367058558970756,-0.00124451718062309,-0.0144482804523294,"Leukocytes","lightcyan","SmoothMuscleCells"
"Itgam",0.460868224226993,0.00425833264458893,-0.000656770125741718,-0.0102694830571757,"Leukocytes","lightcyan","SmoothMuscleCells"
"Itgb2",0.421997251364106,0.0039327191838594,-0.000982383586471253,-0.0167207785249853,"Leukocytes","lightcyan","SmoothMuscleCells"
"Lamb2",0.426437704390099,0.00385904084507107,-0.00105606192525959,-0.0173927313114086,"Leukocytes","lightcyan","SmoothMuscleCells"
"Lamc1",0.367478103894808,0.00349950513477264,-0.00141559763555801,-0.0215591484356616,"Leukocytes","lightcyan","SmoothMuscleCells"
"Lfng",0.412898631578464,0.00378910853676633,-0.00112599423356432,-0.0177961353885328,"Leukocytes","lightcyan","SmoothMuscleCells"
"Lgals1",0.444507944283423,0.0040390344337125,-0.000876068336618156,-0.00923347863502336,"Leukocytes","lightcyan","SmoothMuscleCells"
"Lgals3",0.456423235498217,0.00422802780490622,-0.000687074965424436,-0.00810345902606899,"Leukocytes","lightcyan","SmoothMuscleCells"
"Lgals3bp",0.426310704712134,0.00386147992525865,-0.001053622845072,-0.0161870367336636,"Leukocytes","lightcyan","SmoothMuscleCells"
"Lpl",0.40908410553673,0.00375763166722681,-0.00115747110310384,-0.0164231233282889,"Leukocytes","lightcyan","SmoothMuscleCells"
"Lrpap1",0.396479387498689,0.00369726999254815,-0.0012178327777825,-0.019113716805907,"Leukocytes","lightcyan","SmoothMuscleCells"
"Lum",0.422019929878028,0.00388262004895257,-0.00103248272137808,-0.0158360137816379,"Leukocytes","lightcyan","SmoothMuscleCells"
"Mfap5",0.428701020079549,0.0039288926936038,-0.000986210076726848,-0.0168751616169124,"Leukocytes","lightcyan","SmoothMuscleCells"
"Mfge8",0.383412027776641,0.00357251279654696,-0.0013425899737837,-0.0220310611403852,"Leukocytes","lightcyan","SmoothMuscleCells"
"Mfng",0.393005039165786,0.00365388443416015,-0.0012612183361705,-0.0224855870425567,"Leukocytes","lightcyan","SmoothMuscleCells"
"Mif",0.449247753693192,0.00403761253190122,-0.000877490238429436,-0.0172779167205103,"Leukocytes","lightcyan","SmoothMuscleCells"
"Mmp14",0.439083243753196,0.00398294893286596,-0.000932153837464697,-0.0125267094068019,"Leukocytes","lightcyan","SmoothMuscleCells"
"Mmp2",0.4488350047398,0.00406967352295984,-0.00084542924737081,-0.0127860960048309,"Leukocytes","lightcyan","SmoothMuscleCells"
"Mmp9",0.477877109668743,0.00435877303605773,-0.000556329734272919,-0.00788201598539981,"Leukocytes","lightcyan","SmoothMuscleCells"
"Msn",0.433109723186055,0.00389140449711845,-0.00102369827321221,-0.0152548687990162,"Leukocytes","lightcyan","SmoothMuscleCells"
"Nampt",0.423389712118938,0.0038466369008966,-0.00106846586943405,-0.0147550573244106,"Leukocytes","lightcyan","SmoothMuscleCells"
"Nppa",0.435908251804072,0.00395175755957203,-0.000963345210758628,-0.0122151740018705,"Leukocytes","lightcyan","SmoothMuscleCells"
"Nrp1",0.433268472783513,0.00393653592156964,-0.000978566848761008,-0.0118873045881004,"Leukocytes","lightcyan","SmoothMuscleCells"
"Osm",0.50179840615404,0.00511679221504351,0.000201689444712854,0.00742875394855633,"Leukocytes","lightcyan","SmoothMuscleCells"
"Pam",0.371047701986182,0.0034976103551317,-0.00141749241519895,-0.0267122016921748,"Leukocytes","lightcyan","SmoothMuscleCells"
"Pdgfa",0.47285608668634,0.00438902304185876,-0.000526079728471888,-0.00833633067085177,"Leukocytes","lightcyan","SmoothMuscleCells"
"Pdgfb",0.48250352650891,0.0045464585936673,-0.000368644176663355,-0.00453863816479945,"Leukocytes","lightcyan","SmoothMuscleCells"
"Pdgfc",0.474575118041651,0.00429369081568625,-0.000621411954644398,-0.0157541091685821,"Leukocytes","lightcyan","SmoothMuscleCells"
"Pecam1",0.434066756473577,0.0039329563665236,-0.000982146403807052,-0.0140937278303959,"Leukocytes","lightcyan","SmoothMuscleCells"
"Pf4",0.460269511459451,0.00505418692461197,0.000139084154281317,0.0288496767901916,"Leukocytes","lightcyan","SmoothMuscleCells"
"Pi16",0.451193570187721,0.00409204429206927,-0.000823058478261386,-0.0146333757153043,"Leukocytes","lightcyan","SmoothMuscleCells"
"Plekho2",0.437305248261688,0.00403790755755472,-0.000877195212775936,-0.0147906094600035,"Leukocytes","lightcyan","SmoothMuscleCells"
"Plxna1",0.469186703133713,0.0042120107970509,-0.000703091973279753,-0.0092181306377893,"Leukocytes","lightcyan","SmoothMuscleCells"
"Prnp",0.438847387208406,0.00433318794557986,-0.00058191482475079,-0.00274354982135229,"Leukocytes","lightcyan","SmoothMuscleCells"
"Pros1",0.424156245889512,0.00386198666365797,-0.00105311610667269,-0.0140961348925935,"Leukocytes","lightcyan","SmoothMuscleCells"
"Psap",0.421022075265444,0.00402013985046781,-0.000894962919862844,-0.0131879066340732,"Leukocytes","lightcyan","SmoothMuscleCells"
"Psen1",0.434819683135801,0.00391451611807827,-0.00100058665225238,-0.0116283957974837,"Leukocytes","lightcyan","SmoothMuscleCells"
"Ptdss1",0.371283558530973,0.00353865314317286,-0.00137644962715779,-0.0236253859422109,"Leukocytes","lightcyan","SmoothMuscleCells"
"S100a8",0.456917627101722,0.0041452704745644,-0.000769832295766254,-0.0109827663039313,"Leukocytes","lightcyan","SmoothMuscleCells"
"S100a9",0.472470551949667,0.00420011914954206,-0.00071498362078859,-0.00865353739579065,"Leukocytes","lightcyan","SmoothMuscleCells"
"Sema4a",0.450984927859642,0.00413661164486723,-0.000778491125463424,-0.0111058229300099,"Leukocytes","lightcyan","SmoothMuscleCells"
"Sema4d",0.459725227125311,0.00425102073239378,-0.000664082037936875,-0.00962802105833451,"Leukocytes","lightcyan","SmoothMuscleCells"
"Sema6d",0.470452164210575,0.00435099679414236,-0.000564105976188297,-0.00716656907285502,"Leukocytes","lightcyan","SmoothMuscleCells"
"Serpinf1",0.435187075061338,0.00400540809196113,-0.000909694678369523,-0.0132176898026357,"Leukocytes","lightcyan","SmoothMuscleCells"
"Serping1",0.43603071577925,0.00408757058916811,-0.000827532181162547,-0.0124048825764017,"Leukocytes","lightcyan","SmoothMuscleCells"
"Siglec1",0.426292561900999,0.00410229948462161,-0.000812803285709044,-0.0117222061721523,"Leukocytes","lightcyan","SmoothMuscleCells"
"Siglece",0.409891460632361,0.00377623732466823,-0.00113886544566243,-0.0189040405979141,"Leukocytes","lightcyan","SmoothMuscleCells"
"Sirpa",0.45606945068103,0.00418328675776271,-0.00073181601256794,-0.0115441837735508,"Leukocytes","lightcyan","SmoothMuscleCells"
"Sirpb1b",0.420985789643171,0.0038411489784193,-0.00107395379191135,-0.0174215138151294,"Leukocytes","lightcyan","SmoothMuscleCells"
"Sparc",0.424568994842899,0.00383977326537812,-0.00107532950495253,-0.0129986330915582,"Leukocytes","lightcyan","SmoothMuscleCells"
"Tfpi",0.419892685272114,0.00385276529785918,-0.00106233747247147,-0.0125302095501018,"Leukocytes","lightcyan","SmoothMuscleCells"
"Tgfb1",0.439028815319779,0.00405000937758303,-0.00086509339274762,-0.0125952980214369,"Leukocytes","lightcyan","SmoothMuscleCells"
"Tgfbi",0.41734815601003,0.00383248925191605,-0.0010826135184146,-0.0164964465702424,"Leukocytes","lightcyan","SmoothMuscleCells"
"Tgm2",0.455906165380788,0.00450801158354059,-0.000407091186790059,-0.00206835876104159,"Leukocytes","lightcyan","SmoothMuscleCells"
"Timp2",0.456577449392886,0.00423652042826193,-0.000678582342068721,-0.00903078851412614,"Leukocytes","lightcyan","SmoothMuscleCells"
"Timp3",0.419951649408315,0.00387135146838949,-0.00104375130194116,-0.0160757106668397,"Leukocytes","lightcyan","SmoothMuscleCells"
"Tnf",0.468587990366161,0.00456921976042116,-0.000345883009909493,-0.00334897974025031,"Leukocytes","lightcyan","SmoothMuscleCells"
"Tnfsf12",0.482748454459269,0.00447365280193677,-0.000441449968393885,-0.010691744789458,"Leukocytes","lightcyan","SmoothMuscleCells"
"Tnfsf9",0.436579535816173,0.00406631108828966,-0.000848791682040989,-0.00756788382314276,"Leukocytes","lightcyan","SmoothMuscleCells"
"Tslp",0.503426723453657,0.00462548831516625,-0.000289614455164398,-0.00676199960994235,"Leukocytes","lightcyan","SmoothMuscleCells"
"Tspan3",0.43503286116667,0.00401755890056647,-0.000897543869764181,-0.0145692774804687,"Leukocytes","lightcyan","SmoothMuscleCells"
"Tspan5",0.409564890031883,0.00373108261124367,-0.00118402015908698,-0.0182244727528133,"Leukocytes","lightcyan","SmoothMuscleCells"
"Vcam1",0.40723807450345,0.0037472980728927,-0.00116780469743795,-0.0156944205244612,"Leukocytes","lightcyan","SmoothMuscleCells"
"Vegfb",0.457974445850507,0.00409619467145267,-0.000818908098877987,-0.011534693436056,"Leukocytes","lightcyan","SmoothMuscleCells"
"Zdhhc5",0.438411959741093,0.00403573102067826,-0.000879371749652393,-0.0133099787600961,"Leukocytes","lightcyan","SmoothMuscleCells"
"A2m",0.431000621391275,0.00395363589484008,-0.000961466875490577,-0.0155404755884927,"EndocardialCells","lightcyan","SmoothMuscleCells"
"Adam10",0.419098937284834,0.00379511215705645,-0.0011199906132742,-0.0174523904718574,"EndocardialCells","lightcyan","SmoothMuscleCells"
"Adam15",0.39543164015548,0.00369985452038664,-0.00121524824994401,-0.0199741640276199,"EndocardialCells","lightcyan","SmoothMuscleCells"
"Adam17",0.444172302277367,0.00401337681129128,-0.00090172595903937,-0.0100845044829296,"EndocardialCells","lightcyan","SmoothMuscleCells"
"Adam9",0.413347666154131,0.00381107010360339,-0.00110403266672726,-0.0154763370471092,"EndocardialCells","lightcyan","SmoothMuscleCells"
"Adm",0.439609385276197,0.00491077884949876,-4.32392083189043e-06,0.00844703539200655,"EndocardialCells","lightcyan","SmoothMuscleCells"
"Agrn",0.427489987436098,0.00395328910646629,-0.000961813663864364,-0.0122145616947182,"EndocardialCells","lightcyan","SmoothMuscleCells"
"Ahsg",0.421593573816287,0.00393635019507109,-0.000978752575259562,-0.0151015791419579,"EndocardialCells","lightcyan","SmoothMuscleCells"
"Ang",0.490545327545767,0.00452354044742957,-0.000391562322901078,-0.00492585055821794,"EndocardialCells","lightcyan","SmoothMuscleCells"
"Angpt2",0.424405709542662,0.00394575617289138,-0.000969346597439269,-0.0135336696248656,"EndocardialCells","lightcyan","SmoothMuscleCells"
"Angptl1",0.43280129539671,0.00396211257739095,-0.000952990192939705,-0.0146841781113082,"EndocardialCells","lightcyan","SmoothMuscleCells"
"Angptl2",0.45749819705814,0.00414565914384585,-0.000769443626484801,-0.0100087761477722,"EndocardialCells","lightcyan","SmoothMuscleCells"
"Anxa1",0.44923868228762,0.00408769020874043,-0.000827412561590222,-0.0118887967939779,"EndocardialCells","lightcyan","SmoothMuscleCells"
"Anxa2",0.418005832913778,0.00382174444580773,-0.00109335832452292,-0.0147537417855878,"EndocardialCells","lightcyan","SmoothMuscleCells"
"Apoc1",0.423484961877411,0.00388492011340539,-0.00103018265692527,-0.0157360486481973,"EndocardialCells","lightcyan","SmoothMuscleCells"
"Apoe",0.437273498342196,0.0040074287699261,-0.000907674000404556,-0.0104191109421195,"EndocardialCells","lightcyan","SmoothMuscleCells"
"App",0.416558943725533,0.00390027342970219,-0.00101482934062846,-0.00391514404818459,"EndocardialCells","lightcyan","SmoothMuscleCells"
"Arf1",0.412014169535496,0.00381527463815346,-0.0010998281321772,-0.0171245542658601,"EndocardialCells","lightcyan","SmoothMuscleCells"
"B2m",0.427004667238161,0.00391833477067978,-0.000996767999650875,-0.0133271764437193,"EndocardialCells","lightcyan","SmoothMuscleCells"
"Bace1",0.404865901947175,0.00373444175868909,-0.00118066101164156,-0.0166926178093823,"EndocardialCells","lightcyan","SmoothMuscleCells"
"Bace2",0.475532151329183,0.00436590328349564,-0.000549199486835016,-0.00894803577972935,"EndocardialCells","lightcyan","SmoothMuscleCells"
"Bgn",0.410998172111775,0.00378165059955917,-0.00113345217077149,-0.0148557987025426,"EndocardialCells","lightcyan","SmoothMuscleCells"
"Bmp4",0.437717997215072,0.00402329221749015,-0.000891810552840502,-0.00651578183223717,"EndocardialCells","lightcyan","SmoothMuscleCells"
"Bmp6",0.461122223582923,0.00425813782012883,-0.000656964950201826,-0.00336503719204719,"EndocardialCells","lightcyan","SmoothMuscleCells"
"Boc",0.437749747134564,0.00395963868068758,-0.000955464089643076,-0.0144478762544311,"EndocardialCells","lightcyan","SmoothMuscleCells"
"C1qa",0.424160781592295,0.0038962313104352,-0.00101887145989546,-0.0112739323009443,"EndocardialCells","lightcyan","SmoothMuscleCells"
"C1qb",0.415302554054237,0.00382721546795765,-0.00108788730237301,-0.016560096576324,"EndocardialCells","lightcyan","SmoothMuscleCells"
"C3",0.415674481682557,0.0038205583007448,-0.00109454446958585,-0.0162154643941254,"EndocardialCells","lightcyan","SmoothMuscleCells"
"C4b",0.410603565969526,0.00375276614016128,-0.00116233663016937,-0.0172170714207316,"EndocardialCells","lightcyan","SmoothMuscleCells"
"Calm1",0.434992039841607,0.00394443350782911,-0.000970669262501544,-0.0127309774308101,"EndocardialCells","lightcyan","SmoothMuscleCells"
"Calm2",0.44414962376345,0.00399841071973668,-0.000916692050593976,-0.0107198718773726,"EndocardialCells","lightcyan","SmoothMuscleCells"
"Calm3",0.438021889301633,0.00396371492711989,-0.00095138784321076,-0.0138887600602346,"EndocardialCells","lightcyan","SmoothMuscleCells"
"Calr",0.425775491783567,0.00468555286711775,-0.000229549903212905,0.00201580940752782,"EndocardialCells","lightcyan","SmoothMuscleCells"
"Ccl19",0.432937366480244,0.00397701565104982,-0.00093808711928083,-0.0100118524033875,"EndocardialCells","lightcyan","SmoothMuscleCells"
"Cd320",0.401863266703853,0.00374496345089565,-0.001170139319435,-0.0143686848520736,"EndocardialCells","lightcyan","SmoothMuscleCells"
"Cd38",0.472470551949668,0.00440631041658808,-0.000508792353742571,-0.00733198874501987,"EndocardialCells","lightcyan","SmoothMuscleCells"
"Cd44",0.453470492985533,0.00409879781331005,-0.000816304957020604,-0.00934994692700948,"EndocardialCells","lightcyan","SmoothMuscleCells"
"Cd47",0.414145949844192,0.00383469628675702,-0.00108040648357363,-0.0145460571585785,"EndocardialCells","lightcyan","SmoothMuscleCells"
"Cd55",0.397041814643968,0.00374096900511303,-0.00117413376521762,-0.0171721336451995,"EndocardialCells","lightcyan","SmoothMuscleCells"
"Cd9",0.406498754949581,0.00372989708434338,-0.00118520568598727,-0.0117716663563926,"EndocardialCells","lightcyan","SmoothMuscleCells"
"Cdh5",0.434620112213281,0.00392757093965706,-0.000987531830673589,-0.0134841221562102,"EndocardialCells","lightcyan","SmoothMuscleCells"
"Cklf",0.43671107119692,0.00430068995443821,-0.000614412815892441,-0.0123108878782751,"EndocardialCells","lightcyan","SmoothMuscleCells"
"Col18a1",0.418078404158329,0.00381315603946058,-0.00110194673087007,-0.0166902218177234,"EndocardialCells","lightcyan","SmoothMuscleCells"
"Col1a2",0.435740430801043,0.00393152293107222,-0.000983579839258435,-0.0154343866599626,"EndocardialCells","lightcyan","SmoothMuscleCells"
"Col3a1",0.4167721217564,0.0038463704484878,-0.00106873232184285,-0.0184618116291868,"EndocardialCells","lightcyan","SmoothMuscleCells"
"Col4a1",0.412667310736457,0.00379711443104694,-0.00111798833928372,-0.0157804074568098,"EndocardialCells","lightcyan","SmoothMuscleCells"
"Col4a2",0.415878588307864,0.00379831651390294,-0.00111678625642771,-0.0160350929410003,"EndocardialCells","lightcyan","SmoothMuscleCells"
"Col4a4",0.406358148163266,0.00375295747129218,-0.00116214529903847,-0.0165170097554278,"EndocardialCells","lightcyan","SmoothMuscleCells"
"Col4a5",0.404557474157833,0.00373327415373606,-0.00118182861659459,-0.0181100307460512,"EndocardialCells","lightcyan","SmoothMuscleCells"
"Col5a2",0.426337918928845,0.00388202118222505,-0.0010330815881056,-0.0140059725279636,"EndocardialCells","lightcyan","SmoothMuscleCells"
"Col6a1",0.412676382142027,0.00381779688437752,-0.00109730588595313,-0.0147550728883621,"EndocardialCells","lightcyan","SmoothMuscleCells"
"Col6a3",0.394968998471466,0.00371288102912645,-0.00120222174120421,-0.0204063295899482,"EndocardialCells","lightcyan","SmoothMuscleCells"
"Comp",0.433912542578901,0.00394812884027128,-0.000966973930059376,-0.0146914089614385,"EndocardialCells","lightcyan","SmoothMuscleCells"
"Copa",0.39616188830378,0.00368255392821095,-0.00123254884211971,-0.0156162644724591,"EndocardialCells","lightcyan","SmoothMuscleCells"
"Cp",0.424754958657067,0.00401058634389644,-0.000904516426434213,-0.0131403635024307,"EndocardialCells","lightcyan","SmoothMuscleCells"
"Ctsd",0.414785483936806,0.00377936225353446,-0.00113574051679619,-0.0174368371785444,"EndocardialCells","lightcyan","SmoothMuscleCells"
"Cx3cl1",0.413361273262482,0.00377369113366389,-0.00114141163666677,-0.0116501979368172,"EndocardialCells","lightcyan","SmoothMuscleCells"
"Cxcl12",0.475831507712963,0.00458269425828566,-0.000332408512044993,-0.00180003973678689,"EndocardialCells","lightcyan","SmoothMuscleCells"
"Dcn",0.449252289395973,0.00419396045061612,-0.000721142319714534,-0.00855933608840389,"EndocardialCells","lightcyan","SmoothMuscleCells"
"Dll1",0.448830469037023,0.00404542323398601,-0.000869679536344647,-0.0111630924768286,"EndocardialCells","lightcyan","SmoothMuscleCells"
"Dll4",0.442739020197483,0.00399926507148598,-0.000915837698844668,-0.012906663402426,"EndocardialCells","lightcyan","SmoothMuscleCells"
"Edn1",0.42676881069337,0.00392298257495738,-0.000992120195373277,-0.00960972523991876,"EndocardialCells","lightcyan","SmoothMuscleCells"
"Efemp2",0.479877354596698,0.00428139780196662,-0.000633704968364037,-0.00810783187128203,"EndocardialCells","lightcyan","SmoothMuscleCells"
"Efna1",0.47716954003437,0.00432433958064772,-0.000590763189682932,-0.00860472060995708,"EndocardialCells","lightcyan","SmoothMuscleCells"
"Efna5",0.420527683661941,0.00392412392032928,-0.000990978850001372,-0.0129962460553308,"EndocardialCells","lightcyan","SmoothMuscleCells"
"Efnb1",0.435336753253222,0.00395745160574959,-0.00095765116458106,-0.0152412016836972,"EndocardialCells","lightcyan","SmoothMuscleCells"
"Efnb2",0.428406199398559,0.00393758737433996,-0.000977515395990694,-0.0156678795510155,"EndocardialCells","lightcyan","SmoothMuscleCells"
"Eng",0.460913581254838,0.00418846618508538,-0.000726636585245276,-0.0124938897044962,"EndocardialCells","lightcyan","SmoothMuscleCells"
"Entpd1",0.428428877912484,0.0038813905927732,-0.00103371217755745,-0.0129725651946741,"EndocardialCells","lightcyan","SmoothMuscleCells"
"Epha4",0.484231629269791,0.00537288565324304,0.000457782882912389,0.0103895269667991,"EndocardialCells","lightcyan","SmoothMuscleCells"
"Esam",0.474910760047711,0.00445382848695136,-0.000461274283379292,-0.0050376401927362,"EndocardialCells","lightcyan","SmoothMuscleCells"
"Ezr",0.418495688814501,0.00382682171694384,-0.00108828105338681,-0.014748929888026,"EndocardialCells","lightcyan","SmoothMuscleCells"
"F11r",0.392937003624025,0.00364704198529288,-0.00126806078503777,-0.021422402077361,"EndocardialCells","lightcyan","SmoothMuscleCells"
"Fam3c",0.406698325872097,0.00375843541049468,-0.00115666735983597,-0.0166837975222219,"EndocardialCells","lightcyan","SmoothMuscleCells"
"Fbln1",0.455597737591444,0.00416697611552603,-0.000748126654804624,-0.0107901842886968,"EndocardialCells","lightcyan","SmoothMuscleCells"
"Fbn1",0.434964825624898,0.00398220220591737,-0.000932900564413283,-0.0131695788118416,"EndocardialCells","lightcyan","SmoothMuscleCells"
"Fgf14",0.427081774185493,0.00404520369733897,-0.000869899072991687,-0.0131473060004454,"EndocardialCells","lightcyan","SmoothMuscleCells"
"Fgfrl1",0.416082694933165,0.00395309376908674,-0.000962009001243908,-0.0139449716675007,"EndocardialCells","lightcyan","SmoothMuscleCells"
"Flrt2",0.480085996924785,0.00457487819685315,-0.000340224573477505,-0.00446090085095884,"EndocardialCells","lightcyan","SmoothMuscleCells"
"Fn1",0.417434334362932,0.00382945684972691,-0.00108564592060374,-0.0139221425417044,"EndocardialCells","lightcyan","SmoothMuscleCells"
"Furin",0.410594494563956,0.00462640417973101,-0.000288698590599643,-0.00219130000032231,"EndocardialCells","lightcyan","SmoothMuscleCells"
"Gas6",0.483406131363014,0.00443153626801419,-0.000483566502316464,-0.00653976113945086,"EndocardialCells","lightcyan","SmoothMuscleCells"
"Glg1",0.468501812013254,0.00435546506924736,-0.000559637701083292,-0.00897575249336552,"EndocardialCells","lightcyan","SmoothMuscleCells"
"Gnas",0.416577086536668,0.00387140105989384,-0.00104370171043681,-0.0143601313465587,"EndocardialCells","lightcyan","SmoothMuscleCells"
"Gpc6",0.478557465086419,0.00442922487729323,-0.000485877893037419,-0.00654675740422621,"EndocardialCells","lightcyan","SmoothMuscleCells"
"Gpi1",0.409973103282488,0.00376431882031412,-0.00115078395001653,-0.0122860846861235,"EndocardialCells","lightcyan","SmoothMuscleCells"
"Grn",0.437232677017136,0.00398446564620877,-0.000930637124121882,-0.00971607676497566,"EndocardialCells","lightcyan","SmoothMuscleCells"
"Gstp1",0.426455847201238,0.00390472304081108,-0.00101037972951957,-0.0152069982410336,"EndocardialCells","lightcyan","SmoothMuscleCells"
"H2-D1",0.423512176094116,0.00389169483209867,-0.00102340793823198,-0.0160076572678914,"EndocardialCells","lightcyan","SmoothMuscleCells"
"H2-DMb1",0.430048123806534,0.00389450284942739,-0.00102059992090327,-0.0156270570310657,"EndocardialCells","lightcyan","SmoothMuscleCells"
"H2-K1",0.425566849455479,0.00390921483939319,-0.00100588793093746,-0.015741250633849,"EndocardialCells","lightcyan","SmoothMuscleCells"
"H2-Q4",0.423512176094116,0.00389153416056444,-0.00102356860976621,-0.0160056326676183,"EndocardialCells","lightcyan","SmoothMuscleCells"
"H2-Q6",0.423512176094116,0.00389153416056444,-0.00102356860976621,-0.0160056326676183,"EndocardialCells","lightcyan","SmoothMuscleCells"
"Hbegf",0.496219491729138,0.0053639905409114,0.000448887770580743,0.0142625109476789,"EndocardialCells","lightcyan","SmoothMuscleCells"
"Hsp90b1",0.388006694697304,0.00369989744812926,-0.0012152053222014,-0.0203047626133464,"EndocardialCells","lightcyan","SmoothMuscleCells"
"Hspg2",0.434434148399117,0.00400168945562659,-0.000913413314704068,-0.0116481851665255,"EndocardialCells","lightcyan","SmoothMuscleCells"
"Icam1",0.465027463680355,0.00416995309725142,-0.000745149673079235,-0.0109950673670049,"EndocardialCells","lightcyan","SmoothMuscleCells"
"Igf2",0.428782662729674,0.0039930524241746,-0.00092205034615605,-0.00573831753911256,"EndocardialCells","lightcyan","SmoothMuscleCells"
"Igfbp4",0.451479319463147,0.00433867253504997,-0.000576430235280682,-0.00850364099740073,"EndocardialCells","lightcyan","SmoothMuscleCells"
"Il15",0.490141649997954,0.00473344536591687,-0.000181657404413785,-0.00233996088600977,"EndocardialCells","lightcyan","SmoothMuscleCells"
"Inhbb",0.478376036975044,0.00460727017207085,-0.000307832598259807,-0.0038877295923707,"EndocardialCells","lightcyan","SmoothMuscleCells"
"Jag1",0.407201788881175,0.00456283873178961,-0.000352264038541044,-0.00084107278935537,"EndocardialCells","lightcyan","SmoothMuscleCells"
"Jam2",0.459398656524826,0.00419913678506714,-0.000715965985263509,-0.0142629013868739,"EndocardialCells","lightcyan","SmoothMuscleCells"
"Jam3",0.453475028688315,0.0040782361489571,-0.000836866621373555,-0.0133621232447199,"EndocardialCells","lightcyan","SmoothMuscleCells"
"Lama4",0.458096909825688,0.00419323366761989,-0.000721869102710764,-0.0110643147349639,"EndocardialCells","lightcyan","SmoothMuscleCells"
"Lama5",0.432279689576495,0.00392730743684663,-0.000987795333484023,-0.0151459968576196,"EndocardialCells","lightcyan","SmoothMuscleCells"
"Lamb1",0.40282029999138,0.00371473624623775,-0.0012003665240929,-0.0184236156894691,"EndocardialCells","lightcyan","SmoothMuscleCells"
"Lamb2",0.426437704390099,0.00385904084507107,-0.00105606192525959,-0.0173927313114086,"EndocardialCells","lightcyan","SmoothMuscleCells"
"Lamc1",0.367478103894808,0.00349950513477264,-0.00141559763555801,-0.0215591484356616,"EndocardialCells","lightcyan","SmoothMuscleCells"
"Lgals1",0.444507944283423,0.0040390344337125,-0.000876068336618156,-0.00923347863502336,"EndocardialCells","lightcyan","SmoothMuscleCells"
"Lgals3bp",0.426310704712134,0.00386147992525865,-0.001053622845072,-0.0161870367336636,"EndocardialCells","lightcyan","SmoothMuscleCells"
"Lpl",0.40908410553673,0.00375763166722681,-0.00115747110310384,-0.0164231233282889,"EndocardialCells","lightcyan","SmoothMuscleCells"
"Lrpap1",0.396479387498689,0.00369726999254815,-0.0012178327777825,-0.019113716805907,"EndocardialCells","lightcyan","SmoothMuscleCells"
"Ltbp1",0.470474842724499,0.00462174140913924,-0.000293361361191412,-0.00358859793135103,"EndocardialCells","lightcyan","SmoothMuscleCells"
"Ltbp3",0.395259283449668,0.00367979326884093,-0.00123530950148972,-0.0235232854339971,"EndocardialCells","lightcyan","SmoothMuscleCells"
"Lum",0.422019929878028,0.00388262004895257,-0.00103248272137808,-0.0158360137816379,"EndocardialCells","lightcyan","SmoothMuscleCells"
"Mcam",0.388138230078056,0.00364485419986993,-0.00127024857046072,-0.0150763503164544,"EndocardialCells","lightcyan","SmoothMuscleCells"
"Mdk",0.413352201856913,0.00379570248863911,-0.00111940028169154,-0.0133431033194885,"EndocardialCells","lightcyan","SmoothMuscleCells"
"Mfap2",0.418255296566922,0.00382983218223532,-0.00108527058809533,-0.0151063878303638,"EndocardialCells","lightcyan","SmoothMuscleCells"
"Mfap5",0.428701020079549,0.0039288926936038,-0.000986210076726848,-0.0168751616169124,"EndocardialCells","lightcyan","SmoothMuscleCells"
"Mfge8",0.383412027776641,0.00357251279654696,-0.0013425899737837,-0.0220310611403852,"EndocardialCells","lightcyan","SmoothMuscleCells"
"Mfng",0.393005039165786,0.00365388443416015,-0.0012612183361705,-0.0224855870425567,"EndocardialCells","lightcyan","SmoothMuscleCells"
"Mif",0.449247753693192,0.00403761253190122,-0.000877490238429436,-0.0172779167205103,"EndocardialCells","lightcyan","SmoothMuscleCells"
"Mmp14",0.439083243753196,0.00398294893286596,-0.000932153837464697,-0.0125267094068019,"EndocardialCells","lightcyan","SmoothMuscleCells"
"Mmp2",0.4488350047398,0.00406967352295984,-0.00084542924737081,-0.0127860960048309,"EndocardialCells","lightcyan","SmoothMuscleCells"
"Mmrn2",0.534841000938879,0.00524557949395188,0.000330476723621225,0.00594657979004762,"EndocardialCells","lightcyan","SmoothMuscleCells"
"Mpdz",0.471472697337082,0.00424308600097757,-0.000672016769353079,-0.00887644679119748,"EndocardialCells","lightcyan","SmoothMuscleCells"
"Msn",0.433109723186055,0.00389140449711845,-0.00102369827321221,-0.0152548687990162,"EndocardialCells","lightcyan","SmoothMuscleCells"
"Mxra8",0.441269452495312,0.00397561342178232,-0.000939489348548333,-0.0152579892259262,"EndocardialCells","lightcyan","SmoothMuscleCells"
"Nampt",0.423389712118938,0.0038466369008966,-0.00106846586943405,-0.0147550573244106,"EndocardialCells","lightcyan","SmoothMuscleCells"
"Ncam1",0.439205707728379,0.00399280408816575,-0.0009222986821649,-0.0134716654023108,"EndocardialCells","lightcyan","SmoothMuscleCells"
"Neo1",0.450227465494639,0.0041116539597347,-0.000803448810595954,-0.0126647243143025,"EndocardialCells","lightcyan","SmoothMuscleCells"
"Nid1",0.408816499072443,0.00380258537973476,-0.00111251739059589,-0.0207609311643905,"EndocardialCells","lightcyan","SmoothMuscleCells"
"Nlgn2",0.489910329155942,0.00477180765617094,-0.000143295114159709,-0.000389918098366314,"EndocardialCells","lightcyan","SmoothMuscleCells"
"Nppa",0.435908251804072,0.00395175755957203,-0.000963345210758628,-0.0122151740018705,"EndocardialCells","lightcyan","SmoothMuscleCells"
"Nrg1",0.423190141196425,0.00390673393977965,-0.00100836883055101,-0.0134088067584849,"EndocardialCells","lightcyan","SmoothMuscleCells"
"Nrp1",0.433268472783513,0.00393653592156964,-0.000978566848761008,-0.0118873045881004,"EndocardialCells","lightcyan","SmoothMuscleCells"
"Nrxn2",0.514679802061918,0.00510764221604977,0.000192539445719121,0.00159785130273091,"EndocardialCells","lightcyan","SmoothMuscleCells"
"Ntn1",0.445047692914776,0.00399600113350929,-0.000919101636821368,-0.0126434776417705,"EndocardialCells","lightcyan","SmoothMuscleCells"
"Nts",0.442734484494696,0.00420739274039109,-0.000707710029939568,-0.00791212921647303,"EndocardialCells","lightcyan","SmoothMuscleCells"
"Ocln",0.442475949435984,0.00401375885837174,-0.000901343911958913,-0.0150838805093771,"EndocardialCells","lightcyan","SmoothMuscleCells"
"Pam",0.371047701986182,0.0034976103551317,-0.00141749241519895,-0.0267122016921748,"EndocardialCells","lightcyan","SmoothMuscleCells"
"Pdgfb",0.48250352650891,0.0045464585936673,-0.000368644176663355,-0.00453863816479945,"EndocardialCells","lightcyan","SmoothMuscleCells"
"Pecam1",0.434066756473577,0.0039329563665236,-0.000982146403807052,-0.0140937278303959,"EndocardialCells","lightcyan","SmoothMuscleCells"
"Pf4",0.460269511459451,0.00505418692461197,0.000139084154281317,0.0288496767901916,"EndocardialCells","lightcyan","SmoothMuscleCells"
"Pi16",0.451193570187721,0.00409204429206927,-0.000823058478261386,-0.0146333757153043,"EndocardialCells","lightcyan","SmoothMuscleCells"
"Plat",0.429526517986321,0.0039247673566184,-0.000990335413712249,-0.0138040627959421,"EndocardialCells","lightcyan","SmoothMuscleCells"
"Plekho2",0.437305248261688,0.00403790755755472,-0.000877195212775936,-0.0147906094600035,"EndocardialCells","lightcyan","SmoothMuscleCells"
"Plxna2",0.446045547527357,0.00406042242512576,-0.000854680345204893,-0.0111734379281197,"EndocardialCells","lightcyan","SmoothMuscleCells"
"Postn",0.510044313816199,0.00601089411070372,0.00109579134037307,0.0182165231114454,"EndocardialCells","lightcyan","SmoothMuscleCells"
"Prnp",0.438847387208406,0.00433318794557986,-0.00058191482475079,-0.00274354982135229,"EndocardialCells","lightcyan","SmoothMuscleCells"
"Pros1",0.424156245889512,0.00386198666365797,-0.00105311610667269,-0.0140961348925935,"EndocardialCells","lightcyan","SmoothMuscleCells"
"Psap",0.421022075265444,0.00402013985046781,-0.000894962919862844,-0.0131879066340732,"EndocardialCells","lightcyan","SmoothMuscleCells"
"Psen1",0.434819683135801,0.00391451611807827,-0.00100058665225238,-0.0116283957974837,"EndocardialCells","lightcyan","SmoothMuscleCells"
"Ptdss1",0.371283558530973,0.00353865314317286,-0.00137644962715779,-0.0236253859422109,"EndocardialCells","lightcyan","SmoothMuscleCells"
"Ptprm",0.395676568105845,0.00367916014810012,-0.00123594262223053,-0.0210783630777735,"EndocardialCells","lightcyan","SmoothMuscleCells"
"Rarres2",0.475600186870949,0.00503909678518675,0.000123994014856098,-0.00133697536088442,"EndocardialCells","lightcyan","SmoothMuscleCells"
"Sdc2",0.428687412971196,0.00392709840655734,-0.000988004363773309,-0.0153504731170469,"EndocardialCells","lightcyan","SmoothMuscleCells"
"Sema3a",0.432669760015964,0.00393179812601994,-0.000983304644310712,-0.0151787932210947,"EndocardialCells","lightcyan","SmoothMuscleCells"
"Sema3f",0.470311557424258,0.00425746785266242,-0.000657634917668234,-0.00839133216651998,"EndocardialCells","lightcyan","SmoothMuscleCells"
"Sema4c",0.424999886607428,0.00406703837124576,-0.000848064399084888,-0.0132909938800056,"EndocardialCells","lightcyan","SmoothMuscleCells"
"Sema4d",0.459725227125311,0.00425102073239378,-0.000664082037936875,-0.00962802105833451,"EndocardialCells","lightcyan","SmoothMuscleCells"
"Sema6a",0.433554222058935,0.00397442744068306,-0.00094067532964759,-0.0150348953256819,"EndocardialCells","lightcyan","SmoothMuscleCells"
"Sema6b",0.45092142802066,0.00409682210771848,-0.000818280662612175,-0.0115896536552153,"EndocardialCells","lightcyan","SmoothMuscleCells"
"Sema6d",0.470452164210575,0.00435099679414236,-0.000564105976188297,-0.00716656907285502,"EndocardialCells","lightcyan","SmoothMuscleCells"
"Serpine2",0.404285331990764,0.00373181157603483,-0.00118329119429582,-0.0192055190682922,"EndocardialCells","lightcyan","SmoothMuscleCells"
"Serping1",0.43603071577925,0.00408757058916811,-0.000827532181162547,-0.0124048825764017,"EndocardialCells","lightcyan","SmoothMuscleCells"
"Sirpa",0.45606945068103,0.00418328675776271,-0.00073181601256794,-0.0115441837735508,"EndocardialCells","lightcyan","SmoothMuscleCells"
"Slc6a8",0.423589283041454,0.00387011930579768,-0.00104498346453298,-0.0151482958520107,"EndocardialCells","lightcyan","SmoothMuscleCells"
"Slit3",0.403954225687494,0.00379316773474113,-0.00112193503558952,-0.0168686434795842,"EndocardialCells","lightcyan","SmoothMuscleCells"
"Sost",0.481582778843661,0.00431901412165536,-0.000596088648675296,-0.00814152569326537,"EndocardialCells","lightcyan","SmoothMuscleCells"
"Sparc",0.424568994842899,0.00383977326537812,-0.00107532950495253,-0.0129986330915582,"EndocardialCells","lightcyan","SmoothMuscleCells"
"Spon1",0.416109909149861,0.00386112483921509,-0.00105397793111556,-0.0151197179043078,"EndocardialCells","lightcyan","SmoothMuscleCells"
"Tfpi",0.419892685272114,0.00385276529785918,-0.00106233747247147,-0.0125302095501018,"EndocardialCells","lightcyan","SmoothMuscleCells"
"Tgfb1",0.439028815319779,0.00405000937758303,-0.00086509339274762,-0.0125952980214369,"EndocardialCells","lightcyan","SmoothMuscleCells"
"Tgfb2",0.4796732479714,0.00466117392978529,-0.00025392884054536,-0.00466140419331447,"EndocardialCells","lightcyan","SmoothMuscleCells"
"Tgfbi",0.41734815601003,0.00383248925191605,-0.0010826135184146,-0.0164964465702424,"EndocardialCells","lightcyan","SmoothMuscleCells"
"Tgm2",0.455906165380788,0.00450801158354059,-0.000407091186790059,-0.00206835876104159,"EndocardialCells","lightcyan","SmoothMuscleCells"
"Timp1",0.429766910233902,0.00403468317563285,-0.000880419594697801,-0.0111576294349158,"EndocardialCells","lightcyan","SmoothMuscleCells"
"Timp2",0.456577449392886,0.00423652042826193,-0.000678582342068721,-0.00903078851412614,"EndocardialCells","lightcyan","SmoothMuscleCells"
"Timp3",0.419951649408315,0.00387135146838949,-0.00104375130194116,-0.0160757106668397,"EndocardialCells","lightcyan","SmoothMuscleCells"
"Tnfsf12",0.482748454459269,0.00447365280193677,-0.000441449968393885,-0.010691744789458,"EndocardialCells","lightcyan","SmoothMuscleCells"
"Tnxb",0.422369178992433,0.0038399166639624,-0.00107518610636825,-0.0154604704427898,"EndocardialCells","lightcyan","SmoothMuscleCells"
"Tspan3",0.43503286116667,0.00401755890056647,-0.000897543869764181,-0.0145692774804687,"EndocardialCells","lightcyan","SmoothMuscleCells"
"Tspan5",0.409564890031883,0.00373108261124367,-0.00118402015908698,-0.0182244727528133,"EndocardialCells","lightcyan","SmoothMuscleCells"
"Vcam1",0.40723807450345,0.0037472980728927,-0.00116780469743795,-0.0156944205244612,"EndocardialCells","lightcyan","SmoothMuscleCells"
"Vegfb",0.457974445850507,0.00409619467145267,-0.000818908098877987,-0.011534693436056,"EndocardialCells","lightcyan","SmoothMuscleCells"
"Vegfc",0.478625500628184,0.00447166885836628,-0.000443433911964375,0.00636486664586143,"EndocardialCells","lightcyan","SmoothMuscleCells"
"Vsig10",0.446798474189575,0.00409185132692387,-0.000823251443406779,-0.0134865772121193,"EndocardialCells","lightcyan","SmoothMuscleCells"
"Vwf",0.442444199516485,0.00406101458166711,-0.000854088188663541,-0.00991730255212442,"EndocardialCells","lightcyan","SmoothMuscleCells"
"Wnt2",0.395585854050155,0.00373660278776493,-0.00117849998256572,-0.0171234331292685,"EndocardialCells","lightcyan","SmoothMuscleCells"
"Zdhhc5",0.438411959741093,0.00403573102067826,-0.000879371749652393,-0.0133099787600961,"EndocardialCells","lightcyan","SmoothMuscleCells"
"Adam10",0.36842951478611,0.00333432255468813,-0.000834274017799134,-0.0261982452254032,"Fibroblasts","midnightblue","Leukocytes"
"Adam15",0.408463967843805,0.00326917639311988,-0.000899420179367382,-0.0324516727574302,"Fibroblasts","midnightblue","Leukocytes"
"Adam17",0.402721791558999,0.00320541831802511,-0.00096317825446215,-0.0157059771606984,"Fibroblasts","midnightblue","Leukocytes"
"Adam9",0.383855871375244,0.00309112493913426,-0.001077471633353,-0.0309220812276833,"Fibroblasts","midnightblue","Leukocytes"
"Adm",0.428168245765131,0.00351268515637791,-0.00065591141610935,-0.00128834272268326,"Fibroblasts","midnightblue","Leukocytes"
"Agrn",0.407085845535452,0.00321563307650002,-0.000952963495987246,-0.0249995310257143,"Fibroblasts","midnightblue","Leukocytes"
"Ahsg",0.387223657766298,0.00316238000044719,-0.00100621657204007,-0.0289221416405413,"Fibroblasts","midnightblue","Leukocytes"
"Alcam",0.352845248349132,0.00297250889386799,-0.00119608767861927,-0.032587555257945,"Fibroblasts","midnightblue","Leukocytes"
"Ang",0.447154751650882,0.00385496150196306,-0.000313635070524198,-0.0182894129116911,"Fibroblasts","midnightblue","Leukocytes"
"Angpt1",0.389417169107095,0.00310448126919768,-0.00106411530328958,-0.0181812038415688,"Fibroblasts","midnightblue","Leukocytes"
"Angpt2",0.39771461383864,0.00343945598233889,-0.000729140590148368,-0.0193096002825593,"Fibroblasts","midnightblue","Leukocytes"
"Angptl1",0.425799598047662,0.00343333192495377,-0.000735264647533497,-0.0300727623549741,"Fibroblasts","midnightblue","Leukocytes"
"Angptl2",0.475595750789548,0.00400218833080535,-0.00016640824168191,-0.00966938916794013,"Fibroblasts","midnightblue","Leukocytes"
"Angptl4",0.478541487223655,0.00797790155415311,0.00380930498166585,0.0486451154334998,"Fibroblasts","midnightblue","Leukocytes"
"Angptl7",0.387016939420034,0.00316287399036039,-0.00100572258212687,-0.0327561590815214,"Fibroblasts","midnightblue","Leukocytes"
"Anxa1",0.400089003732423,0.00320022461759303,-0.000968371954894235,-0.0256654477251319,"Fibroblasts","midnightblue","Leukocytes"
"Anxa2",0.40821131208728,0.00323078962847943,-0.000937806944007835,-0.0258058983530979,"Fibroblasts","midnightblue","Leukocytes"
"Apoe",0.378788400803899,0.00311995228014123,-0.00104864429234603,-0.0244089342823819,"Fibroblasts","midnightblue","Leukocytes"
"App",0.405403387884002,0.00324028898647823,-0.000928307586009031,-0.0158420745698466,"Fibroblasts","midnightblue","Leukocytes"
"Arf1",0.415989089865052,0.00332578766299982,-0.000842808909487438,-0.0295255369069279,"Fibroblasts","midnightblue","Leukocytes"
"B2m",0.434975595750788,0.00357334322723853,-0.00059525334524873,-0.0230947469403379,"Fibroblasts","midnightblue","Leukocytes"
"Bace1",0.382606948033303,0.00327470612133892,-0.000893890451148347,-0.0311590450447787,"Fibroblasts","midnightblue","Leukocytes"
"Bace2",0.390778064886611,0.00345953091510766,-0.000709065657379604,-0.0218151743306823,"Fibroblasts","midnightblue","Leukocytes"
"Bgn",0.415670399081247,0.00334592708367509,-0.000822669488812168,-0.0233467882865176,"Fibroblasts","midnightblue","Leukocytes"
"Boc",0.372012632787822,0.00301273520286887,-0.00115586136961839,-0.0379549667957909,"Fibroblasts","midnightblue","Leukocytes"
"Bst2",0.416480045937402,0.00333586983978901,-0.000832726732698249,-0.0281387075953297,"Fibroblasts","midnightblue","Leukocytes"
"C1qa",0.422469135802458,0.00334262336530379,-0.000825973207183473,-0.0190087480483621,"Fibroblasts","midnightblue","Leukocytes"
"C1qb",0.40846396784381,0.00326892537850813,-0.000899671193979133,-0.0295676136307828,"Fibroblasts","midnightblue","Leukocytes"
"C3",0.41890611541773,0.0033464446708983,-0.000822151901588962,-0.0251644050579478,"Fibroblasts","midnightblue","Leukocytes"
"C4b",0.40082400229687,0.00325509667450512,-0.000913499897982147,-0.0299188031035193,"Fibroblasts","midnightblue","Leukocytes"
"Calm1",0.422049956933671,0.0033756640777439,-0.000792932494743361,-0.0213598506372164,"Fibroblasts","midnightblue","Leukocytes"
"Calm2",0.412776342233708,0.00332607685321127,-0.000842519719275996,-0.0208320551917547,"Fibroblasts","midnightblue","Leukocytes"
"Calm3",0.426213034740163,0.00343755672739163,-0.000731039845095636,-0.0239542181640127,"Fibroblasts","midnightblue","Leukocytes"
"Calr",0.40827447602641,0.00324631474983107,-0.000922281822656198,-0.0148803227360459,"Fibroblasts","midnightblue","Leukocytes"
"Ccl11",0.378489807637095,0.00315324756398568,-0.00101534900850158,-0.0252091767675921,"Fibroblasts","midnightblue","Leukocytes"
"Ccl19",0.424441573356307,0.00336813977304145,-0.000800456799445814,-0.010362928163027,"Fibroblasts","midnightblue","Leukocytes"
"Ccl2",0.390605799598047,0.00318506866113807,-0.000983527911349188,-0.0208970636781866,"Fibroblasts","midnightblue","Leukocytes"
"Ccl7",0.420353143841515,0.00332406664578712,-0.000844529926700139,-0.0272228091745801,"Fibroblasts","midnightblue","Leukocytes"
"Cd200",0.372994544932533,0.00307303799048751,-0.00109555858199975,-0.0331444757709523,"Fibroblasts","midnightblue","Leukocytes"
"Cd320",0.418742463393612,0.00338740814556764,-0.000781188426919622,-0.0253694665624127,"Fibroblasts","midnightblue","Leukocytes"
"Cd47",0.425512489233415,0.00350349198805249,-0.000665104584434769,-0.020673117918942,"Fibroblasts","midnightblue","Leukocytes"
"Cd55",0.399440137812233,0.00328676027038386,-0.000881836302103403,-0.0241088477508831,"Fibroblasts","midnightblue","Leukocytes"
"Cd59a",0.418128050531145,0.00331237806566578,-0.000856218506821479,-0.0225434050950076,"Fibroblasts","midnightblue","Leukocytes"
"Cd82",0.365811082400235,0.00298440319833405,-0.00118419337415321,-0.0364721280804107,"Fibroblasts","midnightblue","Leukocytes"
"Cd9",0.413815676141254,0.0032622732131318,-0.000906323359355466,-0.015840178854585,"Fibroblasts","midnightblue","Leukocytes"
"Cfh",0.37819408555844,0.00309740711946044,-0.00107118945302682,-0.0332430082186829,"Fibroblasts","midnightblue","Leukocytes"
"Clec11a",0.398185472294006,0.003196616032244,-0.000971980540243262,-0.0295782542640365,"Fibroblasts","midnightblue","Leukocytes"
"Clu",0.392248062015512,0.00325457624860981,-0.000914020323877449,-0.0320095672845432,"Fibroblasts","midnightblue","Leukocytes"
"Col14a1",0.425104794717187,0.00343619154843935,-0.000732405024047914,-0.0283715043150454,"Fibroblasts","midnightblue","Leukocytes"
"Col15a1",0.411610680447892,0.00330844649055764,-0.000860150081929618,-0.0258835008825292,"Fibroblasts","midnightblue","Leukocytes"
"Col16a1",0.434131495836908,0.00346793913379065,-0.000700657438696608,-0.0232487589352631,"Fibroblasts","midnightblue","Leukocytes"
"Col18a1",0.399000861326452,0.00327036232834842,-0.000898234244138839,-0.031218962368829,"Fibroblasts","midnightblue","Leukocytes"
"Col1a1",0.417568188343379,0.00331343545985798,-0.000855161112629286,-0.0281346579290114,"Fibroblasts","midnightblue","Leukocytes"
"Col1a2",0.424834912431808,0.00340857104981009,-0.000760025522677176,-0.0291472304898717,"Fibroblasts","midnightblue","Leukocytes"
"Col27a1",0.427117427505023,0.00345486088672381,-0.000713735685763454,-0.028330418482976,"Fibroblasts","midnightblue","Leukocytes"
"Col3a1",0.420014355440703,0.00340414367541106,-0.000764452897076206,-0.0270906049659434,"Fibroblasts","midnightblue","Leukocytes"
"Col4a1",0.42466838931955,0.00338527158662325,-0.000783324985864013,-0.0258856917671865,"Fibroblasts","midnightblue","Leukocytes"
"Col4a2",0.418440999138665,0.00334774907805068,-0.000820847494436581,-0.027345709335174,"Fibroblasts","midnightblue","Leukocytes"
"Col4a3",0.447255239735852,0.00353821323588717,-0.000630383336600091,-0.0266349143515536,"Fibroblasts","midnightblue","Leukocytes"
"Col4a4",0.437039908125175,0.00349580272072185,-0.000672793851765411,-0.0246967413250919,"Fibroblasts","midnightblue","Leukocytes"
"Col4a5",0.409356876256096,0.00326039486772112,-0.000908201704766147,-0.0308542506660366,"Fibroblasts","midnightblue","Leukocytes"
"Col4a6",0.403106517370079,0.00341154624627838,-0.000757050326208883,-0.0289187531623567,"Fibroblasts","midnightblue","Leukocytes"
"Col5a1",0.422796439850695,0.00334877403196744,-0.00081982254051982,-0.0232905294842957,"Fibroblasts","midnightblue","Leukocytes"
"Col5a2",0.435081826012053,0.00352449072555929,-0.000644105846927976,-0.0215480584458148,"Fibroblasts","midnightblue","Leukocytes"
"Col5a3",0.431490094745902,0.0035453157989801,-0.000623280773507164,-0.0267049343440737,"Fibroblasts","midnightblue","Leukocytes"
"Col6a1",0.431986792994538,0.00342635746487466,-0.000742239107612606,-0.0232244000520259,"Fibroblasts","midnightblue","Leukocytes"
"Col6a2",0.416744186046511,0.00335797964022483,-0.000810616932262437,-0.0296687696903173,"Fibroblasts","midnightblue","Leukocytes"
"Col6a3",0.439816250358883,0.00368599918858007,-0.000482597383907192,-0.0227702024953352,"Fibroblasts","midnightblue","Leukocytes"
"Col6a6",0.435371805914439,0.00358297119729563,-0.000585625375191629,-0.0253158738792253,"Fibroblasts","midnightblue","Leukocytes"
"Col8a1",0.38545793855871,0.00314235564340235,-0.00102624092908491,-0.0293916938008079,"Fibroblasts","midnightblue","Leukocytes"
"Copa",0.415719207579669,0.00336825750399289,-0.000800339068494368,-0.0219164938950342,"Fibroblasts","midnightblue","Leukocytes"
"Cp",0.387068619006608,0.00325154108452411,-0.00091705548796315,-0.0280481949222201,"Fibroblasts","midnightblue","Leukocytes"
"Crlf1",0.400824002296879,0.00345727829905393,-0.000711318273433329,-0.0267330305966411,"Fibroblasts","midnightblue","Leukocytes"
"Csf1",0.409109962675844,0.00323506211360775,-0.000933534458879509,-0.0122762031702546,"Fibroblasts","midnightblue","Leukocytes"
"Ctsd",0.45225380419179,0.00360973119359928,-0.000558865378887986,-0.0226641356036948,"Fibroblasts","midnightblue","Leukocytes"
"Cx3cl1",0.395865633074931,0.00328957083411708,-0.000879025738370185,-0.0132850261935151,"Fibroblasts","midnightblue","Leukocytes"
"Cxcl12",0.441458512776348,0.00361196648027958,-0.000556630092207678,-0.00805203506323596,"Fibroblasts","midnightblue","Leukocytes"
"Cxcl14",0.380643123743893,0.00304331810882251,-0.00112527846366475,-0.0342134592971917,"Fibroblasts","midnightblue","Leukocytes"
"Cytl1",0.388716623600346,0.00325771885412781,-0.000910877718359453,-0.0282494435209485,"Fibroblasts","midnightblue","Leukocytes"
"Dcn",0.409107091587706,0.00328918949971802,-0.000879407072769244,-0.0260031907976867,"Fibroblasts","midnightblue","Leukocytes"
"Eda",0.378420901521677,0.00310551835799876,-0.0010630782144885,-0.036153704111328,"Fibroblasts","midnightblue","Leukocytes"
"Efemp2",0.394596612116007,0.00356171040733599,-0.000606886165151276,-0.0285528639626097,"Fibroblasts","midnightblue","Leukocytes"
"Efnb1",0.418705139247765,0.00329058889576682,-0.000878007676720438,-0.0295905418835831,"Fibroblasts","midnightblue","Leukocytes"
"Eng",0.401234567901234,0.0032428273113892,-0.000925769261098061,-0.0287538065126467,"Fibroblasts","midnightblue","Leukocytes"
"Enpp1",0.384432960091876,0.0031572017520143,-0.00101139482047296,-0.0347079009136715,"Fibroblasts","midnightblue","Leukocytes"
"Ezr",0.43110249784668,0.00359284703965766,-0.000575749532829604,-0.0235467267652723,"Fibroblasts","midnightblue","Leukocytes"
"Fam3c",0.376106804478895,0.00307438352589006,-0.0010942130465972,-0.0287996813362287,"Fibroblasts","midnightblue","Leukocytes"
"Fbln1",0.390798162503583,0.00318355732002192,-0.00098503925246534,-0.0313949565340782,"Fibroblasts","midnightblue","Leukocytes"
"Fbn1",0.394521963824287,0.00319110352240621,-0.00097749305008105,-0.0282032856113846,"Fibroblasts","midnightblue","Leukocytes"
"Fgf18",0.4306632213609,0.0034040148104191,-0.000764581762068163,-0.0201784843829144,"Fibroblasts","midnightblue","Leukocytes"
"Fgf7",0.46504450186621,0.00499325615445905,0.000824659581971789,0.0135567172125378,"Fibroblasts","midnightblue","Leukocytes"
"Fgfrl1",0.447981625035878,0.00385319848609904,-0.00031539808638822,-0.0215117276911263,"Fibroblasts","midnightblue","Leukocytes"
"Fn1",0.41565030146425,0.00336030886746875,-0.000808287705018511,-0.0245656114937992,"Fibroblasts","midnightblue","Leukocytes"
"Furin",0.3867843812805,0.00340651629030853,-0.000762080282178736,-0.00383793001271066,"Fibroblasts","midnightblue","Leukocytes"
"Gas6",0.419173126614997,0.0036495319087337,-0.000519064663753564,-0.0194970228678143,"Fibroblasts","midnightblue","Leukocytes"
"Gnas",0.402845248349116,0.00321556563252245,-0.000953030939964813,-0.020423102190551,"Fibroblasts","midnightblue","Leukocytes"
"Gpc3",0.39400516795865,0.00324690243810689,-0.000921694134380374,-0.0304195174321947,"Fibroblasts","midnightblue","Leukocytes"
"Gpc6",0.385621590582826,0.00313654423528119,-0.00103205233720607,-0.0358965294054204,"Fibroblasts","midnightblue","Leukocytes"
"Gpi1",0.386913580246912,0.00314537859517149,-0.00102321797731577,-0.0244546456249859,"Fibroblasts","midnightblue","Leukocytes"
"Grn",0.383161068044784,0.00322299050127639,-0.000945606071210873,-0.0220178173662559,"Fibroblasts","midnightblue","Leukocytes"
"Gstp1",0.378340511053692,0.00312886485097234,-0.00103973172151493,-0.0342288015704607,"Fibroblasts","midnightblue","Leukocytes"
"Gstp2",0.378340511053692,0.00312886485097234,-0.00103973172151493,-0.0342288015704607,"Fibroblasts","midnightblue","Leukocytes"
"H2-D1",0.415348837209299,0.00335334939910084,-0.000815247173386427,-0.0260836694477638,"Fibroblasts","midnightblue","Leukocytes"
"H2-K1",0.416514498995117,0.00335515317439626,-0.000813443398091007,-0.0259697996119866,"Fibroblasts","midnightblue","Leukocytes"
"H2-Q4",0.415360321561869,0.0033534752001555,-0.000815121372331764,-0.0260861954350637,"Fibroblasts","midnightblue","Leukocytes"
"Has1",0.414352569623899,0.00350317907189065,-0.000665417500596609,-0.0239297583623176,"Fibroblasts","midnightblue","Leukocytes"
"Hebp1",0.420898650588567,0.00332906603487034,-0.000839530537616926,-0.0157687843855739,"Fibroblasts","midnightblue","Leukocytes"
"Hsp90b1",0.425294286534593,0.00348249005126286,-0.0006861065212244,-0.0177263407447454,"Fibroblasts","midnightblue","Leukocytes"
"Hspg2",0.41315819695664,0.0032681884303698,-0.000900408142117466,-0.0310655645657506,"Fibroblasts","midnightblue","Leukocytes"
"Icam1",0.39955785242607,0.00317111759566215,-0.000997478976825115,-0.0238832051974735,"Fibroblasts","midnightblue","Leukocytes"
"Igf1",0.40697100200976,0.00333881028212485,-0.000829786290362408,-0.0104880185642348,"Fibroblasts","midnightblue","Leukocytes"
"Igfbp4",0.40771174275049,0.00334891780611729,-0.000819678766369976,-0.0310146901651758,"Fibroblasts","midnightblue","Leukocytes"
"Igsf10",0.360367499282226,0.00309321385793461,-0.00107538271455265,-0.027522773317638,"Fibroblasts","midnightblue","Leukocytes"
"Il15",0.393465403387883,0.00323936331224331,-0.000929233260243953,-0.0165753219750167,"Fibroblasts","midnightblue","Leukocytes"
"Il16",0.41228825724949,0.00327635674791322,-0.000892239824574038,-0.0239592542589642,"Fibroblasts","midnightblue","Leukocytes"
"Il33",0.428963537180599,0.00344038702902764,-0.000728209543459627,-0.0128689867324987,"Fibroblasts","midnightblue","Leukocytes"
"Ildr2",0.409354005167948,0.00328890110787875,-0.000879695464608513,-0.0292698174385089,"Fibroblasts","midnightblue","Leukocytes"
"Inhba",0.398515647430369,0.0032499796135955,-0.000918616958891765,-0.0137965988027302,"Fibroblasts","midnightblue","Leukocytes"
"Itga9",0.408917599770308,0.00326146794690617,-0.000907128625581096,-0.0309061109475706,"Fibroblasts","midnightblue","Leukocytes"
"Itgb1",0.42558139534883,0.00339472291542719,-0.000773873657060075,-0.0243941227149868,"Fibroblasts","midnightblue","Leukocytes"
"Jag1",0.343468274476038,0.00296390512531337,-0.00120469144717389,-0.0192043846381098,"Fibroblasts","midnightblue","Leukocytes"
"Jam2",0.437057134654031,0.00382771282824743,-0.000340883744239831,-0.0179363920454265,"Fibroblasts","midnightblue","Leukocytes"
"Jam3",0.422026988228542,0.00350195798818195,-0.000666638584305314,-0.0270459841695455,"Fibroblasts","midnightblue","Leukocytes"
"Lama2",0.439873672121726,0.00375227864357687,-0.00041631792891039,-0.00617628049949636,"Fibroblasts","midnightblue","Leukocytes"
"Lama4",0.426468561584845,0.00380354102193706,-0.000365055550550199,-0.0213205915597589,"Fibroblasts","midnightblue","Leukocytes"
"Lamb1",0.428877404536314,0.00349316007084975,-0.000675436501637513,-0.0245829580510514,"Fibroblasts","midnightblue","Leukocytes"
"Lamb2",0.437651449899496,0.0037028196586762,-0.000465776913811059,-0.0239528688209884,"Fibroblasts","midnightblue","Leukocytes"
"Lamc1",0.440020097616996,0.00353957191382445,-0.000629024658662812,-0.0249856609620419,"Fibroblasts","midnightblue","Leukocytes"
"Lcn2",0.356718346253236,0.00297309485531722,-0.00119550171717004,-0.0246027227071893,"Fibroblasts","midnightblue","Leukocytes"
"Lgals1",0.414981337927075,0.0033504240703626,-0.00081817250212466,-0.0195131488710163,"Fibroblasts","midnightblue","Leukocytes"
"Lgals3",0.378880275624461,0.00307862488671943,-0.00108997168576784,-0.0226895167977423,"Fibroblasts","midnightblue","Leukocytes"
"Lgals3bp",0.364869365489523,0.0030253007337864,-0.00114329583870087,-0.0339521916013136,"Fibroblasts","midnightblue","Leukocytes"
"Lin7c",0.379084122882567,0.0030659103445705,-0.00110268622791676,-0.0356230158966716,"Fibroblasts","midnightblue","Leukocytes"
"Lpl",0.356795865633067,0.00292156740102803,-0.00124702917145924,-0.0300675843497328,"Fibroblasts","midnightblue","Leukocytes"
"Lrpap1",0.377777777777774,0.00315152645721858,-0.00101707011526868,-0.0342066115644432,"Fibroblasts","midnightblue","Leukocytes"
"Lrrn2",0.434490381854727,0.00359495611896282,-0.000573640453524439,-0.0233910832809191,"Fibroblasts","midnightblue","Leukocytes"
"Ltbp1",0.487889750215321,0.00408184180068026,-8.67547718070008e-05,-0.0190696349517547,"Fibroblasts","midnightblue","Leukocytes"
"Ltbp3",0.318102210737878,0.0027426287447325,-0.00142596782775476,-0.04278215073541,"Fibroblasts","midnightblue","Leukocytes"
"Lum",0.419170255526847,0.00335357846308268,-0.000815018109404579,-0.0296803096627644,"Fibroblasts","midnightblue","Leukocytes"
"Lyz2",0.443514211886305,0.00378257060817443,-0.000386025964312834,-0.0212545155890274,"Fibroblasts","midnightblue","Leukocytes"
"Mdk",0.393571633649145,0.00316940224176857,-0.000999194330718697,-0.028442103758105,"Fibroblasts","midnightblue","Leukocytes"
"Mfap2",0.392621303474014,0.00324092165333588,-0.000927674919151383,-0.0263856622644229,"Fibroblasts","midnightblue","Leukocytes"
"Mfap5",0.353606086706856,0.00297064267429835,-0.00119795389818891,-0.0276208981079756,"Fibroblasts","midnightblue","Leukocytes"
"Mfge8",0.419127189204712,0.00338838284992175,-0.000780213722565514,-0.0261225050345733,"Fibroblasts","midnightblue","Leukocytes"
"Mif",0.431983921906422,0.00365654122539134,-0.000512055347095923,-0.0113144408875599,"Fibroblasts","midnightblue","Leukocytes"
"Mill2",0.384231983921901,0.00312357114898152,-0.00104502542350575,-0.0287097725166862,"Fibroblasts","midnightblue","Leukocytes"
"Mmp14",0.411151306345097,0.00330225679976585,-0.00086633977272141,-0.0268660989348071,"Fibroblasts","midnightblue","Leukocytes"
"Mmp16",0.404737295434971,0.00322948519494649,-0.000939111377540775,-0.0317170298731348,"Fibroblasts","midnightblue","Leukocytes"
"Mmp2",0.40198679299454,0.00320676011575148,-0.000961836456735787,-0.0310098952553156,"Fibroblasts","midnightblue","Leukocytes"
"Mpdz",0.413620442147574,0.00335870850284172,-0.00080988806964554,-0.028365682585283,"Fibroblasts","midnightblue","Leukocytes"
"Msn",0.413198392190641,0.00348008774009156,-0.000688508832395699,-0.0283303335929785,"Fibroblasts","midnightblue","Leukocytes"
"Nampt",0.409672695951763,0.00333354430515538,-0.000835052267331884,-0.024125664089696,"Fibroblasts","midnightblue","Leukocytes"
"Ncam1",0.397088716623601,0.00318321899655141,-0.000985377575935856,-0.0331168369531807,"Fibroblasts","midnightblue","Leukocytes"
"Neo1",0.397806488659212,0.00336873302453481,-0.000799863547952451,-0.0278025618805874,"Fibroblasts","midnightblue","Leukocytes"
"Nid1",0.439247774906672,0.00355011075956518,-0.000618485812922081,-0.0271893695646768,"Fibroblasts","midnightblue","Leukocytes"
"Nrp1",0.401877691645127,0.00322237590318062,-0.000946220669306639,-0.0267787793459934,"Fibroblasts","midnightblue","Leukocytes"
"Nrxn2",0.381553258685048,0.00307724925941143,-0.00109134731307583,-0.0293461999351793,"Fibroblasts","midnightblue","Leukocytes"
"Nucb2",0.35966695377548,0.00312877234707548,-0.00103982422541178,-0.0354671303934192,"Fibroblasts","midnightblue","Leukocytes"
"Pam",0.363060579959804,0.00298791827927245,-0.00118067829321481,-0.0353704348443064,"Fibroblasts","midnightblue","Leukocytes"
"Pdgfa",0.397203560149293,0.00379961235553681,-0.000368984216950448,-0.0110677223543127,"Fibroblasts","midnightblue","Leukocytes"
"Pecam1",0.398004593741041,0.0032020811273492,-0.000966515445138058,-0.028984737481667,"Fibroblasts","midnightblue","Leukocytes"
"Penk",0.438544358311794,0.00344354607219034,-0.000725050500296921,-0.0219106914590055,"Fibroblasts","midnightblue","Leukocytes"
"Pf4",0.419621016365203,0.009592028928996,0.00542343235650874,0.0138119177666265,"Fibroblasts","midnightblue","Leukocytes"
"Pgf",0.421851851851842,0.00336948833171746,-0.000799108240769804,-0.0199368965661796,"Fibroblasts","midnightblue","Leukocytes"
"Pi16",0.37274763135228,0.00304791727496705,-0.00112067929752021,-0.0345935695283226,"Fibroblasts","midnightblue","Leukocytes"
"Plat",0.372629916738451,0.00300933001540761,-0.00115926655707965,-0.0253757087270924,"Fibroblasts","midnightblue","Leukocytes"
"Pltp",0.366752799310936,0.00300725798322019,-0.00116133858926708,-0.0289946947842204,"Fibroblasts","midnightblue","Leukocytes"
"Plxna1",0.425954636807345,0.00341247404645826,-0.000756122526029007,-0.0283546559087797,"Fibroblasts","midnightblue","Leukocytes"
"Postn",0.412202124605227,0.00335906340036126,-0.000809533172125999,-0.0117571119601496,"Fibroblasts","midnightblue","Leukocytes"
"Prg4",0.419672695951769,0.00345032032235912,-0.000718276250128141,-0.0252762742445908,"Fibroblasts","midnightblue","Leukocytes"
"Pros1",0.405788113695086,0.003372771719785,-0.000795824852702266,-0.0272540348816729,"Fibroblasts","midnightblue","Leukocytes"
"Psap",0.410657479184614,0.00351573905910547,-0.000652857513381796,-0.0227025033270705,"Fibroblasts","midnightblue","Leukocytes"
"Psen1",0.404565030146426,0.00334301701836564,-0.000825579554121618,-0.0234992369289106,"Fibroblasts","midnightblue","Leukocytes"
"Ptdss1",0.409061154177437,0.00348552154102567,-0.000683075031461589,-0.0270758402169768,"Fibroblasts","midnightblue","Leukocytes"
"Rarres2",0.419632500717772,0.00336442970709358,-0.000804166865393679,-0.0234505743584007,"Fibroblasts","midnightblue","Leukocytes"
"Reck",0.408530002871084,0.00328610912166384,-0.000882487450823418,-0.0256686963539011,"Fibroblasts","midnightblue","Leukocytes"
"Rps19",0.408745334481775,0.00336340065297934,-0.000805195919507921,-0.0297766775246301,"Fibroblasts","midnightblue","Leukocytes"
"Rspo1",0.376505885730697,0.00323900813877511,-0.000929588433712153,-0.0322207703012546,"Fibroblasts","midnightblue","Leukocytes"
"Rtn4",0.383307493540047,0.00316936221018522,-0.000999234362302044,-0.0283957086869323,"Fibroblasts","midnightblue","Leukocytes"
"S100a4",0.385532586850427,0.00340244483714014,-0.000766151735347118,-0.0269252934108529,"Fibroblasts","midnightblue","Leukocytes"
"S100a8",0.402819408555856,0.00330772814843007,-0.000860868424057188,-0.0248839834072735,"Fibroblasts","midnightblue","Leukocytes"
"S100a9",0.3980706287683,0.00326465341087322,-0.000903943161614043,-0.0254875137169984,"Fibroblasts","midnightblue","Leukocytes"
"Sdc2",0.379066896353716,0.00309512566497652,-0.00107347090751074,-0.0356212089507007,"Fibroblasts","midnightblue","Leukocytes"
"Sema3b",0.378598908986505,0.00310760554924598,-0.00106099102324128,-0.0343652245156194,"Fibroblasts","midnightblue","Leukocytes"
"Sema3c",0.364984209015212,0.00300637239398246,-0.00116222417850481,-0.0367739985249154,"Fibroblasts","midnightblue","Leukocytes"
"Sema3d",0.38370944587998,0.00318648773762804,-0.000982108834859226,-0.0331586781441032,"Fibroblasts","midnightblue","Leukocytes"
"Sema4c",0.423537180591429,0.00345020728518819,-0.000718389287299075,-0.0271315189360797,"Fibroblasts","midnightblue","Leukocytes"
"Sema5a",0.377875394774615,0.00308994717127923,-0.00107864940120804,-0.031913987839122,"Fibroblasts","midnightblue","Leukocytes"
"Sema6d",0.38960953201263,0.00328825626019676,-0.000880340312290498,-0.0317098191014424,"Fibroblasts","midnightblue","Leukocytes"
"Serpine1",0.399465977605503,0.00325186678365206,-0.0009167297888352,-0.0279735315010192,"Fibroblasts","midnightblue","Leukocytes"
"Serpine2",0.368481194372663,0.00306330282193307,-0.00110529375055419,-0.027732358041125,"Fibroblasts","midnightblue","Leukocytes"
"Serpinf1",0.369069767441863,0.00306950579739261,-0.00109909077509466,-0.0336922872515958,"Fibroblasts","midnightblue","Leukocytes"
"Serping1",0.406422624174566,0.0032761033276168,-0.000892493244870467,-0.0308013443251194,"Fibroblasts","midnightblue","Leukocytes"
"Shisa4",0.386925064599483,0.00318576374239264,-0.000982832830094618,-0.03457990912631,"Fibroblasts","midnightblue","Leukocytes"
"Sirpa",0.389503301751375,0.00313862239066457,-0.00102997418182269,-0.0338679041444528,"Fibroblasts","midnightblue","Leukocytes"
"Slc6a8",0.416551823140968,0.00331374534524803,-0.000854851227239228,-0.025501254511921,"Fibroblasts","midnightblue","Leukocytes"
"Sparc",0.408245765144984,0.00374776374043087,-0.000420832832056392,0.000322610484780115,"Fibroblasts","midnightblue","Leukocytes"
"Spon1",0.382526557565309,0.0030943660074127,-0.00107423056507456,-0.0300236631672332,"Fibroblasts","midnightblue","Leukocytes"
"Spon2",0.397938558713767,0.00321643939939039,-0.000952157173096872,-0.0270537069728,"Fibroblasts","midnightblue","Leukocytes"
"Tfpi",0.400189491817397,0.00330819235318788,-0.000860404219299383,-0.0221117665103285,"Fibroblasts","midnightblue","Leukocytes"
"Tgfb1",0.457134654033872,0.00400917341913859,-0.000159423153348669,-0.000114045525207032,"Fibroblasts","midnightblue","Leukocytes"
"Tgfb2",0.45214470284239,0.00437566510412665,0.000207068531639387,0.00613804065065219,"Fibroblasts","midnightblue","Leukocytes"
"Tgfb3",0.419451622164798,0.00345562445096829,-0.000712972121518976,-0.00680698024011393,"Fibroblasts","midnightblue","Leukocytes"
"Tgfbi",0.473178294573642,0.00391511950634996,-0.000253477066137307,-0.020802656247247,"Fibroblasts","midnightblue","Leukocytes"
"Tgm2",0.38874533448177,0.00317170209685275,-0.000996894475634512,-0.0220520887946294,"Fibroblasts","midnightblue","Leukocytes"
"Thbs1",0.362405971863329,0.00305959933913164,-0.00110899723335562,-0.0320421768506415,"Fibroblasts","midnightblue","Leukocytes"
"Thbs2",0.426201550387599,0.00359814249909669,-0.000570454073390568,-0.0198264169498502,"Fibroblasts","midnightblue","Leukocytes"
"Timp1",0.425466551823132,0.00339510326885788,-0.000773493303629384,-0.0217490237122143,"Fibroblasts","midnightblue","Leukocytes"
"Timp2",0.384306632213626,0.00307069829783455,-0.00109789827465271,-0.0323930707576131,"Fibroblasts","midnightblue","Leukocytes"
"Timp3",0.39656617858168,0.00356147838318908,-0.000607118189298178,-0.0264034277429171,"Fibroblasts","midnightblue","Leukocytes"
"Tnfsf12",0.379305196669545,0.00305615000748122,-0.00111244656500604,-0.0150262674560103,"Fibroblasts","midnightblue","Leukocytes"
"Tnfsf13b",0.401056560436404,0.00328670437964482,-0.000881892192842444,-0.00483676571455982,"Fibroblasts","midnightblue","Leukocytes"
"Tnxb",0.411421188630493,0.00327965824084076,-0.000888938331646505,-0.030952634109094,"Fibroblasts","midnightblue","Leukocytes"
"Traf2",0.409606660924494,0.00334073218614663,-0.000827864386340632,-0.0235344404091916,"Fibroblasts","midnightblue","Leukocytes"
"Tslp",0.368748205569911,0.00313593079253056,-0.00103266577995671,-0.023338912864393,"Fibroblasts","midnightblue","Leukocytes"
"Tspan3",0.404691358024702,0.00390165945160587,-0.000266937120881394,-0.021429126957963,"Fibroblasts","midnightblue","Leukocytes"
"Tspan5",0.391883433821414,0.00319909614072226,-0.000969500431764998,-0.0319227772192044,"Fibroblasts","midnightblue","Leukocytes"
"Vcam1",0.395653172552394,0.003183740048102,-0.000984856524385264,-0.0240432993139083,"Fibroblasts","midnightblue","Leukocytes"
"Vcan",0.39521102497846,0.00314105538119941,-0.00102754119128785,-0.0328427436008454,"Fibroblasts","midnightblue","Leukocytes"
"Vegfa",0.4296009187482,0.00336956555587461,-0.000799031016612649,-0.0158624091703722,"Fibroblasts","midnightblue","Leukocytes"
"Vegfb",0.430680447889742,0.00355511168390338,-0.000613484888583886,-0.0234843058743031,"Fibroblasts","midnightblue","Leukocytes"
"Vegfc",0.409876543209881,0.00357218214086742,-0.000596414431619841,0.000600918273640658,"Fibroblasts","midnightblue","Leukocytes"
"Vsig10",0.394430089003732,0.00325366485148767,-0.00091493172099959,-0.0294491922661926,"Fibroblasts","midnightblue","Leukocytes"
"Wnt11",0.387625610106229,0.00343509532110397,-0.000733501251383295,-0.00423867861331569,"Fibroblasts","midnightblue","Leukocytes"
"Wnt5a",0.369279356876259,0.00322164989335955,-0.000946946679127715,-0.00841481122146782,"Fibroblasts","midnightblue","Leukocytes"
"Wnt9a",0.373674992822298,0.00336161016827911,-0.000806986404208156,-0.00381556227254996,"Fibroblasts","midnightblue","Leukocytes"
"Zdhhc5",0.453316106804479,0.0037234848519042,-0.000445111720583067,-0.0221153909076445,"Fibroblasts","midnightblue","Leukocytes"
"Znrf3",0.362627045650296,0.00297599830770066,-0.0011925982647866,-0.0379881812557688,"Fibroblasts","midnightblue","Leukocytes"
"Adam10",0.36842951478611,0.00333432255468813,-0.000834274017799134,-0.0261982452254032,"EndothelialCells","midnightblue","Leukocytes"
"Adam15",0.408463967843805,0.00326917639311988,-0.000899420179367382,-0.0324516727574302,"EndothelialCells","midnightblue","Leukocytes"
"Adam17",0.402721791558999,0.00320541831802511,-0.00096317825446215,-0.0157059771606984,"EndothelialCells","midnightblue","Leukocytes"
"Adam9",0.383855871375244,0.00309112493913426,-0.001077471633353,-0.0309220812276833,"EndothelialCells","midnightblue","Leukocytes"
"Adm",0.428168245765131,0.00351268515637791,-0.00065591141610935,-0.00128834272268326,"EndothelialCells","midnightblue","Leukocytes"
"Agrn",0.407085845535452,0.00321563307650002,-0.000952963495987246,-0.0249995310257143,"EndothelialCells","midnightblue","Leukocytes"
"Angpt2",0.39771461383864,0.00343945598233889,-0.000729140590148368,-0.0193096002825593,"EndothelialCells","midnightblue","Leukocytes"
"Angptl4",0.478541487223655,0.00797790155415311,0.00380930498166585,0.0486451154334998,"EndothelialCells","midnightblue","Leukocytes"
"Anxa1",0.400089003732423,0.00320022461759303,-0.000968371954894235,-0.0256654477251319,"EndothelialCells","midnightblue","Leukocytes"
"Anxa2",0.40821131208728,0.00323078962847943,-0.000937806944007835,-0.0258058983530979,"EndothelialCells","midnightblue","Leukocytes"
"Apoe",0.378788400803899,0.00311995228014123,-0.00104864429234603,-0.0244089342823819,"EndothelialCells","midnightblue","Leukocytes"
"App",0.405403387884002,0.00324028898647823,-0.000928307586009031,-0.0158420745698466,"EndothelialCells","midnightblue","Leukocytes"
"Arf1",0.415989089865052,0.00332578766299982,-0.000842808909487438,-0.0295255369069279,"EndothelialCells","midnightblue","Leukocytes"
"B2m",0.434975595750788,0.00357334322723853,-0.00059525334524873,-0.0230947469403379,"EndothelialCells","midnightblue","Leukocytes"
"Bace2",0.390778064886611,0.00345953091510766,-0.000709065657379604,-0.0218151743306823,"EndothelialCells","midnightblue","Leukocytes"
"Bgn",0.415670399081247,0.00334592708367509,-0.000822669488812168,-0.0233467882865176,"EndothelialCells","midnightblue","Leukocytes"
"Bst2",0.416480045937402,0.00333586983978901,-0.000832726732698249,-0.0281387075953297,"EndothelialCells","midnightblue","Leukocytes"
"Btnl9",0.404398507034168,0.00324471720605362,-0.000923879366433643,-0.0302666087344686,"EndothelialCells","midnightblue","Leukocytes"
"C1qa",0.422469135802458,0.00334262336530379,-0.000825973207183473,-0.0190087480483621,"EndothelialCells","midnightblue","Leukocytes"
"C1qb",0.40846396784381,0.00326892537850813,-0.000899671193979133,-0.0295676136307828,"EndothelialCells","midnightblue","Leukocytes"
"Calm1",0.422049956933671,0.0033756640777439,-0.000792932494743361,-0.0213598506372164,"EndothelialCells","midnightblue","Leukocytes"
"Calm2",0.412776342233708,0.00332607685321127,-0.000842519719275996,-0.0208320551917547,"EndothelialCells","midnightblue","Leukocytes"
"Calm3",0.426213034740163,0.00343755672739163,-0.000731039845095636,-0.0239542181640127,"EndothelialCells","midnightblue","Leukocytes"
"Calr",0.40827447602641,0.00324631474983107,-0.000922281822656198,-0.0148803227360459,"EndothelialCells","midnightblue","Leukocytes"
"Cd200",0.372994544932533,0.00307303799048751,-0.00109555858199975,-0.0331444757709523,"EndothelialCells","midnightblue","Leukocytes"
"Cd274",0.387746195808208,0.00347264012372472,-0.000695956448762543,-0.0022064713972939,"EndothelialCells","midnightblue","Leukocytes"
"Cd320",0.418742463393612,0.00338740814556764,-0.000781188426919622,-0.0253694665624127,"EndothelialCells","midnightblue","Leukocytes"
"Cd38",0.415041630778069,0.0033947320587233,-0.000773864513763967,-0.0229389422703716,"EndothelialCells","midnightblue","Leukocytes"
"Cd47",0.425512489233415,0.00350349198805249,-0.000665104584434769,-0.020673117918942,"EndothelialCells","midnightblue","Leukocytes"
"Cd59a",0.418128050531145,0.00331237806566578,-0.000856218506821479,-0.0225434050950076,"EndothelialCells","midnightblue","Leukocytes"
"Cd82",0.365811082400235,0.00298440319833405,-0.00118419337415321,-0.0364721280804107,"EndothelialCells","midnightblue","Leukocytes"
"Cd9",0.413815676141254,0.0032622732131318,-0.000906323359355466,-0.015840178854585,"EndothelialCells","midnightblue","Leukocytes"
"Cdh5",0.393155325868506,0.00321578924686026,-0.000952807325627,-0.0336762052931956,"EndothelialCells","midnightblue","Leukocytes"
"Ceacam1",0.398412288257251,0.003201758966571,-0.00096683760591626,-0.030599604991444,"EndothelialCells","midnightblue","Leukocytes"
"Cfh",0.37819408555844,0.00309740711946044,-0.00107118945302682,-0.0332430082186829,"EndothelialCells","midnightblue","Leukocytes"
"Clu",0.392248062015512,0.00325457624860981,-0.000914020323877449,-0.0320095672845432,"EndothelialCells","midnightblue","Leukocytes"
"Col15a1",0.411610680447892,0.00330844649055764,-0.000860150081929618,-0.0258835008825292,"EndothelialCells","midnightblue","Leukocytes"
"Col3a1",0.420014355440703,0.00340414367541106,-0.000764452897076206,-0.0270906049659434,"EndothelialCells","midnightblue","Leukocytes"
"Col4a1",0.42466838931955,0.00338527158662325,-0.000783324985864013,-0.0258856917671865,"EndothelialCells","midnightblue","Leukocytes"
"Col4a2",0.418440999138665,0.00334774907805068,-0.000820847494436581,-0.027345709335174,"EndothelialCells","midnightblue","Leukocytes"
"Copa",0.415719207579669,0.00336825750399289,-0.000800339068494368,-0.0219164938950342,"EndothelialCells","midnightblue","Leukocytes"
"Csf1",0.409109962675844,0.00323506211360775,-0.000933534458879509,-0.0122762031702546,"EndothelialCells","midnightblue","Leukocytes"
"Ctsd",0.45225380419179,0.00360973119359928,-0.000558865378887986,-0.0226641356036948,"EndothelialCells","midnightblue","Leukocytes"
"Cx3cl1",0.395865633074931,0.00328957083411708,-0.000879025738370185,-0.0132850261935151,"EndothelialCells","midnightblue","Leukocytes"
"Cxcl12",0.441458512776348,0.00361196648027958,-0.000556630092207678,-0.00805203506323596,"EndothelialCells","midnightblue","Leukocytes"
"Dcn",0.409107091587706,0.00328918949971802,-0.000879407072769244,-0.0260031907976867,"EndothelialCells","midnightblue","Leukocytes"
"Dll4",0.368664944013784,0.00361527288353612,-0.000553323688951141,-0.0186969834716555,"EndothelialCells","midnightblue","Leukocytes"
"Edn1",0.428056273327585,0.00451283841158413,0.000344241839096863,0.0174527767045515,"EndothelialCells","midnightblue","Leukocytes"
"Efemp2",0.394596612116007,0.00356171040733599,-0.000606886165151276,-0.0285528639626097,"EndothelialCells","midnightblue","Leukocytes"
"Efnb1",0.418705139247765,0.00329058889576682,-0.000878007676720438,-0.0295905418835831,"EndothelialCells","midnightblue","Leukocytes"
"Efnb2",0.418530002871083,0.00334417867664156,-0.000824417895845698,-0.0291699516173992,"EndothelialCells","midnightblue","Leukocytes"
"Eng",0.401234567901234,0.0032428273113892,-0.000925769261098061,-0.0287538065126467,"EndothelialCells","midnightblue","Leukocytes"
"Epha4",0.484547803617569,0.0053174839132942,0.00114888734080694,0.0100617592656723,"EndothelialCells","midnightblue","Leukocytes"
"Esam",0.465736434108512,0.00413784074093186,-3.07558315554056e-05,-0.0140484574987719,"EndothelialCells","midnightblue","Leukocytes"
"F11r",0.393634797588281,0.00315144195183571,-0.00101715462065155,-0.0284728643445862,"EndothelialCells","midnightblue","Leukocytes"
"Fam3c",0.376106804478895,0.00307438352589006,-0.0010942130465972,-0.0287996813362287,"EndothelialCells","midnightblue","Leukocytes"
"Fbn1",0.394521963824287,0.00319110352240621,-0.00097749305008105,-0.0282032856113846,"EndothelialCells","midnightblue","Leukocytes"
"Fn1",0.41565030146425,0.00336030886746875,-0.000808287705018511,-0.0245656114937992,"EndothelialCells","midnightblue","Leukocytes"
"Furin",0.3867843812805,0.00340651629030853,-0.000762080282178736,-0.00383793001271066,"EndothelialCells","midnightblue","Leukocytes"
"Gas6",0.419173126614997,0.0036495319087337,-0.000519064663753564,-0.0194970228678143,"EndothelialCells","midnightblue","Leukocytes"
"Gnas",0.402845248349116,0.00321556563252245,-0.000953030939964813,-0.020423102190551,"EndothelialCells","midnightblue","Leukocytes"
"Gpi1",0.386913580246912,0.00314537859517149,-0.00102321797731577,-0.0244546456249859,"EndothelialCells","midnightblue","Leukocytes"
"Grn",0.383161068044784,0.00322299050127639,-0.000945606071210873,-0.0220178173662559,"EndothelialCells","midnightblue","Leukocytes"
"Gstp1",0.378340511053692,0.00312886485097234,-0.00103973172151493,-0.0342288015704607,"EndothelialCells","midnightblue","Leukocytes"
"H2-D1",0.415348837209299,0.00335334939910084,-0.000815247173386427,-0.0260836694477638,"EndothelialCells","midnightblue","Leukocytes"
"H2-K1",0.416514498995117,0.00335515317439626,-0.000813443398091007,-0.0259697996119866,"EndothelialCells","midnightblue","Leukocytes"
"H2-Q4",0.415360321561869,0.0033534752001555,-0.000815121372331764,-0.0260861954350637,"EndothelialCells","midnightblue","Leukocytes"
"Hbegf",0.427301177146124,0.0034043317666859,-0.000764264805801366,-0.0127410632965194,"EndothelialCells","midnightblue","Leukocytes"
"Hsp90b1",0.425294286534593,0.00348249005126286,-0.0006861065212244,-0.0177263407447454,"EndothelialCells","midnightblue","Leukocytes"
"Hspg2",0.41315819695664,0.0032681884303698,-0.000900408142117466,-0.0310655645657506,"EndothelialCells","midnightblue","Leukocytes"
"Icam1",0.39955785242607,0.00317111759566215,-0.000997478976825115,-0.0238832051974735,"EndothelialCells","midnightblue","Leukocytes"
"Icam2",0.439732988802753,0.00380414608735738,-0.000364450485129884,-0.0197255997970357,"EndothelialCells","midnightblue","Leukocytes"
"Igfbp4",0.40771174275049,0.00334891780611729,-0.000819678766369976,-0.0310146901651758,"EndothelialCells","midnightblue","Leukocytes"
"Il15",0.393465403387883,0.00323936331224331,-0.000929233260243953,-0.0165753219750167,"EndothelialCells","midnightblue","Leukocytes"
"Il16",0.41228825724949,0.00327635674791322,-0.000892239824574038,-0.0239592542589642,"EndothelialCells","midnightblue","Leukocytes"
"Il18bp",0.37095320126327,0.00303044055415289,-0.00113815601833437,-0.0356960503385255,"EndothelialCells","midnightblue","Leukocytes"
"Itgb1",0.42558139534883,0.00339472291542719,-0.000773873657060075,-0.0243941227149868,"EndothelialCells","midnightblue","Leukocytes"
"Jag1",0.343468274476038,0.00296390512531337,-0.00120469144717389,-0.0192043846381098,"EndothelialCells","midnightblue","Leukocytes"
"Jag2",0.343606086706866,0.00293547093422706,-0.0012331256382602,-0.0360842974293116,"EndothelialCells","midnightblue","Leukocytes"
"Jam2",0.437057134654031,0.00382771282824743,-0.000340883744239831,-0.0179363920454265,"EndothelialCells","midnightblue","Leukocytes"
"Jam3",0.422026988228542,0.00350195798818195,-0.000666638584305314,-0.0270459841695455,"EndothelialCells","midnightblue","Leukocytes"
"Lama4",0.426468561584845,0.00380354102193706,-0.000365055550550199,-0.0213205915597589,"EndothelialCells","midnightblue","Leukocytes"
"Lama5",0.436867642836625,0.00347275433389554,-0.000695842238591721,-0.028023366230913,"EndothelialCells","midnightblue","Leukocytes"
"Lamb1",0.428877404536314,0.00349316007084975,-0.000675436501637513,-0.0245829580510514,"EndothelialCells","midnightblue","Leukocytes"
"Lamb2",0.437651449899496,0.0037028196586762,-0.000465776913811059,-0.0239528688209884,"EndothelialCells","midnightblue","Leukocytes"
"Lamc1",0.440020097616996,0.00353957191382445,-0.000629024658662812,-0.0249856609620419,"EndothelialCells","midnightblue","Leukocytes"
"Lfng",0.362331323571632,0.00313324559773122,-0.00103535097475604,-0.0322381646577822,"EndothelialCells","midnightblue","Leukocytes"
"Lgals1",0.414981337927075,0.0033504240703626,-0.00081817250212466,-0.0195131488710163,"EndothelialCells","midnightblue","Leukocytes"
"Lgals3bp",0.364869365489523,0.0030253007337864,-0.00114329583870087,-0.0339521916013136,"EndothelialCells","midnightblue","Leukocytes"
"Lin7c",0.379084122882567,0.0030659103445705,-0.00110268622791676,-0.0356230158966716,"EndothelialCells","midnightblue","Leukocytes"
"Lpl",0.356795865633067,0.00292156740102803,-0.00124702917145924,-0.0300675843497328,"EndothelialCells","midnightblue","Leukocytes"
"Lrpap1",0.377777777777774,0.00315152645721858,-0.00101707011526868,-0.0342066115644432,"EndothelialCells","midnightblue","Leukocytes"
"Ltbp1",0.487889750215321,0.00408184180068026,-8.67547718070008e-05,-0.0190696349517547,"EndothelialCells","midnightblue","Leukocytes"
"Lum",0.419170255526847,0.00335357846308268,-0.000815018109404579,-0.0296803096627644,"EndothelialCells","midnightblue","Leukocytes"
"Lyz2",0.443514211886305,0.00378257060817443,-0.000386025964312834,-0.0212545155890274,"EndothelialCells","midnightblue","Leukocytes"
"Mfap5",0.353606086706856,0.00297064267429835,-0.00119795389818891,-0.0276208981079756,"EndothelialCells","midnightblue","Leukocytes"
"Mfge8",0.419127189204712,0.00338838284992175,-0.000780213722565514,-0.0261225050345733,"EndothelialCells","midnightblue","Leukocytes"
"Mfng",0.404197530864192,0.00358820805360573,-0.000580388518881533,-0.0220568822440875,"EndothelialCells","midnightblue","Leukocytes"
"Mif",0.431983921906422,0.00365654122539134,-0.000512055347095923,-0.0113144408875599,"EndothelialCells","midnightblue","Leukocytes"
"Mmrn2",0.340378983634793,0.00286983968213425,-0.00129875689035301,-0.033780617756341,"EndothelialCells","midnightblue","Leukocytes"
"Mpdz",0.413620442147574,0.00335870850284172,-0.00080988806964554,-0.028365682585283,"EndothelialCells","midnightblue","Leukocytes"
"Msn",0.413198392190641,0.00348008774009156,-0.000688508832395699,-0.0283303335929785,"EndothelialCells","midnightblue","Leukocytes"
"Nampt",0.409672695951763,0.00333354430515538,-0.000835052267331884,-0.024125664089696,"EndothelialCells","midnightblue","Leukocytes"
"Nid1",0.439247774906672,0.00355011075956518,-0.000618485812922081,-0.0271893695646768,"EndothelialCells","midnightblue","Leukocytes"
"Nrp1",0.401877691645127,0.00322237590318062,-0.000946220669306639,-0.0267787793459934,"EndothelialCells","midnightblue","Leukocytes"
"Nucb2",0.35966695377548,0.00312877234707548,-0.00103982422541178,-0.0354671303934192,"EndothelialCells","midnightblue","Leukocytes"
"Pam",0.363060579959804,0.00298791827927245,-0.00118067829321481,-0.0353704348443064,"EndothelialCells","midnightblue","Leukocytes"
"Pdgfb",0.467746195808221,0.00493535655504413,0.000766759982556869,0.0164947831259906,"EndothelialCells","midnightblue","Leukocytes"
"Pecam1",0.398004593741041,0.0032020811273492,-0.000966515445138058,-0.028984737481667,"EndothelialCells","midnightblue","Leukocytes"
"Pf4",0.419621016365203,0.009592028928996,0.00542343235650874,0.0138119177666265,"EndothelialCells","midnightblue","Leukocytes"
"Pi16",0.37274763135228,0.00304791727496705,-0.00112067929752021,-0.0345935695283226,"EndothelialCells","midnightblue","Leukocytes"
"Plat",0.372629916738451,0.00300933001540761,-0.00115926655707965,-0.0253757087270924,"EndothelialCells","midnightblue","Leukocytes"
"Pltp",0.366752799310936,0.00300725798322019,-0.00116133858926708,-0.0289946947842204,"EndothelialCells","midnightblue","Leukocytes"
"Prg4",0.419672695951769,0.00345032032235912,-0.000718276250128141,-0.0252762742445908,"EndothelialCells","midnightblue","Leukocytes"
"Pros1",0.405788113695086,0.003372771719785,-0.000795824852702266,-0.0272540348816729,"EndothelialCells","midnightblue","Leukocytes"
"Psap",0.410657479184614,0.00351573905910547,-0.000652857513381796,-0.0227025033270705,"EndothelialCells","midnightblue","Leukocytes"
"Psen1",0.404565030146426,0.00334301701836564,-0.000825579554121618,-0.0234992369289106,"EndothelialCells","midnightblue","Leukocytes"
"Ptdss1",0.409061154177437,0.00348552154102567,-0.000683075031461589,-0.0270758402169768,"EndothelialCells","midnightblue","Leukocytes"
"Rps19",0.408745334481775,0.00336340065297934,-0.000805195919507921,-0.0297766775246301,"EndothelialCells","midnightblue","Leukocytes"
"Rtn4",0.383307493540047,0.00316936221018522,-0.000999234362302044,-0.0283957086869323,"EndothelialCells","midnightblue","Leukocytes"
"S100a8",0.402819408555856,0.00330772814843007,-0.000860868424057188,-0.0248839834072735,"EndothelialCells","midnightblue","Leukocytes"
"S100a9",0.3980706287683,0.00326465341087322,-0.000903943161614043,-0.0254875137169984,"EndothelialCells","midnightblue","Leukocytes"
"Sema3f",0.387183462532293,0.00308649362549224,-0.00108210294699502,-0.0341458051381868,"EndothelialCells","midnightblue","Leukocytes"
"Sema4c",0.423537180591429,0.00345020728518819,-0.000718389287299075,-0.0271315189360797,"EndothelialCells","midnightblue","Leukocytes"
"Sema6a",0.399273614699973,0.00324138606551049,-0.000927210506976777,-0.0304756278253334,"EndothelialCells","midnightblue","Leukocytes"
"Sema6b",0.396945162216484,0.00317349211219797,-0.000995104460289289,-0.0323323294599689,"EndothelialCells","midnightblue","Leukocytes"
"Sema6d",0.38960953201263,0.00328825626019676,-0.000880340312290498,-0.0317098191014424,"EndothelialCells","midnightblue","Leukocytes"
"Sema7a",0.388079242032727,0.0031385947472299,-0.00103000182525737,-0.0338403088151062,"EndothelialCells","midnightblue","Leukocytes"
"Serping1",0.406422624174566,0.0032761033276168,-0.000892493244870467,-0.0308013443251194,"EndothelialCells","midnightblue","Leukocytes"
"Sparc",0.408245765144984,0.00374776374043087,-0.000420832832056392,0.000322610484780115,"EndothelialCells","midnightblue","Leukocytes"
"Tfpi",0.400189491817397,0.00330819235318788,-0.000860404219299383,-0.0221117665103285,"EndothelialCells","midnightblue","Leukocytes"
"Tgfb1",0.457134654033872,0.00400917341913859,-0.000159423153348669,-0.000114045525207032,"EndothelialCells","midnightblue","Leukocytes"
"Tgm2",0.38874533448177,0.00317170209685275,-0.000996894475634512,-0.0220520887946294,"EndothelialCells","midnightblue","Leukocytes"
"Timp2",0.384306632213626,0.00307069829783455,-0.00109789827465271,-0.0323930707576131,"EndothelialCells","midnightblue","Leukocytes"
"Timp3",0.39656617858168,0.00356147838318908,-0.000607118189298178,-0.0264034277429171,"EndothelialCells","midnightblue","Leukocytes"
"Tnfsf12",0.379305196669545,0.00305615000748122,-0.00111244656500604,-0.0150262674560103,"EndothelialCells","midnightblue","Leukocytes"
"Traf2",0.409606660924494,0.00334073218614663,-0.000827864386340632,-0.0235344404091916,"EndothelialCells","midnightblue","Leukocytes"
"Tspan3",0.404691358024702,0.00390165945160587,-0.000266937120881394,-0.021429126957963,"EndothelialCells","midnightblue","Leukocytes"
"Tspan5",0.391883433821414,0.00319909614072226,-0.000969500431764998,-0.0319227772192044,"EndothelialCells","midnightblue","Leukocytes"
"Vcam1",0.395653172552394,0.003183740048102,-0.000984856524385264,-0.0240432993139083,"EndothelialCells","midnightblue","Leukocytes"
"Vegfc",0.409876543209881,0.00357218214086742,-0.000596414431619841,0.000600918273640658,"EndothelialCells","midnightblue","Leukocytes"
"Vsig10",0.394430089003732,0.00325366485148767,-0.00091493172099959,-0.0294491922661926,"EndothelialCells","midnightblue","Leukocytes"
"Vwf",0.398300315819694,0.003221116481016,-0.000947480091471259,-0.0224682869630993,"EndothelialCells","midnightblue","Leukocytes"
"Zdhhc5",0.453316106804479,0.0037234848519042,-0.000445111720583067,-0.0221153909076445,"EndothelialCells","midnightblue","Leukocytes"
"Adam10",0.36842951478611,0.00333432255468813,-0.000834274017799134,-0.0261982452254032,"Myocytes","midnightblue","Leukocytes"
"Adam11",0.367806488659208,0.00298926541225392,-0.00117933116023335,-0.0371317859229355,"Myocytes","midnightblue","Leukocytes"
"Adam15",0.408463967843805,0.00326917639311988,-0.000899420179367382,-0.0324516727574302,"Myocytes","midnightblue","Leukocytes"
"Adam17",0.402721791558999,0.00320541831802511,-0.00096317825446215,-0.0157059771606984,"Myocytes","midnightblue","Leukocytes"
"Adam9",0.383855871375244,0.00309112493913426,-0.001077471633353,-0.0309220812276833,"Myocytes","midnightblue","Leukocytes"
"Adm",0.428168245765131,0.00351268515637791,-0.00065591141610935,-0.00128834272268326,"Myocytes","midnightblue","Leukocytes"
"Ahsg",0.387223657766298,0.00316238000044719,-0.00100621657204007,-0.0289221416405413,"Myocytes","midnightblue","Leukocytes"
"Angpt1",0.389417169107095,0.00310448126919768,-0.00106411530328958,-0.0181812038415688,"Myocytes","midnightblue","Leukocytes"
"Angptl2",0.475595750789548,0.00400218833080535,-0.00016640824168191,-0.00966938916794013,"Myocytes","midnightblue","Leukocytes"
"Angptl4",0.478541487223655,0.00797790155415311,0.00380930498166585,0.0486451154334998,"Myocytes","midnightblue","Leukocytes"
"Anxa2",0.40821131208728,0.00323078962847943,-0.000937806944007835,-0.0258058983530979,"Myocytes","midnightblue","Leukocytes"
"Apoa1",0.392879701406833,0.00327356126941601,-0.000895035303071248,-0.0233367847175515,"Myocytes","midnightblue","Leukocytes"
"Apoa2",0.418774045363184,0.00330687304386488,-0.00086172352862238,-0.0296688854485491,"Myocytes","midnightblue","Leukocytes"
"Apoe",0.378788400803899,0.00311995228014123,-0.00104864429234603,-0.0244089342823819,"Myocytes","midnightblue","Leukocytes"
"App",0.405403387884002,0.00324028898647823,-0.000928307586009031,-0.0158420745698466,"Myocytes","midnightblue","Leukocytes"
"Arf1",0.415989089865052,0.00332578766299982,-0.000842808909487438,-0.0295255369069279,"Myocytes","midnightblue","Leukocytes"
"AU040320",0.406029285099048,0.00330597104138521,-0.000862625531102057,-0.0303918275712504,"Myocytes","midnightblue","Leukocytes"
"B2m",0.434975595750788,0.00357334322723853,-0.00059525334524873,-0.0230947469403379,"Myocytes","midnightblue","Leukocytes"
"Bace1",0.382606948033303,0.00327470612133892,-0.000893890451148347,-0.0311590450447787,"Myocytes","midnightblue","Leukocytes"
"Bgn",0.415670399081247,0.00334592708367509,-0.000822669488812168,-0.0233467882865176,"Myocytes","midnightblue","Leukocytes"
"Bmp10",0.383074935400513,0.00315344238656959,-0.00101515418591767,-0.0313494591040034,"Myocytes","midnightblue","Leukocytes"
"Bst2",0.416480045937402,0.00333586983978901,-0.000832726732698249,-0.0281387075953297,"Myocytes","midnightblue","Leukocytes"
"C1qa",0.422469135802458,0.00334262336530379,-0.000825973207183473,-0.0190087480483621,"Myocytes","midnightblue","Leukocytes"
"C1qb",0.40846396784381,0.00326892537850813,-0.000899671193979133,-0.0295676136307828,"Myocytes","midnightblue","Leukocytes"
"C3",0.41890611541773,0.0033464446708983,-0.000822151901588962,-0.0251644050579478,"Myocytes","midnightblue","Leukocytes"
"Calm1",0.422049956933671,0.0033756640777439,-0.000792932494743361,-0.0213598506372164,"Myocytes","midnightblue","Leukocytes"
"Calm2",0.412776342233708,0.00332607685321127,-0.000842519719275996,-0.0208320551917547,"Myocytes","midnightblue","Leukocytes"
"Calm3",0.426213034740163,0.00343755672739163,-0.000731039845095636,-0.0239542181640127,"Myocytes","midnightblue","Leukocytes"
"Calr",0.40827447602641,0.00324631474983107,-0.000922281822656198,-0.0148803227360459,"Myocytes","midnightblue","Leukocytes"
"Ccl6",0.401762848119445,0.00320771697139059,-0.000960879601096672,-0.0134771894711902,"Myocytes","midnightblue","Leukocytes"
"Cd200",0.372994544932533,0.00307303799048751,-0.00109555858199975,-0.0331444757709523,"Myocytes","midnightblue","Leukocytes"
"Cd320",0.418742463393612,0.00338740814556764,-0.000781188426919622,-0.0253694665624127,"Myocytes","midnightblue","Leukocytes"
"Cd47",0.425512489233415,0.00350349198805249,-0.000665104584434769,-0.020673117918942,"Myocytes","midnightblue","Leukocytes"
"Cd59a",0.418128050531145,0.00331237806566578,-0.000856218506821479,-0.0225434050950076,"Myocytes","midnightblue","Leukocytes"
"Cd59b",0.418070628768297,0.0033121933751633,-0.000856403197323963,-0.0225433977578594,"Myocytes","midnightblue","Leukocytes"
"Cd82",0.365811082400235,0.00298440319833405,-0.00118419337415321,-0.0364721280804107,"Myocytes","midnightblue","Leukocytes"
"Cd9",0.413815676141254,0.0032622732131318,-0.000906323359355466,-0.015840178854585,"Myocytes","midnightblue","Leukocytes"
"Cdh5",0.393155325868506,0.00321578924686026,-0.000952807325627,-0.0336762052931956,"Myocytes","midnightblue","Leukocytes"
"Cfh",0.37819408555844,0.00309740711946044,-0.00107118945302682,-0.0332430082186829,"Myocytes","midnightblue","Leukocytes"
"Clu",0.392248062015512,0.00325457624860981,-0.000914020323877449,-0.0320095672845432,"Myocytes","midnightblue","Leukocytes"
"Cntf",0.377714613838652,0.00308393418520509,-0.00108466238728217,-0.0213740822275319,"Myocytes","midnightblue","Leukocytes"
"Col1a2",0.424834912431808,0.00340857104981009,-0.000760025522677176,-0.0291472304898717,"Myocytes","midnightblue","Leukocytes"
"Col3a1",0.420014355440703,0.00340414367541106,-0.000764452897076206,-0.0270906049659434,"Myocytes","midnightblue","Leukocytes"
"Col4a1",0.42466838931955,0.00338527158662325,-0.000783324985864013,-0.0258856917671865,"Myocytes","midnightblue","Leukocytes"
"Col4a2",0.418440999138665,0.00334774907805068,-0.000820847494436581,-0.027345709335174,"Myocytes","midnightblue","Leukocytes"
"Col4a5",0.409356876256096,0.00326039486772112,-0.000908201704766147,-0.0308542506660366,"Myocytes","midnightblue","Leukocytes"
"Col6a2",0.416744186046511,0.00335797964022483,-0.000810616932262437,-0.0296687696903173,"Myocytes","midnightblue","Leukocytes"
"Copa",0.415719207579669,0.00336825750399289,-0.000800339068494368,-0.0219164938950342,"Myocytes","midnightblue","Leukocytes"
"Cp",0.387068619006608,0.00325154108452411,-0.00091705548796315,-0.0280481949222201,"Myocytes","midnightblue","Leukocytes"
"Crhr2",0.394392764857879,0.00318103481358226,-0.000987561758905003,-0.0329143963794428,"Myocytes","midnightblue","Leukocytes"
"Csf1",0.409109962675844,0.00323506211360775,-0.000933534458879509,-0.0122762031702546,"Myocytes","midnightblue","Leukocytes"
"Ctf1",0.439836347975893,0.00422128037955795,5.26838070706876e-05,-0.0135836932824282,"Myocytes","midnightblue","Leukocytes"
"Ctsd",0.45225380419179,0.00360973119359928,-0.000558865378887986,-0.0226641356036948,"Myocytes","midnightblue","Leukocytes"
"Cxcl12",0.441458512776348,0.00361196648027958,-0.000556630092207678,-0.00805203506323596,"Myocytes","midnightblue","Leukocytes"
"Cytl1",0.388716623600346,0.00325771885412781,-0.000910877718359453,-0.0282494435209485,"Myocytes","midnightblue","Leukocytes"
"Dbh",0.42233419465978,0.00438255680951705,0.000213960237029786,0.000615141835572086,"Myocytes","midnightblue","Leukocytes"
"Dcn",0.409107091587706,0.00328918949971802,-0.000879407072769244,-0.0260031907976867,"Myocytes","midnightblue","Leukocytes"
"Dusp18",0.398733850129195,0.0032495247999415,-0.000919071772545758,-0.0313921116510573,"Myocytes","midnightblue","Leukocytes"
"Efnb1",0.418705139247765,0.00329058889576682,-0.000878007676720438,-0.0295905418835831,"Myocytes","midnightblue","Leukocytes"
"Efnb3",0.407077232271022,0.00327017317365957,-0.000898423398827689,-0.0307371266352024,"Myocytes","midnightblue","Leukocytes"
"Eng",0.401234567901234,0.0032428273113892,-0.000925769261098061,-0.0287538065126467,"Myocytes","midnightblue","Leukocytes"
"Epha4",0.484547803617569,0.0053174839132942,0.00114888734080694,0.0100617592656723,"Myocytes","midnightblue","Leukocytes"
"Esam",0.465736434108512,0.00413784074093186,-3.07558315554056e-05,-0.0140484574987719,"Myocytes","midnightblue","Leukocytes"
"Ezr",0.43110249784668,0.00359284703965766,-0.000575749532829604,-0.0235467267652723,"Myocytes","midnightblue","Leukocytes"
"F11r",0.393634797588281,0.00315144195183571,-0.00101715462065155,-0.0284728643445862,"Myocytes","midnightblue","Leukocytes"
"Fam3c",0.376106804478895,0.00307438352589006,-0.0010942130465972,-0.0287996813362287,"Myocytes","midnightblue","Leukocytes"
"Fbln1",0.390798162503583,0.00318355732002192,-0.00098503925246534,-0.0313949565340782,"Myocytes","midnightblue","Leukocytes"
"Fgf1",0.410175136376696,0.00326772990782227,-0.000900866664664991,-0.0149593389075072,"Myocytes","midnightblue","Leukocytes"
"Fgf12",0.373832902670104,0.00310715295335407,-0.0010614436191332,-0.0347039821078722,"Myocytes","midnightblue","Leukocytes"
"Fgf13",0.363376399655473,0.00303761099304136,-0.0011309855794459,-0.0363795557659466,"Myocytes","midnightblue","Leukocytes"
"Fgf14",0.402397358598914,0.00325467935220058,-0.000913917220286688,-0.0313183526042621,"Myocytes","midnightblue","Leukocytes"
"Fgf16",0.422374389893771,0.00335335540918214,-0.000815241163305123,-0.027311256839895,"Myocytes","midnightblue","Leukocytes"
"Fgf18",0.4306632213609,0.0034040148104191,-0.000764581762068163,-0.0201784843829144,"Myocytes","midnightblue","Leukocytes"
"Fgf7",0.46504450186621,0.00499325615445905,0.000824659581971789,0.0135567172125378,"Myocytes","midnightblue","Leukocytes"
"Fgfrl1",0.447981625035878,0.00385319848609904,-0.00031539808638822,-0.0215117276911263,"Myocytes","midnightblue","Leukocytes"
"Fndc5",0.412822279643982,0.00331531774876711,-0.00085327882372015,-0.0293365000377993,"Myocytes","midnightblue","Leukocytes"
"Furin",0.3867843812805,0.00340651629030853,-0.000762080282178736,-0.00383793001271066,"Myocytes","midnightblue","Leukocytes"
"Gas6",0.419173126614997,0.0036495319087337,-0.000519064663753564,-0.0194970228678143,"Myocytes","midnightblue","Leukocytes"
"Gnas",0.402845248349116,0.00321556563252245,-0.000953030939964813,-0.020423102190551,"Myocytes","midnightblue","Leukocytes"
"Gpi1",0.386913580246912,0.00314537859517149,-0.00102321797731577,-0.0244546456249859,"Myocytes","midnightblue","Leukocytes"
"Grn",0.383161068044784,0.00322299050127639,-0.000945606071210873,-0.0220178173662559,"Myocytes","midnightblue","Leukocytes"
"Gstp1",0.378340511053692,0.00312886485097234,-0.00103973172151493,-0.0342288015704607,"Myocytes","midnightblue","Leukocytes"
"Gstp2",0.378340511053692,0.00312886485097234,-0.00103973172151493,-0.0342288015704607,"Myocytes","midnightblue","Leukocytes"
"H2-D1",0.415348837209299,0.00335334939910084,-0.000815247173386427,-0.0260836694477638,"Myocytes","midnightblue","Leukocytes"
"H2-K1",0.416514498995117,0.00335515317439626,-0.000813443398091007,-0.0259697996119866,"Myocytes","midnightblue","Leukocytes"
"Hbegf",0.427301177146124,0.0034043317666859,-0.000764264805801366,-0.0127410632965194,"Myocytes","midnightblue","Leukocytes"
"Hebp1",0.420898650588567,0.00332906603487034,-0.000839530537616926,-0.0157687843855739,"Myocytes","midnightblue","Leukocytes"
"Hsp90b1",0.425294286534593,0.00348249005126286,-0.0006861065212244,-0.0177263407447454,"Myocytes","midnightblue","Leukocytes"
"Hspg2",0.41315819695664,0.0032681884303698,-0.000900408142117466,-0.0310655645657506,"Myocytes","midnightblue","Leukocytes"
"Icam2",0.439732988802753,0.00380414608735738,-0.000364450485129884,-0.0197255997970357,"Myocytes","midnightblue","Leukocytes"
"Igf1",0.40697100200976,0.00333881028212485,-0.000829786290362408,-0.0104880185642348,"Myocytes","midnightblue","Leukocytes"
"Igfbp4",0.40771174275049,0.00334891780611729,-0.000819678766369976,-0.0310146901651758,"Myocytes","midnightblue","Leukocytes"
"Il15",0.393465403387883,0.00323936331224331,-0.000929233260243953,-0.0165753219750167,"Myocytes","midnightblue","Leukocytes"
"Il18bp",0.37095320126327,0.00303044055415289,-0.00113815601833437,-0.0356960503385255,"Myocytes","midnightblue","Leukocytes"
"Il33",0.428963537180599,0.00344038702902764,-0.000728209543459627,-0.0128689867324987,"Myocytes","midnightblue","Leukocytes"
"Itga9",0.408917599770308,0.00326146794690617,-0.000907128625581096,-0.0309061109475706,"Myocytes","midnightblue","Leukocytes"
"Itgb1",0.42558139534883,0.00339472291542719,-0.000773873657060075,-0.0243941227149868,"Myocytes","midnightblue","Leukocytes"
"Jam2",0.437057134654031,0.00382771282824743,-0.000340883744239831,-0.0179363920454265,"Myocytes","midnightblue","Leukocytes"
"Jam3",0.422026988228542,0.00350195798818195,-0.000666638584305314,-0.0270459841695455,"Myocytes","midnightblue","Leukocytes"
"Lama2",0.439873672121726,0.00375227864357687,-0.00041631792891039,-0.00617628049949636,"Myocytes","midnightblue","Leukocytes"
"Lama4",0.426468561584845,0.00380354102193706,-0.000365055550550199,-0.0213205915597589,"Myocytes","midnightblue","Leukocytes"
"Lama5",0.436867642836625,0.00347275433389554,-0.000695842238591721,-0.028023366230913,"Myocytes","midnightblue","Leukocytes"
"Lamb1",0.428877404536314,0.00349316007084975,-0.000675436501637513,-0.0245829580510514,"Myocytes","midnightblue","Leukocytes"
"Lamb2",0.437651449899496,0.0037028196586762,-0.000465776913811059,-0.0239528688209884,"Myocytes","midnightblue","Leukocytes"
"Lamb3",0.426373815676138,0.00343625872057292,-0.000732337851914345,-0.0265892351903365,"Myocytes","midnightblue","Leukocytes"
"Lamc1",0.440020097616996,0.00353957191382445,-0.000629024658662812,-0.0249856609620419,"Myocytes","midnightblue","Leukocytes"
"Lgals1",0.414981337927075,0.0033504240703626,-0.00081817250212466,-0.0195131488710163,"Myocytes","midnightblue","Leukocytes"
"Lgals3",0.378880275624461,0.00307862488671943,-0.00108997168576784,-0.0226895167977423,"Myocytes","midnightblue","Leukocytes"
"Lgals3bp",0.364869365489523,0.0030253007337864,-0.00114329583870087,-0.0339521916013136,"Myocytes","midnightblue","Leukocytes"
"Lin7c",0.379084122882567,0.0030659103445705,-0.00110268622791676,-0.0356230158966716,"Myocytes","midnightblue","Leukocytes"
"Lpl",0.356795865633067,0.00292156740102803,-0.00124702917145924,-0.0300675843497328,"Myocytes","midnightblue","Leukocytes"
"Lrfn4",0.407450473729543,0.00334149289696606,-0.000827103675521202,-0.0294272987359788,"Myocytes","midnightblue","Leukocytes"
"Lrpap1",0.377777777777774,0.00315152645721858,-0.00101707011526868,-0.0342066115644432,"Myocytes","midnightblue","Leukocytes"
"Lrrc4b",0.389308067757681,0.00312120031285999,-0.00104739625962727,-0.0333199603855929,"Myocytes","midnightblue","Leukocytes"
"Lrrn2",0.434490381854727,0.00359495611896282,-0.000573640453524439,-0.0233910832809191,"Myocytes","midnightblue","Leukocytes"
"Ltbp1",0.487889750215321,0.00408184180068026,-8.67547718070008e-05,-0.0190696349517547,"Myocytes","midnightblue","Leukocytes"
"Ltbp3",0.318102210737878,0.0027426287447325,-0.00142596782775476,-0.04278215073541,"Myocytes","midnightblue","Leukocytes"
"Lum",0.419170255526847,0.00335357846308268,-0.000815018109404579,-0.0296803096627644,"Myocytes","midnightblue","Leukocytes"
"Lyz2",0.443514211886305,0.00378257060817443,-0.000386025964312834,-0.0212545155890274,"Myocytes","midnightblue","Leukocytes"
"Mdk",0.393571633649145,0.00316940224176857,-0.000999194330718697,-0.028442103758105,"Myocytes","midnightblue","Leukocytes"
"Mfap3l",0.353333333333331,0.00296940478012022,-0.00119919179236704,-0.0368235514197337,"Myocytes","midnightblue","Leukocytes"
"Mfap5",0.353606086706856,0.00297064267429835,-0.00119795389818891,-0.0276208981079756,"Myocytes","midnightblue","Leukocytes"
"Mfge8",0.419127189204712,0.00338838284992175,-0.000780213722565514,-0.0261225050345733,"Myocytes","midnightblue","Leukocytes"
"Mif",0.431983921906422,0.00365654122539134,-0.000512055347095923,-0.0113144408875599,"Myocytes","midnightblue","Leukocytes"
"Mmp2",0.40198679299454,0.00320676011575148,-0.000961836456735787,-0.0310098952553156,"Myocytes","midnightblue","Leukocytes"
"Mpdz",0.413620442147574,0.00335870850284172,-0.00080988806964554,-0.028365682585283,"Myocytes","midnightblue","Leukocytes"
"Msn",0.413198392190641,0.00348008774009156,-0.000688508832395699,-0.0283303335929785,"Myocytes","midnightblue","Leukocytes"
"Nampt",0.409672695951763,0.00333354430515538,-0.000835052267331884,-0.024125664089696,"Myocytes","midnightblue","Leukocytes"
"Ncam1",0.397088716623601,0.00318321899655141,-0.000985377575935856,-0.0331168369531807,"Myocytes","midnightblue","Leukocytes"
"Neo1",0.397806488659212,0.00336873302453481,-0.000799863547952451,-0.0278025618805874,"Myocytes","midnightblue","Leukocytes"
"Nid1",0.439247774906672,0.00355011075956518,-0.000618485812922081,-0.0271893695646768,"Myocytes","midnightblue","Leukocytes"
"Nrp1",0.401877691645127,0.00322237590318062,-0.000946220669306639,-0.0267787793459934,"Myocytes","midnightblue","Leukocytes"
"Nrxn2",0.381553258685048,0.00307724925941143,-0.00109134731307583,-0.0293461999351793,"Myocytes","midnightblue","Leukocytes"
"Pam",0.363060579959804,0.00298791827927245,-0.00118067829321481,-0.0353704348443064,"Myocytes","midnightblue","Leukocytes"
"Pdgfa",0.397203560149293,0.00379961235553681,-0.000368984216950448,-0.0110677223543127,"Myocytes","midnightblue","Leukocytes"
"Pecam1",0.398004593741041,0.0032020811273492,-0.000966515445138058,-0.028984737481667,"Myocytes","midnightblue","Leukocytes"
"Pf4",0.419621016365203,0.009592028928996,0.00542343235650874,0.0138119177666265,"Myocytes","midnightblue","Leukocytes"
"Pi16",0.37274763135228,0.00304791727496705,-0.00112067929752021,-0.0345935695283226,"Myocytes","midnightblue","Leukocytes"
"Plxna1",0.425954636807345,0.00341247404645826,-0.000756122526029007,-0.0283546559087797,"Myocytes","midnightblue","Leukocytes"
"Pros1",0.405788113695086,0.003372771719785,-0.000795824852702266,-0.0272540348816729,"Myocytes","midnightblue","Leukocytes"
"Psap",0.410657479184614,0.00351573905910547,-0.000652857513381796,-0.0227025033270705,"Myocytes","midnightblue","Leukocytes"
"Psen1",0.404565030146426,0.00334301701836564,-0.000825579554121618,-0.0234992369289106,"Myocytes","midnightblue","Leukocytes"
"Ptdss1",0.409061154177437,0.00348552154102567,-0.000683075031461589,-0.0270758402169768,"Myocytes","midnightblue","Leukocytes"
"Rarres2",0.419632500717772,0.00336442970709358,-0.000804166865393679,-0.0234505743584007,"Myocytes","midnightblue","Leukocytes"
"Rps19",0.408745334481775,0.00336340065297934,-0.000805195919507921,-0.0297766775246301,"Myocytes","midnightblue","Leukocytes"
"Rtn4",0.383307493540047,0.00316936221018522,-0.000999234362302044,-0.0283957086869323,"Myocytes","midnightblue","Leukocytes"
"Sdc2",0.379066896353716,0.00309512566497652,-0.00107347090751074,-0.0356212089507007,"Myocytes","midnightblue","Leukocytes"
"Sema3c",0.364984209015212,0.00300637239398246,-0.00116222417850481,-0.0367739985249154,"Myocytes","midnightblue","Leukocytes"
"Sema4d",0.436474303761128,0.00345502614587537,-0.000713570426611897,-0.0247738772658882,"Myocytes","midnightblue","Leukocytes"
"Sema6d",0.38960953201263,0.00328825626019676,-0.000880340312290498,-0.0317098191014424,"Myocytes","midnightblue","Leukocytes"
"Serpine2",0.368481194372663,0.00306330282193307,-0.00110529375055419,-0.027732358041125,"Myocytes","midnightblue","Leukocytes"
"Serpinf1",0.369069767441863,0.00306950579739261,-0.00109909077509466,-0.0336922872515958,"Myocytes","midnightblue","Leukocytes"
"Serping1",0.406422624174566,0.0032761033276168,-0.000892493244870467,-0.0308013443251194,"Myocytes","midnightblue","Leukocytes"
"Shisa4",0.386925064599483,0.00318576374239264,-0.000982832830094618,-0.03457990912631,"Myocytes","midnightblue","Leukocytes"
"Sirpa",0.389503301751375,0.00313862239066457,-0.00102997418182269,-0.0338679041444528,"Myocytes","midnightblue","Leukocytes"
"Slc6a8",0.416551823140968,0.00331374534524803,-0.000854851227239228,-0.025501254511921,"Myocytes","midnightblue","Leukocytes"
"Sparc",0.408245765144984,0.00374776374043087,-0.000420832832056392,0.000322610484780115,"Myocytes","midnightblue","Leukocytes"
"Tfpi",0.400189491817397,0.00330819235318788,-0.000860404219299383,-0.0221117665103285,"Myocytes","midnightblue","Leukocytes"
"Tgfb1",0.457134654033872,0.00400917341913859,-0.000159423153348669,-0.000114045525207032,"Myocytes","midnightblue","Leukocytes"
"Tgfb2",0.45214470284239,0.00437566510412665,0.000207068531639387,0.00613804065065219,"Myocytes","midnightblue","Leukocytes"
"Tgfb3",0.419451622164798,0.00345562445096829,-0.000712972121518976,-0.00680698024011393,"Myocytes","midnightblue","Leukocytes"
"Tgm2",0.38874533448177,0.00317170209685275,-0.000996894475634512,-0.0220520887946294,"Myocytes","midnightblue","Leukocytes"
"Timp2",0.384306632213626,0.00307069829783455,-0.00109789827465271,-0.0323930707576131,"Myocytes","midnightblue","Leukocytes"
"Timp3",0.39656617858168,0.00356147838318908,-0.000607118189298178,-0.0264034277429171,"Myocytes","midnightblue","Leukocytes"
"Tnfsf12",0.379305196669545,0.00305615000748122,-0.00111244656500604,-0.0150262674560103,"Myocytes","midnightblue","Leukocytes"
"Traf2",0.409606660924494,0.00334073218614663,-0.000827864386340632,-0.0235344404091916,"Myocytes","midnightblue","Leukocytes"
"Tspan3",0.404691358024702,0.00390165945160587,-0.000266937120881394,-0.021429126957963,"Myocytes","midnightblue","Leukocytes"
"Vegfa",0.4296009187482,0.00336956555587461,-0.000799031016612649,-0.0158624091703722,"Myocytes","midnightblue","Leukocytes"
"Vegfb",0.430680447889742,0.00355511168390338,-0.000613484888583886,-0.0234843058743031,"Myocytes","midnightblue","Leukocytes"
"Wnt5a",0.369279356876259,0.00322164989335955,-0.000946946679127715,-0.00841481122146782,"Myocytes","midnightblue","Leukocytes"
"Zdhhc5",0.453316106804479,0.0037234848519042,-0.000445111720583067,-0.0221153909076445,"Myocytes","midnightblue","Leukocytes"
"Znrf3",0.362627045650296,0.00297599830770066,-0.0011925982647866,-0.0379881812557688,"Myocytes","midnightblue","Leukocytes"
"Ace2",0.403362044214758,0.00322717832974887,-0.000941418242738389,-0.0309069962305966,"SmoothMuscleCells","midnightblue","Leukocytes"
"Adam10",0.36842951478611,0.00333432255468813,-0.000834274017799134,-0.0261982452254032,"SmoothMuscleCells","midnightblue","Leukocytes"
"Adam15",0.408463967843805,0.00326917639311988,-0.000899420179367382,-0.0324516727574302,"SmoothMuscleCells","midnightblue","Leukocytes"
"Adam17",0.402721791558999,0.00320541831802511,-0.00096317825446215,-0.0157059771606984,"SmoothMuscleCells","midnightblue","Leukocytes"
"Adam9",0.383855871375244,0.00309112493913426,-0.001077471633353,-0.0309220812276833,"SmoothMuscleCells","midnightblue","Leukocytes"
"Agrn",0.407085845535452,0.00321563307650002,-0.000952963495987246,-0.0249995310257143,"SmoothMuscleCells","midnightblue","Leukocytes"
"Angpt2",0.39771461383864,0.00343945598233889,-0.000729140590148368,-0.0193096002825593,"SmoothMuscleCells","midnightblue","Leukocytes"
"Angptl2",0.475595750789548,0.00400218833080535,-0.00016640824168191,-0.00966938916794013,"SmoothMuscleCells","midnightblue","Leukocytes"
"Anxa1",0.400089003732423,0.00320022461759303,-0.000968371954894235,-0.0256654477251319,"SmoothMuscleCells","midnightblue","Leukocytes"
"Anxa2",0.40821131208728,0.00323078962847943,-0.000937806944007835,-0.0258058983530979,"SmoothMuscleCells","midnightblue","Leukocytes"
"Apoe",0.378788400803899,0.00311995228014123,-0.00104864429234603,-0.0244089342823819,"SmoothMuscleCells","midnightblue","Leukocytes"
"App",0.405403387884002,0.00324028898647823,-0.000928307586009031,-0.0158420745698466,"SmoothMuscleCells","midnightblue","Leukocytes"
"Arf1",0.415989089865052,0.00332578766299982,-0.000842808909487438,-0.0295255369069279,"SmoothMuscleCells","midnightblue","Leukocytes"
"B2m",0.434975595750788,0.00357334322723853,-0.00059525334524873,-0.0230947469403379,"SmoothMuscleCells","midnightblue","Leukocytes"
"Bace1",0.382606948033303,0.00327470612133892,-0.000893890451148347,-0.0311590450447787,"SmoothMuscleCells","midnightblue","Leukocytes"
"Bgn",0.415670399081247,0.00334592708367509,-0.000822669488812168,-0.0233467882865176,"SmoothMuscleCells","midnightblue","Leukocytes"
"Bmp2",0.44160206718346,0.00401485637893097,-0.000153740193556293,0.00072506551480942,"SmoothMuscleCells","midnightblue","Leukocytes"
"Boc",0.372012632787822,0.00301273520286887,-0.00115586136961839,-0.0379549667957909,"SmoothMuscleCells","midnightblue","Leukocytes"
"Bst2",0.416480045937402,0.00333586983978901,-0.000832726732698249,-0.0281387075953297,"SmoothMuscleCells","midnightblue","Leukocytes"
"Btnl9",0.404398507034168,0.00324471720605362,-0.000923879366433643,-0.0302666087344686,"SmoothMuscleCells","midnightblue","Leukocytes"
"C1qa",0.422469135802458,0.00334262336530379,-0.000825973207183473,-0.0190087480483621,"SmoothMuscleCells","midnightblue","Leukocytes"
"C1qb",0.40846396784381,0.00326892537850813,-0.000899671193979133,-0.0295676136307828,"SmoothMuscleCells","midnightblue","Leukocytes"
"C3",0.41890611541773,0.0033464446708983,-0.000822151901588962,-0.0251644050579478,"SmoothMuscleCells","midnightblue","Leukocytes"
"Calm1",0.422049956933671,0.0033756640777439,-0.000792932494743361,-0.0213598506372164,"SmoothMuscleCells","midnightblue","Leukocytes"
"Calm2",0.412776342233708,0.00332607685321127,-0.000842519719275996,-0.0208320551917547,"SmoothMuscleCells","midnightblue","Leukocytes"
"Calm3",0.426213034740163,0.00343755672739163,-0.000731039845095636,-0.0239542181640127,"SmoothMuscleCells","midnightblue","Leukocytes"
"Calr",0.40827447602641,0.00324631474983107,-0.000922281822656198,-0.0148803227360459,"SmoothMuscleCells","midnightblue","Leukocytes"
"Cd200",0.372994544932533,0.00307303799048751,-0.00109555858199975,-0.0331444757709523,"SmoothMuscleCells","midnightblue","Leukocytes"
"Cd320",0.418742463393612,0.00338740814556764,-0.000781188426919622,-0.0253694665624127,"SmoothMuscleCells","midnightblue","Leukocytes"
"Cd38",0.415041630778069,0.0033947320587233,-0.000773864513763967,-0.0229389422703716,"SmoothMuscleCells","midnightblue","Leukocytes"
"Cd47",0.425512489233415,0.00350349198805249,-0.000665104584434769,-0.020673117918942,"SmoothMuscleCells","midnightblue","Leukocytes"
"Cd59a",0.418128050531145,0.00331237806566578,-0.000856218506821479,-0.0225434050950076,"SmoothMuscleCells","midnightblue","Leukocytes"
"Cd82",0.365811082400235,0.00298440319833405,-0.00118419337415321,-0.0364721280804107,"SmoothMuscleCells","midnightblue","Leukocytes"
"Cd9",0.413815676141254,0.0032622732131318,-0.000906323359355466,-0.015840178854585,"SmoothMuscleCells","midnightblue","Leukocytes"
"Cdh5",0.393155325868506,0.00321578924686026,-0.000952807325627,-0.0336762052931956,"SmoothMuscleCells","midnightblue","Leukocytes"
"Ceacam1",0.398412288257251,0.003201758966571,-0.00096683760591626,-0.030599604991444,"SmoothMuscleCells","midnightblue","Leukocytes"
"Cfh",0.37819408555844,0.00309740711946044,-0.00107118945302682,-0.0332430082186829,"SmoothMuscleCells","midnightblue","Leukocytes"
"Clu",0.392248062015512,0.00325457624860981,-0.000914020323877449,-0.0320095672845432,"SmoothMuscleCells","midnightblue","Leukocytes"
"Col15a1",0.411610680447892,0.00330844649055764,-0.000860150081929618,-0.0258835008825292,"SmoothMuscleCells","midnightblue","Leukocytes"
"Col18a1",0.399000861326452,0.00327036232834842,-0.000898234244138839,-0.031218962368829,"SmoothMuscleCells","midnightblue","Leukocytes"
"Col1a1",0.417568188343379,0.00331343545985798,-0.000855161112629286,-0.0281346579290114,"SmoothMuscleCells","midnightblue","Leukocytes"
"Col1a2",0.424834912431808,0.00340857104981009,-0.000760025522677176,-0.0291472304898717,"SmoothMuscleCells","midnightblue","Leukocytes"
"Col27a1",0.427117427505023,0.00345486088672381,-0.000713735685763454,-0.028330418482976,"SmoothMuscleCells","midnightblue","Leukocytes"
"Col3a1",0.420014355440703,0.00340414367541106,-0.000764452897076206,-0.0270906049659434,"SmoothMuscleCells","midnightblue","Leukocytes"
"Col4a1",0.42466838931955,0.00338527158662325,-0.000783324985864013,-0.0258856917671865,"SmoothMuscleCells","midnightblue","Leukocytes"
"Col4a2",0.418440999138665,0.00334774907805068,-0.000820847494436581,-0.027345709335174,"SmoothMuscleCells","midnightblue","Leukocytes"
"Col4a5",0.409356876256096,0.00326039486772112,-0.000908201704766147,-0.0308542506660366,"SmoothMuscleCells","midnightblue","Leukocytes"
"Col5a1",0.422796439850695,0.00334877403196744,-0.00081982254051982,-0.0232905294842957,"SmoothMuscleCells","midnightblue","Leukocytes"
"Col5a2",0.435081826012053,0.00352449072555929,-0.000644105846927976,-0.0215480584458148,"SmoothMuscleCells","midnightblue","Leukocytes"
"Col5a3",0.431490094745902,0.0035453157989801,-0.000623280773507164,-0.0267049343440737,"SmoothMuscleCells","midnightblue","Leukocytes"
"Col6a1",0.431986792994538,0.00342635746487466,-0.000742239107612606,-0.0232244000520259,"SmoothMuscleCells","midnightblue","Leukocytes"
"Col6a2",0.416744186046511,0.00335797964022483,-0.000810616932262437,-0.0296687696903173,"SmoothMuscleCells","midnightblue","Leukocytes"
"Col6a3",0.439816250358883,0.00368599918858007,-0.000482597383907192,-0.0227702024953352,"SmoothMuscleCells","midnightblue","Leukocytes"
"Col8a1",0.38545793855871,0.00314235564340235,-0.00102624092908491,-0.0293916938008079,"SmoothMuscleCells","midnightblue","Leukocytes"
"Copa",0.415719207579669,0.00336825750399289,-0.000800339068494368,-0.0219164938950342,"SmoothMuscleCells","midnightblue","Leukocytes"
"Cp",0.387068619006608,0.00325154108452411,-0.00091705548796315,-0.0280481949222201,"SmoothMuscleCells","midnightblue","Leukocytes"
"Csf1",0.409109962675844,0.00323506211360775,-0.000933534458879509,-0.0122762031702546,"SmoothMuscleCells","midnightblue","Leukocytes"
"Ctsd",0.45225380419179,0.00360973119359928,-0.000558865378887986,-0.0226641356036948,"SmoothMuscleCells","midnightblue","Leukocytes"
"Cx3cl1",0.395865633074931,0.00328957083411708,-0.000879025738370185,-0.0132850261935151,"SmoothMuscleCells","midnightblue","Leukocytes"
"Cxcl12",0.441458512776348,0.00361196648027958,-0.000556630092207678,-0.00805203506323596,"SmoothMuscleCells","midnightblue","Leukocytes"
"Dcn",0.409107091587706,0.00328918949971802,-0.000879407072769244,-0.0260031907976867,"SmoothMuscleCells","midnightblue","Leukocytes"
"Dll4",0.368664944013784,0.00361527288353612,-0.000553323688951141,-0.0186969834716555,"SmoothMuscleCells","midnightblue","Leukocytes"
"Efemp2",0.394596612116007,0.00356171040733599,-0.000606886165151276,-0.0285528639626097,"SmoothMuscleCells","midnightblue","Leukocytes"
"Efnb1",0.418705139247765,0.00329058889576682,-0.000878007676720438,-0.0295905418835831,"SmoothMuscleCells","midnightblue","Leukocytes"
"Efnb2",0.418530002871083,0.00334417867664156,-0.000824417895845698,-0.0291699516173992,"SmoothMuscleCells","midnightblue","Leukocytes"
"Eng",0.401234567901234,0.0032428273113892,-0.000925769261098061,-0.0287538065126467,"SmoothMuscleCells","midnightblue","Leukocytes"
"Epha4",0.484547803617569,0.0053174839132942,0.00114888734080694,0.0100617592656723,"SmoothMuscleCells","midnightblue","Leukocytes"
"Esam",0.465736434108512,0.00413784074093186,-3.07558315554056e-05,-0.0140484574987719,"SmoothMuscleCells","midnightblue","Leukocytes"
"Ezr",0.43110249784668,0.00359284703965766,-0.000575749532829604,-0.0235467267652723,"SmoothMuscleCells","midnightblue","Leukocytes"
"F11r",0.393634797588281,0.00315144195183571,-0.00101715462065155,-0.0284728643445862,"SmoothMuscleCells","midnightblue","Leukocytes"
"Fam3c",0.376106804478895,0.00307438352589006,-0.0010942130465972,-0.0287996813362287,"SmoothMuscleCells","midnightblue","Leukocytes"
"Fbn1",0.394521963824287,0.00319110352240621,-0.00097749305008105,-0.0282032856113846,"SmoothMuscleCells","midnightblue","Leukocytes"
"Fgf1",0.410175136376696,0.00326772990782227,-0.000900866664664991,-0.0149593389075072,"SmoothMuscleCells","midnightblue","Leukocytes"
"Fn1",0.41565030146425,0.00336030886746875,-0.000808287705018511,-0.0245656114937992,"SmoothMuscleCells","midnightblue","Leukocytes"
"Furin",0.3867843812805,0.00340651629030853,-0.000762080282178736,-0.00383793001271066,"SmoothMuscleCells","midnightblue","Leukocytes"
"Gas6",0.419173126614997,0.0036495319087337,-0.000519064663753564,-0.0194970228678143,"SmoothMuscleCells","midnightblue","Leukocytes"
"Gnas",0.402845248349116,0.00321556563252245,-0.000953030939964813,-0.020423102190551,"SmoothMuscleCells","midnightblue","Leukocytes"
"Gpc3",0.39400516795865,0.00324690243810689,-0.000921694134380374,-0.0304195174321947,"SmoothMuscleCells","midnightblue","Leukocytes"
"Gpc6",0.385621590582826,0.00313654423528119,-0.00103205233720607,-0.0358965294054204,"SmoothMuscleCells","midnightblue","Leukocytes"
"Gpi1",0.386913580246912,0.00314537859517149,-0.00102321797731577,-0.0244546456249859,"SmoothMuscleCells","midnightblue","Leukocytes"
"Grn",0.383161068044784,0.00322299050127639,-0.000945606071210873,-0.0220178173662559,"SmoothMuscleCells","midnightblue","Leukocytes"
"Gstp1",0.378340511053692,0.00312886485097234,-0.00103973172151493,-0.0342288015704607,"SmoothMuscleCells","midnightblue","Leukocytes"
"H2-D1",0.415348837209299,0.00335334939910084,-0.000815247173386427,-0.0260836694477638,"SmoothMuscleCells","midnightblue","Leukocytes"
"H2-K1",0.416514498995117,0.00335515317439626,-0.000813443398091007,-0.0259697996119866,"SmoothMuscleCells","midnightblue","Leukocytes"
"H2-Q4",0.415360321561869,0.0033534752001555,-0.000815121372331764,-0.0260861954350637,"SmoothMuscleCells","midnightblue","Leukocytes"
"Hbegf",0.427301177146124,0.0034043317666859,-0.000764264805801366,-0.0127410632965194,"SmoothMuscleCells","midnightblue","Leukocytes"
"Hebp1",0.420898650588567,0.00332906603487034,-0.000839530537616926,-0.0157687843855739,"SmoothMuscleCells","midnightblue","Leukocytes"
"Hsp90b1",0.425294286534593,0.00348249005126286,-0.0006861065212244,-0.0177263407447454,"SmoothMuscleCells","midnightblue","Leukocytes"
"Hspg2",0.41315819695664,0.0032681884303698,-0.000900408142117466,-0.0310655645657506,"SmoothMuscleCells","midnightblue","Leukocytes"
"Icam1",0.39955785242607,0.00317111759566215,-0.000997478976825115,-0.0238832051974735,"SmoothMuscleCells","midnightblue","Leukocytes"
"Icam2",0.439732988802753,0.00380414608735738,-0.000364450485129884,-0.0197255997970357,"SmoothMuscleCells","midnightblue","Leukocytes"
"Igf2",0.440241171403951,0.00376352393683389,-0.000405072635653372,-0.00436042344601897,"SmoothMuscleCells","midnightblue","Leukocytes"
"Igfbp4",0.40771174275049,0.00334891780611729,-0.000819678766369976,-0.0310146901651758,"SmoothMuscleCells","midnightblue","Leukocytes"
"Il34",0.42988228538615,0.0035113446492804,-0.000657251923206864,-0.0236956399376304,"SmoothMuscleCells","midnightblue","Leukocytes"
"Inhba",0.398515647430369,0.0032499796135955,-0.000918616958891765,-0.0137965988027302,"SmoothMuscleCells","midnightblue","Leukocytes"
"Itga9",0.408917599770308,0.00326146794690617,-0.000907128625581096,-0.0309061109475706,"SmoothMuscleCells","midnightblue","Leukocytes"
"Itgb1",0.42558139534883,0.00339472291542719,-0.000773873657060075,-0.0243941227149868,"SmoothMuscleCells","midnightblue","Leukocytes"
"Jag1",0.343468274476038,0.00296390512531337,-0.00120469144717389,-0.0192043846381098,"SmoothMuscleCells","midnightblue","Leukocytes"
"Jam2",0.437057134654031,0.00382771282824743,-0.000340883744239831,-0.0179363920454265,"SmoothMuscleCells","midnightblue","Leukocytes"
"Jam3",0.422026988228542,0.00350195798818195,-0.000666638584305314,-0.0270459841695455,"SmoothMuscleCells","midnightblue","Leukocytes"
"Lama2",0.439873672121726,0.00375227864357687,-0.00041631792891039,-0.00617628049949636,"SmoothMuscleCells","midnightblue","Leukocytes"
"Lama4",0.426468561584845,0.00380354102193706,-0.000365055550550199,-0.0213205915597589,"SmoothMuscleCells","midnightblue","Leukocytes"
"Lama5",0.436867642836625,0.00347275433389554,-0.000695842238591721,-0.028023366230913,"SmoothMuscleCells","midnightblue","Leukocytes"
"Lamb1",0.428877404536314,0.00349316007084975,-0.000675436501637513,-0.0245829580510514,"SmoothMuscleCells","midnightblue","Leukocytes"
"Lamb2",0.437651449899496,0.0037028196586762,-0.000465776913811059,-0.0239528688209884,"SmoothMuscleCells","midnightblue","Leukocytes"
"Lamc1",0.440020097616996,0.00353957191382445,-0.000629024658662812,-0.0249856609620419,"SmoothMuscleCells","midnightblue","Leukocytes"
"Lgals1",0.414981337927075,0.0033504240703626,-0.00081817250212466,-0.0195131488710163,"SmoothMuscleCells","midnightblue","Leukocytes"
"Lgals3",0.378880275624461,0.00307862488671943,-0.00108997168576784,-0.0226895167977423,"SmoothMuscleCells","midnightblue","Leukocytes"
"Lgals3bp",0.364869365489523,0.0030253007337864,-0.00114329583870087,-0.0339521916013136,"SmoothMuscleCells","midnightblue","Leukocytes"
"Lin7c",0.379084122882567,0.0030659103445705,-0.00110268622791676,-0.0356230158966716,"SmoothMuscleCells","midnightblue","Leukocytes"
"Lpl",0.356795865633067,0.00292156740102803,-0.00124702917145924,-0.0300675843497328,"SmoothMuscleCells","midnightblue","Leukocytes"
"Lrpap1",0.377777777777774,0.00315152645721858,-0.00101707011526868,-0.0342066115644432,"SmoothMuscleCells","midnightblue","Leukocytes"
"Ltbp1",0.487889750215321,0.00408184180068026,-8.67547718070008e-05,-0.0190696349517547,"SmoothMuscleCells","midnightblue","Leukocytes"
"Ltbp3",0.318102210737878,0.0027426287447325,-0.00142596782775476,-0.04278215073541,"SmoothMuscleCells","midnightblue","Leukocytes"
"Lum",0.419170255526847,0.00335357846308268,-0.000815018109404579,-0.0296803096627644,"SmoothMuscleCells","midnightblue","Leukocytes"
"Lyz2",0.443514211886305,0.00378257060817443,-0.000386025964312834,-0.0212545155890274,"SmoothMuscleCells","midnightblue","Leukocytes"
"Mfap2",0.392621303474014,0.00324092165333588,-0.000927674919151383,-0.0263856622644229,"SmoothMuscleCells","midnightblue","Leukocytes"
"Mfap5",0.353606086706856,0.00297064267429835,-0.00119795389818891,-0.0276208981079756,"SmoothMuscleCells","midnightblue","Leukocytes"
"Mfge8",0.419127189204712,0.00338838284992175,-0.000780213722565514,-0.0261225050345733,"SmoothMuscleCells","midnightblue","Leukocytes"
"Mfng",0.404197530864192,0.00358820805360573,-0.000580388518881533,-0.0220568822440875,"SmoothMuscleCells","midnightblue","Leukocytes"
"Mif",0.431983921906422,0.00365654122539134,-0.000512055347095923,-0.0113144408875599,"SmoothMuscleCells","midnightblue","Leukocytes"
"Mmp14",0.411151306345097,0.00330225679976585,-0.00086633977272141,-0.0268660989348071,"SmoothMuscleCells","midnightblue","Leukocytes"
"Mmp2",0.40198679299454,0.00320676011575148,-0.000961836456735787,-0.0310098952553156,"SmoothMuscleCells","midnightblue","Leukocytes"
"Mmrn2",0.340378983634793,0.00286983968213425,-0.00129875689035301,-0.033780617756341,"SmoothMuscleCells","midnightblue","Leukocytes"
"Mpdz",0.413620442147574,0.00335870850284172,-0.00080988806964554,-0.028365682585283,"SmoothMuscleCells","midnightblue","Leukocytes"
"Msn",0.413198392190641,0.00348008774009156,-0.000688508832395699,-0.0283303335929785,"SmoothMuscleCells","midnightblue","Leukocytes"
"Nampt",0.409672695951763,0.00333354430515538,-0.000835052267331884,-0.024125664089696,"SmoothMuscleCells","midnightblue","Leukocytes"
"Ncam1",0.397088716623601,0.00318321899655141,-0.000985377575935856,-0.0331168369531807,"SmoothMuscleCells","midnightblue","Leukocytes"
"Neo1",0.397806488659212,0.00336873302453481,-0.000799863547952451,-0.0278025618805874,"SmoothMuscleCells","midnightblue","Leukocytes"
"Nid1",0.439247774906672,0.00355011075956518,-0.000618485812922081,-0.0271893695646768,"SmoothMuscleCells","midnightblue","Leukocytes"
"Nrp1",0.401877691645127,0.00322237590318062,-0.000946220669306639,-0.0267787793459934,"SmoothMuscleCells","midnightblue","Leukocytes"
"Nrxn1",0.362107378696523,0.00295820276129025,-0.00121039381119701,-0.0364453137444373,"SmoothMuscleCells","midnightblue","Leukocytes"
"Nucb2",0.35966695377548,0.00312877234707548,-0.00103982422541178,-0.0354671303934192,"SmoothMuscleCells","midnightblue","Leukocytes"
"Pam",0.363060579959804,0.00298791827927245,-0.00118067829321481,-0.0353704348443064,"SmoothMuscleCells","midnightblue","Leukocytes"
"Pdgfa",0.397203560149293,0.00379961235553681,-0.000368984216950448,-0.0110677223543127,"SmoothMuscleCells","midnightblue","Leukocytes"
"Pdgfb",0.467746195808221,0.00493535655504413,0.000766759982556869,0.0164947831259906,"SmoothMuscleCells","midnightblue","Leukocytes"
"Pecam1",0.398004593741041,0.0032020811273492,-0.000966515445138058,-0.028984737481667,"SmoothMuscleCells","midnightblue","Leukocytes"
"Pf4",0.419621016365203,0.009592028928996,0.00542343235650874,0.0138119177666265,"SmoothMuscleCells","midnightblue","Leukocytes"
"Pgf",0.421851851851842,0.00336948833171746,-0.000799108240769804,-0.0199368965661796,"SmoothMuscleCells","midnightblue","Leukocytes"
"Pi16",0.37274763135228,0.00304791727496705,-0.00112067929752021,-0.0345935695283226,"SmoothMuscleCells","midnightblue","Leukocytes"
"Plat",0.372629916738451,0.00300933001540761,-0.00115926655707965,-0.0253757087270924,"SmoothMuscleCells","midnightblue","Leukocytes"
"Pltp",0.366752799310936,0.00300725798322019,-0.00116133858926708,-0.0289946947842204,"SmoothMuscleCells","midnightblue","Leukocytes"
"Plxna1",0.425954636807345,0.00341247404645826,-0.000756122526029007,-0.0283546559087797,"SmoothMuscleCells","midnightblue","Leukocytes"
"Postn",0.412202124605227,0.00335906340036126,-0.000809533172125999,-0.0117571119601496,"SmoothMuscleCells","midnightblue","Leukocytes"
"Pros1",0.405788113695086,0.003372771719785,-0.000795824852702266,-0.0272540348816729,"SmoothMuscleCells","midnightblue","Leukocytes"
"Psap",0.410657479184614,0.00351573905910547,-0.000652857513381796,-0.0227025033270705,"SmoothMuscleCells","midnightblue","Leukocytes"
"Psen1",0.404565030146426,0.00334301701836564,-0.000825579554121618,-0.0234992369289106,"SmoothMuscleCells","midnightblue","Leukocytes"
"Ptdss1",0.409061154177437,0.00348552154102567,-0.000683075031461589,-0.0270758402169768,"SmoothMuscleCells","midnightblue","Leukocytes"
"Rarres2",0.419632500717772,0.00336442970709358,-0.000804166865393679,-0.0234505743584007,"SmoothMuscleCells","midnightblue","Leukocytes"
"Reck",0.408530002871084,0.00328610912166384,-0.000882487450823418,-0.0256686963539011,"SmoothMuscleCells","midnightblue","Leukocytes"
"Rps19",0.408745334481775,0.00336340065297934,-0.000805195919507921,-0.0297766775246301,"SmoothMuscleCells","midnightblue","Leukocytes"
"Rtn4",0.383307493540047,0.00316936221018522,-0.000999234362302044,-0.0283957086869323,"SmoothMuscleCells","midnightblue","Leukocytes"
"S100a4",0.385532586850427,0.00340244483714014,-0.000766151735347118,-0.0269252934108529,"SmoothMuscleCells","midnightblue","Leukocytes"
"S100a8",0.402819408555856,0.00330772814843007,-0.000860868424057188,-0.0248839834072735,"SmoothMuscleCells","midnightblue","Leukocytes"
"S100a9",0.3980706287683,0.00326465341087322,-0.000903943161614043,-0.0254875137169984,"SmoothMuscleCells","midnightblue","Leukocytes"
"Sdc2",0.379066896353716,0.00309512566497652,-0.00107347090751074,-0.0356212089507007,"SmoothMuscleCells","midnightblue","Leukocytes"
"Sema3f",0.387183462532293,0.00308649362549224,-0.00108210294699502,-0.0341458051381868,"SmoothMuscleCells","midnightblue","Leukocytes"
"Sema4c",0.423537180591429,0.00345020728518819,-0.000718389287299075,-0.0271315189360797,"SmoothMuscleCells","midnightblue","Leukocytes"
"Sema5a",0.377875394774615,0.00308994717127923,-0.00107864940120804,-0.031913987839122,"SmoothMuscleCells","midnightblue","Leukocytes"
"Sema6a",0.399273614699973,0.00324138606551049,-0.000927210506976777,-0.0304756278253334,"SmoothMuscleCells","midnightblue","Leukocytes"
"Sema6d",0.38960953201263,0.00328825626019676,-0.000880340312290498,-0.0317098191014424,"SmoothMuscleCells","midnightblue","Leukocytes"
"Sema7a",0.388079242032727,0.0031385947472299,-0.00103000182525737,-0.0338403088151062,"SmoothMuscleCells","midnightblue","Leukocytes"
"Serpine1",0.399465977605503,0.00325186678365206,-0.0009167297888352,-0.0279735315010192,"SmoothMuscleCells","midnightblue","Leukocytes"
"Serpine2",0.368481194372663,0.00306330282193307,-0.00110529375055419,-0.027732358041125,"SmoothMuscleCells","midnightblue","Leukocytes"
"Serping1",0.406422624174566,0.0032761033276168,-0.000892493244870467,-0.0308013443251194,"SmoothMuscleCells","midnightblue","Leukocytes"
"Slc6a8",0.416551823140968,0.00331374534524803,-0.000854851227239228,-0.025501254511921,"SmoothMuscleCells","midnightblue","Leukocytes"
"Sparc",0.408245765144984,0.00374776374043087,-0.000420832832056392,0.000322610484780115,"SmoothMuscleCells","midnightblue","Leukocytes"
"Spon1",0.382526557565309,0.0030943660074127,-0.00107423056507456,-0.0300236631672332,"SmoothMuscleCells","midnightblue","Leukocytes"
"Tfpi",0.400189491817397,0.00330819235318788,-0.000860404219299383,-0.0221117665103285,"SmoothMuscleCells","midnightblue","Leukocytes"
"Tgfb1",0.457134654033872,0.00400917341913859,-0.000159423153348669,-0.000114045525207032,"SmoothMuscleCells","midnightblue","Leukocytes"
"Tgfb2",0.45214470284239,0.00437566510412665,0.000207068531639387,0.00613804065065219,"SmoothMuscleCells","midnightblue","Leukocytes"
"Tgfb3",0.419451622164798,0.00345562445096829,-0.000712972121518976,-0.00680698024011393,"SmoothMuscleCells","midnightblue","Leukocytes"
"Tgm2",0.38874533448177,0.00317170209685275,-0.000996894475634512,-0.0220520887946294,"SmoothMuscleCells","midnightblue","Leukocytes"
"Thbs1",0.362405971863329,0.00305959933913164,-0.00110899723335562,-0.0320421768506415,"SmoothMuscleCells","midnightblue","Leukocytes"
"Thbs2",0.426201550387599,0.00359814249909669,-0.000570454073390568,-0.0198264169498502,"SmoothMuscleCells","midnightblue","Leukocytes"
"Thy1",0.426523112259541,0.00335279158826772,-0.000815804984219542,-0.0286609458215229,"SmoothMuscleCells","midnightblue","Leukocytes"
"Timp2",0.384306632213626,0.00307069829783455,-0.00109789827465271,-0.0323930707576131,"SmoothMuscleCells","midnightblue","Leukocytes"
"Timp3",0.39656617858168,0.00356147838318908,-0.000607118189298178,-0.0264034277429171,"SmoothMuscleCells","midnightblue","Leukocytes"
"Tnfsf12",0.379305196669545,0.00305615000748122,-0.00111244656500604,-0.0150262674560103,"SmoothMuscleCells","midnightblue","Leukocytes"
"Tnxb",0.411421188630493,0.00327965824084076,-0.000888938331646505,-0.030952634109094,"SmoothMuscleCells","midnightblue","Leukocytes"
"Traf2",0.409606660924494,0.00334073218614663,-0.000827864386340632,-0.0235344404091916,"SmoothMuscleCells","midnightblue","Leukocytes"
"Tslp",0.368748205569911,0.00313593079253056,-0.00103266577995671,-0.023338912864393,"SmoothMuscleCells","midnightblue","Leukocytes"
"Tspan3",0.404691358024702,0.00390165945160587,-0.000266937120881394,-0.021429126957963,"SmoothMuscleCells","midnightblue","Leukocytes"
"Vegfb",0.430680447889742,0.00355511168390338,-0.000613484888583886,-0.0234843058743031,"SmoothMuscleCells","midnightblue","Leukocytes"
"Vegfc",0.409876543209881,0.00357218214086742,-0.000596414431619841,0.000600918273640658,"SmoothMuscleCells","midnightblue","Leukocytes"
"Vsig10",0.394430089003732,0.00325366485148767,-0.00091493172099959,-0.0294491922661926,"SmoothMuscleCells","midnightblue","Leukocytes"
"Vtn",0.376612115991956,0.00308435568832347,-0.00108424088416379,-0.0264490437546375,"SmoothMuscleCells","midnightblue","Leukocytes"
"Vwf",0.398300315819694,0.003221116481016,-0.000947480091471259,-0.0224682869630993,"SmoothMuscleCells","midnightblue","Leukocytes"
"Wnt5b",0.381352282515091,0.00346268181358462,-0.000705914758902646,-0.00310304948128565,"SmoothMuscleCells","midnightblue","Leukocytes"
"Zdhhc5",0.453316106804479,0.0037234848519042,-0.000445111720583067,-0.0221153909076445,"SmoothMuscleCells","midnightblue","Leukocytes"
"A2m",0.3941975308642,0.00318639219842499,-0.000982204374062271,-0.0323934507435258,"EndocardialCells","midnightblue","Leukocytes"
"Adam10",0.36842951478611,0.00333432255468813,-0.000834274017799134,-0.0261982452254032,"EndocardialCells","midnightblue","Leukocytes"
"Adam15",0.408463967843805,0.00326917639311988,-0.000899420179367382,-0.0324516727574302,"EndocardialCells","midnightblue","Leukocytes"
"Adam17",0.402721791558999,0.00320541831802511,-0.00096317825446215,-0.0157059771606984,"EndocardialCells","midnightblue","Leukocytes"
"Adam9",0.383855871375244,0.00309112493913426,-0.001077471633353,-0.0309220812276833,"EndocardialCells","midnightblue","Leukocytes"
"Adm",0.428168245765131,0.00351268515637791,-0.00065591141610935,-0.00128834272268326,"EndocardialCells","midnightblue","Leukocytes"
"Agrn",0.407085845535452,0.00321563307650002,-0.000952963495987246,-0.0249995310257143,"EndocardialCells","midnightblue","Leukocytes"
"Ahsg",0.387223657766298,0.00316238000044719,-0.00100621657204007,-0.0289221416405413,"EndocardialCells","midnightblue","Leukocytes"
"Ang",0.447154751650882,0.00385496150196306,-0.000313635070524198,-0.0182894129116911,"EndocardialCells","midnightblue","Leukocytes"
"Angpt2",0.39771461383864,0.00343945598233889,-0.000729140590148368,-0.0193096002825593,"EndocardialCells","midnightblue","Leukocytes"
"Angptl1",0.425799598047662,0.00343333192495377,-0.000735264647533497,-0.0300727623549741,"EndocardialCells","midnightblue","Leukocytes"
"Angptl2",0.475595750789548,0.00400218833080535,-0.00016640824168191,-0.00966938916794013,"EndocardialCells","midnightblue","Leukocytes"
"Anxa1",0.400089003732423,0.00320022461759303,-0.000968371954894235,-0.0256654477251319,"EndocardialCells","midnightblue","Leukocytes"
"Anxa2",0.40821131208728,0.00323078962847943,-0.000937806944007835,-0.0258058983530979,"EndocardialCells","midnightblue","Leukocytes"
"Apoe",0.378788400803899,0.00311995228014123,-0.00104864429234603,-0.0244089342823819,"EndocardialCells","midnightblue","Leukocytes"
"App",0.405403387884002,0.00324028898647823,-0.000928307586009031,-0.0158420745698466,"EndocardialCells","midnightblue","Leukocytes"
"Arf1",0.415989089865052,0.00332578766299982,-0.000842808909487438,-0.0295255369069279,"EndocardialCells","midnightblue","Leukocytes"
"AU040320",0.406029285099048,0.00330597104138521,-0.000862625531102057,-0.0303918275712504,"EndocardialCells","midnightblue","Leukocytes"
"B2m",0.434975595750788,0.00357334322723853,-0.00059525334524873,-0.0230947469403379,"EndocardialCells","midnightblue","Leukocytes"
"Bace1",0.382606948033303,0.00327470612133892,-0.000893890451148347,-0.0311590450447787,"EndocardialCells","midnightblue","Leukocytes"
"Bace2",0.390778064886611,0.00345953091510766,-0.000709065657379604,-0.0218151743306823,"EndocardialCells","midnightblue","Leukocytes"
"Bgn",0.415670399081247,0.00334592708367509,-0.000822669488812168,-0.0233467882865176,"EndocardialCells","midnightblue","Leukocytes"
"Boc",0.372012632787822,0.00301273520286887,-0.00115586136961839,-0.0379549667957909,"EndocardialCells","midnightblue","Leukocytes"
"Bst2",0.416480045937402,0.00333586983978901,-0.000832726732698249,-0.0281387075953297,"EndocardialCells","midnightblue","Leukocytes"
"C1qa",0.422469135802458,0.00334262336530379,-0.000825973207183473,-0.0190087480483621,"EndocardialCells","midnightblue","Leukocytes"
"C1qb",0.40846396784381,0.00326892537850813,-0.000899671193979133,-0.0295676136307828,"EndocardialCells","midnightblue","Leukocytes"
"C3",0.41890611541773,0.0033464446708983,-0.000822151901588962,-0.0251644050579478,"EndocardialCells","midnightblue","Leukocytes"
"C4b",0.40082400229687,0.00325509667450512,-0.000913499897982147,-0.0299188031035193,"EndocardialCells","midnightblue","Leukocytes"
"Calm1",0.422049956933671,0.0033756640777439,-0.000792932494743361,-0.0213598506372164,"EndocardialCells","midnightblue","Leukocytes"
"Calm2",0.412776342233708,0.00332607685321127,-0.000842519719275996,-0.0208320551917547,"EndocardialCells","midnightblue","Leukocytes"
"Calm3",0.426213034740163,0.00343755672739163,-0.000731039845095636,-0.0239542181640127,"EndocardialCells","midnightblue","Leukocytes"
"Calr",0.40827447602641,0.00324631474983107,-0.000922281822656198,-0.0148803227360459,"EndocardialCells","midnightblue","Leukocytes"
"Ccl19",0.424441573356307,0.00336813977304145,-0.000800456799445814,-0.010362928163027,"EndocardialCells","midnightblue","Leukocytes"
"Ccl6",0.401762848119445,0.00320771697139059,-0.000960879601096672,-0.0134771894711902,"EndocardialCells","midnightblue","Leukocytes"
"Cd200",0.372994544932533,0.00307303799048751,-0.00109555858199975,-0.0331444757709523,"EndocardialCells","midnightblue","Leukocytes"
"Cd320",0.418742463393612,0.00338740814556764,-0.000781188426919622,-0.0253694665624127,"EndocardialCells","midnightblue","Leukocytes"
"Cd38",0.415041630778069,0.0033947320587233,-0.000773864513763967,-0.0229389422703716,"EndocardialCells","midnightblue","Leukocytes"
"Cd47",0.425512489233415,0.00350349198805249,-0.000665104584434769,-0.020673117918942,"EndocardialCells","midnightblue","Leukocytes"
"Cd55",0.399440137812233,0.00328676027038386,-0.000881836302103403,-0.0241088477508831,"EndocardialCells","midnightblue","Leukocytes"
"Cd59a",0.418128050531145,0.00331237806566578,-0.000856218506821479,-0.0225434050950076,"EndocardialCells","midnightblue","Leukocytes"
"Cd82",0.365811082400235,0.00298440319833405,-0.00118419337415321,-0.0364721280804107,"EndocardialCells","midnightblue","Leukocytes"
"Cd9",0.413815676141254,0.0032622732131318,-0.000906323359355466,-0.015840178854585,"EndocardialCells","midnightblue","Leukocytes"
"Cdh5",0.393155325868506,0.00321578924686026,-0.000952807325627,-0.0336762052931956,"EndocardialCells","midnightblue","Leukocytes"
"Ceacam1",0.398412288257251,0.003201758966571,-0.00096683760591626,-0.030599604991444,"EndocardialCells","midnightblue","Leukocytes"
"Cfh",0.37819408555844,0.00309740711946044,-0.00107118945302682,-0.0332430082186829,"EndocardialCells","midnightblue","Leukocytes"
"Cklf",0.379776055124897,0.00618606804949566,0.0020174714770084,-0.0160669827524,"EndocardialCells","midnightblue","Leukocytes"
"Clu",0.392248062015512,0.00325457624860981,-0.000914020323877449,-0.0320095672845432,"EndocardialCells","midnightblue","Leukocytes"
"Col18a1",0.399000861326452,0.00327036232834842,-0.000898234244138839,-0.031218962368829,"EndocardialCells","midnightblue","Leukocytes"
"Col1a2",0.424834912431808,0.00340857104981009,-0.000760025522677176,-0.0291472304898717,"EndocardialCells","midnightblue","Leukocytes"
"Col3a1",0.420014355440703,0.00340414367541106,-0.000764452897076206,-0.0270906049659434,"EndocardialCells","midnightblue","Leukocytes"
"Col4a1",0.42466838931955,0.00338527158662325,-0.000783324985864013,-0.0258856917671865,"EndocardialCells","midnightblue","Leukocytes"
"Col4a2",0.418440999138665,0.00334774907805068,-0.000820847494436581,-0.027345709335174,"EndocardialCells","midnightblue","Leukocytes"
"Col4a4",0.437039908125175,0.00349580272072185,-0.000672793851765411,-0.0246967413250919,"EndocardialCells","midnightblue","Leukocytes"
"Col4a5",0.409356876256096,0.00326039486772112,-0.000908201704766147,-0.0308542506660366,"EndocardialCells","midnightblue","Leukocytes"
"Col5a2",0.435081826012053,0.00352449072555929,-0.000644105846927976,-0.0215480584458148,"EndocardialCells","midnightblue","Leukocytes"
"Col6a1",0.431986792994538,0.00342635746487466,-0.000742239107612606,-0.0232244000520259,"EndocardialCells","midnightblue","Leukocytes"
"Col6a3",0.439816250358883,0.00368599918858007,-0.000482597383907192,-0.0227702024953352,"EndocardialCells","midnightblue","Leukocytes"
"Comp",0.427995980476591,0.00345103261517492,-0.000717563957312345,-0.0268522103541825,"EndocardialCells","midnightblue","Leukocytes"
"Copa",0.415719207579669,0.00336825750399289,-0.000800339068494368,-0.0219164938950342,"EndocardialCells","midnightblue","Leukocytes"
"Cp",0.387068619006608,0.00325154108452411,-0.00091705548796315,-0.0280481949222201,"EndocardialCells","midnightblue","Leukocytes"
"Csf1",0.409109962675844,0.00323506211360775,-0.000933534458879509,-0.0122762031702546,"EndocardialCells","midnightblue","Leukocytes"
"Ctsd",0.45225380419179,0.00360973119359928,-0.000558865378887986,-0.0226641356036948,"EndocardialCells","midnightblue","Leukocytes"
"Cx3cl1",0.395865633074931,0.00328957083411708,-0.000879025738370185,-0.0132850261935151,"EndocardialCells","midnightblue","Leukocytes"
"Cxcl12",0.441458512776348,0.00361196648027958,-0.000556630092207678,-0.00805203506323596,"EndocardialCells","midnightblue","Leukocytes"
"Cytl1",0.388716623600346,0.00325771885412781,-0.000910877718359453,-0.0282494435209485,"EndocardialCells","midnightblue","Leukocytes"
"Dcn",0.409107091587706,0.00328918949971802,-0.000879407072769244,-0.0260031907976867,"EndocardialCells","midnightblue","Leukocytes"
"Dll1",0.371047947171985,0.00325931486287012,-0.000909281709617138,-0.0257045767758626,"EndocardialCells","midnightblue","Leukocytes"
"Dll4",0.368664944013784,0.00361527288353612,-0.000553323688951141,-0.0186969834716555,"EndocardialCells","midnightblue","Leukocytes"
"Edn1",0.428056273327585,0.00451283841158413,0.000344241839096863,0.0174527767045515,"EndocardialCells","midnightblue","Leukocytes"
"Efemp2",0.394596612116007,0.00356171040733599,-0.000606886165151276,-0.0285528639626097,"EndocardialCells","midnightblue","Leukocytes"
"Efnb1",0.418705139247765,0.00329058889576682,-0.000878007676720438,-0.0295905418835831,"EndocardialCells","midnightblue","Leukocytes"
"Efnb2",0.418530002871083,0.00334417867664156,-0.000824417895845698,-0.0291699516173992,"EndocardialCells","midnightblue","Leukocytes"
"Eng",0.401234567901234,0.0032428273113892,-0.000925769261098061,-0.0287538065126467,"EndocardialCells","midnightblue","Leukocytes"
"Epha4",0.484547803617569,0.0053174839132942,0.00114888734080694,0.0100617592656723,"EndocardialCells","midnightblue","Leukocytes"
"Esam",0.465736434108512,0.00413784074093186,-3.07558315554056e-05,-0.0140484574987719,"EndocardialCells","midnightblue","Leukocytes"
"Ezr",0.43110249784668,0.00359284703965766,-0.000575749532829604,-0.0235467267652723,"EndocardialCells","midnightblue","Leukocytes"
"F11r",0.393634797588281,0.00315144195183571,-0.00101715462065155,-0.0284728643445862,"EndocardialCells","midnightblue","Leukocytes"
"Fam3c",0.376106804478895,0.00307438352589006,-0.0010942130465972,-0.0287996813362287,"EndocardialCells","midnightblue","Leukocytes"
"Fbln1",0.390798162503583,0.00318355732002192,-0.00098503925246534,-0.0313949565340782,"EndocardialCells","midnightblue","Leukocytes"
"Fbn1",0.394521963824287,0.00319110352240621,-0.00097749305008105,-0.0282032856113846,"EndocardialCells","midnightblue","Leukocytes"
"Fgf14",0.402397358598914,0.00325467935220058,-0.000913917220286688,-0.0313183526042621,"EndocardialCells","midnightblue","Leukocytes"
"Fgfrl1",0.447981625035878,0.00385319848609904,-0.00031539808638822,-0.0215117276911263,"EndocardialCells","midnightblue","Leukocytes"
"Fn1",0.41565030146425,0.00336030886746875,-0.000808287705018511,-0.0245656114937992,"EndocardialCells","midnightblue","Leukocytes"
"Furin",0.3867843812805,0.00340651629030853,-0.000762080282178736,-0.00383793001271066,"EndocardialCells","midnightblue","Leukocytes"
"Gas6",0.419173126614997,0.0036495319087337,-0.000519064663753564,-0.0194970228678143,"EndocardialCells","midnightblue","Leukocytes"
"Gnas",0.402845248349116,0.00321556563252245,-0.000953030939964813,-0.020423102190551,"EndocardialCells","midnightblue","Leukocytes"
"Gpc6",0.385621590582826,0.00313654423528119,-0.00103205233720607,-0.0358965294054204,"EndocardialCells","midnightblue","Leukocytes"
"Gpi1",0.386913580246912,0.00314537859517149,-0.00102321797731577,-0.0244546456249859,"EndocardialCells","midnightblue","Leukocytes"
"Grn",0.383161068044784,0.00322299050127639,-0.000945606071210873,-0.0220178173662559,"EndocardialCells","midnightblue","Leukocytes"
"Gstp1",0.378340511053692,0.00312886485097234,-0.00103973172151493,-0.0342288015704607,"EndocardialCells","midnightblue","Leukocytes"
"H2-D1",0.415348837209299,0.00335334939910084,-0.000815247173386427,-0.0260836694477638,"EndocardialCells","midnightblue","Leukocytes"
"H2-DMb1",0.416807349985643,0.00350022196355768,-0.000668374608929584,-0.0257346685995479,"EndocardialCells","midnightblue","Leukocytes"
"H2-K1",0.416514498995117,0.00335515317439626,-0.000813443398091007,-0.0259697996119866,"EndocardialCells","midnightblue","Leukocytes"
"H2-Q4",0.415360321561869,0.0033534752001555,-0.000815121372331764,-0.0260861954350637,"EndocardialCells","midnightblue","Leukocytes"
"H2-Q6",0.415360321561869,0.0033534752001555,-0.000815121372331764,-0.0260861954350637,"EndocardialCells","midnightblue","Leukocytes"
"Hbegf",0.427301177146124,0.0034043317666859,-0.000764264805801366,-0.0127410632965194,"EndocardialCells","midnightblue","Leukocytes"
"Hebp1",0.420898650588567,0.00332906603487034,-0.000839530537616926,-0.0157687843855739,"EndocardialCells","midnightblue","Leukocytes"
"Hsp90b1",0.425294286534593,0.00348249005126286,-0.0006861065212244,-0.0177263407447454,"EndocardialCells","midnightblue","Leukocytes"
"Hspg2",0.41315819695664,0.0032681884303698,-0.000900408142117466,-0.0310655645657506,"EndocardialCells","midnightblue","Leukocytes"
"Icam1",0.39955785242607,0.00317111759566215,-0.000997478976825115,-0.0238832051974735,"EndocardialCells","midnightblue","Leukocytes"
"Icam2",0.439732988802753,0.00380414608735738,-0.000364450485129884,-0.0197255997970357,"EndocardialCells","midnightblue","Leukocytes"
"Igf2",0.440241171403951,0.00376352393683389,-0.000405072635653372,-0.00436042344601897,"EndocardialCells","midnightblue","Leukocytes"
"Igfbp4",0.40771174275049,0.00334891780611729,-0.000819678766369976,-0.0310146901651758,"EndocardialCells","midnightblue","Leukocytes"
"Il15",0.393465403387883,0.00323936331224331,-0.000929233260243953,-0.0165753219750167,"EndocardialCells","midnightblue","Leukocytes"
"Il18bp",0.37095320126327,0.00303044055415289,-0.00113815601833437,-0.0356960503385255,"EndocardialCells","midnightblue","Leukocytes"
"Il33",0.428963537180599,0.00344038702902764,-0.000728209543459627,-0.0128689867324987,"EndocardialCells","midnightblue","Leukocytes"
"Itga9",0.408917599770308,0.00326146794690617,-0.000907128625581096,-0.0309061109475706,"EndocardialCells","midnightblue","Leukocytes"
"Itgb1",0.42558139534883,0.00339472291542719,-0.000773873657060075,-0.0243941227149868,"EndocardialCells","midnightblue","Leukocytes"
"Jag1",0.343468274476038,0.00296390512531337,-0.00120469144717389,-0.0192043846381098,"EndocardialCells","midnightblue","Leukocytes"
"Jam2",0.437057134654031,0.00382771282824743,-0.000340883744239831,-0.0179363920454265,"EndocardialCells","midnightblue","Leukocytes"
"Jam3",0.422026988228542,0.00350195798818195,-0.000666638584305314,-0.0270459841695455,"EndocardialCells","midnightblue","Leukocytes"
"Lama4",0.426468561584845,0.00380354102193706,-0.000365055550550199,-0.0213205915597589,"EndocardialCells","midnightblue","Leukocytes"
"Lama5",0.436867642836625,0.00347275433389554,-0.000695842238591721,-0.028023366230913,"EndocardialCells","midnightblue","Leukocytes"
"Lamb1",0.428877404536314,0.00349316007084975,-0.000675436501637513,-0.0245829580510514,"EndocardialCells","midnightblue","Leukocytes"
"Lamb2",0.437651449899496,0.0037028196586762,-0.000465776913811059,-0.0239528688209884,"EndocardialCells","midnightblue","Leukocytes"
"Lamc1",0.440020097616996,0.00353957191382445,-0.000629024658662812,-0.0249856609620419,"EndocardialCells","midnightblue","Leukocytes"
"Lcn2",0.356718346253236,0.00297309485531722,-0.00119550171717004,-0.0246027227071893,"EndocardialCells","midnightblue","Leukocytes"
"Lgals1",0.414981337927075,0.0033504240703626,-0.00081817250212466,-0.0195131488710163,"EndocardialCells","midnightblue","Leukocytes"
"Lgals3bp",0.364869365489523,0.0030253007337864,-0.00114329583870087,-0.0339521916013136,"EndocardialCells","midnightblue","Leukocytes"
"Lin7c",0.379084122882567,0.0030659103445705,-0.00110268622791676,-0.0356230158966716,"EndocardialCells","midnightblue","Leukocytes"
"Lpl",0.356795865633067,0.00292156740102803,-0.00124702917145924,-0.0300675843497328,"EndocardialCells","midnightblue","Leukocytes"
"Lrpap1",0.377777777777774,0.00315152645721858,-0.00101707011526868,-0.0342066115644432,"EndocardialCells","midnightblue","Leukocytes"
"Ltbp1",0.487889750215321,0.00408184180068026,-8.67547718070008e-05,-0.0190696349517547,"EndocardialCells","midnightblue","Leukocytes"
"Ltbp3",0.318102210737878,0.0027426287447325,-0.00142596782775476,-0.04278215073541,"EndocardialCells","midnightblue","Leukocytes"
"Lum",0.419170255526847,0.00335357846308268,-0.000815018109404579,-0.0296803096627644,"EndocardialCells","midnightblue","Leukocytes"
"Lyz2",0.443514211886305,0.00378257060817443,-0.000386025964312834,-0.0212545155890274,"EndocardialCells","midnightblue","Leukocytes"
"Mdk",0.393571633649145,0.00316940224176857,-0.000999194330718697,-0.028442103758105,"EndocardialCells","midnightblue","Leukocytes"
"Mfap2",0.392621303474014,0.00324092165333588,-0.000927674919151383,-0.0263856622644229,"EndocardialCells","midnightblue","Leukocytes"
"Mfap5",0.353606086706856,0.00297064267429835,-0.00119795389818891,-0.0276208981079756,"EndocardialCells","midnightblue","Leukocytes"
"Mfge8",0.419127189204712,0.00338838284992175,-0.000780213722565514,-0.0261225050345733,"EndocardialCells","midnightblue","Leukocytes"
"Mfng",0.404197530864192,0.00358820805360573,-0.000580388518881533,-0.0220568822440875,"EndocardialCells","midnightblue","Leukocytes"
"Mif",0.431983921906422,0.00365654122539134,-0.000512055347095923,-0.0113144408875599,"EndocardialCells","midnightblue","Leukocytes"
"Mmp14",0.411151306345097,0.00330225679976585,-0.00086633977272141,-0.0268660989348071,"EndocardialCells","midnightblue","Leukocytes"
"Mmp2",0.40198679299454,0.00320676011575148,-0.000961836456735787,-0.0310098952553156,"EndocardialCells","midnightblue","Leukocytes"
"Mmrn2",0.340378983634793,0.00286983968213425,-0.00129875689035301,-0.033780617756341,"EndocardialCells","midnightblue","Leukocytes"
"Mpdz",0.413620442147574,0.00335870850284172,-0.00080988806964554,-0.028365682585283,"EndocardialCells","midnightblue","Leukocytes"
"Msn",0.413198392190641,0.00348008774009156,-0.000688508832395699,-0.0283303335929785,"EndocardialCells","midnightblue","Leukocytes"
"Nampt",0.409672695951763,0.00333354430515538,-0.000835052267331884,-0.024125664089696,"EndocardialCells","midnightblue","Leukocytes"
"Ncam1",0.397088716623601,0.00318321899655141,-0.000985377575935856,-0.0331168369531807,"EndocardialCells","midnightblue","Leukocytes"
"Neo1",0.397806488659212,0.00336873302453481,-0.000799863547952451,-0.0278025618805874,"EndocardialCells","midnightblue","Leukocytes"
"Nid1",0.439247774906672,0.00355011075956518,-0.000618485812922081,-0.0271893695646768,"EndocardialCells","midnightblue","Leukocytes"
"Nrg1",0.410083261556124,0.00327283278574977,-0.000895763786737493,-0.013765523561872,"EndocardialCells","midnightblue","Leukocytes"
"Nrp1",0.401877691645127,0.00322237590318062,-0.000946220669306639,-0.0267787793459934,"EndocardialCells","midnightblue","Leukocytes"
"Nrxn2",0.381553258685048,0.00307724925941143,-0.00109134731307583,-0.0293461999351793,"EndocardialCells","midnightblue","Leukocytes"
"Nucb2",0.35966695377548,0.00312877234707548,-0.00103982422541178,-0.0354671303934192,"EndocardialCells","midnightblue","Leukocytes"
"Ocln",0.433362044214768,0.00360913129636536,-0.000559465276121901,-0.0228927888467037,"EndocardialCells","midnightblue","Leukocytes"
"Pam",0.363060579959804,0.00298791827927245,-0.00118067829321481,-0.0353704348443064,"EndocardialCells","midnightblue","Leukocytes"
"Pdgfb",0.467746195808221,0.00493535655504413,0.000766759982556869,0.0164947831259906,"EndocardialCells","midnightblue","Leukocytes"
"Pecam1",0.398004593741041,0.0032020811273492,-0.000966515445138058,-0.028984737481667,"EndocardialCells","midnightblue","Leukocytes"
"Pf4",0.419621016365203,0.009592028928996,0.00542343235650874,0.0138119177666265,"EndocardialCells","midnightblue","Leukocytes"
"Pi16",0.37274763135228,0.00304791727496705,-0.00112067929752021,-0.0345935695283226,"EndocardialCells","midnightblue","Leukocytes"
"Plat",0.372629916738451,0.00300933001540761,-0.00115926655707965,-0.0253757087270924,"EndocardialCells","midnightblue","Leukocytes"
"Pltp",0.366752799310936,0.00300725798322019,-0.00116133858926708,-0.0289946947842204,"EndocardialCells","midnightblue","Leukocytes"
"Postn",0.412202124605227,0.00335906340036126,-0.000809533172125999,-0.0117571119601496,"EndocardialCells","midnightblue","Leukocytes"
"Pros1",0.405788113695086,0.003372771719785,-0.000795824852702266,-0.0272540348816729,"EndocardialCells","midnightblue","Leukocytes"
"Psap",0.410657479184614,0.00351573905910547,-0.000652857513381796,-0.0227025033270705,"EndocardialCells","midnightblue","Leukocytes"
"Psen1",0.404565030146426,0.00334301701836564,-0.000825579554121618,-0.0234992369289106,"EndocardialCells","midnightblue","Leukocytes"
"Ptdss1",0.409061154177437,0.00348552154102567,-0.000683075031461589,-0.0270758402169768,"EndocardialCells","midnightblue","Leukocytes"
"Rarres2",0.419632500717772,0.00336442970709358,-0.000804166865393679,-0.0234505743584007,"EndocardialCells","midnightblue","Leukocytes"
"Reck",0.408530002871084,0.00328610912166384,-0.000882487450823418,-0.0256686963539011,"EndocardialCells","midnightblue","Leukocytes"
"Rps19",0.408745334481775,0.00336340065297934,-0.000805195919507921,-0.0297766775246301,"EndocardialCells","midnightblue","Leukocytes"
"Rtn4",0.383307493540047,0.00316936221018522,-0.000999234362302044,-0.0283957086869323,"EndocardialCells","midnightblue","Leukocytes"
"Sdc2",0.379066896353716,0.00309512566497652,-0.00107347090751074,-0.0356212089507007,"EndocardialCells","midnightblue","Leukocytes"
"Sema3a",0.392828021820273,0.00319076831288236,-0.000977828259604906,-0.0329679298269082,"EndocardialCells","midnightblue","Leukocytes"
"Sema3f",0.387183462532293,0.00308649362549224,-0.00108210294699502,-0.0341458051381868,"EndocardialCells","midnightblue","Leukocytes"
"Sema4c",0.423537180591429,0.00345020728518819,-0.000718389287299075,-0.0271315189360797,"EndocardialCells","midnightblue","Leukocytes"
"Sema4d",0.436474303761128,0.00345502614587537,-0.000713570426611897,-0.0247738772658882,"EndocardialCells","midnightblue","Leukocytes"
"Sema6a",0.399273614699973,0.00324138606551049,-0.000927210506976777,-0.0304756278253334,"EndocardialCells","midnightblue","Leukocytes"
"Sema6b",0.396945162216484,0.00317349211219797,-0.000995104460289289,-0.0323323294599689,"EndocardialCells","midnightblue","Leukocytes"
"Sema6d",0.38960953201263,0.00328825626019676,-0.000880340312290498,-0.0317098191014424,"EndocardialCells","midnightblue","Leukocytes"
"Serpine2",0.368481194372663,0.00306330282193307,-0.00110529375055419,-0.027732358041125,"EndocardialCells","midnightblue","Leukocytes"
"Serping1",0.406422624174566,0.0032761033276168,-0.000892493244870467,-0.0308013443251194,"EndocardialCells","midnightblue","Leukocytes"
"Sirpa",0.389503301751375,0.00313862239066457,-0.00102997418182269,-0.0338679041444528,"EndocardialCells","midnightblue","Leukocytes"
"Slc6a8",0.416551823140968,0.00331374534524803,-0.000854851227239228,-0.025501254511921,"EndocardialCells","midnightblue","Leukocytes"
"Sost",0.405555555555561,0.00352580860883468,-0.000642787963652578,-0.028695457831917,"EndocardialCells","midnightblue","Leukocytes"
"Sparc",0.408245765144984,0.00374776374043087,-0.000420832832056392,0.000322610484780115,"EndocardialCells","midnightblue","Leukocytes"
"Spon1",0.382526557565309,0.0030943660074127,-0.00107423056507456,-0.0300236631672332,"EndocardialCells","midnightblue","Leukocytes"
"Tfpi",0.400189491817397,0.00330819235318788,-0.000860404219299383,-0.0221117665103285,"EndocardialCells","midnightblue","Leukocytes"
"Tgfb1",0.457134654033872,0.00400917341913859,-0.000159423153348669,-0.000114045525207032,"EndocardialCells","midnightblue","Leukocytes"
"Tgfb2",0.45214470284239,0.00437566510412665,0.000207068531639387,0.00613804065065219,"EndocardialCells","midnightblue","Leukocytes"
"Tgfbi",0.473178294573642,0.00391511950634996,-0.000253477066137307,-0.020802656247247,"EndocardialCells","midnightblue","Leukocytes"
"Tgm2",0.38874533448177,0.00317170209685275,-0.000996894475634512,-0.0220520887946294,"EndocardialCells","midnightblue","Leukocytes"
"Timp1",0.425466551823132,0.00339510326885788,-0.000773493303629384,-0.0217490237122143,"EndocardialCells","midnightblue","Leukocytes"
"Timp2",0.384306632213626,0.00307069829783455,-0.00109789827465271,-0.0323930707576131,"EndocardialCells","midnightblue","Leukocytes"
"Timp3",0.39656617858168,0.00356147838318908,-0.000607118189298178,-0.0264034277429171,"EndocardialCells","midnightblue","Leukocytes"
"Tnfsf12",0.379305196669545,0.00305615000748122,-0.00111244656500604,-0.0150262674560103,"EndocardialCells","midnightblue","Leukocytes"
"Tnxb",0.411421188630493,0.00327965824084076,-0.000888938331646505,-0.030952634109094,"EndocardialCells","midnightblue","Leukocytes"
"Traf2",0.409606660924494,0.00334073218614663,-0.000827864386340632,-0.0235344404091916,"EndocardialCells","midnightblue","Leukocytes"
"Tspan3",0.404691358024702,0.00390165945160587,-0.000266937120881394,-0.021429126957963,"EndocardialCells","midnightblue","Leukocytes"
"Tspan5",0.391883433821414,0.00319909614072226,-0.000969500431764998,-0.0319227772192044,"EndocardialCells","midnightblue","Leukocytes"
"Vcam1",0.395653172552394,0.003183740048102,-0.000984856524385264,-0.0240432993139083,"EndocardialCells","midnightblue","Leukocytes"
"Vegfb",0.430680447889742,0.00355511168390338,-0.000613484888583886,-0.0234843058743031,"EndocardialCells","midnightblue","Leukocytes"
"Vegfc",0.409876543209881,0.00357218214086742,-0.000596414431619841,0.000600918273640658,"EndocardialCells","midnightblue","Leukocytes"
"Vsig10",0.394430089003732,0.00325366485148767,-0.00091493172099959,-0.0294491922661926,"EndocardialCells","midnightblue","Leukocytes"
"Vwf",0.398300315819694,0.003221116481016,-0.000947480091471259,-0.0224682869630993,"EndocardialCells","midnightblue","Leukocytes"
"Wnt2",0.394338214183184,0.00351496437912341,-0.000653632193363852,-0.00929480166840601,"EndocardialCells","midnightblue","Leukocytes"
"Zdhhc5",0.453316106804479,0.0037234848519042,-0.000445111720583067,-0.0221153909076445,"EndocardialCells","midnightblue","Leukocytes"
"Abca1",0.578552347029622,0.0051784516244239,0.00188188765840387,0.00812253712139723,"Fibroblasts","midnightblue","Myocytes"
"Adam10",0.621099292515117,0.00611897136437663,0.00282240739835659,0.0220161217306193,"Fibroblasts","midnightblue","Myocytes"
"Adam15",0.60675388725255,0.00554190545995123,0.00224534149393119,0.0205237203581514,"Fibroblasts","midnightblue","Myocytes"
"Adam17",0.622381180707082,0.00578499486513335,0.00248843089911332,0.00788230468218249,"Fibroblasts","midnightblue","Myocytes"
"Adam9",0.624555987200679,0.00541177315413692,0.00211520918811688,0.0185228776229347,"Fibroblasts","midnightblue","Myocytes"
"Adm",0.555206814556754,0.00410215066635924,0.000805586700339207,0.00171917044821624,"Fibroblasts","midnightblue","Myocytes"
"Agrn",0.593039640679874,0.00513326845567066,0.00183670448965063,0.0134474125985571,"Fibroblasts","midnightblue","Myocytes"
"Ahsg",0.646536455530244,0.0468282884987315,0.0435317245327115,0.0606809345317671,"Fibroblasts","midnightblue","Myocytes"
"Alcam",0.598225905883964,0.00477137860597894,0.00147481463995891,0.0142508119412523,"Fibroblasts","midnightblue","Myocytes"
"Ang",0.566188486491263,0.00463547626511613,0.0013389122990961,0.0108019001967423,"Fibroblasts","midnightblue","Myocytes"
"Angpt1",0.577334063976992,0.00481152321612533,0.0015149592501053,0.00359301207197924,"Fibroblasts","midnightblue","Myocytes"
"Angpt2",0.586845478653124,0.00571798029357819,0.00242141632755816,0.0139826034322325,"Fibroblasts","midnightblue","Myocytes"
"Angptl1",0.608564187370933,0.00598405250575,0.00268748853972997,0.0229083573899698,"Fibroblasts","midnightblue","Myocytes"
"Angptl2",0.555578659986478,0.00404366054559642,0.00074709657957639,-0.0021561018898876,"Fibroblasts","midnightblue","Myocytes"
"Angptl4",0.563340933332011,0.0049087843858914,0.00161222041987137,0.0103520296119412,"Fibroblasts","midnightblue","Myocytes"
"Anxa1",0.600985390388756,0.00526882868146772,0.00197226471544769,0.0197873176532061,"Fibroblasts","midnightblue","Myocytes"
"Anxa2",0.591977924123937,0.0049371760004179,0.00164061203439787,0.0135966981263275,"Fibroblasts","midnightblue","Myocytes"
"Apoe",0.636183495934149,0.00585685070212054,0.00256028673610051,0.016491506480891,"Fibroblasts","midnightblue","Myocytes"
"App",0.596865734443647,0.00423612141286452,0.000939557446844488,-0.0068279967891225,"Fibroblasts","midnightblue","Myocytes"
"B2m",0.593614533285039,0.00592541252806421,0.00262884856204418,0.0178595525486897,"Fibroblasts","midnightblue","Myocytes"
"Bace1",0.583278698149572,0.0048390096624191,0.00154244569639907,0.0145512256189213,"Fibroblasts","midnightblue","Myocytes"
"Bace2",0.551397845253584,0.00415594082412566,0.000859376858105629,0.00863206793778154,"Fibroblasts","midnightblue","Myocytes"
"Bmp1",0.628883583024266,0.00532119178937489,0.00202462782335486,0.0224010200395809,"Fibroblasts","midnightblue","Myocytes"
"Bmp4",0.635982895110229,0.0047922474211116,0.00149568345509156,0.0015813456588639,"Fibroblasts","midnightblue","Myocytes"
"C1qa",0.579508870470556,0.00540466024877471,0.00210809628275468,0.0123126062457891,"Fibroblasts","midnightblue","Myocytes"
"C1qb",0.613540066345028,0.00578008420589384,0.00248352023987381,0.0222937332233538,"Fibroblasts","midnightblue","Myocytes"
"C3",0.611108392942746,0.00536152666433319,0.00206496269831316,0.0176874359683393,"Fibroblasts","midnightblue","Myocytes"
"C4b",0.606484788586295,0.00565289043374028,0.00235632646772025,0.0204752966087353,"Fibroblasts","midnightblue","Myocytes"
"Calm1",0.601266720812574,0.00540538308762737,0.00210881912160733,0.0150591351280096,"Fibroblasts","midnightblue","Myocytes"
"Calm2",0.614792598318851,0.0054404529235416,0.00214388895752157,0.012603356636489,"Fibroblasts","midnightblue","Myocytes"
"Calm3",0.600231914123278,0.00515630813667506,0.00185974417065503,0.0154808764703503,"Fibroblasts","midnightblue","Myocytes"
"Calr",0.585634534655019,0.00429677583317614,0.00100021186715611,-0.00387684572833127,"Fibroblasts","midnightblue","Myocytes"
"Ccl19",0.614017104889752,0.00553803749195137,0.00224147352593134,0.0105150043647996,"Fibroblasts","midnightblue","Myocytes"
"Cd320",0.569126554656384,0.00482391497051736,0.00152735100449733,0.0121623016409978,"Fibroblasts","midnightblue","Myocytes"
"Cd47",0.608133629504959,0.00568208494156058,0.00238552097554054,0.0187664696912421,"Fibroblasts","midnightblue","Myocytes"
"Cd55",0.594013288581377,0.00536820244771948,0.00207163848169944,0.0180424742302408,"Fibroblasts","midnightblue","Myocytes"
"Cd9",0.590483203350505,0.00519347648470553,0.0018969125186855,0.00734628312349348,"Fibroblasts","midnightblue","Myocytes"
"Clec11a",0.563145225211143,0.00488744772114946,0.00159088375512943,0.014951842708207,"Fibroblasts","midnightblue","Myocytes"
"Col14a1",0.604082471402114,0.00537583259096162,0.00207926862494159,0.0210947941142893,"Fibroblasts","midnightblue","Myocytes"
"Col15a1",0.607693286232914,0.00507181278993707,0.00177524882391704,0.0163081507995505,"Fibroblasts","midnightblue","Myocytes"
"Col16a1",0.613011654418567,0.00520301197428678,0.00190644800826675,0.0150381390376891,"Fibroblasts","midnightblue","Myocytes"
"Col18a1",0.634250878240162,0.00532901697469555,0.00203245300867552,0.0187159251128969,"Fibroblasts","midnightblue","Myocytes"
"Col1a1",0.646404352548612,0.00546000704307042,0.00216344307705039,0.0188776697228559,"Fibroblasts","midnightblue","Myocytes"
"Col1a2",0.660872075386759,0.00556983369550485,0.00227326972948482,0.0242184732816575,"Fibroblasts","midnightblue","Myocytes"
"Col27a1",0.605312986212349,0.00566722828827537,0.00237066432225534,0.0218522971558434,"Fibroblasts","midnightblue","Myocytes"
"Col3a1",0.627562553208138,0.00539666050489767,0.00210009653887763,0.021285653069374,"Fibroblasts","midnightblue","Myocytes"
"Col4a1",0.601200669321765,0.00515499545451836,0.00185843148849833,0.015289235342917,"Fibroblasts","midnightblue","Myocytes"
"Col4a2",0.614714315070491,0.00556896971398103,0.00227240574796099,0.0199051939740891,"Fibroblasts","midnightblue","Myocytes"
"Col4a3",0.574153807012211,0.00537859504715558,0.00208203108113555,0.0185974716675841,"Fibroblasts","midnightblue","Myocytes"
"Col4a4",0.596997837425253,0.00527595285735754,0.00197938889133751,0.0161084755863285,"Fibroblasts","midnightblue","Myocytes"
"Col4a5",0.601616549078692,0.00585099011920419,0.00255442615318416,0.0222031531255185,"Fibroblasts","midnightblue","Myocytes"
"Col4a6",0.637357744659604,0.00610442915462542,0.00280786518860539,0.0246843424058223,"Fibroblasts","midnightblue","Myocytes"
"Col5a1",0.622655172076355,0.00511955277444042,0.00182298880842039,0.0127607980110598,"Fibroblasts","midnightblue","Myocytes"
"Col5a2",0.612918693061164,0.00525977828763717,0.00196321432161713,0.0143594700056775,"Fibroblasts","midnightblue","Myocytes"
"Col5a3",0.634348732300647,0.00552739443154248,0.00223083046552245,0.0221857605473153,"Fibroblasts","midnightblue","Myocytes"
"Col6a1",0.614117405301731,0.00516867173412425,0.00187210776810422,0.0144606351365494,"Fibroblasts","midnightblue","Myocytes"
"Col6a2",0.616260409225647,0.00549690609118452,0.00220034212516449,0.0216604525244325,"Fibroblasts","midnightblue","Myocytes"
"Col6a3",0.610668049670698,0.00597220078165698,0.00267563681563695,0.0222200969465538,"Fibroblasts","midnightblue","Myocytes"
"Col6a6",0.602546162653005,0.00536995450064996,0.00207339053462993,0.0195185749810277,"Fibroblasts","midnightblue","Myocytes"
"Col8a1",0.575120115859179,0.00532929304534656,0.00203272907932652,0.0146090502483073,"Fibroblasts","midnightblue","Myocytes"
"Copa",0.594160069672102,0.00503582806135517,0.00173926409533514,0.011557582619576,"Fibroblasts","midnightblue","Myocytes"
"Cp",0.621975086356211,0.00520496458984805,0.00190840062382802,0.0169379093502893,"Fibroblasts","midnightblue","Myocytes"
"Crlf1",0.590970027301296,0.00489610677616769,0.00159954281014766,0.0174814541178073,"Fibroblasts","midnightblue","Myocytes"
"Csf1",0.597125047703853,0.00531468511660685,0.00201812115058682,0.00884210218205033,"Fibroblasts","midnightblue","Myocytes"
"Ctsd",0.593284275831005,0.00551362861152957,0.00221706464550954,0.0192161876218771,"Fibroblasts","midnightblue","Myocytes"
"Cx3cl1",0.591968138717894,0.00446974633539934,0.0011731823693793,-0.00317972319057773,"Fibroblasts","midnightblue","Myocytes"
"Cxcl12",0.605846290841849,0.00529948907292479,0.00200292510690476,0.0142652570474405,"Fibroblasts","midnightblue","Myocytes"
"Dcn",0.655891303709608,0.00611580840419762,0.00281924443817759,0.0215079672750169,"Fibroblasts","midnightblue","Myocytes"
"Dkk3",0.638292250936955,0.00561248238343583,0.00231591841741579,0.0247026201011332,"Fibroblasts","midnightblue","Myocytes"
"Efemp2",0.591610971397255,0.00488264872045666,0.00158608475443663,0.0156360903428448,"Fibroblasts","midnightblue","Myocytes"
"Efna1",0.598169639799207,0.00513561606837328,0.00183905210235325,0.0184434596738146,"Fibroblasts","midnightblue","Myocytes"
"Efna5",0.633764054289429,0.00548840987962038,0.00219184591360035,0.0193478291650896,"Fibroblasts","midnightblue","Myocytes"
"Efnb1",0.581881831436569,0.00549006821074643,0.0021935042447264,0.0194577401268639,"Fibroblasts","midnightblue","Myocytes"
"Eng",0.651845038309827,0.00550161780038043,0.0022050538343604,0.0228194489426667,"Fibroblasts","midnightblue","Myocytes"
"Enpp1",0.617701310265867,0.00584991661347839,0.00255335264745836,0.0234066816583107,"Fibroblasts","midnightblue","Myocytes"
"Ezr",0.607482900002935,0.00529280560430507,0.00199624163828504,0.0162076239455837,"Fibroblasts","midnightblue","Myocytes"
"Fam3c",0.624122982983146,0.0060335636244183,0.00273699965839826,0.0211542394496999,"Fibroblasts","midnightblue","Myocytes"
"Fap",0.629774054974402,0.00624173988610535,0.00294517592008532,0.0239883651579431,"Fibroblasts","midnightblue","Myocytes"
"Fbln1",0.668142632078507,0.00543098463028617,0.00213442066426613,0.0225149606539522,"Fibroblasts","midnightblue","Myocytes"
"Fbn1",0.607018093215787,0.00515611142717896,0.00185954746115893,0.0149976092546933,"Fibroblasts","midnightblue","Myocytes"
"Fgf18",0.577891832121572,0.00472294557735089,0.00142638161133085,0.00540771433789443,"Fibroblasts","midnightblue","Myocytes"
"Fgf7",0.600033759650856,0.00474201716860619,0.00144545320258616,-0.00588084498241214,"Fibroblasts","midnightblue","Myocytes"
"Fgfrl1",0.604371140880469,0.00517683691696647,0.00188027295094644,0.0176426524282523,"Fibroblasts","midnightblue","Myocytes"
"Flrt2",0.593502001115523,0.00488474504973374,0.00158818108371371,0.0168092798071527,"Fibroblasts","midnightblue","Myocytes"
"Fn1",0.612033113814035,0.00529642387549112,0.00199985990947108,0.0155702097652653,"Fibroblasts","midnightblue","Myocytes"
"Fst",0.654619200923723,0.00592686557866202,0.00263030161264199,0.0241757601724526,"Fibroblasts","midnightblue","Myocytes"
"Furin",0.626950965330314,0.00894574206662632,0.00564917810060629,0.0387009909246851,"Fibroblasts","midnightblue","Myocytes"
"Glg1",0.586062646169493,0.00469370014037738,0.00139713617435735,0.0157207909425073,"Fibroblasts","midnightblue","Myocytes"
"Gnas",0.603725304081486,0.00547134487463309,0.00217478090861305,0.0137921754552552,"Fibroblasts","midnightblue","Myocytes"
"Gpc3",0.621896803107841,0.00618291017323584,0.00288634620721581,0.0248342222233972,"Fibroblasts","midnightblue","Myocytes"
"Gpc6",0.602981613222044,0.00627852363524342,0.00298195966922339,0.0240068281231349,"Fibroblasts","midnightblue","Myocytes"
"Gpi1",0.60613740667169,0.00566647881200329,0.00236991484598326,0.0135535783122005,"Fibroblasts","midnightblue","Myocytes"
"Grn",0.645846584404007,0.0056840080912859,0.00238744412526587,0.0144727942282641,"Fibroblasts","midnightblue","Myocytes"
"Gstp1",0.617667061344717,0.00586599173071074,0.00256942776469071,0.0230771230380532,"Fibroblasts","midnightblue","Myocytes"
"Gstp2",0.617667061344717,0.00586599173071074,0.00256942776469071,0.0230771230380532,"Fibroblasts","midnightblue","Myocytes"
"H2-D1",0.598152515338609,0.00599803134959787,0.00270146738357784,0.0234522853274318,"Fibroblasts","midnightblue","Myocytes"
"H2-K1",0.59807912479327,0.00602516044736289,0.00272859648134286,0.0234300135461393,"Fibroblasts","midnightblue","Myocytes"
"H2-Q4",0.598157408041632,0.00600064379745367,0.00270407983143364,0.0234535638088944,"Fibroblasts","midnightblue","Myocytes"
"Has1",0.597041871752452,0.00494262668213865,0.00164606271611861,0.0177047181078743,"Fibroblasts","midnightblue","Myocytes"
"Hsp90b1",0.59973285841497,0.00594487337928728,0.00264830941326725,0.0220149510509744,"Fibroblasts","midnightblue","Myocytes"
"Hspg2",0.60228195668976,0.00540716170623172,0.00211059774021169,0.0207951451800572,"Fibroblasts","midnightblue","Myocytes"
"Icam1",0.627435342929545,0.00543563982579078,0.00213907585977075,0.0195462880196172,"Fibroblasts","midnightblue","Myocytes"
"Igf1",0.62237139530106,0.00669908105600883,0.0034025170899888,0.0211022580661429,"Fibroblasts","midnightblue","Myocytes"
"Igfbp4",0.587320070846323,0.00535747711333794,0.00206091314731791,0.0194547889264382,"Fibroblasts","midnightblue","Myocytes"
"Igsf3",0.644178172673256,0.0068815331005119,0.00358496913449187,0.0305388432915039,"Fibroblasts","midnightblue","Myocytes"
"Il15",0.569288013856149,0.00424257079955353,0.000946006833533501,0.00956061213716773,"Fibroblasts","midnightblue","Myocytes"
"Il16",0.596525691583569,0.00541958955268923,0.0021230255866692,0.0177998206590116,"Fibroblasts","midnightblue","Myocytes"
"Il33",0.607407063106071,0.00508557404942478,0.00178901008340475,0.0129292025968158,"Fibroblasts","midnightblue","Myocytes"
"Inhba",0.631041265057305,0.00489778522933841,0.00160122126331837,0.00456971674992405,"Fibroblasts","midnightblue","Myocytes"
"Inhbb",0.638287358233937,0.00559398877802358,0.00229742481200355,0.0245329498702315,"Fibroblasts","midnightblue","Myocytes"
"Jag1",0.653836368440091,0.012180642726184,0.00888407876016397,0.0353762767640552,"Fibroblasts","midnightblue","Myocytes"
"Jam2",0.623438004560001,0.00781070131213834,0.0045141373461183,0.028962026291195,"Fibroblasts","midnightblue","Myocytes"
"Jam3",0.618178348810562,0.00594523693459212,0.00264867296857209,0.0236462452239777,"Fibroblasts","midnightblue","Myocytes"
"Lama2",0.589101014746583,0.00466978996524355,0.00137322599922351,0.0110409365645156,"Fibroblasts","midnightblue","Myocytes"
"Lama4",0.570513635963334,0.00444448955164264,0.0011479255856226,0.0128354939223004,"Fibroblasts","midnightblue","Myocytes"
"Lamb1",0.596978266613144,0.00519624022388354,0.00189967625786351,0.017836958590826,"Fibroblasts","midnightblue","Myocytes"
"Lamb2",0.598578180501571,0.00568010376727039,0.00238353980125036,0.0208260512292605,"Fibroblasts","midnightblue","Myocytes"
"Lamc1",0.601034317418969,0.00516336804629146,0.00186680408027143,0.0166021199902258,"Fibroblasts","midnightblue","Myocytes"
"Lefty1",0.635092423160091,0.00548208645908658,0.00218552249306655,0.0227542487890864,"Fibroblasts","midnightblue","Myocytes"
"Lgals1",0.598808137543649,0.00516752944321723,0.0018709654771972,0.0104288582413211,"Fibroblasts","midnightblue","Myocytes"
"Lgals3",0.615223156184857,0.005831065881679,0.00253450191565897,0.016289289082356,"Fibroblasts","midnightblue","Myocytes"
"Lgals3bp",0.621764700126229,0.00549220854140456,0.00219564457538452,0.0205887197230032,"Fibroblasts","midnightblue","Myocytes"
"Lin7c",0.584511659311293,0.00552055545323046,0.00222399148721043,0.0192022025143267,"Fibroblasts","midnightblue","Myocytes"
"Lpl",0.596709167946925,0.00555478950913918,0.00225822554311915,0.0184974942469577,"Fibroblasts","midnightblue","Myocytes"
"Lrig1",0.637162036538704,0.00514376227113285,0.00184719830511281,0.0205627705597361,"Fibroblasts","midnightblue","Myocytes"
"Lrpap1",0.597932343702589,0.00525216781194067,0.00195560384592063,0.0192405813056393,"Fibroblasts","midnightblue","Myocytes"
"Lrrn2",0.634299805270394,0.005326315273928,0.00202975130790797,0.0233222085246862,"Fibroblasts","midnightblue","Myocytes"
"Lsamp",0.581018269353095,0.00453140498758517,0.00123484102156513,0.0148516987919387,"Fibroblasts","midnightblue","Myocytes"
"Ltbp1",0.655901089115689,0.00789887757614651,0.00460231361012648,0.0309602757840971,"Fibroblasts","midnightblue","Myocytes"
"Ltbp3",0.553770806219616,0.00458013604291471,0.00128357207689468,0.0125427910066975,"Fibroblasts","midnightblue","Myocytes"
"Lum",0.598367794271602,0.00520255804423702,0.00190599407821699,0.0187157712229478,"Fibroblasts","midnightblue","Myocytes"
"Mdk",0.625326587926737,0.00668469211632281,0.00338812815030278,0.0214549156530282,"Fibroblasts","midnightblue","Myocytes"
"Mfap2",0.622689420997516,0.00565639636469864,0.00235983239867861,0.0187097406828869,"Fibroblasts","midnightblue","Myocytes"
"Mfap5",0.610041783683789,0.00606349856668324,0.00276693460066321,0.0213394998059034,"Fibroblasts","midnightblue","Myocytes"
"Mfge8",0.546211580049497,0.00517814518319911,0.00188158121717908,0.0130732906852051,"Fibroblasts","midnightblue","Myocytes"
"Mif",0.575200845459071,0.00415079054344136,0.000854226577421327,0.00116543882109244,"Fibroblasts","midnightblue","Myocytes"
"Mmp14",0.629025471411913,0.00608270872965437,0.00278614476363434,0.021799866619674,"Fibroblasts","midnightblue","Myocytes"
"Mmp16",0.642167271730931,0.00634566155239822,0.00304909758637819,0.0259993153476635,"Fibroblasts","midnightblue","Myocytes"
"Mmp2",0.627993111074131,0.00595355759329684,0.00265699362727681,0.0247831287202664,"Fibroblasts","midnightblue","Myocytes"
"Mpdz",0.588049083596728,0.00580915752629773,0.00251259356027769,0.0196062997637208,"Fibroblasts","midnightblue","Myocytes"
"Msn",0.636636070963747,0.00607357695507471,0.00277701298905467,0.0256412341068023,"Fibroblasts","midnightblue","Myocytes"
"Mxra8",0.618334915307321,0.00750300141230293,0.0042064374462829,0.0306782610042132,"Fibroblasts","midnightblue","Myocytes"
"Myoc",0.622400751519176,0.00497371461987794,0.00167715065385791,-0.00380145367763097,"Fibroblasts","midnightblue","Myocytes"
"Nampt",0.627371737790244,0.00606390321655232,0.00276733925053229,0.0215421743664929,"Fibroblasts","midnightblue","Myocytes"
"Ncam1",0.645709588719401,0.00578412354080887,0.00248755957478884,0.024909443528885,"Fibroblasts","midnightblue","Myocytes"
"Negr1",0.6218234125625,0.00544485508020427,0.00214829111418424,0.0221121173901424,"Fibroblasts","midnightblue","Myocytes"
"Neo1",0.611372598905978,0.0050253937149989,0.00172882974897887,0.0190364013971153,"Fibroblasts","midnightblue","Myocytes"
"Ngf",0.621901695810826,0.00456583123825988,0.00126926727223985,0.000733086176230808,"Fibroblasts","midnightblue","Myocytes"
"Nid1",0.613899680017223,0.00614618544639186,0.00284962148037183,0.0240664557516792,"Fibroblasts","midnightblue","Myocytes"
"Nlgn2",0.647463622753033,0.00579709139211691,0.00250052742609688,0.0251991716887982,"Fibroblasts","midnightblue","Myocytes"
"Nppa",0.609024101455078,0.00537564872232041,0.00207908475630038,0.0142920990543966,"Fibroblasts","midnightblue","Myocytes"
"Nrp1",0.612488135195185,0.00559426576942409,0.00229770180340406,0.0201469680053758,"Fibroblasts","midnightblue","Myocytes"
"Nrxn2",0.663837053418523,0.00572505479497002,0.00242849082894999,0.0190750982387752,"Fibroblasts","midnightblue","Myocytes"
"Ntn1",0.611362813499941,0.00518658987515692,0.00189002590913689,0.0183364971130848,"Fibroblasts","midnightblue","Myocytes"
"Nucb2",0.589066765825433,0.00537768093599704,0.00208111696997701,0.0189346021094167,"Fibroblasts","midnightblue","Myocytes"
"Pam",0.58508655191647,0.00534124588422332,0.00204468191820328,0.018199304387982,"Fibroblasts","midnightblue","Myocytes"
"Pdgfa",0.587031401368005,0.00418649840147025,0.000889934435450214,-0.0010599835729714,"Fibroblasts","midnightblue","Myocytes"
"Pecam1",0.632041822825427,0.00536048459269285,0.00206392062667282,0.019930823352388,"Fibroblasts","midnightblue","Myocytes"
"Penk",0.585937882242413,0.00483170674194779,0.00153514277592776,0.0112916494397199,"Fibroblasts","midnightblue","Myocytes"
"Pf4",0.648562034581627,0.00592594023187028,0.00262937626585024,0.0167773596308207,"Fibroblasts","midnightblue","Myocytes"
"Pgf",0.594399812120182,0.0055851298047774,0.00228856583875736,0.0148263405736613,"Fibroblasts","midnightblue","Myocytes"
"Pi16",0.637198731811358,0.00639603641497876,0.00309947244895873,0.0282998224793788,"Fibroblasts","midnightblue","Myocytes"
"Plat",0.599030755531205,0.00542291104919516,0.00212634708317513,0.0146883339275797,"Fibroblasts","midnightblue","Myocytes"
"Pltp",0.623384184826747,0.0057176702929373,0.00242110632691727,0.015951482107155,"Fibroblasts","midnightblue","Myocytes"
"Plxna1",0.630605814488269,0.00591272260936635,0.00261615864334632,0.0231191504829889,"Fibroblasts","midnightblue","Myocytes"
"Postn",0.595896979245141,0.00494639768241627,0.00164983371639624,0.000377630657072145,"Fibroblasts","midnightblue","Myocytes"
"Prg4",0.572377755814966,0.00559768523591021,0.00230112126989018,0.0184008605887086,"Fibroblasts","midnightblue","Myocytes"
"Prnp",0.614178564089538,0.00423072280667389,0.000934158840653854,-0.00240798334255912,"Fibroblasts","midnightblue","Myocytes"
"Psap",0.637758946307476,0.00571804094859053,0.0024214769825705,0.0226000063557531,"Fibroblasts","midnightblue","Myocytes"
"Psen1",0.623993326353075,0.00556870788257165,0.00227214391655161,0.0146003177717701,"Fibroblasts","midnightblue","Myocytes"
"Ptdss1",0.581439041813067,0.00526820544518289,0.00197164147916286,0.0182193830265705,"Fibroblasts","midnightblue","Myocytes"
"Ptgfrn",0.604111827620288,0.00513115230741515,0.00183458834139512,0.017967315596483,"Fibroblasts","midnightblue","Myocytes"
"Ptprm",0.606641355083006,0.00508117390173639,0.00178460993571635,0.0194731167904681,"Fibroblasts","midnightblue","Myocytes"
"Rarres2",0.598186764259803,0.00498769742756127,0.00169113346154124,0.0180119727185121,"Fibroblasts","midnightblue","Myocytes"
"Ret",0.561704324170912,0.00371856663857852,0.000422002672558483,0.00312136040273409,"Fibroblasts","midnightblue","Myocytes"
"Rgma",0.644642979460415,0.00562378849038624,0.00232722452436621,0.0233753853959625,"Fibroblasts","midnightblue","Myocytes"
"Robo1",0.610413629113529,0.00547957326826941,0.00218300930224937,0.0212068430191419,"Fibroblasts","midnightblue","Myocytes"
"Rspo1",0.601790240035997,0.00476708461462423,0.0014705206486042,0.017396626517456,"Fibroblasts","midnightblue","Myocytes"
"Rtn4",0.590815907156069,0.00536683208586572,0.00207026811984568,0.0164971350092772,"Fibroblasts","midnightblue","Myocytes"
"S100a4",0.622880236415408,0.00531264484193611,0.00201608087591608,0.0194467746462715,"Fibroblasts","midnightblue","Myocytes"
"S100a8",0.598739639701357,0.00540200579550348,0.00210544182948344,0.0202767541642607,"Fibroblasts","midnightblue","Myocytes"
"S100a9",0.602321098313978,0.0055965659888541,0.00230000202283406,0.0192192262193862,"Fibroblasts","midnightblue","Myocytes"
"Sdc2",0.615291654027187,0.00591966188728735,0.00262309792126732,0.0234323197795084,"Fibroblasts","midnightblue","Myocytes"
"Sema3b",0.625757145792732,0.00578029493596327,0.00248373096994324,0.0179810975782791,"Fibroblasts","midnightblue","Myocytes"
"Sema3c",0.60142573366079,0.00560707850220108,0.00231051453618104,0.0212180387623354,"Fibroblasts","midnightblue","Myocytes"
"Sema3d",0.607522041627106,0.0056404232808275,0.00234385931480746,0.0217790746316376,"Fibroblasts","midnightblue","Myocytes"
"Sema4c",0.598203888720367,0.00574056867002531,0.00244400470400528,0.020882452107615,"Fibroblasts","midnightblue","Myocytes"
"Sema5a",0.607333672560736,0.00547917843097833,0.0021826144649583,0.0193512033366635,"Fibroblasts","midnightblue","Myocytes"
"Sema6d",0.608505474934662,0.00510357494864356,0.00180701098262353,0.0198305633772937,"Fibroblasts","midnightblue","Myocytes"
"Serpine1",0.602272171283754,0.00579458587554201,0.00249802190952198,0.0181767391605769,"Fibroblasts","midnightblue","Myocytes"
"Serpine2",0.60341706379104,0.00592738732826295,0.00263082336224292,0.0187405618035472,"Fibroblasts","midnightblue","Myocytes"
"Serpinf1",0.577740158327881,0.0053327830378937,0.00203621907187366,0.0164850660896322,"Fibroblasts","midnightblue","Myocytes"
"Serping1",0.609498693648296,0.00602420801246101,0.00272764404644098,0.0242242829906467,"Fibroblasts","midnightblue","Myocytes"
"Sfrp1",0.612241053692524,0.00495109361212682,0.00165452964610679,0.0173362059187218,"Fibroblasts","midnightblue","Myocytes"
"Shisa4",0.61123315686985,0.00572322539704937,0.00242666143102934,0.022201517542409,"Fibroblasts","midnightblue","Myocytes"
"Sirpa",0.622571996124976,0.00596186436828963,0.0026653004022696,0.0254142113988628,"Fibroblasts","midnightblue","Myocytes"
"Slc6a8",0.612676504261543,0.00539689575899846,0.00210033179297843,0.0192592586220088,"Fibroblasts","midnightblue","Myocytes"
"Slit2",0.58333496423435,0.00551323873559924,0.00221667476957921,0.017017200017841,"Fibroblasts","midnightblue","Myocytes"
"Sparc",0.613576761617721,0.00458699571572447,0.00129043174970444,-0.00422988543333858,"Fibroblasts","midnightblue","Myocytes"
"Spon1",0.592237237384177,0.00496037104818952,0.00166380708216949,0.0142507547940224,"Fibroblasts","midnightblue","Myocytes"
"Spon2",0.608466333310501,0.00469479073410854,0.0013982267680885,0.0179469828620017,"Fibroblasts","midnightblue","Myocytes"
"Tfpi",0.573488399401113,0.00584677456040262,0.00255021059438258,0.0135336637588603,"Fibroblasts","midnightblue","Myocytes"
"Tgfb1",0.653107355689721,0.00582840087717601,0.00253183691115597,0.01992730910501,"Fibroblasts","midnightblue","Myocytes"
"Tgfb2",0.655597741528292,0.00523594154954874,0.00193937758352871,0.000334372248920581,"Fibroblasts","midnightblue","Myocytes"
"Tgfb3",0.640117229164412,0.00512472350635873,0.00182815954033869,0.0122491039677096,"Fibroblasts","midnightblue","Myocytes"
"Tgfbi",0.621720665799033,0.00551127838624646,0.00221471442022643,0.0216671002954303,"Fibroblasts","midnightblue","Myocytes"
"Tgm2",0.592051314669313,0.00440848561924458,0.00111192165322455,-0.000932696039042094,"Fibroblasts","midnightblue","Myocytes"
"Thbs1",0.651884179934008,0.00637477788736862,0.00307821392134859,0.0236306660668075,"Fibroblasts","midnightblue","Myocytes"
"Thbs2",0.640048731322067,0.00576518857577396,0.00246862460975393,0.0204149619033355,"Fibroblasts","midnightblue","Myocytes"
"Timp1",0.57961895628857,0.00593116149742778,0.00263459753140775,0.013577528445134,"Fibroblasts","midnightblue","Myocytes"
"Timp2",0.648875167575077,0.00612954601346377,0.00283298204744374,0.0242478044517873,"Fibroblasts","midnightblue","Myocytes"
"Timp3",0.582598612429424,0.00593847922983908,0.00264191526381905,0.02123890329175,"Fibroblasts","midnightblue","Myocytes"
"Tnfsf12",0.602575518871175,0.0059631546936425,0.00266659072762247,0.0273895966771933,"Fibroblasts","midnightblue","Myocytes"
"Tnxb",0.617967962580584,0.00518481869597214,0.00188825472995211,0.0177315005561009,"Fibroblasts","midnightblue","Myocytes"
"Trf",0.606665818598128,0.00538764916264204,0.00209108519662201,0.0162133703534765,"Fibroblasts","midnightblue","Myocytes"
"Tslp",0.60341706379107,0.00628482040456618,0.00298825643854615,0.0239835911514704,"Fibroblasts","midnightblue","Myocytes"
"Tspan3",0.612571311146523,0.00609175868226709,0.00279519471624705,0.0244903395362517,"Fibroblasts","midnightblue","Myocytes"
"Tspan5",0.554920591429937,0.0045757584585462,0.00127919449252616,0.0126305070898603,"Fibroblasts","midnightblue","Myocytes"
"Vcam1",0.6032091239126,0.00536069442812702,0.00206413046210699,0.016366180227978,"Fibroblasts","midnightblue","Myocytes"
"Vcan",0.623102854402928,0.00545001139481452,0.00215344742879449,0.0215281500093766,"Fibroblasts","midnightblue","Myocytes"
"Vegfa",0.596699382540875,0.00486448023558659,0.00156791626956655,0.0105081851911225,"Fibroblasts","midnightblue","Myocytes"
"Vegfb",0.563443680095495,0.00486537283433419,0.00156880886831416,0.0142459543255787,"Fibroblasts","midnightblue","Myocytes"
"Vegfc",0.539983169101592,0.00367205022558433,0.000375486259564301,-0.0121025802574518,"Fibroblasts","midnightblue","Myocytes"
"Vsig10",0.6071306253853,0.00558281831528843,0.0022862543492684,0.0230546713022447,"Fibroblasts","midnightblue","Myocytes"
"Wnt11",0.635518088323072,0.00574770630247499,0.00245114233645496,0.0173316249887085,"Fibroblasts","midnightblue","Myocytes"
"Wnt5a",0.616206589492435,0.00490908052440995,0.00161251655838992,0.00429121799116175,"Fibroblasts","midnightblue","Myocytes"
"Wnt9a",0.611839852044663,0.00518460555076876,0.00188804158474873,0.0163859331412656,"Fibroblasts","midnightblue","Myocytes"
"Zdhhc5",0.595275605961264,0.00523024985054966,0.00193368588452962,0.0182491366640909,"Fibroblasts","midnightblue","Myocytes"
"Znrf3",0.586385564569004,0.00443212725284223,0.0011355632868222,0.0137752152485333,"Fibroblasts","midnightblue","Myocytes"
"Abca1",0.578552347029622,0.0051784516244239,0.00188188765840387,0.00812253712139723,"EndothelialCells","midnightblue","Myocytes"
"Adam10",0.621099292515117,0.00611897136437663,0.00282240739835659,0.0220161217306193,"EndothelialCells","midnightblue","Myocytes"
"Adam15",0.60675388725255,0.00554190545995123,0.00224534149393119,0.0205237203581514,"EndothelialCells","midnightblue","Myocytes"
"Adam17",0.622381180707082,0.00578499486513335,0.00248843089911332,0.00788230468218249,"EndothelialCells","midnightblue","Myocytes"
"Adam9",0.624555987200679,0.00541177315413692,0.00211520918811688,0.0185228776229347,"EndothelialCells","midnightblue","Myocytes"
"Adm",0.555206814556754,0.00410215066635924,0.000805586700339207,0.00171917044821624,"EndothelialCells","midnightblue","Myocytes"
"Agrn",0.593039640679874,0.00513326845567066,0.00183670448965063,0.0134474125985571,"EndothelialCells","midnightblue","Myocytes"
"Angpt2",0.586845478653124,0.00571798029357819,0.00242141632755816,0.0139826034322325,"EndothelialCells","midnightblue","Myocytes"
"Angptl4",0.563340933332011,0.0049087843858914,0.00161222041987137,0.0103520296119412,"EndothelialCells","midnightblue","Myocytes"
"Anxa1",0.600985390388756,0.00526882868146772,0.00197226471544769,0.0197873176532061,"EndothelialCells","midnightblue","Myocytes"
"Anxa2",0.591977924123937,0.0049371760004179,0.00164061203439787,0.0135966981263275,"EndothelialCells","midnightblue","Myocytes"
"Apoe",0.636183495934149,0.00585685070212054,0.00256028673610051,0.016491506480891,"EndothelialCells","midnightblue","Myocytes"
"App",0.596865734443647,0.00423612141286452,0.000939557446844488,-0.0068279967891225,"EndothelialCells","midnightblue","Myocytes"
"B2m",0.593614533285039,0.00592541252806421,0.00262884856204418,0.0178595525486897,"EndothelialCells","midnightblue","Myocytes"
"Bace2",0.551397845253584,0.00415594082412566,0.000859376858105629,0.00863206793778154,"EndothelialCells","midnightblue","Myocytes"
"Bmp1",0.628883583024266,0.00532119178937489,0.00202462782335486,0.0224010200395809,"EndothelialCells","midnightblue","Myocytes"
"Bmp4",0.635982895110229,0.0047922474211116,0.00149568345509156,0.0015813456588639,"EndothelialCells","midnightblue","Myocytes"
"C1qa",0.579508870470556,0.00540466024877471,0.00210809628275468,0.0123126062457891,"EndothelialCells","midnightblue","Myocytes"
"C1qb",0.613540066345028,0.00578008420589384,0.00248352023987381,0.0222937332233538,"EndothelialCells","midnightblue","Myocytes"
"Calm1",0.601266720812574,0.00540538308762737,0.00210881912160733,0.0150591351280096,"EndothelialCells","midnightblue","Myocytes"
"Calm2",0.614792598318851,0.0054404529235416,0.00214388895752157,0.012603356636489,"EndothelialCells","midnightblue","Myocytes"
"Calm3",0.600231914123278,0.00515630813667506,0.00185974417065503,0.0154808764703503,"EndothelialCells","midnightblue","Myocytes"
"Calr",0.585634534655019,0.00429677583317614,0.00100021186715611,-0.00387684572833127,"EndothelialCells","midnightblue","Myocytes"
"Cd320",0.569126554656384,0.00482391497051736,0.00152735100449733,0.0121623016409978,"EndothelialCells","midnightblue","Myocytes"
"Cd38",0.616725216012832,0.0057759500029561,0.00247938603693607,0.0200101615555015,"EndothelialCells","midnightblue","Myocytes"
"Cd47",0.608133629504959,0.00568208494156058,0.00238552097554054,0.0187664696912421,"EndothelialCells","midnightblue","Myocytes"
"Cd9",0.590483203350505,0.00519347648470553,0.0018969125186855,0.00734628312349348,"EndothelialCells","midnightblue","Myocytes"
"Cdh5",0.60134255770944,0.00493061140869041,0.00163404744267038,0.0152754295516787,"EndothelialCells","midnightblue","Myocytes"
"Col15a1",0.607693286232914,0.00507181278993707,0.00177524882391704,0.0163081507995505,"EndothelialCells","midnightblue","Myocytes"
"Col3a1",0.627562553208138,0.00539666050489767,0.00210009653887763,0.021285653069374,"EndothelialCells","midnightblue","Myocytes"
"Col4a1",0.601200669321765,0.00515499545451836,0.00185843148849833,0.015289235342917,"EndothelialCells","midnightblue","Myocytes"
"Col4a2",0.614714315070491,0.00556896971398103,0.00227240574796099,0.0199051939740891,"EndothelialCells","midnightblue","Myocytes"
"Copa",0.594160069672102,0.00503582806135517,0.00173926409533514,0.011557582619576,"EndothelialCells","midnightblue","Myocytes"
"Csf1",0.597125047703853,0.00531468511660685,0.00201812115058682,0.00884210218205033,"EndothelialCells","midnightblue","Myocytes"
"Ctsd",0.593284275831005,0.00551362861152957,0.00221706464550954,0.0192161876218771,"EndothelialCells","midnightblue","Myocytes"
"Cx3cl1",0.591968138717894,0.00446974633539934,0.0011731823693793,-0.00317972319057773,"EndothelialCells","midnightblue","Myocytes"
"Cxcl12",0.605846290841849,0.00529948907292479,0.00200292510690476,0.0142652570474405,"EndothelialCells","midnightblue","Myocytes"
"Dcn",0.655891303709608,0.00611580840419762,0.00281924443817759,0.0215079672750169,"EndothelialCells","midnightblue","Myocytes"
"Dll4",0.613153542806256,0.00603449104696727,0.00273792708094724,0.0212560730920006,"EndothelialCells","midnightblue","Myocytes"
"Edn1",0.662097697493967,0.00731596918207297,0.00401940521605293,0.0397247019750132,"EndothelialCells","midnightblue","Myocytes"
"Efemp2",0.591610971397255,0.00488264872045666,0.00158608475443663,0.0156360903428448,"EndothelialCells","midnightblue","Myocytes"
"Efna1",0.598169639799207,0.00513561606837328,0.00183905210235325,0.0184434596738146,"EndothelialCells","midnightblue","Myocytes"
"Efnb1",0.581881831436569,0.00549006821074643,0.0021935042447264,0.0194577401268639,"EndothelialCells","midnightblue","Myocytes"
"Efnb2",0.587789770336509,0.00522706801330941,0.00193050404728937,0.0188330330796359,"EndothelialCells","midnightblue","Myocytes"
"Eng",0.651845038309827,0.00550161780038043,0.0022050538343604,0.0228194489426667,"EndothelialCells","midnightblue","Myocytes"
"Epha4",0.565033808577886,0.00434997132888473,0.0010534073628647,0.00299189596833703,"EndothelialCells","midnightblue","Myocytes"
"Esam",0.594453631853427,0.00587945804720061,0.00258289408118058,0.0218466875907368,"EndothelialCells","midnightblue","Myocytes"
"F11r",0.586221659017756,0.00565105062072289,0.00235448665470285,0.0168703503285607,"EndothelialCells","midnightblue","Myocytes"
"Fam3c",0.624122982983146,0.0060335636244183,0.00273699965839826,0.0211542394496999,"EndothelialCells","midnightblue","Myocytes"
"Fbn1",0.607018093215787,0.00515611142717896,0.00185954746115893,0.0149976092546933,"EndothelialCells","midnightblue","Myocytes"
"Fn1",0.612033113814035,0.00529642387549112,0.00199985990947108,0.0155702097652653,"EndothelialCells","midnightblue","Myocytes"
"Furin",0.626950965330314,0.00894574206662632,0.00564917810060629,0.0387009909246851,"EndothelialCells","midnightblue","Myocytes"
"Glg1",0.586062646169493,0.00469370014037738,0.00139713617435735,0.0157207909425073,"EndothelialCells","midnightblue","Myocytes"
"Gnas",0.603725304081486,0.00547134487463309,0.00217478090861305,0.0137921754552552,"EndothelialCells","midnightblue","Myocytes"
"Gpi1",0.60613740667169,0.00566647881200329,0.00236991484598326,0.0135535783122005,"EndothelialCells","midnightblue","Myocytes"
"Grn",0.645846584404007,0.0056840080912859,0.00238744412526587,0.0144727942282641,"EndothelialCells","midnightblue","Myocytes"
"Gstp1",0.617667061344717,0.00586599173071074,0.00256942776469071,0.0230771230380532,"EndothelialCells","midnightblue","Myocytes"
"H2-D1",0.598152515338609,0.00599803134959787,0.00270146738357784,0.0234522853274318,"EndothelialCells","midnightblue","Myocytes"
"H2-K1",0.59807912479327,0.00602516044736289,0.00272859648134286,0.0234300135461393,"EndothelialCells","midnightblue","Myocytes"
"H2-Q4",0.598157408041632,0.00600064379745367,0.00270407983143364,0.0234535638088944,"EndothelialCells","midnightblue","Myocytes"
"Hbegf",0.60749023905746,0.00501978323036434,0.00172321926434431,-0.000693538695738872,"EndothelialCells","midnightblue","Myocytes"
"Hsp90b1",0.59973285841497,0.00594487337928728,0.00264830941326725,0.0220149510509744,"EndothelialCells","midnightblue","Myocytes"
"Hspg2",0.60228195668976,0.00540716170623172,0.00211059774021169,0.0207951451800572,"EndothelialCells","midnightblue","Myocytes"
"Icam1",0.627435342929545,0.00543563982579078,0.00213907585977075,0.0195462880196172,"EndothelialCells","midnightblue","Myocytes"
"Igfbp4",0.587320070846323,0.00535747711333794,0.00206091314731791,0.0194547889264382,"EndothelialCells","midnightblue","Myocytes"
"Il15",0.569288013856149,0.00424257079955353,0.000946006833533501,0.00956061213716773,"EndothelialCells","midnightblue","Myocytes"
"Il16",0.596525691583569,0.00541958955268923,0.0021230255866692,0.0177998206590116,"EndothelialCells","midnightblue","Myocytes"
"Jag1",0.653836368440091,0.012180642726184,0.00888407876016397,0.0353762767640552,"EndothelialCells","midnightblue","Myocytes"
"Jag2",0.617282984157429,0.00732334905387308,0.00402678508785305,0.0282908320942721,"EndothelialCells","midnightblue","Myocytes"
"Jam2",0.623438004560001,0.00781070131213834,0.0045141373461183,0.028962026291195,"EndothelialCells","midnightblue","Myocytes"
"Jam3",0.618178348810562,0.00594523693459212,0.00264867296857209,0.0236462452239777,"EndothelialCells","midnightblue","Myocytes"
"Lama4",0.570513635963334,0.00444448955164264,0.0011479255856226,0.0128354939223004,"EndothelialCells","midnightblue","Myocytes"
"Lama5",0.616842640885361,0.00586537975310271,0.00256881578708268,0.0235679811640709,"EndothelialCells","midnightblue","Myocytes"
"Lamb1",0.596978266613144,0.00519624022388354,0.00189967625786351,0.017836958590826,"EndothelialCells","midnightblue","Myocytes"
"Lamb2",0.598578180501571,0.00568010376727039,0.00238353980125036,0.0208260512292605,"EndothelialCells","midnightblue","Myocytes"
"Lamc1",0.601034317418969,0.00516336804629146,0.00186680408027143,0.0166021199902258,"EndothelialCells","midnightblue","Myocytes"
"Lfng",0.625713111465547,0.00718997729709735,0.00389341333107732,0.028641266013779,"EndothelialCells","midnightblue","Myocytes"
"Lgals1",0.598808137543649,0.00516752944321723,0.0018709654771972,0.0104288582413211,"EndothelialCells","midnightblue","Myocytes"
"Lgals3bp",0.621764700126229,0.00549220854140456,0.00219564457538452,0.0205887197230032,"EndothelialCells","midnightblue","Myocytes"
"Lin7c",0.584511659311293,0.00552055545323046,0.00222399148721043,0.0192022025143267,"EndothelialCells","midnightblue","Myocytes"
"Lpl",0.596709167946925,0.00555478950913918,0.00225822554311915,0.0184974942469577,"EndothelialCells","midnightblue","Myocytes"
"Lrpap1",0.597932343702589,0.00525216781194067,0.00195560384592063,0.0192405813056393,"EndothelialCells","midnightblue","Myocytes"
"Ltbp1",0.655901089115689,0.00789887757614651,0.00460231361012648,0.0309602757840971,"EndothelialCells","midnightblue","Myocytes"
"Lum",0.598367794271602,0.00520255804423702,0.00190599407821699,0.0187157712229478,"EndothelialCells","midnightblue","Myocytes"
"Mcam",0.605530711496836,0.00550688260502692,0.00221031863900689,0.0144694177292889,"EndothelialCells","midnightblue","Myocytes"
"Mfap5",0.610041783683789,0.00606349856668324,0.00276693460066321,0.0213394998059034,"EndothelialCells","midnightblue","Myocytes"
"Mfge8",0.546211580049497,0.00517814518319911,0.00188158121717908,0.0130732906852051,"EndothelialCells","midnightblue","Myocytes"
"Mfng",0.590632430792697,0.00622495947260253,0.00292839550658249,0.0245286098805095,"EndothelialCells","midnightblue","Myocytes"
"Mif",0.575200845459071,0.00415079054344136,0.000854226577421327,0.00116543882109244,"EndothelialCells","midnightblue","Myocytes"
"Mmp15",0.557993208928203,0.0153684026125252,0.0120718386465052,0.032341621178698,"EndothelialCells","midnightblue","Myocytes"
"Mmrn2",0.594426721986839,0.00456657968457134,0.00127001571855131,0.0174338801928545,"EndothelialCells","midnightblue","Myocytes"
"Mpdz",0.588049083596728,0.00580915752629773,0.00251259356027769,0.0196062997637208,"EndothelialCells","midnightblue","Myocytes"
"Msn",0.636636070963747,0.00607357695507471,0.00277701298905467,0.0256412341068023,"EndothelialCells","midnightblue","Myocytes"
"Mxra8",0.618334915307321,0.00750300141230293,0.0042064374462829,0.0306782610042132,"EndothelialCells","midnightblue","Myocytes"
"Nampt",0.627371737790244,0.00606390321655232,0.00276733925053229,0.0215421743664929,"EndothelialCells","midnightblue","Myocytes"
"Nid1",0.613899680017223,0.00614618544639186,0.00284962148037183,0.0240664557516792,"EndothelialCells","midnightblue","Myocytes"
"Nppa",0.609024101455078,0.00537564872232041,0.00207908475630038,0.0142920990543966,"EndothelialCells","midnightblue","Myocytes"
"Nrp1",0.612488135195185,0.00559426576942409,0.00229770180340406,0.0201469680053758,"EndothelialCells","midnightblue","Myocytes"
"Nts",0.582564363508239,0.00562559237769201,0.00232902841167198,0.0162859528907471,"EndothelialCells","midnightblue","Myocytes"
"Nucb2",0.589066765825433,0.00537768093599704,0.00208111696997701,0.0189346021094167,"EndothelialCells","midnightblue","Myocytes"
"Pam",0.58508655191647,0.00534124588422332,0.00204468191820328,0.018199304387982,"EndothelialCells","midnightblue","Myocytes"
"Pdgfb",0.616568649516107,0.00650744103620088,0.00321087707018085,0.0295654682411628,"EndothelialCells","midnightblue","Myocytes"
"Pecam1",0.632041822825427,0.00536048459269285,0.00206392062667282,0.019930823352388,"EndothelialCells","midnightblue","Myocytes"
"Pf4",0.648562034581627,0.00592594023187028,0.00262937626585024,0.0167773596308207,"EndothelialCells","midnightblue","Myocytes"
"Pi16",0.637198731811358,0.00639603641497876,0.00309947244895873,0.0282998224793788,"EndothelialCells","midnightblue","Myocytes"
"Plat",0.599030755531205,0.00542291104919516,0.00212634708317513,0.0146883339275797,"EndothelialCells","midnightblue","Myocytes"
"Pltp",0.623384184826747,0.0057176702929373,0.00242110632691727,0.015951482107155,"EndothelialCells","midnightblue","Myocytes"
"Prg4",0.572377755814966,0.00559768523591021,0.00230112126989018,0.0184008605887086,"EndothelialCells","midnightblue","Myocytes"
"Prnp",0.614178564089538,0.00423072280667389,0.000934158840653854,-0.00240798334255912,"EndothelialCells","midnightblue","Myocytes"
"Psap",0.637758946307476,0.00571804094859053,0.0024214769825705,0.0226000063557531,"EndothelialCells","midnightblue","Myocytes"
"Psen1",0.623993326353075,0.00556870788257165,0.00227214391655161,0.0146003177717701,"EndothelialCells","midnightblue","Myocytes"
"Ptdss1",0.581439041813067,0.00526820544518289,0.00197164147916286,0.0182193830265705,"EndothelialCells","midnightblue","Myocytes"
"Ptgfrn",0.604111827620288,0.00513115230741515,0.00183458834139512,0.017967315596483,"EndothelialCells","midnightblue","Myocytes"
"Ptprm",0.606641355083006,0.00508117390173639,0.00178460993571635,0.0194731167904681,"EndothelialCells","midnightblue","Myocytes"
"Rtn4",0.590815907156069,0.00536683208586572,0.00207026811984568,0.0164971350092772,"EndothelialCells","midnightblue","Myocytes"
"S100a8",0.598739639701357,0.00540200579550348,0.00210544182948344,0.0202767541642607,"EndothelialCells","midnightblue","Myocytes"
"S100a9",0.602321098313978,0.0055965659888541,0.00230000202283406,0.0192192262193862,"EndothelialCells","midnightblue","Myocytes"
"Sema3f",0.623264313602701,0.005836044881057,0.00253948091503697,0.0236201664500176,"EndothelialCells","midnightblue","Myocytes"
"Sema4c",0.598203888720367,0.00574056867002531,0.00244400470400528,0.020882452107615,"EndothelialCells","midnightblue","Myocytes"
"Sema6a",0.618217490434745,0.00566860033632178,0.00237203637030175,0.0241167111950905,"EndothelialCells","midnightblue","Myocytes"
"Sema6b",0.62094761872144,0.00568120517453402,0.00238464120851399,0.0237831997004986,"EndothelialCells","midnightblue","Myocytes"
"Sema6d",0.608505474934662,0.00510357494864356,0.00180701098262353,0.0198305633772937,"EndothelialCells","midnightblue","Myocytes"
"Sema7a",0.607707964341983,0.00582746874503288,0.00253090477901285,0.021205604376974,"EndothelialCells","midnightblue","Myocytes"
"Serping1",0.609498693648296,0.00602420801246101,0.00272764404644098,0.0242242829906467,"EndothelialCells","midnightblue","Myocytes"
"Sparc",0.613576761617721,0.00458699571572447,0.00129043174970444,-0.00422988543333858,"EndothelialCells","midnightblue","Myocytes"
"Tfpi",0.573488399401113,0.00584677456040262,0.00255021059438258,0.0135336637588603,"EndothelialCells","midnightblue","Myocytes"
"Tgfb1",0.653107355689721,0.00582840087717601,0.00253183691115597,0.01992730910501,"EndothelialCells","midnightblue","Myocytes"
"Tgm2",0.592051314669313,0.00440848561924458,0.00111192165322455,-0.000932696039042094,"EndothelialCells","midnightblue","Myocytes"
"Timp2",0.648875167575077,0.00612954601346377,0.00283298204744374,0.0242478044517873,"EndothelialCells","midnightblue","Myocytes"
"Timp3",0.582598612429424,0.00593847922983908,0.00264191526381905,0.02123890329175,"EndothelialCells","midnightblue","Myocytes"
"Tnfsf12",0.602575518871175,0.0059631546936425,0.00266659072762247,0.0273895966771933,"EndothelialCells","midnightblue","Myocytes"
"Trf",0.606665818598128,0.00538764916264204,0.00209108519662201,0.0162133703534765,"EndothelialCells","midnightblue","Myocytes"
"Tspan3",0.612571311146523,0.00609175868226709,0.00279519471624705,0.0244903395362517,"EndothelialCells","midnightblue","Myocytes"
"Tspan5",0.554920591429937,0.0045757584585462,0.00127919449252616,0.0126305070898603,"EndothelialCells","midnightblue","Myocytes"
"Vcam1",0.6032091239126,0.00536069442812702,0.00206413046210699,0.016366180227978,"EndothelialCells","midnightblue","Myocytes"
"Vegfc",0.539983169101592,0.00367205022558433,0.000375486259564301,-0.0121025802574518,"EndothelialCells","midnightblue","Myocytes"
"Vsig10",0.6071306253853,0.00558281831528843,0.0022862543492684,0.0230546713022447,"EndothelialCells","midnightblue","Myocytes"
"Vwf",0.620350708952659,0.00557209472124847,0.00227553075522843,0.0167348780879737,"EndothelialCells","midnightblue","Myocytes"
"Zdhhc5",0.595275605961264,0.00523024985054966,0.00193368588452962,0.0182491366640909,"EndothelialCells","midnightblue","Myocytes"
"Abca1",0.578552347029622,0.0051784516244239,0.00188188765840387,0.00812253712139723,"Leukocytes","midnightblue","Myocytes"
"Adam10",0.621099292515117,0.00611897136437663,0.00282240739835659,0.0220161217306193,"Leukocytes","midnightblue","Myocytes"
"Adam15",0.60675388725255,0.00554190545995123,0.00224534149393119,0.0205237203581514,"Leukocytes","midnightblue","Myocytes"
"Adam17",0.622381180707082,0.00578499486513335,0.00248843089911332,0.00788230468218249,"Leukocytes","midnightblue","Myocytes"
"Adam9",0.624555987200679,0.00541177315413692,0.00211520918811688,0.0185228776229347,"Leukocytes","midnightblue","Myocytes"
"Alcam",0.598225905883964,0.00477137860597894,0.00147481463995891,0.0142508119412523,"Leukocytes","midnightblue","Myocytes"
"Alox5ap",0.602957149706902,0.00613282298365798,0.00283625901763794,0.0238081645936312,"Leukocytes","midnightblue","Myocytes"
"Ang",0.566188486491263,0.00463547626511613,0.0013389122990961,0.0108019001967423,"Leukocytes","midnightblue","Myocytes"
"Anxa1",0.600985390388756,0.00526882868146772,0.00197226471544769,0.0197873176532061,"Leukocytes","midnightblue","Myocytes"
"Anxa2",0.591977924123937,0.0049371760004179,0.00164061203439787,0.0135966981263275,"Leukocytes","midnightblue","Myocytes"
"Apoc2",0.616666503576561,0.00560434478933498,0.00230778082331495,0.0219970862326972,"Leukocytes","midnightblue","Myocytes"
"Apoe",0.636183495934149,0.00585685070212054,0.00256028673610051,0.016491506480891,"Leukocytes","midnightblue","Myocytes"
"App",0.596865734443647,0.00423612141286452,0.000939557446844488,-0.0068279967891225,"Leukocytes","midnightblue","Myocytes"
"B2m",0.593614533285039,0.00592541252806421,0.00262884856204418,0.0178595525486897,"Leukocytes","midnightblue","Myocytes"
"Bmp2",0.626784613427528,0.00600192574247562,0.00270536177645558,0.0215278363965976,"Leukocytes","midnightblue","Myocytes"
"C1qa",0.579508870470556,0.00540466024877471,0.00210809628275468,0.0123126062457891,"Leukocytes","midnightblue","Myocytes"
"C1qb",0.613540066345028,0.00578008420589384,0.00248352023987381,0.0222937332233538,"Leukocytes","midnightblue","Myocytes"
"C3",0.611108392942746,0.00536152666433319,0.00206496269831316,0.0176874359683393,"Leukocytes","midnightblue","Myocytes"
"C4b",0.606484788586295,0.00565289043374028,0.00235632646772025,0.0204752966087353,"Leukocytes","midnightblue","Myocytes"
"Calm1",0.601266720812574,0.00540538308762737,0.00210881912160733,0.0150591351280096,"Leukocytes","midnightblue","Myocytes"
"Calm2",0.614792598318851,0.0054404529235416,0.00214388895752157,0.012603356636489,"Leukocytes","midnightblue","Myocytes"
"Calm3",0.600231914123278,0.00515630813667506,0.00185974417065503,0.0154808764703503,"Leukocytes","midnightblue","Myocytes"
"Calr",0.585634534655019,0.00429677583317614,0.00100021186715611,-0.00387684572833127,"Leukocytes","midnightblue","Myocytes"
"Cd14",0.630684097736615,0.00725396295074779,0.00395739898472775,0.025847903535837,"Leukocytes","midnightblue","Myocytes"
"Cd38",0.616725216012832,0.0057759500029561,0.00247938603693607,0.0200101615555015,"Leukocytes","midnightblue","Myocytes"
"Cd47",0.608133629504959,0.00568208494156058,0.00238552097554054,0.0187664696912421,"Leukocytes","midnightblue","Myocytes"
"Cd55",0.594013288581377,0.00536820244771948,0.00207163848169944,0.0180424742302408,"Leukocytes","midnightblue","Myocytes"
"Cd72",0.625845214447173,0.0060433723687721,0.00274680840275206,0.0243109014068849,"Leukocytes","midnightblue","Myocytes"
"Cd79b",0.585947667648476,0.0057659858383013,0.00246942187228126,0.0207174266834246,"Leukocytes","midnightblue","Myocytes"
"Cd9",0.590483203350505,0.00519347648470553,0.0018969125186855,0.00734628312349348,"Leukocytes","midnightblue","Myocytes"
"Cdh5",0.60134255770944,0.00493061140869041,0.00163404744267038,0.0152754295516787,"Leukocytes","midnightblue","Myocytes"
"Cklf",0.564221619876118,0.00467105150640399,0.00137448754038395,0.0141582273573047,"Leukocytes","midnightblue","Myocytes"
"Col14a1",0.604082471402114,0.00537583259096162,0.00207926862494159,0.0210947941142893,"Leukocytes","midnightblue","Myocytes"
"Col1a2",0.660872075386759,0.00556983369550485,0.00227326972948482,0.0242184732816575,"Leukocytes","midnightblue","Myocytes"
"Col3a1",0.627562553208138,0.00539666050489767,0.00210009653887763,0.021285653069374,"Leukocytes","midnightblue","Myocytes"
"Col4a1",0.601200669321765,0.00515499545451836,0.00185843148849833,0.015289235342917,"Leukocytes","midnightblue","Myocytes"
"Col4a2",0.614714315070491,0.00556896971398103,0.00227240574796099,0.0199051939740891,"Leukocytes","midnightblue","Myocytes"
"Copa",0.594160069672102,0.00503582806135517,0.00173926409533514,0.011557582619576,"Leukocytes","midnightblue","Myocytes"
"Cp",0.621975086356211,0.00520496458984805,0.00190840062382802,0.0169379093502893,"Leukocytes","midnightblue","Myocytes"
"Ctsd",0.593284275831005,0.00551362861152957,0.00221706464550954,0.0192161876218771,"Leukocytes","midnightblue","Myocytes"
"Cxcl12",0.605846290841849,0.00529948907292479,0.00200292510690476,0.0142652570474405,"Leukocytes","midnightblue","Myocytes"
"Dcn",0.655891303709608,0.00611580840419762,0.00281924443817759,0.0215079672750169,"Leukocytes","midnightblue","Myocytes"
"Ebi3",0.619489593220666,0.00556291757686414,0.0022663536108441,0.0242973693295657,"Leukocytes","midnightblue","Myocytes"
"Efemp2",0.591610971397255,0.00488264872045666,0.00158608475443663,0.0156360903428448,"Leukocytes","midnightblue","Myocytes"
"Eng",0.651845038309827,0.00550161780038043,0.0022050538343604,0.0228194489426667,"Leukocytes","midnightblue","Myocytes"
"Esam",0.594453631853427,0.00587945804720061,0.00258289408118058,0.0218466875907368,"Leukocytes","midnightblue","Myocytes"
"Ezr",0.607482900002935,0.00529280560430507,0.00199624163828504,0.0162076239455837,"Leukocytes","midnightblue","Myocytes"
"F11r",0.586221659017756,0.00565105062072289,0.00235448665470285,0.0168703503285607,"Leukocytes","midnightblue","Myocytes"
"F13a1",0.627398647656892,0.00558530362596158,0.00228873965994154,0.0227525769502858,"Leukocytes","midnightblue","Myocytes"
"Fam3c",0.624122982983146,0.0060335636244183,0.00273699965839826,0.0211542394496999,"Leukocytes","midnightblue","Myocytes"
"Fbln1",0.668142632078507,0.00543098463028617,0.00213442066426613,0.0225149606539522,"Leukocytes","midnightblue","Myocytes"
"Fn1",0.612033113814035,0.00529642387549112,0.00199985990947108,0.0155702097652653,"Leukocytes","midnightblue","Myocytes"
"Furin",0.626950965330314,0.00894574206662632,0.00564917810060629,0.0387009909246851,"Leukocytes","midnightblue","Myocytes"
"Gdf15",0.647045296644564,0.00665500763457855,0.00335844366855851,0.0236316670618727,"Leukocytes","midnightblue","Myocytes"
"Glg1",0.586062646169493,0.00469370014037738,0.00139713617435735,0.0157207909425073,"Leukocytes","midnightblue","Myocytes"
"Gnas",0.603725304081486,0.00547134487463309,0.00217478090861305,0.0137921754552552,"Leukocytes","midnightblue","Myocytes"
"Gpi1",0.60613740667169,0.00566647881200329,0.00236991484598326,0.0135535783122005,"Leukocytes","midnightblue","Myocytes"
"Grn",0.645846584404007,0.0056840080912859,0.00238744412526587,0.0144727942282641,"Leukocytes","midnightblue","Myocytes"
"Gstp1",0.617667061344717,0.00586599173071074,0.00256942776469071,0.0230771230380532,"Leukocytes","midnightblue","Myocytes"
"H2-D1",0.598152515338609,0.00599803134959787,0.00270146738357784,0.0234522853274318,"Leukocytes","midnightblue","Myocytes"
"H2-DMa",0.614645817228168,0.00558084948278735,0.00228428551676732,0.0227068614737298,"Leukocytes","midnightblue","Myocytes"
"H2-DMb1",0.644601391484696,0.00544179404077746,0.00214523007475743,0.0197701497502328,"Leukocytes","midnightblue","Myocytes"
"H2-K1",0.59807912479327,0.00602516044736289,0.00272859648134286,0.0234300135461393,"Leukocytes","midnightblue","Myocytes"
"H2-Q4",0.598157408041632,0.00600064379745367,0.00270407983143364,0.0234535638088944,"Leukocytes","midnightblue","Myocytes"
"Hp",0.601068566340158,0.00602537445049664,0.00272881048447661,0.0227829158855397,"Leukocytes","midnightblue","Myocytes"
"Hsp90b1",0.59973285841497,0.00594487337928728,0.00264830941326725,0.0220149510509744,"Leukocytes","midnightblue","Myocytes"
"Hspg2",0.60228195668976,0.00540716170623172,0.00211059774021169,0.0207951451800572,"Leukocytes","midnightblue","Myocytes"
"Icam1",0.627435342929545,0.00543563982579078,0.00213907585977075,0.0195462880196172,"Leukocytes","midnightblue","Myocytes"
"Ifitm6",0.580514320941754,0.0051467604351549,0.00185019646913486,0.0193152829693444,"Leukocytes","midnightblue","Myocytes"
"Igf1",0.62237139530106,0.00669908105600883,0.0034025170899888,0.0211022580661429,"Leukocytes","midnightblue","Myocytes"
"Igfbp4",0.587320070846323,0.00535747711333794,0.00206091314731791,0.0194547889264382,"Leukocytes","midnightblue","Myocytes"
"Il15",0.569288013856149,0.00424257079955353,0.000946006833533501,0.00956061213716773,"Leukocytes","midnightblue","Myocytes"
"Il16",0.596525691583569,0.00541958955268923,0.0021230255866692,0.0177998206590116,"Leukocytes","midnightblue","Myocytes"
"Il1b",0.604605990625584,0.00743063932654003,0.00413407536052,0.0322278416755425,"Leukocytes","midnightblue","Myocytes"
"Il1rn",0.607639466499652,0.00524810228591682,0.00195153831989679,0.0183111374945124,"Leukocytes","midnightblue","Myocytes"
"Itgb2",0.590671572416882,0.00499400940707051,0.00169744544105047,0.0163734658627215,"Leukocytes","midnightblue","Myocytes"
"Lamb2",0.598578180501571,0.00568010376727039,0.00238353980125036,0.0208260512292605,"Leukocytes","midnightblue","Myocytes"
"Lamc1",0.601034317418969,0.00516336804629146,0.00186680408027143,0.0166021199902258,"Leukocytes","midnightblue","Myocytes"
"Lfng",0.625713111465547,0.00718997729709735,0.00389341333107732,0.028641266013779,"Leukocytes","midnightblue","Myocytes"
"Lgals1",0.598808137543649,0.00516752944321723,0.0018709654771972,0.0104288582413211,"Leukocytes","midnightblue","Myocytes"
"Lgals3",0.615223156184857,0.005831065881679,0.00253450191565897,0.016289289082356,"Leukocytes","midnightblue","Myocytes"
"Lgals3bp",0.621764700126229,0.00549220854140456,0.00219564457538452,0.0205887197230032,"Leukocytes","midnightblue","Myocytes"
"Lilra5",0.63497499828753,0.00609406992746963,0.00279750596144959,0.0248648447790783,"Leukocytes","midnightblue","Myocytes"
"Lilra6",0.635777401583251,0.00610058993460077,0.00280402596858074,0.0248881052987424,"Leukocytes","midnightblue","Myocytes"
"Lin7c",0.584511659311293,0.00552055545323046,0.00222399148721043,0.0192022025143267,"Leukocytes","midnightblue","Myocytes"
"Lpl",0.596709167946925,0.00555478950913918,0.00225822554311915,0.0184974942469577,"Leukocytes","midnightblue","Myocytes"
"Lrpap1",0.597932343702589,0.00525216781194067,0.00195560384592063,0.0192405813056393,"Leukocytes","midnightblue","Myocytes"
"Lum",0.598367794271602,0.00520255804423702,0.00190599407821699,0.0187157712229478,"Leukocytes","midnightblue","Myocytes"
"Mfap5",0.610041783683789,0.00606349856668324,0.00276693460066321,0.0213394998059034,"Leukocytes","midnightblue","Myocytes"
"Mfge8",0.546211580049497,0.00517814518319911,0.00188158121717908,0.0130732906852051,"Leukocytes","midnightblue","Myocytes"
"Mfng",0.590632430792697,0.00622495947260253,0.00292839550658249,0.0245286098805095,"Leukocytes","midnightblue","Myocytes"
"Mif",0.575200845459071,0.00415079054344136,0.000854226577421327,0.00116543882109244,"Leukocytes","midnightblue","Myocytes"
"Mmp14",0.629025471411913,0.00608270872965437,0.00278614476363434,0.021799866619674,"Leukocytes","midnightblue","Myocytes"
"Mmp2",0.627993111074131,0.00595355759329684,0.00265699362727681,0.0247831287202664,"Leukocytes","midnightblue","Myocytes"
"Mmp9",0.649545467889171,0.00657556861056526,0.00327900464454523,0.0196146958106437,"Leukocytes","midnightblue","Myocytes"
"Msn",0.636636070963747,0.00607357695507471,0.00277701298905467,0.0256412341068023,"Leukocytes","midnightblue","Myocytes"
"Nampt",0.627371737790244,0.00606390321655232,0.00276733925053229,0.0215421743664929,"Leukocytes","midnightblue","Myocytes"
"Nppa",0.609024101455078,0.00537564872232041,0.00207908475630038,0.0142920990543966,"Leukocytes","midnightblue","Myocytes"
"Nrp1",0.612488135195185,0.00559426576942409,0.00229770180340406,0.0201469680053758,"Leukocytes","midnightblue","Myocytes"
"Nucb2",0.589066765825433,0.00537768093599704,0.00208111696997701,0.0189346021094167,"Leukocytes","midnightblue","Myocytes"
"Osm",0.587011830555917,0.00566752232910278,0.00237095836308275,0.0203682888404402,"Leukocytes","midnightblue","Myocytes"
"Pam",0.58508655191647,0.00534124588422332,0.00204468191820328,0.018199304387982,"Leukocytes","midnightblue","Myocytes"
"Pdgfa",0.587031401368005,0.00418649840147025,0.000889934435450214,-0.0010599835729714,"Leukocytes","midnightblue","Myocytes"
"Pdgfb",0.616568649516107,0.00650744103620088,0.00321087707018085,0.0295654682411628,"Leukocytes","midnightblue","Myocytes"
"Pdgfc",0.566330374878874,0.00381740644744888,0.000520842481428844,-0.000692782191994674,"Leukocytes","midnightblue","Myocytes"
"Pecam1",0.632041822825427,0.00536048459269285,0.00206392062667282,0.019930823352388,"Leukocytes","midnightblue","Myocytes"
"Pf4",0.648562034581627,0.00592594023187028,0.00262937626585024,0.0167773596308207,"Leukocytes","midnightblue","Myocytes"
"Pi16",0.637198731811358,0.00639603641497876,0.00309947244895873,0.0282998224793788,"Leukocytes","midnightblue","Myocytes"
"Pltp",0.623384184826747,0.0057176702929373,0.00242110632691727,0.015951482107155,"Leukocytes","midnightblue","Myocytes"
"Plxna1",0.630605814488269,0.00591272260936635,0.00261615864334632,0.0231191504829889,"Leukocytes","midnightblue","Myocytes"
"Prnp",0.614178564089538,0.00423072280667389,0.000934158840653854,-0.00240798334255912,"Leukocytes","midnightblue","Myocytes"
"Psap",0.637758946307476,0.00571804094859053,0.0024214769825705,0.0226000063557531,"Leukocytes","midnightblue","Myocytes"
"Psen1",0.623993326353075,0.00556870788257165,0.00227214391655161,0.0146003177717701,"Leukocytes","midnightblue","Myocytes"
"Ptdss1",0.581439041813067,0.00526820544518289,0.00197164147916286,0.0182193830265705,"Leukocytes","midnightblue","Myocytes"
"Rtn4",0.590815907156069,0.00536683208586572,0.00207026811984568,0.0164971350092772,"Leukocytes","midnightblue","Myocytes"
"S100a4",0.622880236415408,0.00531264484193611,0.00201608087591608,0.0194467746462715,"Leukocytes","midnightblue","Myocytes"
"S100a8",0.598739639701357,0.00540200579550348,0.00210544182948344,0.0202767541642607,"Leukocytes","midnightblue","Myocytes"
"S100a9",0.602321098313978,0.0055965659888541,0.00230000202283406,0.0192192262193862,"Leukocytes","midnightblue","Myocytes"
"Sema4a",0.610318221404565,0.00535749765246446,0.00206093368644442,0.0182985541771158,"Leukocytes","midnightblue","Myocytes"
"Sema4d",0.56267797207246,0.0049150815716064,0.00161851760558637,0.0157196683228651,"Leukocytes","midnightblue","Myocytes"
"Sema6d",0.608505474934662,0.00510357494864356,0.00180701098262353,0.0198305633772937,"Leukocytes","midnightblue","Myocytes"
"Serpinf1",0.577740158327881,0.0053327830378937,0.00203621907187366,0.0164850660896322,"Leukocytes","midnightblue","Myocytes"
"Serping1",0.609498693648296,0.00602420801246101,0.00272764404644098,0.0242242829906467,"Leukocytes","midnightblue","Myocytes"
"Siglec1",0.633600148738184,0.00571732933598396,0.00242076536996393,0.0231877050748095,"Leukocytes","midnightblue","Myocytes"
"Siglece",0.622870451009343,0.00568567020744633,0.0023891062414263,0.0232229552215212,"Leukocytes","midnightblue","Myocytes"
"Sirpa",0.622571996124976,0.00596186436828963,0.0026653004022696,0.0254142113988628,"Leukocytes","midnightblue","Myocytes"
"Sirpb1b",0.57791874198818,0.00496468252659226,0.00166811856057222,0.0160156080880715,"Leukocytes","midnightblue","Myocytes"
"Sparc",0.613576761617721,0.00458699571572447,0.00129043174970444,-0.00422988543333858,"Leukocytes","midnightblue","Myocytes"
"Tfpi",0.573488399401113,0.00584677456040262,0.00255021059438258,0.0135336637588603,"Leukocytes","midnightblue","Myocytes"
"Tgfb1",0.653107355689721,0.00582840087717601,0.00253183691115597,0.01992730910501,"Leukocytes","midnightblue","Myocytes"
"Tgfbi",0.621720665799033,0.00551127838624646,0.00221471442022643,0.0216671002954303,"Leukocytes","midnightblue","Myocytes"
"Tgm2",0.592051314669313,0.00440848561924458,0.00111192165322455,-0.000932696039042094,"Leukocytes","midnightblue","Myocytes"
"Timp2",0.648875167575077,0.00612954601346377,0.00283298204744374,0.0242478044517873,"Leukocytes","midnightblue","Myocytes"
"Timp3",0.582598612429424,0.00593847922983908,0.00264191526381905,0.02123890329175,"Leukocytes","midnightblue","Myocytes"
"Tnf",0.652904308514277,0.00855904058102396,0.00526247661500392,0.0393288368353781,"Leukocytes","midnightblue","Myocytes"
"Tnfsf12",0.602575518871175,0.0059631546936425,0.00266659072762247,0.0273895966771933,"Leukocytes","midnightblue","Myocytes"
"Tnfsf9",0.61169551730549,0.00518458653579146,0.00188802256977143,0.010850749905706,"Leukocytes","midnightblue","Myocytes"
"Trf",0.606665818598128,0.00538764916264204,0.00209108519662201,0.0162133703534765,"Leukocytes","midnightblue","Myocytes"
"Tslp",0.60341706379107,0.00628482040456618,0.00298825643854615,0.0239835911514704,"Leukocytes","midnightblue","Myocytes"
"Tspan3",0.612571311146523,0.00609175868226709,0.00279519471624705,0.0244903395362517,"Leukocytes","midnightblue","Myocytes"
"Tspan5",0.554920591429937,0.0045757584585462,0.00127919449252616,0.0126305070898603,"Leukocytes","midnightblue","Myocytes"
"Vcam1",0.6032091239126,0.00536069442812702,0.00206413046210699,0.016366180227978,"Leukocytes","midnightblue","Myocytes"
"Vegfb",0.563443680095495,0.00486537283433419,0.00156880886831416,0.0142459543255787,"Leukocytes","midnightblue","Myocytes"
"Zdhhc5",0.595275605961264,0.00523024985054966,0.00193368588452962,0.0182491366640909,"Leukocytes","midnightblue","Myocytes"
"Adam10",0.621099292515117,0.00611897136437663,0.00282240739835659,0.0220161217306193,"SmoothMuscleCells","midnightblue","Myocytes"
"Adam15",0.60675388725255,0.00554190545995123,0.00224534149393119,0.0205237203581514,"SmoothMuscleCells","midnightblue","Myocytes"
"Adam17",0.622381180707082,0.00578499486513335,0.00248843089911332,0.00788230468218249,"SmoothMuscleCells","midnightblue","Myocytes"
"Adam9",0.624555987200679,0.00541177315413692,0.00211520918811688,0.0185228776229347,"SmoothMuscleCells","midnightblue","Myocytes"
"Agrn",0.593039640679874,0.00513326845567066,0.00183670448965063,0.0134474125985571,"SmoothMuscleCells","midnightblue","Myocytes"
"Angpt2",0.586845478653124,0.00571798029357819,0.00242141632755816,0.0139826034322325,"SmoothMuscleCells","midnightblue","Myocytes"
"Angptl2",0.555578659986478,0.00404366054559642,0.00074709657957639,-0.0021561018898876,"SmoothMuscleCells","midnightblue","Myocytes"
"Anxa1",0.600985390388756,0.00526882868146772,0.00197226471544769,0.0197873176532061,"SmoothMuscleCells","midnightblue","Myocytes"
"Anxa2",0.591977924123937,0.0049371760004179,0.00164061203439787,0.0135966981263275,"SmoothMuscleCells","midnightblue","Myocytes"
"Apoe",0.636183495934149,0.00585685070212054,0.00256028673610051,0.016491506480891,"SmoothMuscleCells","midnightblue","Myocytes"
"App",0.596865734443647,0.00423612141286452,0.000939557446844488,-0.0068279967891225,"SmoothMuscleCells","midnightblue","Myocytes"
"B2m",0.593614533285039,0.00592541252806421,0.00262884856204418,0.0178595525486897,"SmoothMuscleCells","midnightblue","Myocytes"
"Bace1",0.583278698149572,0.0048390096624191,0.00154244569639907,0.0145512256189213,"SmoothMuscleCells","midnightblue","Myocytes"
"Bmp1",0.628883583024266,0.00532119178937489,0.00202462782335486,0.0224010200395809,"SmoothMuscleCells","midnightblue","Myocytes"
"Bmp2",0.626784613427528,0.00600192574247562,0.00270536177645558,0.0215278363965976,"SmoothMuscleCells","midnightblue","Myocytes"
"Bmp4",0.635982895110229,0.0047922474211116,0.00149568345509156,0.0015813456588639,"SmoothMuscleCells","midnightblue","Myocytes"
"C1qa",0.579508870470556,0.00540466024877471,0.00210809628275468,0.0123126062457891,"SmoothMuscleCells","midnightblue","Myocytes"
"C1qb",0.613540066345028,0.00578008420589384,0.00248352023987381,0.0222937332233538,"SmoothMuscleCells","midnightblue","Myocytes"
"C3",0.611108392942746,0.00536152666433319,0.00206496269831316,0.0176874359683393,"SmoothMuscleCells","midnightblue","Myocytes"
"Calm1",0.601266720812574,0.00540538308762737,0.00210881912160733,0.0150591351280096,"SmoothMuscleCells","midnightblue","Myocytes"
"Calm2",0.614792598318851,0.0054404529235416,0.00214388895752157,0.012603356636489,"SmoothMuscleCells","midnightblue","Myocytes"
"Calm3",0.600231914123278,0.00515630813667506,0.00185974417065503,0.0154808764703503,"SmoothMuscleCells","midnightblue","Myocytes"
"Calr",0.585634534655019,0.00429677583317614,0.00100021186715611,-0.00387684572833127,"SmoothMuscleCells","midnightblue","Myocytes"
"Cd320",0.569126554656384,0.00482391497051736,0.00152735100449733,0.0121623016409978,"SmoothMuscleCells","midnightblue","Myocytes"
"Cd38",0.616725216012832,0.0057759500029561,0.00247938603693607,0.0200101615555015,"SmoothMuscleCells","midnightblue","Myocytes"
"Cd47",0.608133629504959,0.00568208494156058,0.00238552097554054,0.0187664696912421,"SmoothMuscleCells","midnightblue","Myocytes"
"Cd9",0.590483203350505,0.00519347648470553,0.0018969125186855,0.00734628312349348,"SmoothMuscleCells","midnightblue","Myocytes"
"Cdh5",0.60134255770944,0.00493061140869041,0.00163404744267038,0.0152754295516787,"SmoothMuscleCells","midnightblue","Myocytes"
"Col15a1",0.607693286232914,0.00507181278993707,0.00177524882391704,0.0163081507995505,"SmoothMuscleCells","midnightblue","Myocytes"
"Col18a1",0.634250878240162,0.00532901697469555,0.00203245300867552,0.0187159251128969,"SmoothMuscleCells","midnightblue","Myocytes"
"Col1a1",0.646404352548612,0.00546000704307042,0.00216344307705039,0.0188776697228559,"SmoothMuscleCells","midnightblue","Myocytes"
"Col1a2",0.660872075386759,0.00556983369550485,0.00227326972948482,0.0242184732816575,"SmoothMuscleCells","midnightblue","Myocytes"
"Col27a1",0.605312986212349,0.00566722828827537,0.00237066432225534,0.0218522971558434,"SmoothMuscleCells","midnightblue","Myocytes"
"Col3a1",0.627562553208138,0.00539666050489767,0.00210009653887763,0.021285653069374,"SmoothMuscleCells","midnightblue","Myocytes"
"Col4a1",0.601200669321765,0.00515499545451836,0.00185843148849833,0.015289235342917,"SmoothMuscleCells","midnightblue","Myocytes"
"Col4a2",0.614714315070491,0.00556896971398103,0.00227240574796099,0.0199051939740891,"SmoothMuscleCells","midnightblue","Myocytes"
"Col4a5",0.601616549078692,0.00585099011920419,0.00255442615318416,0.0222031531255185,"SmoothMuscleCells","midnightblue","Myocytes"
"Col5a1",0.622655172076355,0.00511955277444042,0.00182298880842039,0.0127607980110598,"SmoothMuscleCells","midnightblue","Myocytes"
"Col5a2",0.612918693061164,0.00525977828763717,0.00196321432161713,0.0143594700056775,"SmoothMuscleCells","midnightblue","Myocytes"
"Col5a3",0.634348732300647,0.00552739443154248,0.00223083046552245,0.0221857605473153,"SmoothMuscleCells","midnightblue","Myocytes"
"Col6a1",0.614117405301731,0.00516867173412425,0.00187210776810422,0.0144606351365494,"SmoothMuscleCells","midnightblue","Myocytes"
"Col6a2",0.616260409225647,0.00549690609118452,0.00220034212516449,0.0216604525244325,"SmoothMuscleCells","midnightblue","Myocytes"
"Col6a3",0.610668049670698,0.00597220078165698,0.00267563681563695,0.0222200969465538,"SmoothMuscleCells","midnightblue","Myocytes"
"Col8a1",0.575120115859179,0.00532929304534656,0.00203272907932652,0.0146090502483073,"SmoothMuscleCells","midnightblue","Myocytes"
"Copa",0.594160069672102,0.00503582806135517,0.00173926409533514,0.011557582619576,"SmoothMuscleCells","midnightblue","Myocytes"
"Cp",0.621975086356211,0.00520496458984805,0.00190840062382802,0.0169379093502893,"SmoothMuscleCells","midnightblue","Myocytes"
"Csf1",0.597125047703853,0.00531468511660685,0.00201812115058682,0.00884210218205033,"SmoothMuscleCells","midnightblue","Myocytes"
"Ctsd",0.593284275831005,0.00551362861152957,0.00221706464550954,0.0192161876218771,"SmoothMuscleCells","midnightblue","Myocytes"
"Cx3cl1",0.591968138717894,0.00446974633539934,0.0011731823693793,-0.00317972319057773,"SmoothMuscleCells","midnightblue","Myocytes"
"Cxcl12",0.605846290841849,0.00529948907292479,0.00200292510690476,0.0142652570474405,"SmoothMuscleCells","midnightblue","Myocytes"
"Dcn",0.655891303709608,0.00611580840419762,0.00281924443817759,0.0215079672750169,"SmoothMuscleCells","midnightblue","Myocytes"
"Dkk3",0.638292250936955,0.00561248238343583,0.00231591841741579,0.0247026201011332,"SmoothMuscleCells","midnightblue","Myocytes"
"Dll4",0.613153542806256,0.00603449104696727,0.00273792708094724,0.0212560730920006,"SmoothMuscleCells","midnightblue","Myocytes"
"Efemp2",0.591610971397255,0.00488264872045666,0.00158608475443663,0.0156360903428448,"SmoothMuscleCells","midnightblue","Myocytes"
"Efna1",0.598169639799207,0.00513561606837328,0.00183905210235325,0.0184434596738146,"SmoothMuscleCells","midnightblue","Myocytes"
"Efnb1",0.581881831436569,0.00549006821074643,0.0021935042447264,0.0194577401268639,"SmoothMuscleCells","midnightblue","Myocytes"
"Efnb2",0.587789770336509,0.00522706801330941,0.00193050404728937,0.0188330330796359,"SmoothMuscleCells","midnightblue","Myocytes"
"Eng",0.651845038309827,0.00550161780038043,0.0022050538343604,0.0228194489426667,"SmoothMuscleCells","midnightblue","Myocytes"
"Epha4",0.565033808577886,0.00434997132888473,0.0010534073628647,0.00299189596833703,"SmoothMuscleCells","midnightblue","Myocytes"
"Esam",0.594453631853427,0.00587945804720061,0.00258289408118058,0.0218466875907368,"SmoothMuscleCells","midnightblue","Myocytes"
"Ezr",0.607482900002935,0.00529280560430507,0.00199624163828504,0.0162076239455837,"SmoothMuscleCells","midnightblue","Myocytes"
"F11r",0.586221659017756,0.00565105062072289,0.00235448665470285,0.0168703503285607,"SmoothMuscleCells","midnightblue","Myocytes"
"Fam3c",0.624122982983146,0.0060335636244183,0.00273699965839826,0.0211542394496999,"SmoothMuscleCells","midnightblue","Myocytes"
"Fbn1",0.607018093215787,0.00515611142717896,0.00185954746115893,0.0149976092546933,"SmoothMuscleCells","midnightblue","Myocytes"
"Fgf1",0.58334964234341,0.0043122832128954,0.00101571924687536,0.00228217608899791,"SmoothMuscleCells","midnightblue","Myocytes"
"Fn1",0.612033113814035,0.00529642387549112,0.00199985990947108,0.0155702097652653,"SmoothMuscleCells","midnightblue","Myocytes"
"Furin",0.626950965330314,0.00894574206662632,0.00564917810060629,0.0387009909246851,"SmoothMuscleCells","midnightblue","Myocytes"
"Gdf10",0.643953108334225,0.00583311563906686,0.00253655167304683,0.0223420018425436,"SmoothMuscleCells","midnightblue","Myocytes"
"Glg1",0.586062646169493,0.00469370014037738,0.00139713617435735,0.0157207909425073,"SmoothMuscleCells","midnightblue","Myocytes"
"Gnas",0.603725304081486,0.00547134487463309,0.00217478090861305,0.0137921754552552,"SmoothMuscleCells","midnightblue","Myocytes"
"Gpc3",0.621896803107841,0.00618291017323584,0.00288634620721581,0.0248342222233972,"SmoothMuscleCells","midnightblue","Myocytes"
"Gpc6",0.602981613222044,0.00627852363524342,0.00298195966922339,0.0240068281231349,"SmoothMuscleCells","midnightblue","Myocytes"
"Gpi1",0.60613740667169,0.00566647881200329,0.00236991484598326,0.0135535783122005,"SmoothMuscleCells","midnightblue","Myocytes"
"Grn",0.645846584404007,0.0056840080912859,0.00238744412526587,0.0144727942282641,"SmoothMuscleCells","midnightblue","Myocytes"
"Gstp1",0.617667061344717,0.00586599173071074,0.00256942776469071,0.0230771230380532,"SmoothMuscleCells","midnightblue","Myocytes"
"H2-D1",0.598152515338609,0.00599803134959787,0.00270146738357784,0.0234522853274318,"SmoothMuscleCells","midnightblue","Myocytes"
"H2-K1",0.59807912479327,0.00602516044736289,0.00272859648134286,0.0234300135461393,"SmoothMuscleCells","midnightblue","Myocytes"
"H2-Q4",0.598157408041632,0.00600064379745367,0.00270407983143364,0.0234535638088944,"SmoothMuscleCells","midnightblue","Myocytes"
"Hbegf",0.60749023905746,0.00501978323036434,0.00172321926434431,-0.000693538695738872,"SmoothMuscleCells","midnightblue","Myocytes"
"Hsp90b1",0.59973285841497,0.00594487337928728,0.00264830941326725,0.0220149510509744,"SmoothMuscleCells","midnightblue","Myocytes"
"Hspg2",0.60228195668976,0.00540716170623172,0.00211059774021169,0.0207951451800572,"SmoothMuscleCells","midnightblue","Myocytes"
"Icam1",0.627435342929545,0.00543563982579078,0.00213907585977075,0.0195462880196172,"SmoothMuscleCells","midnightblue","Myocytes"
"Igf2",0.608691397649536,0.00613893418108494,0.00284237021506491,0.00431455890322627,"SmoothMuscleCells","midnightblue","Myocytes"
"Igfbp4",0.587320070846323,0.00535747711333794,0.00206091314731791,0.0194547889264382,"SmoothMuscleCells","midnightblue","Myocytes"
"Inhba",0.631041265057305,0.00489778522933841,0.00160122126331837,0.00456971674992405,"SmoothMuscleCells","midnightblue","Myocytes"
"Jag1",0.653836368440091,0.012180642726184,0.00888407876016397,0.0353762767640552,"SmoothMuscleCells","midnightblue","Myocytes"
"Jam2",0.623438004560001,0.00781070131213834,0.0045141373461183,0.028962026291195,"SmoothMuscleCells","midnightblue","Myocytes"
"Jam3",0.618178348810562,0.00594523693459212,0.00264867296857209,0.0236462452239777,"SmoothMuscleCells","midnightblue","Myocytes"
"Lama2",0.589101014746583,0.00466978996524355,0.00137322599922351,0.0110409365645156,"SmoothMuscleCells","midnightblue","Myocytes"
"Lama4",0.570513635963334,0.00444448955164264,0.0011479255856226,0.0128354939223004,"SmoothMuscleCells","midnightblue","Myocytes"
"Lama5",0.616842640885361,0.00586537975310271,0.00256881578708268,0.0235679811640709,"SmoothMuscleCells","midnightblue","Myocytes"
"Lamb1",0.596978266613144,0.00519624022388354,0.00189967625786351,0.017836958590826,"SmoothMuscleCells","midnightblue","Myocytes"
"Lamb2",0.598578180501571,0.00568010376727039,0.00238353980125036,0.0208260512292605,"SmoothMuscleCells","midnightblue","Myocytes"
"Lamc1",0.601034317418969,0.00516336804629146,0.00186680408027143,0.0166021199902258,"SmoothMuscleCells","midnightblue","Myocytes"
"Lgals1",0.598808137543649,0.00516752944321723,0.0018709654771972,0.0104288582413211,"SmoothMuscleCells","midnightblue","Myocytes"
"Lgals3",0.615223156184857,0.005831065881679,0.00253450191565897,0.016289289082356,"SmoothMuscleCells","midnightblue","Myocytes"
"Lgals3bp",0.621764700126229,0.00549220854140456,0.00219564457538452,0.0205887197230032,"SmoothMuscleCells","midnightblue","Myocytes"
"Lin7c",0.584511659311293,0.00552055545323046,0.00222399148721043,0.0192022025143267,"SmoothMuscleCells","midnightblue","Myocytes"
"Lpl",0.596709167946925,0.00555478950913918,0.00225822554311915,0.0184974942469577,"SmoothMuscleCells","midnightblue","Myocytes"
"Lrig1",0.637162036538704,0.00514376227113285,0.00184719830511281,0.0205627705597361,"SmoothMuscleCells","midnightblue","Myocytes"
"Lrpap1",0.597932343702589,0.00525216781194067,0.00195560384592063,0.0192405813056393,"SmoothMuscleCells","midnightblue","Myocytes"
"Ltbp1",0.655901089115689,0.00789887757614651,0.00460231361012648,0.0309602757840971,"SmoothMuscleCells","midnightblue","Myocytes"
"Ltbp3",0.553770806219616,0.00458013604291471,0.00128357207689468,0.0125427910066975,"SmoothMuscleCells","midnightblue","Myocytes"
"Lum",0.598367794271602,0.00520255804423702,0.00190599407821699,0.0187157712229478,"SmoothMuscleCells","midnightblue","Myocytes"
"Mcam",0.605530711496836,0.00550688260502692,0.00221031863900689,0.0144694177292889,"SmoothMuscleCells","midnightblue","Myocytes"
"Mfap2",0.622689420997516,0.00565639636469864,0.00235983239867861,0.0187097406828869,"SmoothMuscleCells","midnightblue","Myocytes"
"Mfap5",0.610041783683789,0.00606349856668324,0.00276693460066321,0.0213394998059034,"SmoothMuscleCells","midnightblue","Myocytes"
"Mfge8",0.546211580049497,0.00517814518319911,0.00188158121717908,0.0130732906852051,"SmoothMuscleCells","midnightblue","Myocytes"
"Mfng",0.590632430792697,0.00622495947260253,0.00292839550658249,0.0245286098805095,"SmoothMuscleCells","midnightblue","Myocytes"
"Mif",0.575200845459071,0.00415079054344136,0.000854226577421327,0.00116543882109244,"SmoothMuscleCells","midnightblue","Myocytes"
"Mmp14",0.629025471411913,0.00608270872965437,0.00278614476363434,0.021799866619674,"SmoothMuscleCells","midnightblue","Myocytes"
"Mmp15",0.557993208928203,0.0153684026125252,0.0120718386465052,0.032341621178698,"SmoothMuscleCells","midnightblue","Myocytes"
"Mmp2",0.627993111074131,0.00595355759329684,0.00265699362727681,0.0247831287202664,"SmoothMuscleCells","midnightblue","Myocytes"
"Mmrn2",0.594426721986839,0.00456657968457134,0.00127001571855131,0.0174338801928545,"SmoothMuscleCells","midnightblue","Myocytes"
"Mpdz",0.588049083596728,0.00580915752629773,0.00251259356027769,0.0196062997637208,"SmoothMuscleCells","midnightblue","Myocytes"
"Msn",0.636636070963747,0.00607357695507471,0.00277701298905467,0.0256412341068023,"SmoothMuscleCells","midnightblue","Myocytes"
"Mxra8",0.618334915307321,0.00750300141230293,0.0042064374462829,0.0306782610042132,"SmoothMuscleCells","midnightblue","Myocytes"
"Nampt",0.627371737790244,0.00606390321655232,0.00276733925053229,0.0215421743664929,"SmoothMuscleCells","midnightblue","Myocytes"
"Ncam1",0.645709588719401,0.00578412354080887,0.00248755957478884,0.024909443528885,"SmoothMuscleCells","midnightblue","Myocytes"
"Neo1",0.611372598905978,0.0050253937149989,0.00172882974897887,0.0190364013971153,"SmoothMuscleCells","midnightblue","Myocytes"
"Ngf",0.621901695810826,0.00456583123825988,0.00126926727223985,0.000733086176230808,"SmoothMuscleCells","midnightblue","Myocytes"
"Nid1",0.613899680017223,0.00614618544639186,0.00284962148037183,0.0240664557516792,"SmoothMuscleCells","midnightblue","Myocytes"
"Nlgn2",0.647463622753033,0.00579709139211691,0.00250052742609688,0.0251991716887982,"SmoothMuscleCells","midnightblue","Myocytes"
"Nppa",0.609024101455078,0.00537564872232041,0.00207908475630038,0.0142920990543966,"SmoothMuscleCells","midnightblue","Myocytes"
"Nrp1",0.612488135195185,0.00559426576942409,0.00229770180340406,0.0201469680053758,"SmoothMuscleCells","midnightblue","Myocytes"
"Nrxn1",0.642800876772388,0.00618995393324489,0.00289338996722486,0.0273321495574195,"SmoothMuscleCells","midnightblue","Myocytes"
"Ntn1",0.611362813499941,0.00518658987515692,0.00189002590913689,0.0183364971130848,"SmoothMuscleCells","midnightblue","Myocytes"
"Nucb2",0.589066765825433,0.00537768093599704,0.00208111696997701,0.0189346021094167,"SmoothMuscleCells","midnightblue","Myocytes"
"Pam",0.58508655191647,0.00534124588422332,0.00204468191820328,0.018199304387982,"SmoothMuscleCells","midnightblue","Myocytes"
"Pdgfa",0.587031401368005,0.00418649840147025,0.000889934435450214,-0.0010599835729714,"SmoothMuscleCells","midnightblue","Myocytes"
"Pdgfb",0.616568649516107,0.00650744103620088,0.00321087707018085,0.0295654682411628,"SmoothMuscleCells","midnightblue","Myocytes"
"Pecam1",0.632041822825427,0.00536048459269285,0.00206392062667282,0.019930823352388,"SmoothMuscleCells","midnightblue","Myocytes"
"Pf4",0.648562034581627,0.00592594023187028,0.00262937626585024,0.0167773596308207,"SmoothMuscleCells","midnightblue","Myocytes"
"Pgf",0.594399812120182,0.0055851298047774,0.00228856583875736,0.0148263405736613,"SmoothMuscleCells","midnightblue","Myocytes"
"Pi16",0.637198731811358,0.00639603641497876,0.00309947244895873,0.0282998224793788,"SmoothMuscleCells","midnightblue","Myocytes"
"Plat",0.599030755531205,0.00542291104919516,0.00212634708317513,0.0146883339275797,"SmoothMuscleCells","midnightblue","Myocytes"
"Pltp",0.623384184826747,0.0057176702929373,0.00242110632691727,0.015951482107155,"SmoothMuscleCells","midnightblue","Myocytes"
"Plxna1",0.630605814488269,0.00591272260936635,0.00261615864334632,0.0231191504829889,"SmoothMuscleCells","midnightblue","Myocytes"
"Postn",0.595896979245141,0.00494639768241627,0.00164983371639624,0.000377630657072145,"SmoothMuscleCells","midnightblue","Myocytes"
"Prnp",0.614178564089538,0.00423072280667389,0.000934158840653854,-0.00240798334255912,"SmoothMuscleCells","midnightblue","Myocytes"
"Psap",0.637758946307476,0.00571804094859053,0.0024214769825705,0.0226000063557531,"SmoothMuscleCells","midnightblue","Myocytes"
"Psen1",0.623993326353075,0.00556870788257165,0.00227214391655161,0.0146003177717701,"SmoothMuscleCells","midnightblue","Myocytes"
"Ptdss1",0.581439041813067,0.00526820544518289,0.00197164147916286,0.0182193830265705,"SmoothMuscleCells","midnightblue","Myocytes"
"Ptprm",0.606641355083006,0.00508117390173639,0.00178460993571635,0.0194731167904681,"SmoothMuscleCells","midnightblue","Myocytes"
"Rarres2",0.598186764259803,0.00498769742756127,0.00169113346154124,0.0180119727185121,"SmoothMuscleCells","midnightblue","Myocytes"
"Rgma",0.644642979460415,0.00562378849038624,0.00232722452436621,0.0233753853959625,"SmoothMuscleCells","midnightblue","Myocytes"
"Rtn4",0.590815907156069,0.00536683208586572,0.00207026811984568,0.0164971350092772,"SmoothMuscleCells","midnightblue","Myocytes"
"S100a4",0.622880236415408,0.00531264484193611,0.00201608087591608,0.0194467746462715,"SmoothMuscleCells","midnightblue","Myocytes"
"S100a8",0.598739639701357,0.00540200579550348,0.00210544182948344,0.0202767541642607,"SmoothMuscleCells","midnightblue","Myocytes"
"S100a9",0.602321098313978,0.0055965659888541,0.00230000202283406,0.0192192262193862,"SmoothMuscleCells","midnightblue","Myocytes"
"Sdc2",0.615291654027187,0.00591966188728735,0.00262309792126732,0.0234323197795084,"SmoothMuscleCells","midnightblue","Myocytes"
"Sema3f",0.623264313602701,0.005836044881057,0.00253948091503697,0.0236201664500176,"SmoothMuscleCells","midnightblue","Myocytes"
"Sema4c",0.598203888720367,0.00574056867002531,0.00244400470400528,0.020882452107615,"SmoothMuscleCells","midnightblue","Myocytes"
"Sema5a",0.607333672560736,0.00547917843097833,0.0021826144649583,0.0193512033366635,"SmoothMuscleCells","midnightblue","Myocytes"
"Sema6a",0.618217490434745,0.00566860033632178,0.00237203637030175,0.0241167111950905,"SmoothMuscleCells","midnightblue","Myocytes"
"Sema6d",0.608505474934662,0.00510357494864356,0.00180701098262353,0.0198305633772937,"SmoothMuscleCells","midnightblue","Myocytes"
"Sema7a",0.607707964341983,0.00582746874503288,0.00253090477901285,0.021205604376974,"SmoothMuscleCells","midnightblue","Myocytes"
"Serpine1",0.602272171283754,0.00579458587554201,0.00249802190952198,0.0181767391605769,"SmoothMuscleCells","midnightblue","Myocytes"
"Serpine2",0.60341706379104,0.00592738732826295,0.00263082336224292,0.0187405618035472,"SmoothMuscleCells","midnightblue","Myocytes"
"Serping1",0.609498693648296,0.00602420801246101,0.00272764404644098,0.0242242829906467,"SmoothMuscleCells","midnightblue","Myocytes"
"Slc6a8",0.612676504261543,0.00539689575899846,0.00210033179297843,0.0192592586220088,"SmoothMuscleCells","midnightblue","Myocytes"
"Sparc",0.613576761617721,0.00458699571572447,0.00129043174970444,-0.00422988543333858,"SmoothMuscleCells","midnightblue","Myocytes"
"Spon1",0.592237237384177,0.00496037104818952,0.00166380708216949,0.0142507547940224,"SmoothMuscleCells","midnightblue","Myocytes"
"Tfpi",0.573488399401113,0.00584677456040262,0.00255021059438258,0.0135336637588603,"SmoothMuscleCells","midnightblue","Myocytes"
"Tgfb1",0.653107355689721,0.00582840087717601,0.00253183691115597,0.01992730910501,"SmoothMuscleCells","midnightblue","Myocytes"
"Tgfb2",0.655597741528292,0.00523594154954874,0.00193937758352871,0.000334372248920581,"SmoothMuscleCells","midnightblue","Myocytes"
"Tgfb3",0.640117229164412,0.00512472350635873,0.00182815954033869,0.0122491039677096,"SmoothMuscleCells","midnightblue","Myocytes"
"Tgm2",0.592051314669313,0.00440848561924458,0.00111192165322455,-0.000932696039042094,"SmoothMuscleCells","midnightblue","Myocytes"
"Thbs1",0.651884179934008,0.00637477788736862,0.00307821392134859,0.0236306660668075,"SmoothMuscleCells","midnightblue","Myocytes"
"Thbs2",0.640048731322067,0.00576518857577396,0.00246862460975393,0.0204149619033355,"SmoothMuscleCells","midnightblue","Myocytes"
"Thy1",0.628956973569601,0.00512867499948753,0.0018321110334675,0.0183373953875628,"SmoothMuscleCells","midnightblue","Myocytes"
"Timp2",0.648875167575077,0.00612954601346377,0.00283298204744374,0.0242478044517873,"SmoothMuscleCells","midnightblue","Myocytes"
"Timp3",0.582598612429424,0.00593847922983908,0.00264191526381905,0.02123890329175,"SmoothMuscleCells","midnightblue","Myocytes"
"Tnfsf12",0.602575518871175,0.0059631546936425,0.00266659072762247,0.0273895966771933,"SmoothMuscleCells","midnightblue","Myocytes"
"Tnxb",0.617967962580584,0.00518481869597214,0.00188825472995211,0.0177315005561009,"SmoothMuscleCells","midnightblue","Myocytes"
"Tslp",0.60341706379107,0.00628482040456618,0.00298825643854615,0.0239835911514704,"SmoothMuscleCells","midnightblue","Myocytes"
"Tspan3",0.612571311146523,0.00609175868226709,0.00279519471624705,0.0244903395362517,"SmoothMuscleCells","midnightblue","Myocytes"
"Vegfb",0.563443680095495,0.00486537283433419,0.00156880886831416,0.0142459543255787,"SmoothMuscleCells","midnightblue","Myocytes"
"Vegfc",0.539983169101592,0.00367205022558433,0.000375486259564301,-0.0121025802574518,"SmoothMuscleCells","midnightblue","Myocytes"
"Vsig10",0.6071306253853,0.00558281831528843,0.0022862543492684,0.0230546713022447,"SmoothMuscleCells","midnightblue","Myocytes"
"Vtn",0.607634573796645,0.00542800621493624,0.00213144224891621,0.0145524452437144,"SmoothMuscleCells","midnightblue","Myocytes"
"Vwf",0.620350708952659,0.00557209472124847,0.00227553075522843,0.0167348780879737,"SmoothMuscleCells","midnightblue","Myocytes"
"Wnt5b",0.610166547610897,0.00513578501305302,0.00183922104703299,0.0151610338117964,"SmoothMuscleCells","midnightblue","Myocytes"
"Zdhhc5",0.595275605961264,0.00523024985054966,0.00193368588452962,0.0182491366640909,"SmoothMuscleCells","midnightblue","Myocytes"
"A2m",0.647138258001999,0.0062089555394603,0.00291239157344027,0.0270879458815822,"EndocardialCells","midnightblue","Myocytes"
"Abca1",0.578552347029622,0.0051784516244239,0.00188188765840387,0.00812253712139723,"EndocardialCells","midnightblue","Myocytes"
"Adam10",0.621099292515117,0.00611897136437663,0.00282240739835659,0.0220161217306193,"EndocardialCells","midnightblue","Myocytes"
"Adam15",0.60675388725255,0.00554190545995123,0.00224534149393119,0.0205237203581514,"EndocardialCells","midnightblue","Myocytes"
"Adam17",0.622381180707082,0.00578499486513335,0.00248843089911332,0.00788230468218249,"EndocardialCells","midnightblue","Myocytes"
"Adam9",0.624555987200679,0.00541177315413692,0.00211520918811688,0.0185228776229347,"EndocardialCells","midnightblue","Myocytes"
"Adm",0.555206814556754,0.00410215066635924,0.000805586700339207,0.00171917044821624,"EndocardialCells","midnightblue","Myocytes"
"Agrn",0.593039640679874,0.00513326845567066,0.00183670448965063,0.0134474125985571,"EndocardialCells","midnightblue","Myocytes"
"Ahsg",0.646536455530244,0.0468282884987315,0.0435317245327115,0.0606809345317671,"EndocardialCells","midnightblue","Myocytes"
"Ang",0.566188486491263,0.00463547626511613,0.0013389122990961,0.0108019001967423,"EndocardialCells","midnightblue","Myocytes"
"Angpt2",0.586845478653124,0.00571798029357819,0.00242141632755816,0.0139826034322325,"EndocardialCells","midnightblue","Myocytes"
"Angptl1",0.608564187370933,0.00598405250575,0.00268748853972997,0.0229083573899698,"EndocardialCells","midnightblue","Myocytes"
"Angptl2",0.555578659986478,0.00404366054559642,0.00074709657957639,-0.0021561018898876,"EndocardialCells","midnightblue","Myocytes"
"Anxa1",0.600985390388756,0.00526882868146772,0.00197226471544769,0.0197873176532061,"EndocardialCells","midnightblue","Myocytes"
"Anxa2",0.591977924123937,0.0049371760004179,0.00164061203439787,0.0135966981263275,"EndocardialCells","midnightblue","Myocytes"
"Apoc1",0.615232941590928,0.00584144788323984,0.00254488391721981,0.0231330648431509,"EndocardialCells","midnightblue","Myocytes"
"Apoe",0.636183495934149,0.00585685070212054,0.00256028673610051,0.016491506480891,"EndocardialCells","midnightblue","Myocytes"
"App",0.596865734443647,0.00423612141286452,0.000939557446844488,-0.0068279967891225,"EndocardialCells","midnightblue","Myocytes"
"B2m",0.593614533285039,0.00592541252806421,0.00262884856204418,0.0178595525486897,"EndocardialCells","midnightblue","Myocytes"
"Bace1",0.583278698149572,0.0048390096624191,0.00154244569639907,0.0145512256189213,"EndocardialCells","midnightblue","Myocytes"
"Bace2",0.551397845253584,0.00415594082412566,0.000859376858105629,0.00863206793778154,"EndocardialCells","midnightblue","Myocytes"
"Bmp4",0.635982895110229,0.0047922474211116,0.00149568345509156,0.0015813456588639,"EndocardialCells","midnightblue","Myocytes"
"Bmp6",0.626608476118715,0.00492846502325064,0.0016319010572306,-0.00349938763017337,"EndocardialCells","midnightblue","Myocytes"
"C1qa",0.579508870470556,0.00540466024877471,0.00210809628275468,0.0123126062457891,"EndocardialCells","midnightblue","Myocytes"
"C1qb",0.613540066345028,0.00578008420589384,0.00248352023987381,0.0222937332233538,"EndocardialCells","midnightblue","Myocytes"
"C3",0.611108392942746,0.00536152666433319,0.00206496269831316,0.0176874359683393,"EndocardialCells","midnightblue","Myocytes"
"C4b",0.606484788586295,0.00565289043374028,0.00235632646772025,0.0204752966087353,"EndocardialCells","midnightblue","Myocytes"
"Calm1",0.601266720812574,0.00540538308762737,0.00210881912160733,0.0150591351280096,"EndocardialCells","midnightblue","Myocytes"
"Calm2",0.614792598318851,0.0054404529235416,0.00214388895752157,0.012603356636489,"EndocardialCells","midnightblue","Myocytes"
"Calm3",0.600231914123278,0.00515630813667506,0.00185974417065503,0.0154808764703503,"EndocardialCells","midnightblue","Myocytes"
"Calr",0.585634534655019,0.00429677583317614,0.00100021186715611,-0.00387684572833127,"EndocardialCells","midnightblue","Myocytes"
"Ccl19",0.614017104889752,0.00553803749195137,0.00224147352593134,0.0105150043647996,"EndocardialCells","midnightblue","Myocytes"
"Cd320",0.569126554656384,0.00482391497051736,0.00152735100449733,0.0121623016409978,"EndocardialCells","midnightblue","Myocytes"
"Cd38",0.616725216012832,0.0057759500029561,0.00247938603693607,0.0200101615555015,"EndocardialCells","midnightblue","Myocytes"
"Cd47",0.608133629504959,0.00568208494156058,0.00238552097554054,0.0187664696912421,"EndocardialCells","midnightblue","Myocytes"
"Cd55",0.594013288581377,0.00536820244771948,0.00207163848169944,0.0180424742302408,"EndocardialCells","midnightblue","Myocytes"
"Cd9",0.590483203350505,0.00519347648470553,0.0018969125186855,0.00734628312349348,"EndocardialCells","midnightblue","Myocytes"
"Cdh5",0.60134255770944,0.00493061140869041,0.00163404744267038,0.0152754295516787,"EndocardialCells","midnightblue","Myocytes"
"Cklf",0.564221619876118,0.00467105150640399,0.00137448754038395,0.0141582273573047,"EndocardialCells","midnightblue","Myocytes"
"Col18a1",0.634250878240162,0.00532901697469555,0.00203245300867552,0.0187159251128969,"EndocardialCells","midnightblue","Myocytes"
"Col1a2",0.660872075386759,0.00556983369550485,0.00227326972948482,0.0242184732816575,"EndocardialCells","midnightblue","Myocytes"
"Col3a1",0.627562553208138,0.00539666050489767,0.00210009653887763,0.021285653069374,"EndocardialCells","midnightblue","Myocytes"
"Col4a1",0.601200669321765,0.00515499545451836,0.00185843148849833,0.015289235342917,"EndocardialCells","midnightblue","Myocytes"
"Col4a2",0.614714315070491,0.00556896971398103,0.00227240574796099,0.0199051939740891,"EndocardialCells","midnightblue","Myocytes"
"Col4a4",0.596997837425253,0.00527595285735754,0.00197938889133751,0.0161084755863285,"EndocardialCells","midnightblue","Myocytes"
"Col4a5",0.601616549078692,0.00585099011920419,0.00255442615318416,0.0222031531255185,"EndocardialCells","midnightblue","Myocytes"
"Col5a2",0.612918693061164,0.00525977828763717,0.00196321432161713,0.0143594700056775,"EndocardialCells","midnightblue","Myocytes"
"Col6a1",0.614117405301731,0.00516867173412425,0.00187210776810422,0.0144606351365494,"EndocardialCells","midnightblue","Myocytes"
"Col6a3",0.610668049670698,0.00597220078165698,0.00267563681563695,0.0222200969465538,"EndocardialCells","midnightblue","Myocytes"
"Comp",0.60701809321578,0.00553835062650062,0.00224178666048059,0.0191792554413561,"EndocardialCells","midnightblue","Myocytes"
"Copa",0.594160069672102,0.00503582806135517,0.00173926409533514,0.011557582619576,"EndocardialCells","midnightblue","Myocytes"
"Cp",0.621975086356211,0.00520496458984805,0.00190840062382802,0.0169379093502893,"EndocardialCells","midnightblue","Myocytes"
"Csf1",0.597125047703853,0.00531468511660685,0.00201812115058682,0.00884210218205033,"EndocardialCells","midnightblue","Myocytes"
"Ctsd",0.593284275831005,0.00551362861152957,0.00221706464550954,0.0192161876218771,"EndocardialCells","midnightblue","Myocytes"
"Cx3cl1",0.591968138717894,0.00446974633539934,0.0011731823693793,-0.00317972319057773,"EndocardialCells","midnightblue","Myocytes"
"Cxcl12",0.605846290841849,0.00529948907292479,0.00200292510690476,0.0142652570474405,"EndocardialCells","midnightblue","Myocytes"
"Dcn",0.655891303709608,0.00611580840419762,0.00281924443817759,0.0215079672750169,"EndocardialCells","midnightblue","Myocytes"
"Dll1",0.620360494358702,0.00673241403297711,0.00343585006695707,0.0204348968818178,"EndocardialCells","midnightblue","Myocytes"
"Dll4",0.613153542806256,0.00603449104696727,0.00273792708094724,0.0212560730920006,"EndocardialCells","midnightblue","Myocytes"
"Edn1",0.662097697493967,0.00731596918207297,0.00401940521605293,0.0397247019750132,"EndocardialCells","midnightblue","Myocytes"
"Efemp2",0.591610971397255,0.00488264872045666,0.00158608475443663,0.0156360903428448,"EndocardialCells","midnightblue","Myocytes"
"Efna1",0.598169639799207,0.00513561606837328,0.00183905210235325,0.0184434596738146,"EndocardialCells","midnightblue","Myocytes"
"Efna5",0.633764054289429,0.00548840987962038,0.00219184591360035,0.0193478291650896,"EndocardialCells","midnightblue","Myocytes"
"Efnb1",0.581881831436569,0.00549006821074643,0.0021935042447264,0.0194577401268639,"EndocardialCells","midnightblue","Myocytes"
"Efnb2",0.587789770336509,0.00522706801330941,0.00193050404728937,0.0188330330796359,"EndocardialCells","midnightblue","Myocytes"
"Eng",0.651845038309827,0.00550161780038043,0.0022050538343604,0.0228194489426667,"EndocardialCells","midnightblue","Myocytes"
"Epha4",0.565033808577886,0.00434997132888473,0.0010534073628647,0.00299189596833703,"EndocardialCells","midnightblue","Myocytes"
"Esam",0.594453631853427,0.00587945804720061,0.00258289408118058,0.0218466875907368,"EndocardialCells","midnightblue","Myocytes"
"Ezr",0.607482900002935,0.00529280560430507,0.00199624163828504,0.0162076239455837,"EndocardialCells","midnightblue","Myocytes"
"F11r",0.586221659017756,0.00565105062072289,0.00235448665470285,0.0168703503285607,"EndocardialCells","midnightblue","Myocytes"
"Fam3c",0.624122982983146,0.0060335636244183,0.00273699965839826,0.0211542394496999,"EndocardialCells","midnightblue","Myocytes"
"Fbln1",0.668142632078507,0.00543098463028617,0.00213442066426613,0.0225149606539522,"EndocardialCells","midnightblue","Myocytes"
"Fbn1",0.607018093215787,0.00515611142717896,0.00185954746115893,0.0149976092546933,"EndocardialCells","midnightblue","Myocytes"
"Fgf14",0.613009208067072,0.00576524041758792,0.00246867645156789,0.0227330119560995,"EndocardialCells","midnightblue","Myocytes"
"Fgfrl1",0.604371140880469,0.00517683691696647,0.00188027295094644,0.0176426524282523,"EndocardialCells","midnightblue","Myocytes"
"Flrt2",0.593502001115523,0.00488474504973374,0.00158818108371371,0.0168092798071527,"EndocardialCells","midnightblue","Myocytes"
"Fn1",0.612033113814035,0.00529642387549112,0.00199985990947108,0.0155702097652653,"EndocardialCells","midnightblue","Myocytes"
"Furin",0.626950965330314,0.00894574206662632,0.00564917810060629,0.0387009909246851,"EndocardialCells","midnightblue","Myocytes"
"Glg1",0.586062646169493,0.00469370014037738,0.00139713617435735,0.0157207909425073,"EndocardialCells","midnightblue","Myocytes"
"Gnas",0.603725304081486,0.00547134487463309,0.00217478090861305,0.0137921754552552,"EndocardialCells","midnightblue","Myocytes"
"Gpc6",0.602981613222044,0.00627852363524342,0.00298195966922339,0.0240068281231349,"EndocardialCells","midnightblue","Myocytes"
"Gpi1",0.60613740667169,0.00566647881200329,0.00236991484598326,0.0135535783122005,"EndocardialCells","midnightblue","Myocytes"
"Grn",0.645846584404007,0.0056840080912859,0.00238744412526587,0.0144727942282641,"EndocardialCells","midnightblue","Myocytes"
"Gstp1",0.617667061344717,0.00586599173071074,0.00256942776469071,0.0230771230380532,"EndocardialCells","midnightblue","Myocytes"
"H2-D1",0.598152515338609,0.00599803134959787,0.00270146738357784,0.0234522853274318,"EndocardialCells","midnightblue","Myocytes"
"H2-DMb1",0.644601391484696,0.00544179404077746,0.00214523007475743,0.0197701497502328,"EndocardialCells","midnightblue","Myocytes"
"H2-K1",0.59807912479327,0.00602516044736289,0.00272859648134286,0.0234300135461393,"EndocardialCells","midnightblue","Myocytes"
"H2-Q4",0.598157408041632,0.00600064379745367,0.00270407983143364,0.0234535638088944,"EndocardialCells","midnightblue","Myocytes"
"H2-Q6",0.598157408041632,0.00600064379745367,0.00270407983143364,0.0234535638088944,"EndocardialCells","midnightblue","Myocytes"
"Hbegf",0.60749023905746,0.00501978323036434,0.00172321926434431,-0.000693538695738872,"EndocardialCells","midnightblue","Myocytes"
"Hsp90b1",0.59973285841497,0.00594487337928728,0.00264830941326725,0.0220149510509744,"EndocardialCells","midnightblue","Myocytes"
"Hspg2",0.60228195668976,0.00540716170623172,0.00211059774021169,0.0207951451800572,"EndocardialCells","midnightblue","Myocytes"
"Icam1",0.627435342929545,0.00543563982579078,0.00213907585977075,0.0195462880196172,"EndocardialCells","midnightblue","Myocytes"
"Igf2",0.608691397649536,0.00613893418108494,0.00284237021506491,0.00431455890322627,"EndocardialCells","midnightblue","Myocytes"
"Igfbp4",0.587320070846323,0.00535747711333794,0.00206091314731791,0.0194547889264382,"EndocardialCells","midnightblue","Myocytes"
"Igsf3",0.644178172673256,0.0068815331005119,0.00358496913449187,0.0305388432915039,"EndocardialCells","midnightblue","Myocytes"
"Il15",0.569288013856149,0.00424257079955353,0.000946006833533501,0.00956061213716773,"EndocardialCells","midnightblue","Myocytes"
"Il33",0.607407063106071,0.00508557404942478,0.00178901008340475,0.0129292025968158,"EndocardialCells","midnightblue","Myocytes"
"Inhbb",0.638287358233937,0.00559398877802358,0.00229742481200355,0.0245329498702315,"EndocardialCells","midnightblue","Myocytes"
"Jag1",0.653836368440091,0.012180642726184,0.00888407876016397,0.0353762767640552,"EndocardialCells","midnightblue","Myocytes"
"Jam2",0.623438004560001,0.00781070131213834,0.0045141373461183,0.028962026291195,"EndocardialCells","midnightblue","Myocytes"
"Jam3",0.618178348810562,0.00594523693459212,0.00264867296857209,0.0236462452239777,"EndocardialCells","midnightblue","Myocytes"
"Lama4",0.570513635963334,0.00444448955164264,0.0011479255856226,0.0128354939223004,"EndocardialCells","midnightblue","Myocytes"
"Lama5",0.616842640885361,0.00586537975310271,0.00256881578708268,0.0235679811640709,"EndocardialCells","midnightblue","Myocytes"
"Lamb1",0.596978266613144,0.00519624022388354,0.00189967625786351,0.017836958590826,"EndocardialCells","midnightblue","Myocytes"
"Lamb2",0.598578180501571,0.00568010376727039,0.00238353980125036,0.0208260512292605,"EndocardialCells","midnightblue","Myocytes"
"Lamc1",0.601034317418969,0.00516336804629146,0.00186680408027143,0.0166021199902258,"EndocardialCells","midnightblue","Myocytes"
"Lgals1",0.598808137543649,0.00516752944321723,0.0018709654771972,0.0104288582413211,"EndocardialCells","midnightblue","Myocytes"
"Lgals3bp",0.621764700126229,0.00549220854140456,0.00219564457538452,0.0205887197230032,"EndocardialCells","midnightblue","Myocytes"
"Lin7c",0.584511659311293,0.00552055545323046,0.00222399148721043,0.0192022025143267,"EndocardialCells","midnightblue","Myocytes"
"Lpl",0.596709167946925,0.00555478950913918,0.00225822554311915,0.0184974942469577,"EndocardialCells","midnightblue","Myocytes"
"Lrig1",0.637162036538704,0.00514376227113285,0.00184719830511281,0.0205627705597361,"EndocardialCells","midnightblue","Myocytes"
"Lrpap1",0.597932343702589,0.00525216781194067,0.00195560384592063,0.0192405813056393,"EndocardialCells","midnightblue","Myocytes"
"Ltbp1",0.655901089115689,0.00789887757614651,0.00460231361012648,0.0309602757840971,"EndocardialCells","midnightblue","Myocytes"
"Ltbp3",0.553770806219616,0.00458013604291471,0.00128357207689468,0.0125427910066975,"EndocardialCells","midnightblue","Myocytes"
"Lum",0.598367794271602,0.00520255804423702,0.00190599407821699,0.0187157712229478,"EndocardialCells","midnightblue","Myocytes"
"Mcam",0.605530711496836,0.00550688260502692,0.00221031863900689,0.0144694177292889,"EndocardialCells","midnightblue","Myocytes"
"Mdk",0.625326587926737,0.00668469211632281,0.00338812815030278,0.0214549156530282,"EndocardialCells","midnightblue","Myocytes"
"Mfap2",0.622689420997516,0.00565639636469864,0.00235983239867861,0.0187097406828869,"EndocardialCells","midnightblue","Myocytes"
"Mfap5",0.610041783683789,0.00606349856668324,0.00276693460066321,0.0213394998059034,"EndocardialCells","midnightblue","Myocytes"
"Mfge8",0.546211580049497,0.00517814518319911,0.00188158121717908,0.0130732906852051,"EndocardialCells","midnightblue","Myocytes"
"Mfng",0.590632430792697,0.00622495947260253,0.00292839550658249,0.0245286098805095,"EndocardialCells","midnightblue","Myocytes"
"Mif",0.575200845459071,0.00415079054344136,0.000854226577421327,0.00116543882109244,"EndocardialCells","midnightblue","Myocytes"
"Mmp14",0.629025471411913,0.00608270872965437,0.00278614476363434,0.021799866619674,"EndocardialCells","midnightblue","Myocytes"
"Mmp2",0.627993111074131,0.00595355759329684,0.00265699362727681,0.0247831287202664,"EndocardialCells","midnightblue","Myocytes"
"Mmrn2",0.594426721986839,0.00456657968457134,0.00127001571855131,0.0174338801928545,"EndocardialCells","midnightblue","Myocytes"
"Mpdz",0.588049083596728,0.00580915752629773,0.00251259356027769,0.0196062997637208,"EndocardialCells","midnightblue","Myocytes"
"Msn",0.636636070963747,0.00607357695507471,0.00277701298905467,0.0256412341068023,"EndocardialCells","midnightblue","Myocytes"
"Mxra8",0.618334915307321,0.00750300141230293,0.0042064374462829,0.0306782610042132,"EndocardialCells","midnightblue","Myocytes"
"Nampt",0.627371737790244,0.00606390321655232,0.00276733925053229,0.0215421743664929,"EndocardialCells","midnightblue","Myocytes"
"Ncam1",0.645709588719401,0.00578412354080887,0.00248755957478884,0.024909443528885,"EndocardialCells","midnightblue","Myocytes"
"Neo1",0.611372598905978,0.0050253937149989,0.00172882974897887,0.0190364013971153,"EndocardialCells","midnightblue","Myocytes"
"Nid1",0.613899680017223,0.00614618544639186,0.00284962148037183,0.0240664557516792,"EndocardialCells","midnightblue","Myocytes"
"Nlgn2",0.647463622753033,0.00579709139211691,0.00250052742609688,0.0251991716887982,"EndocardialCells","midnightblue","Myocytes"
"Nppa",0.609024101455078,0.00537564872232041,0.00207908475630038,0.0142920990543966,"EndocardialCells","midnightblue","Myocytes"
"Nrg1",0.592956464728488,0.00496922375489202,0.00167265978887199,0.0176982784525053,"EndocardialCells","midnightblue","Myocytes"
"Nrp1",0.612488135195185,0.00559426576942409,0.00229770180340406,0.0201469680053758,"EndocardialCells","midnightblue","Myocytes"
"Nrxn2",0.663837053418523,0.00572505479497002,0.00242849082894999,0.0190750982387752,"EndocardialCells","midnightblue","Myocytes"
"Ntn1",0.611362813499941,0.00518658987515692,0.00189002590913689,0.0183364971130848,"EndocardialCells","midnightblue","Myocytes"
"Nts",0.582564363508239,0.00562559237769201,0.00232902841167198,0.0162859528907471,"EndocardialCells","midnightblue","Myocytes"
"Nucb2",0.589066765825433,0.00537768093599704,0.00208111696997701,0.0189346021094167,"EndocardialCells","midnightblue","Myocytes"
"Ocln",0.672365034787109,0.00543522082374741,0.00213865685772738,0.0260943831730554,"EndocardialCells","midnightblue","Myocytes"
"Pam",0.58508655191647,0.00534124588422332,0.00204468191820328,0.018199304387982,"EndocardialCells","midnightblue","Myocytes"
"Pdgfb",0.616568649516107,0.00650744103620088,0.00321087707018085,0.0295654682411628,"EndocardialCells","midnightblue","Myocytes"
"Pecam1",0.632041822825427,0.00536048459269285,0.00206392062667282,0.019930823352388,"EndocardialCells","midnightblue","Myocytes"
"Pf4",0.648562034581627,0.00592594023187028,0.00262937626585024,0.0167773596308207,"EndocardialCells","midnightblue","Myocytes"
"Pi16",0.637198731811358,0.00639603641497876,0.00309947244895873,0.0282998224793788,"EndocardialCells","midnightblue","Myocytes"
"Plat",0.599030755531205,0.00542291104919516,0.00212634708317513,0.0146883339275797,"EndocardialCells","midnightblue","Myocytes"
"Pltp",0.623384184826747,0.0057176702929373,0.00242110632691727,0.015951482107155,"EndocardialCells","midnightblue","Myocytes"
"Postn",0.595896979245141,0.00494639768241627,0.00164983371639624,0.000377630657072145,"EndocardialCells","midnightblue","Myocytes"
"Prnp",0.614178564089538,0.00423072280667389,0.000934158840653854,-0.00240798334255912,"EndocardialCells","midnightblue","Myocytes"
"Psap",0.637758946307476,0.00571804094859053,0.0024214769825705,0.0226000063557531,"EndocardialCells","midnightblue","Myocytes"
"Psen1",0.623993326353075,0.00556870788257165,0.00227214391655161,0.0146003177717701,"EndocardialCells","midnightblue","Myocytes"
"Ptdss1",0.581439041813067,0.00526820544518289,0.00197164147916286,0.0182193830265705,"EndocardialCells","midnightblue","Myocytes"
"Ptgfrn",0.604111827620288,0.00513115230741515,0.00183458834139512,0.017967315596483,"EndocardialCells","midnightblue","Myocytes"
"Ptprm",0.606641355083006,0.00508117390173639,0.00178460993571635,0.0194731167904681,"EndocardialCells","midnightblue","Myocytes"
"Rarres2",0.598186764259803,0.00498769742756127,0.00169113346154124,0.0180119727185121,"EndocardialCells","midnightblue","Myocytes"
"Rtn4",0.590815907156069,0.00536683208586572,0.00207026811984568,0.0164971350092772,"EndocardialCells","midnightblue","Myocytes"
"Sdc2",0.615291654027187,0.00591966188728735,0.00262309792126732,0.0234323197795084,"EndocardialCells","midnightblue","Myocytes"
"Sema3a",0.620304228273955,0.0054433685489374,0.00214680458291737,0.0195136353079594,"EndocardialCells","midnightblue","Myocytes"
"Sema3f",0.623264313602701,0.005836044881057,0.00253948091503697,0.0236201664500176,"EndocardialCells","midnightblue","Myocytes"
"Sema4c",0.598203888720367,0.00574056867002531,0.00244400470400528,0.020882452107615,"EndocardialCells","midnightblue","Myocytes"
"Sema4d",0.56267797207246,0.0049150815716064,0.00161851760558637,0.0157196683228651,"EndocardialCells","midnightblue","Myocytes"
"Sema6a",0.618217490434745,0.00566860033632178,0.00237203637030175,0.0241167111950905,"EndocardialCells","midnightblue","Myocytes"
"Sema6b",0.62094761872144,0.00568120517453402,0.00238464120851399,0.0237831997004986,"EndocardialCells","midnightblue","Myocytes"
"Sema6d",0.608505474934662,0.00510357494864356,0.00180701098262353,0.0198305633772937,"EndocardialCells","midnightblue","Myocytes"
"Serpine2",0.60341706379104,0.00592738732826295,0.00263082336224292,0.0187405618035472,"EndocardialCells","midnightblue","Myocytes"
"Serping1",0.609498693648296,0.00602420801246101,0.00272764404644098,0.0242242829906467,"EndocardialCells","midnightblue","Myocytes"
"Sirpa",0.622571996124976,0.00596186436828963,0.0026653004022696,0.0254142113988628,"EndocardialCells","midnightblue","Myocytes"
"Slc6a8",0.612676504261543,0.00539689575899846,0.00210033179297843,0.0192592586220088,"EndocardialCells","midnightblue","Myocytes"
"Sost",0.624470364897785,0.00596538203687539,0.00266881807085536,0.0233083211454735,"EndocardialCells","midnightblue","Myocytes"
"Sparc",0.613576761617721,0.00458699571572447,0.00129043174970444,-0.00422988543333858,"EndocardialCells","midnightblue","Myocytes"
"Spon1",0.592237237384177,0.00496037104818952,0.00166380708216949,0.0142507547940224,"EndocardialCells","midnightblue","Myocytes"
"Tfpi",0.573488399401113,0.00584677456040262,0.00255021059438258,0.0135336637588603,"EndocardialCells","midnightblue","Myocytes"
"Tgfb1",0.653107355689721,0.00582840087717601,0.00253183691115597,0.01992730910501,"EndocardialCells","midnightblue","Myocytes"
"Tgfb2",0.655597741528292,0.00523594154954874,0.00193937758352871,0.000334372248920581,"EndocardialCells","midnightblue","Myocytes"
"Tgfbi",0.621720665799033,0.00551127838624646,0.00221471442022643,0.0216671002954303,"EndocardialCells","midnightblue","Myocytes"
"Tgm2",0.592051314669313,0.00440848561924458,0.00111192165322455,-0.000932696039042094,"EndocardialCells","midnightblue","Myocytes"
"Timp1",0.57961895628857,0.00593116149742778,0.00263459753140775,0.013577528445134,"EndocardialCells","midnightblue","Myocytes"
"Timp2",0.648875167575077,0.00612954601346377,0.00283298204744374,0.0242478044517873,"EndocardialCells","midnightblue","Myocytes"
"Timp3",0.582598612429424,0.00593847922983908,0.00264191526381905,0.02123890329175,"EndocardialCells","midnightblue","Myocytes"
"Tnfsf12",0.602575518871175,0.0059631546936425,0.00266659072762247,0.0273895966771933,"EndocardialCells","midnightblue","Myocytes"
"Tnxb",0.617967962580584,0.00518481869597214,0.00188825472995211,0.0177315005561009,"EndocardialCells","midnightblue","Myocytes"
"Trf",0.606665818598128,0.00538764916264204,0.00209108519662201,0.0162133703534765,"EndocardialCells","midnightblue","Myocytes"
"Tspan3",0.612571311146523,0.00609175868226709,0.00279519471624705,0.0244903395362517,"EndocardialCells","midnightblue","Myocytes"
"Tspan5",0.554920591429937,0.0045757584585462,0.00127919449252616,0.0126305070898603,"EndocardialCells","midnightblue","Myocytes"
"Vcam1",0.6032091239126,0.00536069442812702,0.00206413046210699,0.016366180227978,"EndocardialCells","midnightblue","Myocytes"
"Vegfb",0.563443680095495,0.00486537283433419,0.00156880886831416,0.0142459543255787,"EndocardialCells","midnightblue","Myocytes"
"Vegfc",0.539983169101592,0.00367205022558433,0.000375486259564301,-0.0121025802574518,"EndocardialCells","midnightblue","Myocytes"
"Vsig10",0.6071306253853,0.00558281831528843,0.0022862543492684,0.0230546713022447,"EndocardialCells","midnightblue","Myocytes"
"Vwf",0.620350708952659,0.00557209472124847,0.00227553075522843,0.0167348780879737,"EndocardialCells","midnightblue","Myocytes"
"Wnt2",0.619342812129997,0.00579060286659573,0.00249403890057569,0.0193642062449999,"EndocardialCells","midnightblue","Myocytes"
"Zdhhc5",0.595275605961264,0.00523024985054966,0.00193368588452962,0.0182491366640909,"EndocardialCells","midnightblue","Myocytes"
